snapshot,system_emissions_t,system_generation_mwh,system_gCO2_per_kWh
2023-01-01 00:00:00,964.1649953811431,28531.941537681734,33.792477602962414
2023-01-01 01:00:00,955.498000745856,29314.34332060648,32.594896985947145
2023-01-01 02:00:00,895.1620150358381,29638.845307604206,30.20232420478855
2023-01-01 03:00:00,732.8661561321749,28884.74562978772,25.372082743093237
2023-01-01 04:00:00,726.8886448983642,28428.418160917794,25.569085159217916
2023-01-01 05:00:00,807.6373882722489,28445.819605696604,28.392129299396604
2023-01-01 06:00:00,786.7850746064303,28109.131818167607,27.990372655263304
2023-01-01 07:00:00,837.5534110558658,28020.584211467707,29.89064770152396
2023-01-01 08:00:00,695.5691999995742,27485.433782030155,25.306829992777264
2023-01-01 09:00:00,791.6086990696979,27573.55199143636,28.70898531010989
2023-01-01 10:00:00,1451.4585900422417,29809.790549900557,48.690667168980944
2023-01-01 11:00:00,1495.4062360236583,30836.322032982836,48.49496105353151
2023-01-01 12:00:00,1510.0319480712603,31396.14333793145,48.09609676634727
2023-01-01 13:00:00,1570.7433449410287,31007.905018878733,50.656222791726925
2023-01-01 14:00:00,1697.2408543246372,31034.26121120853,54.68926238565174
2023-01-01 15:00:00,2064.875956100477,31856.128338916078,64.81879825860645
2023-01-01 16:00:00,3321.108390800154,33607.252974260075,98.82117986090098
2023-01-01 17:00:00,3378.1166554410156,34459.71788565331,98.03088541381922
2023-01-01 18:00:00,3972.5968760857077,33222.095922974775,119.57694918755725
2023-01-01 19:00:00,4163.51887656409,31595.057123968163,131.7775391330318
2023-01-01 20:00:00,4213.845730916397,30070.059118022193,140.13426825592336
2023-01-01 21:00:00,3852.2352483381505,28111.701623147797,137.03315793470628
2023-01-01 22:00:00,3116.0566585097263,26100.564321912665,119.38656268415042
2023-01-01 23:00:00,2380.657213589827,24410.9979010151,97.52396125890577
2023-01-02 00:00:00,2266.9677306103454,24040.674144192613,94.29717806636323
2023-01-02 01:00:00,1903.1752129687554,23991.785136639097,79.32611942503262
2023-01-02 02:00:00,1924.1265425541576,23839.740166881824,80.71088565080734
2023-01-02 03:00:00,1902.9586671905097,25487.324942391973,74.66294212875202
2023-01-02 04:00:00,1878.521854757718,25618.60219520987,73.32647739496737
2023-01-02 05:00:00,1572.0370840013338,23737.13502866416,66.22690910689074
2023-01-02 06:00:00,1923.435732147233,23704.930666671076,81.1407449021383
2023-01-02 07:00:00,2133.968983880667,25421.98393511873,83.9418744550749
2023-01-02 08:00:00,2734.094583260057,27139.009765445437,100.74408045429956
2023-01-02 09:00:00,4659.7617655553995,30081.387770114216,154.90514603800497
2023-01-02 10:00:00,5100.773185862135,32203.37999404032,158.3924788890515
2023-01-02 11:00:00,5577.49664042688,33057.34712683619,168.72184628206384
2023-01-02 12:00:00,5409.921334018714,33472.655217254985,161.62211509381328
2023-01-02 13:00:00,5203.509580624955,32968.033731266405,157.83499929175397
2023-01-02 14:00:00,4931.776883918091,32892.53760433752,149.9360415192697
2023-01-02 15:00:00,6028.796760333635,33643.04169377871,179.19892069237258
2023-01-02 16:00:00,7474.465406609421,37043.54613956004,201.77510485766342
2023-01-02 17:00:00,8924.472202903295,39389.051039272505,226.5724095258154
2023-01-02 18:00:00,8615.231682256632,38396.55721379705,224.37510827561687
2023-01-02 19:00:00,7828.257652588382,36399.5639632685,215.06459968828275
2023-01-02 20:00:00,6744.311323491268,34192.072484525015,197.2478072671282
2023-01-02 21:00:00,5613.660447256782,31739.51704695545,176.86659941775207
2023-01-02 22:00:00,3059.240059853842,28895.543009088473,105.87238519420188
2023-01-02 23:00:00,2338.500347091911,26061.77851681806,89.72911597659542
2023-01-03 00:00:00,2333.0797196914646,25716.6928906855,90.72238524637429
2023-01-03 01:00:00,2267.4311275338105,25850.277295667707,87.7139963180903
2023-01-03 02:00:00,2079.556477938248,25649.579058927076,81.07565715447791
2023-01-03 03:00:00,1743.7471046219787,25014.160964586732,69.71039752605141
2023-01-03 04:00:00,1369.2926408059236,24956.94027454627,54.8662065839246
2023-01-03 05:00:00,1560.0145379476198,27746.944611307896,56.22293048121258
2023-01-03 06:00:00,1828.2692976840121,30361.013556014856,60.21766349502557
2023-01-03 07:00:00,1843.6108128310132,33898.28428697345,54.3865523465293
2023-01-03 08:00:00,1593.3337919201776,36041.646460400705,44.20812999402756
2023-01-03 09:00:00,2139.5141824571638,37978.2206523801,56.33529285219633
2023-01-03 10:00:00,2346.8446104777668,39119.717269298955,59.99134897428218
2023-01-03 11:00:00,3552.792030029328,39953.71266689843,88.92270061732735
2023-01-03 12:00:00,3820.450018479191,40793.43615970643,93.65354768159557
2023-01-03 13:00:00,3657.911338882805,40630.78237214258,90.0280803204704
2023-01-03 14:00:00,3340.8507627803324,39509.88305611107,84.55734374196273
2023-01-03 15:00:00,3410.522463084078,39499.775168278604,86.34283229599224
2023-01-03 16:00:00,3856.9853308232955,41055.03272088973,93.94671189388126
2023-01-03 17:00:00,4018.7777332132923,41735.00290827817,96.29273878440691
2023-01-03 18:00:00,4090.72688569102,40227.99955613572,101.68854854397271
2023-01-03 19:00:00,2590.562562186031,38145.90658653475,67.91194112294298
2023-01-03 20:00:00,1837.5184646061855,35778.088388955446,51.358765863338306
2023-01-03 21:00:00,1294.0111472270617,33162.06839003593,39.02082137964192
2023-01-03 22:00:00,1034.7551257809723,30922.817305157674,33.46251137370926
2023-01-03 23:00:00,859.7492967255749,30088.282788316083,28.57422282202937
2023-01-04 00:00:00,992.9949228363629,30746.905664860882,32.29576769968133
2023-01-04 01:00:00,981.0868887575012,30528.329239138828,32.136933569875794
2023-01-04 02:00:00,1004.0290171460302,30860.59664240695,32.53433589700428
2023-01-04 03:00:00,1045.395693489223,31148.22014353739,33.56197203794712
2023-01-04 04:00:00,956.9106287443472,30989.146218991496,30.878896178104796
2023-01-04 05:00:00,962.0200054027331,31025.330723034363,31.00756649431922
2023-01-04 06:00:00,1010.3119543438161,31563.562529964514,32.008806147426725
2023-01-04 07:00:00,1203.2175757556965,33359.21703500341,36.068519668587406
2023-01-04 08:00:00,1753.7522854563529,36102.12115122358,48.57754141675729
2023-01-04 09:00:00,2186.1919283527245,37768.91813158978,57.88336114727633
2023-01-04 10:00:00,2098.1619426942325,37522.98039405542,55.91671878566005
2023-01-04 11:00:00,1965.3314689987371,37963.58757292255,51.76885522801606
2023-01-04 12:00:00,2012.5291347319494,38282.50989896744,52.570459461599505
2023-01-04 13:00:00,1785.989402523673,37665.388149160855,47.41725733585631
2023-01-04 14:00:00,1809.3610078038137,37354.76642617193,48.437219153272984
2023-01-04 15:00:00,2229.551269972988,37843.84439632655,58.91450262356029
2023-01-04 16:00:00,2503.3878628501984,39970.04234516223,62.63160397059714
2023-01-04 17:00:00,2571.962723856524,41010.0100061395,62.715486376898774
2023-01-04 18:00:00,2982.7703369139867,39943.42839800537,74.67487034895922
2023-01-04 19:00:00,2776.9205048350527,38091.38706606547,72.9015328325739
2023-01-04 20:00:00,2055.524186122849,35745.707584276985,57.504084407241855
2023-01-04 21:00:00,1687.554958993084,33955.15816656896,49.699516954528306
2023-01-04 22:00:00,1541.3058594620607,32410.40760264548,47.55589248856755
2023-01-04 23:00:00,1365.1711840926419,30058.71859862921,45.416812417110116
2023-01-05 00:00:00,1271.8087392528857,29641.400603476795,42.906499468979504
2023-01-05 01:00:00,1410.920572566498,29871.210319811664,47.23345848596984
2023-01-05 02:00:00,1418.8533715640544,29662.71851162613,47.83288392828672
2023-01-05 03:00:00,1330.302323448841,28585.01960699346,46.53844362322481
2023-01-05 04:00:00,1161.5651460236184,27620.566597957713,42.05435619519497
2023-01-05 05:00:00,1476.5983056997852,27121.801836971394,54.44322300470994
2023-01-05 06:00:00,1886.82387776219,28304.61101334693,66.66136047135448
2023-01-05 07:00:00,3627.1193094901037,32885.067796564625,110.29684755185497
2023-01-05 08:00:00,5041.011100763095,35427.60435345041,142.29048767933793
2023-01-05 09:00:00,6623.772522165408,37126.661386353735,178.41013101706042
2023-01-05 10:00:00,6508.1145248383855,37834.290980223144,172.0162941137268
2023-01-05 11:00:00,6274.16982894155,38493.763854410725,162.99185116507223
2023-01-05 12:00:00,5319.910954097047,38539.61388663409,138.0374741102957
2023-01-05 13:00:00,4730.712475648302,39082.83323012593,121.04323265903255
2023-01-05 14:00:00,4450.897003621766,38480.13546216396,115.66739436242791
2023-01-05 15:00:00,4437.304508100562,38633.788212675325,114.85553742940307
2023-01-05 16:00:00,4951.626025471044,41550.14828066541,119.17228290073736
2023-01-05 17:00:00,4788.751931809788,42472.22473634395,112.75020231544406
2023-01-05 18:00:00,4173.287211180838,41374.84559401497,100.86532411820095
2023-01-05 19:00:00,2387.4696145740877,37637.90321931934,63.43258817214375
2023-01-05 20:00:00,1981.044239144091,35120.31880419054,56.407353537682404
2023-01-05 21:00:00,1173.829731333887,32173.391724088986,36.484488219344705
2023-01-05 22:00:00,900.6303774257397,30417.15360046917,29.609291824460783
2023-01-05 23:00:00,1045.8713934136063,30477.761890732196,34.315885699324895
2023-01-06 00:00:00,1103.1526122662156,30814.46869587066,35.7998258270812
2023-01-06 01:00:00,889.0884838457717,30317.41687207439,29.325997250930637
2023-01-06 02:00:00,946.2684806213013,30312.698090712678,31.21690051441586
2023-01-06 03:00:00,835.3987367933524,29854.231310255906,27.982590746068404
2023-01-06 04:00:00,835.4909328982458,29908.376790402523,27.935014285574717
2023-01-06 05:00:00,941.5359683380293,29993.43029064379,31.391406691875915
2023-01-06 06:00:00,1637.237961094917,31524.602939661247,51.9352444891574
2023-01-06 07:00:00,2053.6835474489103,33370.3810156214,61.542106651030934
2023-01-06 08:00:00,1991.6201866405167,36227.231705116836,54.97577631246979
2023-01-06 09:00:00,1962.0922959007091,38104.7254168616,51.49209906214073
2023-01-06 10:00:00,2250.394702142735,38950.66342654371,57.77551661954898
2023-01-06 11:00:00,3185.084971722491,38873.63796320521,81.93431689458154
2023-01-06 12:00:00,2900.741398417211,38947.9510667066,74.47738119648652
2023-01-06 13:00:00,2102.4846731077896,37825.793019672594,55.58336006370892
2023-01-06 14:00:00,2466.7640241390814,36630.947856277395,67.34098265263304
2023-01-06 15:00:00,3436.3977689286435,37050.00002865348,92.75027709233537
2023-01-06 16:00:00,3939.9327947439765,39210.50002850266,100.48157488121763
2023-01-06 17:00:00,4520.735029390983,40127.0000753475,112.66067787031879
2023-01-06 18:00:00,4434.360587435261,39142.99997397022,113.28617097269179
2023-01-06 19:00:00,3035.179519404481,36957.0000044174,82.12732416163898
2023-01-06 20:00:00,1909.0629314050307,34460.390612448704,55.39876064885311
2023-01-06 21:00:00,1353.375593410867,32438.10315578723,41.72178585508362
2023-01-06 22:00:00,871.6657400111742,30131.638428700582,28.928587540095627
2023-01-06 23:00:00,810.1611983230366,29903.487186021637,27.092532495733334
2023-01-07 00:00:00,809.6033239304915,30457.942464057407,26.58102479791215
2023-01-07 01:00:00,817.0616903724268,30951.172499722943,26.398408343972775
2023-01-07 02:00:00,802.8941079880212,30550.752046826405,26.280665914783114
2023-01-07 03:00:00,792.1883093259534,30311.891173814256,26.13457223052802
2023-01-07 04:00:00,788.7956743319043,30027.165205737845,26.26940202071338
2023-01-07 05:00:00,771.217246960174,29215.996526753715,26.39708853517811
2023-01-07 06:00:00,795.6418315130944,28718.192466267894,27.705150052450115
2023-01-07 07:00:00,1000.396636945736,29182.266619956314,34.280977895720206
2023-01-07 08:00:00,1261.1820340478514,30208.62244465776,41.74907466761646
2023-01-07 09:00:00,1676.1806122831736,31795.645302053403,52.71730126436288
2023-01-07 10:00:00,1695.9179911554063,32607.93702064075,52.00936171098141
2023-01-07 11:00:00,1787.5306165304362,33881.805043721586,52.75783312677055
2023-01-07 12:00:00,1865.615294131785,34584.508676533565,53.94366916068553
2023-01-07 13:00:00,1872.090271168352,35641.892919751685,52.52499566685177
2023-01-07 14:00:00,1799.3712851616822,36236.135323480084,49.65682099094425
2023-01-07 15:00:00,1826.5341879541288,36087.102245915456,50.61459840990326
2023-01-07 16:00:00,1732.9794049565164,35888.748818999215,48.28754030118461
2023-01-07 17:00:00,2111.7268575601297,38003.04413740426,55.567307974722894
2023-01-07 18:00:00,2037.2210909480207,37307.96492078812,54.6055271380636
2023-01-07 19:00:00,1653.4700576851578,35251.64404848337,46.90476436818256
2023-01-07 20:00:00,1309.68919438963,32372.455237032078,40.45690031231944
2023-01-07 21:00:00,899.5241000388991,31769.55608415251,28.314027985037075
2023-01-07 22:00:00,1194.0324187980934,32110.09927248508,37.18557232307443
2023-01-07 23:00:00,1264.7538271733445,31609.1715701248,40.01224215470165
2023-01-08 00:00:00,1135.0304503880561,31254.2778689503,36.31600304915882
2023-01-08 01:00:00,1031.2117596789046,30899.3165808513,33.373286978067334
2023-01-08 02:00:00,1119.3666701652712,30978.205842271236,36.13400581895037
2023-01-08 03:00:00,940.7879359621992,30221.148586932268,31.13011847501386
2023-01-08 04:00:00,870.0103745744452,29652.357836405787,29.34034383958118
2023-01-08 05:00:00,861.244539447433,29347.369501424433,29.34656679896407
2023-01-08 06:00:00,1358.3819469110936,30919.74979233878,43.93250126647759
2023-01-08 07:00:00,983.9032228411332,29825.571626314246,32.988578900297206
2023-01-08 08:00:00,999.9181106940748,29839.91091899769,33.50942009875348
2023-01-08 09:00:00,1183.1135102667245,31271.117308260247,37.83406581235924
2023-01-08 10:00:00,1518.7168475461992,33961.497742846885,44.718782989071144
2023-01-08 11:00:00,1597.7759522743581,35146.05832221614,45.461028307245186
2023-01-08 12:00:00,1906.9478077669746,36503.07755788827,52.24074065379415
2023-01-08 13:00:00,2005.9898610143314,36768.286630978015,54.557610506774196
2023-01-08 14:00:00,2146.41301440557,36493.741988277856,58.815920140363204
2023-01-08 15:00:00,2267.1420158596075,36864.360762200566,61.4995613374166
2023-01-08 16:00:00,2605.986005453767,39240.2352628985,66.41106986220639
2023-01-08 17:00:00,2606.4069656073075,40427.6440213362,64.47090916877924
2023-01-08 18:00:00,3149.3813980386326,39109.626761430336,80.52701237089106
2023-01-08 19:00:00,2972.935343522689,36991.45348347332,80.36816787561236
2023-01-08 20:00:00,2464.6915717530833,34865.616772215886,70.69117944637007
2023-01-08 21:00:00,1738.7640109457332,32211.983694364542,53.97879334112317
2023-01-08 22:00:00,1633.167707170459,31513.19600961745,51.82488334956682
2023-01-08 23:00:00,1287.5708889393536,29511.39951548204,43.62961127153181
2023-01-09 00:00:00,1383.5740088812786,29365.60882750517,47.11545457846459
2023-01-09 01:00:00,1564.1710105803782,29870.081359409833,52.36581018175314
2023-01-09 02:00:00,1424.275989711024,28179.62118252315,50.542765656280444
2023-01-09 03:00:00,1129.5762539506065,27185.035686172545,41.55139860732854
2023-01-09 04:00:00,931.7825125590879,26907.51954562389,34.629075005563955
2023-01-09 05:00:00,873.0761466071604,27164.82251813968,32.139954016785936
2023-01-09 06:00:00,1498.1154861635137,29596.943785905416,50.61723592139748
2023-01-09 07:00:00,2108.457300375487,35135.999971118545,60.00846146711689
2023-01-09 08:00:00,2539.261007156251,37931.99997300392,66.94244988303898
2023-01-09 09:00:00,3394.274760487588,39921.49993456728,85.0237282179007
2023-01-09 10:00:00,3164.7133510918434,40740.499971609446,77.67978677967172
2023-01-09 11:00:00,4000.9672690933016,41455.49993993989,96.51233913207761
2023-01-09 12:00:00,2929.6011903174076,40626.99999213765,72.1097100668117
2023-01-09 13:00:00,2347.6074249667054,39982.35033395299,58.71609361026278
2023-01-09 14:00:00,2010.6229359055865,39274.322686281725,51.194337632915676
2023-01-09 15:00:00,2546.8969693411004,39645.811753059184,64.24126173036612
2023-01-09 16:00:00,3802.54589430943,41925.49999907539,90.69768743111685
2023-01-09 17:00:00,4789.772005950057,43696.4999963956,109.61454593262967
2023-01-09 18:00:00,4591.733648971685,43087.499982853886,106.56765072930448
2023-01-09 19:00:00,3871.424795620394,40969.30424133874,94.49574180744958
2023-01-09 20:00:00,2976.5257962876276,38118.00639348113,78.08713198591276
2023-01-09 21:00:00,2309.0873654508828,36300.0469379799,63.61113993588086
2023-01-09 22:00:00,1139.6833601996266,31684.544017650976,35.96969423213812
2023-01-09 23:00:00,1066.9620359623163,30421.932998513425,35.07213154451605
2023-01-10 00:00:00,1261.2502236047776,29518.255977467936,42.72780290839415
2023-01-10 01:00:00,1230.5986051337857,28732.4912160931,42.82951296769303
2023-01-10 02:00:00,1475.211990990873,27894.854513914306,52.88473507739639
2023-01-10 03:00:00,1442.6252062182145,26810.28662119582,53.80864541290268
2023-01-10 04:00:00,1189.7361239260508,26915.87764699997,44.20201858283667
2023-01-10 05:00:00,1686.7923481855003,28117.78212666165,59.9902346702538
2023-01-10 06:00:00,2434.29629487318,30961.003276717493,78.62459343182066
2023-01-10 07:00:00,3073.7375056671817,36196.0040355676,84.91924972289227
2023-01-10 08:00:00,3109.5191983415257,38711.506687810535,80.32545008951175
2023-01-10 09:00:00,3536.8358583412364,40837.002084213076,86.60860684747766
2023-01-10 10:00:00,3964.999437686129,41632.00400056273,95.2392163882511
2023-01-10 11:00:00,3648.234551373607,41996.60561404098,86.86974811492553
2023-01-10 12:00:00,3277.008510078132,42126.31658507955,77.79005561665447
2023-01-10 13:00:00,3466.2795235684366,41539.88887476978,83.4446027050824
2023-01-10 14:00:00,2984.057741284138,41149.16355766226,72.51806557629251
2023-01-10 15:00:00,3011.7904400789835,40713.04677832024,73.97605137434142
2023-01-10 16:00:00,3098.4711089582797,42682.0891225706,72.59417644858873
2023-01-10 17:00:00,3438.942615906126,43798.599042249116,78.51718299457121
2023-01-10 18:00:00,3089.665800578305,42762.91272834064,72.25106063766007
2023-01-10 19:00:00,2742.479991522118,40847.14448631312,67.14006636231466
2023-01-10 20:00:00,2709.2891158189514,39149.72913014027,69.20326592331762
2023-01-10 21:00:00,1916.332634432721,34995.55166767237,54.759320631112104
2023-01-10 22:00:00,1515.4084021237861,32957.18834361734,45.981119090739064
2023-01-10 23:00:00,1379.9471990055747,32570.84561267197,42.367558257949995
2023-01-11 00:00:00,1379.9717928150437,32296.094089590806,42.72875193473676
2023-01-11 01:00:00,1107.732795107147,30867.54917970095,35.88664550782062
2023-01-11 02:00:00,1098.5129033362748,30866.164185719503,35.58955031556889
2023-01-11 03:00:00,1001.1522081846942,30542.21991914401,32.77928751855942
2023-01-11 04:00:00,1434.7923751119095,31722.736337613962,45.22914920837588
2023-01-11 05:00:00,1497.2402253160742,31737.344239826736,47.175977107662625
2023-01-11 06:00:00,1427.1179033620513,31595.666779329258,45.16815275111429
2023-01-11 07:00:00,1920.3712924961783,35429.75895644599,54.20221161698847
2023-01-11 08:00:00,2371.3292456508607,38299.064124202414,61.916114659113596
2023-01-11 09:00:00,2737.8880105132284,40264.051690522094,67.99832345629812
2023-01-11 10:00:00,2601.507948192059,41042.988159029206,63.38495477259111
2023-01-11 11:00:00,2547.7150129212055,41517.327905212594,61.36510082580084
2023-01-11 12:00:00,2490.398599070685,40985.33070880599,60.76316955362777
2023-01-11 13:00:00,2611.1734170051404,41312.288983388724,63.20573081910489
2023-01-11 14:00:00,3035.6731895329885,41240.34737940247,73.60930211390892
2023-01-11 15:00:00,3171.8921922005698,40855.923097384955,77.63604275052083
2023-01-11 16:00:00,3586.5094628580455,42527.91339504878,84.33306919016621
2023-01-11 17:00:00,3904.1539723802143,43406.29853272817,89.94441139542221
2023-01-11 18:00:00,3977.813114803094,42496.53667300618,93.60323043288848
2023-01-11 19:00:00,3398.14842498439,40653.73029317526,83.58761669540701
2023-01-11 20:00:00,2569.374282080782,38675.63374988435,66.43392836680964
2023-01-11 21:00:00,1695.2130397201386,35460.66556406917,47.80544901666561
2023-01-11 22:00:00,1321.6764803863132,32617.094211139665,40.52097565254366
2023-01-11 23:00:00,1112.961978836886,31281.60958047417,35.57879513756196
2023-01-12 00:00:00,1063.3582583227555,30713.40608427058,34.621958092343874
2023-01-12 01:00:00,1321.3960686550138,31127.649408957608,42.4508786800572
2023-01-12 02:00:00,1046.5117027350605,30717.81863379525,34.06855529720802
2023-01-12 03:00:00,1338.5006515491064,30043.963934617455,44.55139989057337
2023-01-12 04:00:00,1103.4094827276779,28845.95184300865,38.25179660331124
2023-01-12 05:00:00,1278.373997405432,29198.978580002648,43.78146289955996
2023-01-12 06:00:00,1813.9213233124863,32199.670973248616,56.333535979901356
2023-01-12 07:00:00,2093.855432589884,34824.51039046258,60.12591158103776
2023-01-12 08:00:00,2478.489493665402,37178.688463670354,66.66425299233701
2023-01-12 09:00:00,2809.3543925568706,38554.03651902751,72.86797041784132
2023-01-12 10:00:00,3419.6406209075626,39215.500009980235,87.20125001688805
2023-01-12 11:00:00,3096.5181088758914,39608.666835878226,78.17779178750371
2023-01-12 12:00:00,2693.214562348643,40271.596081631025,66.87628066415505
2023-01-12 13:00:00,2681.8873269820483,40896.166784528665,65.57796336053254
2023-01-12 14:00:00,2515.617014626277,40159.83100287759,62.64012949770692
2023-01-12 15:00:00,2546.458967714283,40479.03169881783,62.908099844410344
2023-01-12 16:00:00,2665.185226750166,41629.168873361115,64.02206190706926
2023-01-12 17:00:00,2985.123011159424,42690.18112398968,69.92528334535312
2023-01-12 18:00:00,2849.360699500606,42116.337325782646,67.65452269649985
2023-01-12 19:00:00,2623.9536357178263,40304.71528893897,65.10289470864794
2023-01-12 20:00:00,2518.9072424643227,38209.85686274074,65.92296986384589
2023-01-12 21:00:00,2226.7270020699634,34898.31976018092,63.806137870587825
2023-01-12 22:00:00,1828.2689929966318,32042.868209653152,57.0569707129355
2023-01-12 23:00:00,1236.98366011931,30902.348318758442,40.028791577901934
2023-01-13 00:00:00,1505.3917404170966,30321.22269462159,49.64812123767438
2023-01-13 01:00:00,1730.2983591936893,30920.659885135196,55.95929600537126
2023-01-13 02:00:00,1378.2484992681086,32272.41242226933,42.70670817025934
2023-01-13 03:00:00,1379.8376274138134,32833.049415116046,42.025874903308505
2023-01-13 04:00:00,1379.7441576185333,32367.174639648892,42.6278837426973
2023-01-13 05:00:00,1474.0763814361287,32549.377848241922,45.287390386042276
2023-01-13 06:00:00,1389.098620420355,33682.50739228245,41.240950510074974
2023-01-13 07:00:00,1713.0462186065533,35501.43941912284,48.25286654951296
2023-01-13 08:00:00,2432.447009341294,37708.48878962279,64.5066160808516
2023-01-13 09:00:00,2596.7414177700502,39278.170603332816,66.11156726198732
2023-01-13 10:00:00,2570.4082596304165,40013.14547394698,64.23909515696633
2023-01-13 11:00:00,2347.0580122514125,40055.54153767083,58.595088773025
2023-01-13 12:00:00,2186.0869575539878,39833.632639763724,54.880431752833346
2023-01-13 13:00:00,2134.2976765926282,39684.90285404122,53.7810986823491
2023-01-13 14:00:00,2136.27614750549,38931.163995007104,54.873164023029624
2023-01-13 15:00:00,2271.9085862643683,38312.42872030986,59.299518776266034
2023-01-13 16:00:00,3194.365053377424,39634.0883106593,80.59640550677994
2023-01-13 17:00:00,3692.999184169194,40934.708994344066,90.21681782761554
2023-01-13 18:00:00,3848.2666245503024,40144.31827422677,95.86080396888805
2023-01-13 19:00:00,3554.2624675971115,38387.000016752696,92.59026404892217
2023-01-13 20:00:00,3062.5894865218625,35831.50058255434,85.47198517309592
2023-01-13 21:00:00,2521.2977579233534,33278.500049999966,75.76356368631933
2023-01-13 22:00:00,1689.566553285523,30490.99519672188,55.41198450181023
2023-01-13 23:00:00,1643.4653052054546,30902.0507724053,53.18304980176348
2023-01-14 00:00:00,1452.169565097066,31201.367954572594,46.541855703613436
2023-01-14 01:00:00,1243.3234712643837,30905.748281178436,40.22952170427034
2023-01-14 02:00:00,1193.409613764706,30497.60398078378,39.131258131512915
2023-01-14 03:00:00,1200.887806578702,30292.485043070665,39.643093158955026
2023-01-14 04:00:00,858.1326774859808,29233.391302977845,29.354537371056487
2023-01-14 05:00:00,940.1580955101474,29122.074903316938,32.28334858115022
2023-01-14 06:00:00,909.6365297179473,29295.070965470968,31.05083892065333
2023-01-14 07:00:00,1197.832929623296,30710.89872759658,39.00351273494098
2023-01-14 08:00:00,1608.942549859457,32838.74159717654,48.99525595700029
2023-01-14 09:00:00,1692.3575502639274,33757.36240108626,50.13299114297715
2023-01-14 10:00:00,1957.153688182037,35073.97066297289,55.8007448597252
2023-01-14 11:00:00,1978.1428248898142,36114.89972640018,54.77359316724841
2023-01-14 12:00:00,1978.2219943863422,36640.17504519377,53.99051701980974
2023-01-14 13:00:00,1841.9144497620302,36772.8468966075,50.0889815504591
2023-01-14 14:00:00,1448.4199896504358,36303.57447204335,39.8974484114735
2023-01-14 15:00:00,1236.2806197069128,35489.00224925051,34.835598110764636
2023-01-14 16:00:00,2049.9807011436865,37485.21609348977,54.687711977728625
2023-01-14 17:00:00,2575.6669024339576,39244.75894040002,65.6308503855395
2023-01-14 18:00:00,2569.4752393276863,38942.94249743252,65.9805108331783
2023-01-14 19:00:00,2196.663043217749,37048.40203257847,59.291708216891934
2023-01-14 20:00:00,1596.9942670725204,34557.00026295174,46.21333608011816
2023-01-14 21:00:00,1414.9005811804689,33720.05749528393,41.960206662706796
2023-01-14 22:00:00,1135.316107356883,31789.595365031953,35.71344945792272
2023-01-14 23:00:00,898.430633490554,30851.064041832276,29.121544471605045
2023-01-15 00:00:00,1013.4850954391269,31118.563759031054,32.56850487339728
2023-01-15 01:00:00,1098.4107496079564,31190.512230637392,35.2161818147066
2023-01-15 02:00:00,1157.143219494538,31080.86244997475,37.23008720742491
2023-01-15 03:00:00,947.935818566443,31067.445912730465,30.512190195139556
2023-01-15 04:00:00,850.2533199596169,30041.249702916633,28.30286117814426
2023-01-15 05:00:00,847.5097289790956,30017.236091172326,28.23410278031351
2023-01-15 06:00:00,923.4977283854803,30165.76144619622,30.614103013200406
2023-01-15 07:00:00,889.7494586024173,30705.053647668043,28.97729698869916
2023-01-15 08:00:00,996.8091823911099,31718.785372871578,31.426461343745533
2023-01-15 09:00:00,1192.9331493875534,33676.505189298965,35.42330603136989
2023-01-15 10:00:00,2094.4445144059655,35580.15805366981,58.865520249984954
2023-01-15 11:00:00,2496.6738918132783,37012.21281732629,67.45540733096958
2023-01-15 12:00:00,2686.006676832954,37416.83070025889,71.78605527416754
2023-01-15 13:00:00,2780.477928940118,37181.98876494478,74.780236918407
2023-01-15 14:00:00,3017.735108136998,36409.29618184708,82.88364304173444
2023-01-15 15:00:00,3629.843732630765,36417.49851173251,99.673065997692
2023-01-15 16:00:00,5708.228509115021,38882.60268551289,146.80674941654115
2023-01-15 17:00:00,7867.699158023832,40696.57380893702,193.32583610014058
2023-01-15 18:00:00,8635.375839758839,39581.06164181553,218.16938408332055
2023-01-15 19:00:00,8132.74288692712,37277.55371302099,218.16729041654807
2023-01-15 20:00:00,7529.126114138185,35109.549117612056,214.4466762850377
2023-01-15 21:00:00,6509.268286791904,32336.04597619277,201.30068752327713
2023-01-15 22:00:00,5410.61034693573,29410.54371201579,183.96838902115246
2023-01-15 23:00:00,4648.638675286169,26736.042137362743,173.871609395388
2023-01-16 00:00:00,4513.724980493972,26151.040480806118,172.6021182142591
2023-01-16 01:00:00,4239.914542174824,26070.03902106886,162.6355272712971
2023-01-16 02:00:00,3963.467885571201,26337.03821652592,150.49026595117328
2023-01-16 03:00:00,3663.886965009733,26551.037865035083,137.99411471725125
2023-01-16 04:00:00,3754.286667277497,26678.538038591487,140.72310341169307
2023-01-16 05:00:00,3694.069774374999,27466.909988910993,134.4916401541483
2023-01-16 06:00:00,5012.205194689415,31374.38367561331,159.7546981802643
2023-01-16 07:00:00,7072.017672711677,37065.53787258125,190.79765406407634
2023-01-16 08:00:00,8387.657890438208,40435.53795400725,207.43282555010427
2023-01-16 09:00:00,8661.353967994373,42046.5389987668,205.99445695752522
2023-01-16 10:00:00,8192.372235731253,43312.53993884871,189.14550491145852
2023-01-16 11:00:00,8012.908675728643,43458.04071354308,184.38264919825374
2023-01-16 12:00:00,8201.694105184122,43914.54162576549,186.7648801865675
2023-01-16 13:00:00,7367.193849176733,43441.04283968224,169.59063060168984
2023-01-16 14:00:00,6572.182226123443,42688.026819085935,153.95844492828613
2023-01-16 15:00:00,6712.618343726667,42474.06403959884,158.04040643411122
2023-01-16 16:00:00,7809.362194898155,43991.047667869316,177.5216233506993
2023-01-16 17:00:00,9208.853826967343,46092.16870244764,199.7921574577228
2023-01-16 18:00:00,9225.109208127824,45488.18023765715,202.80233590199472
2023-01-16 19:00:00,8476.56285637715,43736.311574340325,193.8106472917636
2023-01-16 20:00:00,8014.945368734786,41187.087988270614,194.59849579599575
2023-01-16 21:00:00,7251.007650199152,37691.350491085796,192.37855783156547
2023-01-16 22:00:00,7116.427429430196,33838.76573182668,210.30398938980562
2023-01-16 23:00:00,5898.924283763375,31461.161599896634,187.49861682738236
2023-01-17 00:00:00,5586.26002867859,30914.66450804795,180.69935797699927
2023-01-17 01:00:00,5776.530925953054,30827.17437339835,187.38437898926566
2023-01-17 02:00:00,5576.845884229891,30439.187350530476,183.21270604265
2023-01-17 03:00:00,5269.3724710331135,29631.686500804997,177.82897611615732
2023-01-17 04:00:00,5616.604536254339,29235.12367419514,192.1183778405537
2023-01-17 05:00:00,6247.620035764448,29656.731751153373,210.66448212121261
2023-01-17 06:00:00,8504.737953576994,34824.36995172886,244.21799921622917
2023-01-17 07:00:00,9631.505494691164,39199.26469643297,245.70627967844524
2023-01-17 08:00:00,10197.059489166173,41884.180669038724,243.4584925927406
2023-01-17 09:00:00,10971.605935509706,44471.18163767691,246.71271442480253
2023-01-17 10:00:00,11092.991007972876,45216.328419904006,245.33152946336517
2023-01-17 11:00:00,10882.525379265495,45981.88722798673,236.6698288242915
2023-01-17 12:00:00,10506.737291022573,46225.056296749346,227.2952838298962
2023-01-17 13:00:00,9254.322350477634,44590.94453613099,207.5381548147982
2023-01-17 14:00:00,8968.01506440719,43596.0818563821,205.70690489916922
2023-01-17 15:00:00,9286.664297381767,43431.85672790269,213.82148950163514
2023-01-17 16:00:00,9897.85014379559,45253.79660804964,218.71866861298844
2023-01-17 17:00:00,10419.760779416167,46449.62918215655,224.32387433178647
2023-01-17 18:00:00,10362.20844674911,45806.54578631439,226.21676157570093
2023-01-17 19:00:00,8823.117487006375,44816.056573600865,196.874025998166
2023-01-17 20:00:00,7560.426912002932,42017.49141796503,179.93522832661043
2023-01-17 21:00:00,5888.5142586037955,38469.56325746662,153.06943359854452
2023-01-17 22:00:00,3996.8759474594526,34637.32678439641,115.39215980316311
2023-01-17 23:00:00,3230.7359665177014,31597.932460944994,102.2451696961783
2023-01-18 00:00:00,2939.9267394434996,31340.009426578275,93.80746187492397
2023-01-18 01:00:00,2937.3115377108147,31249.20135556592,93.99637143646996
2023-01-18 02:00:00,2518.657457648679,30695.035150095217,82.0542294652126
2023-01-18 03:00:00,2459.666206690857,30323.16349253129,81.11509233845877
2023-01-18 04:00:00,2495.0960824327785,31236.948047587073,79.87643602799137
2023-01-18 05:00:00,3003.913661720017,32731.89781516445,91.77328117920268
2023-01-18 06:00:00,5480.67228261051,38447.46292899757,142.5496473650779
2023-01-18 07:00:00,7822.333418774275,44662.49703019372,175.1432172161366
2023-01-18 08:00:00,8162.425072520107,46744.57911814133,174.6175754816522
2023-01-18 09:00:00,9162.121207382834,48177.37630021761,190.17476481676835
2023-01-18 10:00:00,9244.629388681224,48813.750713772075,189.3857622801558
2023-01-18 11:00:00,8800.288837298911,49007.23245224755,179.57122646894777
2023-01-18 12:00:00,8735.274113884912,48478.78921966598,180.187547059062
2023-01-18 13:00:00,8250.283312626156,47313.83107941693,174.37360544272858
2023-01-18 14:00:00,7978.1467222424235,46503.09230965245,171.56163872109713
2023-01-18 15:00:00,8072.760212561313,45359.74540415815,177.971903074687
2023-01-18 16:00:00,8821.36662696581,46306.95241751169,190.49767187075506
2023-01-18 17:00:00,9743.27124227395,47289.154415064266,206.03606393034102
2023-01-18 18:00:00,9473.520735576132,46458.38657623188,203.9141139787835
2023-01-18 19:00:00,8477.381410682876,44597.250773593165,190.08753372982548
2023-01-18 20:00:00,7232.392611803704,41783.73646856271,173.09109292428212
2023-01-18 21:00:00,6636.681518039863,39501.22828571337,168.012029145944
2023-01-18 22:00:00,5480.545259458377,35564.25739290392,154.10262047400155
2023-01-18 23:00:00,4354.915855276071,32249.257284534222,135.03926049684742
2023-01-19 00:00:00,4766.571386999763,32290.28936900892,147.6162487281563
2023-01-19 01:00:00,5230.942775085002,31742.318646342308,164.7939721532525
2023-01-19 02:00:00,5073.863487320538,31057.37102945928,163.37066915637374
2023-01-19 03:00:00,5211.337199957405,30750.46164962068,169.47183620645544
2023-01-19 04:00:00,5704.093090291608,31495.13630534075,181.1102842988599
2023-01-19 05:00:00,6441.038031042527,32693.621464614156,197.0120697094987
2023-01-19 06:00:00,8504.262591861538,37524.41971806385,226.6327542373074
2023-01-19 07:00:00,10622.741785041386,42379.056647096986,250.66017569716377
2023-01-19 08:00:00,11352.796609651148,44041.963493946845,257.77226329183725
2023-01-19 09:00:00,11984.411548619893,46177.88411338797,259.52708268730214
2023-01-19 10:00:00,11783.164114139832,47180.80450964657,249.7448747770007
2023-01-19 11:00:00,10781.676522991687,46314.71437541728,232.7916012953831
2023-01-19 12:00:00,10648.106366525415,47023.602108801955,226.44174178507444
2023-01-19 13:00:00,10558.976018962328,47442.89580129766,222.56179435559494
2023-01-19 14:00:00,10012.274906988954,45934.0431318339,217.97068632197318
2023-01-19 15:00:00,9729.10266706672,44995.16365820331,216.2255201686094
2023-01-19 16:00:00,10207.554573532907,46063.232288061794,221.5987473414539
2023-01-19 17:00:00,11401.077207247381,47914.319906794975,237.94717799240922
2023-01-19 18:00:00,10657.052940513733,48117.59258918384,221.47934605750183
2023-01-19 19:00:00,9659.611754869957,46207.035993699734,209.05066830486663
2023-01-19 20:00:00,8883.895278231017,43845.218061996435,202.61947986367252
2023-01-19 21:00:00,7472.76033076532,40306.41521699443,185.39878306058273
2023-01-19 22:00:00,6254.97646748098,37741.35448268583,165.73269701675665
2023-01-19 23:00:00,4829.058339410797,35054.309148051594,137.7593356358931
2023-01-20 00:00:00,4405.286591921844,34705.31838253494,126.93404922453483
2023-01-20 01:00:00,4082.113560673814,33785.71071919479,120.82366994146521
2023-01-20 02:00:00,3612.2093034247278,32295.796722174677,111.84766037818605
2023-01-20 03:00:00,3567.9014835762873,31781.37607376037,112.26390812328768
2023-01-20 04:00:00,3854.7823326720563,32167.394073719293,119.83508281205181
2023-01-20 05:00:00,4176.538843934029,32741.579372900313,127.5607018331829
2023-01-20 06:00:00,6291.803095008511,36699.99201950987,171.43881371047064
2023-01-20 07:00:00,8410.095041603467,40760.32336133525,206.33042989009212
2023-01-20 08:00:00,9061.020634837381,42099.35176224951,215.22945735621514
2023-01-20 09:00:00,9675.675675760845,44215.33486713478,218.83076776045786
2023-01-20 10:00:00,9603.930114809862,45023.83814523043,213.3076723452829
2023-01-20 11:00:00,9291.416908210133,44952.35430020186,206.69477834597882
2023-01-20 12:00:00,9174.77254503197,44786.880834587384,204.8540191695289
2023-01-20 13:00:00,8948.666396643343,43588.92025026955,205.2968127052426
2023-01-20 14:00:00,8759.883947255023,41748.98418585116,209.8226847450763
2023-01-20 15:00:00,8649.333864626044,40433.59420862348,213.91454393093147
2023-01-20 16:00:00,9555.08928425206,41613.33740643532,229.61602889304447
2023-01-20 17:00:00,10722.867436932276,44058.44864147912,243.37823431297946
2023-01-20 18:00:00,10479.862414264402,43214.910901117226,242.50570452971752
2023-01-20 19:00:00,10044.327679213638,42338.95421994854,237.2360835138702
2023-01-20 20:00:00,9304.9209364987,39199.07687336117,237.37602205683876
2023-01-20 21:00:00,8379.650700087504,36614.61147367082,228.86083896078546
2023-01-20 22:00:00,7688.144118457563,33598.30489418004,228.82535719203258
2023-01-20 23:00:00,6346.499137114311,30833.560375154062,205.83088880739095
2023-01-21 00:00:00,5958.136709851299,29722.10469556171,200.4614670084587
2023-01-21 01:00:00,6109.451629824817,30190.07784979385,202.36620985945999
2023-01-21 02:00:00,5902.7999909401115,29673.190969359468,198.92703811448325
2023-01-21 03:00:00,5783.29257284229,29276.604165267396,197.53973309866856
2023-01-21 04:00:00,5601.3907684835285,28615.667068082097,195.74559471763345
2023-01-21 05:00:00,5639.521735955769,28493.690570909253,197.9217722576612
2023-01-21 06:00:00,5923.214903911793,29707.599781162262,199.38382594166134
2023-01-21 07:00:00,7124.004476662637,32023.79744598977,222.45970324655394
2023-01-21 08:00:00,7913.17510769893,35230.2950199598,224.61279711724538
2023-01-21 09:00:00,8612.191238667974,39212.78479507189,219.6271262976028
2023-01-21 10:00:00,8694.9975713857,40592.41020217166,214.20254496049918
2023-01-21 11:00:00,8462.218759590281,40495.51836792331,208.96679683678883
2023-01-21 12:00:00,8163.080722147798,40490.98145869819,201.60244153316816
2023-01-21 13:00:00,7817.669309594814,39229.24167638169,199.28168314050055
2023-01-21 14:00:00,7271.543372805362,37967.56625562522,191.519870508635
2023-01-21 15:00:00,7411.457482662678,37854.29548035844,195.78907462452392
2023-01-21 16:00:00,8394.189866715702,39405.204549716094,213.0223650057459
2023-01-21 17:00:00,9928.513422225271,42271.835590044866,234.87301376057263
2023-01-21 18:00:00,9624.221082865919,41826.76279766055,230.09720186627064
2023-01-21 19:00:00,8797.702964544804,39984.10430363441,220.03001237031896
2023-01-21 20:00:00,7958.885978056264,37784.515965164675,210.63882319926861
2023-01-21 21:00:00,7184.537845411671,35052.8781064658,204.9628513695833
2023-01-21 22:00:00,6748.483095920492,32544.11344323176,207.36417071837556
2023-01-21 23:00:00,5329.583047366137,30039.514489509627,177.41908076534756
2023-01-22 00:00:00,4841.793718651979,29154.70365403629,166.0724724252741
2023-01-22 01:00:00,4900.948694059694,29118.660283010235,168.30955292676134
2023-01-22 02:00:00,4745.6055372337,29078.715482906777,163.1985958947633
2023-01-22 03:00:00,4485.699249744765,28463.604491671387,157.59420951261836
2023-01-22 04:00:00,4387.4556312457435,27916.726281795298,157.16225416111328
2023-01-22 05:00:00,4558.369460376498,27792.407121203127,164.0149210716933
2023-01-22 06:00:00,5046.229691550633,28515.01087906702,176.96748259896648
2023-01-22 07:00:00,5913.971906401288,30240.03724793093,195.56761315847686
2023-01-22 08:00:00,6697.78934223757,32468.248864285855,206.28736000619196
2023-01-22 09:00:00,7343.07506328529,36300.87819900567,202.28367542596882
2023-01-22 10:00:00,8215.829746881913,38598.770008514526,212.85211277638064
2023-01-22 11:00:00,8229.710207593838,39454.346492041805,208.5881769516528
2023-01-22 12:00:00,8405.369869511385,39982.38674115652,210.22681622103318
2023-01-22 13:00:00,8182.754477875755,40400.186212246306,202.54249410848897
2023-01-22 14:00:00,8035.606117860917,39667.82514729561,202.572389285848
2023-01-22 15:00:00,8117.455491737258,39818.89525201488,203.85938485640196
2023-01-22 16:00:00,9170.644965722819,41303.07979721824,222.03295760865902
2023-01-22 17:00:00,10368.497773542658,43166.04217114393,240.20033461566456
2023-01-22 18:00:00,9952.063772892388,41827.03914480823,237.9337379927282
2023-01-22 19:00:00,9247.923656724548,40045.04180020084,230.9380447863128
2023-01-22 20:00:00,8541.544402420002,37844.54511027264,225.7008078054943
2023-01-22 21:00:00,7742.812492397116,34934.070935909665,221.64071592463827
2023-01-22 22:00:00,6816.497036377822,31651.573531816895,215.360447388997
2023-01-22 23:00:00,5927.3679321993695,29228.58249481105,202.7935474890599
2023-01-23 00:00:00,6138.375723763544,29165.105865998325,210.46985915178422
2023-01-23 01:00:00,6127.967166996523,29036.612071008614,211.04277427444592
2023-01-23 02:00:00,6026.117496036414,28713.723701018902,209.8688960994139
2023-01-23 03:00:00,5917.481302889655,28419.27746530816,208.22068084289663
2023-01-23 04:00:00,6090.430692568676,28508.508826797057,213.63554051777948
2023-01-23 05:00:00,6704.28904460156,30303.167848188943,221.24053426322683
2023-01-23 06:00:00,8520.764530688177,34689.21767906858,245.63149879939763
2023-01-23 07:00:00,10986.231327349866,40768.512724129585,269.47834476305206
2023-01-23 08:00:00,11458.248809586554,41869.28525839879,273.6671700715999
2023-01-23 09:00:00,11894.813140905428,44238.73530458429,268.87778457068174
2023-01-23 10:00:00,12107.573231901899,45007.17696474306,269.01427835357276
2023-01-23 11:00:00,11867.768681774915,44984.653108626015,263.81816601135944
2023-01-23 12:00:00,11467.377888838946,44439.655545543996,258.04380677718353
2023-01-23 13:00:00,11038.119084956435,43610.86465765875,253.1047978893482
2023-01-23 14:00:00,10837.772190114225,43146.650194597416,251.18455641942904
2023-01-23 15:00:00,10475.99015788952,42915.65229752717,244.1065111922615
2023-01-23 16:00:00,11174.682756323176,43870.14315741663,254.72182108514502
2023-01-23 17:00:00,12208.405841131545,45483.63531253175,268.4131502955714
2023-01-23 18:00:00,12104.819120828712,44877.63689643964,269.729423337552
2023-01-23 19:00:00,11192.511455400307,43024.64504667508,260.1418662084989
2023-01-23 20:00:00,10258.70320198854,40579.15204050027,252.8072344081951
2023-01-23 21:00:00,9372.482603043565,37275.65470582864,251.43710223225213
2023-01-23 22:00:00,8399.239595045037,33856.65923911328,248.0823502320549
2023-01-23 23:00:00,7197.4510023874345,31015.166790682437,232.06230200089362
2023-01-24 00:00:00,7180.564476311682,30753.16829125232,233.49023451200569
2023-01-24 01:00:00,7022.275977021438,30480.170162521226,230.38834558922872
2023-01-24 02:00:00,6508.737831836214,29682.67585910623,219.27732737880584
2023-01-24 03:00:00,6581.0820525232275,29277.181248794324,224.78537112565252
2023-01-24 04:00:00,6707.8837797131155,29340.188619850844,228.6244259239263
2023-01-24 05:00:00,7708.482279505671,31726.69704506733,242.965168058808
2023-01-24 06:00:00,9523.463520377565,35822.19999192854,265.8536751657741
2023-01-24 07:00:00,11186.416854740504,40097.20813888234,278.9824372807895
2023-01-24 08:00:00,11632.687602743521,41556.7177344694,279.9231565175981
2023-01-24 09:00:00,12068.015426309506,43940.742066908955,274.64295910008605
2023-01-24 10:00:00,11611.441622601877,44104.761717895555,263.26956932386105
2023-01-24 11:00:00,11096.13425278838,44036.290648158356,251.97704187767306
2023-01-24 12:00:00,10910.948246466862,43609.8248749086,250.1947273983345
2023-01-24 13:00:00,10400.97898408212,43013.88233102037,241.80516662131734
2023-01-24 14:00:00,10215.011802133673,42006.47244799156,243.17709169178474
2023-01-24 15:00:00,10348.713004204099,41829.643142197434,247.40141743557916
2023-01-24 16:00:00,11285.641705443435,43161.098777926156,261.4771640432667
2023-01-24 17:00:00,12242.824461572045,44788.363243404405,273.3483336963634
2023-01-24 18:00:00,12232.430045134968,44452.682784913595,275.1786681654774
2023-01-24 19:00:00,11302.690545476402,43061.80934178825,262.4759785582904
2023-01-24 20:00:00,10896.308435065814,41053.89263419808,265.41474476379227
2023-01-24 21:00:00,9907.334011675053,39091.55277105531,253.4392550149805
2023-01-24 22:00:00,8894.803700224284,36878.04878358431,241.19507386149095
2023-01-24 23:00:00,7184.191896280572,32858.11020661165,218.64288150190032
2023-01-25 00:00:00,7024.639230226875,33194.35435389072,211.62150513114332
2023-01-25 01:00:00,6986.4397364033775,33356.35389209246,209.44854341707892
2023-01-25 02:00:00,6614.041596772675,32815.42434547754,201.55282854613424
2023-01-25 03:00:00,6750.0298930311765,33047.25061546038,204.2539021347008
2023-01-25 04:00:00,6817.949834630032,33468.902495260365,203.7099912551821
2023-01-25 05:00:00,7262.341389354005,34793.31212859719,208.72808436610347
2023-01-25 06:00:00,8830.798236403307,38817.24935913715,227.49675420586271
2023-01-25 07:00:00,10247.165818399879,42567.568526680065,240.72706459560322
2023-01-25 08:00:00,10501.759518173803,44062.36751851764,238.33852127351844
2023-01-25 09:00:00,10723.563734980775,45118.3249389311,237.6764596091591
2023-01-25 10:00:00,11213.228423353345,46078.4408724663,243.35086454832054
2023-01-25 11:00:00,11076.773234429797,46440.87395006012,238.51345360858474
2023-01-25 12:00:00,10782.782542793779,46903.03353487003,229.8952057072668
2023-01-25 13:00:00,11082.536134536631,47215.88341583553,234.72050786239674
2023-01-25 14:00:00,11097.720846441047,46389.74085943147,239.2279120521273
2023-01-25 15:00:00,10855.274146639831,45692.82380997581,237.57065642920216
2023-01-25 16:00:00,11072.19404853355,46131.045949326806,240.01610673852775
2023-01-25 17:00:00,10935.078990394864,47239.8829065486,231.47980726427662
2023-01-25 18:00:00,9756.908394803706,46705.2858388084,208.90372940821374
2023-01-25 19:00:00,8649.289796632143,44944.781500955796,192.44258193686417
2023-01-25 20:00:00,7736.6030289155315,42795.34462489131,180.78141668745073
2023-01-25 21:00:00,6252.95268501541,39807.22397881659,157.0808526699304
2023-01-25 22:00:00,5090.192987398447,36107.469336849004,140.9734074662418
2023-01-25 23:00:00,3541.7677751314777,32339.80508551255,109.5172888570718
2023-01-26 00:00:00,3223.9145197496773,31454.83093673895,102.49346201330796
2023-01-26 01:00:00,3085.5352354124184,30896.376450165113,99.86722036447512
2023-01-26 02:00:00,2874.2704850767523,30000.47795286602,95.80748978708074
2023-01-26 03:00:00,2896.489404797163,30048.068293072585,96.39519507698046
2023-01-26 04:00:00,2923.0768645365483,29315.182380353177,99.71204772362506
2023-01-26 05:00:00,3622.340205367182,31071.77747369672,116.57975500222386
2023-01-26 06:00:00,5535.907335019037,36264.39071331726,152.65408369279737
2023-01-26 07:00:00,7852.673873111503,41396.55717673098,189.693887817451
2023-01-26 08:00:00,8424.53082469974,42264.46877915901,199.32891783686514
2023-01-26 09:00:00,8741.63769503387,43663.66651082038,200.20393140524715
2023-01-26 10:00:00,8881.067650864368,43718.56033708925,203.1418139661381
2023-01-26 11:00:00,9009.47524370408,44329.523348596085,203.23871233299445
2023-01-26 12:00:00,8507.176508453715,44501.30132316073,191.16691547233808
2023-01-26 13:00:00,8164.933153379374,43542.71795232122,187.5154684261989
2023-01-26 14:00:00,7572.477319143978,41863.36863118438,180.88552275516537
2023-01-26 15:00:00,8005.862984003067,41434.86788371315,193.21560301511036
2023-01-26 16:00:00,9022.440556843676,42833.92940034398,210.6377043421849
2023-01-26 17:00:00,10114.145933819987,44682.64505204624,226.3551300966864
2023-01-26 18:00:00,10219.883496575547,44078.63750358333,231.85570324728684
2023-01-26 19:00:00,9649.331705197776,42968.83802688346,224.56580508787948
2023-01-26 20:00:00,8919.57141102523,40516.039880331264,220.1491418551813
2023-01-26 21:00:00,7994.051040694213,36976.657018656355,216.19182709407346
2023-01-26 22:00:00,7271.311111293507,33490.85471046095,217.1133335997631
2023-01-26 23:00:00,5613.406266612521,30286.561420137055,185.34313581337287
2023-01-27 00:00:00,5548.51773629993,30108.48267874102,184.28420307668392
2023-01-27 01:00:00,5206.373529313275,30285.22759385781,171.91132254753757
2023-01-27 02:00:00,4761.67131533098,30129.745313510615,158.03888369397458
2023-01-27 03:00:00,4541.7029732109,29590.129870840585,153.48709157530578
2023-01-27 04:00:00,4537.737718073242,28655.07804473461,158.35719278060225
2023-01-27 05:00:00,5034.377236051078,27733.115093010652,181.529453837656
2023-01-27 06:00:00,7529.030545001539,33097.23864170399,227.4821360932095
2023-01-27 07:00:00,9515.766019614832,37972.1347875585,250.59865801204984
2023-01-27 08:00:00,10410.702038106845,40476.57524498759,257.2031347784557
2023-01-27 09:00:00,10645.987702854616,41181.052165787514,258.51665129865506
2023-01-27 10:00:00,10903.088402444066,42609.5520633151,255.88366632539967
2023-01-27 11:00:00,10689.276418264331,42959.62332673218,248.82146514568694
2023-01-27 12:00:00,10252.203304467299,43026.05352244197,238.27896042382434
2023-01-27 13:00:00,10119.943888651787,41845.438913884165,241.84102619829437
2023-01-27 14:00:00,9621.537020709475,40404.1205826286,238.1325687075137
2023-01-27 15:00:00,9670.02564329373,40179.65645716063,240.66969446600092
2023-01-27 16:00:00,10427.727602037068,41713.74307704662,249.9830231676098
2023-01-27 17:00:00,11436.787958897998,44244.48633295587,258.490693570991
2023-01-27 18:00:00,11184.390993540772,43038.78472914373,259.8677231229361
2023-01-27 19:00:00,10467.983005143775,40987.43044099053,255.39495627115477
2023-01-27 20:00:00,9681.385017990682,38433.1733971742,251.90178593741902
2023-01-27 21:00:00,8859.05877280692,35523.67822425153,249.3846137464155
2023-01-27 22:00:00,8153.589553871211,32431.988322861376,251.4057871722817
2023-01-27 23:00:00,6808.12218063451,29744.53659635588,228.88647663344668
2023-01-28 00:00:00,6719.4352746435525,29302.576563074133,229.31209684513203
2023-01-28 01:00:00,6844.018764266084,29294.57946742713,233.62747950951135
2023-01-28 02:00:00,6386.154812605555,28170.58329143947,226.69586733570375
2023-01-28 03:00:00,6111.623824369293,27479.587564949892,222.40595168774095
2023-01-28 04:00:00,6116.738607308074,26727.59229257698,228.8548306315967
2023-01-28 05:00:00,6062.544316278763,26541.597641376346,228.4167064166369
2023-01-28 06:00:00,6871.065782704548,28156.603197347744,244.0303517631622
2023-01-28 07:00:00,8403.824521903332,31205.109989141605,269.3092421346247
2023-01-28 08:00:00,9143.865896579,33403.27913776387,273.74156467894375
2023-01-28 09:00:00,9488.409736769489,36174.626750751304,262.2946133527812
2023-01-28 10:00:00,9926.059556171906,37919.6376835182,261.76567505776234
2023-01-28 11:00:00,9711.339755278803,38105.15092577553,254.85635194557764
2023-01-28 12:00:00,9443.189276379271,38149.59431950858,247.53052934956906
2023-01-28 13:00:00,8973.951327276418,37578.38897600792,238.8061748204766
2023-01-28 14:00:00,9107.719558712459,36990.415779936,246.21836134246928
2023-01-28 15:00:00,9387.906238103307,36752.7843526301,255.43387809831313
2023-01-28 16:00:00,10001.681770188492,38100.806690639816,262.50577452066375
2023-01-28 17:00:00,11007.115438825493,41232.38846794502,266.9531367891208
2023-01-28 18:00:00,10942.351320785901,40476.091372269686,270.34110631251673
2023-01-28 19:00:00,10229.050168770193,37932.1790164098,269.6668220495589
2023-01-28 20:00:00,9664.094796826299,35649.513889503745,271.08629943118774
2023-01-28 21:00:00,8568.62592140104,33667.664320684125,254.50609937728302
2023-01-28 22:00:00,6953.76351249378,30882.776339277083,225.16639812755113
2023-01-28 23:00:00,5090.879452394119,28092.129386182944,181.22084596755622
2023-01-29 00:00:00,4101.704571111967,27403.39833544252,149.67868294666857
2023-01-29 01:00:00,3620.9063908841526,27374.58113267371,132.27257700620365
2023-01-29 02:00:00,2962.4048398612413,26798.16065711677,110.54508097646313
2023-01-29 03:00:00,2377.784247767381,26266.072084631785,90.52683020536661
2023-01-29 04:00:00,2106.9933778760374,25657.99261849899,82.11840299450901
2023-01-29 05:00:00,2135.457533240053,25411.46075550282,84.03521363003985
2023-01-29 06:00:00,2191.0759256032757,25739.61274279154,85.12466553005515
2023-01-29 07:00:00,2465.9609530142766,27363.881860447418,90.11736586170002
2023-01-29 08:00:00,2691.2020877295668,29638.438847367877,90.80107429371458
2023-01-29 09:00:00,3303.3924692361934,32881.343761076576,100.46403496278633
2023-01-29 10:00:00,3389.568226579535,35194.720630102594,96.30899651694874
2023-01-29 11:00:00,3477.665052560083,36163.219445162234,96.1658034300182
2023-01-29 12:00:00,3016.9238792691935,37003.55352781041,81.53065291423411
2023-01-29 13:00:00,2925.888328820954,36942.82524757795,79.20044850962722
2023-01-29 14:00:00,2727.815869277257,36232.58750298115,75.28625630319164
2023-01-29 15:00:00,2861.4936734899434,36676.66864008794,78.0194543176777
2023-01-29 16:00:00,3535.94676354647,38236.033798255456,92.47681865235195
2023-01-29 17:00:00,4475.651340097819,40775.85729258064,109.76228673706353
2023-01-29 18:00:00,4506.086722412395,39591.77539723634,113.81370694295606
2023-01-29 19:00:00,3617.4806973098534,37829.17353909001,95.6267440939941
2023-01-29 20:00:00,3010.857667915038,36141.46867636893,83.30756270244449
2023-01-29 21:00:00,2326.7484877244474,34055.42578198458,68.32240191679836
2023-01-29 22:00:00,1793.7083920805492,32772.67070133571,54.731834595568785
2023-01-29 23:00:00,1353.0993899020891,31429.847605046314,43.051414276817496
2023-01-30 00:00:00,1384.339346450272,31467.59406386807,43.99253859829746
2023-01-30 01:00:00,1434.7007582088534,31543.334304011954,45.48348454165721
2023-01-30 02:00:00,1473.8909073081109,31502.449931171177,46.78654868203502
2023-01-30 03:00:00,1821.0233079021593,32422.335092068613,56.165704991052024
2023-01-30 04:00:00,1800.819563488988,32373.06161896483,55.62710084961594
2023-01-30 05:00:00,1778.0567911329827,32252.7818711898,55.12878852540946
2023-01-30 06:00:00,2749.5458242569407,34948.80398911171,78.6735312920454
2023-01-30 07:00:00,4725.130867364524,40503.62984088969,116.65944227532803
2023-01-30 08:00:00,5520.482304918822,41397.172706483434,133.35409024332304
2023-01-30 09:00:00,5657.728290308391,42452.7870968475,133.27106833766697
2023-01-30 10:00:00,6162.728131577588,43318.502936787896,142.26549196703516
2023-01-30 11:00:00,5802.095151999403,42422.00347625262,136.7708895513941
2023-01-30 12:00:00,5251.401300553484,41895.0045752491,125.34671743790496
2023-01-30 13:00:00,5113.8795400653735,40879.005187134666,125.09794493910043
2023-01-30 14:00:00,5396.991063426285,39641.005867254746,136.14667300570298
2023-01-30 15:00:00,6166.2894268371165,39381.007669349216,156.58028556837627
2023-01-30 16:00:00,6882.325779239577,40133.0071487923,171.48791651030524
2023-01-30 17:00:00,8479.70049771758,42745.00628174154,198.37874023987854
2023-01-30 18:00:00,9189.749780235976,42629.50504563781,215.57251885513844
2023-01-30 19:00:00,8355.44084357881,40623.00583491894,205.6824863608836
2023-01-30 20:00:00,7728.983582737397,39563.50826272135,195.35637566348026
2023-01-30 21:00:00,6156.084941806668,36346.30708732262,169.37305149094155
2023-01-30 22:00:00,5247.334609168942,34172.36038229644,153.554935932591
2023-01-30 23:00:00,2988.171906080008,30604.00814877786,97.63988728382748
2023-01-31 00:00:00,2478.951253629574,31518.341236864315,78.65106970572918
2023-01-31 01:00:00,2297.8044297183737,32121.17981679438,71.53549286869529
2023-01-31 02:00:00,1940.7269479809308,31859.79377511505,60.91461111392341
2023-01-31 03:00:00,1840.5118426005517,32107.666553502473,57.32312684678043
2023-01-31 04:00:00,1818.3767873464888,32215.536329812057,56.44409482215493
2023-01-31 05:00:00,2123.3697548308696,33324.895123990194,63.717222422773084
2023-01-31 06:00:00,3396.454419423381,36650.15968455626,92.67229525481679
2023-01-31 07:00:00,5279.550387279171,41296.01922681494,127.84647252030956
2023-01-31 08:00:00,5916.417293204291,42658.14556617841,138.69372929082817
2023-01-31 09:00:00,6197.620899581456,44004.761409446844,140.83977963009622
2023-01-31 10:00:00,6325.682992138176,45119.89236787828,140.19720926110966
2023-01-31 11:00:00,6040.777627645011,45120.6834474351,133.88045495105197
2023-01-31 12:00:00,5052.554516074789,43893.29155864873,115.1099481642596
2023-01-31 13:00:00,4447.342775589879,42605.69639635687,104.38375972585118
2023-01-31 14:00:00,3656.712594283183,41042.81975657316,89.09506257053762
2023-01-31 15:00:00,4753.43697459641,41713.250649233014,113.95508383098914
2023-01-31 16:00:00,6194.366140464144,43193.05231724732,143.41116934657305
2023-01-31 17:00:00,7706.215359050066,45585.85396883211,169.04839304576694
2023-01-31 18:00:00,7743.650297182443,45155.864928981166,171.48714368247093
2023-01-31 19:00:00,6939.85945402998,43272.495223444574,160.3757633618049
2023-01-31 20:00:00,5575.344534203131,40384.63658349264,138.05607790171553
2023-01-31 21:00:00,3579.2058650685713,36676.94210364135,97.58735760888915
2023-01-31 22:00:00,2594.68302857125,34752.19411409522,74.66242332937668
2023-01-31 23:00:00,1975.5181370067585,33458.449431437475,59.04392374951382
2023-02-01 00:00:00,1909.519390600325,33268.09481012552,57.39791838092097
2023-02-01 01:00:00,1897.6160335578927,33180.73985587933,57.19028694960376
2023-02-01 02:00:00,1892.1227295086348,33079.793882406586,57.1987460452393
2023-02-01 03:00:00,1786.7658233128168,32557.14471595719,54.88091289642705
2023-02-01 04:00:00,1788.1980047702282,32701.355448103233,54.68268762155999
2023-02-01 05:00:00,1840.2811905554709,33031.93758726225,55.712178121368176
2023-02-01 06:00:00,2495.3163922147855,34619.31285109199,72.0787383316326
2023-02-01 07:00:00,3335.934994732158,36999.262456231576,90.16220252169663
2023-02-01 08:00:00,3641.846213342725,38579.78878855697,94.39777478571686
2023-02-01 09:00:00,3799.8305230442966,40565.3555068916,93.67181614860365
2023-02-01 10:00:00,3711.051419443854,41162.88459965526,90.1552807957228
2023-02-01 11:00:00,2612.5121923948914,40891.57065375289,63.8887709771824
2023-02-01 12:00:00,2457.341990755574,40741.77065544417,60.315051388843074
2023-02-01 13:00:00,2532.742287260167,40759.14991337706,62.1392323599204
2023-02-01 14:00:00,2688.544392384587,39619.40709882481,67.85927880441034
2023-02-01 15:00:00,2832.5063475988086,39283.79479897033,72.10368453693917
2023-02-01 16:00:00,3409.0644480661476,39938.77083207502,85.35727006721778
2023-02-01 17:00:00,4094.308526801132,42400.322785974735,96.56314522575889
2023-02-01 18:00:00,4212.775757854524,41772.549321883664,100.85033894849097
2023-02-01 19:00:00,3934.3435904035596,39957.83793182616,98.46237419342152
2023-02-01 20:00:00,3044.40292506128,37423.74877153642,81.34949129887215
2023-02-01 21:00:00,2064.2504061875316,34183.52003432627,60.387297859163155
2023-02-01 22:00:00,1705.6438325366657,31755.294797600436,53.71210827699673
2023-02-01 23:00:00,1608.4090897704252,29886.30560066724,53.81759496344426
2023-02-02 00:00:00,1591.7699817910216,29936.385299280944,53.17174955752775
2023-02-02 01:00:00,1565.9631022543126,29927.23840270619,52.32568007720717
2023-02-02 02:00:00,1437.214078634912,29637.60673093379,48.49291954248257
2023-02-02 03:00:00,1302.862587132648,29274.423399181378,44.50514940523409
2023-02-02 04:00:00,1349.699249091035,29486.181213637814,45.77395897122067
2023-02-02 05:00:00,1518.2048282203782,30033.722432026756,50.55000530341938
2023-02-02 06:00:00,2551.0333164449316,33417.095622805275,76.33916918572648
2023-02-02 07:00:00,4027.866394633896,37646.693481354065,106.99123939341041
2023-02-02 08:00:00,3923.5740941792114,38723.02504699627,101.32405950767944
2023-02-02 09:00:00,3926.53670289034,40056.45908771559,98.02505743935114
2023-02-02 10:00:00,4933.58151960937,40657.07189904524,121.34620840034539
2023-02-02 11:00:00,5007.788699622384,40832.39246687321,122.64254914000297
2023-02-02 12:00:00,4292.946526652105,39997.50147881337,107.3303673462222
2023-02-02 13:00:00,3872.2559235574413,39642.230123253496,97.68007277890348
2023-02-02 14:00:00,4135.030356184179,39693.35631782974,104.17436920865211
2023-02-02 15:00:00,4549.748672560931,39975.17425387898,113.81435497105926
2023-02-02 16:00:00,4787.526059516162,40215.65670853001,119.04632303320551
2023-02-02 17:00:00,5415.928552466224,42251.74481825484,128.1823644387409
2023-02-02 18:00:00,5619.721136868105,42250.89767229611,133.0083251829452
2023-02-02 19:00:00,4924.563405105584,40781.721059204836,120.75418293299472
2023-02-02 20:00:00,3322.384831929085,37439.21458000908,88.74077272184803
2023-02-02 21:00:00,2394.348578682552,34450.42148352644,69.5012854872468
2023-02-02 22:00:00,1901.189580635361,33437.565047562224,56.85789554146879
2023-02-02 23:00:00,1741.7487916539878,32846.325461648936,53.02720371834705
2023-02-03 00:00:00,1865.3925197493181,33380.21482257568,55.883178992836115
2023-02-03 01:00:00,1748.7384823805542,32629.583344799623,53.593650396987414
2023-02-03 02:00:00,1601.2493730156687,31963.25753698522,50.09656388003745
2023-02-03 03:00:00,1329.317239052857,30887.326352651533,43.03762727390425
2023-02-03 04:00:00,1622.8598339969647,32040.47616284725,50.65030325232066
2023-02-03 05:00:00,1794.4828471477417,32721.06267767822,54.841826649227656
2023-02-03 06:00:00,1889.0838262057016,32437.479557860996,58.237688376373725
2023-02-03 07:00:00,2705.2251173690283,34799.6422724972,77.73715304846733
2023-02-03 08:00:00,3317.8175541057576,36336.98022578965,91.30691470478837
2023-02-03 09:00:00,3220.604673007464,38002.50297788591,84.74717243970932
2023-02-03 10:00:00,3209.956269850834,38211.020045691825,84.00603454219345
2023-02-03 11:00:00,3204.460771968619,38273.07412820992,83.72624475457822
2023-02-03 12:00:00,3398.0243217502803,38657.32941730955,87.90116578070575
2023-02-03 13:00:00,3332.252127581421,37764.47594623905,88.23774311935814
2023-02-03 14:00:00,3535.261695515096,37168.80995223451,95.11366385036936
2023-02-03 15:00:00,4255.398284738867,36763.385309830424,115.75099107102592
2023-02-03 16:00:00,4714.3804124210055,37500.52044998116,125.7150662404573
2023-02-03 17:00:00,5879.74226296838,40179.00350672373,146.33867816020964
2023-02-03 18:00:00,6284.8722903369735,40086.003201900574,156.78470758688638
2023-02-03 19:00:00,6220.129859724184,38219.0025401195,162.74966499177336
2023-02-03 20:00:00,5647.871302468935,35747.002691401416,157.99566053764485
2023-02-03 21:00:00,4635.226545953968,32698.004028521802,141.75870006960528
2023-02-03 22:00:00,3597.1710661253956,29607.508201202065,121.49523160410205
2023-02-03 23:00:00,2407.2093711661055,26566.011233292218,90.61237496389442
2023-02-04 00:00:00,2523.5674696569145,26217.367484808026,96.25556307738472
2023-02-04 01:00:00,2366.1499030792097,25687.45502008481,92.1130528979666
2023-02-04 02:00:00,2478.6076260183954,25098.62526039295,98.75471665493083
2023-02-04 03:00:00,2368.7719779044455,24512.416584670264,96.63559566729312
2023-02-04 04:00:00,2375.214146526413,24154.55826204397,98.33399231559456
2023-02-04 05:00:00,2510.728606349452,23953.94753521806,104.81481612406797
2023-02-04 06:00:00,3232.3716193287605,25495.082051205718,126.7841230256364
2023-02-04 07:00:00,4401.851264631005,28145.19314595988,156.39797679849536
2023-02-04 08:00:00,5325.826383523997,31035.975390050273,171.60170790802297
2023-02-04 09:00:00,5875.313948563801,33353.23759471996,176.15423186065456
2023-02-04 10:00:00,5909.169166334085,34460.51537064549,171.47651748028397
2023-02-04 11:00:00,5558.483513590811,34817.61584052622,159.64572471159767
2023-02-04 12:00:00,5071.583902861917,35144.55856404593,144.30637657945482
2023-02-04 13:00:00,4582.574526132868,35218.65589254305,130.11781426624944
2023-02-04 14:00:00,4354.777331993588,34723.72363156562,125.41216426555346
2023-02-04 15:00:00,4519.144724341792,34861.18501538157,129.63256189793435
2023-02-04 16:00:00,4898.240386650842,36000.37137974914,136.0608293448381
2023-02-04 17:00:00,5672.417092566521,38462.817101900226,147.4779415542675
2023-02-04 18:00:00,5581.090867641305,38296.87657369359,145.73227288919423
2023-02-04 19:00:00,4756.776537747571,35726.64691351251,133.14366022825575
2023-02-04 20:00:00,3541.1035668109416,33648.285720352156,105.23875112808811
2023-02-04 21:00:00,2970.5209940696154,31513.946527025924,94.26052022783429
2023-02-04 22:00:00,2404.667667741452,29091.800372221955,82.65791862223581
2023-02-04 23:00:00,1947.668267457868,27551.521400974743,70.69185904880598
2023-02-05 00:00:00,1600.626507741509,27456.118918480228,58.29762438361802
2023-02-05 01:00:00,1593.1085384054497,28136.79012022586,56.62012374539692
2023-02-05 02:00:00,1468.640199723919,27301.93410721102,53.792533303932494
2023-02-05 03:00:00,1447.9043064148814,27375.246160381383,52.891005908482015
2023-02-05 04:00:00,1668.8471934392683,27374.50226071927,60.96356301001905
2023-02-05 05:00:00,1867.025631409835,27355.444526747626,68.25060472273785
2023-02-05 06:00:00,1913.8256464576502,26968.24902464357,70.96588453736086
2023-02-05 07:00:00,2001.8357816591601,27394.819969637098,73.07351476950329
2023-02-05 08:00:00,2674.5334674852547,29868.830598992146,89.54262399464345
2023-02-05 09:00:00,3130.831567737701,32695.666445842813,95.75677476780045
2023-02-05 10:00:00,4443.69181954903,34319.11894358607,129.4815238949925
2023-02-05 11:00:00,4942.968599547645,34917.09745960255,141.5629865932135
2023-02-05 12:00:00,5265.0481311242,35681.588871457614,147.55643730136168
2023-02-05 13:00:00,5255.116182278587,35006.57088623148,150.11799354347758
2023-02-05 14:00:00,5192.0716977417715,35128.094693240106,147.80396554615615
2023-02-05 15:00:00,6027.091753821721,35899.73526531021,167.88680220841846
2023-02-05 16:00:00,7828.407103330044,38047.042395531644,205.7559960100719
2023-02-05 17:00:00,9606.566391783195,40981.53837778666,234.41204923117942
2023-02-05 18:00:00,9735.027456945787,40518.487201549,240.26137522166977
2023-02-05 19:00:00,8673.721562321127,37754.31273317017,229.74121191459466
2023-02-05 20:00:00,7736.0544899754905,35594.661789554695,217.3374911022654
2023-02-05 21:00:00,6676.550059743016,33208.72836347599,201.04804937626272
2023-02-05 22:00:00,5810.958717717286,30303.001950014783,191.76181710652108
2023-02-05 23:00:00,4803.632274894202,27349.471909271015,175.63894070166126
2023-02-06 00:00:00,4740.460299009399,27886.65684784637,169.99026899760827
2023-02-06 01:00:00,4694.27155481263,27578.524009417815,170.21474946264632
2023-02-06 02:00:00,4513.186745628241,26871.299013958254,167.955659429932
2023-02-06 03:00:00,4423.756424897431,26293.36801401049,168.24609241920703
2023-02-06 04:00:00,4394.930899871817,25912.066646978124,169.6094317658123
2023-02-06 05:00:00,5007.283704021497,26388.10220839561,189.75535506408588
2023-02-06 06:00:00,7098.543494733999,31521.57214949307,225.1963658750491
2023-02-06 07:00:00,8728.694672585987,36960.230343647156,236.16450956687027
2023-02-06 08:00:00,9920.638289998024,40166.79040223426,246.98608454028212
2023-02-06 09:00:00,10192.315045158733,42573.771697778895,239.40361961612328
2023-02-06 10:00:00,9942.99067948294,42290.339833140824,235.11257461428852
2023-02-06 11:00:00,9866.317780045076,42142.35379745957,234.11881138542
2023-02-06 12:00:00,9557.104957408468,42057.45134089937,227.239279906496
2023-02-06 13:00:00,9139.059931959722,41224.97154135507,221.68747703783907
2023-02-06 14:00:00,9010.655712867283,41393.21765693121,217.68435079263446
2023-02-06 15:00:00,8673.212036694984,39399.95715674744,220.13252456569364
2023-02-06 16:00:00,8929.57706030551,39589.78565572314,225.55254878008262
2023-02-06 17:00:00,10379.761116023325,42113.17560224602,246.47300916128827
2023-02-06 18:00:00,10606.486312598421,42149.95209132669,251.63697196184825
2023-02-06 19:00:00,10432.085672469668,41025.050555678994,254.28574812628918
2023-02-06 20:00:00,10172.432883926705,38800.96633895345,262.16957575394963
2023-02-06 21:00:00,9146.018028679278,36065.72312105672,253.59308609951148
2023-02-06 22:00:00,7806.976651273848,32985.758594060826,236.67718991551448
2023-02-06 23:00:00,7078.769219596542,31438.848387184633,225.15994009761658
2023-02-07 00:00:00,6533.605008549399,29778.907953790353,219.4037813168962
2023-02-07 01:00:00,6263.034678178639,28999.345814596913,215.9715849529999
2023-02-07 02:00:00,5973.5051112267065,28296.883325576477,211.10116766207543
2023-02-07 03:00:00,5828.409786027128,27615.667300366047,211.05446131840787
2023-02-07 04:00:00,5651.23805212475,26565.581724397198,212.72781114876875
2023-02-07 05:00:00,6730.9790937232465,29035.361580243254,231.82005414746604
2023-02-07 06:00:00,8324.646931649278,33105.04299829517,251.46159550609792
2023-02-07 07:00:00,9487.958977717612,37103.34440643857,255.717082368218
2023-02-07 08:00:00,10317.812132600593,40226.41789862437,256.49343569697845
2023-02-07 09:00:00,10656.336664876282,41709.402221661396,255.4900357536654
2023-02-07 10:00:00,10753.670070727912,42356.925946334486,253.88221242383435
2023-02-07 11:00:00,10488.055066531531,39841.49136750361,263.2445399643355
2023-02-07 12:00:00,9618.99927862005,40639.119621578284,236.6931018238057
2023-02-07 13:00:00,9079.517115469815,39381.603235528455,230.552246976036
2023-02-07 14:00:00,8674.983442936902,37971.55651441182,228.46004323379202
2023-02-07 15:00:00,9056.113836821192,38350.459171077346,236.14094935403057
2023-02-07 16:00:00,9962.255767103901,39562.62841734137,251.80975495392448
2023-02-07 17:00:00,11088.949836795713,41979.04075709671,264.1544360424931
2023-02-07 18:00:00,11529.62091862809,42478.87465020486,271.42011208087615
2023-02-07 19:00:00,10916.403401346943,41725.16462839756,261.62637100579326
2023-02-07 20:00:00,9927.820433655817,39029.27330873741,254.36856984558037
2023-02-07 21:00:00,9266.82022651349,36071.44403901395,256.9018367130169
2023-02-07 22:00:00,8474.737801523599,32882.8093465993,257.72547935902094
2023-02-07 23:00:00,7014.221170157407,29661.192382722504,236.4780579166182
2023-02-08 00:00:00,6666.812305111934,29409.142420814722,226.69182969420442
2023-02-08 01:00:00,6569.836451287059,29572.76176201709,222.15836668069605
2023-02-08 02:00:00,6240.9584583841115,29090.527357534294,214.5357621634087
2023-02-08 03:00:00,6200.3328182162795,29331.513912070153,211.38809393894914
2023-02-08 04:00:00,6362.333414965917,30099.510083547175,211.37664358343358
2023-02-08 05:00:00,6878.345701940907,31785.76420660181,216.39705300878987
2023-02-08 06:00:00,7893.645079041534,35245.870071999634,223.95943306028582
2023-02-08 07:00:00,9039.42996861848,39795.893819096425,227.1447906085433
2023-02-08 08:00:00,9524.010375438667,41683.210934072435,228.48552599515816
2023-02-08 09:00:00,9249.017595971833,43130.40202342819,214.44311117127586
2023-02-08 10:00:00,9562.518551903848,43278.64348892929,220.95236312917126
2023-02-08 11:00:00,8212.692656421896,42670.468450116445,192.46783442330556
2023-02-08 12:00:00,7061.031588084767,41674.24835592724,169.43392782465125
2023-02-08 13:00:00,6539.23977755847,41109.69776996893,159.06805771594492
2023-02-08 14:00:00,6338.0111199008,40962.47316005193,154.72725719309975
2023-02-08 15:00:00,6888.974608418434,42123.87923593922,163.5408403350683
2023-02-08 16:00:00,7694.708866129426,43645.10263467856,176.30177045374927
2023-02-08 17:00:00,8678.800468022197,45444.24147778748,190.9769023708818
2023-02-08 18:00:00,8846.736398368195,45434.700784090084,194.7132091924344
2023-02-08 19:00:00,7696.679437999753,42836.11381698987,179.67735053843887
2023-02-08 20:00:00,6611.994924826417,40355.04023416476,163.84557880402443
2023-02-08 21:00:00,5009.448178188298,36314.54000172648,137.9460727837978
2023-02-08 22:00:00,4089.173743312283,33373.720496838345,122.52675705424183
2023-02-08 23:00:00,2495.755044007866,29817.101752914845,83.70213391929977
2023-02-09 00:00:00,2610.449113131802,29173.74540726698,89.47939582970231
2023-02-09 01:00:00,2754.5228971645993,29001.772505772155,94.97774305402793
2023-02-09 02:00:00,3033.6907865319613,29131.621735714576,104.13738081779151
2023-02-09 03:00:00,3189.2635980083646,28259.256776597602,112.8573063057163
2023-02-09 04:00:00,3390.948280938455,28102.145059124803,120.66510488093184
2023-02-09 05:00:00,4634.184526285328,29847.903333729162,155.25996832911673
2023-02-09 06:00:00,6767.059201499866,35212.425117958854,192.17816378254977
2023-02-09 07:00:00,7868.962207911314,37955.10674005076,207.32288442250317
2023-02-09 08:00:00,8549.363457856867,39720.89766965838,215.23590753054592
2023-02-09 09:00:00,8357.681283529435,40991.35159334441,203.8888926240343
2023-02-09 10:00:00,8354.352955453716,41976.78008172754,199.0231966146055
2023-02-09 11:00:00,8454.1838870718,42749.08130724272,197.76293732046727
2023-02-09 12:00:00,7961.677550990424,42683.206494650345,186.52950902337415
2023-02-09 13:00:00,7632.50233608462,42473.33822634438,179.7010231550509
2023-02-09 14:00:00,6929.869877483697,40316.08395519214,171.888467272408
2023-02-09 15:00:00,6958.175085329873,39725.99216877383,175.1542178171013
2023-02-09 16:00:00,7673.555617313066,39514.55564822195,194.1956702139546
2023-02-09 17:00:00,8852.215028117564,41401.205956638696,213.81539072530586
2023-02-09 18:00:00,8871.399459015769,41640.03127551711,213.04977895710283
2023-02-09 19:00:00,7946.666299163951,40253.03672148308,197.417808602818
2023-02-09 20:00:00,7580.407190087304,38205.038400111065,198.41380895105362
2023-02-09 21:00:00,7013.752321048105,35605.53859917379,196.9848680005884
2023-02-09 22:00:00,6074.451970456647,32889.54095397737,184.69251300760575
2023-02-09 23:00:00,4668.446360872532,29118.54209637952,160.32555288724387
2023-02-10 00:00:00,4206.327742801235,28717.44854924064,146.47289210212446
2023-02-10 01:00:00,4511.655160744117,29811.744658265987,151.33817938069444
2023-02-10 02:00:00,4825.946548754012,30114.70713249894,160.25214947370307
2023-02-10 03:00:00,4835.742525515629,29636.427770877897,163.1688732158013
2023-02-10 04:00:00,5261.48818053726,30776.54713726102,170.9577152066939
2023-02-10 05:00:00,5332.077179515532,31293.611874476985,170.38867871510752
2023-02-10 06:00:00,6637.607719309784,35151.78689107184,188.82703573159355
2023-02-10 07:00:00,7591.670228641023,38368.92129626612,197.85988170013547
2023-02-10 08:00:00,7642.810698974128,40499.662098079505,188.71294976400682
2023-02-10 09:00:00,7458.88106289751,42338.28187304259,176.1734471243787
2023-02-10 10:00:00,7214.074040830236,42532.82784578708,169.61190699538213
2023-02-10 11:00:00,6352.741711285492,41925.89592104096,151.52309978657607
2023-02-10 12:00:00,5761.705471752744,41683.20470674159,138.2260676041754
2023-02-10 13:00:00,5395.773734167777,40611.685722733295,132.86258962521646
2023-02-10 14:00:00,5231.093451328405,39880.9840486462,131.16761223714036
2023-02-10 15:00:00,5698.398971196657,40003.63031276841,142.44704609665976
2023-02-10 16:00:00,6326.408662403647,41132.78411190904,153.80453326941182
2023-02-10 17:00:00,6940.949951059872,42172.79162077993,164.58360199327748
2023-02-10 18:00:00,6717.156846470087,41790.73277864299,160.73316737587496
2023-02-10 19:00:00,6114.24524290494,40005.48670143827,152.83516704935178
2023-02-10 20:00:00,5469.451205989721,37543.53750804058,145.68289428822058
2023-02-10 21:00:00,4701.893696404788,34753.5313635917,135.29254472627665
2023-02-10 22:00:00,4228.289155627088,32652.85396448341,129.49217732165798
2023-02-10 23:00:00,2364.5077469332587,28316.159693950027,83.50382864377103
2023-02-11 00:00:00,2049.2555509507233,27944.302435368725,73.33357329961504
2023-02-11 01:00:00,1968.7618317215079,27702.07784535037,71.06910328937484
2023-02-11 02:00:00,1952.6438140650127,27623.51113942485,70.68774871555553
2023-02-11 03:00:00,1725.9895582417835,26983.074200875555,63.96563806602058
2023-02-11 04:00:00,1707.9606172653105,25921.790265256197,65.8889914542108
2023-02-11 05:00:00,1882.12581210707,25202.409112507255,74.68039280312385
2023-02-11 06:00:00,2687.8242790418135,26134.816594144322,102.8445816468457
2023-02-11 07:00:00,4307.178688561314,29691.72954808038,145.0632467060101
2023-02-11 08:00:00,5193.438311022583,31264.56235461211,166.11261824544468
2023-02-11 09:00:00,5517.945004257493,33536.40785711156,164.5359582865219
2023-02-11 10:00:00,5456.640162875485,33987.465676814885,160.54860385185538
2023-02-11 11:00:00,5463.637856583169,34099.10785211066,160.2281760648756
2023-02-11 12:00:00,5713.584692825779,34412.48243217139,166.03233155549069
2023-02-11 13:00:00,6290.867713158459,34687.11786744961,181.36034643171692
2023-02-11 14:00:00,6578.024708843852,33803.06529051275,194.59846769251592
2023-02-11 15:00:00,6514.390426248976,32904.03242632463,197.98152219899913
2023-02-11 16:00:00,7342.8040663076745,34088.62235981331,215.40336798602993
2023-02-11 17:00:00,8769.107431961389,36174.58501745028,242.4107264183198
2023-02-11 18:00:00,9033.202238239546,36359.56264100661,248.4408937320887
2023-02-11 19:00:00,8584.85022539727,34868.55917803261,246.20605002818053
2023-02-11 20:00:00,7717.381081538563,33056.658773040006,233.45919908374472
2023-02-11 21:00:00,7378.945561583818,30849.788843522692,239.18949977296595
2023-02-11 22:00:00,6714.104392516639,28480.372431487085,235.74496466533972
2023-02-11 23:00:00,5545.480008603249,26159.26243457492,211.98915766347224
2023-02-12 00:00:00,5476.64451852879,25656.59151967922,213.4595514890617
2023-02-12 01:00:00,5340.043666707574,25602.544065212598,208.57472808584464
2023-02-12 02:00:00,5292.752918969878,25154.417593971917,210.41047359562998
2023-02-12 03:00:00,5212.238081510641,24594.31180411114,211.9286005245885
2023-02-12 04:00:00,4983.461274101514,24085.9385645608,206.90334573193687
2023-02-12 05:00:00,4977.351361354817,23702.876635328466,209.9893374940076
2023-02-12 06:00:00,5015.358035392639,23770.995235530296,210.9864557919825
2023-02-12 07:00:00,5612.612174747611,25419.59745631159,220.79862532811356
2023-02-12 08:00:00,6523.623646833633,28057.51055839429,232.50899730595967
2023-02-12 09:00:00,6940.779600746451,31002.97528882805,223.8746293246109
2023-02-12 10:00:00,7250.472406124273,32536.270588744064,222.84276209064282
2023-02-12 11:00:00,7180.6410242514985,33582.99105644219,213.81779282801685
2023-02-12 12:00:00,7195.761087928365,34448.6859389521,208.88347093065502
2023-02-12 13:00:00,7329.777730220533,34351.58373612948,213.3752489120726
2023-02-12 14:00:00,7363.710861707478,33826.562904685656,217.69018869745872
2023-02-12 15:00:00,7697.1082430457545,34297.61696183799,224.42108008874533
2023-02-12 16:00:00,8644.93711107539,35946.20569878934,240.49651258092447
2023-02-12 17:00:00,9636.264651311085,37972.05297051427,253.7725484264376
2023-02-12 18:00:00,9653.786764084178,37896.05379107319,254.7438532071703
2023-02-12 19:00:00,8909.189210429417,35890.299942868485,248.23390232490104
2023-02-12 20:00:00,8216.649123772273,33814.514546945495,242.99178130636486
2023-02-12 21:00:00,7193.351908044482,31412.40845497769,228.9971467280028
2023-02-12 22:00:00,6690.0206366769235,29003.677956065974,230.66111293922083
2023-02-12 23:00:00,5839.53667195193,26847.93539990926,217.5041240590763
2023-02-13 00:00:00,5573.915286441155,26710.243429563514,208.68081195665243
2023-02-13 01:00:00,5405.801032401292,26416.17349803419,204.6398216154802
2023-02-13 02:00:00,5315.337494160992,25735.160196113793,206.53990313857258
2023-02-13 03:00:00,5347.322453856424,25128.15781653579,212.80200852358442
2023-02-13 04:00:00,5589.640309641837,25456.160355358254,219.5790815116105
2023-02-13 05:00:00,6798.941785114172,28217.166475750008,240.95055011839054
2023-02-13 06:00:00,7974.890457489409,30971.675142576623,257.4898006251642
2023-02-13 07:00:00,8828.00158002807,33637.70831725982,262.4436093197925
2023-02-13 08:00:00,9824.372635568854,36982.217296536066,265.6512603555832
2023-02-13 09:00:00,9879.679631548628,38946.730100649824,253.6716075012363
2023-02-13 10:00:00,9783.09513569453,39634.74815163321,246.83126781244354
2023-02-13 11:00:00,9661.583979028928,39613.27246629884,243.8976478716461
2023-02-13 12:00:00,9464.946847638863,39748.804825895924,238.11902997074645
2023-02-13 13:00:00,9288.53429002941,38779.35229716543,239.5226773993426
2023-02-13 14:00:00,8869.00946509166,37304.93420075015,237.74360296052518
2023-02-13 15:00:00,9031.391685144681,37006.587042889965,244.04821970416947
2023-02-13 16:00:00,9323.299564940671,37394.52482227641,249.32258423529046
2023-02-13 17:00:00,10349.502202982325,39430.91246204538,262.47179070340667
2023-02-13 18:00:00,11080.974785085953,40890.80871870163,270.9893771315413
2023-02-13 19:00:00,10452.742384493398,39919.36249864473,261.8464256499154
2023-02-13 20:00:00,9737.603611369828,37356.07826976902,260.6698578220437
2023-02-13 21:00:00,8571.553290411432,34648.85151147805,247.3834749637214
2023-02-13 22:00:00,7771.796611547128,32345.710633760624,240.27286645652998
2023-02-13 23:00:00,5959.571287300979,28009.134810822543,212.77241612612184
2023-02-14 00:00:00,5763.489257437422,27714.473497538784,207.9595435197156
2023-02-14 01:00:00,5847.672216754152,27578.05594601608,212.04076995858387
2023-02-14 02:00:00,5803.197161308955,27432.34637795545,211.54578180641474
2023-02-14 03:00:00,5964.961513989971,27188.31908516092,219.39427352261654
2023-02-14 04:00:00,5909.848475386016,27157.718300511566,217.61211343276554
2023-02-14 05:00:00,6476.703363779948,28424.595331563665,227.85560491649252
2023-02-14 06:00:00,8208.79833310806,32803.610816651686,250.24069389767084
2023-02-14 07:00:00,9193.366967967637,35673.654113791206,257.70746497240776
2023-02-14 08:00:00,9285.38342803313,38192.33995363022,243.12161651542237
2023-02-14 09:00:00,9176.816355183395,39916.61744754917,229.89964936888308
2023-02-14 10:00:00,8898.654703620168,39949.797300420156,222.74592876411367
2023-02-14 11:00:00,8440.007824904498,40247.58153850439,209.70223556985758
2023-02-14 12:00:00,7951.588354024081,39783.57082073014,199.87115761566386
2023-02-14 13:00:00,7861.472715972337,39254.18545222448,200.27094245887193
2023-02-14 14:00:00,8032.991000659716,38822.28101659447,206.9170278074603
2023-02-14 15:00:00,8323.98236234509,38062.679423787085,218.69144496283303
2023-02-14 16:00:00,8548.92765400047,38024.71895397191,224.82553163242994
2023-02-14 17:00:00,9846.981722408613,40750.40556326685,241.6413183206417
2023-02-14 18:00:00,10151.00241752858,41878.13639320991,242.39384298806704
2023-02-14 19:00:00,9140.971135200563,40242.98196373246,227.144478096542
2023-02-14 20:00:00,8255.684648556311,37648.551819824395,219.28292721764558
2023-02-14 21:00:00,7277.082619326864,34356.015011043695,211.81393176675627
2023-02-14 22:00:00,6066.3383704642965,31439.202596652314,192.95458756674216
2023-02-14 23:00:00,4297.6134069529935,28161.37792096363,152.606645136984
2023-02-15 00:00:00,3651.179051806405,27807.55826642412,131.30167765268962
2023-02-15 01:00:00,3732.0400347237005,28417.631876710708,131.32832640365945
2023-02-15 02:00:00,3569.0822154151833,27781.113924421697,128.47153015983605
2023-02-15 03:00:00,3321.639531650404,27054.755639725616,122.77470090223633
2023-02-15 04:00:00,3432.7005714935085,26921.734242527597,127.50666582507736
2023-02-15 05:00:00,4448.892583207734,28962.32690487944,153.60963909492386
2023-02-15 06:00:00,5281.186120986087,32025.978971066324,164.90319080510676
2023-02-15 07:00:00,6010.048518399167,35178.839433915084,170.84271724453257
2023-02-15 08:00:00,6601.748305712953,38573.081237280014,171.14910434825498
2023-02-15 09:00:00,6159.536781437945,40124.33163835718,153.51126186858863
2023-02-15 10:00:00,6305.313571839478,40039.28122852832,157.47819087588638
2023-02-15 11:00:00,5843.306956319399,39561.11293107973,147.703300625014
2023-02-15 12:00:00,5701.155992512317,39862.12461741842,143.02187972241455
2023-02-15 13:00:00,5658.105280507033,39155.35584975418,144.5039933289881
2023-02-15 14:00:00,5523.6181612528135,38254.411092356386,144.39166630790163
2023-02-15 15:00:00,5466.609447132006,37544.99528710746,145.6015483642684
2023-02-15 16:00:00,5934.892553447217,38015.27804825778,156.1186148872377
2023-02-15 17:00:00,7035.267951338288,40542.52272531801,173.5281250010844
2023-02-15 18:00:00,7549.928073402448,41137.84899009126,183.52753628953653
2023-02-15 19:00:00,6704.019809057645,39017.64034772418,171.82022667981963
2023-02-15 20:00:00,6025.732673439179,36372.39773399228,165.66773291956378
2023-02-15 21:00:00,5026.332806812056,33259.26813979401,151.12577900648859
2023-02-15 22:00:00,4028.531163443634,29961.401452998634,134.45736741531647
2023-02-15 23:00:00,2284.0436509295487,27263.45581836903,83.7767473847043
2023-02-16 00:00:00,2307.3972145529433,27322.370846158807,84.45084167640361
2023-02-16 01:00:00,2412.308267356939,26487.819685139024,91.07236065603252
2023-02-16 02:00:00,2659.5368089956582,25911.320946839274,102.63995473067824
2023-02-16 03:00:00,2473.3298188706653,25477.224243705405,97.08003490536238
2023-02-16 04:00:00,3064.6262596662295,24977.69660729902,122.69451054068291
2023-02-16 05:00:00,3922.812746592885,25034.687548103786,156.69509511773447
2023-02-16 06:00:00,5647.700199491727,29309.184866976255,192.69386798454434
2023-02-16 07:00:00,6972.262705581153,33353.18717584287,209.04337174202772
2023-02-16 08:00:00,7580.272480809407,37063.19428744035,204.52291354116082
2023-02-16 09:00:00,7744.320667823118,38691.70739063224,200.15453413922276
2023-02-16 10:00:00,7969.295429160312,38879.72539609555,204.97303795156483
2023-02-16 11:00:00,7995.088864366273,39776.7507894362,200.9990435540951
2023-02-16 12:00:00,7480.431192036725,39742.28814483534,188.22346526136886
2023-02-16 13:00:00,6329.046345035564,38499.34046660046,164.39363034092065
2023-02-16 14:00:00,5848.3747119973,37937.43115070806,154.1584270364639
2023-02-16 15:00:00,5993.447621274227,37227.10193518506,160.99688962383453
2023-02-16 16:00:00,6098.872797475533,37630.57168749283,162.07228654733933
2023-02-16 17:00:00,6648.183373740333,39795.0108985276,167.06072504144768
2023-02-16 18:00:00,6690.498943295083,40192.37130127442,166.46191122052412
2023-02-16 19:00:00,4704.947470795966,38258.06960346863,122.97921770651482
2023-02-16 20:00:00,3194.0838801440273,35743.05495394534,89.3623638007322
2023-02-16 21:00:00,2462.6333725235263,33205.08693557514,74.16434046089243
2023-02-16 22:00:00,1936.149555895694,30608.711644826835,63.254853009238694
2023-02-16 23:00:00,1978.643055867725,31418.39770383084,62.977210821494864
2023-02-17 00:00:00,2024.7095797307434,32014.66447647416,63.24319223206579
2023-02-17 01:00:00,2001.539284472708,31800.040228914364,62.9414073084347
2023-02-17 02:00:00,2073.091079035516,31764.661580320724,65.26406943746146
2023-02-17 03:00:00,2061.7734326706536,31753.010243512763,64.93158969366944
2023-02-17 04:00:00,2051.352318805574,31721.81052031128,64.66693688533655
2023-02-17 05:00:00,2096.8894006667633,32175.52441932668,65.17032553499695
2023-02-17 06:00:00,2220.791397006116,31832.069640835656,69.7658500393949
2023-02-17 07:00:00,2850.480057577476,34202.58004467316,83.34108286142059
2023-02-17 08:00:00,3266.682078433014,36873.01069448557,88.59276790548465
2023-02-17 09:00:00,3546.7856275664362,38768.00359741408,91.48744579158611
2023-02-17 10:00:00,3062.8143014682587,38984.152099589584,78.56562568409699
2023-02-17 11:00:00,3152.7449853045437,38836.80486484746,81.1793090671628
2023-02-17 12:00:00,2890.5132803238957,39078.136894736206,73.96753044061437
2023-02-17 13:00:00,2731.058121408458,38100.48680810125,71.68039965378493
2023-02-17 14:00:00,2604.847004218648,35991.424214897714,72.37410191565688
2023-02-17 15:00:00,2876.7432932073702,35164.09059033943,81.8091196135666
2023-02-17 16:00:00,3896.557919184888,35466.28347671124,109.86654188741097
2023-02-17 17:00:00,5664.063696592718,37870.2458213368,149.565010042831
2023-02-17 18:00:00,6255.980564263237,38035.70281127873,164.47653393716578
2023-02-17 19:00:00,6413.999972434253,36202.548016817156,177.1698491900283
2023-02-17 20:00:00,6234.3628422459915,33799.00322830287,184.4540444028661
2023-02-17 21:00:00,5278.5385330265,31448.50594056052,167.84703677189756
2023-02-17 22:00:00,3931.2185849074067,28567.999984495626,137.6091636460708
2023-02-17 23:00:00,2104.470266068676,26044.29063554519,80.8035164220023
2023-02-18 00:00:00,2016.1851792829648,26769.806513482577,75.31564257916904
2023-02-18 01:00:00,1855.9466769761,25972.698250374062,71.45759978747569
2023-02-18 02:00:00,1711.2655408655764,27206.993125700923,62.898003206721135
2023-02-18 03:00:00,1349.1978860582349,27784.2938565216,48.55973281255618
2023-02-18 04:00:00,1289.7066640268063,27617.91985731294,46.698182581817626
2023-02-18 05:00:00,1266.167103006972,27405.226067422136,46.201666057851774
2023-02-18 06:00:00,1415.5832245333181,28205.805307093477,50.18765495687915
2023-02-18 07:00:00,1497.7031209524162,29353.637935349765,51.02274287947029
2023-02-18 08:00:00,1691.8646986074493,30853.550524398102,54.83533239617176
2023-02-18 09:00:00,2110.4168645514283,31997.39601495801,65.95589414728809
2023-02-18 10:00:00,2381.441400871722,32322.907264607496,73.67658426812743
2023-02-18 11:00:00,2462.9885269933598,32935.055780647395,74.78318978407832
2023-02-18 12:00:00,2734.044536390335,33057.43974256071,82.70587673098936
2023-02-18 13:00:00,2222.2984137397934,32421.576633183246,68.54381077400434
2023-02-18 14:00:00,2651.536332518974,31930.14819568275,83.04177970829106
2023-02-18 15:00:00,2559.2922440224047,31239.16858380654,81.9257477085695
2023-02-18 16:00:00,3122.6478336235105,32279.69559018826,96.73721441699935
2023-02-18 17:00:00,5162.582182969773,34931.232673911676,147.79272839190236
2023-02-18 18:00:00,5336.5072890987,35313.785592617874,151.11682872691688
2023-02-18 19:00:00,4354.384994104251,33792.37299060413,128.85703514562218
2023-02-18 20:00:00,3282.0445361685074,32161.26101687661,102.04962219753311
2023-02-18 21:00:00,2055.751709682768,29894.08174347904,68.76784934634094
2023-02-18 22:00:00,2039.159990921614,28859.14205877952,70.65906487338772
2023-02-18 23:00:00,2005.1224090100663,28366.77019429441,70.68560838178783
2023-02-19 00:00:00,2024.6113122056538,28238.295902929094,71.69736159594692
2023-02-19 01:00:00,2035.0978075099672,27858.784715573664,73.05048760336999
2023-02-19 02:00:00,1954.099822326742,27270.73552436055,71.65555987960697
2023-02-19 03:00:00,1611.0669288058946,26221.070919324517,61.441690683143065
2023-02-19 04:00:00,1762.8542592675576,26089.61984204949,67.56918153427088
2023-02-19 05:00:00,1809.6847951224267,24984.364364618756,72.43269305202679
2023-02-19 06:00:00,1834.834369881243,23261.222441610378,78.8795332870828
2023-02-19 07:00:00,2331.0143420265726,24355.594358131468,95.70755317035939
2023-02-19 08:00:00,4048.587075172559,27450.62235744834,147.4861670695066
2023-02-19 09:00:00,4652.359880267825,30481.036987918946,152.63128620301768
2023-02-19 10:00:00,4899.521475916094,32292.99999925372,151.72085207411266
2023-02-19 11:00:00,4590.352840481688,33073.21757396898,138.7936577448282
2023-02-19 12:00:00,2789.5536796557294,33279.1833940033,83.82278034377458
2023-02-19 13:00:00,2501.367589386713,32596.090442755132,76.73827000141583
2023-02-19 14:00:00,2201.770415166635,32032.111190377815,68.73635028552313
2023-02-19 15:00:00,2800.8638027716734,32165.656936940923,87.07621946794431
2023-02-19 16:00:00,3284.2830777341346,33596.03298433504,97.758062068385
2023-02-19 17:00:00,3822.7965873743856,35906.21154347768,106.46616345880668
2023-02-19 18:00:00,3828.4033258213763,37105.17101489481,103.1770834389787
2023-02-19 19:00:00,3281.6135252937192,35191.56664786694,93.24999816376824
2023-02-19 20:00:00,3141.324896693098,33007.83906837746,95.16905636220775
2023-02-19 21:00:00,2641.301539159956,31658.239906851126,83.43172415559195
2023-02-19 22:00:00,1744.6615427747902,30168.116118720012,57.83130560453483
2023-02-19 23:00:00,1732.021244797376,30125.347688252386,57.493817589125825
2023-02-20 00:00:00,1751.0409983297684,30239.795264530127,57.905186956859396
2023-02-20 01:00:00,1711.098891239803,30220.36985663535,56.62071309375801
2023-02-20 02:00:00,1514.3310393009988,29493.6920523394,51.34423444218758
2023-02-20 03:00:00,1642.3453812845032,30062.596383181997,54.630856242453
2023-02-20 04:00:00,1807.8841801366552,30737.924520166758,58.8160784554769
2023-02-20 05:00:00,1859.049100490183,31126.53937263593,59.72553126559635
2023-02-20 06:00:00,2292.1849244819864,32033.723415591023,71.55536978153359
2023-02-20 07:00:00,3409.4490967291877,34651.03631034684,98.39385657020371
2023-02-20 08:00:00,3737.3714786722558,36409.882402714924,102.6471724718775
2023-02-20 09:00:00,3841.2725503723514,38025.47534737378,101.01839662177024
2023-02-20 10:00:00,3836.10095946975,38314.92538773387,100.12027742843624
2023-02-20 11:00:00,4139.48366121142,38506.09549024456,107.50203593766473
2023-02-20 12:00:00,3940.7884855357115,38436.05963995448,102.52842051059889
2023-02-20 13:00:00,3604.3577154157997,37660.52582138536,95.70651595546978
2023-02-20 14:00:00,3485.2872154928345,36749.641944264244,94.83867137477802
2023-02-20 15:00:00,4118.119445541151,36441.87359277461,113.00515147930423
2023-02-20 16:00:00,4882.483663533165,37318.608795238244,130.83241367122335
2023-02-20 17:00:00,5685.892458291563,39459.51479370152,144.09433283754262
2023-02-20 18:00:00,5792.200258951732,40207.58204098747,144.05741317762363
2023-02-20 19:00:00,5503.634866530875,38681.4720401909,142.28090546327908
2023-02-20 20:00:00,5130.915801064734,35708.12887182231,143.69041344850746
2023-02-20 21:00:00,4760.218822030954,32405.06737398276,146.89735920292568
2023-02-20 22:00:00,4247.413937324727,29643.301820007287,143.28410388002058
2023-02-20 23:00:00,3573.9317682798364,26959.361457987638,132.56737455927157
2023-02-21 00:00:00,3521.5036903899168,26337.703278528366,133.70580012801642
2023-02-21 01:00:00,3310.448124214046,26166.37996651993,126.51532724243047
2023-02-21 02:00:00,2971.431788259548,25336.45106608195,117.27892673324799
2023-02-21 03:00:00,3110.3073474281973,24704.0836527539,125.90255891080074
2023-02-21 04:00:00,3397.1805882631174,24113.697377606673,140.88177914258512
2023-02-21 05:00:00,4212.018378658747,24751.476952963923,170.17240573817026
2023-02-21 06:00:00,6195.803771105549,29040.51584160903,213.35033457733033
2023-02-21 07:00:00,7479.137084016384,32768.82986459292,228.239370002579
2023-02-21 08:00:00,8204.645867877447,35530.85011570098,230.9161149018452
2023-02-21 09:00:00,8239.367983369533,36904.06594969472,223.2645040955898
2023-02-21 10:00:00,8293.52356479583,37296.92442633285,222.36481137142587
2023-02-21 11:00:00,8099.910995293259,37963.46287741601,213.36069950857396
2023-02-21 12:00:00,8021.370360917174,38966.52867253365,205.85283406502668
2023-02-21 13:00:00,8062.699166458078,39060.30998478854,206.4166712859672
2023-02-21 14:00:00,7853.643703812954,38419.32836252466,204.41907858737136
2023-02-21 15:00:00,8044.745548344495,37676.7040267605,213.52041682389685
2023-02-21 16:00:00,8101.376272582141,37435.411758633505,216.40943406248948
2023-02-21 17:00:00,9210.817957801235,39353.22903770023,234.05494753625706
2023-02-21 18:00:00,9693.242267596452,40017.72351525312,242.2237302904495
2023-02-21 19:00:00,8987.941981989246,38704.25688357063,232.22101922862367
2023-02-21 20:00:00,8464.604819606688,36637.58259423396,231.03611702096447
2023-02-21 21:00:00,8174.888109758806,34310.32232352251,238.26322681189905
2023-02-21 22:00:00,7478.836183800135,31910.839590939195,234.36663778422442
2023-02-21 23:00:00,5760.024448865283,28131.08148338927,204.75659466794548
2023-02-22 00:00:00,5383.318287844379,27465.78171878555,196.0009128071674
2023-02-22 01:00:00,5134.144034613081,27276.89504940367,188.22318395529132
2023-02-22 02:00:00,4938.620712516416,26446.032865089684,186.74334777204655
2023-02-22 03:00:00,4932.8431401990765,26129.64738816405,188.7833795427912
2023-02-22 04:00:00,5154.83214633601,25987.622789876543,198.35720211946705
2023-02-22 05:00:00,5151.7314320006935,27158.51745535099,189.69118768983682
2023-02-22 06:00:00,5807.500850121806,29489.11619133556,196.9370940939951
2023-02-22 07:00:00,6946.240050269172,33693.107801651444,206.16204629033084
2023-02-22 08:00:00,7498.888514506124,36467.60392158644,205.63151148154466
2023-02-22 09:00:00,7936.60659653282,38061.1027127297,208.52277077821992
2023-02-22 10:00:00,8567.65996021811,38508.10119925421,222.4898058693177
2023-02-22 11:00:00,8358.266734889554,38227.10058737497,218.6476768172679
2023-02-22 12:00:00,8027.843845790172,38498.3592626248,208.52431115379534
2023-02-22 13:00:00,7402.231853524346,37698.71638546743,196.3523579380504
2023-02-22 14:00:00,7992.20485653398,37484.41887550597,213.21405256615705
2023-02-22 15:00:00,8391.04891842504,37967.10886259258,221.00837197778822
2023-02-22 16:00:00,8819.31676280477,38449.83868136419,229.37200948724143
2023-02-22 17:00:00,9969.684936744068,40223.69622159655,247.8560120835249
2023-02-22 18:00:00,10515.74665710793,41038.3466572061,256.241966689012
2023-02-22 19:00:00,9224.287117924316,39534.264263954996,233.3238594333593
2023-02-22 20:00:00,8204.934529963963,37561.902341661546,218.43767270710117
2023-02-22 21:00:00,6599.668803012884,34254.38954393567,192.66636746067124
2023-02-22 22:00:00,5550.164103731909,30284.763955230246,183.26588617090354
2023-02-22 23:00:00,3432.631115738444,27142.3988993502,126.46749200272872
2023-02-23 00:00:00,2931.513719254305,26999.637769552497,108.57603884449793
2023-02-23 01:00:00,2661.949462349432,27134.89580960068,98.1005964064767
2023-02-23 02:00:00,2404.44100185847,26300.67900924458,91.42125193852671
2023-02-23 03:00:00,2249.8306561025297,25678.69493942504,87.6146806295953
2023-02-23 04:00:00,2281.6874350970766,24835.218570348854,91.87305634673245
2023-02-23 05:00:00,3620.430944191397,27204.746244474638,133.0808569819583
2023-02-23 06:00:00,5432.954277163099,31375.782626526583,173.1575700224867
2023-02-23 07:00:00,7158.040439673088,35483.60469681726,201.72810797644627
2023-02-23 08:00:00,7749.600075971739,38089.803942141974,203.45602428784622
2023-02-23 09:00:00,7876.899311788448,39815.78830335215,197.83356420762567
2023-02-23 10:00:00,8525.651655968117,39789.08075931714,214.2711390479088
2023-02-23 11:00:00,8739.42371697111,39100.67449152423,223.51081741225556
2023-02-23 12:00:00,8930.480879908668,39971.83079013734,223.41936066916844
2023-02-23 13:00:00,8684.993724769616,39305.82324728871,220.95946623808982
2023-02-23 14:00:00,8046.253918859177,38770.174366367886,207.5372125702662
2023-02-23 15:00:00,8032.578179836645,38496.95218537944,208.65491224230723
2023-02-23 16:00:00,7962.8482232468,39346.27709367627,202.37869530295634
2023-02-23 17:00:00,8985.220950637258,41361.952374468274,217.2339658749672
2023-02-23 18:00:00,9722.96466027371,42273.99556791688,229.99871504109223
2023-02-23 19:00:00,9276.75298183824,40651.564263101616,228.20162397190978
2023-02-23 20:00:00,8544.594916026132,38436.58982376265,222.30366833281363
2023-02-23 21:00:00,7149.359973195268,35194.113106876604,203.14079094660718
2023-02-23 22:00:00,5687.076927710278,31921.399432261438,178.15875960508862
2023-02-23 23:00:00,3732.658986165732,29483.55580593522,126.60138453904956
2023-02-24 00:00:00,2982.085876897697,28512.51606902723,104.58866098236406
2023-02-24 01:00:00,2804.7496045752964,28481.398421289265,98.47654118271114
2023-02-24 02:00:00,2512.6302764098373,28279.946447802882,88.84848070867008
2023-02-24 03:00:00,2301.5964858082266,27659.686198122792,83.21122912683049
2023-02-24 04:00:00,2455.3433559356486,27489.230741238436,89.3201915705929
2023-02-24 05:00:00,3052.4964287213484,28595.219159785738,106.74848867793118
2023-02-24 06:00:00,4816.63107456313,32669.38670531335,147.43561359172233
2023-02-24 07:00:00,6056.798112892645,35862.5802016015,168.8890782214875
2023-02-24 08:00:00,6592.508882754262,37982.195034929064,173.56840163375708
2023-02-24 09:00:00,6678.921681026613,39356.52719710281,169.70302403913004
2023-02-24 10:00:00,7098.192460650364,39809.773152001864,178.3027608207666
2023-02-24 11:00:00,6599.570942417003,39892.31534873583,165.4346428559991
2023-02-24 12:00:00,6272.6259732255985,39551.058855575764,158.59565217029092
2023-02-24 13:00:00,6062.7973820898,38637.541217413665,156.9146791193157
2023-02-24 14:00:00,5520.268987543977,37988.88669724507,145.31273399871188
2023-02-24 15:00:00,5259.764293183558,36662.2936911281,143.46522717579907
2023-02-24 16:00:00,5552.762142277419,37198.04571762553,149.2756416406671
2023-02-24 17:00:00,6066.599876289743,38626.14441027018,157.05942099353607
2023-02-24 18:00:00,6488.766812395823,39761.539714473096,163.19204082617375
2023-02-24 19:00:00,6040.277415544303,38387.301675920404,157.3509247026146
2023-02-24 20:00:00,5285.175963398236,35623.548005869976,148.36186340920773
2023-02-24 21:00:00,4649.8977785073275,33288.58626249167,139.68444745118714
2023-02-24 22:00:00,4041.432974675559,30694.88275155152,131.66471451894625
2023-02-24 23:00:00,2994.464692457608,28055.30622482501,106.73434353063405
2023-02-25 00:00:00,2740.9110321575713,27541.33070954062,99.51992011802427
2023-02-25 01:00:00,2451.25496010885,26806.18638190866,91.44362891407737
2023-02-25 02:00:00,2351.0316001435854,26778.34083377746,87.796014500572
2023-02-25 03:00:00,2054.7369359708946,26722.535593223805,76.89154080468047
2023-02-25 04:00:00,2104.6794782383795,26163.75264899812,80.4425690180561
2023-02-25 05:00:00,2383.4027163894484,25970.127951750852,91.77477757589425
2023-02-25 06:00:00,2561.2898252460127,26800.9758886483,95.56703591270573
2023-02-25 07:00:00,3376.1609271116477,29086.717637413756,116.07225570096465
2023-02-25 08:00:00,3896.1552456802924,32396.45784284389,120.2648531694622
2023-02-25 09:00:00,3886.4162543249877,34942.86699969402,111.2220200580284
2023-02-25 10:00:00,3594.3382684050434,35519.722839728594,101.19274535511853
2023-02-25 11:00:00,3255.5018927775936,36155.097047065625,90.04268163185066
2023-02-25 12:00:00,3326.176965600267,36010.82856275225,92.36602150944935
2023-02-25 13:00:00,3208.2426945736124,35326.526880669946,90.81681608301852
2023-02-25 14:00:00,3161.595788758698,34901.696050143124,90.58573498022693
2023-02-25 15:00:00,3137.0633106292994,34904.48150671883,89.87565995001071
2023-02-25 16:00:00,3648.1214932229436,35613.34828477632,102.43691393607071
2023-02-25 17:00:00,4371.999524734943,36891.19856957204,118.51063923797206
2023-02-25 18:00:00,5418.426878448946,37877.12466121605,143.05275088626507
2023-02-25 19:00:00,5185.662712532296,36110.09555299056,143.60700610505114
2023-02-25 20:00:00,4719.047773335323,34144.083247093426,138.20982508695823
2023-02-25 21:00:00,4308.718943395925,31885.076314176586,135.13277813546281
2023-02-25 22:00:00,3776.5928541215844,29759.069649258035,126.90560889949542
2023-02-25 23:00:00,2871.9071427624317,27283.56169601561,105.26144550921423
2023-02-26 00:00:00,2647.3618018118077,27068.190701090327,97.80342657720266
2023-02-26 01:00:00,2596.0987491593974,26386.420102594915,98.38768347753584
2023-02-26 02:00:00,2420.106022400121,26049.581103630746,92.90383644836466
2023-02-26 03:00:00,2580.223826199454,25458.54994365988,101.3499917281041
2023-02-26 04:00:00,2294.0230937036526,24973.060092943815,91.85991164742495
2023-02-26 05:00:00,2521.3386994336734,24858.550431823867,101.42742258236669
2023-02-26 06:00:00,2921.2257928115177,25629.547977346472,113.97882613433292
2023-02-26 07:00:00,3495.3158350855333,26600.54662994837,131.40015067022392
2023-02-26 08:00:00,4473.15546077945,29850.044544393244,149.85423067382476
2023-02-26 09:00:00,5071.34746466686,32618.043623114434,155.4767515570156
2023-02-26 10:00:00,6077.766233758112,33900.54263221477,179.28226989448174
2023-02-26 11:00:00,5996.952354449164,33785.54237485421,177.50055002558005
2023-02-26 12:00:00,6684.204831732384,34690.54123926188,192.68090358207988
2023-02-26 13:00:00,7119.666375245534,34542.04052933469,206.11597537786415
2023-02-26 14:00:00,7164.402723337869,34164.04032952157,209.7059555671763
2023-02-26 15:00:00,7543.1660549516055,34773.5400077157,216.92258117171548
2023-02-26 16:00:00,8152.024793414479,35955.53978965546,226.72514002306391
2023-02-26 17:00:00,9030.92875679991,37928.03935719076,238.1069232646148
2023-02-26 18:00:00,9646.4747263424,39184.03824213378,246.18378194541845
2023-02-26 19:00:00,8758.547181694808,37772.538538192086,231.87605389134697
2023-02-26 20:00:00,7921.1638625852465,35423.0387352954,223.61615901384047
2023-02-26 21:00:00,7198.81662731599,33069.03883720085,217.69053109634734
2023-02-26 22:00:00,5958.249816171358,29697.539437754895,200.63109365204016
2023-02-26 23:00:00,5207.236790144555,27858.039717482898,186.9204309762199
2023-02-27 00:00:00,5277.195805455459,27954.039349910487,188.78115392909604
2023-02-27 01:00:00,5101.811205738979,27428.53948518412,186.0037501630296
2023-02-27 02:00:00,5370.69221051011,26673.53945892271,201.3490642582693
2023-02-27 03:00:00,5209.500779229582,26225.54016132488,198.64226807850827
2023-02-27 04:00:00,4963.399141720391,25579.54070670996,194.0378523066446
2023-02-27 05:00:00,5628.261129068345,26970.04073255757,208.68567403660043
2023-02-27 06:00:00,6877.679301474954,31032.040290153152,221.63155361902923
2023-02-27 07:00:00,8443.094953865935,35703.539570805944,236.47781299447638
2023-02-27 08:00:00,9163.327729180985,38917.5411230881,235.4549507688392
2023-02-27 09:00:00,9610.309013363707,40963.5413469821,234.606401139967
2023-02-27 10:00:00,9571.253697075848,40884.04200724382,234.1073246960273
2023-02-27 11:00:00,9463.087622590776,40988.54249249601,230.8715325587201
2023-02-27 12:00:00,9513.87732604394,40580.54301399937,234.44430802125703
2023-02-27 13:00:00,9790.032393488094,40403.543301883336,242.3062829004839
2023-02-27 14:00:00,9704.408732228449,39756.54422057018,244.0958821367415
2023-02-27 15:00:00,9923.073225000266,39923.044836645,248.55502043000405
2023-02-27 16:00:00,10065.527857185369,40527.04557083278,248.36569543646937
2023-02-27 17:00:00,10494.212060918113,41416.54614166416,253.38211508567005
2023-02-27 18:00:00,10782.780173940873,42360.04616045608,254.5507182191602
2023-02-27 19:00:00,10259.055382996818,41121.546507437866,249.48126357896604
2023-02-27 20:00:00,9548.450820824919,38367.04813113309,248.8711351519585
2023-02-27 21:00:00,9044.254073978269,35598.54939027955,254.06243312958898
2023-02-27 22:00:00,8847.013044371972,33072.55044524595,267.5031990356733
2023-02-27 23:00:00,7941.050885278269,29970.55216528331,264.9617812005768
2023-02-28 00:00:00,7860.218354669152,29575.552948194614,265.7674183957722
2023-02-28 01:00:00,7779.584491564952,29221.553519069577,266.2276147121372
2023-02-28 02:00:00,7373.088551462343,28329.0553775045,260.2659514484608
2023-02-28 03:00:00,7377.514364013767,28476.557257010514,259.07325444677934
2023-02-28 04:00:00,7621.349400038324,29778.05901925242,255.93842080542893
2023-02-28 05:00:00,8136.671436879918,31673.560506245096,256.8915937087529
2023-02-28 06:00:00,9504.394521076218,35431.06097765406,268.2503503654752
2023-02-28 07:00:00,10342.611296959434,38245.562499857166,270.42643959016317
2023-02-28 08:00:00,10445.415639552368,39426.565954436715,264.9334373078194
2023-02-28 09:00:00,10193.19379152016,40844.568540184984,249.5605696383247
2023-02-28 10:00:00,9574.903788588745,41713.0717981122,229.5420446360432
2023-02-28 11:00:00,9357.065238378424,41913.57511844768,223.24665008736133
2023-02-28 12:00:00,9629.90520148296,41970.57843039665,229.44418594213667
2023-02-28 13:00:00,9529.478693497727,41536.58297980795,229.42375154283306
2023-02-28 14:00:00,9478.189665538626,40978.588577088696,231.29614744315333
2023-02-28 15:00:00,9689.847522634498,41157.09446800485,235.43565569642672
2023-02-28 16:00:00,10289.010866600729,41605.60104324134,247.29869557483866
2023-02-28 17:00:00,10659.990509021503,42972.108188693564,248.06766431408792
2023-02-28 18:00:00,11358.72475929526,44097.11582945219,257.5843010510188
2023-02-28 19:00:00,10623.063318406766,42566.63258827437,249.5631595094288
2023-02-28 20:00:00,9682.534776406037,39740.65075020255,243.6430856975005
2023-02-28 21:00:00,9041.74037298247,37819.175199497615,239.07820107886906
2023-02-28 22:00:00,8386.14911070978,34706.2112161887,241.6325152426337
2023-02-28 23:00:00,7232.407091477801,31771.268298602776,227.6398607541854
2023-03-01 00:00:00,6994.416185815028,31156.873191962004,224.4903120644173
2023-03-01 01:00:00,6765.523850311595,30767.151181459314,219.89438704967225
2023-03-01 02:00:00,6515.988852159725,30182.83921488178,215.8838936844281
2023-03-01 03:00:00,6311.32792493802,29730.971073536,212.2812574580126
2023-03-01 04:00:00,6188.973005300154,29924.596832142026,206.8189269187605
2023-03-01 05:00:00,6491.51340932632,31231.4834247021,207.85158748469658
2023-03-01 06:00:00,7791.879956128371,35352.525939788684,220.40518319396065
2023-03-01 07:00:00,9008.564540294059,38605.27915190972,233.35058671239847
2023-03-01 08:00:00,9513.615750788362,40213.50720181012,236.57761813821918
2023-03-01 09:00:00,9674.733733402876,41312.56422709224,234.1838110125905
2023-03-01 10:00:00,8777.237118794892,41690.560640470954,210.53295959456162
2023-03-01 11:00:00,8554.975939389997,41852.55194438812,204.40751022201664
2023-03-01 12:00:00,8709.992403592543,41715.04622918723,208.79738106339016
2023-03-01 13:00:00,8997.445610419736,41202.04342247275,218.37377137252074
2023-03-01 14:00:00,8599.259579548949,40439.542078224404,212.64483071828394
2023-03-01 15:00:00,8588.448039563867,39996.54098960217,214.7297698017584
2023-03-01 16:00:00,9502.04684168225,40724.03890824898,233.3277124867282
2023-03-01 17:00:00,10423.9313749335,42008.037766112546,248.14135411348298
2023-03-01 18:00:00,10856.810137718963,42968.53525894744,252.6688441272436
2023-03-01 19:00:00,10137.897433397335,41483.5728183832,244.38342082494844
2023-03-01 20:00:00,9273.558327730394,39390.578120761675,235.42579901467758
2023-03-01 21:00:00,8626.645494015256,36835.433429071614,234.1942171150578
2023-03-01 22:00:00,8168.472932183523,35578.021959883445,229.59322869028563
2023-03-01 23:00:00,7053.336544130839,32104.059015544066,219.7023292511321
2023-03-02 00:00:00,6902.1370319104835,31237.539200220977,220.95649044793058
2023-03-02 01:00:00,7053.881402923698,30890.038501140465,228.35456817780488
2023-03-02 02:00:00,6949.298597824649,29749.039507941758,233.5974106313407
2023-03-02 03:00:00,6841.803535454735,29208.04064322555,234.24383781941935
2023-03-02 04:00:00,7218.994602806987,30036.041290995672,240.34440933370027
2023-03-02 05:00:00,7642.550472235868,31459.54193613581,242.9326684969084
2023-03-02 06:00:00,8874.57164200647,34953.54095604767,253.89621192215688
2023-03-02 07:00:00,10120.735065247198,38193.540986724234,264.9855133559123
2023-03-02 08:00:00,10681.197070094397,40060.54265691199,266.6263700312477
2023-03-02 09:00:00,10749.490359576836,41735.542985796645,257.5620104723468
2023-03-02 10:00:00,10495.046252979862,41933.54393804485,250.27806541908015
2023-03-02 11:00:00,10450.778474123392,41985.54461406182,248.9137290033678
2023-03-02 12:00:00,10486.531295659372,41949.545272416006,249.97961783759328
2023-03-02 13:00:00,10334.731006364123,41385.54619768693,249.7183668181656
2023-03-02 14:00:00,10119.732530957785,40339.54768853513,250.86380762355216
2023-03-02 15:00:00,10110.554192506457,40135.548771661735,251.91020185190928
2023-03-02 16:00:00,10297.138125600362,40073.04970797448,256.95918330745974
2023-03-02 17:00:00,10905.738683749456,41336.05055558976,263.831172479411
2023-03-02 18:00:00,11705.105530569645,42494.04961397226,275.45281367396313
2023-03-02 19:00:00,10845.13622871682,41203.05194298111,263.21196409734097
2023-03-02 20:00:00,10337.103290739928,38905.053722619916,265.70078438755115
2023-03-02 21:00:00,9765.577064237259,36770.55544236408,265.5814400069178
2023-03-02 22:00:00,8941.936133875262,33766.05800773986,264.8202562415071
2023-03-02 23:00:00,8003.086797810091,31212.560447554908,256.4059687207439
2023-03-03 00:00:00,7740.880867683648,30433.061970137365,254.35760868490448
2023-03-03 01:00:00,7686.007620221686,30133.06359713493,255.06890779444268
2023-03-03 02:00:00,7654.79671303259,30009.066197625205,255.08280273107465
2023-03-03 03:00:00,7593.1097429445,29892.56911420366,254.01328717967507
2023-03-03 04:00:00,7641.24094650494,30103.572329771614,253.83170019818414
2023-03-03 05:00:00,8168.390380147233,31525.07540703251,259.10771900406166
2023-03-03 06:00:00,8774.577329352947,33321.57871783429,263.3301802311258
2023-03-03 07:00:00,9345.208135065604,35335.58306565499,264.47018343242894
2023-03-03 08:00:00,9993.975147916715,38422.08873333163,260.11014698549747
2023-03-03 09:00:00,9936.62251469328,40195.09542245285,247.2098252351135
2023-03-03 10:00:00,9881.424353697315,40850.603160752384,241.89176142179926
2023-03-03 11:00:00,9885.715488118276,40835.11302305008,242.08860356375442
2023-03-03 12:00:00,10158.117698337466,40825.124693561076,248.820249162389
2023-03-03 13:00:00,9958.22716734472,40041.14083720581,248.69988614539272
2023-03-03 14:00:00,9928.656321473176,39760.16294504083,249.71367283371632
2023-03-03 15:00:00,10039.799810807559,38988.69504213562,257.50540765617853
2023-03-03 16:00:00,10326.321138457617,39421.74670024626,261.9447894325066
2023-03-03 17:00:00,10536.849786818597,40622.84706053827,259.3823562173286
2023-03-03 18:00:00,10554.916485245949,41212.62298794645,256.1088258889265
2023-03-03 19:00:00,9938.131803564067,39590.7484817912,251.02156904497193
2023-03-03 20:00:00,9488.449087991428,37301.98587732542,254.3684703328122
2023-03-03 21:00:00,9177.854687493986,36489.538168319894,251.52016572964385
2023-03-03 22:00:00,8460.216049259983,34359.0325254957,246.22975175398736
2023-03-03 23:00:00,7264.78362227747,31253.03574286971,232.45049479505076
2023-03-04 00:00:00,7152.338682873667,30357.263058463228,235.6055178327311
2023-03-04 01:00:00,7113.469537954296,29665.281029453694,239.79107195686308
2023-03-04 02:00:00,6824.37497595107,29306.179833434184,232.86470685494902
2023-03-04 03:00:00,6436.424236527206,28981.14057681252,222.09009405505992
2023-03-04 04:00:00,6269.038082262267,29242.63153400834,214.3800934936911
2023-03-04 05:00:00,6357.959806542331,29393.12948369178,216.307685442951
2023-03-04 06:00:00,6782.235210955286,30556.631097329886,221.956248689599
2023-03-04 07:00:00,6878.703078558598,30832.629832588693,223.09816307943086
2023-03-04 08:00:00,7162.134478534626,31983.130142763257,223.93475705989286
2023-03-04 09:00:00,7511.464884047009,34433.131969433845,218.146432067664
2023-03-04 10:00:00,7477.753505186354,35982.135249859246,207.8185036341223
2023-03-04 11:00:00,6965.384996829133,35833.64073583444,194.38116958804002
2023-03-04 12:00:00,7191.085755586897,36227.14665576911,198.49992117559526
2023-03-04 13:00:00,7388.985050366789,35943.1543143398,205.57419601370088
2023-03-04 14:00:00,7455.980108515679,35354.16493346914,210.89396744475894
2023-03-04 15:00:00,7925.392920779654,34757.678654111834,228.01847613727446
2023-03-04 16:00:00,8465.782215433032,35458.196643419986,238.753885330602
2023-03-04 17:00:00,9900.55049814263,37177.21991519973,266.30690838974857
2023-03-04 18:00:00,10545.965066235638,37797.755279109035,279.0103536138939
2023-03-04 19:00:00,10090.120691558186,36641.81357818449,275.3717599165332
2023-03-04 20:00:00,9257.082301854329,34305.92253356527,269.8391886356387
2023-03-04 21:00:00,8949.060852119765,32869.20598420312,272.2627634029452
2023-03-04 22:00:00,8655.173124988574,30970.92238777169,279.4612642342843
2023-03-04 23:00:00,7004.305220557766,27512.94207685038,254.5821962984921
2023-03-05 00:00:00,6386.1081489891985,27035.36620585819,236.21311804555535
2023-03-05 01:00:00,6124.2570516597,26771.335766833752,228.76172877585242
2023-03-05 02:00:00,5749.320126155633,26281.03865013211,218.76304824530715
2023-03-05 03:00:00,5451.43935378303,25771.038872252866,211.53355054120382
2023-03-05 04:00:00,5456.769220958917,25080.27145241191,217.57217545722185
2023-03-05 05:00:00,5503.647570003166,25095.725635687733,219.30617388391536
2023-03-05 06:00:00,5573.857651504987,25492.182386371125,218.64968510836232
2023-03-05 07:00:00,6142.662835778506,26429.692006689318,232.41522580829948
2023-03-05 08:00:00,7053.191341900683,29693.686819479502,237.5316808848972
2023-03-05 09:00:00,7945.732074250724,33010.19114412623,240.70542456294055
2023-03-05 10:00:00,8210.607207621493,34992.703189761516,234.63769469584238
2023-03-05 11:00:00,8389.079045329934,36091.2241064061,232.44096738300692
2023-03-05 12:00:00,8455.801225409035,36468.26090439411,231.86741061157056
2023-03-05 13:00:00,8591.888990942805,36299.83409080647,236.69223857744416
2023-03-05 14:00:00,8663.337969646354,36247.048668695046,239.00809273689893
2023-03-05 15:00:00,9021.995736543062,36197.38660151067,249.24439534445662
2023-03-05 16:00:00,9811.773100708211,37264.28023752323,263.30236457454123
2023-03-05 17:00:00,10722.177890764295,38634.45112621727,277.5289302217689
2023-03-05 18:00:00,11435.400264177419,38817.03545574116,294.59746551783843
2023-03-05 19:00:00,11068.915059952531,37339.59880585097,296.43904631932133
2023-03-05 20:00:00,10244.306311646855,35681.67393342598,287.1027388109773
2023-03-05 21:00:00,9574.332188235849,32990.85248355542,290.21172438657834
2023-03-05 22:00:00,8936.480422701445,30867.620510111097,289.50985774151854
2023-03-05 23:00:00,8163.694749818241,29435.500075103846,277.3418059482192
2023-03-06 00:00:00,8100.364877233203,29202.214242083093,277.3887216250824
2023-03-06 01:00:00,7535.115463557507,28758.445758930007,262.0140019638481
2023-03-06 02:00:00,6867.89547499262,27991.06004740912,245.36032087960595
2023-03-06 03:00:00,6396.387252559082,27901.345983272953,229.25013210451425
2023-03-06 04:00:00,6790.388795088172,28487.622995036658,238.36277236157076
2023-03-06 05:00:00,7757.296370137174,31072.541625391503,249.6511699512265
2023-03-06 06:00:00,9095.068756023109,35242.749040861345,258.06922001113065
2023-03-06 07:00:00,9804.455932216424,39183.52052379452,250.21886244914077
2023-03-06 08:00:00,9503.187986744519,41082.71604035892,231.31839621822368
2023-03-06 09:00:00,9471.14645902594,43766.23746505695,216.40303136836295
2023-03-06 10:00:00,8944.123216654989,44077.76574211745,202.91689168148207
2023-03-06 11:00:00,8366.026556550018,43847.1371086194,190.79983570707145
2023-03-06 12:00:00,8364.85560147395,44093.93658759136,189.70534837272695
2023-03-06 13:00:00,7931.961529570615,43262.2651966616,183.345959660538
2023-03-06 14:00:00,7846.375496818355,42882.475212842815,182.9739411699923
2023-03-06 15:00:00,7603.7521838399125,41861.25098369915,181.64178100651668
2023-03-06 16:00:00,8149.783506707917,42951.621593526135,189.74332526565865
2023-03-06 17:00:00,8648.568011442218,44179.377666396525,195.76029514830498
2023-03-06 18:00:00,9369.745058327082,45117.600921994876,207.67383165001846
2023-03-06 19:00:00,9291.678471391035,43662.369638792596,212.80747124488818
2023-03-06 20:00:00,8883.796998736869,41315.83503487822,215.02160106983916
2023-03-06 21:00:00,8117.151169723465,38726.222411277915,209.60348477881936
2023-03-06 22:00:00,7687.266393887245,35407.059422272694,217.111121886942
2023-03-06 23:00:00,6553.941601258524,32766.395060661685,200.02022160585443
2023-03-07 00:00:00,6238.469543297425,31767.156902605613,196.38111029022343
2023-03-07 01:00:00,6368.253744073941,31066.103725071058,204.99042301640853
2023-03-07 02:00:00,6606.8638256798295,31003.537201119205,213.10032409596562
2023-03-07 03:00:00,6510.496222264094,30245.45836290347,215.25533335111626
2023-03-07 04:00:00,6502.7744790533925,30089.448824499617,216.1147755474558
2023-03-07 05:00:00,6924.889315528237,31006.889937596672,223.3338889990262
2023-03-07 06:00:00,8834.43984143635,35541.19408510063,248.56902163396563
2023-03-07 07:00:00,10500.652525461557,39635.47724923966,264.93064431721945
2023-03-07 08:00:00,10835.101659830993,40770.24091297914,265.7600597199722
2023-03-07 09:00:00,11031.336636258173,42140.91966650059,261.77256508778567
2023-03-07 10:00:00,11143.9426185542,42482.21354911148,262.3201967965079
2023-03-07 11:00:00,11009.525300846653,43058.5796274565,255.68714518921055
2023-03-07 12:00:00,10686.329748390926,42671.121868564114,250.43470338809075
2023-03-07 13:00:00,10221.133614477034,42154.39372582951,242.46899815366524
2023-03-07 14:00:00,9977.571276232258,41835.619719788425,238.49464506707966
2023-03-07 15:00:00,9855.279287205696,40980.55814650047,240.48670230342594
2023-03-07 16:00:00,10296.062199594742,40734.42840602676,252.76068923729918
2023-03-07 17:00:00,10918.107253519847,40747.980549289896,267.9422907918835
2023-03-07 18:00:00,12573.204948824514,42757.12883487643,294.0610207336634
2023-03-07 19:00:00,11898.178718761446,41705.59633042722,285.28973964294744
2023-03-07 20:00:00,11068.94911283651,38730.56500581002,285.7936389819266
2023-03-07 21:00:00,10144.782497228023,35592.05741682263,285.02939232821865
2023-03-07 22:00:00,9357.673112356426,32079.056589005697,291.70661819161904
2023-03-07 23:00:00,7603.875493753126,28634.054132607984,265.55357681935646
2023-03-08 00:00:00,7464.264136804385,28653.5524632363,260.500478828283
2023-03-08 01:00:00,7389.722802452209,28762.05148374207,256.9261377836451
2023-03-08 02:00:00,7079.258894364999,28690.051258926254,246.74960774642915
2023-03-08 03:00:00,6790.227317823813,28218.051410915068,240.63416778655647
2023-03-08 04:00:00,6565.03830237339,27461.051888494912,239.06725529053313
2023-03-08 05:00:00,6919.635253576599,28012.05244777646,247.02350056201846
2023-03-08 06:00:00,8306.602419551062,32249.052992597663,257.576630900068
2023-03-08 07:00:00,9689.67012873337,37505.553730520645,258.35294149645557
2023-03-08 08:00:00,10228.276722801253,40281.555011877506,253.91960960259158
2023-03-08 09:00:00,10527.881209768646,42087.05633195441,250.14534460979633
2023-03-08 10:00:00,10592.557547517617,43142.557806704936,245.52456057372174
2023-03-08 11:00:00,10068.088799905865,43568.559602316556,231.08610639885697
2023-03-08 12:00:00,10027.702647789562,43946.061608916236,228.18205501616637
2023-03-08 13:00:00,9830.817856208723,43224.06379030389,227.43853756790895
2023-03-08 14:00:00,9779.690427525924,42557.566206963886,229.79910035188126
2023-03-08 15:00:00,9755.011530514957,42099.56908106971,231.71285938176857
2023-03-08 16:00:00,10043.84960476446,43228.572311823475,232.3428479736621
2023-03-08 17:00:00,10351.945188790538,44424.575933331595,233.02293767138724
2023-03-08 18:00:00,10461.540314752761,45099.07997429374,231.96793195594657
2023-03-08 19:00:00,8839.668154833284,43082.08437867637,205.1819980931217
2023-03-08 20:00:00,8166.7878042226785,40347.09033996636,202.41330255562335
2023-03-08 21:00:00,7183.699228537704,36839.59726558101,194.99939634924797
2023-03-08 22:00:00,6662.297614216804,32676.105156767666,203.88897582051484
2023-03-08 23:00:00,5083.717488642961,29518.615105178636,172.22073158002226
2023-03-09 00:00:00,5150.22194795031,29350.125798503326,175.47529381332123
2023-03-09 01:00:00,5439.892007736218,29126.638308623133,186.76690217716276
2023-03-09 02:00:00,5274.057958132778,28485.65492702351,185.14785675962932
2023-03-09 03:00:00,5178.664695396255,27977.67598760244,185.09988812834354
2023-03-09 04:00:00,4802.359780453874,27593.704097356036,174.03824305393002
2023-03-09 05:00:00,5397.010798867793,27739.74172211077,194.55879773263888
2023-03-09 06:00:00,7767.810416103217,32541.294259865757,238.7062528635658
2023-03-09 07:00:00,9089.518525807483,37598.37947285082,241.75293332445025
2023-03-09 08:00:00,9339.820845976858,40283.040279450615,231.8549141570462
2023-03-09 09:00:00,9403.709145318573,42240.964692313035,222.62060570387138
2023-03-09 10:00:00,9584.20193016979,43032.38509447534,222.72067674446063
2023-03-09 11:00:00,8698.679798253033,43629.43551405854,199.3764002619308
2023-03-09 12:00:00,8318.199837259459,44385.27048571042,187.40901533848836
2023-03-09 13:00:00,7804.43729209065,43593.015183489755,179.02953625117613
2023-03-09 14:00:00,7543.21929245273,41359.12685847476,182.38342695832503
2023-03-09 15:00:00,7197.236001830364,41858.361613642286,171.9426113296483
2023-03-09 16:00:00,7931.625444829736,43231.767598685394,183.46752597436992
2023-03-09 17:00:00,8514.276265929077,45129.251501123945,188.6642473056977
2023-03-09 18:00:00,8244.53071426823,44646.353197332704,184.6630267387837
2023-03-09 19:00:00,7523.152937035626,43403.013378453914,173.33250277894905
2023-03-09 20:00:00,5291.818783836375,40123.16953505215,131.88935084536055
2023-03-09 21:00:00,3313.2914759260802,36398.36944537193,91.0285687631913
2023-03-09 22:00:00,2266.138107612309,32688.495374987226,69.32524980474707
2023-03-09 23:00:00,1623.7913656904477,31177.61231078527,52.08196668507324
2023-03-10 00:00:00,1665.0959350146065,31934.389652830174,52.14115419509945
2023-03-10 01:00:00,1663.6514244397872,31975.743525106343,52.02854542330003
2023-03-10 02:00:00,1674.2063232207306,31994.20670301591,52.328421165789145
2023-03-10 03:00:00,1737.4867858680602,30940.052084389063,56.156556593022565
2023-03-10 04:00:00,1594.7572834802659,29619.139168359943,53.842121285679816
2023-03-10 05:00:00,1790.5496831120868,29845.409377616514,59.99414048764782
2023-03-10 06:00:00,2093.75747620993,31847.511570534512,65.74320482065812
2023-03-10 07:00:00,4596.438229401896,37104.01707198938,123.87980041308913
2023-03-10 08:00:00,5962.523457425946,40381.5213039345,147.65475061101765
2023-03-10 09:00:00,6593.861665361907,42552.52495923937,154.9581763168719
2023-03-10 10:00:00,6568.340043054353,43083.5286968755,152.45594410958034
2023-03-10 11:00:00,6649.252307268771,43556.03270886381,152.65973261875212
2023-03-10 12:00:00,6570.857255849934,43802.03621105975,150.01259814014838
2023-03-10 13:00:00,6435.395923121464,42282.54158264706,152.19983667591492
2023-03-10 14:00:00,6429.788403777866,40722.04939489753,157.89451904607526
2023-03-10 15:00:00,5878.148904661477,39942.037694080886,147.1669760487101
2023-03-10 16:00:00,6955.349651291403,39911.53921590124,174.26914090349857
2023-03-10 17:00:00,7566.061786111878,40870.04154608955,185.12488609974997
2023-03-10 18:00:00,8892.392811804977,41977.305701170684,211.8381030718935
2023-03-10 19:00:00,8863.876142110797,40472.44549005051,219.01014467459933
2023-03-10 20:00:00,8694.604455778088,38183.53649665106,227.7055834401473
2023-03-10 21:00:00,8286.300183799505,35770.04345082416,231.65474191249785
2023-03-10 22:00:00,7481.486426735368,32474.042071453874,230.3835910008852
2023-03-10 23:00:00,6148.25121490343,29146.54267645344,210.94272768997766
2023-03-11 00:00:00,5965.087246688103,28802.544005581818,207.10279083445175
2023-03-11 01:00:00,5934.993004310978,28478.546144410375,208.4022468778965
2023-03-11 02:00:00,6082.604524036441,28464.04890423454,213.6942830762051
2023-03-11 03:00:00,5920.547170081942,27807.052355948825,212.91530991113288
2023-03-11 04:00:00,5561.0231627443545,26829.55657401376,207.27227255520805
2023-03-11 05:00:00,5785.783220883997,26711.561474928458,216.6022089840966
2023-03-11 06:00:00,6263.592325750293,27789.067235573868,225.3977174783335
2023-03-11 07:00:00,7080.126401359029,30629.57443521813,231.1532736549628
2023-03-11 08:00:00,8142.6668680953535,34003.08309192527,239.4684871981211
2023-03-11 09:00:00,8668.209106984026,36306.09454816022,238.75355404822193
2023-03-11 10:00:00,8685.063482830043,37248.609064736374,233.16477315262432
2023-03-11 11:00:00,8608.43404689228,37610.62790923886,228.88301858894684
2023-03-11 12:00:00,8232.457107768532,37114.15374908108,221.81449059639039
2023-03-11 13:00:00,7686.09831400994,35782.19180098693,214.8023339866493
2023-03-11 14:00:00,7665.80271714042,35215.752928542664,217.68106826213057
2023-03-11 15:00:00,7419.16222204735,35233.868919704124,210.56904761027454
2023-03-11 16:00:00,7686.347734972811,36076.68094944434,213.05584473649307
2023-03-11 17:00:00,8088.224501436265,37547.8455806266,215.41114746699373
2023-03-11 18:00:00,7998.202119777946,38463.52085804963,207.9425372756557
2023-03-11 19:00:00,6295.734672753444,37767.970312688165,166.69507576472515
2023-03-11 20:00:00,5162.4529175764455,36083.92596861004,143.06793895063808
2023-03-11 21:00:00,3186.6731168347687,33766.08384489641,94.37496902136076
2023-03-11 22:00:00,3336.9214683944574,31132.63078079813,107.18405045463076
2023-03-11 23:00:00,2004.840616510357,28904.66581968635,69.36044959028389
2023-03-12 00:00:00,1373.6301294724267,28884.505220499304,47.55595150363049
2023-03-12 01:00:00,1117.7017150269123,29816.11099272797,37.48650235771913
2023-03-12 02:00:00,1141.8753813116323,28968.795559495982,39.41742689876263
2023-03-12 03:00:00,1217.4177340812407,27895.016590977997,43.64283957712312
2023-03-12 04:00:00,1186.1618137128946,27537.765220420457,43.07400416186655
2023-03-12 05:00:00,1025.917254117548,28013.98228484003,36.62161429554164
2023-03-12 06:00:00,969.0664924363582,28108.6871022918,34.4756938988213
2023-03-12 07:00:00,892.0003507947326,28095.104894514316,31.749315553148172
2023-03-12 08:00:00,1227.808119814884,30387.14007179605,40.40551749568823
2023-03-12 09:00:00,1585.33050061194,33316.9997125489,47.58323121198763
2023-03-12 10:00:00,1605.2047445952967,34621.347687425994,46.36459444293341
2023-03-12 11:00:00,1850.119039591961,35414.03358000173,52.24253925812962
2023-03-12 12:00:00,1955.1534253259674,36682.87153439267,53.29881068587772
2023-03-12 13:00:00,1913.0088885269652,36504.750361468046,52.40438215806041
2023-03-12 14:00:00,1858.2967647747216,35809.30556470215,51.894241886848455
2023-03-12 15:00:00,1895.2869220708658,35230.85614616378,53.79622096629746
2023-03-12 16:00:00,1747.3020490725803,36127.67315321612,48.36464395762044
2023-03-12 17:00:00,2026.6107331637543,37209.79712051128,54.46443920670073
2023-03-12 18:00:00,2010.1007589462597,37339.459130226634,53.83315146413207
2023-03-12 19:00:00,1945.2825017351104,35399.33967881008,54.95250813674215
2023-03-12 20:00:00,1969.13736561464,34074.76764082667,57.788724676593795
2023-03-12 21:00:00,1693.466378706184,32747.76519947906,51.71242582175113
2023-03-12 22:00:00,1587.0607660151177,31001.977318121644,51.19224331176547
2023-03-12 23:00:00,1167.1851066660772,29595.610954002863,39.43777705687854
2023-03-13 00:00:00,1172.1744831210976,29026.753624149416,40.38255529016109
2023-03-13 01:00:00,1335.8452338394077,29446.590555311297,45.36502218585237
2023-03-13 02:00:00,1256.8579514741868,28788.892003721896,43.65773963484587
2023-03-13 03:00:00,1166.289037066149,28513.824713341226,40.90258142466796
2023-03-13 04:00:00,934.239039983383,28494.725905743864,32.78638450756469
2023-03-13 05:00:00,852.7310261076085,29823.208325607935,28.592866897402324
2023-03-13 06:00:00,954.2318427558749,31353.301743809487,30.434811955467563
2023-03-13 07:00:00,1809.875430971922,34278.89448586894,52.79853560382529
2023-03-13 08:00:00,2088.873067713425,36700.114628498304,56.917344505822804
2023-03-13 09:00:00,2561.681602209791,38549.40510707949,66.45191009028945
2023-03-13 10:00:00,2564.4370931994795,39031.989695423275,65.70090618516879
2023-03-13 11:00:00,2491.218312716222,39739.68547862785,62.68842550492777
2023-03-13 12:00:00,2169.2218614258713,40018.284976825256,54.20576775546668
2023-03-13 13:00:00,2055.7593703124,39197.24819186175,52.44652278266878
2023-03-13 14:00:00,2018.7507745499272,38764.3265243306,52.07754024264679
2023-03-13 15:00:00,2020.5714519649064,38444.81368900632,52.557712161386
2023-03-13 16:00:00,2456.00894892377,38434.16705788776,63.901708738077836
2023-03-13 17:00:00,2597.6070046240716,39609.70504133703,65.58006432800211
2023-03-13 18:00:00,2587.0582727913707,40485.872354348845,63.90027242462218
2023-03-13 19:00:00,2606.021193721678,39325.78233321147,66.26749778658153
2023-03-13 20:00:00,2605.849357876289,36634.22046087044,71.13156292378694
2023-03-13 21:00:00,1827.7552375900189,33558.190082585235,54.46525075077033
2023-03-13 22:00:00,1174.3206565944129,30062.65632063351,39.062438264592664
2023-03-13 23:00:00,1014.7915774261278,30201.126549807897,33.601116691873294
2023-03-14 00:00:00,1034.989318907731,30496.846474106904,33.937584982318754
2023-03-14 01:00:00,1037.0277575665277,30552.8840547685,33.9420578334789
2023-03-14 02:00:00,1032.2492994895008,29980.65975792202,34.430506460643905
2023-03-14 03:00:00,1068.2095619855197,29841.277236869122,35.79637538656485
2023-03-14 04:00:00,1112.7072947157249,29015.88161120672,38.348215974453346
2023-03-14 05:00:00,1290.7402897267643,28433.32028399362,45.39534169188744
2023-03-14 06:00:00,2190.6252048591523,31667.313534335284,69.17622495776179
2023-03-14 07:00:00,3665.955171671728,35827.07179669553,102.32360580497827
2023-03-14 08:00:00,4884.364052673105,38042.00487815153,128.39397051542667
2023-03-14 09:00:00,5212.741153155066,39773.00536973189,131.06228972885398
2023-03-14 10:00:00,4629.223594712803,39797.63385614642,116.31906588833186
2023-03-14 11:00:00,4334.6249072707515,39662.14543755237,109.28871495606744
2023-03-14 12:00:00,4326.783606063115,40021.008976223005,108.11280666696118
2023-03-14 13:00:00,3664.3411615965274,39234.01055242222,93.39705806268381
2023-03-14 14:00:00,3182.176249719431,38079.012198829674,83.56772053601833
2023-03-14 15:00:00,3778.932245424566,37924.51340133929,99.6435262183513
2023-03-14 16:00:00,5240.788941537232,39161.514649756136,133.82498068342377
2023-03-14 17:00:00,6685.670778288152,40339.51586849169,165.73502766080995
2023-03-14 18:00:00,8432.308631301845,41745.66203383971,201.99245192150693
2023-03-14 19:00:00,8585.580213606605,41330.334420159044,207.73072209691466
2023-03-14 20:00:00,8227.39128871859,39000.7629505558,210.95462412232996
2023-03-14 21:00:00,7432.0346503154005,35506.80576726581,209.31296098640027
2023-03-14 22:00:00,7251.922078537387,32038.533305087745,226.35000202664634
2023-03-14 23:00:00,6339.257465878208,29794.463304861103,212.76629154262793
2023-03-15 00:00:00,6306.557838797981,30035.94596403913,209.96701240402342
2023-03-15 01:00:00,5870.034100318767,29705.19092271669,197.6097078652246
2023-03-15 02:00:00,5758.881855413,29204.372278907987,197.1924546233848
2023-03-15 03:00:00,5607.943454084322,28383.599455487947,197.57689516718537
2023-03-15 04:00:00,5807.91898398128,27954.177706696017,207.76568872530555
2023-03-15 05:00:00,6778.661029116059,27399.285736280857,247.40283722579204
2023-03-15 06:00:00,8234.245248306854,31478.401050426197,261.58397420237986
2023-03-15 07:00:00,9597.704237576207,36217.832318734254,264.99941114950826
2023-03-15 08:00:00,10378.176547389205,39034.09406416773,265.87466152867876
2023-03-15 09:00:00,10431.840815867994,40388.08058881838,258.2900861784478
2023-03-15 10:00:00,9551.1251068105,40804.08064129081,234.072792639897
2023-03-15 11:00:00,8565.524315299159,41037.085008197624,208.72643155789692
2023-03-15 12:00:00,7968.807244308485,40896.592103594005,194.85259857650055
2023-03-15 13:00:00,7483.801134826275,40147.10207205486,186.40949778628018
2023-03-15 14:00:00,7265.607660709725,39695.61755359779,183.03299226670453
2023-03-15 15:00:00,7900.894221413967,39740.138509123484,198.8139578225197
2023-03-15 16:00:00,8552.79202223159,40521.167692090945,211.06973242286284
2023-03-15 17:00:00,8993.372528779622,41307.71119850689,217.71655383086676
2023-03-15 18:00:00,9034.826583391989,41981.50489685801,215.20968830415072
2023-03-15 19:00:00,6943.740580972499,41104.13705380745,168.93045514817115
2023-03-15 20:00:00,5283.159856563997,38207.866627237556,138.27413888630323
2023-03-15 21:00:00,2671.485463193216,34743.08240046748,76.89258633992908
2023-03-15 22:00:00,2045.7477768876006,31621.74074227022,64.69434410841768
2023-03-15 23:00:00,1408.584654609292,30240.49572414011,46.57941680118887
2023-03-16 00:00:00,1341.9503741956626,30587.899758033425,43.87193579197018
2023-03-16 01:00:00,1354.3921577760616,30778.012726198223,44.00518544926079
2023-03-16 02:00:00,1276.4381900513652,30071.232332956944,42.44715267795782
2023-03-16 03:00:00,1098.5079939375628,29294.703808049286,37.4985185423082
2023-03-16 04:00:00,1227.8846861423199,29158.409806736483,42.11082477682446
2023-03-16 05:00:00,1360.989601845349,29588.99368879682,45.996481534978855
2023-03-16 06:00:00,1637.5654877351428,30612.977882079766,53.49252509974671
2023-03-16 07:00:00,2325.8837100190326,33969.42589534471,68.46991518740326
2023-03-16 08:00:00,2585.1972973117768,36960.74357079516,69.94440716161598
2023-03-16 09:00:00,3124.6889516863953,38647.69080553861,80.85059900237547
2023-03-16 10:00:00,3280.081362989627,39073.00264065082,83.94751212636757
2023-03-16 11:00:00,2946.154935025126,39530.3811594279,74.52887750166495
2023-03-16 12:00:00,2842.9193773811758,39530.40167065704,71.91729042033596
2023-03-16 13:00:00,2901.1102895058443,39463.464088370085,73.51382744833097
2023-03-16 14:00:00,2759.2508281128926,38429.16068770007,71.80096517163956
2023-03-16 15:00:00,2649.6548932238993,37288.34071436484,71.05853579060317
2023-03-16 16:00:00,3071.819146625869,37653.54628985471,81.58113774939528
2023-03-16 17:00:00,2673.6755813763803,38604.512629427525,69.25810997904648
2023-03-16 18:00:00,3005.1991283136335,39488.15678992648,76.1038086508071
2023-03-16 19:00:00,3387.182329792965,38810.36546688285,87.27519797986109
2023-03-16 20:00:00,3512.0812115418353,36556.31059390353,96.0731855727132
2023-03-16 21:00:00,2363.6972441025564,33355.76647833746,70.86322677182771
2023-03-16 22:00:00,1711.526390769551,30108.392936612734,56.845491367567554
2023-03-16 23:00:00,1507.1699156855102,29048.55873270463,51.88449897132579
2023-03-17 00:00:00,1559.7823341769342,29130.94618895142,53.543826694119446
2023-03-17 01:00:00,1593.3454354938128,29360.28228790796,54.26873692389642
2023-03-17 02:00:00,1630.0634584491736,28928.01968995317,56.34894735000827
2023-03-17 03:00:00,1712.4253128104285,27674.25266467512,61.87792434938121
2023-03-17 04:00:00,1796.0517827719962,26393.239570530422,68.04969045093623
2023-03-17 05:00:00,1862.4245496768915,24825.437285072687,75.02081547609842
2023-03-17 06:00:00,2399.8063065271353,27753.516222714854,86.46855004855259
2023-03-17 07:00:00,5248.816205994885,32656.523706943644,160.72795295351193
2023-03-17 08:00:00,7190.379134820553,35834.026165711504,200.65786360620592
2023-03-17 09:00:00,6997.586204615594,37219.528453168125,188.0084594145351
2023-03-17 10:00:00,7158.684778098243,37156.530804973474,192.66289459779273
2023-03-17 11:00:00,7006.758639867804,37366.53336516321,187.51428106521115
2023-03-17 12:00:00,7037.2212642652485,37577.03619237141,187.27451596339282
2023-03-17 13:00:00,6907.413683460676,36840.539336193666,187.49491207026244
2023-03-17 14:00:00,6352.647718021268,35358.042924066955,179.6662708867647
2023-03-17 15:00:00,6008.372962056651,34459.54706957651,174.3601838389018
2023-03-17 16:00:00,6297.256543221037,34612.05191772354,181.93826122156156
2023-03-17 17:00:00,7268.233517381489,35967.057738519565,202.08029164413534
2023-03-17 18:00:00,7939.227602315214,36747.06482324643,216.05065984189324
2023-03-17 19:00:00,7766.043932297172,36230.57349969275,214.35056589327883
2023-03-17 20:00:00,6819.359493477377,34223.584574788176,199.2590658811661
2023-03-17 21:00:00,5696.58866464352,31655.599186439238,179.955167839118
2023-03-17 22:00:00,4862.39142975328,29116.619445111995,166.9971144459067
2023-03-17 23:00:00,3677.8534837283382,26641.149430391386,138.0516067198196
2023-03-18 00:00:00,3443.8486860598464,26172.199729216372,131.5842276037437
2023-03-18 01:00:00,3376.099191544357,25851.299002821546,130.59688765256521
2023-03-18 02:00:00,3241.456532794828,24915.090445793434,130.10013107707192
2023-03-18 03:00:00,3538.9680630473144,24917.784329191556,142.02579235351038
2023-03-18 04:00:00,3588.8527379001926,24416.07110934321,146.98731511012264
2023-03-18 05:00:00,3460.1621206744444,24286.5680914751,142.47225493704093
2023-03-18 06:00:00,3801.3112609373343,24779.999982581154,153.40239159037236
2023-03-18 07:00:00,4613.879619856315,26837.768455333167,171.91740913687818
2023-03-18 08:00:00,5666.335992036857,30083.73116384453,188.35216819271466
2023-03-18 09:00:00,6228.509632846559,32599.043674921293,191.06418258638064
2023-03-18 10:00:00,6398.0174643652335,33122.19748113133,193.16403955413836
2023-03-18 11:00:00,5941.006637288545,33044.35727519963,179.78883922028572
2023-03-18 12:00:00,5978.775449140491,33342.91685770532,179.31171032983087
2023-03-18 13:00:00,5533.240035905624,32776.44057261908,168.81760005776846
2023-03-18 14:00:00,5163.552336447587,31987.013605918233,161.42652140218013
2023-03-18 15:00:00,4873.2690395360805,31150.80514695025,156.44119041376325
2023-03-18 16:00:00,5327.538110816175,31194.1655661504,170.78636386405617
2023-03-18 17:00:00,5937.050665921061,32721.49998140914,181.44188589441873
2023-03-18 18:00:00,6192.828970002162,33558.49997479832,184.53831293570448
2023-03-18 19:00:00,6102.680018553824,33244.49999839677,183.5696135856496
2023-03-18 20:00:00,5288.821055467337,31461.99999270089,168.1018707232322
2023-03-18 21:00:00,4060.213186012195,29381.499977007545,138.18944537173084
2023-03-18 22:00:00,2832.64871524006,26811.49990721034,105.65051284125602
2023-03-18 23:00:00,1815.881506428969,25842.947623703243,70.26603671027975
2023-03-19 00:00:00,1701.0288284282187,26239.061988853347,64.82811120118681
2023-03-19 01:00:00,1615.2329401813238,26873.98209479794,60.1039672678054
2023-03-19 02:00:00,1711.163027492011,26377.937328940156,64.8709945039802
2023-03-19 03:00:00,1656.323930351196,24981.190226313698,66.30284287281569
2023-03-19 04:00:00,1561.1180514778825,24249.526796739687,64.37725835078038
2023-03-19 05:00:00,1594.8575941516453,24112.72873716089,66.14173001887421
2023-03-19 06:00:00,1743.5487722275689,25823.20582909714,67.51868004951454
2023-03-19 07:00:00,2060.7191575190104,25771.136703526834,79.9622919712733
2023-03-19 08:00:00,2828.1535604632427,27915.29270887023,101.3119794213937
2023-03-19 09:00:00,4212.023838461684,30202.582391590222,139.45906293213207
2023-03-19 10:00:00,6110.075429010639,31149.580377279904,196.15273640948462
2023-03-19 11:00:00,6536.152993076413,31255.06562257924,209.12299695683805
2023-03-19 12:00:00,6924.501349088823,32498.560799921073,213.07101541264683
2023-03-19 13:00:00,6791.550866759544,31935.559169330274,212.66422268509697
2023-03-19 14:00:00,6848.738150326221,31301.559408931324,218.7986247219383
2023-03-19 15:00:00,7126.606235525723,31550.06065481203,225.88248921286208
2023-03-19 16:00:00,7962.061093153344,32438.562660831158,245.45048978903606
2023-03-19 17:00:00,8627.58573366947,33625.56545290884,256.5781606186529
2023-03-19 18:00:00,9088.208988243741,34228.56925388822,265.5153045057926
2023-03-19 19:00:00,8756.559517735182,34665.07358394439,252.60467128478575
2023-03-19 20:00:00,7725.604238988211,32657.578838019897,236.56390075047685
2023-03-19 21:00:00,6451.881216515202,29862.085124135207,216.055951541731
2023-03-19 22:00:00,5890.577090153768,26848.592641670206,219.39984597223662
2023-03-19 23:00:00,4032.423010772216,24530.101706146153,164.38672203963466
2023-03-20 00:00:00,3553.5732256361007,24299.112737338248,146.24292105018495
2023-03-20 01:00:00,3371.559202179178,24280.62696981472,138.85799598052577
2023-03-20 02:00:00,3125.934428574237,24273.14619002023,128.7815927981947
2023-03-20 03:00:00,3020.9417638627956,24036.174591968163,125.68313448980611
2023-03-20 04:00:00,3049.1374965030323,22958.718585288538,132.80956797200585
2023-03-20 05:00:00,3598.12734570526,24567.800246827734,146.45704171947023
2023-03-20 06:00:00,4670.804110007875,28062.01178719838,166.44580386566054
2023-03-20 07:00:00,6587.727460970193,32567.57210619742,202.278740321468
2023-03-20 08:00:00,7241.436241529891,35689.04106908798,202.90363721209792
2023-03-20 09:00:00,7519.894948320761,37317.66819710737,201.51031164652605
2023-03-20 10:00:00,7835.292557146809,38151.39347625269,205.37369262865536
2023-03-20 11:00:00,7727.403936741747,37840.16933131025,204.2116637767746
2023-03-20 12:00:00,7422.252584713267,37951.149197185594,195.57385591010487
2023-03-20 13:00:00,6233.7929463454775,34635.63133536176,179.98207932133155
2023-03-20 14:00:00,6970.642802918232,35521.133455199895,196.2393123437284
2023-03-20 15:00:00,6929.919532067921,36195.53514811864,191.4578553324172
2023-03-20 16:00:00,7988.902909016731,37801.24002296498,211.33970483939996
2023-03-20 17:00:00,8548.309325863023,37982.39707775779,225.05976408921407
2023-03-20 18:00:00,9077.680168782503,39290.04005672851,231.04278223376178
2023-03-20 19:00:00,7863.226768900897,38242.48177651453,205.61497067195734
2023-03-20 20:00:00,6710.661102170808,35803.5012522656,187.43030339096137
2023-03-20 21:00:00,4261.186176731655,31771.473822796863,134.1198774881555
2023-03-20 22:00:00,2280.434607465312,28991.712771615807,78.65815398454004
2023-03-20 23:00:00,1482.1112655383374,26613.374486927813,55.69046744772384
2023-03-21 00:00:00,1372.3680266569097,27674.117285449593,49.59030896998001
2023-03-21 01:00:00,1338.3773582922659,27630.523442476646,48.43836422710569
2023-03-21 02:00:00,1336.934602692024,28039.549346980126,47.68031704603742
2023-03-21 03:00:00,991.2324992905197,27122.2864303771,36.54678973452379
2023-03-21 04:00:00,1040.5645249665567,26602.577867629705,39.11517636163849
2023-03-21 05:00:00,1126.3479297727704,27295.95928969538,41.26427350725069
2023-03-21 06:00:00,1627.9478526217533,30049.503595663187,54.17553229919919
2023-03-21 07:00:00,1940.856224059984,33579.9334287748,57.79809624032356
2023-03-21 08:00:00,2842.5348025842386,35563.2503822981,79.92899332956173
2023-03-21 09:00:00,2888.93459813399,37259.868445178516,77.53475035438089
2023-03-21 10:00:00,2445.7362951647306,36875.14289803308,66.3247950503586
2023-03-21 11:00:00,2184.395173536173,36505.92210533981,59.83673463261612
2023-03-21 12:00:00,2233.7984112349454,36937.99856526776,60.47426763764489
2023-03-21 13:00:00,2004.2993885585984,36564.25225224267,54.81581777556149
2023-03-21 14:00:00,1613.0436041695655,35600.51727099093,45.30955524862426
2023-03-21 15:00:00,1675.071818323807,35564.221886456755,47.09991473092492
2023-03-21 16:00:00,2729.2750234411014,35959.07192093167,75.89948454293669
2023-03-21 17:00:00,4011.281512618022,37196.70485897191,107.83970052794861
2023-03-21 18:00:00,4226.155863911282,38076.99995545055,110.98972788969229
2023-03-21 19:00:00,4376.8675250796405,37692.49989714253,116.12038302111797
2023-03-21 20:00:00,3295.8678566481035,35770.499985292125,92.13927280869086
2023-03-21 21:00:00,2072.110586174051,33016.21999209253,62.76038222032465
2023-03-21 22:00:00,1281.1419269467135,30358.46890917863,42.200478910165685
2023-03-21 23:00:00,1206.9234465387208,29956.327715394134,40.28943260353304
2023-03-22 00:00:00,1277.8209936212088,30180.250511441707,42.33964171824124
2023-03-22 01:00:00,1276.2976548425338,30288.878232889943,42.13750159478121
2023-03-22 02:00:00,1249.230431123735,30321.009200901084,41.20016002259615
2023-03-22 03:00:00,960.6271929357736,29652.32042930897,32.39635816110599
2023-03-22 04:00:00,927.7304209292006,29396.973074789603,31.55870567248327
2023-03-22 05:00:00,981.1762733296306,29224.550064131334,33.573699891923205
2023-03-22 06:00:00,1025.355842415173,30442.30257961322,33.68194109935164
2023-03-22 07:00:00,1871.6449433096454,33370.17057489253,56.08736518469753
2023-03-22 08:00:00,2034.0294370708957,36159.00411389271,56.25236333014486
2023-03-22 09:00:00,2022.560426436987,37054.45498969567,54.58346174567763
2023-03-22 10:00:00,1937.6296811498273,37154.760810081345,52.150239670607235
2023-03-22 11:00:00,1790.3928509340337,37756.001022341705,47.42008693861906
2023-03-22 12:00:00,1561.2539980017161,36686.83970099535,42.55624116784738
2023-03-22 13:00:00,1561.2241147184006,37040.42263674537,42.14919818894325
2023-03-22 14:00:00,1584.3244731567986,36659.40890130726,43.217403679967745
2023-03-22 15:00:00,1602.1693869917995,37336.65001050412,42.911439203598945
2023-03-22 16:00:00,1526.0431666774043,36104.41399841982,42.26749578996614
2023-03-22 17:00:00,1851.410877388129,36872.631671010684,50.21097745089106
2023-03-22 18:00:00,2115.0373699183706,37772.034333367796,55.99479634195789
2023-03-22 19:00:00,2383.685752707498,37292.278847128306,63.919015581721524
2023-03-22 20:00:00,1960.907710235947,35049.517144381665,55.94678243806491
2023-03-22 21:00:00,1587.9876254689648,33294.773307598385,47.69480214801647
2023-03-22 22:00:00,1405.9044881767713,31551.5989546969,44.55889827312484
2023-03-22 23:00:00,810.0395014451847,30278.157678512463,26.75326253486177
2023-03-23 00:00:00,788.6264175155793,30061.478926436717,26.233786416344408
2023-03-23 01:00:00,784.5958977877569,29656.500482358744,26.45611872697104
2023-03-23 02:00:00,793.6827427835583,29782.984296773233,26.64886550235827
2023-03-23 03:00:00,751.4738065316466,28876.32656944299,26.023871309408804
2023-03-23 04:00:00,722.1722659563699,28168.69412573923,25.637406644864054
2023-03-23 05:00:00,752.8607892366614,28640.0673222451,26.28697693918844
2023-03-23 06:00:00,886.0484036134847,30419.395113905193,29.12774564700196
2023-03-23 07:00:00,1360.381283303437,33394.43901373432,40.73676107402029
2023-03-23 08:00:00,1707.2666078382076,35541.35528086154,48.036058117275665
2023-03-23 09:00:00,1329.8964876230802,36718.040033879406,36.21915784164941
2023-03-23 10:00:00,1035.0767087799761,37170.19876540972,27.846951137189237
2023-03-23 11:00:00,1219.248732098316,38307.3125443739,31.828093674960346
2023-03-23 12:00:00,1376.573308023033,37188.76047076666,37.015842706161976
2023-03-23 13:00:00,1368.0630961550162,36881.877409746514,37.093098080562676
2023-03-23 14:00:00,1390.8635393124223,36644.19639269533,37.955902331908625
2023-03-23 15:00:00,1461.3760090537255,35904.36775763457,40.70190064112698
2023-03-23 16:00:00,1618.2868485371466,35884.7627752687,45.096768750341255
2023-03-23 17:00:00,1973.0104599579267,37381.500060650884,52.78039823861399
2023-03-23 18:00:00,2149.190339045955,37795.500036165125,56.86365670488481
2023-03-23 19:00:00,2055.7203946706322,37483.00004220099,54.8440731093071
2023-03-23 20:00:00,1786.3775859462075,34985.500038301034,51.0605131837629
2023-03-23 21:00:00,1530.9178127003747,31805.44858697986,48.13382237051937
2023-03-23 22:00:00,1280.4652948696985,30498.03127015627,41.98517876538126
2023-03-23 23:00:00,1001.6060396823297,29845.981948456225,33.55915852968401
2023-03-24 00:00:00,1230.782530409353,30947.646693253657,39.76982620386622
2023-03-24 01:00:00,1001.8738269324297,30069.03997887305,33.319115862573625
2023-03-24 02:00:00,731.3944232140503,28075.10701192654,26.051349435759867
2023-03-24 03:00:00,763.2999979096173,27912.10760631316,27.346555433061393
2023-03-24 04:00:00,757.3290490642618,27825.623546468003,27.21696596662223
2023-03-24 05:00:00,893.433139723429,28159.179304167996,31.727953789874377
2023-03-24 06:00:00,884.7070480497758,29757.07685085576,29.730979708927062
2023-03-24 07:00:00,1434.234538924239,32530.41708784129,44.08903012375776
2023-03-24 08:00:00,1639.1189019065791,34941.41801717967,46.910486034100636
2023-03-24 09:00:00,1583.2442242736274,36029.11624720059,43.943465429759
2023-03-24 10:00:00,1680.005097180977,36625.78706449993,45.86946061315761
2023-03-24 11:00:00,1620.7970474423971,36679.015585981026,44.188673593025136
2023-03-24 12:00:00,1598.035575400428,36347.94480404641,43.96494998590752
2023-03-24 13:00:00,1388.6431303067936,35735.8410674813,38.858554572272915
2023-03-24 14:00:00,1200.338917309941,34809.71416743491,34.48287198039905
2023-03-24 15:00:00,1315.8547002697235,34799.25116682504,37.81273033611021
2023-03-24 16:00:00,1336.4924096611846,33979.17162414576,39.332695465461754
2023-03-24 17:00:00,1530.4688507895514,34989.87801182968,43.74033114011193
2023-03-24 18:00:00,1762.9959024416996,36008.27176461508,48.96085860399931
2023-03-24 19:00:00,1756.4708696973928,35917.44829428327,48.90299709784668
2023-03-24 20:00:00,1759.607142276853,33782.50270354786,52.08634652435202
2023-03-24 21:00:00,1702.6881891320527,31323.43284726915,54.3582881682937
2023-03-24 22:00:00,1283.4190591749264,28999.022559220415,44.25732131329563
2023-03-24 23:00:00,923.964542700283,28272.29911204322,32.680912827025786
2023-03-25 00:00:00,877.4154822339452,27352.642268230495,32.077905806308316
2023-03-25 01:00:00,885.3093961826789,27638.567325993496,32.03166740665548
2023-03-25 02:00:00,931.6431620937426,28230.6154942246,33.00116365809798
2023-03-25 03:00:00,859.0721967085698,28875.630259845268,29.75076869242241
2023-03-25 04:00:00,831.3911825597596,29146.872217752818,28.524198972312874
2023-03-25 05:00:00,832.6023676417706,29111.532794693863,28.600430403772087
2023-03-25 06:00:00,820.5319072307616,29276.189783607857,28.027277910672268
2023-03-25 07:00:00,868.6378177586366,29576.50998825328,29.36917905809807
2023-03-25 08:00:00,982.0686926030396,31023.20979211948,31.65593435314049
2023-03-25 09:00:00,1284.514052684334,32976.69888871155,38.95217216918106
2023-03-25 10:00:00,1639.890718580784,33226.37101545033,49.35509562022983
2023-03-25 11:00:00,1542.0195269901058,32827.42999113527,46.97350744199327
2023-03-25 12:00:00,1678.243286398162,32972.035122399495,50.89899001284426
2023-03-25 13:00:00,1754.109575216793,32275.89200914361,54.34736163821164
2023-03-25 14:00:00,1725.2871567937284,31612.97156326743,54.575292086695804
2023-03-25 15:00:00,1883.562998404886,30516.705680731655,61.72235686613361
2023-03-25 16:00:00,2720.2779370602334,31503.52594376128,86.34836436773314
2023-03-25 17:00:00,5245.650497089952,33358.53107723457,157.25064406897192
2023-03-25 18:00:00,6928.395509137515,33737.03570807677,205.364679015911
2023-03-25 19:00:00,7349.2742653544565,33443.04093388179,219.75496426548833
2023-03-25 20:00:00,6936.639895410864,32147.547189530054,215.77509022741296
2023-03-25 21:00:00,5977.117860990812,29812.55502752839,200.48995651233673
2023-03-25 22:00:00,5397.966901288036,27388.5654606242,197.08833998803433
2023-03-25 23:00:00,4365.3833218122745,25049.106416471248,174.27301594047205
2023-03-26 00:00:00,4047.1434219355215,24447.633258229733,165.5433627945619
2023-03-26 01:00:00,3614.1282093386985,23965.67554606695,150.804353601116
2023-03-26 02:00:00,2839.8321452671357,23482.26037617644,120.93521235920896
2023-03-26 03:00:00,2770.4698427377225,23631.477936547988,117.23641873676327
2023-03-26 04:00:00,2566.4986295861786,24021.34365641769,106.84242589820728
2023-03-26 05:00:00,2276.057575165555,24269.491068948475,93.78266601056377
2023-03-26 06:00:00,2001.0459871834103,24783.15121178537,80.74219335884267
2023-03-26 07:00:00,2457.8069339877,26756.020953661664,91.85995698853495
2023-03-26 08:00:00,3209.6936990678223,29407.49997483963,109.14541194640691
2023-03-26 09:00:00,3409.9089397284574,30990.5008248742,110.03077875371184
2023-03-26 10:00:00,4525.340093232002,32035.41097721757,141.260559961296
2023-03-26 11:00:00,4683.8424422235985,33138.18593100111,141.34275340165246
2023-03-26 12:00:00,4426.139535583237,33203.843285995994,133.3020246318895
2023-03-26 13:00:00,4305.445111109773,33364.43280102844,129.04295831389229
2023-03-26 14:00:00,4027.484271340412,33677.72977575813,119.58894789397209
2023-03-26 15:00:00,4189.507640622612,34529.981799632646,121.3295641142557
2023-03-26 16:00:00,4935.549416460248,35818.21772601243,137.7943887162169
2023-03-26 17:00:00,5216.604071357007,35352.14235756206,147.56118649316147
2023-03-26 18:00:00,5529.314379934937,35292.30834898746,156.67193897487223
2023-03-26 19:00:00,5278.20600186502,34230.37128005404,154.19657469332267
2023-03-26 20:00:00,4743.241078511983,32477.388985338104,146.04748801245432
2023-03-26 21:00:00,4028.80419356379,29630.48116450451,135.96823390063773
2023-03-26 22:00:00,3759.874563989012,26298.155814290443,142.97103532810817
2023-03-26 23:00:00,3192.791948249688,25153.966917712773,126.92995735799457
2023-03-27 00:00:00,3203.3228158754896,25436.744523062294,125.9328925905274
2023-03-27 01:00:00,2959.883217280123,25695.91418141947,115.18886607351737
2023-03-27 02:00:00,2697.0777596586763,25420.24764875884,106.09958631895401
2023-03-27 03:00:00,2687.871862202132,25316.651133694784,106.17011894692314
2023-03-27 04:00:00,3597.3719712163147,24988.28700351391,143.96232805835967
2023-03-27 05:00:00,5669.046809399309,29215.285935106953,194.04385847844875
2023-03-27 06:00:00,7598.769025411571,34359.599745157335,221.1541776321928
2023-03-27 07:00:00,8630.274404397485,38212.058003601225,225.8521224788296
2023-03-27 08:00:00,8771.563383487735,39546.0723442334,221.80618361122285
2023-03-27 09:00:00,8858.391915826507,39482.06122717376,224.36498096836104
2023-03-27 10:00:00,8576.825739214135,38818.5562372088,220.9465413088439
2023-03-27 11:00:00,8197.97804233967,37879.053957973774,216.42510004170643
2023-03-27 12:00:00,8024.807073293444,37193.553254675295,215.758011028019
2023-03-27 13:00:00,8142.793595439072,36127.05369286347,225.3932375627852
2023-03-27 14:00:00,8091.873711131526,35319.555111488975,229.10463298840784
2023-03-27 15:00:00,8713.864432355402,35755.55750938792,243.7065742875776
2023-03-27 16:00:00,9698.02313727845,36680.06098321384,264.3949567509341
2023-03-27 17:00:00,10291.43183417453,36443.06574963001,282.3975322185679
2023-03-27 18:00:00,10516.993731426817,36292.57222946587,289.783641262222
2023-03-27 19:00:00,9841.82175810101,36117.581160657326,272.49393347585664
2023-03-27 20:00:00,8673.779312483968,33701.59379464028,257.37000348818515
2023-03-27 21:00:00,7339.657611175107,30082.11308418378,243.98743501280387
2023-03-27 22:00:00,4663.571542860186,26302.14226623317,177.3076693014205
2023-03-27 23:00:00,3519.9134983240647,24982.321307354196,140.89617433940722
2023-03-28 00:00:00,3209.218218077113,25327.09319308901,126.71087809448304
2023-03-28 01:00:00,3131.3898580664013,26302.515294209246,119.05286711327594
2023-03-28 02:00:00,2937.5034252167397,26097.51019597387,112.55876147410858
2023-03-28 03:00:00,2805.58174982148,25649.507764398295,109.38150453380818
2023-03-28 04:00:00,3174.726272508321,26595.5062299911,119.37077809514527
2023-03-28 05:00:00,4810.265343184837,31488.00664802411,152.76500024134373
2023-03-28 06:00:00,5616.1520185286145,34787.00716376531,161.4439549826662
2023-03-28 07:00:00,5238.107839650053,36456.00787648753,143.68297969971624
2023-03-28 08:00:00,5044.49541048657,38333.85314981292,131.59374797968067
2023-03-28 09:00:00,5226.52201629778,39671.73834108542,131.74421476976252
2023-03-28 10:00:00,5423.576223876709,40252.71626051529,134.73814260819972
2023-03-28 11:00:00,4979.560199636951,40405.18081946142,123.24063643933785
2023-03-28 12:00:00,4048.221122755228,40163.502712016074,100.79352769060368
2023-03-28 13:00:00,4039.809975601771,39975.93788794002,101.05603993397501
2023-03-28 14:00:00,3685.996574376463,38731.34337063159,95.16831211104866
2023-03-28 15:00:00,4052.6355731536396,38579.714247544856,105.04576439187966
2023-03-28 16:00:00,4799.000317604115,39150.01230332924,122.57979079092185
2023-03-28 17:00:00,6009.477270962457,39053.51265863008,153.87802176699915
2023-03-28 18:00:00,5762.818894384833,38641.51293729102,149.13543638254959
2023-03-28 19:00:00,5347.1288039908095,37021.01297693331,144.43496744193484
2023-03-28 20:00:00,4574.029594728496,33792.013253099096,135.35830376454436
2023-03-28 21:00:00,3113.214351494421,29794.51422724128,104.48951534333098
2023-03-28 22:00:00,1927.23865627912,26816.628057406386,71.86730010027652
2023-03-28 23:00:00,1746.753271793265,25894.73347222833,67.45592781121415
2023-03-29 00:00:00,1952.8071237442225,26241.72885259098,74.41610020108915
2023-03-29 01:00:00,2264.820711783412,26086.063341525598,86.821099915759
2023-03-29 02:00:00,2223.021541519219,25256.09219622031,88.01922024389444
2023-03-29 03:00:00,2415.0137936789783,24105.12697142077,100.1867277671774
2023-03-29 04:00:00,3592.7084263658085,25046.18328777713,143.44334963479636
2023-03-29 05:00:00,5415.888843452472,29492.313072017278,183.63730339588534
2023-03-29 06:00:00,6524.285259278748,33590.20181979816,194.23179694720724
2023-03-29 07:00:00,6596.155070144782,35813.04003998997,184.183053512891
2023-03-29 08:00:00,6675.183946910859,37514.68089352973,177.93524529385368
2023-03-29 09:00:00,5361.327229627019,37665.139138029874,142.34189365342806
2023-03-29 10:00:00,5136.625122000807,37633.57573734143,136.4904881176108
2023-03-29 11:00:00,4460.864632875777,38155.59922565114,116.91245121048549
2023-03-29 12:00:00,3494.7368509429016,38522.29805823918,90.71984349582291
2023-03-29 13:00:00,2668.730628029352,38160.790042037486,69.93384112565565
2023-03-29 14:00:00,3053.353000767859,37879.8273318152,80.60630725746084
2023-03-29 15:00:00,2882.1340587102095,37819.48904232348,76.20764139581148
2023-03-29 16:00:00,2797.3330234317136,38397.84975480672,72.85129353061073
2023-03-29 17:00:00,3730.0400406675844,37951.94782742207,98.28323061649171
2023-03-29 18:00:00,3655.832285832067,37739.765256403894,96.86950252589939
2023-03-29 19:00:00,2899.8223294021323,36216.47280955066,80.06915374258696
2023-03-29 20:00:00,2308.9406302401594,33810.400327926276,68.2908397370572
2023-03-29 21:00:00,1389.108833503757,30577.171887664586,45.42960475897217
2023-03-29 22:00:00,1270.174867119379,28387.737528326958,44.74378649767082
2023-03-29 23:00:00,1397.8072063928503,27870.646028981784,50.153383776584
2023-03-30 00:00:00,1464.602674911332,27865.710276462407,52.55931610501426
2023-03-30 01:00:00,1462.650576425362,27739.33844695832,52.72838713230902
2023-03-30 02:00:00,1469.642872042442,28337.979078653647,51.861244867298616
2023-03-30 03:00:00,1478.2216006682222,28623.892176088862,51.6429279279868
2023-03-30 04:00:00,1338.722919768794,28039.862658838978,47.743561944544325
2023-03-30 05:00:00,1378.5532241581427,28106.630997597775,49.047259498157764
2023-03-30 06:00:00,2727.9759913738167,32311.053075688546,84.42856953574187
2023-03-30 07:00:00,2747.704228771227,34765.07602778178,79.03633596473244
2023-03-30 08:00:00,2752.262965966584,35416.59977128245,77.71110111474498
2023-03-30 09:00:00,2868.0239747777596,35850.569582682314,79.99939772681223
2023-03-30 10:00:00,3162.7433148072187,35711.165750996835,88.56454972262938
2023-03-30 11:00:00,3429.3394893423306,36446.50203199388,94.09241760243408
2023-03-30 12:00:00,3005.583054932441,36398.637544588455,82.5740538021675
2023-03-30 13:00:00,2618.1486290086486,35789.513331770824,73.15407182931665
2023-03-30 14:00:00,2523.498257588613,34778.87353116667,72.5583666569077
2023-03-30 15:00:00,2136.8440752499246,34226.287988817545,62.432831627784964
2023-03-30 16:00:00,2113.559345886843,34541.56083729996,61.18887782292976
2023-03-30 17:00:00,3118.1659752997584,34940.525645862304,89.24210262042853
2023-03-30 18:00:00,4326.35525348826,34908.01205881935,123.93588171673689
2023-03-30 19:00:00,4727.516784683658,33981.500821921094,139.12030576454086
2023-03-30 20:00:00,3754.034928783956,31375.499985500996,119.6486089630043
2023-03-30 21:00:00,2383.3815522845593,28709.999974028055,83.01572812402087
2023-03-30 22:00:00,1757.950144613526,28112.882441906666,62.53183565385757
2023-03-30 23:00:00,1760.9181299295028,28030.881478820622,62.82064769386596
2023-03-31 00:00:00,1757.511812819236,28347.853073633745,61.99805707522495
2023-03-31 01:00:00,1771.1881492177363,28655.60132415542,61.8094915957915
2023-03-31 02:00:00,1773.339931728586,28621.06702979743,61.95925294757039
2023-03-31 03:00:00,1666.8961717884965,28613.882283818442,58.254806364781544
2023-03-31 04:00:00,1277.4004512660822,27702.4504977483,46.11146047783431
2023-03-31 05:00:00,1270.3998715249566,27944.09648341415,45.462191711189725
2023-03-31 06:00:00,2835.302031458006,32788.649770282675,86.47205820679216
2023-03-31 07:00:00,3900.110804639564,35299.84051512223,110.48522451450683
2023-03-31 08:00:00,4053.8973366758337,36491.99193007296,111.09005352308617
2023-03-31 09:00:00,4293.499685315728,36582.239778118885,117.36568650134485
2023-03-31 10:00:00,5593.650502396281,36388.59495849746,153.71988142922382
2023-03-31 11:00:00,5944.842069741535,36491.45125753785,162.91054109593793
2023-03-31 12:00:00,5638.714630758139,35901.60088367591,157.06025614367533
2023-03-31 13:00:00,5067.721948309473,35291.977061702804,143.5941641764447
2023-03-31 14:00:00,4374.108230814028,34567.64549129051,126.53763855325656
2023-03-31 15:00:00,4615.520672158693,35240.03072605305,130.97379817964875
2023-03-31 16:00:00,5007.2871714203,35714.525020094385,140.20310136010502
2023-03-31 17:00:00,5069.983021811169,35236.4270635384,143.88470807976543
2023-03-31 18:00:00,5017.565613704342,35236.6965903815,142.39602741517993
2023-03-31 19:00:00,4453.527228958656,34314.06280615527,129.7872319613456
2023-03-31 20:00:00,3300.185943605477,31984.76830022029,103.17992341319375
2023-03-31 21:00:00,2087.4526116452976,29277.514051564962,71.29883390949027
2023-03-31 22:00:00,1885.3530296740978,27152.686180942754,69.43523072119996
2023-03-31 23:00:00,1792.178749239741,27125.374544530772,66.070193659357
2023-04-01 00:00:00,1602.5981843453408,26167.7396505919,61.243279157628386
2023-04-01 01:00:00,1264.4317741488942,25206.096779750034,50.16372765674327
2023-04-01 02:00:00,1416.241571282125,25587.262859173436,55.34947520869276
2023-04-01 03:00:00,1558.6737028450095,25426.88917697607,61.30021222794259
2023-04-01 04:00:00,1585.4000413097153,25216.921339995104,62.87048366983657
2023-04-01 05:00:00,1518.5311326283631,24835.83388190283,61.14274800875013
2023-04-01 06:00:00,2349.710295081298,26422.51473123481,88.92833702553067
2023-04-01 07:00:00,3132.9624042375785,29523.017038935308,106.11931700970095
2023-04-01 08:00:00,4186.353773619143,31607.515215332547,132.44805056958026
2023-04-01 09:00:00,4896.856577416375,32551.516290418353,150.4340545530219
2023-04-01 10:00:00,4706.395236378978,32672.517440332424,144.04752388529423
2023-04-01 11:00:00,4602.459140822389,32539.518695154515,141.44213944712538
2023-04-01 12:00:00,4405.591973566647,32197.020054119082,136.83228963927124
2023-04-01 13:00:00,4035.364250910955,31836.02157332556,126.75466504558675
2023-04-01 14:00:00,3852.8003303475466,31688.52380838827,121.58345884599622
2023-04-01 15:00:00,4047.2812409178587,31615.525085771504,128.01562618168654
2023-04-01 16:00:00,4993.541495377292,32600.02649769865,153.1759949866852
2023-04-01 17:00:00,5524.0720407832,32715.028011993465,168.85426595869188
2023-04-01 18:00:00,5960.766178318243,32729.029665590006,182.124744889249
2023-04-01 19:00:00,5778.916741388491,31940.03145810528,180.93021445418773
2023-04-01 20:00:00,5032.96484248974,30528.03342175583,164.86370978954028
2023-04-01 21:00:00,3932.883265798843,27871.035560608267,141.11005158909174
2023-04-01 22:00:00,3277.0821779304492,25182.037818054658,130.13570234498235
2023-04-01 23:00:00,2804.770665922795,23621.540546132004,118.73783847607994
2023-04-02 00:00:00,3052.0248316871885,23563.543541029347,129.52316897384037
2023-04-02 01:00:00,2983.067118256914,23217.047060731908,128.4860693288733
2023-04-02 02:00:00,2699.7619317537474,22688.051655488605,118.99487768931589
2023-04-02 03:00:00,2659.0362579516095,22673.05668905668,117.27736116123299
2023-04-02 04:00:00,2754.2524046560707,22804.06224557289,120.77902502615615
2023-04-02 05:00:00,2885.664230392107,22932.06837753473,125.83532295843978
2023-04-02 06:00:00,3775.703080796775,25054.078621536213,150.70213268793776
2023-04-02 07:00:00,4832.353441416778,27518.09097038875,175.60642003170582
2023-04-02 08:00:00,5477.3791716103915,29730.6072751556,184.2336794844943
2023-04-02 09:00:00,5819.59843345634,31049.630299313358,187.42891227226744
2023-04-02 10:00:00,6851.826798932354,32009.666436652114,214.05492657951564
2023-04-02 11:00:00,6945.456463677131,32556.23375121373,213.3372218897463
2023-04-02 12:00:00,6867.404543197056,33189.91903767417,206.91236201576163
2023-04-02 13:00:00,6726.019938929436,32931.28894823019,204.24405341385548
2023-04-02 14:00:00,6755.001777087785,32441.762621132308,208.21932075563706
2023-04-02 15:00:00,6836.2439269843035,32682.48343833164,209.17149517978234
2023-04-02 16:00:00,7304.474341919225,33462.64836221616,218.28739503377025
2023-04-02 17:00:00,7309.087923404929,32945.728497121774,221.85236923941355
2023-04-02 18:00:00,7481.245353772946,32465.28246279243,230.43832630586215
2023-04-02 19:00:00,7531.666625269859,32400.11587777553,232.4580150787706
2023-04-02 20:00:00,6660.9988396730005,30282.629743273512,219.96104354683945
2023-04-02 21:00:00,5481.650626680127,27949.630596059607,196.1260492456362
2023-04-02 22:00:00,4371.840738878747,25572.34930357429,170.95968332747933
2023-04-02 23:00:00,4179.825298007924,24639.42959280654,169.63969406289422
2023-04-03 00:00:00,4473.657394036975,25019.055819729023,178.81000091575115
2023-04-03 01:00:00,4493.15486017863,25346.016275054895,177.27262586036898
2023-04-03 02:00:00,4640.4068882569645,25226.517531988407,183.94956348503953
2023-04-03 03:00:00,4509.874167604214,23978.674169409114,188.07854578372408
2023-04-03 04:00:00,5184.533613159408,25113.06164163164,206.44769192795877
2023-04-03 05:00:00,6561.275262791982,28596.021773842425,229.44713480368665
2023-04-03 06:00:00,7773.4142950918,32610.02309531419,238.3750012188363
2023-04-03 07:00:00,8410.131446150102,35930.611880519355,234.06591221202825
2023-04-03 08:00:00,8265.846845426882,37965.064696489026,217.72244855916972
2023-04-03 09:00:00,7867.241595826944,38099.549872942924,206.49172029756724
2023-04-03 10:00:00,7847.430013666868,37977.03052449439,206.63621945389966
2023-04-03 11:00:00,7171.1352349317585,38461.10576398001,186.45161371433434
2023-04-03 12:00:00,6546.195988414733,37414.8002814183,174.9627403908885
2023-04-03 13:00:00,6319.573692511989,36024.139568894556,175.4260828471999
2023-04-03 14:00:00,6321.786394992259,34867.61805998403,181.30823803669813
2023-04-03 15:00:00,6411.821611939646,34569.90301324406,185.47409894332694
2023-04-03 16:00:00,6724.399524230833,35525.57346358246,189.28334910973547
2023-04-03 17:00:00,7088.508014124475,35398.645729635944,200.24800011459018
2023-04-03 18:00:00,7372.536184653805,35272.74966277879,209.01506843492837
2023-04-03 19:00:00,6891.075878705589,35122.99654675471,196.1984043568831
2023-04-03 20:00:00,5899.710197874704,33004.9411032549,178.75233224678843
2023-04-03 21:00:00,5075.635708677569,29863.55533682552,169.96086539028633
2023-04-03 22:00:00,4345.467717063816,27175.7438417571,159.9024388207087
2023-04-03 23:00:00,3905.8931716396105,25799.96731128571,151.39140001666016
2023-04-04 00:00:00,4307.26714854533,25943.486520360104,166.02499225248866
2023-04-04 01:00:00,4574.252222739226,26016.811428043733,175.8190943340813
2023-04-04 02:00:00,4787.382921392261,25553.95818427911,187.34408528293972
2023-04-04 03:00:00,5106.5559516211615,25556.699721045523,199.81280867090976
2023-04-04 04:00:00,6438.524631986084,27988.683353047705,230.04028273752252
2023-04-04 05:00:00,7816.991154853361,31044.228904522206,251.80174965513996
2023-04-04 06:00:00,8921.066844796916,33925.80102093264,262.9581786231814
2023-04-04 07:00:00,9864.997182974423,36874.44642016439,267.5293635752009
2023-04-04 08:00:00,9451.534698704765,37569.35712411298,251.57563030639474
2023-04-04 09:00:00,8538.109788948255,37899.117882393395,225.28518514450073
2023-04-04 10:00:00,7177.444241300171,37571.60210316448,191.03375527059703
2023-04-04 11:00:00,6646.826020485498,37686.51223567019,176.3714821610447
2023-04-04 12:00:00,5448.66334523842,36780.30562422515,148.14078493273007
2023-04-04 13:00:00,4824.549741819351,35736.64443750248,135.00287499730692
2023-04-04 14:00:00,4711.633778691165,34834.239558564084,135.25869484734594
2023-04-04 15:00:00,5392.806045471007,34657.929518014396,155.6009294400564
2023-04-04 16:00:00,6978.445515455686,35709.081659873395,195.42495049088384
2023-04-04 17:00:00,7527.125913947766,35579.69402377772,211.55679160471215
2023-04-04 18:00:00,7878.6333556358795,35250.957726765206,223.50125680851565
2023-04-04 19:00:00,8324.917352741726,35263.77774757362,236.07559610695807
2023-04-04 20:00:00,7104.757834384265,33459.15344766868,212.3412310923037
2023-04-04 21:00:00,6099.382738496477,31407.33240191722,194.20250852390598
2023-04-04 22:00:00,4932.754134732729,29412.117957763818,167.71162626969698
2023-04-04 23:00:00,4811.744089651638,28793.684791583542,167.1110913549391
2023-04-05 00:00:00,4976.15055022254,29008.850528942203,171.53904616998946
2023-04-05 01:00:00,4887.5739813053815,28729.8103992959,170.12204095245838
2023-04-05 02:00:00,4946.548450775766,28785.49667659752,171.8416918891411
2023-04-05 03:00:00,5118.432914253332,29064.893742309814,176.10361694880103
2023-04-05 04:00:00,5450.700887320464,29862.03033049227,182.52948064802968
2023-04-05 05:00:00,6410.20495552816,32254.789568309843,198.73653002610664
2023-04-05 06:00:00,7142.024531814033,33894.06947621144,210.71605275449926
2023-04-05 07:00:00,7792.8562959503515,36256.29478578619,214.9380222660105
2023-04-05 08:00:00,7648.408131507724,37313.139282963515,204.97895053820477
2023-04-05 09:00:00,7825.688734177529,38099.56511722235,205.40099893791285
2023-04-05 10:00:00,7532.927192709744,38326.940463271705,196.5439218903598
2023-04-05 11:00:00,7310.916408365924,38448.9451281627,190.14608551668425
2023-04-05 12:00:00,6731.604988224176,37711.46119996719,178.50289471758873
2023-04-05 13:00:00,6413.962811137653,36886.005426950345,173.88607784705695
2023-04-05 14:00:00,6493.212250351125,36222.4645636935,179.25926158153803
2023-04-05 15:00:00,6825.649160763999,36557.20126278358,186.71148022791152
2023-04-05 16:00:00,7829.042046887145,36822.6737035722,212.61470880447342
2023-04-05 17:00:00,8701.034062578568,36720.16931623525,236.95517271843136
2023-04-05 18:00:00,9101.692866442105,36649.66759153926,248.34312190441995
2023-04-05 19:00:00,8423.168472681062,35045.6680850883,240.34834925190268
2023-04-05 20:00:00,7946.778795728412,32164.17444161819,247.0692605573559
2023-04-05 21:00:00,7038.407318452316,29087.18434059919,241.9762337954546
2023-04-05 22:00:00,5412.544327626018,26014.698561567486,208.0571610244286
2023-04-05 23:00:00,5022.856443766647,24399.21747811995,205.8613743768998
2023-04-06 00:00:00,4902.114863810448,24898.242056792846,196.88598305971695
2023-04-06 01:00:00,4605.387582922925,25413.775581392296,181.21618994286476
2023-04-06 02:00:00,4234.812176951352,24949.32933191931,169.73651357968487
2023-04-06 03:00:00,4412.980015114604,26306.416163417052,167.75299180629182
2023-04-06 04:00:00,4822.124873625295,27829.08026348614,173.27647295452618
2023-04-06 05:00:00,5659.312642736859,30359.004445331746,186.41298508084253
2023-04-06 06:00:00,6456.034483962711,32461.6041881737,198.88217620233172
2023-04-06 07:00:00,6874.670167423714,34693.770089709826,198.152871528446
2023-04-06 08:00:00,6909.311918985877,36263.24037528173,190.5321159246293
2023-04-06 09:00:00,6231.537630849499,36180.20124804902,172.23612406483028
2023-04-06 10:00:00,6494.558938893924,37061.01862777077,175.23962317720498
2023-04-06 11:00:00,6032.251321068353,37171.76125365656,162.2804816781439
2023-04-06 12:00:00,5441.83342636858,37640.57319364011,144.57360674008152
2023-04-06 13:00:00,4253.26700523425,36604.722328503456,116.19448898051893
2023-04-06 14:00:00,3884.383369365433,35334.348416490844,109.9322201609513
2023-04-06 15:00:00,4307.574117955337,35895.58349717289,120.00290003071265
2023-04-06 16:00:00,5338.428082006516,36405.2631984859,146.63890912972556
2023-04-06 17:00:00,5980.017494779227,35884.22579856102,166.6475271989574
2023-04-06 18:00:00,6081.197819533592,34999.245074468156,173.75225684424282
2023-04-06 19:00:00,6341.979502631309,34420.91795021007,184.24783185053332
2023-04-06 20:00:00,5218.984818752475,32059.762197513326,162.7892554723091
2023-04-06 21:00:00,4342.752579875417,29267.74624880771,148.38015004494338
2023-04-06 22:00:00,3790.5086048170174,26442.568666128725,143.3487288121302
2023-04-06 23:00:00,3250.027492661672,24958.423135251775,130.21766139028503
2023-04-07 00:00:00,3110.2226492800114,24826.35865129585,125.27905090574646
2023-04-07 01:00:00,3433.988488603384,24542.342163122805,139.9209768073105
2023-04-07 02:00:00,3556.173821331522,23896.688811849115,148.81450101020698
2023-04-07 03:00:00,3714.48430746601,23575.64876143541,157.55597417713872
2023-04-07 04:00:00,3879.865109898241,23341.14037904987,166.2243166739472
2023-04-07 05:00:00,4786.177414714236,25245.165955692595,189.58787686776876
2023-04-07 06:00:00,5758.58636078213,27674.663468730636,208.08153158894623
2023-04-07 07:00:00,6670.1701786844715,30429.66552642139,219.19958906196038
2023-04-07 08:00:00,6435.809172100511,31314.171899771176,205.5238501180847
2023-04-07 09:00:00,5948.045076157571,31362.18245309708,189.65660585174578
2023-04-07 10:00:00,5764.067322140776,31511.69806203099,182.91833435298125
2023-04-07 11:00:00,5902.773460831691,32046.72110564977,184.19274288223656
2023-04-07 12:00:00,5767.87599488493,31687.756641186308,182.0222258141211
2023-04-07 13:00:00,5658.781207521144,30706.815622618953,184.28420833558621
2023-04-07 14:00:00,5456.647769750937,29022.432335597394,188.0148330316925
2023-04-07 15:00:00,5846.432624451995,29201.263995545458,200.211628693328
2023-04-07 16:00:00,7026.575662575179,30614.43629572918,229.51837475300536
2023-04-07 17:00:00,7556.3744248748135,31197.670960882097,242.2095686036802
2023-04-07 18:00:00,7995.5550574583785,31065.095029845565,257.38067273821974
2023-04-07 19:00:00,8016.1234291064075,30727.01507819402,260.8819440712676
2023-04-07 20:00:00,7547.633009185742,28970.76766642716,260.52582023680145
2023-04-07 21:00:00,7264.944315125073,26638.121837144765,272.72734765386804
2023-04-07 22:00:00,6198.690504088378,24208.57936973114,256.05345978454335
2023-04-07 23:00:00,5640.039291586052,22521.06068526958,250.43399910888968
2023-04-08 00:00:00,5543.050604922749,22536.06219222534,245.96358306266265
2023-04-08 01:00:00,5304.388268592073,22610.631127886994,234.59709012942434
2023-04-08 02:00:00,4914.74486571788,22220.565962866956,221.18000387258212
2023-04-08 03:00:00,4832.710344805634,22271.13618446142,216.9943331484551
2023-04-08 04:00:00,4711.1829372681295,22558.17664888485,208.84591031434377
2023-04-08 05:00:00,5061.210848691502,23586.635759343004,214.57959924134937
2023-04-08 06:00:00,5831.406479597558,25538.898139663615,228.33430196195482
2023-04-08 07:00:00,6570.342496087379,28201.731699206986,232.97656208367277
2023-04-08 08:00:00,6801.700132536437,29901.09541220195,227.47327610482188
2023-04-08 09:00:00,6646.120153115468,30698.588160733983,216.4959547428439
2023-04-08 10:00:00,6325.687311148464,30628.59330925136,206.52882250513906
2023-04-08 11:00:00,6002.528372726379,30436.37667233026,197.21560280804655
2023-04-08 12:00:00,5547.997887690232,29544.952437093925,187.7815812871195
2023-04-08 13:00:00,5558.717076375134,28471.324216934878,195.23914778325562
2023-04-08 14:00:00,5537.319306302996,28096.162813366074,197.0845393759161
2023-04-08 15:00:00,5706.06984319966,28346.133523191587,201.2997588729764
2023-04-08 16:00:00,6258.283919253072,29297.146710405414,213.61410997168295
2023-04-08 17:00:00,6377.845407591504,29439.16332208206,216.64492763649767
2023-04-08 18:00:00,6516.526140887478,29669.684046981558,219.6358454835125
2023-04-08 19:00:00,6598.508291535043,29449.70989586429,224.06021366144904
2023-04-08 20:00:00,6246.630363484923,28298.248068351375,220.74265334012406
2023-04-08 21:00:00,5756.503704873236,26264.80344649698,219.17177932054918
2023-04-08 22:00:00,4844.636968312884,24106.893889457897,200.96479415921252
2023-04-08 23:00:00,4393.829907016318,22829.06289556346,192.46650320763732
2023-04-09 00:00:00,4149.392867016708,22827.516661061625,181.7715404012648
2023-04-09 01:00:00,4003.4737530457305,22512.497358840927,177.8333913484511
2023-04-09 02:00:00,3802.349355248148,21944.80305205982,173.26878469712426
2023-04-09 03:00:00,3669.909410852601,22155.139445711367,165.6459630888487
2023-04-09 04:00:00,3462.7044861028076,21889.05892694429,158.19339230890364
2023-04-09 05:00:00,3283.273409171112,22396.013521012523,146.60079598945856
2023-04-09 06:00:00,3067.512400202719,23845.252807598587,128.64247760146282
2023-04-09 07:00:00,3495.7882884579103,26629.026506314873,131.27735959964255
2023-04-09 08:00:00,3501.23717065566,29279.900743751656,119.57817757981388
2023-04-09 09:00:00,3346.018738485432,31110.434200802847,107.55294242724145
2023-04-09 10:00:00,3577.668704880789,32436.128226157336,110.29888277466063
2023-04-09 11:00:00,3388.2841102508737,32862.62911885813,103.1044746297099
2023-04-09 12:00:00,3125.7089532729415,32678.200552987895,95.65119560988634
2023-04-09 13:00:00,3023.9945725994494,31112.246729174716,97.19627768841829
2023-04-09 14:00:00,2214.961191597533,29944.029479562563,73.97004444940488
2023-04-09 15:00:00,2288.8771626357197,29812.34060578778,76.77616437105097
2023-04-09 16:00:00,2966.340102803666,30616.807628697585,96.88600257667856
2023-04-09 17:00:00,3395.5897765692384,31165.30415064709,108.95416775512955
2023-04-09 18:00:00,3034.3829133302,31283.658309717124,96.99578237586364
2023-04-09 19:00:00,2845.362124206007,31117.210526490064,91.44014119722435
2023-04-09 20:00:00,2480.7139518493163,30368.936591132955,81.68590113140903
2023-04-09 21:00:00,1533.4854017595421,28218.984323810317,54.342331536916234
2023-04-09 22:00:00,1492.1836951041585,27013.145215643377,55.23916904870564
2023-04-09 23:00:00,893.7856700354125,26569.40277841801,33.639659780438244
2023-04-10 00:00:00,699.3164286014933,26172.98968520079,26.719012119464267
2023-04-10 01:00:00,663.3654980472539,26818.553096667227,24.735320196289454
2023-04-10 02:00:00,711.5040589948245,27017.281928795474,26.33514581037449
2023-04-10 03:00:00,666.0218408694968,26664.95268737622,24.977424437164157
2023-04-10 04:00:00,671.3268122520577,26538.010718931764,25.29680236255028
2023-04-10 05:00:00,854.9225012912802,26742.61298383527,31.96854779329317
2023-04-10 06:00:00,934.1951642403016,27671.966167908635,33.75962367732633
2023-04-10 07:00:00,1178.762550962698,28685.96962362071,41.09195423507933
2023-04-10 08:00:00,1503.7677357490054,30135.218534460437,49.900674655118436
2023-04-10 09:00:00,1572.0400141672644,30941.34673205996,50.80709730512121
2023-04-10 10:00:00,1461.362019184379,31542.225259293915,46.33033995449603
2023-04-10 11:00:00,1059.3190894498111,32902.22383605748,32.1959723673421
2023-04-10 12:00:00,1252.7533536520566,32196.580619452172,38.909515530825715
2023-04-10 13:00:00,1075.0406481906518,32933.15679526248,32.643109643995594
2023-04-10 14:00:00,1028.392793203548,34371.6131994353,29.919829111205168
2023-04-10 15:00:00,811.8487038045121,33234.10852039025,24.428177554587194
2023-04-10 16:00:00,1134.2686433526044,33142.17831696045,34.2243238360752
2023-04-10 17:00:00,1329.3073018116484,32526.104369818262,40.868936737629845
2023-04-10 18:00:00,1324.4872767350464,31037.218785264093,42.67416117077761
2023-04-10 19:00:00,1394.5073639741265,31106.72320512536,44.829773768789565
2023-04-10 20:00:00,1331.9076866650198,30781.52803533034,43.26970659599116
2023-04-10 21:00:00,1327.2137202963231,29664.36155662997,44.74101752578227
2023-04-10 22:00:00,811.548958012855,28178.666532431667,28.800119305816658
2023-04-10 23:00:00,713.103656774283,27618.084708037943,25.82017052640663
2023-04-11 00:00:00,704.3613818470081,27627.749900930023,25.494706748568674
2023-04-11 01:00:00,706.5504221184995,27621.676761863255,25.579563044268937
2023-04-11 02:00:00,694.7423208885497,27146.19476560715,25.59262271884798
2023-04-11 03:00:00,726.1370331242666,26915.239008374436,26.97865818313319
2023-04-11 04:00:00,702.2564612069251,26822.992384607995,26.181137851342243
2023-04-11 05:00:00,1068.8795519905586,28711.873583903758,37.22778831785419
2023-04-11 06:00:00,1791.5632533549442,32561.31949207946,55.021211710745995
2023-04-11 07:00:00,2604.663464872753,34717.72019963516,75.02403527349486
2023-04-11 08:00:00,3186.195239864607,35850.754741280696,88.87386786855653
2023-04-11 09:00:00,2807.671366497842,36271.49998906694,77.40709282340511
2023-04-11 10:00:00,3546.134732256317,35997.00001052926,98.51195186318469
2023-04-11 11:00:00,3318.5225924276456,35945.53404498109,92.32085933888067
2023-04-11 12:00:00,3357.979667684436,34961.00623417383,96.0492854579816
2023-04-11 13:00:00,2902.6008821829782,34540.50001172735,84.03470943377987
2023-04-11 14:00:00,2371.58932076356,35244.523871975456,67.28958318115683
2023-04-11 15:00:00,2685.2955491763632,35265.00000869836,76.14619448501394
2023-04-11 16:00:00,3415.7148509369604,36886.50000433979,92.60067641373112
2023-04-11 17:00:00,3794.4638163357413,37892.499901685864,100.137595201707
2023-04-11 18:00:00,2550.547572551114,37947.7459253475,67.21209680197252
2023-04-11 19:00:00,2666.047933333839,38295.94125146656,69.61698410355018
2023-04-11 20:00:00,1796.7183404929167,36196.57246932461,49.637803192983974
2023-04-11 21:00:00,1490.4562612422815,33640.493038830056,44.30542262034921
2023-04-11 22:00:00,1240.4012591251717,30538.911251745267,40.61707534037527
2023-04-11 23:00:00,1037.9955902178679,30121.16894803569,34.46066757928926
2023-04-12 00:00:00,950.3007264809607,30191.971925394948,31.475278555146236
2023-04-12 01:00:00,1146.2498207545966,30519.274930033695,37.55822585505084
2023-04-12 02:00:00,1115.4745766004391,30458.855723091976,36.622340206784486
2023-04-12 03:00:00,1036.3971649235887,29489.167469043736,35.14501269022081
2023-04-12 04:00:00,1330.949100429554,29537.57177464311,45.05952996353354
2023-04-12 05:00:00,1568.3716757377267,31259.076131497237,50.17332147437991
2023-04-12 06:00:00,1557.0583471465573,33122.283495819545,47.00939013890989
2023-04-12 07:00:00,1770.9868373198576,35902.45580114937,49.327735326204674
2023-04-12 08:00:00,2702.7521318114677,37436.94397557062,72.1947852788182
2023-04-12 09:00:00,2458.6149035886383,37813.14785633687,65.02010657588282
2023-04-12 10:00:00,2185.1069105920656,37623.35637926043,58.07846829414156
2023-04-12 11:00:00,2092.5218943906407,38486.41403704561,54.37040438156841
2023-04-12 12:00:00,1979.2368960056733,38879.769267509684,50.90660086966218
2023-04-12 13:00:00,2133.8830769790397,38406.477062855425,55.56050021163776
2023-04-12 14:00:00,1944.077883925837,37590.56571720829,51.717175488951824
2023-04-12 15:00:00,2185.6922680192692,37071.58496375467,58.958694918392254
2023-04-12 16:00:00,2974.4040433956675,37193.061138037614,79.97201500453328
2023-04-12 17:00:00,3157.54324720941,37035.52118054789,85.25715709025425
2023-04-12 18:00:00,3542.755014112292,36591.00697609148,96.8203749196387
2023-04-12 19:00:00,3406.3019942399887,35182.49996274531,96.81807710784953
2023-04-12 20:00:00,2739.9419639828056,32738.499973505546,83.69173805153481
2023-04-12 21:00:00,1755.1124541417782,29771.99998567026,58.9517820430788
2023-04-12 22:00:00,1345.474341302044,27442.619206580097,49.028641587514024
2023-04-12 23:00:00,1453.7806321556943,28610.169941015145,50.81342177110155
2023-04-13 00:00:00,1404.5299774055254,28790.523580547215,48.784454144297634
2023-04-13 01:00:00,1479.704443111614,29060.67810404529,50.91775346101221
2023-04-13 02:00:00,1386.1059314489246,28982.87252738769,47.82500182268366
2023-04-13 03:00:00,1324.7062246354321,28845.819447413753,45.92368149049765
2023-04-13 04:00:00,1272.2340441621893,28536.44637032248,44.58277767498394
2023-04-13 05:00:00,1511.3543583866015,30353.700372332994,49.7914369532415
2023-04-13 06:00:00,1922.456929044792,34039.59178145749,56.47708531252184
2023-04-13 07:00:00,2702.994547717246,35881.83748957122,75.33043837297492
2023-04-13 08:00:00,3686.0026315122227,36534.83213694402,100.89009353309542
2023-04-13 09:00:00,3241.850278712465,36943.99999306768,87.75038651258063
2023-04-13 10:00:00,2934.6274820719223,37238.30591066739,78.80668602680072
2023-04-13 11:00:00,2448.765613305353,37650.87098708244,65.03875074086586
2023-04-13 12:00:00,2309.9204733711413,36819.54757470619,62.73625358063825
2023-04-13 13:00:00,2131.791638658531,35761.38565403791,59.611550270503145
2023-04-13 14:00:00,2256.3075276767718,34716.528134899956,64.99231486827576
2023-04-13 15:00:00,2792.9690432511643,34757.02633238375,80.35696197200001
2023-04-13 16:00:00,4165.14404179786,36101.52656199056,115.3730725110978
2023-04-13 17:00:00,5151.660444811938,35860.02684694509,143.6602506406324
2023-04-13 18:00:00,5597.481448584323,34578.02713433987,161.87972283200025
2023-04-13 19:00:00,5708.871084536161,34449.52745213452,165.71696353362998
2023-04-13 20:00:00,5511.987848388498,31912.027792204728,172.72446252177468
2023-04-13 21:00:00,5406.264956731423,29651.02818474267,182.32976350929
2023-04-13 22:00:00,5244.752844536324,28421.028589519716,184.53775619051072
2023-04-13 23:00:00,5097.418391282041,27462.52904783875,185.61358214323667
2023-04-14 00:00:00,5297.782583578234,26989.02956414826,196.29392642615477
2023-04-14 01:00:00,5177.037097759264,26214.53010779953,197.48731243589813
2023-04-14 02:00:00,5064.1642368649045,25267.530705670895,200.421809944742
2023-04-14 03:00:00,5767.03822702447,25884.531399363892,222.79863359497378
2023-04-14 04:00:00,7149.192760040995,28431.53219137731,251.45295413270748
2023-04-14 05:00:00,8443.705029134047,31192.533025094133,270.6963561548899
2023-04-14 06:00:00,9186.400429249037,32938.53390555554,278.895243352031
2023-04-14 07:00:00,9866.183661517618,35363.03484094493,278.9970856826491
2023-04-14 08:00:00,9760.529113819402,36873.53586071796,264.7028251016597
2023-04-14 09:00:00,9454.44030845602,37575.53696381679,251.61158222596086
2023-04-14 10:00:00,8358.571271725745,37268.03809735244,224.28256754195888
2023-04-14 11:00:00,7972.929015184803,37948.03938636693,210.10121060560317
2023-04-14 12:00:00,7701.9185797088285,37138.04080575032,207.3862382777147
2023-04-14 13:00:00,7149.739912077656,35738.54233069664,200.0568418801061
2023-04-14 14:00:00,7350.16460050841,34772.54406391334,211.37839632896896
2023-04-14 15:00:00,7651.935313509942,35162.04597880198,217.6191714817459
2023-04-14 16:00:00,8360.839905009432,35740.04813966298,233.93476898344977
2023-04-14 17:00:00,8659.664056874646,35252.550493457784,245.64645495598165
2023-04-14 18:00:00,8825.973635953884,34569.053104897604,255.314301180655
2023-04-14 19:00:00,8600.790617384791,33547.05599750248,256.3798927102606
2023-04-14 20:00:00,8267.035696758374,31633.559262296447,261.33751274115167
2023-04-14 21:00:00,7771.8230519331255,30191.562980293616,257.4170491605845
2023-04-14 22:00:00,5770.838771287305,26226.067096773124,220.04209590378701
2023-04-14 23:00:00,5369.8620207251615,24314.07205377101,220.85408025647098
2023-04-15 00:00:00,5307.085764565089,24511.577918803607,216.51342814996238
2023-04-15 01:00:00,5163.280603067196,24045.58484758723,214.72884256276626
2023-04-15 02:00:00,5171.488170169451,23621.59324148674,218.9305402603723
2023-04-15 03:00:00,5001.109735743292,22906.103521509856,218.33087984811672
2023-04-15 04:00:00,5197.650792798061,23139.116412199757,224.62615685954526
2023-04-15 05:00:00,5258.622005476826,24653.133278922174,213.30440824626618
2023-04-15 06:00:00,5898.801492455611,27631.656707522627,213.47983419501887
2023-04-15 07:00:00,6477.476113294522,30157.190475757427,214.7904367451469
2023-04-15 08:00:00,6517.879671068418,31814.744016453482,204.8697820009992
2023-04-15 09:00:00,6619.704141716375,33148.34362658843,199.69939422272313
2023-04-15 10:00:00,6983.614043711958,33353.108605101814,209.38420242614865
2023-04-15 11:00:00,6827.302691606265,33336.90743347539,204.79712178552597
2023-04-15 12:00:00,6016.024305857997,31956.580584391246,188.25619624636693
2023-04-15 13:00:00,5243.074375239262,30379.780011847044,172.584343046416
2023-04-15 14:00:00,5062.831524186613,29915.08349495855,169.24009338098048
2023-04-15 15:00:00,5794.766332604028,30619.515650814556,189.2507510140799
2023-04-15 16:00:00,6007.269639596126,30734.84775281137,195.454673727695
2023-04-15 17:00:00,6405.824721250088,31309.5839650001,204.59629001812792
2023-04-15 18:00:00,6522.80707780165,30947.007073168734,210.77343803811544
2023-04-15 19:00:00,6608.225077302961,31376.571143565772,210.6101730194338
2023-04-15 20:00:00,6258.851786696806,30132.046730611677,207.71412717670879
2023-04-15 21:00:00,5812.330481225171,27601.231374795945,210.5822889674661
2023-04-15 22:00:00,4411.205914696431,25434.744682874894,173.43228602040884
2023-04-15 23:00:00,3913.0756238935833,24241.83831742028,161.41827086940154
2023-04-16 00:00:00,4706.6368307410385,24861.539693318893,189.31397205483074
2023-04-16 01:00:00,4922.161397359478,24957.361176110877,197.2228298747769
2023-04-16 02:00:00,4742.3386170664235,23803.0430707387,199.2324512026878
2023-04-16 03:00:00,4526.226839661322,23288.633011664853,194.3534786861134
2023-04-16 04:00:00,4351.358857609361,22738.424429941486,191.36589129190418
2023-04-16 05:00:00,4436.843266293438,23259.3672083392,190.7551149844994
2023-04-16 06:00:00,4888.862029670075,25102.422939465,194.756579532568
2023-04-16 07:00:00,5317.440133466554,27165.735071895346,195.74070495032467
2023-04-16 08:00:00,5881.581996003109,29579.275166106374,198.84131585288344
2023-04-16 09:00:00,6094.694980318253,30946.61962784283,196.94218798730526
2023-04-16 10:00:00,6561.858202644722,31873.58949021983,205.87132819346184
2023-04-16 11:00:00,6286.488101395192,32209.583247438735,195.1744626157212
2023-04-16 12:00:00,5983.802670882076,31364.08389644518,190.785188900744
2023-04-16 13:00:00,6025.503929790626,31300.087157841815,192.50757671711523
2023-04-16 14:00:00,6324.012123438027,31150.10911791701,203.01733452999568
2023-04-16 15:00:00,6898.774977696445,32146.113573918374,214.6068127903878
2023-04-16 16:00:00,7735.564167607773,32918.12080427173,234.9940998638033
2023-04-16 17:00:00,8064.78108318906,32380.131159401146,249.06573242361796
2023-04-16 18:00:00,8187.040843898528,31637.14586914134,258.7793752875828
2023-04-16 19:00:00,7928.564533823985,31231.167483671394,253.86705565743833
2023-04-16 20:00:00,7457.931286156744,29309.20220274662,254.4569870775209
2023-04-16 21:00:00,6719.510710790179,26838.76785871314,250.3658419106116
2023-04-16 22:00:00,6344.745839287397,25372.95309926717,250.05941620057808
2023-04-16 23:00:00,6151.365107665351,24236.910059855127,253.8015403974363
2023-04-17 00:00:00,6296.377183658513,23981.777697115842,262.5483924995162
2023-04-17 01:00:00,6246.928188619392,23415.489036184532,266.78615078104326
2023-04-17 02:00:00,6306.9136266474225,23437.10970665849,269.0994625867039
2023-04-17 03:00:00,6897.739349522081,25149.80773282419,274.26608675499017
2023-04-17 04:00:00,7473.080999518671,26919.53803613965,277.6080700005332
2023-04-17 05:00:00,8853.839998618801,30539.96281941181,289.9099796215575
2023-04-17 06:00:00,9841.735365156663,33451.70620519709,294.20727614867195
2023-04-17 07:00:00,9692.295985181932,34394.82299970598,281.79519880840166
2023-04-17 08:00:00,9064.017640402375,35018.53578520652,258.83485523205235
2023-04-17 09:00:00,8984.822460862144,35721.56536144765,251.52376078566192
2023-04-17 10:00:00,8959.497419821611,36111.11733273666,248.10911657112717
2023-04-17 11:00:00,8992.088874478524,37308.62838373308,241.01901527956366
2023-04-17 12:00:00,8553.70736832781,35631.52399372094,240.06010435689367
2023-04-17 13:00:00,8084.557740891453,34606.32777314081,233.61501381739103
2023-04-17 14:00:00,7903.29074975863,34504.712917956815,229.04960167472163
2023-04-17 15:00:00,7907.0504255033675,35494.15430942877,222.77049782822732
2023-04-17 16:00:00,8194.957580110586,35677.90007189066,229.69282282863668
2023-04-17 17:00:00,8433.856752914042,35123.11317871403,240.12269954547438
2023-04-17 18:00:00,8681.656141500725,34101.754971709,254.5809196243148
2023-04-17 19:00:00,8176.678087168011,33112.96902442334,246.93279787557216
2023-04-17 20:00:00,7715.261230364898,31591.570910286016,244.21898019173395
2023-04-17 21:00:00,6878.529689031672,28834.919354975264,238.54860158798502
2023-04-17 22:00:00,5409.419398629044,25558.863883790906,211.64553413736147
2023-04-17 23:00:00,4657.9478974889835,23996.849553786124,194.1066425010808
2023-04-18 00:00:00,4529.057629653899,23843.393208089008,189.95021346699053
2023-04-18 01:00:00,4463.046352792393,24010.436506496408,185.87943420290773
2023-04-18 02:00:00,4298.946666399896,23722.50770355601,181.21805334077234
2023-04-18 03:00:00,4291.522463653851,23641.609732008677,181.5241226084324
2023-04-18 04:00:00,5005.373043279815,26044.20411668451,192.18759847121837
2023-04-18 05:00:00,6089.860104997984,29402.022514628818,207.12385013541186
2023-04-18 06:00:00,7002.171332476694,32788.36374614153,213.55659546447166
2023-04-18 07:00:00,7096.520307771904,35127.64566228376,202.02094885599965
2023-04-18 08:00:00,6927.275688657465,36240.59838369973,191.14683525129678
2023-04-18 09:00:00,5976.243082696309,36596.040875644074,163.30299506998597
2023-04-18 10:00:00,5358.224457661194,36493.99367927966,146.82483108729903
2023-04-18 11:00:00,4643.764374977136,37266.74186449753,124.60881050084649
2023-04-18 12:00:00,3680.5617672959893,36878.88542306841,99.80132872979212
2023-04-18 13:00:00,2882.8769430103694,35948.472187468375,80.19470001329678
2023-04-18 14:00:00,2860.6481523807147,35414.21285197784,80.77683850654755
2023-04-18 15:00:00,3076.359063261144,35425.8545706427,86.83937481667735
2023-04-18 16:00:00,3948.9027234856694,35971.5551615085,109.77848207439216
2023-04-18 17:00:00,4375.082665072352,35027.06311017807,124.90578074760292
2023-04-18 18:00:00,4670.351353333375,34685.14067056453,134.64991817942544
2023-04-18 19:00:00,4501.051260122298,34091.26149998301,132.02947213098997
2023-04-18 20:00:00,3446.0588254122663,32313.761892573526,106.64369060057513
2023-04-18 21:00:00,2197.4067663789174,29218.603948712742,75.2057411858559
2023-04-18 22:00:00,1353.6195189270652,28529.34391495753,47.44657020371862
2023-04-18 23:00:00,1319.9714071499868,27338.138544260626,48.28314865011546
2023-04-19 00:00:00,1399.255995794375,27264.547237027262,51.321446258754754
2023-04-19 01:00:00,1353.514276813938,26587.593345998648,50.907739530988344
2023-04-19 02:00:00,1300.6409720768506,25635.28213860717,50.736362683446465
2023-04-19 03:00:00,1158.0708896787642,24573.259923214704,47.12727954278132
2023-04-19 04:00:00,1155.442532710425,24248.317553200315,47.65042070137063
2023-04-19 05:00:00,1634.1586737418013,28641.61513531474,57.05539530579422
2023-04-19 06:00:00,2156.1641080562536,32452.698246857708,66.44021066152884
2023-04-19 07:00:00,2486.7164477719602,34625.446704865855,71.81759903252039
2023-04-19 08:00:00,2604.495796762841,35748.301678841475,72.85649036313177
2023-04-19 09:00:00,2482.2212701077315,36560.51583224431,67.8934969489285
2023-04-19 10:00:00,2320.851920633758,36829.31327151984,63.016432142612764
2023-04-19 11:00:00,2332.1614034232707,37741.17181851985,61.793561011766556
2023-04-19 12:00:00,2057.6724286751714,37877.87498689113,54.32386134088292
2023-04-19 13:00:00,2156.400978576302,37134.60938101565,58.069844129792294
2023-04-19 14:00:00,2218.729306446563,36751.146030270516,60.37170390874561
2023-04-19 15:00:00,2152.9692430206096,35968.23468649696,59.85751766207387
2023-04-19 16:00:00,2129.0021825283548,35552.61067453642,59.88314619193898
2023-04-19 17:00:00,2547.6688984136035,34234.891303392746,74.41732108438518
2023-04-19 18:00:00,2673.8384282543643,33391.5156268822,80.07538376310661
2023-04-19 19:00:00,2957.1634696581314,32923.50381056573,89.81922114587104
2023-04-19 20:00:00,2535.3623243253496,31752.00432920726,79.84889073579467
2023-04-19 21:00:00,1578.039780328194,28568.455424825737,55.23714029554748
2023-04-19 22:00:00,1600.0698452744534,28906.80042639872,55.3527136062147
2023-04-19 23:00:00,1598.7635541378718,26660.451051259464,59.967610865396246
2023-04-20 00:00:00,1611.814609349309,25820.80332401158,62.42310082778996
2023-04-20 01:00:00,1688.1769761990288,26564.95623165535,63.549021555976154
2023-04-20 02:00:00,1681.1913827407277,26096.8325615691,64.42128096482084
2023-04-20 03:00:00,1427.6528353404801,23566.4692241435,60.57983577267785
2023-04-20 04:00:00,1665.444184918329,23284.01598440701,71.52735962875366
2023-04-20 05:00:00,2969.9093046593575,27474.52121714252,108.09685385186276
2023-04-20 06:00:00,4616.936402150046,31880.02413941041,144.82223670723457
2023-04-20 07:00:00,5317.645992490167,34758.52736341472,152.98824190369137
2023-04-20 08:00:00,5028.557053303481,35522.03045163497,141.56164468554562
2023-04-20 09:00:00,4163.840007784312,35730.53383656868,116.53450314595632
2023-04-20 10:00:00,3702.409464672868,35815.03745921138,103.37583672471168
2023-04-20 11:00:00,3454.755781818973,36449.04179767669,94.7831715575904
2023-04-20 12:00:00,2883.1468439906103,36064.546989654926,79.94407485050728
2023-04-20 13:00:00,2338.1848727021265,35205.052863750134,66.41617275086395
2023-04-20 14:00:00,1891.8170532434026,33885.61148359405,55.8295090575343
2023-04-20 15:00:00,2297.6435962625737,33966.14198055059,67.64511546758038
2023-04-20 16:00:00,3569.4558777021134,34960.07717935312,102.10091526371627
2023-04-20 17:00:00,4142.925707002306,35121.58908052038,117.95951764893555
2023-04-20 18:00:00,4167.886641635794,34355.60420228328,121.31606293679434
2023-04-20 19:00:00,4190.221277163151,33150.12464017025,126.40137322698256
2023-04-20 20:00:00,3330.3289052117716,31455.02987716758,105.87587798252814
2023-04-20 21:00:00,2591.1495865337056,29346.00684485647,88.29649635919243
2023-04-20 22:00:00,1735.7185404076058,26559.38883242446,65.35235247162733
2023-04-20 23:00:00,1718.1989256569398,25478.16505788135,67.43809539476378
2023-04-21 00:00:00,1808.3143422382298,24669.596581378388,73.3013341451728
2023-04-21 01:00:00,2046.4308656553726,23731.50614327427,86.2326585299918
2023-04-21 02:00:00,2070.9958875827833,23522.00585772327,88.04503748998037
2023-04-21 03:00:00,2531.6090732437474,24398.006103359174,103.76294941967366
2023-04-21 04:00:00,2991.3513818997335,26348.160798972138,113.53169599664916
2023-04-21 05:00:00,3484.1579912905736,29798.29544973519,116.92474145602635
2023-04-21 06:00:00,4209.838634495189,32288.17639493275,130.38328900965348
2023-04-21 07:00:00,4492.022831190678,35255.15638686315,127.41463353328095
2023-04-21 08:00:00,4344.738881265865,36163.69072122133,120.14091467484859
2023-04-21 09:00:00,4206.762005502388,36917.18654823484,113.95131641480765
2023-04-21 10:00:00,3593.261059095734,36573.2332205444,98.24838393224911
2023-04-21 11:00:00,3265.014675618821,37126.72832299466,87.94242916353646
2023-04-21 12:00:00,2984.985756960684,36527.22973959751,81.71946731905585
2023-04-21 13:00:00,2439.728334416482,35408.752960446865,68.90184291838139
2023-04-21 14:00:00,2434.579915857791,34196.5486894197,71.19373179934506
2023-04-21 15:00:00,2915.004780119009,34599.772847823806,84.24924617105836
2023-04-21 16:00:00,4801.472226967246,34517.12008360849,139.10407981132155
2023-04-21 17:00:00,5690.363568952747,33931.62204149167,167.7009004165659
2023-04-21 18:00:00,5747.344466445712,33267.63174828735,172.76085385132924
2023-04-21 19:00:00,5653.832057397834,32398.64274053155,174.50829970493618
2023-04-21 20:00:00,5474.431772070006,31049.65708073596,176.3121492078085
2023-04-21 21:00:00,5120.861526347749,28376.674480550028,180.46024138091641
2023-04-21 22:00:00,3920.1168207098394,25944.095872422637,151.09860987203416
2023-04-21 23:00:00,3005.8130835497805,24064.577377602007,124.90612390090952
2023-04-22 00:00:00,3257.5374598970984,24179.51849424656,134.723007849483
2023-04-22 01:00:00,3567.9544004452655,23928.471390092964,149.1091654907173
2023-04-22 02:00:00,3580.4459051129033,23336.59698577493,153.42622179640856
2023-04-22 03:00:00,3256.5491897898733,22729.157887624482,143.27628000520826
2023-04-22 04:00:00,3221.816120788294,23010.582603972685,140.01453923344212
2023-04-22 05:00:00,3491.1923290703917,24552.645432663365,142.1921046611914
2023-04-22 06:00:00,4501.693154500119,27449.726588846916,163.99774110424835
2023-04-22 07:00:00,5381.84511803427,30438.789253750678,176.80877754922915
2023-04-22 08:00:00,5837.835226436176,32430.956459087134,180.00811150299631
2023-04-22 09:00:00,5800.521964215157,33203.91665495715,174.6939080859659
2023-04-22 10:00:00,5432.673143515594,33344.0474489184,162.92782547884173
2023-04-22 11:00:00,4943.083222602501,33128.26834165172,149.21043175648367
2023-04-22 12:00:00,4352.389199263663,32101.272097269066,135.58307552659048
2023-04-22 13:00:00,3734.9963413814367,31342.64056967572,119.16661370883595
2023-04-22 14:00:00,3670.152574575574,30228.833435112287,121.41231260060833
2023-04-22 15:00:00,4311.932732468392,31136.16320061746,138.48632230906608
2023-04-22 16:00:00,4917.90808161639,31738.177192054463,154.952442664148
2023-04-22 17:00:00,5168.480072017802,31670.704462478443,163.19435136471648
2023-04-22 18:00:00,5788.856330946169,31021.497589126953,186.60789390693907
2023-04-22 19:00:00,6291.211937949491,31018.355836610506,202.8222247203724
2023-04-22 20:00:00,6036.012673952608,29514.63673853636,204.50912973872283
2023-04-22 21:00:00,5312.277153998796,27441.004202752218,193.58902155140507
2023-04-22 22:00:00,3486.983636855589,24939.076948893537,139.82007609990129
2023-04-22 23:00:00,2656.909881875912,23410.51878977172,113.49214025264325
2023-04-23 00:00:00,2020.3345793812443,22954.50042520933,88.01474839166838
2023-04-23 01:00:00,1952.6757968844402,23016.75261954993,84.83715444835948
2023-04-23 02:00:00,2112.686646608031,22822.500205813383,92.57034187997878
2023-04-23 03:00:00,2522.488483092861,23021.999896931826,109.56860804386662
2023-04-23 04:00:00,2559.2443941382926,23106.499919387123,110.75863514884837
2023-04-23 05:00:00,2780.412419876591,23667.220058508457,117.47946793087858
2023-04-23 06:00:00,3548.7303367881705,25546.469319753855,138.9127512052755
2023-04-23 07:00:00,4020.3840202708852,27882.69105247276,144.1892395789516
2023-04-23 08:00:00,4536.6646736963585,30027.281040890768,151.0847641356001
2023-04-23 09:00:00,4817.174712801603,31448.84876916693,153.17491422848065
2023-04-23 10:00:00,5175.372522932494,32346.6493477288,159.99717520343043
2023-04-23 11:00:00,5297.659977488905,32996.09238482738,160.5541624657631
2023-04-23 12:00:00,5278.778345114803,32855.09576947807,160.66848144812636
2023-04-23 13:00:00,4832.268305339616,32507.47553971402,148.65098643037007
2023-04-23 14:00:00,4437.353610203793,32872.30244065217,134.98761208512897
2023-04-23 15:00:00,4532.624416652458,33962.98032998938,133.45779353321774
2023-04-23 16:00:00,4596.3844650550955,34321.71338041807,133.92060046971662
2023-04-23 17:00:00,4399.080660636362,33491.19176070331,131.3503769011289
2023-04-23 18:00:00,4654.313477003865,33158.491541587435,140.36565780341417
2023-04-23 19:00:00,4989.531947783698,32832.50190087435,151.96928832434864
2023-04-23 20:00:00,4457.887017476563,31203.79321484117,142.86362516196587
2023-04-23 21:00:00,3192.7676743666243,28697.847749817807,111.25460355774918
2023-04-23 22:00:00,1243.4295209717002,26664.284260745233,46.6327732187531
2023-04-23 23:00:00,1176.367052022999,25941.984185604146,45.34607081735075
2023-04-24 00:00:00,1244.0734146837233,26619.158248571133,46.73601633329269
2023-04-24 01:00:00,1402.332617659833,26840.62959699378,52.24663648787501
2023-04-24 02:00:00,1393.2859469191533,25849.19182996087,53.900561227769046
2023-04-24 03:00:00,1295.598125505604,24900.406644597613,52.03120350593538
2023-04-24 04:00:00,1475.4639449975805,24612.90213278542,59.94676844841472
2023-04-24 05:00:00,2251.2975651304696,28184.43084277097,79.87734709597322
2023-04-24 06:00:00,4288.176884052337,33283.60311219466,128.837520072495
2023-04-24 07:00:00,5279.902298754871,35865.049723993085,147.2158086880529
2023-04-24 08:00:00,5233.982159335896,37428.02998454002,139.84124094957275
2023-04-24 09:00:00,4838.715890721368,37808.44605520189,127.97976102103331
2023-04-24 10:00:00,4830.0748853022005,37628.018700767185,128.36378454345038
2023-04-24 11:00:00,5088.638237628742,37805.51159706801,134.60043318190114
2023-04-24 12:00:00,4924.478433103499,37319.01774237824,131.95627138683838
2023-04-24 13:00:00,4825.829260523146,36946.52716275492,130.6165864863199
2023-04-24 14:00:00,4622.37908438877,36098.54605206482,128.0488991917272
2023-04-24 15:00:00,5081.596480033704,36809.60451108366,138.05083068750702
2023-04-24 16:00:00,6007.916471716629,37683.72565423555,159.43000240586227
2023-04-24 17:00:00,6084.410808610958,37159.77279373656,163.73649113474963
2023-04-24 18:00:00,6045.337819927241,36083.1487994944,167.53908738729447
2023-04-24 19:00:00,6147.667886245848,34860.36269353381,176.35123134809405
2023-04-24 20:00:00,5726.271780409304,33164.786809977086,172.66119674517697
2023-04-24 21:00:00,4987.630105948375,30464.34674909203,163.72023818620133
2023-04-24 22:00:00,3952.7273427210826,26882.712924979547,147.03602846006623
2023-04-24 23:00:00,3160.800557763128,25100.99456203353,125.92331949045524
2023-04-25 00:00:00,3209.851565129496,25069.39115421333,128.03867255428048
2023-04-25 01:00:00,3137.5901683122243,24988.810558155546,125.5598044977061
2023-04-25 02:00:00,3112.5408803025125,24468.720718440378,127.20488807397301
2023-04-25 03:00:00,3301.995087513797,24384.728457595193,135.41241983710972
2023-04-25 04:00:00,4147.30869994969,26592.021933372722,155.96063775597517
2023-04-25 05:00:00,5489.580690716882,29707.716745313628,184.78635493193397
2023-04-25 06:00:00,6863.277872228569,34652.96779725867,198.05743370619788
2023-04-25 07:00:00,7104.863313262255,36440.46063784065,194.97183045717028
2023-04-25 08:00:00,6873.773593824586,36673.82143589294,187.42997933390092
2023-04-25 09:00:00,6906.499707452302,36596.259125872784,188.72146695916118
2023-04-25 10:00:00,7395.6407212833155,36837.18839997791,200.76561329766827
2023-04-25 11:00:00,7076.9979966522005,37220.757740641035,190.13578514348418
2023-04-25 12:00:00,6752.610674696589,36826.09850776877,183.36481322538333
2023-04-25 13:00:00,6514.930360173025,35412.13162537215,183.9745324877646
2023-04-25 14:00:00,7075.089843783647,34999.52729643474,202.14815428391108
2023-04-25 15:00:00,7671.687601664024,35519.957816443675,215.98245249358035
2023-04-25 16:00:00,8293.365332124173,35496.95087534956,233.63599203906278
2023-04-25 17:00:00,8583.436574472766,35410.75837822976,242.39629331829818
2023-04-25 18:00:00,8727.479657098733,34276.1367484748,254.62261751208248
2023-04-25 19:00:00,8815.362503373814,33905.07867813546,260.0012401404224
2023-04-25 20:00:00,8381.766135282931,32350.0875430642,259.0956245211141
2023-04-25 21:00:00,7666.643138630205,29084.574062539326,263.5982607874864
2023-04-25 22:00:00,6786.883777747678,26307.55726734916,257.98228656413556
2023-04-25 23:00:00,6559.131552006005,25028.556966285625,262.0659097862251
2023-04-26 00:00:00,6620.596591104369,25225.55991331964,262.4558825990043
2023-04-26 01:00:00,6415.789383042358,25117.058410370955,255.4355401902178
2023-04-26 02:00:00,6474.587568378089,24598.057606772152,263.2153998450493
2023-04-26 03:00:00,6624.777705963758,24582.057307682207,269.49647147285066
2023-04-26 04:00:00,7317.924536676569,26306.557500237115,278.1787216594421
2023-04-26 05:00:00,8025.292165088887,28360.55808359729,282.97370388245014
2023-04-26 06:00:00,9215.438708994789,33130.559050446835,278.1552431687838
2023-04-26 07:00:00,9733.628687591558,36021.56034200693,270.21674228366453
2023-04-26 08:00:00,9626.39074850742,37138.06197763524,259.20552220265256
2023-04-26 09:00:00,9293.094173688722,37528.06396329022,247.6305247928373
2023-04-26 10:00:00,8668.327971853289,36833.5663552474,235.33773211776918
2023-04-26 11:00:00,8702.279692618877,36800.069286107275,236.47454641896974
2023-04-26 12:00:00,8489.609037422024,35984.57278305528,235.92357448855648
2023-04-26 13:00:00,8016.741600260554,34930.076942859225,229.5082720079556
2023-04-26 14:00:00,7865.804005641975,34471.08201015031,228.18558475552985
2023-04-26 15:00:00,8345.783321187258,35420.088270103326,235.6228831939868
2023-04-26 16:00:00,8943.432721864003,36172.59603322084,247.24331960167777
2023-04-26 17:00:00,9198.231499144082,35561.105806210464,258.65988389870836
2023-04-26 18:00:00,9027.054785554294,34578.11850637433,261.0626365888067
2023-04-26 19:00:00,8778.491921396826,33857.63565854972,259.27657825628717
2023-04-26 20:00:00,8110.768433443855,32083.660362461553,252.80059512578552
2023-04-26 21:00:00,7312.598082960593,29433.699924442593,248.44304663471823
2023-04-26 22:00:00,6142.399047492404,26295.274700173122,233.5932640951632
2023-04-26 23:00:00,5993.429988539156,25422.99152023417,235.7484163014011
2023-04-27 00:00:00,6391.770098979511,25791.89454549555,247.8208837161909
2023-04-27 01:00:00,6286.186744566382,25439.730560082327,247.10115265253967
2023-04-27 02:00:00,6260.415996288008,25351.929968764645,246.9404106117869
2023-04-27 03:00:00,6368.311293319897,25936.019116340205,245.53927357756052
2023-04-27 04:00:00,6704.794480383232,27292.107506379667,245.66789057297802
2023-04-27 05:00:00,7415.635415691925,29631.790334592046,250.2594454117387
2023-04-27 06:00:00,8036.551517014908,33465.32133371724,240.14565516566128
2023-04-27 07:00:00,8473.472665981473,36306.93554581707,233.38440820180165
2023-04-27 08:00:00,8045.77506153563,37341.67953749994,215.46366315569054
2023-04-27 09:00:00,7259.139106116207,37368.4180850781,194.25866756224596
2023-04-27 10:00:00,6638.392001036864,37520.528737824956,176.92693105213655
2023-04-27 11:00:00,6080.400867278716,37915.49468607808,160.36717752521727
2023-04-27 12:00:00,5475.06018787543,37708.18391972222,145.1955416238397
2023-04-27 13:00:00,4740.172780335444,36974.366356470346,128.20159606348292
2023-04-27 14:00:00,4829.268552812716,36828.47737779435,131.12865088809
2023-04-27 15:00:00,5336.594278287258,37003.83051924307,144.21734732332843
2023-04-27 16:00:00,5920.389970384701,37416.20016966934,158.23065793794692
2023-04-27 17:00:00,5861.879058317065,37632.07477030288,155.7681603817106
2023-04-27 18:00:00,5609.847145453646,37108.49618707313,151.1741978756837
2023-04-27 19:00:00,5461.19199590729,36752.296654361344,148.59457756524225
2023-04-27 20:00:00,4877.178270908576,35016.29324835152,139.2831113309854
2023-04-27 21:00:00,4242.922777176292,32248.566013167794,131.56934715930666
2023-04-27 22:00:00,3034.6411742073315,27067.432015131606,112.11411457543755
2023-04-27 23:00:00,2558.0582575350186,25811.778086602466,99.10430226667614
2023-04-28 00:00:00,2298.47304779737,25212.133535096047,91.16535276944437
2023-04-28 01:00:00,2123.876623903497,25351.102771863178,83.7784708230033
2023-04-28 02:00:00,2426.860303543998,24579.594360175695,98.73475810797109
2023-04-28 03:00:00,2339.175800541757,23868.581603703184,98.00229604673436
2023-04-28 04:00:00,3230.5194499946833,24522.575382206123,131.7365488593334
2023-04-28 05:00:00,5095.6525764967755,27865.07280301185,182.86880542246428
2023-04-28 06:00:00,6212.453814813202,31727.572019341864,195.80615280066013
2023-04-28 07:00:00,7043.047150586532,33887.57252163501,207.83569392850447
2023-04-28 08:00:00,7590.274431530852,34902.07424838913,217.47344806823835
2023-04-28 09:00:00,7718.378115110532,35573.577131117345,216.9694120628375
2023-04-28 10:00:00,8184.9048161755045,35566.58140394638,230.12908446880778
2023-04-28 11:00:00,7862.472340858905,35117.08735212969,223.89306556148892
2023-04-28 12:00:00,7417.801898472174,34037.09563174979,217.93286885361778
2023-04-28 13:00:00,7468.723127778371,33759.10747407896,221.23579936208424
2023-04-28 14:00:00,7133.701443496385,32940.62471628333,216.5624211726023
2023-04-28 15:00:00,7263.431919948538,33225.148712505346,218.61247282287448
2023-04-28 16:00:00,7511.037911062462,33473.67423077997,224.38641958688402
2023-04-28 17:00:00,7571.440474663145,32923.89452201541,229.967948342208
2023-04-28 18:00:00,7592.339704220953,32547.724685938905,233.2679097381254
2023-04-28 19:00:00,7451.975720205062,31794.73295629696,234.37767917246165
2023-04-28 20:00:00,7121.851287983488,30552.572185387708,233.1015288915555
2023-04-28 21:00:00,6467.813723280235,27785.06112830513,232.7802589101148
2023-04-28 22:00:00,5566.987368215408,25121.55396434814,221.60203051594394
2023-04-28 23:00:00,5184.4641405413295,23540.051407821684,220.2401367236896
2023-04-29 00:00:00,5221.9447985788665,23517.54983412675,222.04459373574736
2023-04-29 01:00:00,5418.453244542892,23585.048860935873,229.74102264920575
2023-04-29 02:00:00,5165.472679235752,22825.048528509968,226.30719372989466
2023-04-29 03:00:00,5045.456489206989,22199.548574998153,227.27743639297896
2023-04-29 04:00:00,5043.446089168789,21945.04892610945,229.82159238516314
2023-04-29 05:00:00,5369.413574240892,23095.04938707553,232.49197194814084
2023-04-29 06:00:00,6018.986908783625,25760.550673950424,233.65132931223178
2023-04-29 07:00:00,6645.353999139102,28567.05145855693,232.62302757355673
2023-04-29 08:00:00,7177.353638303065,30780.052792860024,233.1819794658695
2023-04-29 09:00:00,7347.611253460784,31818.554426333463,230.92222088442213
2023-04-29 10:00:00,6911.105062633668,31832.556260076555,217.10807659205713
2023-04-29 11:00:00,6767.662927359591,32112.558515159035,210.7481695725008
2023-04-29 12:00:00,6596.070023371005,31552.56096845939,209.05022669838357
2023-04-29 13:00:00,6390.252897046346,30683.063964822584,208.2664529322307
2023-04-29 14:00:00,6084.694254442537,29640.567533233832,205.28265012537997
2023-04-29 15:00:00,6224.334417059633,29528.5716459935,210.7902302786855
2023-04-29 16:00:00,6846.308632387846,30279.576338035084,226.1031844024843
2023-04-29 17:00:00,6982.807786344045,29978.082060623354,232.9304380521416
2023-04-29 18:00:00,6744.614547504707,29239.089108357388,230.67115813730663
2023-04-29 19:00:00,6874.28062505246,28816.59825915575,238.55281470873575
2023-04-29 20:00:00,6480.420439430425,28086.609015105452,230.7298982210756
2023-04-29 21:00:00,5531.954324631125,26130.124418717853,211.70792132426308
2023-04-29 22:00:00,4124.336240539092,23678.64674237874,174.17955871429012
2023-04-29 23:00:00,3338.542082359512,22215.680266151267,150.27863393615064
2023-04-30 00:00:00,3154.1088500887427,22253.242125675315,141.737048124309
2023-04-30 01:00:00,2947.6641268716767,22059.39603557714,133.6239723933383
2023-04-30 02:00:00,2868.868934178608,21582.056677895336,132.92843110346135
2023-04-30 03:00:00,2792.379456931915,20965.159276447674,133.1914258370974
2023-04-30 04:00:00,2657.1393076052227,20801.592461375843,127.7373024463857
2023-04-30 05:00:00,3059.7325150889747,21824.156965612347,140.19934515271777
2023-04-30 06:00:00,3501.0952673432166,24086.22655142875,145.3567357206286
2023-04-30 07:00:00,3845.552056348074,26668.59455516354,144.19777721670388
2023-04-30 08:00:00,4228.501806480998,28970.769596287348,145.95752427035586
2023-04-30 09:00:00,4339.571008322847,30141.14349088509,143.974995827055
2023-04-30 10:00:00,4892.756379982586,30686.735905468857,159.44205975685475
2023-04-30 11:00:00,4785.507529993025,30828.363092705684,155.2306723390489
2023-04-30 12:00:00,4290.130724700134,30290.416686254823,141.63326867163596
2023-04-30 13:00:00,4358.819865391303,30341.8650071123,143.65695267478026
2023-04-30 14:00:00,4210.119569071491,29847.49748592595,141.05435710503696
2023-04-30 15:00:00,4421.733257658977,30272.043240968367,146.066561231482
2023-04-30 16:00:00,4977.696298139685,30976.090966472013,160.69478565024417
2023-04-30 17:00:00,5099.256302278161,30514.6638247343,167.10838866082645
2023-04-30 18:00:00,4894.578312094505,29385.345316678446,166.56528141312856
2023-04-30 19:00:00,5157.547661545852,29041.891929262303,177.58993367608952
2023-04-30 20:00:00,5095.2819405685095,28300.985565802446,180.0390282777079
2023-04-30 21:00:00,4696.238562588912,26088.671488415734,180.01064426274843
2023-04-30 22:00:00,2571.6903565288026,23542.030372487752,109.23825667705333
2023-04-30 23:00:00,1642.4338458804743,21760.803502918658,75.47670956452428
2023-05-01 00:00:00,1921.8844790983212,22066.639634294836,87.0945694926484
2023-05-01 01:00:00,2138.3384462922545,22148.258627271698,96.54657200269756
2023-05-01 02:00:00,2347.8414936033223,21597.62174542835,108.7083347082092
2023-05-01 03:00:00,2530.4531355077775,21207.846567907975,119.31683527628384
2023-05-01 04:00:00,2720.4634801390926,21253.80786778228,127.99887422822357
2023-05-01 05:00:00,2948.842269821569,22318.815673037385,132.1235997922581
2023-05-01 06:00:00,3811.59790974402,24824.914685120017,153.53921486097516
2023-05-01 07:00:00,4486.5956677884005,27375.143437262865,163.8930469193917
2023-05-01 08:00:00,4803.550682039709,29678.250006994152,161.85424278411548
2023-05-01 09:00:00,4905.6778655200205,31044.811647972325,158.01925040316462
2023-05-01 10:00:00,5204.298500728733,31045.84673547146,167.63268030897535
2023-05-01 11:00:00,5003.095999979709,31780.065122574495,157.42875229119133
2023-05-01 12:00:00,4311.500192577949,30785.978863967823,140.0475265584024
2023-05-01 13:00:00,4010.3005067288473,29864.799287662136,134.2818502847129
2023-05-01 14:00:00,4366.403809077326,30187.05279962931,144.64491906712217
2023-05-01 15:00:00,5252.556056947432,31034.442575567162,169.24924764341253
2023-05-01 16:00:00,5664.274713667965,31735.433109375914,178.48424170377913
2023-05-01 17:00:00,5941.506018209513,31828.896718714437,186.6701843521986
2023-05-01 18:00:00,6002.490264369039,30834.47854358419,194.66812957075263
2023-05-01 19:00:00,5923.998197596857,30096.12846342782,196.83588886841622
2023-05-01 20:00:00,5799.149341711859,29337.07264775613,197.67307431593423
2023-05-01 21:00:00,5287.509858772268,26486.558738419895,199.62992969345268
2023-05-01 22:00:00,4894.075328715313,23539.05220738076,207.9130155963016
2023-05-01 23:00:00,4635.403808874851,22107.06086708501,209.67978677692338
2023-05-02 00:00:00,4527.4487003725035,22514.555610469833,201.0898539905947
2023-05-02 01:00:00,4474.624312097526,22235.052311516258,201.24190622119528
2023-05-02 02:00:00,4473.006270940119,21833.050126577113,204.87317369803415
2023-05-02 03:00:00,4611.232894603551,21264.54869614487,216.85072937567395
2023-05-02 04:00:00,5450.865246065209,22147.547762246806,246.11597205162698
2023-05-02 05:00:00,6583.611134691315,25393.54724434319,259.26315340437196
2023-05-02 06:00:00,7874.065449344094,30190.547042016835,260.8122813536829
2023-05-02 07:00:00,8520.387226520565,33353.547056531024,255.4567048619847
2023-05-02 08:00:00,8683.996890973365,34534.547301435705,251.45825179565466
2023-05-02 09:00:00,8609.661777212497,35176.04774360907,244.75921342745892
2023-05-02 10:00:00,8627.23127981202,35612.54838662506,242.25256744199004
2023-05-02 11:00:00,8362.129942665051,35178.54921373223,237.70536675232833
2023-05-02 12:00:00,8095.445295122127,34294.05023695253,236.0597607802861
2023-05-02 13:00:00,7869.593328454901,33761.551468349884,233.09335579060496
2023-05-02 14:00:00,8037.405341113939,33366.0529343337,240.8857097041719
2023-05-02 15:00:00,8110.521079296277,33770.554642161005,240.16546856386717
2023-05-02 16:00:00,8317.504484826677,33946.55660386196,245.01761936821683
2023-05-02 17:00:00,8224.902352233597,33505.55887599599,245.4787392943943
2023-05-02 18:00:00,7981.911283234301,32492.561503874804,245.65349464007144
2023-05-02 19:00:00,7860.784094327383,31806.06452232476,247.14733533945636
2023-05-02 20:00:00,7651.232906455808,30778.067987457453,248.59367097290857
2023-05-02 21:00:00,6605.605242297411,27720.571974070845,238.29253048876967
2023-05-02 22:00:00,5443.0082298953475,24799.07657196452,219.48431080085842
2023-05-02 23:00:00,4981.10571237552,23159.08209683661,215.0821734448581
2023-05-03 00:00:00,4890.121450793285,22798.588664076782,214.49228822214496
2023-05-03 01:00:00,4779.378109591019,22298.596568335375,214.33537733840473
2023-05-03 02:00:00,4627.0483312440065,22228.606257912423,208.1573751209425
2023-05-03 03:00:00,4767.435843778156,22176.618383571196,214.9757804061755
2023-05-03 04:00:00,5308.547821934921,23292.133995641667,227.91161268985638
2023-05-03 05:00:00,6002.575850601454,26536.15480640313,226.20367925925132
2023-05-03 06:00:00,7221.155467162257,31555.684072903903,228.83850182043392
2023-05-03 07:00:00,7485.364863361217,33913.72758370438,220.71784485754824
2023-05-03 08:00:00,7429.430769863192,34551.80015622135,215.02297235663596
2023-05-03 09:00:00,6935.9602604334505,34310.944348878795,202.15008336429256
2023-05-03 10:00:00,6275.181367948424,34601.36898566292,181.3564477910844
2023-05-03 11:00:00,5803.841278649091,35344.44324073111,164.20802667958608
2023-05-03 12:00:00,5419.170380303325,35007.17649902217,154.80169845902012
2023-05-03 13:00:00,4817.855167135696,33701.00884335406,142.95878172459493
2023-05-03 14:00:00,4469.967700750248,32831.702236601974,136.1479118121072
2023-05-03 15:00:00,4443.3198574746475,32932.23342620452,134.92312531524365
2023-05-03 16:00:00,4782.889468925221,33240.52622022975,143.88729700718207
2023-05-03 17:00:00,5262.928299680423,33255.24132451088,158.25861097574915
2023-05-03 18:00:00,5583.455514632222,33003.000005251546,169.18024160663467
2023-05-03 19:00:00,5032.554200878793,31880.000001171375,157.8592911133589
2023-05-03 20:00:00,4144.741423760382,31000.50472169507,133.6991594481934
2023-05-03 21:00:00,2734.250146536992,28424.499985918927,96.19342988940873
2023-05-03 22:00:00,1251.2452333392455,26543.597368472347,47.13924853401504
2023-05-03 23:00:00,1104.2237807724864,26424.301393149093,41.78819202610115
2023-05-04 00:00:00,1158.8963450491046,26196.373357139528,44.23880852703072
2023-05-04 01:00:00,1194.6149115749745,27102.099042457332,44.07831694893915
2023-05-04 02:00:00,1180.5786998854865,26864.31157839168,43.94598746520962
2023-05-04 03:00:00,1085.4713502081431,25074.011287157256,43.29069400890453
2023-05-04 04:00:00,1157.132199341896,25711.045687139853,45.00525623975964
2023-05-04 05:00:00,1324.4239554148637,28109.22109029676,47.1170635130851
2023-05-04 06:00:00,2007.9818332922819,32646.556070923005,61.506697028931384
2023-05-04 07:00:00,2250.8056263575636,34029.02760526729,66.14369509662878
2023-05-04 08:00:00,2187.177227061124,35076.5312349613,62.354433293595804
2023-05-04 09:00:00,1771.5189746958292,35414.025612756624,50.02308955403544
2023-05-04 10:00:00,2096.972248517036,36129.01275583728,58.04122749460496
2023-05-04 11:00:00,2310.0721526899706,37437.90579068088,61.70409652734898
2023-05-04 12:00:00,2058.092359205851,37053.17605290354,55.5442900837262
2023-05-04 13:00:00,1548.171925337435,34882.13782955397,44.38294272278641
2023-05-04 14:00:00,1486.2139253723524,34696.322137706935,42.83491257297208
2023-05-04 15:00:00,1652.1475113384186,34118.68862936075,48.423534951359976
2023-05-04 16:00:00,2500.678593690679,35369.90966731085,70.70073452864443
2023-05-04 17:00:00,2708.759137142384,35032.25761988379,77.32185480404016
2023-05-04 18:00:00,2752.324444164763,34418.846015368494,79.96562240743957
2023-05-04 19:00:00,3266.599189255163,33139.687723799805,98.57060864545207
2023-05-04 20:00:00,3167.3883184214455,31354.448745013404,101.01878505917556
2023-05-04 21:00:00,1880.8638988025023,28163.822732322154,66.78297604266386
2023-05-04 22:00:00,1642.8425452054069,25501.00680621847,64.42265427750863
2023-05-04 23:00:00,1559.2523960461651,24409.566877172983,63.87874081880274
2023-05-05 00:00:00,1600.910237979977,24490.849353817695,65.36768957465426
2023-05-05 01:00:00,1646.0967030658894,25167.066151974,65.40677777559608
2023-05-05 02:00:00,1651.2260493483657,25020.33166544263,65.99537014247466
2023-05-05 03:00:00,1558.0789438294803,22765.057014417736,68.44168863019786
2023-05-05 04:00:00,2451.360029425161,23155.759782961883,105.86394281170956
2023-05-05 05:00:00,3625.981609883849,26754.591297716324,135.52745282240025
2023-05-05 06:00:00,5120.410636378062,31027.034820348432,165.03061494680594
2023-05-05 07:00:00,5876.653440829103,33695.99982271726,174.40210920428498
2023-05-05 08:00:00,5919.636379076597,34892.65715692877,169.65278260274633
2023-05-05 09:00:00,5755.997940946881,34713.03746699774,165.8166026646099
2023-05-05 10:00:00,6070.700056342189,35144.77322896149,172.73407959677922
2023-05-05 11:00:00,5871.386041129364,34915.70296498079,168.15889535485383
2023-05-05 12:00:00,5492.266551377793,34299.184436763695,160.12819667778714
2023-05-05 13:00:00,4995.778258759473,33049.31720744051,151.16131529745357
2023-05-05 14:00:00,4931.858296003759,32102.10731300034,153.63035977412338
2023-05-05 15:00:00,5174.173949708389,32497.729735579524,159.21647425246272
2023-05-05 16:00:00,6081.843063356503,32809.97380553167,185.36567872331312
2023-05-05 17:00:00,6709.31985608871,32223.710248856438,208.21065619924423
2023-05-05 18:00:00,6845.905701864327,31082.48143831758,220.2496514137669
2023-05-05 19:00:00,6856.45616909856,30004.34160513899,228.5154681722535
2023-05-05 20:00:00,6633.200563658542,29425.329911484314,225.42484939377664
2023-05-05 21:00:00,6018.528178052255,27317.111124974137,220.3208146907574
2023-05-05 22:00:00,5144.9289379045,24325.786531137048,211.50103127473318
2023-05-05 23:00:00,4238.782453689363,22460.38445498217,188.72261346128093
2023-05-06 00:00:00,4014.55060768909,22384.549915639058,179.34470975823854
2023-05-06 01:00:00,4057.9811793573977,21857.549012691165,185.6558197353788
2023-05-06 02:00:00,4215.288732399731,21221.5487575904,198.63247402676166
2023-05-06 03:00:00,4445.836297209547,20788.04857679457,213.8650138701512
2023-05-06 04:00:00,4583.878959447208,20682.548629512217,221.63027591804655
2023-05-06 05:00:00,4904.3136765372155,21674.04877071705,226.27584390984853
2023-05-06 06:00:00,5441.337810480708,24430.54860727742,222.72679578140264
2023-05-06 07:00:00,6055.384668981973,27578.048887093755,219.5726279902213
2023-05-06 08:00:00,6637.106467898118,30017.049186634307,221.1112233794594
2023-05-06 09:00:00,6728.67413360438,30671.59764039914,219.37801259956854
2023-05-06 10:00:00,6775.953347038144,30780.564595946595,220.1373963078783
2023-05-06 11:00:00,6523.40013786514,30832.713527975207,211.5739872180343
2023-05-06 12:00:00,6460.58031503869,31015.891717603452,208.29903501926105
2023-05-06 13:00:00,5996.298002576733,30323.12320909081,197.7467149814916
2023-05-06 14:00:00,5509.880518817086,30001.064170983915,183.65616924169208
2023-05-06 15:00:00,5104.742995536681,29740.319699451342,171.64385074283027
2023-05-06 16:00:00,5268.599364052449,30195.683375206245,174.4818720803819
2023-05-06 17:00:00,5521.124119064543,30121.511065841652,183.29505803995335
2023-05-06 18:00:00,5660.436903927775,29438.202192444016,192.2820173230774
2023-05-06 19:00:00,5818.239033493062,28556.59497607267,203.74414520947317
2023-05-06 20:00:00,5448.2325499999815,27816.728570259136,195.86172889593777
2023-05-06 21:00:00,4781.559718760095,25682.480255140505,186.17982652991768
2023-05-06 22:00:00,3397.9095162440726,23632.981533645336,143.77828338784101
2023-05-06 23:00:00,2788.3329812965544,22029.281582687425,126.57394072659525
2023-05-07 00:00:00,2546.8153938821147,21429.805683503284,118.84453977306286
2023-05-07 01:00:00,2654.548970345044,21075.219503969784,125.95593463902125
2023-05-07 02:00:00,2752.7399062913887,20512.64684345202,134.19720659648118
2023-05-07 03:00:00,2707.98194764198,19975.45155746882,135.56549346837997
2023-05-07 04:00:00,2713.599076971084,19869.255698456436,136.57275935010958
2023-05-07 05:00:00,3231.1235164387085,20789.10476335634,155.42388925443333
2023-05-07 06:00:00,3938.7657811659733,22415.111630338924,175.7192132755137
2023-05-07 07:00:00,4984.486885749292,25107.120904957177,198.5288119899542
2023-05-07 08:00:00,5503.782384400432,27044.63180254916,203.5073882529863
2023-05-07 09:00:00,5604.008232386727,28275.230982829158,198.19495854127246
2023-05-07 10:00:00,5864.295043757962,29219.54108851556,200.69771205485708
2023-05-07 11:00:00,6079.166039631485,30274.49886276435,200.80154149499268
2023-05-07 12:00:00,5811.502340409039,30065.951589738386,193.29181459842852
2023-05-07 13:00:00,5448.9761095861895,29345.92225977402,185.68086091659094
2023-05-07 14:00:00,4899.14677160965,28432.110326314578,172.31034613267437
2023-05-07 15:00:00,5135.085191469035,28657.664774658297,179.18714702846066
2023-05-07 16:00:00,5368.503800627304,28601.553625161603,187.69972676954438
2023-05-07 17:00:00,5555.222409490381,28371.99969963289,195.79946666791562
2023-05-07 18:00:00,5758.489315652391,27877.740125907367,206.56227117566488
2023-05-07 19:00:00,5754.830009839995,27436.082417436068,209.75407211135612
2023-05-07 20:00:00,5541.8455767614305,27240.518450387262,203.4412666137287
2023-05-07 21:00:00,4989.0981591663,25841.29970632726,193.06684322633805
2023-05-07 22:00:00,3285.0901939262108,24231.83941702798,135.56916325624633
2023-05-07 23:00:00,2792.515059904698,22956.781270263684,121.642273236357
2023-05-08 00:00:00,2295.8009170302216,22289.420082152064,102.9995804542511
2023-05-08 01:00:00,1917.4681561544771,21411.820456543508,89.55185104629878
2023-05-08 02:00:00,1754.994384768025,20981.330829518804,83.6455227281822
2023-05-08 03:00:00,1692.8507015637335,20622.237005525185,82.08860663904593
2023-05-08 04:00:00,1949.6582982834773,20549.718131844085,94.87518445629011
2023-05-08 05:00:00,2517.7203655691187,22637.96403758849,111.21673138930029
2023-05-08 06:00:00,3516.6548033883587,24828.51916563122,141.63771830002148
2023-05-08 07:00:00,3438.943758154822,27162.195171348743,126.6077257917023
2023-05-08 08:00:00,3602.322130079047,29657.220876844254,121.46526287942461
2023-05-08 09:00:00,3562.249079165667,31200.752449520794,114.17189649284816
2023-05-08 10:00:00,3644.043313020649,31605.546118350678,115.29759047273225
2023-05-08 11:00:00,3172.421718262401,31770.922067213618,99.8529948721954
2023-05-08 12:00:00,2686.6823354002963,31389.160599781702,85.59267862100718
2023-05-08 13:00:00,2225.081297868399,30156.934205966943,73.78340525835472
2023-05-08 14:00:00,2637.6486867871563,30626.03947546444,86.12438081980095
2023-05-08 15:00:00,3653.0315390347478,30931.52072212572,118.10061237699466
2023-05-08 16:00:00,4321.793944589389,32014.51425499779,134.99483109960704
2023-05-08 17:00:00,4336.757867714155,31723.510343960224,136.70485456032836
2023-05-08 18:00:00,3912.597361905501,30888.505838627687,126.66839187192389
2023-05-08 19:00:00,3761.2921010071996,29884.005800860727,125.86304948779208
2023-05-08 20:00:00,3433.757088423262,28735.50573551472,119.49527250461512
2023-05-08 21:00:00,2611.2232463660353,26320.00569653449,99.21058819185023
2023-05-08 22:00:00,2216.5352086814637,23142.505627148363,95.77766748304283
2023-05-08 23:00:00,1363.1500920537428,22217.883674378365,61.35373251709503
2023-05-09 00:00:00,1736.7329677766304,22007.510198272597,78.91546804385665
2023-05-09 01:00:00,1939.3622132299572,21610.005695890515,89.743715967588
2023-05-09 02:00:00,2000.4922038696077,20940.506269533675,95.53217950514033
2023-05-09 03:00:00,2460.5057278908257,20526.00679447311,119.87259638603201
2023-05-09 04:00:00,3250.936886307322,21111.507150412817,153.98885845266395
2023-05-09 05:00:00,5025.512686639483,25144.007478514028,199.86920107838287
2023-05-09 06:00:00,6959.739154864452,30284.507859340472,229.81186246082254
2023-05-09 07:00:00,7958.592382913343,32841.5082538504,242.33333991231243
2023-05-09 08:00:00,8370.824442767333,34184.00867021702,244.87544815247057
2023-05-09 09:00:00,8407.351907195365,34678.50910424284,242.43694796460395
2023-05-09 10:00:00,8039.686149269041,33910.50953232139,237.08538326757113
2023-05-09 11:00:00,8276.090129065264,35025.01003407031,236.2908710380029
2023-05-09 12:00:00,7853.982733551091,34505.51053648705,227.61531742143274
2023-05-09 13:00:00,7619.239172627099,33490.011082027464,227.50781282111882
2023-05-09 14:00:00,7782.627533800596,33008.51168289376,235.77638424194217
2023-05-09 15:00:00,7769.888413113089,33077.51232791716,234.8994185561943
2023-05-09 16:00:00,8148.664282102185,33430.51308322405,243.74930357234967
2023-05-09 17:00:00,8542.584567741516,33351.01391084806,256.14167505003127
2023-05-09 18:00:00,8417.703221544109,32937.014780067744,255.5697071441395
2023-05-09 19:00:00,8014.927622921838,31378.515717485872,255.42723865856632
2023-05-09 20:00:00,7748.853428967976,30129.516735539273,257.18478981867685
2023-05-09 21:00:00,7058.790385806142,27290.517867443894,258.6535887699989
2023-05-09 22:00:00,5083.15979928566,24353.519184267414,208.72383004791462
2023-05-09 23:00:00,4581.783669407272,23327.020616991897,196.41529643394767
2023-05-10 00:00:00,4272.239080578184,23429.52223006856,182.34426799772106
2023-05-10 01:00:00,3903.61639722563,22956.02408139331,170.04758242912163
2023-05-10 02:00:00,3780.580830492467,22398.52666049269,168.78703174529727
2023-05-10 03:00:00,3900.437635784905,21636.529557097027,180.2709452776135
2023-05-10 04:00:00,4456.137871879768,22795.53312282308,195.48294167414076
2023-05-10 05:00:00,5899.756091829513,26811.03741313522,220.04952665274766
2023-05-10 06:00:00,7065.8968097376965,30732.04241779791,229.91953198807278
2023-05-10 07:00:00,7404.666970043296,32996.54898175206,224.40731526615912
2023-05-10 08:00:00,7432.508171262187,34069.55689371626,218.1568781316621
2023-05-10 09:00:00,7355.252458305279,34261.067146813395,214.68252657709138
2023-05-10 10:00:00,7257.078660038764,34578.08143280599,209.8751104551915
2023-05-10 11:00:00,7106.374288274527,34648.10284277846,205.1013967639407
2023-05-10 12:00:00,6492.366353045247,33987.13937786602,191.0242071527024
2023-05-10 13:00:00,6363.89376098022,34047.71380619283,186.91104481213983
2023-05-10 14:00:00,5431.537745386674,33023.388193882645,164.47548366320657
2023-05-10 15:00:00,5786.9864820687835,34234.213570150976,169.04102295822835
2023-05-10 16:00:00,6715.173506212938,34962.78615964846,192.06631518294472
2023-05-10 17:00:00,6983.960427973105,34543.62089466024,202.17800702683968
2023-05-10 18:00:00,7025.362212856809,33360.542000911344,210.58897102645662
2023-05-10 19:00:00,7273.235490318317,32042.049032959298,226.99033644311805
2023-05-10 20:00:00,7243.684284742218,30854.041121784518,234.77262690324895
2023-05-10 21:00:00,6396.74806965892,27338.53886997431,233.98280720424367
2023-05-10 22:00:00,5790.128022078693,24684.53787732789,234.56497548600154
2023-05-10 23:00:00,5633.358904855044,23795.537483207077,236.74014124835813
2023-05-11 00:00:00,5588.035031850487,24508.037686142525,228.008260123172
2023-05-11 01:00:00,5359.864239720787,24046.53831186275,222.89546088538796
2023-05-11 02:00:00,5376.550775965202,23620.039234478452,227.626665755787
2023-05-11 03:00:00,5753.136219913328,23642.04026577129,243.34347438882682
2023-05-11 04:00:00,6172.578920971585,23411.041519873696,263.661012934075
2023-05-11 05:00:00,7196.7229337930075,26485.04292704723,271.72781836209606
2023-05-11 06:00:00,8431.618907267984,29859.044200941546,282.3807369896358
2023-05-11 07:00:00,8813.654391151771,32371.046194691222,272.26968007593126
2023-05-11 08:00:00,8613.188979337148,33265.04825633524,258.92609302608747
2023-05-11 09:00:00,8540.557458137486,33574.55043101436,254.37592904440442
2023-05-11 10:00:00,8099.98756358827,33728.0528588985,240.1558013880793
2023-05-11 11:00:00,8041.783609707453,34352.05545902343,234.09905178163297
2023-05-11 12:00:00,7784.727268886459,34348.0583573325,226.64242583670247
2023-05-11 13:00:00,7083.057137886153,32951.06174362747,214.95687128369914
2023-05-11 14:00:00,6788.154880703956,32295.065478711535,210.19170514389
2023-05-11 15:00:00,7245.560273037452,33206.56917198201,218.19659343642408
2023-05-11 16:00:00,7353.5220064419545,32942.573864161575,223.22244876080845
2023-05-11 17:00:00,7655.090412100089,32398.578792316875,236.27858682231604
2023-05-11 18:00:00,7487.615462596991,31854.584738112862,235.05613161041552
2023-05-11 19:00:00,7356.032892113024,30474.591501936826,241.38249372909587
2023-05-11 20:00:00,7056.0166625530555,29551.59892116586,238.76937019131296
2023-05-11 21:00:00,6375.573328641249,27253.108208028378,233.93930996696722
2023-05-11 22:00:00,5241.077445406851,24431.120112745815,214.52464812174372
2023-05-11 23:00:00,4557.665292685713,22346.63362514516,203.9531040396742
2023-05-12 00:00:00,4412.2120781107615,21825.149891951372,202.16182248250612
2023-05-12 01:00:00,4193.838076585754,21573.671219288317,194.3961245147826
2023-05-12 02:00:00,4212.411718877402,21990.69915194882,191.55424253549018
2023-05-12 03:00:00,3976.653110938282,22235.73779044875,178.84061902575743
2023-05-12 04:00:00,4132.152509552685,23612.294627593597,175.00004022158032
2023-05-12 05:00:00,4311.664371948359,25896.386631906982,166.49675621679012
2023-05-12 06:00:00,4980.904455008826,29957.55736494268,166.26537318552025
2023-05-12 07:00:00,5355.205835871423,32529.524436823154,164.62601063449222
2023-05-12 08:00:00,5015.334687684812,33712.398717801894,148.7682537711698
2023-05-12 09:00:00,5213.780638583625,34053.62728031776,153.10500099344992
2023-05-12 10:00:00,5156.633121094145,34382.14437995647,149.97997402687523
2023-05-12 11:00:00,4506.777570132903,34453.11838758983,130.80898859234364
2023-05-12 12:00:00,3931.2376286398116,34074.838416480576,115.37069026095325
2023-05-12 13:00:00,3867.8298101720675,34095.457247499995,113.44120661281558
2023-05-12 14:00:00,3846.241679723327,33319.389502531994,115.4355388003446
2023-05-12 15:00:00,3670.4601647805102,32273.942534784743,113.72828593297832
2023-05-12 16:00:00,4132.115024821932,32887.655782833106,125.64334326859617
2023-05-12 17:00:00,4250.821692489515,32092.611667079393,132.4548384091161
2023-05-12 18:00:00,4336.152581680119,31357.586092181024,138.2808156512192
2023-05-12 19:00:00,4449.507564133726,29831.572768708043,149.15430703677336
2023-05-12 20:00:00,4305.443007387784,28668.565454262545,150.17992491660007
2023-05-12 21:00:00,3891.828004363507,26893.060988829006,144.7149510418363
2023-05-12 22:00:00,2992.839587789001,24061.058225176756,124.3852020048472
2023-05-12 23:00:00,2544.8175961697984,22719.555605857127,112.01000760392257
2023-05-13 00:00:00,2073.597334638823,21820.55428067242,95.02954452790938
2023-05-13 01:00:00,1862.1009044461368,21601.053130285538,86.20417223248236
2023-05-13 02:00:00,1828.100035895376,21116.551562436503,86.57190216357671
2023-05-13 03:00:00,2118.863104530178,21299.051245598916,99.48157221172023
2023-05-13 04:00:00,1914.906319534049,21161.051975097766,90.49201910129527
2023-05-13 05:00:00,2538.7520193095106,22121.551460291084,114.76374176859406
2023-05-13 06:00:00,3542.740500700226,24720.55134586834,143.31154880541695
2023-05-13 07:00:00,4118.555536262438,27521.052035158616,149.6510936791556
2023-05-13 08:00:00,4585.252135160849,29214.552563983463,156.95096220003995
2023-05-13 09:00:00,4617.233510724138,29901.053560678392,154.4170843797981
2023-05-13 10:00:00,4802.728655276014,30239.554637665984,158.82273111568247
2023-05-13 11:00:00,4831.252778272436,30489.55597126536,158.45599007166956
2023-05-13 12:00:00,4386.356019087544,30009.057724496568,146.16773573356608
2023-05-13 13:00:00,3934.02431668622,29453.05949323902,133.56929243935693
2023-05-13 14:00:00,3746.3871185435196,28712.061933305173,130.4812983214493
2023-05-13 15:00:00,3948.474298397302,28977.5645416297,136.2597016296815
2023-05-13 16:00:00,4459.442155381458,29530.567257319475,151.01105632422747
2023-05-13 17:00:00,4913.902285795041,29479.571156170063,166.68839108151556
2023-05-13 18:00:00,5052.5958728821615,28327.57651269589,178.36315332579483
2023-05-13 19:00:00,5266.8692829946585,27588.582484273633,190.9075714925528
2023-05-13 20:00:00,5305.251346753917,26603.090351068277,199.42237073749885
2023-05-13 21:00:00,5056.862780613131,25216.101456668694,200.5410229373813
2023-05-13 22:00:00,4711.917288410983,23444.118028117573,200.98505231716422
2023-05-13 23:00:00,4173.7520429434835,21612.145023028967,193.1206753654537
2023-05-14 00:00:00,3949.117463048332,20785.69483975585,189.99208318477932
2023-05-14 01:00:00,3715.305963254395,20567.534530779256,180.63934487113417
2023-05-14 02:00:00,3431.8289921203714,20406.480358547975,168.17348860862373
2023-05-14 03:00:00,3253.0864040826405,19928.261046490712,163.23985301544894
2023-05-14 04:00:00,3099.9253300963546,19586.684516833135,158.2669760894053
2023-05-14 05:00:00,3420.829590986966,20577.805893419925,166.23879186657263
2023-05-14 06:00:00,4096.211216642684,22555.340874459707,181.60715191322973
2023-05-14 07:00:00,4806.475238456416,24597.64420056394,195.40388499262139
2023-05-14 08:00:00,5333.616466395672,26616.143466891925,200.39028092218578
2023-05-14 09:00:00,5345.798726614882,28256.652639476313,189.18726130873924
2023-05-14 10:00:00,5432.583630982849,29514.170284150274,184.0669610116148
2023-05-14 11:00:00,5334.534985208951,30463.20903283304,175.1140196510297
2023-05-14 12:00:00,4996.6878615827345,29781.24479658378,167.7796846878579
2023-05-14 13:00:00,4112.928804663824,28655.845936294034,143.52843792528205
2023-05-14 14:00:00,4275.637285817385,28716.158342585797,148.89308085046514
2023-05-14 15:00:00,4530.279181319589,29268.22637026604,154.78488938851302
2023-05-14 16:00:00,5150.964123515622,30070.227293884138,171.29781139244184
2023-05-14 17:00:00,5404.115194697225,30006.24746144021,180.09966763227658
2023-05-14 18:00:00,4971.088012435058,28927.28514844955,171.84772047996697
2023-05-14 19:00:00,5041.572558587205,28428.366858382087,177.3430244411209
2023-05-14 20:00:00,5049.566446081564,27818.067096904688,181.5211110279991
2023-05-14 21:00:00,4572.202761673993,25551.717152877012,178.9391583476879
2023-05-14 22:00:00,4034.564402963683,23773.06853182352,169.71155396127614
2023-05-14 23:00:00,3268.899783603095,22786.041084809774,143.46062887520617
2023-05-15 00:00:00,2676.0704700348324,22654.325611170698,118.12624732096548
2023-05-15 01:00:00,2143.3944578524324,22304.154648479573,96.09843957921728
2023-05-15 02:00:00,2019.6024616379088,21831.098472347672,92.51034546869161
2023-05-15 03:00:00,2048.318092380123,22433.583916813204,91.30587872074148
2023-05-15 04:00:00,2070.3082657532295,24119.625947067234,85.83500715544736
2023-05-15 05:00:00,2819.609319406096,26725.57266689158,105.50229753913224
2023-05-15 06:00:00,3834.017614708907,31337.574445033253,122.34570424184719
2023-05-15 07:00:00,3907.5872927741425,32668.61908570242,119.61287015294495
2023-05-15 08:00:00,3969.249185669241,34470.10131568849,115.15049373709569
2023-05-15 09:00:00,3690.4581487441674,34432.530562769556,107.17940530152333
2023-05-15 10:00:00,4312.076241850834,34517.09110092143,124.92582961997407
2023-05-15 11:00:00,4539.247460943283,34832.59608300496,130.31608238807127
2023-05-15 12:00:00,3885.2762898429337,34254.10242877022,113.42513784800468
2023-05-15 13:00:00,3469.1061744099006,33505.60880781035,103.53807311214211
2023-05-15 14:00:00,3224.686350306261,32771.11703636154,98.40025735858428
2023-05-15 15:00:00,3332.557382339502,32903.12622578459,101.28391325101316
2023-05-15 16:00:00,3609.15549603361,33509.222491151275,107.70633359179473
2023-05-15 17:00:00,4380.638573162461,33367.171221331846,131.28588408363163
2023-05-15 18:00:00,4926.682781262019,32353.343013103145,152.2773946193661
2023-05-15 19:00:00,5432.7178188031685,30537.685477225838,177.9020817689258
2023-05-15 20:00:00,5357.848575759743,29292.712103233778,182.90722132104187
2023-05-15 21:00:00,5076.703024017429,27303.24940354159,185.9376863531457
2023-05-15 22:00:00,4385.696747904127,24883.112983606767,176.25193241671434
2023-05-15 23:00:00,3966.1684991167062,23769.197410561053,166.86169207187748
2023-05-16 00:00:00,3611.7559626819198,23718.246593695647,152.27752812224875
2023-05-16 01:00:00,3146.1053145751575,23519.713155642396,133.7646124234472
2023-05-16 02:00:00,2562.179361551446,23002.135539614188,111.3887602800562
2023-05-16 03:00:00,2666.3189832270536,22846.916617709194,116.70366850117209
2023-05-16 04:00:00,2665.2557446597857,23205.577209628038,114.85410255401732
2023-05-16 05:00:00,3954.4379696670508,26529.019348163703,149.06084230892503
2023-05-16 06:00:00,4954.003291217544,30842.98454751021,160.62010093693917
2023-05-16 07:00:00,5414.590423846566,33875.82182418381,159.83643000451468
2023-05-16 08:00:00,5155.501674300092,35287.719881059005,146.0990308151747
2023-05-16 09:00:00,4931.943285439949,35832.2877143035,137.6396429042743
2023-05-16 10:00:00,5574.902935803424,36161.73761649324,154.16579244413106
2023-05-16 11:00:00,5936.654130851581,36348.7126672656,163.32501745510032
2023-05-16 12:00:00,5561.67261746837,35279.743979356994,157.64492567527233
2023-05-16 13:00:00,5488.446022554066,34335.490408111335,159.84760832941208
2023-05-16 14:00:00,5487.280320389769,33495.94392536857,163.8192472681419
2023-05-16 15:00:00,5781.296121309163,34131.91460022979,169.38095002939684
2023-05-16 16:00:00,6148.5250166412925,34523.1855712244,178.0984261709088
2023-05-16 17:00:00,6497.74308144978,33926.173538606294,191.52596369454022
2023-05-16 18:00:00,6403.848555034652,32805.09719459479,195.2089492997996
2023-05-16 19:00:00,6260.151375377321,31067.591595261285,201.50101935588006
2023-05-16 20:00:00,6421.536148647143,30491.597929425025,210.60018446754563
2023-05-16 21:00:00,5952.816391259757,27907.098860167935,213.3083206207532
2023-05-16 22:00:00,5204.047646988825,25006.60236473529,208.10694596110574
2023-05-16 23:00:00,4846.402961271339,23289.106368065837,208.09742051402867
2023-05-17 00:00:00,4620.4490560282575,23264.612682147603,198.6041684490977
2023-05-17 01:00:00,4549.9602797573825,23102.62117809137,196.9456298782318
2023-05-17 02:00:00,4400.736178266077,22517.134737989734,195.43943887502635
2023-05-17 03:00:00,4638.986234982911,22148.654824001776,209.4477642929264
2023-05-17 04:00:00,5535.12162575191,22640.18749168205,244.48214608582637
2023-05-17 05:00:00,6619.982209335074,26535.251259909553,249.47878369393055
2023-05-17 06:00:00,7918.055270357878,30692.934783926918,257.97647980226236
2023-05-17 07:00:00,8424.454901076131,33184.411772674626,253.86783887527469
2023-05-17 08:00:00,8532.751609931585,34445.79236574918,247.71535284570894
2023-05-17 09:00:00,8159.82038393882,34547.078784691934,236.19422165310533
2023-05-17 10:00:00,7879.945040870809,35165.45035649035,224.0820168940745
2023-05-17 11:00:00,7220.98504536687,34218.74722556467,211.02423761358816
2023-05-17 12:00:00,6702.763299687784,33079.63110589711,202.62509210669162
2023-05-17 13:00:00,6471.308595294359,32890.01983507158,196.75599551915792
2023-05-17 14:00:00,6600.143113243806,33246.52584912691,198.52128740294023
2023-05-17 15:00:00,6474.979669667301,32998.74145213615,196.21898850473124
2023-05-17 16:00:00,6400.663400103443,32725.48381207653,195.58651712710312
2023-05-17 17:00:00,6611.848009919396,32616.470256841723,202.7150074135467
2023-05-17 18:00:00,6558.58128404938,31881.155441874245,205.71968591310912
2023-05-17 19:00:00,6563.06221540955,30587.17306305403,214.56910064490444
2023-05-17 20:00:00,6549.792471096575,30218.030902463554,216.75113418997125
2023-05-17 21:00:00,6170.363143264945,27952.091988020045,220.74781186000297
2023-05-17 22:00:00,4843.73799839152,24946.52428197521,194.16484411382712
2023-05-17 23:00:00,4340.244691481744,23487.883294115214,184.7865402400553
2023-05-18 00:00:00,4132.02608850272,22830.486713966067,180.98720978975192
2023-05-18 01:00:00,3842.7103819453314,22570.302893324573,170.25515342471797
2023-05-18 02:00:00,3681.3209757731643,22039.690494026752,167.03142799445774
2023-05-18 03:00:00,3761.0618141224713,21885.057041193435,171.855243833414
2023-05-18 04:00:00,4421.511275357136,23140.084578997066,191.07584763844335
2023-05-18 05:00:00,5037.936481701823,25377.207134619697,198.52210115072307
2023-05-18 06:00:00,6653.166154904861,29963.353612009705,222.0434415004262
2023-05-18 07:00:00,7130.696749221349,31918.01059426989,223.4066790648128
2023-05-18 08:00:00,6989.190037415773,33170.971112040046,210.7020024770668
2023-05-18 09:00:00,6570.648948162372,33765.62264868979,194.59581766123108
2023-05-18 10:00:00,6306.907061079012,34019.8597534454,185.388978872562
2023-05-18 11:00:00,6141.4659935518275,34097.31820488423,180.11580725055677
2023-05-18 12:00:00,5746.109260450948,33267.27880229922,172.7255569834529
2023-05-18 13:00:00,5426.385446752666,32419.30530911562,167.38129935273108
2023-05-18 14:00:00,5491.136403884504,31989.016542843638,171.6569309509749
2023-05-18 15:00:00,5638.028807812302,32126.762575069202,175.49321362954535
2023-05-18 16:00:00,6312.564245238892,32812.196655667874,192.384688885146
2023-05-18 17:00:00,6575.8850107013795,32707.139249524927,201.0535057968084
2023-05-18 18:00:00,6679.58550975973,31913.830841512405,209.3006490800583
2023-05-18 19:00:00,6261.834643668614,30593.60525276849,204.67789238739573
2023-05-18 20:00:00,5703.282330777058,29143.60102766969,195.69586906443763
2023-05-18 21:00:00,5147.771180683215,26490.691364456114,194.32377622239926
2023-05-18 22:00:00,4269.281175960331,23934.05665835962,178.37683084405873
2023-05-18 23:00:00,4053.5178885107466,22875.04646488154,177.20260786065853
2023-05-19 00:00:00,4122.6744367331685,22632.542141432594,182.15693186254737
2023-05-19 01:00:00,4193.843784289152,22433.04017869949,186.9494170598985
2023-05-19 02:00:00,4156.409303653312,22178.539392932926,187.40680934911927
2023-05-19 03:00:00,4326.727755941995,22463.03937865381,192.61541962365078
2023-05-19 04:00:00,4589.282497709136,23141.040035080405,198.31790147513092
2023-05-19 05:00:00,5478.222381040493,25912.041347340866,211.416086737708
2023-05-19 06:00:00,6836.9854329484415,29527.048237113406,231.54991240725633
2023-05-19 07:00:00,7267.014212324217,31725.04860602877,229.06235078055175
2023-05-19 08:00:00,7371.537464789895,32733.549624580955,225.19823084674897
2023-05-19 09:00:00,7126.64777926445,32960.551042997984,216.21749496746986
2023-05-19 10:00:00,7397.937790345161,33756.55308447231,219.15560430096585
2023-05-19 11:00:00,7150.906884912881,33800.05579437424,211.5649432183214
2023-05-19 12:00:00,6650.293656641827,33071.05933127622,201.09103824057001
2023-05-19 13:00:00,6425.977031756167,32755.06394815863,196.1827045102567
2023-05-19 14:00:00,6184.3956886831875,31762.070032795822,194.71009547858532
2023-05-19 15:00:00,5950.05375730869,32077.578180773326,185.48949436822
2023-05-19 16:00:00,5777.861222497937,31978.589314944933,180.67905264969585
2023-05-19 17:00:00,5594.03214757417,31716.604912028495,176.37550308711127
2023-05-19 18:00:00,5517.247923692534,30819.62872840147,179.01733899241225
2023-05-19 19:00:00,5252.463108015293,29856.15528086471,175.92563605742234
2023-05-19 20:00:00,4959.606979765141,28896.744628259275,171.632031343591
2023-05-19 21:00:00,4338.249440401509,26809.58839516045,161.81708486000596
2023-05-19 22:00:00,3219.929647806276,24078.024048719606,133.72898213287988
2023-05-19 23:00:00,2432.4255632349837,21757.518338524707,111.79701312387435
2023-05-20 00:00:00,2481.9701508970356,21337.01349253334,116.32228436119115
2023-05-20 01:00:00,2486.2888626743556,20964.011748986486,118.59795216889039
2023-05-20 02:00:00,2296.7115558331275,20730.509858890502,110.7889565411802
2023-05-20 03:00:00,2138.5434451160836,20463.008346223854,104.50777368278405
2023-05-20 04:00:00,1838.288400024157,20374.511290141618,90.22490767244213
2023-05-20 05:00:00,2491.4476715705127,22226.006763945028,112.096054771842
2023-05-20 06:00:00,3143.2492313285907,24733.005883716378,127.08723097009536
2023-05-20 07:00:00,3223.156957820554,26956.005087946192,119.57101756379473
2023-05-20 08:00:00,3335.043103461338,28700.004306493396,116.203575018516
2023-05-20 09:00:00,3283.3252735268684,29628.004025489252,110.81830793266373
2023-05-20 10:00:00,3359.1433310929365,30198.003980949554,111.23726366855426
2023-05-20 11:00:00,3058.615676031421,30219.503949243157,101.21329857593588
2023-05-20 12:00:00,2767.7346282838835,29783.50389750355,92.92844246293919
2023-05-20 13:00:00,2101.263015639184,28517.50485466543,73.68327020010727
2023-05-20 14:00:00,1795.5404062541945,27958.43221591931,64.221784411496
2023-05-20 15:00:00,1960.0347496298837,28034.463671539554,69.9151862719493
2023-05-20 16:00:00,2439.203638046493,28146.504018365442,86.6609805770168
2023-05-20 17:00:00,2985.3730785045273,28328.00398986035,105.38593116455024
2023-05-20 18:00:00,3358.711193840175,27612.504086342255,121.63732718111092
2023-05-20 19:00:00,3424.8305906974037,26717.504188056362,128.18677098695545
2023-05-20 20:00:00,3423.151525253651,26212.00429194857,130.5948025617074
2023-05-20 21:00:00,3208.9256199505344,25093.004373884305,127.88128404784574
2023-05-20 22:00:00,2240.632742667815,22888.00559976662,97.89549958388082
2023-05-20 23:00:00,1954.741949303602,22246.010867170804,87.86932457127769
2023-05-21 00:00:00,1763.7963597635458,21598.26803054194,81.66378698835365
2023-05-21 01:00:00,1861.5191879215217,21602.436792334844,86.17172246892264
2023-05-21 02:00:00,1705.1350098166613,21510.834100020067,79.26866070781843
2023-05-21 03:00:00,1706.614060602291,21548.073282147143,79.20030892118056
2023-05-21 04:00:00,1633.868353723617,21088.524371937536,77.47665625660386
2023-05-21 05:00:00,1702.3596396881562,20954.123492101953,81.2422261580071
2023-05-21 06:00:00,1924.3172974642766,22504.50578393165,85.50808962169036
2023-05-21 07:00:00,2132.754428458977,24509.00743700729,87.01920850693578
2023-05-21 08:00:00,2425.2868999495086,26476.50810683776,91.60146383968056
2023-05-21 09:00:00,3067.2422445788634,27764.50899499493,110.47349136020345
2023-05-21 10:00:00,3285.496993699,28158.00968589073,116.68072531934953
2023-05-21 11:00:00,3211.8952242322057,28768.51035366872,111.64621263827819
2023-05-21 12:00:00,2990.550899098971,28382.511037872915,105.36597326108513
2023-05-21 13:00:00,2648.3265662140475,27607.511713816373,95.92775305746493
2023-05-21 14:00:00,2588.7204959038727,27573.512426622117,93.88432115033967
2023-05-21 15:00:00,2906.647000264045,28239.013175652824,102.93019030743271
2023-05-21 16:00:00,3381.375492552061,29396.013966581017,115.02836732885595
2023-05-21 17:00:00,3690.3960516233587,28992.014792621645,127.29008583986202
2023-05-21 18:00:00,3884.4104679154834,27957.515666698397,138.93975824691748
2023-05-21 19:00:00,3734.5379105384545,26710.016586640035,139.8178806225982
2023-05-21 20:00:00,3632.1574898315853,26460.017560408378,137.26965530311338
2023-05-21 21:00:00,3151.861665215403,25319.01853423177,124.48593380324078
2023-05-21 22:00:00,2484.204937760791,22734.51951845482,109.27017550312551
2023-05-21 23:00:00,2145.1268683540447,21397.020732574176,100.253530393994
2023-05-22 00:00:00,1678.587149012891,20817.021731903842,80.63531712801714
2023-05-22 01:00:00,1488.4027209673004,20676.043719234152,71.98682403552354
2023-05-22 02:00:00,1385.1000563716295,20413.048864283344,67.85365897963118
2023-05-22 03:00:00,1720.8350631772278,20398.52698572017,84.36075136120783
2023-05-22 04:00:00,2162.0973840383567,22007.52879848051,98.24353310343672
2023-05-22 05:00:00,3074.031098591207,24892.031265178528,123.49458611244275
2023-05-22 06:00:00,3994.4509826982376,28519.53388108913,140.06017767867158
2023-05-22 07:00:00,3996.7045328509153,30840.536882726472,129.5925731788877
2023-05-22 08:00:00,3847.3880421915223,32620.040394006708,117.94553273755002
2023-05-22 09:00:00,3095.703506550964,32325.544668577943,95.76647627410726
2023-05-22 10:00:00,3697.701282800133,33669.049806223404,109.82493726676682
2023-05-22 11:00:00,3600.9109280349608,33796.556397643486,106.5466814330835
2023-05-22 12:00:00,3255.2949482521153,32931.56510476992,98.85029569337435
2023-05-22 13:00:00,3091.535447078634,33341.57738335211,92.72313098846604
2023-05-22 14:00:00,2943.5495190900747,32987.595332591176,89.23201250082933
2023-05-22 15:00:00,2736.96175603653,33330.283939902525,82.11636483420051
2023-05-22 16:00:00,2691.6544342079183,33517.97025254497,80.30481601145121
2023-05-22 17:00:00,2986.120454795185,33330.858807533186,89.59026444647999
2023-05-22 18:00:00,2724.347858154298,31706.231124002836,85.92468299052618
2023-05-22 19:00:00,2848.0429373436996,30511.07238291385,93.34457018097466
2023-05-22 20:00:00,2706.7401011675997,29569.060967813246,91.53960296926448
2023-05-22 21:00:00,2005.7318060508042,27193.05719114452,73.75896692866057
2023-05-22 22:00:00,1376.7766373041595,23943.782440100826,57.500382019774236
2023-05-22 23:00:00,1102.399861823242,22628.94942494187,48.71635183417596
2023-05-23 00:00:00,1066.427509380279,21532.802602170075,49.52571799793513
2023-05-23 01:00:00,1501.0620994387639,21577.60518702488,69.56574125943261
2023-05-23 02:00:00,1586.8394400718755,21465.969336956783,73.92349328198755
2023-05-23 03:00:00,1428.7622508742004,21512.218197973056,66.41631456717107
2023-05-23 04:00:00,1447.6620126582106,21759.37875335942,66.5304845817212
2023-05-23 05:00:00,3201.362394772361,25226.322045398334,126.9056340837581
2023-05-23 06:00:00,4663.572488148529,29590.070109061948,157.6059965711373
2023-05-23 07:00:00,5078.768984339464,31967.59161074449,158.8724307474092
2023-05-23 08:00:00,5011.186816217669,33298.99999656991,150.490609830141
2023-05-23 09:00:00,4991.316782692064,33895.64814585578,147.25538692206194
2023-05-23 10:00:00,5313.570980633865,33569.99999985903,158.28331786285904
2023-05-23 11:00:00,4986.1361236789435,33247.999997680825,149.96800180542425
2023-05-23 12:00:00,4895.8060815390845,33043.99999673905,148.1602131104657
2023-05-23 13:00:00,4856.312235998183,32582.494148638016,149.04666947361923
2023-05-23 14:00:00,4638.864989259477,32262.11626539935,143.78675444284454
2023-05-23 15:00:00,5150.476559488112,32406.848834754925,158.93173031882236
2023-05-23 16:00:00,5650.13667328116,33077.906985414804,170.81300445558728
2023-05-23 17:00:00,5875.73320644091,32580.242833841043,180.346513572876
2023-05-23 18:00:00,5815.7317640898555,31560.111802925956,184.27475163604066
2023-05-23 19:00:00,5648.512191407429,30124.768394592065,187.50392094039924
2023-05-23 20:00:00,5499.167116333989,29032.186549680697,189.4162228161375
2023-05-23 21:00:00,5085.513614046498,26800.391176651912,189.75520097919016
2023-05-23 22:00:00,3660.5056657178516,23634.96818314405,154.87669106863638
2023-05-23 23:00:00,2811.640629384764,22097.82448402047,127.23608296454417
2023-05-24 00:00:00,2598.6652383895525,21529.350651647877,120.70337282516452
2023-05-24 01:00:00,2491.5778877724492,21405.413519682035,116.39942790553762
2023-05-24 02:00:00,2432.1468768631976,20967.4364827293,115.99638701023544
2023-05-24 03:00:00,2390.4930044773514,20827.842077344565,114.7739163567792
2023-05-24 04:00:00,2871.2303224680068,21647.71458247074,132.63433936776812
2023-05-24 05:00:00,4677.640631987676,26058.583515962804,179.50479269612933
2023-05-24 06:00:00,5763.097681561405,29961.559382278443,192.34972412584577
2023-05-24 07:00:00,5874.860971726788,32151.96926731672,182.7216529999216
2023-05-24 08:00:00,5877.8844017360725,33330.42617794247,176.3519125244777
2023-05-24 09:00:00,6168.398844111307,33586.2242337578,183.65859767920554
2023-05-24 10:00:00,6018.068730755135,34363.88908502486,175.1276962821329
2023-05-24 11:00:00,5965.439411617177,34442.854671510264,173.19817037556842
2023-05-24 12:00:00,5726.79900564491,34072.088382332084,168.0788961739872
2023-05-24 13:00:00,5047.763003041184,33308.52654479967,151.54567093359674
2023-05-24 14:00:00,4684.710020758422,32671.711000981035,143.38734878677622
2023-05-24 15:00:00,4944.174553754482,32942.839753774795,150.08343514732812
2023-05-24 16:00:00,5576.151956430925,33651.45908675234,165.7031257413175
2023-05-24 17:00:00,5776.397108931462,33342.77524053852,173.24284098308812
2023-05-24 18:00:00,5854.486198418359,32333.503547568507,181.06563026197693
2023-05-24 19:00:00,5584.531900142786,30340.762925853407,184.06036505378046
2023-05-24 20:00:00,5342.0121198171355,28936.126800582508,184.6139311122177
2023-05-24 21:00:00,5001.40614750255,27363.57271822881,182.77606506297914
2023-05-24 22:00:00,3468.607715867836,23932.05958825453,144.93561254419458
2023-05-24 23:00:00,2786.6586202455483,21951.0537426637,126.94874027069805
2023-05-25 00:00:00,2657.0538057663957,21481.05112989035,123.69291380109286
2023-05-25 01:00:00,2707.8985098101552,21115.556491296364,128.2418728072038
2023-05-25 02:00:00,2726.7178333875836,21185.553758230406,128.70646972483675
2023-05-25 03:00:00,2778.923914985354,20918.552159734783,132.84494518384423
2023-05-25 04:00:00,3251.6955625019973,21627.551279752457,150.34968686197078
2023-05-25 05:00:00,4918.38520729709,25352.55067226454,193.9996204278475
2023-05-25 06:00:00,6370.448244973423,29267.55033137267,217.6625024249047
2023-05-25 07:00:00,6742.272326135482,31352.550503729733,215.0470126930635
2023-05-25 08:00:00,6658.317177020681,32593.050769551395,204.2864052247885
2023-05-25 09:00:00,6162.2412005088345,33003.051235655206,186.71731763550972
2023-05-25 10:00:00,5412.975720623868,32851.55190607893,164.77077661656034
2023-05-25 11:00:00,5062.172867523715,32901.052674970626,153.86051375112223
2023-05-25 12:00:00,4841.774153910585,32253.053643861054,150.11831770639657
2023-05-25 13:00:00,4782.47616162586,31785.554712051497,150.4606795429807
2023-05-25 14:00:00,4796.979903260127,31748.555943514304,151.09285322440215
2023-05-25 15:00:00,5018.507855713446,31921.057296459894,157.21621652770278
2023-05-25 16:00:00,5401.801191344668,32320.058774674886,167.1346339127753
2023-05-25 17:00:00,5569.756170462304,32138.5604876724,173.30446933361353
2023-05-25 18:00:00,5493.120448649719,30876.562422441046,177.9058294603847
2023-05-25 19:00:00,5398.402337855748,29621.06435809748,182.2487629949054
2023-05-25 20:00:00,5166.822125352202,28751.56651006519,179.7057605032905
2023-05-25 21:00:00,4676.220835889603,26980.568940433503,173.31809593094778
2023-05-25 22:00:00,3719.2011600021924,24354.071581558565,152.7137319748396
2023-05-25 23:00:00,3118.0313169616247,22441.574383881085,138.93995419506692
2023-05-26 00:00:00,2586.6575579233663,21587.07721621021,119.82435287631196
2023-05-26 01:00:00,2328.4697307260294,20939.080383341876,111.20210095656579
2023-05-26 02:00:00,2237.6103492228167,20464.084361463396,109.34329187171139
2023-05-26 03:00:00,2450.2492280573006,20390.588975850103,120.16569168057332
2023-05-26 04:00:00,3359.2090311138136,21417.594771291544,156.84343022572014
2023-05-26 05:00:00,4746.585594806108,24496.100530459313,193.7690282134512
2023-05-26 06:00:00,6063.907090650657,29092.60696292895,208.4346410886294
2023-05-26 07:00:00,6517.725666500445,31527.11486889669,206.73397149101504
2023-05-26 08:00:00,6484.818995919423,32660.124155197107,198.5546339353861
2023-05-26 09:00:00,6060.123278937879,32705.635571508228,185.29293722752794
2023-05-26 10:00:00,5911.716601667946,32923.1498975036,179.5610875652029
2023-05-26 11:00:00,5630.967898656714,33243.668714462496,169.38467131959442
2023-05-26 12:00:00,4941.659808068115,32378.695169005594,152.6207211956615
2023-05-26 13:00:00,4198.410044652723,31062.736037498922,135.15905487476712
2023-05-26 14:00:00,3887.9606985322116,30410.312247004316,127.85007490066828
2023-05-26 15:00:00,3866.9298312393216,30268.524094273595,127.75415871601398
2023-05-26 16:00:00,4301.247491254461,30793.064259360628,139.68234713591215
2023-05-26 17:00:00,4815.614203212621,30951.287043064694,155.58688065256607
2023-05-26 18:00:00,5121.093989734444,29924.474632180783,171.13396484585962
2023-05-26 19:00:00,5066.751123744716,28570.074716846808,177.3446927934362
2023-05-26 20:00:00,4993.21848624389,27946.667393345764,178.66954996690586
2023-05-26 21:00:00,4611.750769585364,26410.85356983596,174.61574111532997
2023-05-26 22:00:00,3141.358277776108,23839.237040291486,131.7726012987242
2023-05-26 23:00:00,2736.791195423004,22116.495487139644,123.74434263395845
2023-05-27 00:00:00,2372.3388759969553,21129.258582925093,112.27743115956193
2023-05-27 01:00:00,2070.508642157941,20442.003722892627,101.28697119055975
2023-05-27 02:00:00,1748.0966614299796,19488.024975107535,89.70106840805369
2023-05-27 03:00:00,1283.7361551761674,19480.154697818416,65.89968997114448
2023-05-27 04:00:00,1315.5908039678927,19520.981045738117,67.39368277062677
2023-05-27 05:00:00,2058.436159602388,20795.52890293018,98.98455428620264
2023-05-27 06:00:00,3096.044704641195,23472.030402110297,131.90357423714138
2023-05-27 07:00:00,3774.694489526534,26242.537011433757,143.83877930254673
2023-05-27 08:00:00,4020.6099061492446,28311.182773595043,142.01490408585622
2023-05-27 09:00:00,3684.067402735934,28866.46805331055,127.62446018446747
2023-05-27 10:00:00,3743.677942731853,29454.09169867406,127.10213511355309
2023-05-27 11:00:00,4109.06091825932,30489.68594065095,134.7688830333551
2023-05-27 12:00:00,3587.3684752517925,30488.231436476304,117.66403973698006
2023-05-27 13:00:00,3020.2788915449564,29726.375974714516,101.60266068470737
2023-05-27 14:00:00,3551.41107153751,29136.936792193574,121.88690584965717
2023-05-27 15:00:00,3409.928134660141,28310.45211854629,120.44767495699172
2023-05-27 16:00:00,3277.2054892290093,28546.660437631865,114.80171196868993
2023-05-27 17:00:00,4297.890146912204,29236.866096406724,147.0024226515996
2023-05-27 18:00:00,4557.567892264297,28298.88943588085,161.05112190323786
2023-05-27 19:00:00,4530.842535465073,26782.334099281543,169.17280318695657
2023-05-27 20:00:00,4129.164517308692,26127.79995963713,158.03720648839652
2023-05-27 21:00:00,3819.9156452282086,24839.16302352259,153.78600485091883
2023-05-27 22:00:00,2406.880535454714,22669.830724397478,106.17108547107091
2023-05-27 23:00:00,2119.8307401112315,21247.568333598312,99.76815731705119
2023-05-28 00:00:00,1917.1133541297013,20122.75003225229,95.27094214543217
2023-05-28 01:00:00,1827.1525326243484,19615.507596205392,93.14836863960684
2023-05-28 02:00:00,2060.619551865805,19252.194044236003,107.03297230077227
2023-05-28 03:00:00,2217.5059265293594,18834.796037379685,117.73453357968303
2023-05-28 04:00:00,2049.710472399375,18230.54072200662,112.43278538223002
2023-05-28 05:00:00,2588.1711531282963,19583.516500422564,132.16069509643225
2023-05-28 06:00:00,3116.3641151324578,21420.010239821546,145.48845123047062
2023-05-28 07:00:00,3435.539359976581,23642.006643869056,145.31504925651055
2023-05-28 08:00:00,3545.6295533597795,25908.504014022776,136.85195993719805
2023-05-28 09:00:00,3355.07401844671,26986.002160141958,124.32645630637793
2023-05-28 10:00:00,3088.5599807952754,27663.500309773783,111.64747577890775
2023-05-28 11:00:00,3168.232322524135,28344.49997618655,111.77591155906454
2023-05-28 12:00:00,3056.154419367005,27758.49997489284,110.09796718595214
2023-05-28 13:00:00,2799.080845162916,27425.999966852673,102.05939067111179
2023-05-28 14:00:00,2530.8291186202982,27137.99994240582,93.25776122011212
2023-05-28 15:00:00,1858.5272346058832,27405.327113260417,67.81627626355211
2023-05-28 16:00:00,1884.994156746512,28260.16893129405,66.70144687844218
2023-05-28 17:00:00,1838.535353879198,27514.94928888639,66.81950726406768
2023-05-28 18:00:00,1920.8165331306782,26565.390742418982,72.30522418266426
2023-05-28 19:00:00,1853.4518841856973,25711.254362229778,72.08718244833851
2023-05-28 20:00:00,1874.4525422332156,26018.647227581576,72.04265947563044
2023-05-28 21:00:00,1898.6659583860915,26086.162226491288,72.78441121009126
2023-05-28 22:00:00,1319.7224469353189,22834.7416030342,57.79449883330227
2023-05-28 23:00:00,1574.1756064924127,23297.07810419737,67.56965828297575
2023-05-29 00:00:00,1458.1466617879614,22234.261780541703,65.5810692605975
2023-05-29 01:00:00,1571.0655421736167,21550.301661299913,72.90225291810835
2023-05-29 02:00:00,1230.5462544893292,20178.04802394223,60.984405083644695
2023-05-29 03:00:00,1185.554953532391,19697.847626900806,60.18703037956855
2023-05-29 04:00:00,1186.4192359397293,19633.55581020267,60.4281388154458
2023-05-29 05:00:00,1289.7078100786405,20525.50013630035,62.83441580055481
2023-05-29 06:00:00,1465.2601108801139,22813.000230370337,64.22917179168097
2023-05-29 07:00:00,2299.1508963269152,25174.500226980726,91.32856166347264
2023-05-29 08:00:00,2105.4929169130573,26461.500220218724,79.56816126790463
2023-05-29 09:00:00,2050.0024643477936,27778.00023207571,73.79949770396439
2023-05-29 10:00:00,2082.793437308909,28699.50023978525,72.57246362853367
2023-05-29 11:00:00,1920.816456708577,29607.00024321988,64.87710477012786
2023-05-29 12:00:00,1964.4103429962643,29397.500242617807,66.82235995523327
2023-05-29 13:00:00,1848.027675297946,28704.00024016611,64.3822345260422
2023-05-29 14:00:00,1828.0289324174935,27903.50023469519,65.51253129686302
2023-05-29 15:00:00,2075.305937539436,27689.500224558433,74.94920170855237
2023-05-29 16:00:00,2644.8662280993362,28511.999947092267,92.76326574800892
2023-05-29 17:00:00,3153.429275420091,28684.499974380567,109.93495714537686
2023-05-29 18:00:00,3467.6272309346477,28355.499976732775,122.29116868967303
2023-05-29 19:00:00,3298.2037632563947,26873.99997159294,122.72842772727353
2023-05-29 20:00:00,2997.1310666878635,26130.999965010426,114.69637865757304
2023-05-29 21:00:00,2485.3099485400567,24811.999899697184,100.16564398625475
2023-05-29 22:00:00,1635.5756404483345,22545.692997069615,72.54492645938713
2023-05-29 23:00:00,1490.5509121093398,21999.396414854193,67.7541730691714
2023-05-30 00:00:00,1451.0020794067013,21234.227965946964,68.33316858675781
2023-05-30 01:00:00,1370.5968715143408,21498.345639262876,63.753597347099635
2023-05-30 02:00:00,1394.341646587809,21400.87460314734,65.15348893183781
2023-05-30 03:00:00,1125.3606229952827,20119.75650721215,55.93311343464244
2023-05-30 04:00:00,1280.9990858191513,20353.499928343033,62.937533609898246
2023-05-30 05:00:00,1635.9997790425994,23304.000006643935,70.20253083488578
2023-05-30 06:00:00,3109.146562728554,27308.499982959453,113.85270390789191
2023-05-30 07:00:00,4625.860857859497,30369.999987737814,152.3167882689244
2023-05-30 08:00:00,4972.119798597486,32016.999990181932,155.2962426249241
2023-05-30 09:00:00,4946.26662085981,32728.49999124753,151.13025718204543
2023-05-30 10:00:00,5190.579606054988,32874.999993463716,157.8883530672849
2023-05-30 11:00:00,4927.13408020851,33508.49999350279,147.0413202967566
2023-05-30 12:00:00,4416.044397779753,33182.999990851815,133.08152966872217
2023-05-30 13:00:00,4020.738533298031,32603.499989588367,123.32229774662284
2023-05-30 14:00:00,3784.1531338446466,31931.99998977341,118.50661202106242
2023-05-30 15:00:00,4072.834760962859,31851.49999105867,127.86948062434053
2023-05-30 16:00:00,4395.360046943246,32370.99999197835,135.78079293294712
2023-05-30 17:00:00,4419.124666226377,32188.499992709338,137.2889282578344
2023-05-30 18:00:00,4189.9553040482115,31120.999990193206,134.6343403286701
2023-05-30 19:00:00,3801.3896212732193,29451.999987577667,129.07067848962987
2023-05-30 20:00:00,3583.7252411811337,27931.999985001894,128.30177728431252
2023-05-30 21:00:00,3002.6071525743714,26180.499980927296,114.68868641782224
2023-05-30 22:00:00,2509.288067646335,23874.499972433525,105.10327213318234
2023-05-30 23:00:00,1863.4202781742176,22416.499937595923,83.12717343749881
2023-05-31 00:00:00,1972.2054369097154,21743.499957778084,90.70321892700711
2023-05-31 01:00:00,2072.959936384691,21967.99995900982,94.36270667573905
2023-05-31 02:00:00,2211.4310171306693,21738.999963012197,101.72643731971604
2023-05-31 03:00:00,2524.2479385839197,21464.99997066151,117.59832015066746
2023-05-31 04:00:00,2931.6072632744012,22714.999976148574,129.06041234218253
2023-05-31 05:00:00,3874.4781280882326,24679.49998442193,156.99175957915926
2023-05-31 06:00:00,4801.758386174532,27401.999989474727,175.23386570392367
2023-05-31 07:00:00,5182.778859696021,30495.49999130958,169.95225069839736
2023-05-31 08:00:00,5366.932714652035,31831.999992613357,168.60180685779835
2023-05-31 09:00:00,5223.830785852742,32123.999992749854,162.61458059493594
2023-05-31 10:00:00,5056.630823850472,32611.999992223933,155.0542997993433
2023-05-31 11:00:00,4973.272149985164,33225.49999377735,149.68238704960305
2023-05-31 12:00:00,4692.238509960033,32780.49999280369,143.14115132441913
2023-05-31 13:00:00,4459.915868845003,32655.99999267109,136.57263197715372
2023-05-31 14:00:00,4246.2043161958045,31927.499992217352,132.9952021683771
2023-05-31 15:00:00,4445.436084138687,31957.999992732257,139.1024496260607
2023-05-31 16:00:00,4745.7689923105245,32298.99999474883,146.93238159330295
2023-05-31 17:00:00,4828.468465748072,31626.499995333907,152.67160344838828
2023-05-31 18:00:00,4603.419666292224,30515.99999157941,150.85265655926375
2023-05-31 19:00:00,4434.515765076196,29175.49999065938,151.9945079431687
2023-05-31 20:00:00,4350.124027143665,28300.4999889304,153.7119142363278
2023-05-31 21:00:00,3755.5843694214095,26598.499985881597,141.19534452750577
2023-05-31 22:00:00,3338.3683760686235,24220.99998035245,137.82950244732402
2023-05-31 23:00:00,2895.3833151756107,22446.99997596415,128.98754035175907
2023-06-01 00:00:00,2459.464211605598,21805.999969136672,112.78841672414123
2023-06-01 01:00:00,2509.3913587354978,21577.999970237634,116.29397359332106
2023-06-01 02:00:00,2440.7629918866483,21414.499968517008,113.97711809638278
2023-06-01 03:00:00,2598.885704328748,21323.999971078716,121.8760883442863
2023-06-01 04:00:00,3096.132731651608,22070.49997778532,140.28376043895548
2023-06-01 05:00:00,3529.9430143361383,23666.49998169137,149.1535722251679
2023-06-01 06:00:00,4573.367318018716,27429.999986228875,166.72866643509872
2023-06-01 07:00:00,5128.112198765651,30323.499990457436,169.11346646592335
2023-06-01 08:00:00,5202.0806213425785,31812.99999261743,163.52059291955428
2023-06-01 09:00:00,5130.022198470099,32740.999993585097,156.68495768227046
2023-06-01 10:00:00,5260.037853510029,32888.49999471453,159.9354745383755
2023-06-01 11:00:00,5036.881326891279,33483.49999451725,150.42875827545035
2023-06-01 12:00:00,4493.213711092557,33031.499992502555,136.0281462274623
2023-06-01 13:00:00,3955.7454736185755,32367.499990582288,122.21350041768896
2023-06-01 14:00:00,3572.7618774000052,31541.999987538267,113.2699853785919
2023-06-01 15:00:00,3666.4745574130275,31089.499987256477,117.93288920426215
2023-06-01 16:00:00,4054.6796755861715,31673.9999906586,128.01287102298386
2023-06-01 17:00:00,4125.021069413305,31320.4999899163,131.70355105254907
2023-06-01 18:00:00,3897.726252671388,30742.499988193624,126.78624881412617
2023-06-01 19:00:00,3783.3871342561174,29529.999987339434,128.1201197385097
2023-06-01 20:00:00,3401.090229695899,28541.999984860962,119.16089382313363
2023-06-01 21:00:00,3017.3515779565655,26633.9999820107,113.28946384300382
2023-06-01 22:00:00,3525.5185851619804,24500.99998505516,143.89284467215361
2023-06-01 23:00:00,3029.4618896722172,23031.9999805913,131.53273238212472
2023-06-02 00:00:00,2645.075553461917,21739.99997693753,121.66860884396944
2023-06-02 01:00:00,2659.357704554644,21998.99997681294,120.88539057946365
2023-06-02 02:00:00,2817.1926505857914,22007.99997825497,128.00766327559623
2023-06-02 03:00:00,2796.0784243540643,21621.999977152715,129.3163642266484
2023-06-02 04:00:00,3008.0750127396036,22317.499978991375,134.78548294259042
2023-06-02 05:00:00,3627.5611106788797,24620.49998406415,147.33905132011344
2023-06-02 06:00:00,3810.7658415205647,26947.99998598214,141.4118243841048
2023-06-02 07:00:00,4730.746571610227,30339.499990881686,155.92697879108152
2023-06-02 08:00:00,5137.647226432149,32246.49999319065,159.32418177219367
2023-06-02 09:00:00,4986.360003575544,32683.00000144646,152.56738987714903
2023-06-02 10:00:00,5334.297187372064,33128.00001594007,161.02080369492214
2023-06-02 11:00:00,5189.524218014093,33384.000026001886,155.44944326540002
2023-06-02 12:00:00,4596.463831696137,32492.500020063948,141.4623014190304
2023-06-02 13:00:00,4318.994279515649,31382.000045470406,137.62648248224195
2023-06-02 14:00:00,3949.51809262095,30286.000059932947,130.4073857493644
2023-06-02 15:00:00,3894.087027815353,29890.500075178825,130.2784168221065
2023-06-02 16:00:00,4784.255916029007,29942.50009006526,159.78144448988058
2023-06-02 17:00:00,5011.828328229068,29616.00009461239,169.22704998035158
2023-06-02 18:00:00,5079.153712051368,28554.500094933446,177.8757707249298
2023-06-02 19:00:00,4968.401499243899,27471.00012450724,180.8598695615571
2023-06-02 20:00:00,4683.552866328726,26847.000151274267,174.45348977309948
2023-06-02 21:00:00,4358.953361288317,25973.500109809447,167.82310211791847
2023-06-02 22:00:00,3008.9989395886146,23197.00009881419,129.7150030939747
2023-06-02 23:00:00,2291.95595186108,21064.000093677132,108.8091502880816
2023-06-03 00:00:00,2257.0297826641163,20273.000086572865,111.33180945226668
2023-06-03 01:00:00,2106.744788366856,19483.00013456777,108.13246285560292
2023-06-03 02:00:00,2039.6442384702507,19189.000154377576,106.29236656736113
2023-06-03 03:00:00,2158.115586981596,19048.50017524395,113.29582734216278
2023-06-03 04:00:00,2129.222681131784,19020.500167280486,111.94356943328563
2023-06-03 05:00:00,2586.4101911129674,20222.500262493082,127.89764655906637
2023-06-03 06:00:00,3370.0332219448105,22852.500240196565,147.46890653203306
2023-06-03 07:00:00,3725.913103556246,25553.00026835463,145.81117929116505
2023-06-03 08:00:00,3979.45303642786,27274.500298954503,145.9037926564837
2023-06-03 09:00:00,3840.6638118000124,28215.500316093334,136.11893352142351
2023-06-03 10:00:00,3925.5956742413937,28650.500331391384,137.01665342089163
2023-06-03 11:00:00,3507.6774413219405,28428.000336986628,123.38811734000967
2023-06-03 12:00:00,3325.2923826136443,28204.50031951386,117.8993545336087
2023-06-03 13:00:00,3142.370885298126,27383.000356468227,114.7562664569683
2023-06-03 14:00:00,2681.398832157057,26286.50036903203,102.00668763484381
2023-06-03 15:00:00,2912.8057125590863,26416.50038296658,110.2646327231623
2023-06-03 16:00:00,3470.954925668089,27283.500405477764,127.21809423585611
2023-06-03 17:00:00,3805.851601333977,27341.00041661427,139.1994273560407
2023-06-03 18:00:00,3816.1384124730707,26552.500399936707,143.7204916672242
2023-06-03 19:00:00,3836.3037787930966,25665.500477941972,149.47317244369265
2023-06-03 20:00:00,3604.794574389581,25025.00056109866,144.0477320105731
2023-06-03 21:00:00,3321.2220810681256,23811.00047736987,139.48267668234422
2023-06-03 22:00:00,2480.7603615948824,21692.500545898565,114.36027655483562
2023-06-03 23:00:00,1980.6617470459234,20284.000611682077,97.64650400893842
2023-06-04 00:00:00,1815.7233602637477,19696.00057616626,92.18741405099868
2023-06-04 01:00:00,1743.590917909877,19031.034075730848,91.61829625082618
2023-06-04 02:00:00,1911.4354805763114,18548.501125599512,103.0506706516714
2023-06-04 03:00:00,1887.0464174272274,18229.001283476297,103.51891406896456
2023-06-04 04:00:00,2096.051589089028,18208.5011522682,115.11390045566307
2023-06-04 05:00:00,2432.5195912832596,19458.50165615479,125.01063207576651
2023-06-04 06:00:00,3351.1232235259768,21528.501396316213,155.65984653717675
2023-06-04 07:00:00,3778.234040397408,23788.50147728711,158.82606325601498
2023-06-04 08:00:00,3989.616050251079,25913.00164473261,153.9619417676399
2023-06-04 09:00:00,4068.8155964442603,27388.50177419797,148.5592614736375
2023-06-04 10:00:00,4359.121663036875,28194.501874866335,154.60892632129685
2023-06-04 11:00:00,4108.136266657355,28707.00199421491,143.1057226904166
2023-06-04 12:00:00,3662.9397083907493,28153.502115052066,130.10600576162014
2023-06-04 13:00:00,3490.4338299185474,27834.502385255757,125.39954124588442
2023-06-04 14:00:00,3345.787725214013,26984.502734875197,123.98923034034138
2023-06-04 15:00:00,3488.3762153531807,27168.00300743247,128.4001703915761
2023-06-04 16:00:00,3564.294589010917,28005.503432815094,127.27122001436689
2023-06-04 17:00:00,4095.255050443025,28174.50338113761,145.3532293025166
2023-06-04 18:00:00,4393.6438688157805,27842.503711232843,157.80347609483118
2023-06-04 19:00:00,4160.314461524824,26644.50415979758,156.14156062255017
2023-06-04 20:00:00,3924.321285564469,25828.004975864897,151.94055015985825
2023-06-04 21:00:00,3715.7656161170166,24645.506902010922,150.76848006781444
2023-06-04 22:00:00,3631.17153865826,22516.00715838688,161.27066904514206
2023-06-04 23:00:00,3272.0448662030653,20481.008247644524,159.75995061568202
2023-06-05 00:00:00,3086.6731081644034,20283.508928609743,152.17648578598119
2023-06-05 01:00:00,3137.620519489966,19761.009309208075,158.7783533925022
2023-06-05 02:00:00,3067.51380287045,19644.010660984983,156.15516891175625
2023-06-05 03:00:00,3236.7356429737238,20126.01203953524,160.82349730366494
2023-06-05 04:00:00,3384.072382266377,20624.014182055893,164.08407948103138
2023-06-05 05:00:00,4443.732081089486,23910.510624465052,185.84848106684487
2023-06-05 06:00:00,5339.085402188713,27319.511139594066,195.4312203797379
2023-06-05 07:00:00,5894.240023117605,29778.512858578582,197.9360101395928
2023-06-05 08:00:00,5962.076201644491,31216.513906791955,190.9910959130926
2023-06-05 09:00:00,6076.32700510439,32237.0143094171,188.48913695240597
2023-06-05 10:00:00,6115.721385506404,32733.514844195262,186.83362952667835
2023-06-05 11:00:00,6153.429463264151,33397.51528242665,184.2481217907252
2023-06-05 12:00:00,5808.16111541827,32957.5159962001,176.2317620080328
2023-06-05 13:00:00,5634.822213748774,32052.01639463581,175.8024251694758
2023-06-05 14:00:00,5553.394201970213,31539.516580826024,176.07734055588904
2023-06-05 15:00:00,5518.7526481594605,31449.016678490934,175.4825184068132
2023-06-05 16:00:00,5653.410773574931,31768.0167707438,177.95919759087198
2023-06-05 17:00:00,5445.908236529622,31029.517616374724,175.5073444537126
2023-06-05 18:00:00,5192.9767366876995,30454.017931469247,170.5186077046867
2023-06-05 19:00:00,5043.6376910471545,29145.51729973894,173.05020319856635
2023-06-05 20:00:00,4595.174798991681,27646.517218407727,166.2117062590474
2023-06-05 21:00:00,4082.4119561068756,25496.518413655795,160.11644766056992
2023-06-05 22:00:00,3456.851734992836,22744.520087293175,151.98613651664152
2023-06-05 23:00:00,3075.1656102745596,21468.51978822573,143.24069104946463
2023-06-06 00:00:00,3120.107691053188,21055.519170948905,148.1847902073162
2023-06-06 01:00:00,3224.434189664976,21164.519203319254,152.35093028521453
2023-06-06 02:00:00,3345.8643418789366,20971.51960208923,159.54324747862404
2023-06-06 03:00:00,3509.4506845924457,21465.519904707435,163.4924614065749
2023-06-06 04:00:00,3631.887972963931,21489.520803330754,169.0073969635009
2023-06-06 05:00:00,4681.682156468847,24899.517541056535,188.02300682128777
2023-06-06 06:00:00,5533.04007796682,28057.017624307522,197.20699299034573
2023-06-06 07:00:00,6198.895021184175,30580.018170990512,202.71063890552907
2023-06-06 08:00:00,6348.291571470423,31697.017899647413,200.2804046604346
2023-06-06 09:00:00,6237.825457313636,32303.018188598715,193.10348713840196
2023-06-06 10:00:00,6303.205860847875,32867.01779860023,191.77906250795655
2023-06-06 11:00:00,6376.8048837805545,33082.516835619674,192.75452697464362
2023-06-06 12:00:00,6035.571829729937,32685.517133321788,184.6558463527222
2023-06-06 13:00:00,5743.279173634029,31862.016615096076,180.25472910314437
2023-06-06 14:00:00,5764.764452390551,31494.01581462143,183.04316878237543
2023-06-06 15:00:00,5738.944916356456,31772.515915154,180.62607732046956
2023-06-06 16:00:00,6123.394045128963,32060.014700043528,190.99785519189575
2023-06-06 17:00:00,6220.033935519991,31792.514716733967,195.64460348416796
2023-06-06 18:00:00,6047.069265752425,31008.513881087954,195.0131918266655
2023-06-06 19:00:00,6045.569931749787,30227.51251134493,200.00223073204506
2023-06-06 20:00:00,5675.688560801647,28700.011826903847,197.75910180919044
2023-06-06 21:00:00,5205.58285365297,27085.011821291497,192.19422490932297
2023-06-06 22:00:00,4601.247497216286,24258.513081320565,189.67557829252604
2023-06-06 23:00:00,4400.414424828499,23066.512188738187,190.77068907612843
2023-06-07 00:00:00,4275.40256441637,22294.51112197874,191.76928980521683
2023-06-07 01:00:00,4233.947549604028,22062.510350236964,191.90688105710294
2023-06-07 02:00:00,4189.934533549895,21864.010386651313,191.63613899982346
2023-06-07 03:00:00,4295.366075838574,21818.51035159785,196.86798074754944
2023-06-07 04:00:00,4487.801544595821,22318.01064818556,201.08429982134973
2023-06-07 05:00:00,5330.327902631968,25299.010253052267,210.69313974402917
2023-06-07 06:00:00,6055.439468180974,28844.51007935666,209.93386441722615
2023-06-07 07:00:00,6756.66804984421,30776.510175326282,219.53977274723866
2023-06-07 08:00:00,6923.959922085828,32094.510352598867,215.73658068053862
2023-06-07 09:00:00,6749.203458152327,32412.010528312458,208.2315582446445
2023-06-07 10:00:00,6702.870298670882,32933.01075000277,203.53044395342195
2023-06-07 11:00:00,6607.879613879106,33456.010967100294,197.50948851544524
2023-06-07 12:00:00,6517.176428200822,33971.011169269164,191.84522932589024
2023-06-07 13:00:00,6016.044065169302,32794.51141740834,183.44667461567363
2023-06-07 14:00:00,6087.145563342112,32202.511677625047,189.0270431163785
2023-06-07 15:00:00,6012.324711974306,32380.511933351452,185.67725934504762
2023-06-07 16:00:00,5846.104728337895,32442.012203257997,180.2016684942495
2023-06-07 17:00:00,5978.758379572736,32129.512485886513,186.0830718237327
2023-06-07 18:00:00,5462.38628923529,30863.512756570828,176.9852424874207
2023-06-07 19:00:00,5371.928624546514,29582.013080090004,181.59442394953365
2023-06-07 20:00:00,5191.3422513114465,28347.513406634513,183.13219141458995
2023-06-07 21:00:00,4978.999621780924,27263.51370376256,182.62501583182896
2023-06-07 22:00:00,4139.42012789476,24583.51403393112,168.38195394610275
2023-06-07 23:00:00,3446.2433901236564,22811.014380001663,151.07804206835124
2023-06-08 00:00:00,3407.9671086279927,21842.514758229303,156.024484650698
2023-06-08 01:00:00,3300.1680495815563,21292.01516988603,154.9955710274473
2023-06-08 02:00:00,3172.4050105157403,21021.01559987021,150.91587727737223
2023-06-08 03:00:00,3237.287076929324,21117.51605625932,153.29866771758788
2023-06-08 04:00:00,3388.5430859785606,21903.51653487135,154.7031537417224
2023-06-08 05:00:00,4171.659912943946,25086.017066672106,166.29423084010347
2023-06-08 06:00:00,4970.914521310674,28572.517603358556,173.97537697995392
2023-06-08 07:00:00,5885.108800535591,31590.018166773585,186.29646774706688
2023-06-08 08:00:00,5873.732220233586,32817.51875318776,178.98160626976212
2023-06-08 09:00:00,5654.836954081264,33195.01937341047,170.35197029018283
2023-06-08 10:00:00,5222.044019808441,33524.52001793285,155.7678981538014
2023-06-08 11:00:00,5372.225157290916,33392.52071552782,160.88109080045533
2023-06-08 12:00:00,5126.34737942723,33087.02145197203,154.93529349169305
2023-06-08 13:00:00,4884.951090372543,32359.02224155621,150.96102267574622
2023-06-08 14:00:00,4755.783421591897,31429.02309006801,151.31820699494756
2023-06-08 15:00:00,4616.521846367119,31550.023991657814,146.32387752186116
2023-06-08 16:00:00,4931.30976964069,32047.524968116242,153.87490218189393
2023-06-08 17:00:00,4634.159847399446,31245.52601355634,148.31434892114942
2023-06-08 18:00:00,4449.89219958489,31655.527121978845,140.572361421689
2023-06-08 19:00:00,4277.487174216091,30637.028348988002,139.61821379968742
2023-06-08 20:00:00,3802.053093485062,29479.02968552065,128.97483852233216
2023-06-08 21:00:00,3303.395308664367,28831.5311130388,114.57578495269146
2023-06-08 22:00:00,2739.153820429542,25990.03265145593,105.39247322862052
2023-06-08 23:00:00,1763.9365064583642,23869.534474401236,73.89907450227356
2023-06-09 00:00:00,1549.722451816021,22844.536333912987,67.83777219918619
2023-06-09 01:00:00,1227.4310134416053,21570.192145270463,56.904037070005195
2023-06-09 02:00:00,1284.144745363511,21236.29326486109,60.46934506636983
2023-06-09 03:00:00,1124.8410629643897,21397.733521381877,52.56823400667095
2023-06-09 04:00:00,1568.7834508707642,22307.04854962678,70.32680488324897
2023-06-09 05:00:00,2238.4744016160785,24769.553459775398,90.372012771698
2023-06-09 06:00:00,3248.7983439821946,27818.059598899494,116.7873816803067
2023-06-09 07:00:00,3941.9047060932053,30639.067310228485,128.65615869374875
2023-06-09 08:00:00,3848.360286109487,31828.077402649087,120.91086236296458
2023-06-09 09:00:00,3708.4545992290095,32088.59135589183,115.56925506946865
2023-06-09 10:00:00,4096.609261877328,32602.11202543013,125.65472012003126
2023-06-09 11:00:00,3908.5498820785306,33284.14629013643,117.4297771680209
2023-06-09 12:00:00,3488.407747562553,32976.214891160365,105.7855717848824
2023-06-09 13:00:00,3066.6301973520904,31813.92231780774,96.39271029575481
2023-06-09 14:00:00,2977.173050282403,30806.15246871544,96.64215787108793
2023-06-09 15:00:00,2775.563351204703,30793.574163950303,90.13449807505698
2023-06-09 16:00:00,3055.174811030449,30686.669818428894,99.56032469823957
2023-06-09 17:00:00,3263.369383253903,30514.3847767011,106.94527866560857
2023-06-09 18:00:00,3226.6579961850034,29536.894492730065,109.24161295897856
2023-06-09 19:00:00,3087.7072694108597,28232.385077798685,109.36756710076767
2023-06-09 20:00:00,2662.914244707434,27346.27293339907,97.37759332662527
2023-06-09 21:00:00,2173.5421665314707,26283.023292226426,82.69757030479542
2023-06-09 22:00:00,1379.411361185426,24711.208965231057,55.82128187763993
2023-06-09 23:00:00,1244.5769578738727,23466.83339835061,53.035573089352106
2023-06-10 00:00:00,1217.3719844422822,23116.9972982817,52.66133696925985
2023-06-10 01:00:00,1260.4229526470438,22617.72234825503,55.727227226497725
2023-06-10 02:00:00,1208.1057384000346,21566.83243580835,56.01683705735869
2023-06-10 03:00:00,1103.3423926582932,20743.089627720048,53.19084150240765
2023-06-10 04:00:00,1159.502205161336,19795.008093391672,58.575485278453705
2023-06-10 05:00:00,1846.4815182511613,21478.08110457819,85.9705068278922
2023-06-10 06:00:00,2062.652263651955,23801.753765447,86.6596757523938
2023-06-10 07:00:00,2285.99366981625,26165.34518887345,87.36722765608098
2023-06-10 08:00:00,2292.9816269279154,28191.618014603373,81.33558087159601
2023-06-10 09:00:00,2146.3075648600166,29216.951637683618,73.4610369855197
2023-06-10 10:00:00,2081.072539415379,30408.0874503257,68.43812662716769
2023-06-10 11:00:00,2945.8836500591196,31122.434235006196,94.65466704225918
2023-06-10 12:00:00,2197.854846990235,30824.57819024266,71.30202507315909
2023-06-10 13:00:00,1658.004960427612,29999.49992664255,55.26775327861843
2023-06-10 14:00:00,1655.3108551025543,30226.559598193755,54.763455620052454
2023-06-10 15:00:00,1273.366585760984,29372.848618052067,43.35182475214181
2023-06-10 16:00:00,1695.370722092925,30920.26178275601,54.830412950721524
2023-06-10 17:00:00,1499.5415975119356,29718.05830913326,50.458935840067355
2023-06-10 18:00:00,1362.9686100435274,28310.815077286006,48.14303672722754
2023-06-10 19:00:00,1623.477159353598,27106.990019710473,59.89145818746784
2023-06-10 20:00:00,1144.0788437573547,26286.099151096656,43.52410135794621
2023-06-10 21:00:00,1526.26268497067,25784.52284114856,59.192977677871326
2023-06-10 22:00:00,1395.8808633866554,24256.491912029676,57.54669176602521
2023-06-10 23:00:00,1379.7705837744072,22771.727448967005,60.59138846038656
2023-06-11 00:00:00,1239.7691482235546,21424.854461914798,57.86593091810216
2023-06-11 01:00:00,1683.4111374011688,20542.450610390963,81.94792185843939
2023-06-11 02:00:00,1963.225504394624,19630.923838697585,100.0067811645524
2023-06-11 03:00:00,1950.2962378399984,18996.077453088885,102.66836628015895
2023-06-11 04:00:00,2018.2717691166326,18738.81556010651,107.70540766799463
2023-06-11 05:00:00,2284.9857141151465,19609.786453528646,116.5227229541798
2023-06-11 06:00:00,3466.9559625034262,21520.53424685361,161.09990220202405
2023-06-11 07:00:00,4253.391853865367,24039.77827893484,176.93140945448968
2023-06-11 08:00:00,4741.068109045689,26459.096843790274,179.18480502324394
2023-06-11 09:00:00,4920.339424056879,28056.552580296622,175.37220262450572
2023-06-11 10:00:00,5120.116457246564,29343.540797502654,174.48870579662025
2023-06-11 11:00:00,5200.749923952705,30083.53501055806,172.87695485678327
2023-06-11 12:00:00,5074.769042753414,30068.53153726605,168.77342468367289
2023-06-11 13:00:00,4710.665991178762,29674.529291250255,158.74442168717854
2023-06-11 14:00:00,4443.867104625222,29110.027743769555,152.65760458013807
2023-06-11 15:00:00,4361.8167257823725,28715.52669673665,151.8975003261238
2023-06-11 16:00:00,4552.886408406716,28929.525786120266,157.37853575847717
2023-06-11 17:00:00,4979.824374567751,28853.52508386693,172.58980870078
2023-06-11 18:00:00,5254.98412062348,28338.525003373656,185.43604933559112
2023-06-11 19:00:00,5296.041879658188,27379.52481287365,193.43074490350645
2023-06-11 20:00:00,5269.021083786799,26448.02472120906,199.22172409198836
2023-06-11 21:00:00,5323.144694410716,25350.524062118482,209.981643036924
2023-06-11 22:00:00,5133.754355405184,23155.023464710895,221.71233655751692
2023-06-11 23:00:00,4648.931172168842,21551.52296440497,215.7124199457798
2023-06-12 00:00:00,4459.221005926693,20970.022576752348,212.64741082683648
2023-06-12 01:00:00,4396.925510757538,20716.022311301796,212.2475755569523
2023-06-12 02:00:00,4407.326848439202,20293.022121003578,217.184351456334
2023-06-12 03:00:00,4586.33180601642,20058.521994229654,228.6475447859915
2023-06-12 04:00:00,4905.139564147924,20552.02192372997,238.66944003617985
2023-06-12 05:00:00,6056.505553216678,24093.02193262284,251.38007055129714
2023-06-12 06:00:00,7484.114873127394,28433.521947242214,263.2144863029634
2023-06-12 07:00:00,8049.619273377659,31030.022003971648,259.41390800004456
2023-06-12 08:00:00,8065.517389699105,32713.022093764812,246.55372305808498
2023-06-12 09:00:00,7941.915039977089,33973.52221874241,233.76778506632783
2023-06-12 10:00:00,7729.3316604465235,34652.52237848898,223.05249747835413
2023-06-12 11:00:00,7425.950160860166,34988.522585633385,212.23960350670336
2023-06-12 12:00:00,6920.940105965368,34591.02281962137,200.0790824271187
2023-06-12 13:00:00,6697.681584814291,34550.02310235946,193.85461957496923
2023-06-12 14:00:00,6457.073607271184,34319.523427760876,188.14578299324788
2023-06-12 15:00:00,6350.9189944030495,34167.02380193367,185.87861299302347
2023-06-12 16:00:00,6334.308408081656,33602.52422584861,188.50692184633598
2023-06-12 17:00:00,6284.123753686469,32846.02470451832,191.3206791451393
2023-06-12 18:00:00,6402.45607747666,31425.525235602785,203.73425836088023
2023-06-12 19:00:00,6437.202045077027,29939.02582996006,215.0104042007707
2023-06-12 20:00:00,6262.025087444634,29188.52649393761,214.53721169327414
2023-06-12 21:00:00,5417.4790425085,27463.027208749187,197.26445308922817
2023-06-12 22:00:00,4610.261899633775,24369.52801451445,189.1814193893255
2023-06-12 23:00:00,4060.050065375631,22661.028925646893,179.16441829261427
2023-06-13 00:00:00,3794.6954386027005,22104.02993601817,171.6743711253894
2023-06-13 01:00:00,3449.6295221759183,21667.031067386848,159.21099256502617
2023-06-13 02:00:00,3539.8407005672234,21386.032361683196,165.5211514085925
2023-06-13 03:00:00,3658.5981185946903,21111.033809127985,173.30265072157604
2023-06-13 04:00:00,4430.044030288004,22007.035470868657,201.3012627780866
2023-06-13 05:00:00,5199.107036646041,24981.037355842156,208.12214331164108
2023-06-13 06:00:00,6602.8367575658995,28988.539505668177,227.77404002277643
2023-06-13 07:00:00,6974.492970839544,31670.54200135289,220.2201961223654
2023-06-13 08:00:00,6851.325698075809,33262.54492585853,205.97719487030417
2023-06-13 09:00:00,6476.909379356181,34365.048387965915,188.47374536577954
2023-06-13 10:00:00,6589.429526282512,34818.55257742216,189.25052991879335
2023-06-13 11:00:00,6193.5521699911205,35579.057677676436,174.0785893235496
2023-06-13 12:00:00,5584.757810144209,35127.56406979798,158.98505797462565
2023-06-13 13:00:00,5087.555975573569,34703.072369765985,146.60246566543057
2023-06-13 14:00:00,4904.958198512876,33519.58357905697,146.3311197451001
2023-06-13 15:00:00,4694.181864198676,33039.599461890655,142.0774446619171
2023-06-13 16:00:00,4954.598639079304,32839.62381604908,150.8725759720164
2023-06-13 17:00:00,5232.799562034385,31894.166017229694,164.06760907959
2023-06-13 18:00:00,4956.232859849467,31002.7817255848,159.86413424829473
2023-06-13 19:00:00,4811.320147868116,30389.651077882314,158.32100656692995
2023-06-13 20:00:00,4023.0514158454944,28878.128846845408,139.3113604133311
2023-06-13 21:00:00,3684.706752176668,27622.56380568331,133.39481367832136
2023-06-13 22:00:00,3031.0797139798615,25451.552899956703,119.09213264488147
2023-06-13 23:00:00,2405.2704468841457,23505.046371529585,102.32995965485617
2023-06-14 00:00:00,2357.4450975943873,22751.04311447728,103.61920927020101
2023-06-14 01:00:00,2629.864099714003,22142.541342933782,118.76975000221715
2023-06-14 02:00:00,2925.966477143407,21957.540389177168,133.25565729509535
2023-06-14 03:00:00,3029.3325396118125,21552.539965800523,140.55570918410288
2023-06-14 04:00:00,3422.9606777567583,22043.539967025692,155.28180514005774
2023-06-14 05:00:00,4620.384154653597,25411.540333859077,181.82227814412582
2023-06-14 06:00:00,5476.3306133258075,28547.540909200095,191.8319560603882
2023-06-14 07:00:00,5910.586140255915,31357.041772797216,188.493104135335
2023-06-14 08:00:00,5987.02669113503,33096.54293297216,180.89583263303624
2023-06-14 09:00:00,5791.284889810981,34094.54439865015,169.85957700728997
2023-06-14 10:00:00,6019.328603105755,34861.54618403514,172.66384489458787
2023-06-14 11:00:00,5826.290271267453,35454.548330378806,164.33125073194816
2023-06-14 12:00:00,5396.613674373888,34690.55090944822,155.56436934254862
2023-06-14 13:00:00,5358.067724531123,34116.0540759422,157.05414561144983
2023-06-14 14:00:00,5344.525441803648,33509.55796625499,159.4925676783241
2023-06-14 15:00:00,5518.8847431235135,33736.06270929502,163.59006653147287
2023-06-14 16:00:00,5897.238012783223,33715.568506296455,174.91142146044197
2023-06-14 17:00:00,6001.969411462457,32650.57629777786,183.82430241731876
2023-06-14 18:00:00,6034.884869049652,32093.586730326955,188.04021251220777
2023-06-14 19:00:00,5885.881481462667,31024.601411784748,189.71658663201725
2023-06-14 20:00:00,5553.848740371687,29463.123322900417,188.50169683317043
2023-06-14 21:00:00,4971.118987819451,28187.659265925242,176.35799201776243
2023-06-14 22:00:00,4624.473269495882,26328.665224054246,175.64404538331465
2023-06-14 23:00:00,4592.303455986559,24983.22576035033,183.81547283116583
2023-06-15 00:00:00,4560.478677280938,23992.050542003566,190.08290555643748
2023-06-15 01:00:00,4466.874334416107,22713.040287340842,196.66562811081383
2023-06-15 02:00:00,4682.391579743831,22519.535434515685,207.92576264993153
2023-06-15 03:00:00,4970.47104529685,22372.032977406416,222.1734184960546
2023-06-15 04:00:00,5423.381767295222,23363.031495606516,232.1351905173395
2023-06-15 05:00:00,5944.034209243708,25963.030394172987,228.9422351320652
2023-06-15 06:00:00,6490.952640796082,28763.02968309425,225.66999068986124
2023-06-15 07:00:00,7314.717493846148,31728.529439102807,230.54070337187954
2023-06-15 08:00:00,7348.5959029075,33285.02936501938,220.77781041799065
2023-06-15 09:00:00,7220.600105284031,33682.52947875847,214.3722641091319
2023-06-15 10:00:00,7184.626669649963,34794.529591542065,206.48724825400194
2023-06-15 11:00:00,6975.611583931609,35276.02982082415,197.74366955018743
2023-06-15 12:00:00,6610.453376495736,34842.030130973726,189.7264123716833
2023-06-15 13:00:00,6393.949039716623,33890.03057976808,188.66755002380344
2023-06-15 14:00:00,6419.711085806774,33548.031086034076,191.35880342257332
2023-06-15 15:00:00,6565.849301863375,33369.531612809566,196.76180589070486
2023-06-15 16:00:00,6580.17592179643,33430.532169062884,196.83132438692746
2023-06-15 17:00:00,6649.635040271382,32550.032819246597,204.28965700887102
2023-06-15 18:00:00,6856.7818729854,32069.033450077688,213.81317536929973
2023-06-15 19:00:00,6765.89298370851,30729.534161030213,220.17557924092142
2023-06-15 20:00:00,6430.860623860851,28648.03509316877,224.4782444222261
2023-06-15 21:00:00,6083.586353141782,27167.035922505085,223.9326502344762
2023-06-15 22:00:00,5569.131199560057,25016.536936192122,222.61799120177338
2023-06-15 23:00:00,5220.29157057241,23514.037942685027,222.00744862693344
2023-06-16 00:00:00,5278.671935607541,22841.53896512329,231.0996620528738
2023-06-16 01:00:00,5111.821212020254,21737.04011151653,235.16638814646865
2023-06-16 02:00:00,5104.974715891742,21369.041342623248,238.89582288884554
2023-06-16 03:00:00,5295.23492387303,21673.042679197944,244.32355909839382
2023-06-16 04:00:00,5759.8651361950415,22835.044180744677,252.23796768705031
2023-06-16 05:00:00,6179.665898789384,25352.54619821301,243.74932010674974
2023-06-16 06:00:00,6913.264015983922,28031.047224045815,246.62881699451924
2023-06-16 07:00:00,7684.734194902592,31086.048932397276,247.2084571318329
2023-06-16 08:00:00,7781.189158524613,32368.05084009685,240.39721134166788
2023-06-16 09:00:00,7541.42763576515,33348.05298439325,226.1429667061674
2023-06-16 10:00:00,7377.777305475004,33839.55524456101,218.02228936388948
2023-06-16 11:00:00,7006.626137587067,33968.55782123142,206.26798978223636
2023-06-16 12:00:00,6690.865030850682,33098.560499027146,202.1497288695484
2023-06-16 13:00:00,6324.125576843492,32416.563889121724,195.08932527440786
2023-06-16 14:00:00,6210.349071223047,31541.568264500223,196.8941118952777
2023-06-16 15:00:00,6364.04650826568,31331.572237388118,203.1192836429521
2023-06-16 16:00:00,6665.314536827886,31109.076101772775,214.25626768928885
2023-06-16 17:00:00,6688.867807594143,30513.081452040067,219.21312071045955
2023-06-16 18:00:00,6773.263051442222,29377.086882022046,230.56278788443348
2023-06-16 19:00:00,6599.355713900216,27551.093024113783,239.53153902548274
2023-06-16 20:00:00,6463.550130663278,26738.599918769083,241.73106109890992
2023-06-16 21:00:00,6217.036717486475,25794.109408623546,241.02544573250438
2023-06-16 22:00:00,5706.619835671067,23815.117631639714,239.62173624074418
2023-06-16 23:00:00,5328.935104503636,21952.12996455771,242.75253076158629
2023-06-17 00:00:00,4950.015256372031,20958.145500958162,236.1857472621195
2023-06-17 01:00:00,4843.681111286527,20229.66370952808,239.4345838287552
2023-06-17 02:00:00,4713.622324695665,19992.689451323116,235.76729564934635
2023-06-17 03:00:00,4638.04174128987,19218.225847602298,241.33558311099358
2023-06-17 04:00:00,4823.362809293805,19581.283328484107,246.32516308455908
2023-06-17 05:00:00,5167.693538937709,21034.388504375773,245.67833468810736
2023-06-17 06:00:00,5713.742942784863,23473.670516422357,243.41071579698138
2023-06-17 07:00:00,6290.421568602426,26897.12617114965,233.86965315832316
2023-06-17 08:00:00,6162.318989438515,28832.32258995085,213.72953809785395
2023-06-17 09:00:00,5743.7233472065045,29749.400407616107,193.07022220643012
2023-06-17 10:00:00,5646.510285035639,30067.750246822136,187.79290897004904
2023-06-17 11:00:00,5108.725435172688,30219.701420022357,169.05280976031924
2023-06-17 12:00:00,4249.702334835216,28961.532486711563,146.7361002662794
2023-06-17 13:00:00,4190.19948690079,28486.81390103532,147.09259875315513
2023-06-17 14:00:00,4202.828847639517,28313.4584602921,148.4392609095681
2023-06-17 15:00:00,4922.152397979998,28552.499981709323,172.38954211130792
2023-06-17 16:00:00,5690.6193624645175,28979.974535006826,196.36384965040057
2023-06-17 17:00:00,5808.8402046473,29169.084403379336,199.14372780155986
2023-06-17 18:00:00,5915.9516577255445,28352.15941323191,208.65964992298183
2023-06-17 19:00:00,5943.685353455772,27455.887454258307,216.48126884836603
2023-06-17 20:00:00,5834.7749403055395,26642.380607539442,219.00351272117084
2023-06-17 21:00:00,5453.680661271158,25805.534859282838,211.3376332251972
2023-06-17 22:00:00,4784.5535941841,23483.155213752634,203.7440689137924
2023-06-17 23:00:00,4158.5787520433905,21931.171325997228,189.61954608935127
2023-06-18 00:00:00,3604.345379898115,20406.197902223124,176.62993357059645
2023-06-18 01:00:00,3378.4706600896757,19896.23788623176,169.80449667962526
2023-06-18 02:00:00,3223.82443090628,19376.3195744698,166.37960674193178
2023-06-18 03:00:00,3231.7151149944193,18973.552404189093,170.32736127373292
2023-06-18 04:00:00,3067.472427420563,18803.36672475666,163.13421273552595
2023-06-18 05:00:00,3753.270563928738,20316.334778281023,184.7415198110013
2023-06-18 06:00:00,4041.3763185055127,22145.770383024283,182.48975983257765
2023-06-18 07:00:00,4151.126220842611,24930.09048541318,166.51067605516602
2023-06-18 08:00:00,4148.836880994221,27389.31443348519,151.47647784575443
2023-06-18 09:00:00,4183.597909697394,28862.143772136522,144.9510453113408
2023-06-18 10:00:00,3753.574338325335,30077.028833541906,124.79870798073472
2023-06-18 11:00:00,3759.8648258838084,30224.409017682672,124.39829092056405
2023-06-18 12:00:00,3200.400498955872,29370.9929522351,108.96466810504359
2023-06-18 13:00:00,2793.064014958626,28536.197338021047,97.87793313432145
2023-06-18 14:00:00,3115.3658918895358,28143.584221019682,110.6954205769837
2023-06-18 15:00:00,3761.7669218196024,28829.142770415092,130.4848691401253
2023-06-18 16:00:00,4958.389872255048,29871.10770476942,165.99283566117498
2023-06-18 17:00:00,5510.8873070024665,29591.592999297238,186.23151876728446
2023-06-18 18:00:00,5175.117046784675,28738.23870462034,180.07773893090584
2023-06-18 19:00:00,4660.632374004025,27438.7219309197,169.8560299469389
2023-06-18 20:00:00,4683.21042624382,26821.508361437318,174.60652708768296
2023-06-18 21:00:00,4165.497454296922,25536.955813997785,163.1164452269465
2023-06-18 22:00:00,3729.4966355866327,23490.418970180697,158.76671422169804
2023-06-18 23:00:00,3598.45575240516,22289.132204464157,161.4444079471361
2023-06-19 00:00:00,3508.7100202369134,21621.405061966732,162.27946380824858
2023-06-19 01:00:00,3466.3331931443786,21535.155520088552,160.96160484705547
2023-06-19 02:00:00,3035.512152279734,20613.498102884885,147.25846807412614
2023-06-19 03:00:00,2880.686133169522,20603.86530749681,139.81289870504884
2023-06-19 04:00:00,2309.1094682256808,21043.132987468307,109.73220905845204
2023-06-19 05:00:00,3120.5635756813454,24531.380944406574,127.2070081481845
2023-06-19 06:00:00,4770.61200719779,29063.941928748973,164.14194670816067
2023-06-19 07:00:00,5779.711166741211,31960.201213404085,180.8408879577768
2023-06-19 08:00:00,6211.166553932818,33609.99704672189,184.80116333537782
2023-06-19 09:00:00,6540.317135425938,34101.78468677512,191.78811887702503
2023-06-19 10:00:00,6797.677411372858,34313.46088114799,198.10526938445722
2023-06-19 11:00:00,6520.011479280741,35072.60026243352,185.9004302644867
2023-06-19 12:00:00,6232.314312929546,35439.012820811964,175.8602685814529
2023-06-19 13:00:00,6035.283676763897,34979.32147068318,172.53861490201237
2023-06-19 14:00:00,5699.900977089668,33758.55011463789,168.84318069744828
2023-06-19 15:00:00,5772.029992043939,33520.43866824234,172.19434534168042
2023-06-19 16:00:00,5985.4813087438315,34053.09192391667,175.76909967872902
2023-06-19 17:00:00,6394.361213794407,33300.53798293652,192.01975707031917
2023-06-19 18:00:00,6684.959886368511,32663.014303633972,204.66451210612138
2023-06-19 19:00:00,6548.346553892922,30284.620047898883,216.22680236819548
2023-06-19 20:00:00,6259.545998997149,29087.595677983438,215.1964042780969
2023-06-19 21:00:00,5701.9622926160155,27789.08328601485,205.18713172109523
2023-06-19 22:00:00,5071.088365406228,26206.54321183537,193.5046650149581
2023-06-19 23:00:00,4635.298013309202,24805.2610726774,186.86753587185217
2023-06-20 00:00:00,4631.615036906438,24353.69927461553,190.18117061723294
2023-06-20 01:00:00,4587.998812966088,23868.056914862664,192.22339000327824
2023-06-20 02:00:00,5074.037353751033,23373.770789401377,217.08253235938332
2023-06-20 03:00:00,5236.4190320531025,23243.329296885557,225.2869614833855
2023-06-20 04:00:00,5234.900466736125,23854.198987597752,219.45404536357933
2023-06-20 05:00:00,5366.4654410719595,26058.639475371165,205.93805160641537
2023-06-20 06:00:00,5535.562546312295,28737.122206611646,192.62758833376537
2023-06-20 07:00:00,6503.438290385708,31244.25725206438,208.1482762710261
2023-06-20 08:00:00,7214.454795223826,33554.72274169153,215.0056446826161
2023-06-20 09:00:00,6934.810518033401,34252.11570867501,202.4637128116739
2023-06-20 10:00:00,6318.533197006065,34500.260956666796,183.1445044703373
2023-06-20 11:00:00,6168.419296464942,34917.30444294748,176.6579463928472
2023-06-20 12:00:00,5538.420977087043,34702.63760000306,159.5965425142945
2023-06-20 13:00:00,5617.653440062079,34254.15003663842,163.99920692977076
2023-06-20 14:00:00,5204.820831566042,33833.809073721946,153.83490579570966
2023-06-20 15:00:00,5434.497278859639,34122.79107963135,159.2629766474059
2023-06-20 16:00:00,5921.274444008626,34278.52929209597,172.74003775226055
2023-06-20 17:00:00,6019.01856515788,32553.042287669286,184.89880337352724
2023-06-20 18:00:00,5728.366546847099,30885.660705956823,185.4700989363095
2023-06-20 19:00:00,5883.998176207342,29551.152455579286,199.11230822730357
2023-06-20 20:00:00,5763.865236593232,28456.1568682096,202.55248322138877
2023-06-20 21:00:00,5544.288530362188,26726.66801155593,207.44406029082936
2023-06-20 22:00:00,5178.483205195375,24397.17370107582,212.25750444064857
2023-06-20 23:00:00,5108.279978213075,24438.181100577687,209.0286489485227
2023-06-21 00:00:00,4930.1981288776615,24104.69421856034,204.53269741465812
2023-06-21 01:00:00,5179.9329407774285,24233.713241744135,213.74903998841828
2023-06-21 02:00:00,5180.570897485762,24075.74307103084,215.17802720362505
2023-06-21 03:00:00,5226.982102043786,24207.29090933186,215.925942379153
2023-06-21 04:00:00,4932.052753413086,24172.882172321704,204.03246572973237
2023-06-21 05:00:00,5653.859006351749,26617.62894360846,212.41031717475263
2023-06-21 06:00:00,6577.540301405353,29271.173191078113,224.71051154895952
2023-06-21 07:00:00,7379.367891032456,32293.56379349968,228.50893565726048
2023-06-21 08:00:00,7327.068321022324,33693.34890958661,217.46334389864072
2023-06-21 09:00:00,7251.897470462843,34149.912933635744,212.3547865130904
2023-06-21 10:00:00,7258.144638226226,34708.6836934562,209.1161019625368
2023-06-21 11:00:00,7058.3204058372785,35208.195591525786,200.47378990180732
2023-06-21 12:00:00,6585.3100286326935,34537.07140646866,190.67366630858254
2023-06-21 13:00:00,6324.036580589662,34771.03605903586,181.87656444439625
2023-06-21 14:00:00,6549.721569719354,34705.03672925397,188.725389366852
2023-06-21 15:00:00,6882.029776879128,34775.037452208635,197.9014339333813
2023-06-21 16:00:00,6992.862649459872,33782.03801299188,206.99943108140963
2023-06-21 17:00:00,7225.67625370486,32608.53815353815,221.5884753766813
2023-06-21 18:00:00,7436.843021307596,31921.159225586955,232.97534305541342
2023-06-21 19:00:00,7093.964703804622,29616.531671184996,239.52719320968293
2023-06-21 20:00:00,6792.501306787241,27893.852068539338,243.5124876297851
2023-06-21 21:00:00,6605.687087161947,26822.238606015366,246.27650153259407
2023-06-21 22:00:00,6050.802299199749,24672.198510678973,245.24779567498837
2023-06-21 23:00:00,5938.068151815031,23623.517506017983,251.36257334676498
2023-06-22 00:00:00,5820.035077872657,22787.693342805083,255.40255392765576
2023-06-22 01:00:00,5863.373239831063,22773.956586843073,257.4595774551726
2023-06-22 02:00:00,5820.544634912385,22670.935538497204,256.7403813145954
2023-06-22 03:00:00,5780.028309603392,22871.048591150062,252.72248828328625
2023-06-22 04:00:00,5989.517633868488,23055.54548702265,259.7864204618289
2023-06-22 05:00:00,6490.234343793726,25486.26679097686,254.65614077662892
2023-06-22 06:00:00,7368.426230714626,28695.162150068612,256.782874833729
2023-06-22 07:00:00,8030.365382038956,31665.145767387592,253.602665878442
2023-06-22 08:00:00,8162.042876144877,33343.64330988388,244.7855742784246
2023-06-22 09:00:00,7982.280114257503,34112.64775041499,233.99767067803748
2023-06-22 10:00:00,8096.469041625984,34189.704818269296,236.8101475184316
2023-06-22 11:00:00,8139.082200222539,34945.709126976435,232.9064827572651
2023-06-22 12:00:00,8082.213686902529,34945.719078723145,231.2790779521667
2023-06-22 13:00:00,7649.269588609535,33716.23399915753,226.87200441190046
2023-06-22 14:00:00,7041.291239093519,33181.255854842304,212.2068938528723
2023-06-22 15:00:00,6853.455568730764,33352.28741826468,205.48682262127585
2023-06-22 16:00:00,7079.229656293354,33143.33634791579,213.59435821368447
2023-06-22 17:00:00,6920.74669790088,32277.925470727318,214.4111369293937
2023-06-22 18:00:00,7317.208669096777,31370.66438916465,233.25003826262994
2023-06-22 19:00:00,7185.745346678084,29853.68459561037,240.69877618170665
2023-06-22 20:00:00,7104.246107933169,28850.45476068342,246.2438171898293
2023-06-22 21:00:00,6917.272253703364,27535.191593411255,251.2156935693362
2023-06-22 22:00:00,5985.749956067475,25124.43976999953,238.2441165201586
2023-06-22 23:00:00,5396.700650623022,23278.219183623085,231.83477258517095
2023-06-23 00:00:00,5149.120353075506,22540.679205853867,228.43678782040723
2023-06-23 01:00:00,5028.838624583761,21860.47581188448,230.04250538086757
2023-06-23 02:00:00,4860.643452620319,21155.482458464594,229.7580999234319
2023-06-23 03:00:00,4719.214922440683,21106.13053832952,223.59451031871583
2023-06-23 04:00:00,5102.786763990215,22705.175086915548,224.7411325592829
2023-06-23 05:00:00,5525.496132082227,25492.287134839844,216.75168268957052
2023-06-23 06:00:00,5753.6396862644915,28491.35626838999,201.9433414143195
2023-06-23 07:00:00,6072.549593499335,30946.60369081342,196.22668949943568
2023-06-23 08:00:00,6237.303742733845,32228.316580974777,193.53489118993852
2023-06-23 09:00:00,6338.220746173076,33354.596617348245,190.0254054602018
2023-06-23 10:00:00,6386.138658893084,34266.82470556555,186.3650546487857
2023-06-23 11:00:00,5891.952395495121,34795.201220354014,169.33232712700993
2023-06-23 12:00:00,5547.6285025431525,34478.43983702633,160.9013786228681
2023-06-23 13:00:00,4957.595313688117,33814.84325609602,146.61003382869086
2023-06-23 14:00:00,4339.235211075841,32195.426752819676,134.77799950875976
2023-06-23 15:00:00,4320.545123176335,31974.495166674606,135.1247330303254
2023-06-23 16:00:00,4652.441501277667,31999.494078854834,145.39109555335082
2023-06-23 17:00:00,4886.664866544759,31867.540608996744,153.34301841809443
2023-06-23 18:00:00,5074.741444462664,31592.56629790817,160.63087109193395
2023-06-23 19:00:00,4971.335600835461,30053.932718548553,165.41381280750903
2023-06-23 20:00:00,4647.067707914179,28784.04252539798,161.44597145497463
2023-06-23 21:00:00,4479.009220025039,27777.84912696591,161.243917754487
2023-06-23 22:00:00,3638.791396024306,25784.619367634317,141.1225562085215
2023-06-23 23:00:00,2325.099259042108,23593.041055704252,98.5502145972807
2023-06-24 00:00:00,1456.5877617765636,21835.97884447309,66.70586064179307
2023-06-24 01:00:00,969.7217991008695,20644.17320535702,46.97314779597148
2023-06-24 02:00:00,1026.143462281178,21258.478666788193,48.2698446283603
2023-06-24 03:00:00,998.9999081804805,20998.756950798408,47.5742402524687
2023-06-24 04:00:00,1016.7783551993018,21413.495467701683,47.48306303998452
2023-06-24 05:00:00,1099.6914197404062,21694.515654605304,50.689835037039146
2023-06-24 06:00:00,1640.0119172338934,23364.023351256183,70.19389993657566
2023-06-24 07:00:00,1931.4948513248942,25974.029725420194,74.36254103592498
2023-06-24 08:00:00,2225.657762885798,28360.782170070666,78.47660017058875
2023-06-24 09:00:00,2273.9465423797146,29251.845914560232,77.73685630033515
2023-06-24 10:00:00,2482.3094567196817,29943.008190145152,82.90113808727673
2023-06-24 11:00:00,2913.5002472293572,29754.30538468612,97.91861075435729
2023-06-24 12:00:00,3101.701289484449,29435.90686908036,105.37135150208309
2023-06-24 13:00:00,3370.064286214177,29438.133608773325,114.47954992669138
2023-06-24 14:00:00,3351.944279623425,28692.52593409114,116.82290668040483
2023-06-24 15:00:00,3440.375359907108,28181.51578518136,122.07914528558307
2023-06-24 16:00:00,3906.4743483478314,28806.00040803545,135.6132157541079
2023-06-24 17:00:00,4021.0233601835116,28964.00038390681,138.82831469708523
2023-06-24 18:00:00,4967.287319349115,28631.000375421743,173.4933203246813
2023-06-24 19:00:00,5033.793661104683,27536.500338042595,182.80440866882165
2023-06-24 20:00:00,5069.284263239749,27210.231077229815,186.30066936409995
2023-06-24 21:00:00,4676.012484578317,27094.26853203658,172.58308631027793
2023-06-24 22:00:00,2687.9198884125913,24831.154105068326,108.24788397024025
2023-06-24 23:00:00,2032.8331700347524,23743.958598685622,85.61475381562039
2023-06-25 00:00:00,1639.8343349444262,23214.457483057446,70.63849483199091
2023-06-25 01:00:00,1531.5189602212367,22583.51300888167,67.81579817183089
2023-06-25 02:00:00,1567.3693304150916,21738.95301917509,72.09957761225095
2023-06-25 03:00:00,1577.2715628919743,21421.69686396129,73.62962761112968
2023-06-25 04:00:00,1953.8932372400784,22533.874136265324,86.70915730799892
2023-06-25 05:00:00,1932.3178673201837,23308.95213145541,82.90024606951431
2023-06-25 06:00:00,2485.4805345647083,25458.67815187694,97.62802765081763
2023-06-25 07:00:00,3148.5491126207344,27378.089790730042,115.00251247210106
2023-06-25 08:00:00,3430.1941505661293,29253.52105837198,117.25747966275847
2023-06-25 09:00:00,3737.458214679963,30881.079275941367,121.02744794906563
2023-06-25 10:00:00,3796.848399607927,32471.176400798206,116.92980730795429
2023-06-25 11:00:00,2910.2364048926465,32502.47387692782,89.53891989614073
2023-06-25 12:00:00,2375.816398151718,31810.484752929508,74.68658263476865
2023-06-25 13:00:00,1644.490766640748,30108.899959478622,54.618095275946594
2023-06-25 14:00:00,1523.2145257151797,29303.526898508244,51.980586875797606
2023-06-25 15:00:00,1382.4963754403077,29471.02913903659,46.91035283898815
2023-06-25 16:00:00,1437.7227444047498,30233.00510515068,47.5547415615595
2023-06-25 17:00:00,1937.0481159136243,30065.999993491216,64.42653217365006
2023-06-25 18:00:00,2017.219380474588,29500.999966578394,68.37800016134675
2023-06-25 19:00:00,2043.0163460527142,28515.499967842967,71.64581888294545
2023-06-25 20:00:00,1991.8226303248398,26844.49995913187,74.19853725557172
2023-06-25 21:00:00,2255.701744535177,25637.999968029348,87.98275011108679
2023-06-25 22:00:00,1316.1343496843467,24108.831751822596,54.59137809881015
2023-06-25 23:00:00,1244.6076374595914,22917.772679788588,54.30753044152599
2023-06-26 00:00:00,1128.0495031806954,23618.780862502386,47.760699832378215
2023-06-26 01:00:00,1117.6099211864446,24251.866957422066,46.08345918887742
2023-06-26 02:00:00,1149.5451143851906,25023.716609907853,45.938224617283325
2023-06-26 03:00:00,1038.5539365717789,24727.97176338732,41.99915571359074
2023-06-26 04:00:00,1057.3151230874234,25132.278618426262,42.07000643038512
2023-06-26 05:00:00,1097.0860895171622,25535.143998340453,42.96377140416607
2023-06-26 06:00:00,1713.8078108753132,28240.000027032966,60.687245369502726
2023-06-26 07:00:00,2293.483510518263,31027.49997425282,73.9177668977983
2023-06-26 08:00:00,3083.6137387264007,32437.49997492867,95.06323672014683
2023-06-26 09:00:00,2873.8488765146044,32903.49989001215,87.34173829899963
2023-06-26 10:00:00,3740.525398645331,33501.49990585224,111.65247553563756
2023-06-26 11:00:00,3954.0907534289418,33915.999984471855,116.58482000351715
2023-06-26 12:00:00,3793.4191726244167,34103.49997830483,111.23254724698712
2023-06-26 13:00:00,3319.387198431729,32967.36284954898,100.68707083366665
2023-06-26 14:00:00,3058.4420830713157,32535.31330811398,94.0037692001746
2023-06-26 15:00:00,3189.9245545070457,33168.851300695394,96.17229507252088
2023-06-26 16:00:00,3703.756898716835,32902.43510409937,112.56786578253528
2023-06-26 17:00:00,3758.935814594352,31570.49999100516,119.06481733470554
2023-06-26 18:00:00,3851.46805304901,30307.999986425137,127.07760508031119
2023-06-26 19:00:00,4394.059558181592,29077.499989895452,151.11545214370375
2023-06-26 20:00:00,4694.406326775872,28023.999990406406,167.5137856259967
2023-06-26 21:00:00,4787.388547907622,26661.999989921194,179.55849335073725
2023-06-26 22:00:00,3696.3998773024286,24583.999984593,150.35795149768117
2023-06-26 23:00:00,3066.0154399648914,22767.49997927516,134.6663200946889
2023-06-27 00:00:00,2763.334244882729,21896.99997616399,126.1969332735425
2023-06-27 01:00:00,2691.5324618829127,21601.500113964532,124.59933095771166
2023-06-27 02:00:00,2813.864624760008,21327.500320778396,131.93597854590536
2023-06-27 03:00:00,3176.4781521121017,20916.0006977608,151.86833267088986
2023-06-27 04:00:00,3961.364850737343,22651.001054143024,174.8869659786088
2023-06-27 05:00:00,4633.351076183487,24522.001392520953,188.94669329872184
2023-06-27 06:00:00,5327.242704546355,27852.001821706093,191.2696523089639
2023-06-27 07:00:00,5778.641868177091,30800.00230934425,187.61822840590955
2023-06-27 08:00:00,5806.1938086902,32621.0027059435,177.98943401676368
2023-06-27 09:00:00,5433.653832279225,33162.79686494861,163.84787611271474
2023-06-27 10:00:00,5482.112945521147,33550.99172738413,163.3964500979766
2023-06-27 11:00:00,4225.101300561416,34990.783838312076,120.74897550409464
2023-06-27 12:00:00,3229.6742884819123,34116.41929973425,94.66627374072254
2023-06-27 13:00:00,3200.5260488104454,33262.383940359745,96.22058522771746
2023-06-27 14:00:00,3722.065500379564,32818.24212608495,113.41452982398322
2023-06-27 15:00:00,3737.8715332364995,33000.30049677847,113.26780292807923
2023-06-27 16:00:00,4355.8869089842565,33669.74917002091,129.37093433599676
2023-06-27 17:00:00,4437.5203323338565,32065.0573925457,138.3911551446487
2023-06-27 18:00:00,4535.148778359867,31617.01737671279,143.44012037328312
2023-06-27 19:00:00,4688.374021799737,30562.480231719346,153.40293020243485
2023-06-27 20:00:00,4669.477005347338,29724.227235885395,157.09330198195974
2023-06-27 21:00:00,4528.509424292674,29332.57154901968,154.38501246727617
2023-06-27 22:00:00,3277.7038222333827,26423.834442881933,124.04345892033592
2023-06-27 23:00:00,2776.989377568069,24937.00978284116,111.36015912697279
2023-06-28 00:00:00,2604.34465538844,24061.00974687817,108.23920869432108
2023-06-28 01:00:00,2459.655080535594,23044.00982347977,106.73728658236499
2023-06-28 02:00:00,2933.0450993709437,22317.51062456491,131.42348843076329
2023-06-28 03:00:00,3307.712610215606,21940.511053580904,150.75822993082724
2023-06-28 04:00:00,3865.005895271302,23030.01140968322,167.82474947651212
2023-06-28 05:00:00,4689.310161525,25333.512242243094,185.10304124769854
2023-06-28 06:00:00,5645.394166202154,28171.012199826975,200.39727810124012
2023-06-28 07:00:00,6374.273941286651,31210.012302157833,204.2381105003903
2023-06-28 08:00:00,6683.801098527509,32759.512437018875,204.02626905321966
2023-06-28 09:00:00,6858.571342901916,33459.51256991315,204.9812091126861
2023-06-28 10:00:00,6976.659618194647,33685.01270709879,207.11465003319958
2023-06-28 11:00:00,7015.917349848,34423.01282846102,203.81473826274805
2023-06-28 12:00:00,6283.5525907255915,33662.513062669495,186.66320541866563
2023-06-28 13:00:00,5749.310780996398,32935.013220210276,174.56530964646416
2023-06-28 14:00:00,5674.478148619342,32663.513433800443,173.7252840273867
2023-06-28 15:00:00,6065.784476323714,33126.513608641595,183.10965494241916
2023-06-28 16:00:00,6365.870417146736,32908.01386377671,193.44438237744663
2023-06-28 17:00:00,6195.8772977578255,31956.014249245498,193.88767477170947
2023-06-28 18:00:00,6382.045119800746,31622.0145855041,201.8228504241583
2023-06-28 19:00:00,6405.352810584189,30363.514849017603,210.9555775223905
2023-06-28 20:00:00,6342.38092471195,28959.515256880175,219.00853203007713
2023-06-28 21:00:00,5776.413111506227,27522.515798864966,209.8795456680035
2023-06-28 22:00:00,4569.722765981312,24438.51647452661,186.98855025609038
2023-06-28 23:00:00,4029.668373554981,23055.517050436218,174.78108882744567
2023-06-29 00:00:00,4209.328099185239,22604.01769902468,186.2203505249805
2023-06-29 01:00:00,4289.543466309044,22504.51839534096,190.60809882503835
2023-06-29 02:00:00,4226.753993484603,22740.01930125143,185.87292901954555
2023-06-29 03:00:00,4096.387081046361,22637.52034989091,180.95564433434518
2023-06-29 04:00:00,4185.36109071296,23175.021569335295,180.5979372313052
2023-06-29 05:00:00,4857.49731973355,25791.52267827867,188.33697336623246
2023-06-29 06:00:00,5902.269530270855,28626.524028266293,206.18184465717385
2023-06-29 07:00:00,6324.18820301815,31735.025805085614,199.28101656072022
2023-06-29 08:00:00,6282.3872815092245,32837.02790119682,191.32021632445756
2023-06-29 09:00:00,6318.409879598907,33304.53033779705,189.7162282582377
2023-06-29 10:00:00,6531.670245984772,33900.03322071751,192.674449710953
2023-06-29 11:00:00,6243.910682877812,34258.53676318872,182.25853386671733
2023-06-29 12:00:00,6246.4054585113345,34060.04120099574,183.39394898702358
2023-06-29 13:00:00,6357.775076828983,33089.04680463585,192.14137881839028
2023-06-29 14:00:00,6236.128035443887,32853.05426701392,189.81882125051814
2023-06-29 15:00:00,5779.674720215522,32052.56453334857,180.31863610171203
2023-06-29 16:00:00,5798.163191357187,32020.579486967094,181.0761480352701
2023-06-29 17:00:00,6016.777653597436,31783.103217497766,189.30743207872098
2023-06-29 18:00:00,6032.8277849309015,31028.647463571124,194.42767500625618
2023-06-29 19:00:00,5823.474269070393,29836.757481712964,195.17785311086897
2023-06-29 20:00:00,5484.225780335838,28495.50737225017,192.45931327675012
2023-06-29 21:00:00,4778.425740952451,26862.846729988636,177.88232903916332
2023-06-29 22:00:00,3413.9798432837833,25219.072588423107,135.37293377120383
2023-06-29 23:00:00,2921.63066181689,24083.668827777215,121.31169394121501
2023-06-30 00:00:00,2732.3159392072102,23192.745018201902,117.80907939370096
2023-06-30 01:00:00,2530.6862437135583,22437.81285200143,112.78667223074837
2023-06-30 02:00:00,2515.2065709103363,21846.64399420231,115.13011204731606
2023-06-30 03:00:00,2547.961530978127,21532.487894513397,118.33103278452846
2023-06-30 04:00:00,2807.1362158741117,22258.11866563133,126.1174072276198
2023-06-30 05:00:00,3781.7864972881143,25070.011385874077,150.84901395054794
2023-06-30 06:00:00,4611.505398744856,27630.513341558843,166.89901275951783
2023-06-30 07:00:00,5063.67918534916,30065.509123607284,168.42153460734795
2023-06-30 08:00:00,5021.25867698048,31766.003097085948,158.07020674379726
2023-06-30 09:00:00,5172.257551766217,31853.501521319467,162.3764203224075
2023-06-30 10:00:00,4918.608983470352,31524.99999219616,156.02248960152028
2023-06-30 11:00:00,4080.226104473483,32057.49998657673,127.27836251055055
2023-06-30 12:00:00,3558.364055529723,31759.999982461824,112.03917057602915
2023-06-30 13:00:00,2573.238315387575,30953.49996901963,83.13238625561073
2023-06-30 14:00:00,1473.647928241297,30991.517145741876,47.55004155850986
2023-06-30 15:00:00,1931.072850594257,33519.428423742225,57.61055427861814
2023-06-30 16:00:00,1326.428267333403,32164.046613636285,41.23947099277769
2023-06-30 17:00:00,1370.6318105426653,31717.9999646011,43.213059211563156
2023-06-30 18:00:00,1585.4222106540935,30880.99990583639,51.33973043257757
2023-06-30 19:00:00,1633.0232184720057,29698.999896997884,54.98579831427521
2023-06-30 20:00:00,1790.171677244343,27735.499924924945,64.54441715815538
2023-06-30 21:00:00,1013.8560675474404,26428.499823968974,38.36222541197504
2023-06-30 22:00:00,852.7087175342298,24787.657768041532,34.400536166576344
2023-06-30 23:00:00,579.8395224899575,24310.57480396648,23.851329191745467
2023-07-01 00:00:00,578.8073149367265,24637.010368756008,23.493407125028217
2023-07-01 01:00:00,580.9541023529748,24783.875760470648,23.44080917640714
2023-07-01 02:00:00,573.3495618805091,24489.41583977266,23.412137130251434
2023-07-01 03:00:00,568.0792743413185,24468.42379192651,23.216831585562097
2023-07-01 04:00:00,537.3675844936804,23974.40143665331,22.414223183571334
2023-07-01 05:00:00,561.8815561361915,24274.69014734993,23.146806518456515
2023-07-01 06:00:00,589.7937163262987,24998.093592025987,23.593547810159173
2023-07-01 07:00:00,610.113340265488,26778.44953388211,22.783744051108208
2023-07-01 08:00:00,697.4630962873853,28408.193353533596,24.55147666758014
2023-07-01 09:00:00,809.7515506456687,29578.40118190657,27.376447620198025
2023-07-01 10:00:00,723.6050527611017,31048.94120259267,23.305305261123646
2023-07-01 11:00:00,721.455421470913,30559.751472462478,23.608026463206663
2023-07-01 12:00:00,667.9812521931267,31175.237924536337,21.426660922686814
2023-07-01 13:00:00,656.2008283212796,31865.18528272118,20.593033509744032
2023-07-01 14:00:00,657.184345181754,32221.675783327504,20.395722109580706
2023-07-01 15:00:00,690.1759950525587,31791.444309497474,21.709488513120917
2023-07-01 16:00:00,725.1606747532906,31138.48178324824,23.288247635227023
2023-07-01 17:00:00,712.050398072397,29704.589472330597,23.971056685892318
2023-07-01 18:00:00,726.9348179109871,28748.12781477186,25.286335951848
2023-07-01 19:00:00,721.4280128167778,27457.929165866353,26.27394107031215
2023-07-01 20:00:00,713.2311456899349,26749.974604939933,26.66287188019319
2023-07-01 21:00:00,692.015165165054,25872.81819711211,26.746802760060202
2023-07-01 22:00:00,276.3799699629645,24265.8261898922,11.389678958390013
2023-07-01 23:00:00,270.13081871437794,23649.950714742932,11.422045735849398
2023-07-02 00:00:00,317.6033695027629,23486.257356863287,13.522945128162409
2023-07-02 01:00:00,172.31843915384445,23679.454390662395,7.277128784766063
2023-07-02 02:00:00,182.55881824003538,23834.756365958576,7.659353233447382
2023-07-02 03:00:00,181.26188304273364,23531.93487595672,7.702804040475836
2023-07-02 04:00:00,160.352157988872,22993.01768796819,6.973950099328686
2023-07-02 05:00:00,154.05684194740925,22887.506727378022,6.731045184713219
2023-07-02 06:00:00,263.46495466612794,23457.91992241657,11.23138605372929
2023-07-02 07:00:00,351.5860943421879,25195.486631652155,13.954328387549511
2023-07-02 08:00:00,385.5303509326409,26962.417042810237,14.298805271074386
2023-07-02 09:00:00,638.9610018773507,28457.448766282632,22.45320749323157
2023-07-02 10:00:00,1008.6969755023705,29564.370862478812,34.11866872440514
2023-07-02 11:00:00,939.5402605200013,30449.160584358913,30.85603157817832
2023-07-02 12:00:00,957.4057135954671,32132.014070328394,29.796006920075467
2023-07-02 13:00:00,897.2261396277985,32263.72247811361,27.809132694977773
2023-07-02 14:00:00,642.1495811975424,30589.31149393018,20.992613100329628
2023-07-02 15:00:00,606.9456223825538,30027.016922193645,20.2133173586733
2023-07-02 16:00:00,753.3212087599773,29804.22763638888,25.275649412911633
2023-07-02 17:00:00,908.5900504548727,29169.893502736097,31.148212809541047
2023-07-02 18:00:00,635.638470067847,27991.974440666367,22.707882625971532
2023-07-02 19:00:00,611.5307095619951,26829.60733671719,22.793129317442357
2023-07-02 20:00:00,525.662372690015,25862.55118487963,20.325232763476947
2023-07-02 21:00:00,409.96423192597564,25025.33459299586,16.3819680573109
2023-07-02 22:00:00,431.5435098401973,24677.26829244009,17.487491108260194
2023-07-02 23:00:00,306.49946690371,23838.639887878242,12.857254790763568
2023-07-03 00:00:00,414.7140210891376,24198.415077534642,17.138065437771186
2023-07-03 01:00:00,497.80430330981,24277.955157394877,20.50437526894363
2023-07-03 02:00:00,507.6351314693948,23882.54829180033,21.25548435062446
2023-07-03 03:00:00,533.3940413180819,23835.456433179552,22.37817609297316
2023-07-03 04:00:00,566.5724776361097,24216.892942458395,23.3957543183735
2023-07-03 05:00:00,627.7805273593825,25015.704116486137,25.095457015165742
2023-07-03 06:00:00,1024.1095439515154,27722.28249411535,36.94174692033042
2023-07-03 07:00:00,1240.0860014843872,30696.03833391095,40.398894085117895
2023-07-03 08:00:00,1449.0590225157239,32440.416686431465,44.668323361019205
2023-07-03 09:00:00,1263.1624803680502,32765.615137164456,38.55146546402866
2023-07-03 10:00:00,1489.3966553005616,32680.935439552937,45.57386853431316
2023-07-03 11:00:00,1354.803851674053,34216.9325661473,39.59454428169389
2023-07-03 12:00:00,1263.8628639307449,33571.43775865424,37.64696862305038
2023-07-03 13:00:00,1149.3503869051372,32641.96553763748,35.210820426236
2023-07-03 14:00:00,1189.8325979231497,31868.118992325537,37.336141433690656
2023-07-03 15:00:00,1300.9650233065056,32494.539642141634,40.03641958414777
2023-07-03 16:00:00,1361.9864671820067,32793.022112546445,41.53281336827195
2023-07-03 17:00:00,1376.2698161033197,31685.678566556988,43.43507472034762
2023-07-03 18:00:00,1074.0747095551105,30542.48173990155,35.16658268643276
2023-07-03 19:00:00,914.5520949179008,28515.71311506856,32.071864772500604
2023-07-03 20:00:00,968.5777061062125,27224.243644205173,35.577763656709685
2023-07-03 21:00:00,923.316765159172,26982.8242408533,34.218685076013124
2023-07-03 22:00:00,703.3381291690309,26291.666485019887,26.751371183327976
2023-07-03 23:00:00,639.0689796813919,26146.28747464334,24.44205435670975
2023-07-04 00:00:00,675.8011664602355,26117.68172123866,25.875235546295833
2023-07-04 01:00:00,656.7022622117369,25233.56114403407,26.02495376943654
2023-07-04 02:00:00,668.6312008691592,24686.513756508968,27.084877494816965
2023-07-04 03:00:00,673.8907618951716,24064.247747799916,28.00381582494231
2023-07-04 04:00:00,777.1185189151151,24478.44288290936,31.7470568954242
2023-07-04 05:00:00,1430.0402550568617,26813.229880719788,53.333382864297924
2023-07-04 06:00:00,2072.022068055192,28596.49995709586,72.45719130536624
2023-07-04 07:00:00,2692.806751003371,30919.49996825467,87.09088936651952
2023-07-04 08:00:00,2733.2586712685256,32167.499880729025,84.9695711946197
2023-07-04 09:00:00,3233.66532809622,32031.99998171806,100.95109047021108
2023-07-04 10:00:00,4130.108144283121,32333.499987571166,127.73464505453211
2023-07-04 11:00:00,4292.9006057246625,32538.499988227657,131.93295964097368
2023-07-04 12:00:00,4220.411499713711,32062.99998764739,131.6287153834535
2023-07-04 13:00:00,4557.35665687988,32321.999990454333,140.99859718537854
2023-07-04 14:00:00,4936.874008552675,32250.99999218883,153.07661808155973
2023-07-04 15:00:00,5700.293067049774,32626.999996446455,174.71091634752253
2023-07-04 16:00:00,6089.107077620028,32399.49999776152,187.9383039257002
2023-07-04 17:00:00,6626.094120057265,32211.500001405653,205.70585411322398
2023-07-04 18:00:00,6598.060970648874,31383.9999995631,210.23645713550619
2023-07-04 19:00:00,6518.406276241321,30350.999998191648,214.76743028663626
2023-07-04 20:00:00,5857.858001964845,28202.499995016544,207.707047353956
2023-07-04 21:00:00,5354.0591165129545,26114.499992093075,205.0224633109595
2023-07-04 22:00:00,3856.329988407365,23359.9999784925,165.08261951874485
2023-07-04 23:00:00,2820.6644613182643,21697.49996118709,129.99951452305214
2023-07-05 00:00:00,2247.4428524007476,20828.99994327756,107.89970034668404
2023-07-05 01:00:00,1428.6334320467374,21181.80285446964,67.44626233480767
2023-07-05 02:00:00,1457.2898664162906,22636.069061614216,64.37910497841398
2023-07-05 03:00:00,1377.7072360584095,22658.213431074397,60.80387759826491
2023-07-05 04:00:00,1335.562950494247,21766.305768442875,61.359192722109356
2023-07-05 05:00:00,2154.803001778635,24522.006151865004,87.87221520270081
2023-07-05 06:00:00,2609.1956820102587,28750.007414594755,90.75460901222993
2023-07-05 07:00:00,3343.2012987663884,31689.50972718989,105.49867535179602
2023-07-05 08:00:00,3178.6838229033315,32590.01185601564,97.53552213932664
2023-07-05 09:00:00,2604.052747262184,32681.01395356268,79.68090436124018
2023-07-05 10:00:00,3244.249847807525,32814.01383748538,98.86781494866769
2023-07-05 11:00:00,3224.8716410305874,33023.51522375292,97.65379667125882
2023-07-05 12:00:00,3320.4545364200294,33585.51670630619,98.86566776555098
2023-07-05 13:00:00,2640.25376849861,31626.5186386379,83.48227633480437
2023-07-05 14:00:00,2797.613906812307,30908.52026910381,90.51270919652549
2023-07-05 15:00:00,3340.245547838649,31451.021940441773,106.20467449878134
2023-07-05 16:00:00,4331.395889965613,32039.523878521526,135.18914657996118
2023-07-05 17:00:00,4346.786581766259,31300.526031019923,138.87263675563918
2023-07-05 18:00:00,4600.231363260256,30358.02861616577,151.5326117325884
2023-07-05 19:00:00,5003.67655678228,28986.031393810634,172.6237196393402
2023-07-05 20:00:00,5024.324224193856,27884.53434539916,180.18318548765188
2023-07-05 21:00:00,4649.731279252066,26314.537663189152,176.6981939324162
2023-07-05 22:00:00,4060.5032811701394,23737.541284282288,171.05829253928604
2023-07-05 23:00:00,3177.0930723437496,22135.545282985146,143.52901777332204
2023-07-06 00:00:00,2844.171137164397,21356.049676344075,133.17870955857828
2023-07-06 01:00:00,2703.4192654866224,21016.05467805463,128.63590749550082
2023-07-06 02:00:00,2741.938390309088,20919.560467624407,131.0705544962369
2023-07-06 03:00:00,2812.3011166566066,20956.06736557382,134.19985093560993
2023-07-06 04:00:00,3113.6562982390747,21392.07542857371,145.55185674411555
2023-07-06 05:00:00,4026.260805880525,23964.584226018396,168.00879030103118
2023-07-06 06:00:00,5214.963440983489,27528.595549106958,189.43804930697473
2023-07-06 07:00:00,5856.376472660982,30799.61045709467,190.1444981201692
2023-07-06 08:00:00,5831.08005348964,31890.62948379046,182.84618861015247
2023-07-06 09:00:00,5652.558258247335,32946.155506799245,171.56958592879803
2023-07-06 10:00:00,5335.591612592459,32832.69369444809,162.50849419323433
2023-07-06 11:00:00,4837.050551413929,32909.25521422395,146.9814652421326
2023-07-06 12:00:00,4851.519613436174,32875.87178602019,147.57082777951416
2023-07-06 13:00:00,4648.451653065887,32480.197422449495,143.11648394886276
2023-07-06 14:00:00,4368.953241945744,31880.790120969035,137.04030625866267
2023-07-06 15:00:00,3793.3581901602947,32583.513475252177,116.41955656628083
2023-07-06 16:00:00,4183.376592584064,32911.73458485293,127.10896722257212
2023-07-06 17:00:00,4136.816622406202,32290.04898680002,128.114287596693
2023-07-06 18:00:00,4038.521031303326,31511.500000590342,128.16022820962718
2023-07-06 19:00:00,3885.8707336510183,30276.074169533225,128.34790639934965
2023-07-06 20:00:00,3379.325629241654,29990.562465136703,112.67963490748257
2023-07-06 21:00:00,1730.6370923867214,28841.755033015357,60.00456943087025
2023-07-06 22:00:00,1503.2369795976415,26828.070412100158,56.0322437099182
2023-07-06 23:00:00,985.6874614727274,25636.950004547805,38.44792228786473
2023-07-07 00:00:00,835.346806414137,25318.803240272002,32.993139465827404
2023-07-07 01:00:00,844.4997343092508,25212.749295381363,33.49494830632975
2023-07-07 02:00:00,835.5060236438824,24756.322939202008,33.74919715241095
2023-07-07 03:00:00,1033.8464583129587,24851.88485059579,41.600323859869064
2023-07-07 04:00:00,1472.8917780981317,25622.998039774637,57.48319442602925
2023-07-07 05:00:00,1579.3471589353812,26571.7559937397,59.43706390001003
2023-07-07 06:00:00,2323.3604737371543,29778.950120363254,78.02022785714021
2023-07-07 07:00:00,2825.5528740392883,31344.21378847231,90.14591634384725
2023-07-07 08:00:00,3018.834829860576,32491.718322941786,92.91090116736098
2023-07-07 09:00:00,3202.7215126130413,33208.00303360106,96.44426704527856
2023-07-07 10:00:00,2802.46038308544,34071.51887099279,82.25228800913096
2023-07-07 11:00:00,3435.64302883281,34689.16986486836,99.04079694660771
2023-07-07 12:00:00,3345.607862372198,33825.41487063038,98.90811022327154
2023-07-07 13:00:00,3043.324656151287,32990.304997956395,92.24906093895791
2023-07-07 14:00:00,2931.066769095974,32232.206556049114,90.935963816163
2023-07-07 15:00:00,2741.5289068703264,31847.31416012266,86.08352004462306
2023-07-07 16:00:00,3199.5565901299615,32978.58480929205,97.01922046177233
2023-07-07 17:00:00,3066.631734974561,32877.99618257014,93.27307290704952
2023-07-07 18:00:00,3146.253395756253,31797.015951474896,98.94807111955785
2023-07-07 19:00:00,3111.303968329486,30764.0091588845,101.13454173871732
2023-07-07 20:00:00,3021.7166137653503,30293.003575585302,99.74965361971263
2023-07-07 21:00:00,1953.058788590636,29329.012126203048,66.59135944254118
2023-07-07 22:00:00,860.082442720097,26502.423431757947,32.45297340202697
2023-07-07 23:00:00,975.7699397171891,26934.839990473676,36.22705537000776
2023-07-08 00:00:00,1025.794354138529,27358.918980381488,37.493965126111334
2023-07-08 01:00:00,1017.3936806003937,27372.621339079644,37.16829557525315
2023-07-08 02:00:00,1017.3992320813944,27347.460967111012,37.202694367310855
2023-07-08 03:00:00,1017.4055876210192,27336.95149900936,37.21722912878154
2023-07-08 04:00:00,1017.4123725495418,26991.582375509624,37.693691255117905
2023-07-08 05:00:00,1017.4181123581661,26412.33712972511,38.52056360484427
2023-07-08 06:00:00,1026.6058182839272,26169.146410950532,39.22962568830071
2023-07-08 07:00:00,1403.160152701477,28027.167966602137,50.06428599470047
2023-07-08 08:00:00,1665.1733254860621,28985.236343110708,57.44901665712466
2023-07-08 09:00:00,1712.972619602793,29485.705214176764,58.0950195072558
2023-07-08 10:00:00,1834.704475516093,29887.79207908765,61.386417258965984
2023-07-08 11:00:00,1836.4611611806276,29616.56790536702,62.00789933015263
2023-07-08 12:00:00,1862.8861334916546,29490.57245320415,63.1688698633333
2023-07-08 13:00:00,2151.321851665096,28759.960638635155,74.8026702364496
2023-07-08 14:00:00,2475.4992036978692,28235.63865431982,87.67286031687256
2023-07-08 15:00:00,2772.1139513837784,28327.743723037085,97.8586215156063
2023-07-08 16:00:00,3624.0043590613504,29167.206195176765,124.24927964683275
2023-07-08 17:00:00,4431.088059399947,28980.48072957262,152.89905301254447
2023-07-08 18:00:00,4374.2293708956595,28187.83541485483,155.18145705471466
2023-07-08 19:00:00,4233.936497479169,26747.08695489196,158.29523808030223
2023-07-08 20:00:00,4113.7232111372205,25862.62518698439,159.0605432122757
2023-07-08 21:00:00,4150.170369126076,24811.147028445426,167.27039521260338
2023-07-08 22:00:00,3698.521037405529,23099.204897325675,160.11464696924386
2023-07-08 23:00:00,3415.7946844031867,21989.165131678626,155.33989871594682
2023-07-09 00:00:00,3160.9141086169893,20857.664413693634,151.5468868384785
2023-07-09 01:00:00,3138.911268175256,19862.31438960065,158.0335104260912
2023-07-09 02:00:00,2940.2290123537596,19182.847055407063,153.27385991564782
2023-07-09 03:00:00,2598.4111845676143,18433.433022019064,140.96186974307855
2023-07-09 04:00:00,2582.9386959033345,18417.647618373867,140.24259500581041
2023-07-09 05:00:00,2796.836171665324,19287.91198657345,145.00461084705466
2023-07-09 06:00:00,3059.087781928718,21198.698166941118,144.3054548839841
2023-07-09 07:00:00,3644.9883088461115,23994.29370217757,151.91063150632834
2023-07-09 08:00:00,3603.8759573455054,25432.194380174293,141.70526944992653
2023-07-09 09:00:00,4177.974069034671,27130.993534364683,153.99266760145593
2023-07-09 10:00:00,4767.470174160498,28472.010180166537,167.44410190895107
2023-07-09 11:00:00,4813.817650344661,29365.779210689903,163.92609968927053
2023-07-09 12:00:00,4365.088254154439,29371.12007512156,148.6183789719287
2023-07-09 13:00:00,4201.537635988084,28804.06543920254,145.8661328504608
2023-07-09 14:00:00,4178.904189365328,28400.569982615987,147.14156060682018
2023-07-09 15:00:00,4129.092202401385,28127.557943588545,146.79881597551127
2023-07-09 16:00:00,4817.932428350037,29216.551418650186,164.90421334512953
2023-07-09 17:00:00,4713.351523365148,28486.547322143306,165.4588557210421
2023-07-09 18:00:00,4448.256188099217,27560.54458615082,161.39943005097464
2023-07-09 19:00:00,4555.525698591956,26522.54264644416,171.76051931818495
2023-07-09 20:00:00,4681.5832335799105,25658.04128205638,182.46066338874883
2023-07-09 21:00:00,4194.46837889704,24336.040228364407,172.35623953350708
2023-07-09 22:00:00,4266.773454370438,22698.039552984315,187.9798228569677
2023-07-09 23:00:00,3733.5949773287407,21329.539038238036,175.04339735778748
2023-07-10 00:00:00,3364.74236030129,20946.538724473616,160.63476665812937
2023-07-10 01:00:00,3228.9189473791507,20329.538609430405,158.8289340654947
2023-07-10 02:00:00,3230.202316767584,20575.538650073613,156.9923573668399
2023-07-10 03:00:00,3323.6624994382523,20722.538822887505,160.38876934168673
2023-07-10 04:00:00,3994.20436338319,22303.039175773778,179.08789613398577
2023-07-10 05:00:00,4877.840542079411,24179.039676587756,201.73839024725862
2023-07-10 06:00:00,5924.8776592738395,27494.040259193636,215.4967987032259
2023-07-10 07:00:00,6640.30198784713,30368.0409275721,218.66086138662274
2023-07-10 08:00:00,6512.402111823079,32146.041682801322,202.5879943815081
2023-07-10 09:00:00,6271.108157315695,32842.54257812113,190.9446609500127
2023-07-10 10:00:00,6253.287300427711,34179.54359919231,182.9540901352317
2023-07-10 11:00:00,5923.98256273959,33954.04475014404,174.4706000811423
2023-07-10 12:00:00,5971.13777290951,33791.04606410028,176.7076923745568
2023-07-10 13:00:00,5821.8950408554465,33563.547546231755,173.45887030672603
2023-07-10 14:00:00,5525.393617404374,32967.049193349936,167.60352390043292
2023-07-10 15:00:00,5169.729413641876,32653.05105094405,158.3230126206663
2023-07-10 16:00:00,5220.916662127513,33472.05319457792,155.97838088322706
2023-07-10 17:00:00,4924.087110675179,33936.55557013259,145.09684403589995
2023-07-10 18:00:00,3802.791188226713,32448.558090623133,117.19445830554886
2023-07-10 19:00:00,3703.5986536453934,32191.06104304991,115.05053060203508
2023-07-10 20:00:00,3477.824100230764,31205.56438891781,111.44884472802106
2023-07-10 21:00:00,2954.5199678482627,29775.06807005539,99.2279836572265
2023-07-10 22:00:00,2269.995990451389,28323.039475599417,80.1466238257025
2023-07-10 23:00:00,1884.4328797508576,27052.644615047626,69.65799117113563
2023-07-11 00:00:00,2139.852047703907,26533.16525893039,80.64820110309633
2023-07-11 01:00:00,2148.4964682028153,25591.696320508723,83.95287445174351
2023-07-11 02:00:00,1912.7558781471657,25119.715304509216,76.14560336214514
2023-07-11 03:00:00,1763.0388407900762,25563.764587739322,68.96632280973398
2023-07-11 04:00:00,1879.320311653221,25924.172491640322,72.49297204218337
2023-07-11 05:00:00,2634.7273222537456,27993.236395979424,94.12013977176868
2023-07-11 06:00:00,3336.3319332191068,30370.469645285637,109.8544728542583
2023-07-11 07:00:00,4247.939560001627,32678.969903264962,129.99000802584092
2023-07-11 08:00:00,4998.182599645306,34854.82792089777,143.40000791249255
2023-07-11 09:00:00,5114.811041457048,35591.0451179379,143.71061665955918
2023-07-11 10:00:00,5651.853407463458,36246.77459987618,155.9270713009252
2023-07-11 11:00:00,5675.498376701743,36270.944503676954,156.47506439007648
2023-07-11 12:00:00,5582.62593804034,36356.42375463086,153.55266996879087
2023-07-11 13:00:00,5086.0875096007585,35998.675610368955,141.28540629244085
2023-07-11 14:00:00,4153.447877561991,35079.80402816634,118.3999737919601
2023-07-11 15:00:00,3841.309823665308,34599.09824320435,111.02340866411986
2023-07-11 16:00:00,4185.414891662652,34660.73731864355,120.75377546603352
2023-07-11 17:00:00,4732.6224690261015,34562.6336301982,136.928872945929
2023-07-11 18:00:00,4350.407812636655,32606.56397211638,133.42122820291405
2023-07-11 19:00:00,4621.109325268886,31076.508933113797,148.70104409780825
2023-07-11 20:00:00,5075.191683239296,30694.009768931028,165.34795295388508
2023-07-11 21:00:00,4819.8527105854,29360.527742216396,164.16096988798725
2023-07-11 22:00:00,3747.8905633651902,26367.602140143314,142.13998464650754
2023-07-11 23:00:00,2771.231761047881,25063.880981536786,110.56674595164645
2023-07-12 00:00:00,2270.3001456825205,24446.862811012525,92.8667274501914
2023-07-12 01:00:00,1810.7938457586856,23772.027819011655,76.17330164448592
2023-07-12 02:00:00,2113.9471697900294,23711.46647345145,89.15294936131052
2023-07-12 03:00:00,2629.2873875731348,24434.14673496751,107.60708839528998
2023-07-12 04:00:00,3066.0894580101294,25261.778999145536,121.37266572215037
2023-07-12 05:00:00,4314.732294258043,27756.34084688457,155.45032819923514
2023-07-12 06:00:00,4962.453779141765,29643.707100221658,167.40327929851458
2023-07-12 07:00:00,5644.65726380373,32125.912280881046,175.7041859061232
2023-07-12 08:00:00,5654.8276306790995,33948.85436977332,166.56902672138264
2023-07-12 09:00:00,5317.304374947774,34955.31454994052,152.11719429247194
2023-07-12 10:00:00,5351.116673729652,35436.485543600735,151.00585150143306
2023-07-12 11:00:00,4983.244896087997,36376.473479750806,136.99087402911533
2023-07-12 12:00:00,4626.446715759131,36441.91316787563,126.9540019605076
2023-07-12 13:00:00,4129.581284091872,35253.96966278062,117.13805065339002
2023-07-12 14:00:00,3772.8115798442022,34668.17996164877,108.82635269627153
2023-07-12 15:00:00,3973.9813468331313,35121.43379033883,113.14974697662515
2023-07-12 16:00:00,4411.604178101456,34426.41169503737,128.1459193941318
2023-07-12 17:00:00,4730.513816527306,33519.133372248296,141.12876260828
2023-07-12 18:00:00,5217.527683940392,32342.15110650636,161.3228404863512
2023-07-12 19:00:00,5173.908063368701,30671.09528292957,168.6900326069644
2023-07-12 20:00:00,4712.531900205264,28949.08167950133,162.78692196105754
2023-07-12 21:00:00,4294.18425585943,27948.089866082206,153.64857764647633
2023-07-12 22:00:00,3823.145874723171,27287.58307881771,140.105698026841
2023-07-12 23:00:00,3635.434387593617,26649.579384770594,136.41620136305622
2023-07-13 00:00:00,3545.676174514799,25904.077316777842,136.87714606295958
2023-07-13 01:00:00,3240.755078900598,24836.576122898623,130.4831657497554
2023-07-13 02:00:00,2995.307650772831,23663.575821073217,126.57882618506913
2023-07-13 03:00:00,3527.069608260288,23915.576063551238,147.48001883323866
2023-07-13 04:00:00,4165.971702799486,24317.076799550417,171.31877063761658
2023-07-13 05:00:00,4782.154053540579,24848.577521595544,192.45182342468004
2023-07-13 06:00:00,5911.058238295063,27841.578466537972,212.31045665745575
2023-07-13 07:00:00,6717.382944154173,30922.58001240072,217.23229243679978
2023-07-13 08:00:00,6900.463067191111,32521.581720231683,212.18104108688942
2023-07-13 09:00:00,6722.3590497951955,32887.58376335207,204.40416353378276
2023-07-13 10:00:00,6703.415156327988,33285.08599299816,201.39395637247614
2023-07-13 11:00:00,6578.656421402201,33545.5885138727,196.11092584294988
2023-07-13 12:00:00,6185.481420814947,33544.091310784504,184.39853873240264
2023-07-13 13:00:00,5341.426752106789,32346.594471088,165.1310389686017
2023-07-13 14:00:00,5614.131509192018,32200.597924190388,174.34867272990778
2023-07-13 15:00:00,5969.915660710195,32416.101778377913,184.1651319312006
2023-07-13 16:00:00,6517.175284757257,32858.10599767533,198.3429989914312
2023-07-13 17:00:00,6448.6833685738,31594.610938470727,204.10706690240178
2023-07-13 18:00:00,6583.165842123839,30873.616440944243,213.22950146498934
2023-07-13 19:00:00,6979.304578177546,29250.122330220875,238.6077056151869
2023-07-13 20:00:00,6972.206685551104,28336.12913535331,246.0536035902058
2023-07-13 21:00:00,6588.3101532450555,27261.137094979833,241.67407728778485
2023-07-13 22:00:00,6009.279140275891,26588.646027290186,226.00921965368443
2023-07-13 23:00:00,5488.267890015524,25544.15608027108,214.85414796123817
2023-07-14 00:00:00,5179.323309041912,24425.16812569752,212.04862469678508
2023-07-14 01:00:00,4798.703386484166,22854.181737245937,209.97047462275225
2023-07-14 02:00:00,4767.051473798941,22000.698625287874,216.6772771624458
2023-07-14 03:00:00,5043.0412367664585,21963.219232285443,229.61302637061968
2023-07-14 04:00:00,5070.745975493536,22327.244995085337,227.11024027414516
2023-07-14 05:00:00,5703.799568699663,24676.777620307446,231.1403723963453
2023-07-14 06:00:00,6325.879881882627,27866.823085089392,227.00398472287264
2023-07-14 07:00:00,6381.405150839162,31016.892166886897,205.73966974202014
2023-07-14 08:00:00,6420.638725711843,32485.013745238757,197.6492537779178
2023-07-14 09:00:00,6056.519975646739,32931.319545492086,183.91367425408274
2023-07-14 10:00:00,5953.792160728334,32998.02774260372,180.42872765518038
2023-07-14 11:00:00,5447.742626150526,33631.58899428157,161.98290919518593
2023-07-14 12:00:00,4213.669547586288,32867.78475176112,128.20059457644194
2023-07-14 13:00:00,3070.4750475828064,32570.864139712983,94.27060437856296
2023-07-14 14:00:00,1381.6512143352654,32660.06963717045,42.303988622326976
2023-07-14 15:00:00,1229.2235561785865,33591.7743782348,36.5929927469101
2023-07-14 16:00:00,1094.167782690436,33497.037923388685,32.664613067964844
2023-07-14 17:00:00,1380.58074249019,33263.71341554753,41.504107651579986
2023-07-14 18:00:00,1476.9603632663443,32713.308948512,45.14860803567611
2023-07-14 19:00:00,1609.0790801384708,32340.532455845616,49.75425442779395
2023-07-14 20:00:00,1664.3662264817785,31614.74999943781,52.64524396085293
2023-07-14 21:00:00,1319.1420080937185,30315.751370926475,43.51341954066845
2023-07-14 22:00:00,552.3910025116434,27139.0048952037,20.354136219978646
2023-07-14 23:00:00,552.4268552369765,26750.930012851877,20.65075326246884
2023-07-15 00:00:00,552.4722122864891,25949.21810630175,21.290514805620354
2023-07-15 01:00:00,552.5335718902396,25387.13820916415,21.764311019931668
2023-07-15 02:00:00,589.0539786991611,24866.940295624132,23.688237141214262
2023-07-15 03:00:00,626.5423768398898,24638.844172199144,25.429049043901138
2023-07-15 04:00:00,553.3775706805345,24151.79243781354,22.912484533203106
2023-07-15 05:00:00,589.425691567449,24696.005638638973,23.867248015413594
2023-07-15 06:00:00,660.8662941870347,26621.529290916882,24.82450527034593
2023-07-15 07:00:00,845.424502248127,27722.614478290892,30.495843128726715
2023-07-15 08:00:00,1210.9798268285329,29894.486161548448,40.50846769148173
2023-07-15 09:00:00,1064.1083737295407,31120.866441422128,34.19276181569302
2023-07-15 10:00:00,1160.157077723758,32460.00258807235,35.7411270863566
2023-07-15 11:00:00,1109.60602558722,32753.88761530451,33.87707861184539
2023-07-15 12:00:00,1097.1754959896634,33265.20898820233,32.98267256877244
2023-07-15 13:00:00,909.3867952619297,33153.07815989172,27.429935491241878
2023-07-15 14:00:00,288.8785750866821,30372.444442645767,9.51120597593618
2023-07-15 15:00:00,475.9914524799065,30263.517484072883,15.72822632829815
2023-07-15 16:00:00,516.4408467417626,30151.789743899593,17.128032900476516
2023-07-15 17:00:00,869.7613233878517,30167.726233071953,28.830854425957998
2023-07-15 18:00:00,964.718996031958,28981.435461219928,33.28748147492035
2023-07-15 19:00:00,940.0819184449124,28503.310958215527,32.98149888000825
2023-07-15 20:00:00,950.5019285007354,28055.037676398424,33.87990205054526
2023-07-15 21:00:00,864.1436936183719,27327.177209170022,31.622135246680227
2023-07-15 22:00:00,779.896076262121,26296.614408842575,29.657661025742954
2023-07-15 23:00:00,462.14550961699445,23870.26611243602,19.360718788812505
2023-07-16 00:00:00,483.5437404732178,24211.352481850132,19.97177732370395
2023-07-16 01:00:00,356.06179891876207,24036.270735535854,14.813520900825557
2023-07-16 02:00:00,180.62805305384768,24198.497816556755,7.464432479369066
2023-07-16 03:00:00,75.07249477424287,24218.244923445818,3.099832172461216
2023-07-16 04:00:00,75.08511368074575,24547.97599848278,3.0587089414372284
2023-07-16 05:00:00,75.09309367068755,24859.041520423943,3.0207557925751805
2023-07-16 06:00:00,415.55388983143354,26292.60291511504,15.804973405373294
2023-07-16 07:00:00,632.1229437624861,27752.06839722807,22.77750741727142
2023-07-16 08:00:00,766.7212882642663,29126.645444481805,26.323707264048345
2023-07-16 09:00:00,1110.6250346087347,30982.092650821203,35.84732145519863
2023-07-16 10:00:00,1263.0878779985505,32635.191803881135,38.70324665437811
2023-07-16 11:00:00,1188.929514733403,33164.25576523765,35.84972698165064
2023-07-16 12:00:00,998.7814663102705,32942.931830057256,30.318536050849563
2023-07-16 13:00:00,753.2460813130914,32277.333571214247,23.33668856664342
2023-07-16 14:00:00,1031.8702552394147,32715.370530232238,31.540839627228568
2023-07-16 15:00:00,1250.9936300219213,31935.213230884954,39.17285978263234
2023-07-16 16:00:00,1272.5085653288327,31490.64475493075,40.409098487244705
2023-07-16 17:00:00,1124.0672676239817,30527.525779797048,36.821433735972256
2023-07-16 18:00:00,901.5353656253213,29872.972675419394,30.17896395584155
2023-07-16 19:00:00,902.0986040831085,28943.497190730122,31.16757446892175
2023-07-16 20:00:00,902.1084022234135,28465.483186141177,31.691308253028975
2023-07-16 21:00:00,949.5077335290588,27514.275799267743,34.50963930347491
2023-07-16 22:00:00,902.1064640465729,24373.40074943206,37.01192432359253
2023-07-16 23:00:00,839.7170829872167,23687.855086932814,35.4492662972444
2023-07-17 00:00:00,911.340374801707,24461.32211110335,37.256382572552624
2023-07-17 01:00:00,921.4100104093395,24404.278644622664,37.75608465331003
2023-07-17 02:00:00,952.9656613276148,23565.141280679014,40.43963284484733
2023-07-17 03:00:00,872.1550176443966,22700.44529898318,38.42017221060694
2023-07-17 04:00:00,924.2249006749918,22817.46946577947,40.50514462443345
2023-07-17 05:00:00,1496.0506130598992,25644.68823946639,58.33764088258726
2023-07-17 06:00:00,1887.3675143187363,27627.50010085433,68.31481340797725
2023-07-17 07:00:00,2963.493516281555,30233.499924940726,98.0201936143311
2023-07-17 08:00:00,4354.44657464465,32063.999986199913,135.8048458245624
2023-07-17 09:00:00,4182.554689814715,32694.49998987132,127.92838829498723
2023-07-17 10:00:00,4709.261408350109,33407.99999568511,140.96208719343707
2023-07-17 11:00:00,4001.3958037856964,34268.17616548391,116.76710731445465
2023-07-17 12:00:00,3964.6885633257107,34277.75449142642,115.66360230269348
2023-07-17 13:00:00,4016.1794560950466,34115.0574346429,117.72454036723173
2023-07-17 14:00:00,3910.9882545671485,32111.845685115335,121.79269584557053
2023-07-17 15:00:00,4563.912669821618,32722.567000011564,139.4729414052389
2023-07-17 16:00:00,5692.007538943103,33530.06958521309,169.75829783106994
2023-07-17 17:00:00,6438.337300991014,33640.54933510135,191.386211826009
2023-07-17 18:00:00,6268.496011676405,30831.09841764093,203.31731055322047
2023-07-17 19:00:00,6379.805848630341,29205.489597465647,218.4454339428009
2023-07-17 20:00:00,6147.858028916937,27689.124263186757,222.03150848980212
2023-07-17 21:00:00,5845.412668226313,26345.64361508414,221.873974825938
2023-07-17 22:00:00,5363.455215397505,25055.128869037013,214.06615960477586
2023-07-17 23:00:00,5161.826204404051,24097.73665169698,214.20377685306605
2023-07-18 00:00:00,5166.6611971514085,23784.574340673567,217.22739802477756
2023-07-18 01:00:00,5003.839733242299,23329.207027340093,214.4882047374423
2023-07-18 02:00:00,5127.584096255216,23177.71340899877,221.22907492092924
2023-07-18 03:00:00,5275.226891415166,22772.676471790044,231.64720659646326
2023-07-18 04:00:00,5521.383285868407,22799.105528834447,242.17543442155716
2023-07-18 05:00:00,6352.975421264269,24470.63784750956,259.61625769026807
2023-07-18 06:00:00,7254.144607735262,27589.621168551694,262.93019985370336
2023-07-18 07:00:00,7439.841430447396,30337.114854796557,245.23892486338704
2023-07-18 08:00:00,7503.268407140528,31858.113632052922,235.5214277216771
2023-07-18 09:00:00,7382.661445872427,32289.61568049341,228.63887631627625
2023-07-18 10:00:00,7476.467637706841,32678.62059650824,228.78773648437632
2023-07-18 11:00:00,7495.218411508853,32503.62850479957,230.59635973879315
2023-07-18 12:00:00,7421.402663649923,32541.639985723526,228.05865552276396
2023-07-18 13:00:00,7392.581620491638,32012.656848663617,230.92683795160366
2023-07-18 14:00:00,6973.938821781865,31744.6820264477,219.6884131953696
2023-07-18 15:00:00,7120.758664952579,32329.723226837876,220.2542414294912
2023-07-18 16:00:00,7534.164949091805,32205.80236536828,233.9381228145859
2023-07-18 17:00:00,7420.7463085023655,31254.0281327458,237.4332766638622
2023-07-18 18:00:00,7529.406384890465,30098.619539022664,250.15786438738957
2023-07-18 19:00:00,7716.865159930286,29344.259339499,262.97699562459076
2023-07-18 20:00:00,7686.235612654774,28340.4643318164,271.21064505728043
2023-07-18 21:00:00,7101.026397936078,26560.082391400574,267.35709224438233
2023-07-18 22:00:00,6255.862840007976,24204.279271235035,258.46102542051716
2023-07-18 23:00:00,6157.244943877832,23701.344104623364,259.7846314832733
2023-07-19 00:00:00,5775.644506245135,22985.42184395264,251.27424440829571
2023-07-19 01:00:00,5623.002237163903,22602.173947003914,248.78147785024342
2023-07-19 02:00:00,5505.415359757946,22455.680693613485,245.1680461115443
2023-07-19 03:00:00,5402.004861504414,22304.355891129206,242.19506216061038
2023-07-19 04:00:00,5573.750882432153,23234.99565967032,239.88603071300247
2023-07-19 05:00:00,6323.040037121537,25307.111330731812,249.85230255983913
2023-07-19 06:00:00,6838.1917328749405,27806.5563720782,245.9201219084242
2023-07-19 07:00:00,7144.098926938427,30471.50000458202,234.4518296068183
2023-07-19 08:00:00,7233.966688443579,32277.106705636168,224.12066714704628
2023-07-19 09:00:00,7100.402913175958,32663.53488796223,217.38011325261462
2023-07-19 10:00:00,7354.146391551347,33669.37522534068,218.42241925583383
2023-07-19 11:00:00,7313.786638099743,33935.26720879321,215.52170469441936
2023-07-19 12:00:00,7166.957390128311,33854.95519060499,211.69596443941526
2023-07-19 13:00:00,7012.5860927123595,33446.89186023949,209.66331107879952
2023-07-19 14:00:00,6730.470631866183,32393.544598712288,207.7719717074041
2023-07-19 15:00:00,6598.947974294028,32276.325708387976,204.4516477468528
2023-07-19 16:00:00,6686.3185319844,32634.596416507095,204.88436402425845
2023-07-19 17:00:00,6836.5956332965525,32111.582831720145,212.901234707848
2023-07-19 18:00:00,7327.057747598735,31315.580805313035,233.97483167087287
2023-07-19 19:00:00,7262.964370464474,29543.204825232544,245.84212895756156
2023-07-19 20:00:00,6923.4087542619145,27982.613522870393,247.41823163170096
2023-07-19 21:00:00,6450.848953144281,26232.303992004105,245.9124046103831
2023-07-19 22:00:00,5816.318562407923,24661.234831086957,235.84863459781448
2023-07-19 23:00:00,5642.22627071898,24255.42363116875,232.61709861330132
2023-07-20 00:00:00,5617.158662743535,24186.573531316404,232.24284562137439
2023-07-20 01:00:00,5541.645205173359,23855.973406040514,232.29591645043385
2023-07-20 02:00:00,5554.49617889938,23797.21632477033,233.4094922319864
2023-07-20 03:00:00,5458.850901170459,23603.767232207745,231.2703242439098
2023-07-20 04:00:00,5650.486317171761,23855.8852502645,236.85921766869293
2023-07-20 05:00:00,6377.386246264851,25463.61885942989,250.45089943698738
2023-07-20 06:00:00,7382.783120447364,27967.57160102899,263.9765520498653
2023-07-20 07:00:00,7773.263072208369,30286.061101996525,256.66140757062453
2023-07-20 08:00:00,7574.183231006717,32215.056475717083,235.11314458554338
2023-07-20 09:00:00,7382.685609712667,32909.05525275683,224.33599363488904
2023-07-20 10:00:00,7409.691116485742,32882.5558889756,225.33805284187045
2023-07-20 11:00:00,7233.211397880232,33187.5571134202,217.94949755296412
2023-07-20 12:00:00,6906.160360172804,33173.55916421495,208.18267723357917
2023-07-20 13:00:00,6627.085083032021,32488.576226326182,203.98201007226515
2023-07-20 14:00:00,6427.621868993698,31980.077906838178,200.9883117770424
2023-07-20 15:00:00,6756.897837898549,31898.580816124006,211.82440299924227
2023-07-20 16:00:00,6771.89058099383,31876.084951696434,212.44423809434704
2023-07-20 17:00:00,6818.474070756337,30581.0904145409,222.9637327619372
2023-07-20 18:00:00,7044.313610046217,30529.09776491587,230.7409692972179
2023-07-20 19:00:00,6895.068583641608,29313.607706860614,235.2173315749147
2023-07-20 20:00:00,6744.700693381364,27882.62155601308,241.89621767924552
2023-07-20 21:00:00,6202.62896085507,25952.141733932818,239.0025850061168
2023-07-20 22:00:00,5694.899528889702,23945.17397629349,237.83078521491808
2023-07-20 23:00:00,5494.93884662239,23731.734737325423,231.54391819405916
2023-07-21 00:00:00,5126.050595418427,22822.89621420978,224.60123146977696
2023-07-21 01:00:00,4856.908498767372,22040.30386473292,220.36486105525057
2023-07-21 02:00:00,4751.0886102380355,22015.4599580747,215.80692019543562
2023-07-21 03:00:00,4730.009915460889,22271.24734612187,212.38190398368207
2023-07-21 04:00:00,4923.792957974943,23505.746808950327,209.4718792810319
2023-07-21 05:00:00,5502.5231686028865,25461.36292710228,216.11267175119445
2023-07-21 06:00:00,6102.758800531674,27902.422359642816,218.71788484423888
2023-07-21 07:00:00,6561.233569787003,30244.838068808982,216.9373019905006
2023-07-21 08:00:00,6842.121056831144,31891.92805510666,214.54084071080666
2023-07-21 09:00:00,6630.582269235308,32551.751001121025,203.6935668685522
2023-07-21 10:00:00,7030.4819593661705,33253.93281313916,211.4180598990179
2023-07-21 11:00:00,6536.942969836081,32582.579027564065,200.6269351577721
2023-07-21 12:00:00,6102.194654187174,31887.073902231932,191.36891245954214
2023-07-21 13:00:00,6097.185044484061,31801.073767848262,191.72890478460758
2023-07-21 14:00:00,6082.43231790091,30935.075080554656,196.61928416408594
2023-07-21 15:00:00,6097.237943573473,30870.07767940092,197.51287984746654
2023-07-21 16:00:00,6382.9099249047395,30679.080982064523,208.05414375470664
2023-07-21 17:00:00,6542.5445687038,29495.085032315994,221.81812873350006
2023-07-21 18:00:00,6599.868698305814,29484.589990906854,223.84129134375738
2023-07-21 19:00:00,6497.77730324975,27655.595920343378,234.95343661967536
2023-07-21 20:00:00,6631.490640730914,26625.10265685058,249.069110688467
2023-07-21 21:00:00,6296.194730931633,25546.61095308218,246.4590995061911
2023-07-21 22:00:00,4810.068303416305,22625.12133942304,212.598563837756
2023-07-21 23:00:00,3778.9656488044516,21066.63380757377,179.38156059113047
2023-07-22 00:00:00,3132.3347391649286,20103.649187815423,155.8092617863327
2023-07-22 01:00:00,2750.075097463569,19331.66799567189,142.25751746198387
2023-07-22 02:00:00,2511.1033090231613,18805.19321940334,133.53243860489482
2023-07-22 03:00:00,2428.627537894224,18518.726510518914,131.14441408888064
2023-07-22 04:00:00,2325.2793071337833,18631.272833919993,124.80517718040136
2023-07-22 05:00:00,2560.790433745415,19673.342149238928,130.16550082439755
2023-07-22 06:00:00,2504.1425642085946,22140.959287962905,113.10000310465274
2023-07-22 07:00:00,2698.810191123139,25001.19893669025,107.94723076910236
2023-07-22 08:00:00,2816.8371219405876,27190.888918263427,103.594889097156
2023-07-22 09:00:00,2507.0062294359855,28634.291692134873,87.55258402723464
2023-07-22 10:00:00,3076.646840796085,28967.823500465467,106.20911304387948
2023-07-22 11:00:00,2497.9169665325244,29124.56653877746,85.76666585601234
2023-07-22 12:00:00,2401.490313165105,29280.610659462724,82.01640126617394
2023-07-22 13:00:00,2341.34738088617,29297.01054810006,79.91762084538037
2023-07-22 14:00:00,2688.8822102479617,30407.73856391966,88.42756275991067
2023-07-22 15:00:00,2726.469184212959,30081.32229936504,90.63661354642343
2023-07-22 16:00:00,2249.05510424369,29821.550224193546,75.41710901464414
2023-07-22 17:00:00,2404.7237390642813,30004.01377831648,80.14673492791637
2023-07-22 18:00:00,2158.9549572276,28381.49997716659,76.0690928585352
2023-07-22 19:00:00,1777.3361082491326,27075.999794930816,65.64249230722355
2023-07-22 20:00:00,1561.1213769437084,26029.49991436845,59.975081429895596
2023-07-22 21:00:00,1305.4239839538843,24804.542669699724,52.62842380676262
2023-07-22 22:00:00,894.4933019932186,23376.27755978156,38.26500176110919
2023-07-22 23:00:00,865.5740181856918,23720.05400236532,36.491233034266216
2023-07-23 00:00:00,820.554106691841,23298.624226368443,35.218993993781446
2023-07-23 01:00:00,811.6711129222722,23728.147366346835,34.207100132623474
2023-07-23 02:00:00,805.8390428922309,24132.413252724695,33.392393643070356
2023-07-23 03:00:00,800.6480204886947,24223.209027138128,33.05292951035926
2023-07-23 04:00:00,781.5704875962958,24162.708950583223,32.34614501191643
2023-07-23 05:00:00,780.6184033336904,24425.599073704976,31.959027943517412
2023-07-23 06:00:00,926.464783334963,25334.023218281407,36.569982404784895
2023-07-23 07:00:00,967.7183296950311,26658.521623363627,36.300524964104504
2023-07-23 08:00:00,900.84866086841,28872.847817577036,31.20054753726083
2023-07-23 09:00:00,913.2551121725567,29986.17616383564,30.455870971436955
2023-07-23 10:00:00,1099.9943936786328,31196.08550862957,35.26065452584904
2023-07-23 11:00:00,1033.590563615103,31452.714310930976,32.86172866981761
2023-07-23 12:00:00,991.0523270587486,31665.465867691477,31.297576078611463
2023-07-23 13:00:00,1030.7522103440838,31798.206027757045,32.41542021094924
2023-07-23 14:00:00,1371.4383557801134,29797.91711475933,46.024638248987564
2023-07-23 15:00:00,1791.1233069583318,29198.04311100909,61.34395035135046
2023-07-23 16:00:00,1889.736654867348,29471.756163350427,64.12025955946692
2023-07-23 17:00:00,1917.7590897688601,28608.742887832766,67.03402163764696
2023-07-23 18:00:00,1947.827763369773,27908.6614292673,69.79294826827925
2023-07-23 19:00:00,1777.0679775065123,26460.756895785787,67.15862227620303
2023-07-23 20:00:00,1653.2261144430267,25672.86678268636,64.39585140362873
2023-07-23 21:00:00,1649.5967502033932,24638.767727749226,66.95126836012774
2023-07-23 22:00:00,1492.1501684362559,23208.263214693252,64.29391784438091
2023-07-23 23:00:00,1263.7773618769763,21632.366335729792,58.42067124157462
2023-07-24 00:00:00,1154.8626989271283,20909.3841954458,55.23178913985735
2023-07-24 01:00:00,1121.4948360626918,20419.938260247334,54.92155861440434
2023-07-24 02:00:00,1136.1455991693201,21522.55630959394,52.78859921778295
2023-07-24 03:00:00,1200.0979285757903,21183.063281857845,56.65365356310906
2023-07-24 04:00:00,1218.5428399924067,20495.060614163118,59.455439675564186
2023-07-24 05:00:00,1528.4049646783958,23268.49993318397,65.68558218480975
2023-07-24 06:00:00,2426.4744018754527,26571.49998402096,91.31868367742271
2023-07-24 07:00:00,3578.2578402034756,29670.5249665478,120.59974820930206
2023-07-24 08:00:00,4689.402659076327,31623.539939831768,148.28835316977717
2023-07-24 09:00:00,4573.557665614959,32337.00556184215,141.43417382504282
2023-07-24 10:00:00,5165.907181631146,33182.999999578664,155.67932922571015
2023-07-24 11:00:00,5581.010324647366,33305.07094993483,167.57238959307148
2023-07-24 12:00:00,5434.905632712496,32785.349620555724,165.77238600819817
2023-07-24 13:00:00,5439.0603229219905,32902.29921526549,165.30942981633518
2023-07-24 14:00:00,5143.37798807051,31795.66607736348,161.7634924066671
2023-07-24 15:00:00,4884.824718850161,31368.857270752087,155.72211243425522
2023-07-24 16:00:00,5189.022410361145,32010.749043335753,162.10249886175146
2023-07-24 17:00:00,5621.209047002973,31800.010179655397,176.76752350850626
2023-07-24 18:00:00,5539.599210040599,30658.399139415644,180.6878168964365
2023-07-24 19:00:00,5541.214843407505,29209.774940898948,189.70412660211244
2023-07-24 20:00:00,5439.273139367043,27802.64248207359,195.6387110640344
2023-07-24 21:00:00,5119.167161807436,25503.58050744111,200.72346940908278
2023-07-24 22:00:00,4648.3935159661205,22995.327571607213,202.1451315051317
2023-07-24 23:00:00,4504.405661584871,21480.34570634683,209.6989370266023
2023-07-25 00:00:00,4581.632890172481,21314.074718117092,214.95809462833805
2023-07-25 01:00:00,4475.233928624235,20902.584641195444,214.09954823502108
2023-07-25 02:00:00,4382.753809509402,20974.095634983514,208.96032352399672
2023-07-25 03:00:00,4401.650471155282,21140.363274280568,208.21073006395986
2023-07-25 04:00:00,4533.468096532727,21613.798333102415,209.74879226061506
2023-07-25 05:00:00,5464.970291354294,24185.5102623728,225.9605123922713
2023-07-25 06:00:00,6363.481086701956,26772.425473156796,237.6878812523826
2023-07-25 07:00:00,7075.143811261261,30078.071431101987,235.22597941386846
2023-07-25 08:00:00,7259.519013244437,31397.06130687641,231.21651234456448
2023-07-25 09:00:00,6984.123697791592,31666.557732497993,220.5520333719157
2023-07-25 10:00:00,7033.057723999564,31926.562310076584,220.28860031008747
2023-07-25 11:00:00,7220.594220960348,32796.55985341311,220.16315897866667
2023-07-25 12:00:00,7022.755008112546,32233.058517198973,217.87429835010326
2023-07-25 13:00:00,7040.59166579422,32481.557921809497,216.7565879303735
2023-07-25 14:00:00,6790.29735278983,31851.057870624198,213.18906833083338
2023-07-25 15:00:00,6371.738266017573,31273.55826835879,203.7420306107034
2023-07-25 16:00:00,6530.438060221451,31482.05905347827,207.43363860439555
2023-07-25 17:00:00,6815.612001536424,31075.060316488933,219.32739412640657
2023-07-25 18:00:00,6573.769206069109,29593.561902467274,222.13511262127054
2023-07-25 19:00:00,6691.757664999101,28207.063921854067,237.23694474328144
2023-07-25 20:00:00,6707.817669517498,27453.566345378847,244.33319828578843
2023-07-25 21:00:00,6521.138392708983,25633.569213718332,254.39837653271712
2023-07-25 22:00:00,5584.65278685113,23141.07267903519,241.3307656179043
2023-07-25 23:00:00,4871.732286129374,21399.076823683616,227.66086248812107
2023-07-26 00:00:00,4445.3043903102225,21046.081811521984,211.21767130433636
2023-07-26 01:00:00,4028.2152647184075,21067.087858963663,191.20892700907757
2023-07-26 02:00:00,4006.7458668111535,21205.595451747897,188.94757640398598
2023-07-26 03:00:00,4164.194146199716,20957.105138464827,198.70082812901114
2023-07-26 04:00:00,4397.2513495452695,21201.61777064297,207.40168967832102
2023-07-26 05:00:00,5239.875962705046,23189.13508576822,225.96254423999173
2023-07-26 06:00:00,6233.080682925183,26500.160050239247,235.2091712317379
2023-07-26 07:00:00,7118.1676131091845,29891.699767464026,238.13191181777617
2023-07-26 08:00:00,7319.5341624009,31628.775531093128,231.42009260539743
2023-07-26 09:00:00,7280.479716316851,32358.992782207595,224.99092494374486
2023-07-26 10:00:00,7164.147217437175,33551.6267767718,213.52607624966194
2023-07-26 11:00:00,7069.570761129763,33939.22931223436,208.30086317196765
2023-07-26 12:00:00,6876.174739794757,33319.93254960544,206.36820706517855
2023-07-26 13:00:00,6527.754127363227,32616.520972382183,200.1364318680879
2023-07-26 14:00:00,6164.05214288873,31795.609434514106,193.86488425655577
2023-07-26 15:00:00,6138.061004381316,31900.792928418356,192.4109227677947
2023-07-26 16:00:00,6012.934680038047,32822.83637428702,183.19363419635792
2023-07-26 17:00:00,5587.917202971218,32124.958222728255,173.94317415852058
2023-07-26 18:00:00,5386.737323988181,31370.66082451292,171.7125869334255
2023-07-26 19:00:00,5033.816614708672,30210.343834382926,166.6255982488884
2023-07-26 20:00:00,4799.249321266498,29729.74140189208,161.42923197310625
2023-07-26 21:00:00,4415.312762870224,28294.429853974332,156.0488331327883
2023-07-26 22:00:00,2488.9853390034627,24051.579969366467,103.48531540021835
2023-07-26 23:00:00,1582.6344781382677,22408.189310678885,70.62750390920898
2023-07-27 00:00:00,1495.4479203704807,22040.78572823947,67.84912020874363
2023-07-27 01:00:00,1060.7949466618325,22364.855764769924,47.431334135087155
2023-07-27 02:00:00,1082.207664852152,22586.65943120129,47.91357784220125
2023-07-27 03:00:00,1538.2233036399546,22040.50031214746,69.79076163675714
2023-07-27 04:00:00,1628.948467446986,21886.49994834893,74.42708844681538
2023-07-27 05:00:00,3232.272324867401,24811.824707614418,130.27144770515244
2023-07-27 06:00:00,4530.1271664038395,27667.19641177155,163.736401006515
2023-07-27 07:00:00,5036.439491730854,30214.316948561576,166.69049643932544
2023-07-27 08:00:00,5186.418325899204,32270.18227680391,160.71859406964822
2023-07-27 09:00:00,5239.25540368386,32922.00040789705,159.14146585172605
2023-07-27 10:00:00,5518.025898653551,33743.851900366215,163.5268526825672
2023-07-27 11:00:00,5977.044936961172,34291.69467953334,174.30007448796377
2023-07-27 12:00:00,6016.718880797548,34119.94841795634,176.34021033956557
2023-07-27 13:00:00,5970.8693828256,33568.94474419129,177.8688436090559
2023-07-27 14:00:00,5886.723323852884,33067.17181217813,178.02318738625522
2023-07-27 15:00:00,6079.885920234931,32692.19923815122,185.97359804230643
2023-07-27 16:00:00,6251.659538872251,32439.651271324867,192.716607419218
2023-07-27 17:00:00,6374.778221650132,31946.00528346366,199.54852461474846
2023-07-27 18:00:00,6124.330210751295,30686.538292600777,199.5770963917429
2023-07-27 19:00:00,6094.750994592572,29317.67060445326,207.88660452671843
2023-07-27 20:00:00,6065.969495925634,28041.604353281415,216.3203438542131
2023-07-27 21:00:00,5429.394762767086,26329.588971670804,206.2088689879974
2023-07-27 22:00:00,4927.605820921017,24046.083389684347,204.92342728192216
2023-07-27 23:00:00,4717.482859446051,22481.11847109026,209.8419998770314
2023-07-28 00:00:00,4767.159864447813,21571.612992055692,220.99227657215263
2023-07-28 01:00:00,4743.778998414142,21216.111831574504,223.59323122318278
2023-07-28 02:00:00,4752.0570234688275,21190.61359221204,224.25292230401956
2023-07-28 03:00:00,4892.538753990487,20748.117748159646,235.80639040977363
2023-07-28 04:00:00,5260.294425846728,21505.624248286167,244.60087115424852
2023-07-28 05:00:00,5791.795394690203,23452.133412102296,246.96241032388934
2023-07-28 06:00:00,6311.703109253677,26485.145991135956,238.3110559921428
2023-07-28 07:00:00,6847.190132352411,28675.163223123738,238.78469597797496
2023-07-28 08:00:00,7129.416706871757,30118.68745122868,236.71073709358856
2023-07-28 09:00:00,7253.418928564109,30610.722932334964,236.9567992431214
2023-07-28 10:00:00,7283.31092061218,32005.77911497902,227.56236910988113
2023-07-28 11:00:00,6925.790491879124,32156.88244021701,215.37506021471106
2023-07-28 12:00:00,6557.820860660259,32714.140314195185,200.4582971668284
2023-07-28 13:00:00,5944.534682073601,31364.450427069478,189.5309690152612
2023-07-28 14:00:00,5631.626432702414,30603.351110301508,184.01992685064909
2023-07-28 15:00:00,5657.245066665821,30626.073644246626,184.71989365599214
2023-07-28 16:00:00,5253.4437097136515,31139.43918973259,168.7070752207328
2023-07-28 17:00:00,5282.506286788229,31048.559124202082,170.1369221565764
2023-07-28 18:00:00,5164.170406581026,29727.512589711467,173.7168688768235
2023-07-28 19:00:00,5048.676916073699,28716.996105959923,175.80797439415667
2023-07-28 20:00:00,4836.26656431162,27598.988481505425,175.23347160177585
2023-07-28 21:00:00,4117.546347463425,26328.29889000609,156.39241884428762
2023-07-28 22:00:00,1686.668095539304,23369.915945529454,72.17262139370061
2023-07-28 23:00:00,1181.4559735026553,22352.303821411075,52.85611644071109
2023-07-29 00:00:00,1027.9959089173853,21957.775010813504,46.816943356561865
2023-07-29 01:00:00,1033.1923183298204,22068.27285186753,46.817996372669754
2023-07-29 02:00:00,1055.2762520657484,22458.8132918375,46.987177744127784
2023-07-29 03:00:00,1050.221150845196,21985.47724639065,47.76885846394855
2023-07-29 04:00:00,1038.5108402632002,21917.22794302332,47.383311564899714
2023-07-29 05:00:00,1043.7502938394416,21414.07909646461,48.74131122508841
2023-07-29 06:00:00,1249.9245587721512,22462.13119462165,55.6458578192008
2023-07-29 07:00:00,1638.117813612095,25099.000030124345,65.26625808382772
2023-07-29 08:00:00,1419.8274252818305,26676.000165251324,53.22489940344675
2023-07-29 09:00:00,1378.5683349672938,27821.000149182222,49.551357879843
2023-07-29 10:00:00,1783.5939035666772,28815.500094477644,61.89703103256204
2023-07-29 11:00:00,2063.2386291881303,29739.4191558301,69.37723357598442
2023-07-29 12:00:00,2016.6720147884753,30507.01392940083,66.10519205371746
2023-07-29 13:00:00,1886.1901747920626,30432.500028756833,61.97946843045196
2023-07-29 14:00:00,1513.6757946678679,29187.857702103454,51.85977710720384
2023-07-29 15:00:00,1338.0171309318323,28847.76724115724,46.381999679437136
2023-07-29 16:00:00,1372.6625129312988,29960.46468652956,45.815795158492904
2023-07-29 17:00:00,1013.1503863843304,28319.83038363043,35.775298533212855
2023-07-29 18:00:00,1067.4974291190777,26753.000244924475,39.901970595675564
2023-07-29 19:00:00,1040.078567436352,25591.500302732897,40.641562828783535
2023-07-29 20:00:00,1010.7871608571755,24906.500300880274,40.583267365806954
2023-07-29 21:00:00,913.4193018433305,23581.500292800934,38.734571189356565
2023-07-29 22:00:00,908.2373898284739,23544.751452756493,38.574940646576344
2023-07-29 23:00:00,775.553288765732,23812.32281440246,32.56940932686551
2023-07-30 00:00:00,776.4377090217331,24435.830545827743,31.774557757125415
2023-07-30 01:00:00,783.886710512979,24666.997920389113,31.778764203204407
2023-07-30 02:00:00,779.0083980452945,25103.583866260866,31.03176033332353
2023-07-30 03:00:00,778.2415791488313,25868.043544243792,30.085057566017866
2023-07-30 04:00:00,746.9351266199163,25336.32733056732,29.480797152425772
2023-07-30 05:00:00,746.3587882979494,25237.05780628712,29.573922365546693
2023-07-30 06:00:00,819.0170862872448,25713.89152976895,31.851152725719068
2023-07-30 07:00:00,1107.8548999455268,27873.722374333953,39.74549523983336
2023-07-30 08:00:00,1153.2414753151747,28818.34672788879,40.017613994460405
2023-07-30 09:00:00,1388.487501586206,30520.572570217457,45.49349454017511
2023-07-30 10:00:00,1563.8585924594538,30979.16790668676,50.48097473663584
2023-07-30 11:00:00,1589.0124387010371,31569.01166169215,50.33456402530479
2023-07-30 12:00:00,1538.0716653041795,30849.81158354171,49.8567604258801
2023-07-30 13:00:00,1540.1483882467116,30802.767579083396,50.00032494783191
2023-07-30 14:00:00,1536.8851485018524,30245.70600838988,50.81333357123602
2023-07-30 15:00:00,1608.0366487003919,29546.652096300673,54.42364987611313
2023-07-30 16:00:00,1771.3984215408145,30188.37173989754,58.67817041618379
2023-07-30 17:00:00,1776.0365578702292,28831.757570966387,61.60001011033403
2023-07-30 18:00:00,1738.0255734075442,27542.905254933215,63.10247801822744
2023-07-30 19:00:00,1593.716020403175,26430.771058708335,60.297749803181844
2023-07-30 20:00:00,1577.2003889487135,25491.025383941356,61.87277150264447
2023-07-30 21:00:00,1590.9311421545326,24933.044463567698,63.80813801055102
2023-07-30 22:00:00,1061.0519979388555,22447.601593518182,47.267945019357335
2023-07-30 23:00:00,1230.2257578951467,22525.462320757026,54.61489492988137
2023-07-31 00:00:00,956.947213350096,22276.508506353464,42.95768401395425
2023-07-31 01:00:00,1025.9365736821942,21558.62803533736,47.58821257088125
2023-07-31 02:00:00,1016.7621362899188,21430.553128839943,47.444512056089756
2023-07-31 03:00:00,911.3717657178861,21360.755638936214,42.66570813893142
2023-07-31 04:00:00,1043.3253927525463,22085.127576933737,47.24108516548583
2023-07-31 05:00:00,1011.961050771835,23560.724683986533,42.95118526042759
2023-07-31 06:00:00,1593.044254327228,26350.696738336053,60.45548890590065
2023-07-31 07:00:00,1718.1642140454862,29593.024043902955,58.059771502111126
2023-07-31 08:00:00,2085.2423006485924,30514.608777010337,68.33586876000228
2023-07-31 09:00:00,2312.4837587356947,31034.0091947234,74.51450259700502
2023-07-31 10:00:00,1921.5760537426531,31367.91154492077,61.25929203131163
2023-07-31 11:00:00,2314.533420860831,32101.918262951443,72.09953629257149
2023-07-31 12:00:00,1843.2441005816058,32764.762306538472,56.256904394321566
2023-07-31 13:00:00,1890.8141572055893,32556.26720618907,58.078346182333156
2023-07-31 14:00:00,2021.114715545046,32709.733526910717,61.7893971493913
2023-07-31 15:00:00,2005.008845155061,32410.4819177678,61.86297538685755
2023-07-31 16:00:00,2206.849257322302,32616.53159519509,67.66045159894942
2023-07-31 17:00:00,2367.1393182959937,32307.279390500084,73.26953438834123
2023-07-31 18:00:00,2417.4779184002005,30866.421235693706,78.32064170771591
2023-07-31 19:00:00,2725.9658449229087,29144.138891124978,93.53392993035126
2023-07-31 20:00:00,2578.098342757566,27497.205341842273,93.75855875922399
2023-07-31 21:00:00,1823.4288043335562,25249.255234988097,72.21713224264991
2023-07-31 22:00:00,1158.5301133315095,25586.5149230372,45.27893372021563
2023-07-31 23:00:00,893.7383484178954,24448.086698864165,36.556576366338625
2023-08-01 00:00:00,883.1595344245635,24180.58447813926,36.52349823152514
2023-08-01 01:00:00,883.0327515382257,24743.641221995807,35.68725975355865
2023-08-01 02:00:00,915.8137327135422,25096.35852718686,36.49189709022694
2023-08-01 03:00:00,896.8427934925904,24618.249227057455,36.429998950001995
2023-08-01 04:00:00,910.3890633426821,24686.400679098635,36.87816118586643
2023-08-01 05:00:00,1005.493898821669,25220.174624964122,39.868633495756356
2023-08-01 06:00:00,1466.8428559469787,28003.499970194123,52.38069732384278
2023-08-01 07:00:00,2031.1497358058987,30699.999971281188,66.16122924123682
2023-08-01 08:00:00,2960.6896590464976,31512.99997060452,93.95137441082231
2023-08-01 09:00:00,3456.451367558574,32123.999974659913,107.59716630198902
2023-08-01 10:00:00,4743.882714755761,32664.99999459507,145.2283090629331
2023-08-01 11:00:00,4886.309159457711,33625.99999565484,145.31342294917982
2023-08-01 12:00:00,4779.025432244852,32904.49999516884,145.23926614738187
2023-08-01 13:00:00,5362.382180616765,32381.999997763996,165.59762154860854
2023-08-01 14:00:00,5782.280181963123,31711.49999930482,182.34016625167158
2023-08-01 15:00:00,6176.21090703618,31336.50000061058,197.09319505738802
2023-08-01 16:00:00,6743.492189366006,30891.500002306995,218.29604224017604
2023-08-01 17:00:00,7066.62863658667,30043.000002465804,235.21714329483308
2023-08-01 18:00:00,7200.426289478282,29260.000001754514,246.08428875757087
2023-08-01 19:00:00,6979.610014672609,28317.000000287688,246.48126618644983
2023-08-01 20:00:00,6571.878395460401,27443.499998427735,239.46939697330555
2023-08-01 21:00:00,5623.169199452601,25295.999995028393,222.2947976185074
2023-08-01 22:00:00,3868.481214806524,22827.99998217342,169.46211747973777
2023-08-01 23:00:00,2690.578975671314,21353.999961442787,125.99882834735776
2023-08-02 00:00:00,2041.3428725984202,20773.999877680635,98.2643152314455
2023-08-02 01:00:00,1453.1631834772413,20462.9999600469,71.01418102499527
2023-08-02 02:00:00,1826.25208033529,21305.99987616863,85.71538960619282
2023-08-02 03:00:00,1715.994853024488,21689.99983690528,79.11456274447467
2023-08-02 04:00:00,1157.1815876910882,22336.797661555527,51.80606482740116
2023-08-02 05:00:00,1216.7122550301606,24678.213747283244,49.303092496477994
2023-08-02 06:00:00,1696.7035641587684,28029.97940709035,60.53174494054665
2023-08-02 07:00:00,1954.974847275308,30748.76759048806,63.57896593813625
2023-08-02 08:00:00,2286.518875281078,31647.121124217083,72.25045419791384
2023-08-02 09:00:00,2367.3809879613145,32394.19964538634,73.08039753649177
2023-08-02 10:00:00,2341.337738897441,33337.891496063414,70.23052850159733
2023-08-02 11:00:00,2468.9166863740816,34447.17842693755,71.67253746517012
2023-08-02 12:00:00,2371.359122245561,33244.5066745925,71.33085611578348
2023-08-02 13:00:00,2371.3607835960197,32892.86460861681,72.09347108596934
2023-08-02 14:00:00,2371.2943373404305,32503.582145108016,72.95486161353217
2023-08-02 15:00:00,2398.600747807464,31941.002058471284,75.09472443652766
2023-08-02 16:00:00,2398.672537883486,31478.2456048714,76.20096011679509
2023-08-02 17:00:00,3884.0898261139996,31511.292554397212,123.26025088970836
2023-08-02 18:00:00,3054.786589765453,30415.499979929762,100.43519231251207
2023-08-02 19:00:00,2494.155542317236,29216.499991864453,85.36804692594087
2023-08-02 20:00:00,1904.9134843059544,28488.999990008346,66.8648771446539
2023-08-02 21:00:00,1420.0967975301503,26442.798411743795,53.70448223435595
2023-08-02 22:00:00,1122.329436923968,25946.592467975875,43.255369209239454
2023-08-02 23:00:00,1085.444802756541,25465.324296484367,42.62442488927553
2023-08-03 00:00:00,1086.8879509503208,25164.96951347988,43.190513319243955
2023-08-03 01:00:00,1090.9844344395265,24968.435575715303,43.694545104004646
2023-08-03 02:00:00,1087.974905136265,24668.29504880004,44.10417918968374
2023-08-03 03:00:00,1094.2970531366273,24765.60565331605,44.18616158454836
2023-08-03 04:00:00,1042.4901951245083,23796.84189519161,43.80792206444645
2023-08-03 05:00:00,1317.290196383257,25550.676093186667,51.555981985718375
2023-08-03 06:00:00,1934.2868901918484,27137.067247792183,71.27840575142541
2023-08-03 07:00:00,2565.0985999331274,30343.566665062477,84.53517110388269
2023-08-03 08:00:00,3019.0224886490287,32707.794547346835,92.30284494660077
2023-08-03 09:00:00,2995.9919179967997,33256.272891582565,90.08802422820838
2023-08-03 10:00:00,2910.7439516680342,32286.750231701793,90.1528933937125
2023-08-03 11:00:00,2910.9271124160896,31968.770806761524,91.05533428268117
2023-08-03 12:00:00,2911.7291054535644,31627.86338705655,92.06215006749922
2023-08-03 13:00:00,2915.1647251084723,31247.428447638173,93.29294824991636
2023-08-03 14:00:00,3151.0156579783584,31308.50540705853,100.64407792739794
2023-08-03 15:00:00,3539.2371081618926,31360.55385379997,112.85633298000704
2023-08-03 16:00:00,4480.055621651344,31985.83072591682,140.06375698166053
2023-08-03 17:00:00,4190.634287786661,31157.723516236027,134.49744765861848
2023-08-03 18:00:00,4359.661074058335,29811.098654465277,146.24288506070607
2023-08-03 19:00:00,4159.9009767084635,28719.38539244043,144.84644848296233
2023-08-03 20:00:00,3251.180737900227,28156.80557714296,115.466959808092
2023-08-03 21:00:00,2845.772458908024,27003.226966186543,105.38638446699359
2023-08-03 22:00:00,2171.2010926068297,24237.627751394677,89.57976889804716
2023-08-03 23:00:00,2133.3691436486483,22731.290050216507,93.8516528950071
2023-08-04 00:00:00,2091.333545214594,22285.9460301558,93.8409140175044
2023-08-04 01:00:00,2242.334211706233,22571.67929989947,99.3428172495885
2023-08-04 02:00:00,1864.6847165495715,22336.909485015512,83.4799781859024
2023-08-04 03:00:00,1859.2150585430195,22260.63834764449,83.52029396047182
2023-08-04 04:00:00,1997.0639458272801,22366.464884661116,89.28831427432519
2023-08-04 05:00:00,2990.148776628577,24576.661434978345,121.66619068824762
2023-08-04 06:00:00,3944.356877833556,27345.011187095344,144.2441127870146
2023-08-04 07:00:00,4714.806030028374,29583.12857233652,159.37482807133645
2023-08-04 08:00:00,5421.877901212458,31469.300149011357,172.29102253749332
2023-08-04 09:00:00,5914.6957663628955,32167.129158384345,183.87390858662417
2023-08-04 10:00:00,6286.384362630682,32659.864975198507,192.48041494980103
2023-08-04 11:00:00,6156.529003815613,32206.293431147347,191.1591911989944
2023-08-04 12:00:00,6074.2346959957995,31356.284525669133,193.71665960688873
2023-08-04 13:00:00,6040.362555340836,30788.562144696112,196.1885237431069
2023-08-04 14:00:00,6080.256703118582,31049.03652775329,195.82754839055065
2023-08-04 15:00:00,6076.965062496188,30397.02526201155,199.91972931939588
2023-08-04 16:00:00,6525.232126066168,30324.519474207016,215.18006679763894
2023-08-04 17:00:00,6741.007531702773,29368.0155673398,229.53568368437718
2023-08-04 18:00:00,6711.249782009322,27990.01263603674,239.77301722860548
2023-08-04 19:00:00,6771.317234660135,26809.510837825823,252.57145777931956
2023-08-04 20:00:00,6912.706319595716,26470.009401960586,261.15239381379683
2023-08-04 21:00:00,6447.8901730954585,25051.008181835583,257.3904461765657
2023-08-04 22:00:00,5762.811387377974,22357.507124783056,257.75733203233375
2023-08-04 23:00:00,5169.553251823806,20693.00617126665,249.82127821534255
2023-08-05 00:00:00,4639.867457041525,20236.505297505097,229.28205185771682
2023-08-05 01:00:00,4476.116101435666,19843.504494481193,225.5708462525129
2023-08-05 02:00:00,4431.335632779892,19362.00372670347,228.8676159414396
2023-08-05 03:00:00,4521.681656200448,19796.003004958253,228.41386996495777
2023-08-05 04:00:00,4432.770881976845,20356.002296908853,217.7623492727735
2023-08-05 05:00:00,4226.384592328838,21225.501613568907,199.11824319982247
2023-08-05 06:00:00,4139.177889740641,22837.50096491446,181.2447822596576
2023-08-05 07:00:00,4311.987171926311,25059.50036936923,172.06995783511096
2023-08-05 08:00:00,4881.488300404936,27093.00014708056,180.17525832889152
2023-08-05 09:00:00,5317.579385206734,28175.499992761816,188.73061299969123
2023-08-05 10:00:00,6023.183903947922,28793.499996397593,209.1855420390537
2023-08-05 11:00:00,5691.150717320192,29452.9999958992,193.22821845355588
2023-08-05 12:00:00,4371.14836302338,28730.999989885022,152.14048813345437
2023-08-05 13:00:00,3213.910863872782,27589.49998345189,116.4903628482023
2023-08-05 14:00:00,3141.6852476148274,28188.9999842669,111.45075204399919
2023-08-05 15:00:00,3626.230631017459,28636.999988133837,126.6274621126529
2023-08-05 16:00:00,4202.531334264082,28777.99999077524,146.0327797488081
2023-08-05 17:00:00,4740.988881743144,28212.999991479413,168.04270666625195
2023-08-05 18:00:00,4575.526390897883,26987.499990928583,169.54243232740615
2023-08-05 19:00:00,4404.761500443567,26217.49998914286,168.0084486418483
2023-08-05 20:00:00,3994.3781767976,26388.999987692805,151.3652726007231
2023-08-05 21:00:00,2923.7400956829547,25137.499979771696,116.30989947431951
2023-08-05 22:00:00,1421.7398974298148,23982.679730493073,59.281944862155086
2023-08-05 23:00:00,1377.0994371572003,23856.316734818392,57.72472978392838
2023-08-06 00:00:00,1382.9690197399493,23626.671946191014,58.534228726314765
2023-08-06 01:00:00,1370.3735581273954,23185.79317931308,59.10401889334869
2023-08-06 02:00:00,1204.0269614767194,22752.502891082728,52.918440104829415
2023-08-06 03:00:00,1147.4759904898476,22691.20123053209,50.56920428460456
2023-08-06 04:00:00,1216.0565825336778,22912.45818111995,53.07403391294427
2023-08-06 05:00:00,1202.363112568056,22765.56121591956,52.8149998659934
2023-08-06 06:00:00,1195.203277747,22598.28643532077,52.88911091413178
2023-08-06 07:00:00,1507.0139730469962,24760.6263200529,60.86332201647541
2023-08-06 08:00:00,1634.0547618566711,27182.950033112807,60.11322390933116
2023-08-06 09:00:00,1651.3664748450647,28587.29630930112,57.76574520997212
2023-08-06 10:00:00,2012.5000795181136,28914.256744838232,69.6023452125355
2023-08-06 11:00:00,2119.6127607531703,29059.796542582942,72.93969720838146
2023-08-06 12:00:00,1811.0596702261257,28388.575379393595,63.79537000439687
2023-08-06 13:00:00,1792.4151330307357,28676.023960760358,62.50570635187909
2023-08-06 14:00:00,1468.0766684009413,28176.785704097743,52.102347081677216
2023-08-06 15:00:00,1612.402638371189,28402.119892490296,56.770503204499136
2023-08-06 16:00:00,2274.537317732076,29168.96934658005,77.97798032239206
2023-08-06 17:00:00,1960.9645299238518,28800.55324554716,68.08773821825925
2023-08-06 18:00:00,1916.1610347804121,27449.021004698312,69.80799185706596
2023-08-06 19:00:00,2291.477818141605,26269.506125559885,87.22957360481273
2023-08-06 20:00:00,2423.3538705128494,25767.5000565564,94.04691433759172
2023-08-06 21:00:00,2423.7832294083787,24524.500032013602,98.83109650530854
2023-08-06 22:00:00,2029.3106985427603,21929.999915467182,92.53582792362401
2023-08-06 23:00:00,1863.3816177044114,21657.067809893117,86.04034646154656
2023-08-07 00:00:00,1914.8524612658755,21152.260186806034,90.52708525495005
2023-08-07 01:00:00,1770.352032870591,20491.470608700907,86.39458175924572
2023-08-07 02:00:00,1847.3810174062492,20148.028840826108,91.69040961778289
2023-08-07 03:00:00,1881.820690153789,20480.357659404788,91.88417123612281
2023-08-07 04:00:00,1896.5190351477984,20414.489655845842,92.90063416328
2023-08-07 05:00:00,2370.217161775783,22235.531564762587,106.59592980146911
2023-08-07 06:00:00,4177.684308321725,26127.032165564335,159.8989231478021
2023-08-07 07:00:00,5855.962473366685,29260.53588112631,200.13175757125862
2023-08-07 08:00:00,6039.024880522881,30861.03965706355,195.68442760290012
2023-08-07 09:00:00,5645.018737348621,31505.543835326687,179.1754101073141
2023-08-07 10:00:00,5954.856229256793,31918.548602772345,186.5641293207039
2023-08-07 11:00:00,5803.720882923371,32556.05420109166,178.26855942292792
2023-08-07 12:00:00,5590.791015141078,32243.060920906824,173.39516954843253
2023-08-07 13:00:00,5356.474644189317,31797.069168834747,168.45812473306052
2023-08-07 14:00:00,5019.108057565131,31090.079565717777,161.43760735497028
2023-08-07 15:00:00,4768.173672013209,30792.593221463496,154.84807134365118
2023-08-07 16:00:00,5420.658457141179,31795.61208527048,170.48448202864864
2023-08-07 17:00:00,5485.91324915278,30949.63978645986,177.25289492877423
2023-08-07 18:00:00,5021.983634536107,29565.184488133887,169.86140020711528
2023-08-07 19:00:00,4684.099734412893,27479.27005513549,170.4593944822599
2023-08-07 20:00:00,4359.492407680101,27460.007560178696,158.75787354123116
2023-08-07 21:00:00,3606.7117623645536,25382.771416527456,142.09290637255313
2023-08-07 22:00:00,1741.0116148621514,24521.99837913666,70.99795000163633
2023-08-07 23:00:00,1702.3080805999277,24437.09154176292,69.6608300415247
2023-08-08 00:00:00,1639.6246299121788,23837.62448666347,68.78305473892779
2023-08-08 01:00:00,1556.2310998298879,23029.404059980574,67.57583026363386
2023-08-08 02:00:00,1392.4000709392867,21684.61625030732,64.211423198211
2023-08-08 03:00:00,1220.1468598748997,20858.34591988233,58.49681775158627
2023-08-08 04:00:00,1307.3451916357274,20823.79051810777,62.781326507241694
2023-08-08 05:00:00,2130.043116429923,23128.511732523206,92.09598702516885
2023-08-08 06:00:00,3609.7517670152383,26925.876962614308,134.06255150119196
2023-08-08 07:00:00,5053.210999517941,30560.87350070719,165.34903687883818
2023-08-08 08:00:00,5365.428696609675,32226.631386985522,166.49052245579915
2023-08-08 09:00:00,5477.081168575273,32597.999992178888,168.01893275321703
2023-08-08 10:00:00,5430.173988658482,32975.00008097459,164.67548067699627
2023-08-08 11:00:00,5410.450601859869,33067.77863367429,163.6169959221326
2023-08-08 12:00:00,5380.590446801996,33090.07150446771,162.6043765446541
2023-08-08 13:00:00,5262.693857210765,32364.783642296195,162.60556274299228
2023-08-08 14:00:00,5758.088590672451,32551.97350746083,176.8890783028166
2023-08-08 15:00:00,5715.503816118734,32615.81085393158,175.2372136849627
2023-08-08 16:00:00,6218.028555404314,32738.692932906364,189.92904109358747
2023-08-08 17:00:00,6201.495947882688,31869.12194506648,194.59262036062196
2023-08-08 18:00:00,5893.327495206734,30570.403242689208,192.7788602728392
2023-08-08 19:00:00,5765.421297268371,29042.940210987585,198.51369232537914
2023-08-08 20:00:00,5244.372963826159,28444.72287341134,184.37068229370334
2023-08-08 21:00:00,4584.615304236622,26077.381521669806,175.80811556662215
2023-08-08 22:00:00,3609.1896587672945,23718.321700643944,152.16884669665757
2023-08-08 23:00:00,2729.395606598725,22300.868146583623,122.3896571495964
2023-08-09 00:00:00,2347.794266946038,21645.06638365566,108.46787093796459
2023-08-09 01:00:00,2068.959698068437,21271.535607781756,97.2642378160771
2023-08-09 02:00:00,2014.513880088545,20837.991000267415,96.675052794806
2023-08-09 03:00:00,2480.287912302922,20632.695090049587,120.21153327172834
2023-08-09 04:00:00,3195.9509273200715,21483.632513920107,148.7621297398979
2023-08-09 05:00:00,4567.076971303406,24492.214543218786,186.47056039968842
2023-08-09 06:00:00,5711.940178961577,27684.494026655168,206.32272251253752
2023-08-09 07:00:00,6534.31589071204,30664.826036577782,213.08830785205635
2023-08-09 08:00:00,6698.641721472652,31924.050426456648,209.83057074490893
2023-08-09 09:00:00,6665.886485791179,32564.738739501398,204.69645216914896
2023-08-09 10:00:00,6845.587050268177,32993.095524532735,207.4854432854896
2023-08-09 11:00:00,6922.5760766439125,33341.210622141276,207.62821587668324
2023-08-09 12:00:00,6823.16384356314,33418.01885643943,204.17619227742946
2023-08-09 13:00:00,6557.36728329777,32592.029147104455,201.19542890996524
2023-08-09 14:00:00,6820.781872564743,32058.66565139848,212.7593814019893
2023-08-09 15:00:00,7112.256930515441,32196.098900055895,220.90430746263777
2023-08-09 16:00:00,7672.131207158182,32633.628140856057,235.0989345727381
2023-08-09 17:00:00,7857.4109959913685,31620.111764950594,248.49409307594348
2023-08-09 18:00:00,7476.363332190745,30382.605253095186,246.07380670323195
2023-08-09 19:00:00,7209.573321062428,28896.602993181266,249.49553145619475
2023-08-09 20:00:00,7030.906165009631,28239.603363566814,248.97326192904396
2023-08-09 21:00:00,6354.464379067134,25995.1055837748,244.44849275908925
2023-08-09 22:00:00,5574.236518314646,23744.109251846352,234.76292410847927
2023-08-09 23:00:00,4962.317654345507,22325.1143976893,222.275127730549
2023-08-10 00:00:00,4776.353545393856,21618.121299656388,220.94211977012887
2023-08-10 01:00:00,4775.785240249069,21356.130202836346,223.6259657011638
2023-08-10 02:00:00,4690.032291006166,21162.641691620458,221.618470857692
2023-08-10 03:00:00,5026.087313910594,21379.15693602918,235.0928677379411
2023-08-10 04:00:00,5197.242479511398,21957.17760935549,236.6990226146808
2023-08-10 05:00:00,5827.626421782047,24682.70718570075,236.101590394352
2023-08-10 06:00:00,6703.896043370753,27182.753341971536,246.6231422193572
2023-08-10 07:00:00,7476.441216120434,30489.83859872113,245.21091484013388
2023-08-10 08:00:00,7613.189455298035,32267.571143847526,235.93934050253563
2023-08-10 09:00:00,7635.687954159781,33204.54059562041,229.9591506821482
2023-08-10 10:00:00,7765.869513190597,34336.37473760819,226.17033896373283
2023-08-10 11:00:00,7405.878250863553,35132.2246380278,210.80015077802068
2023-08-10 12:00:00,7056.963994060911,34732.86890712528,203.17826359034825
2023-08-10 13:00:00,6755.383767904965,33699.45006857591,200.45976281981618
2023-08-10 14:00:00,6673.783047831525,33075.68100441707,201.7731107921944
2023-08-10 15:00:00,6196.827144267233,32070.38135588812,193.22586393658509
2023-08-10 16:00:00,5974.417951835575,32484.141347877554,183.91798902284765
2023-08-10 17:00:00,6113.294119104789,32140.61043812553,190.20466742141073
2023-08-10 18:00:00,6271.762895091596,31594.035408380158,198.5109788611569
2023-08-10 19:00:00,5981.733866700525,30379.173480195423,196.9024559078309
2023-08-10 20:00:00,5536.910571109083,30314.39968536964,182.6495206428683
2023-08-10 21:00:00,4795.053892679153,29419.51760112462,162.98886873984137
2023-08-10 22:00:00,2799.5023437200393,25713.65602770833,108.87220163104665
2023-08-10 23:00:00,1453.5234893812938,23848.80074711338,60.947445735074375
2023-08-11 00:00:00,1453.8150238466174,23135.517314368055,62.83909731051234
2023-08-11 01:00:00,1480.8886905103097,23538.599455097974,62.91320319780452
2023-08-11 02:00:00,1014.5016458034628,23373.97429196659,43.40304447721315
2023-08-11 03:00:00,924.6525274513355,23173.814994032455,39.90074692878341
2023-08-11 04:00:00,1227.6570429239357,23726.33822596348,51.74237302157834
2023-08-11 05:00:00,1521.6693587632933,24729.279825511567,61.533104461598086
2023-08-11 06:00:00,1825.6587972685682,27194.902717763347,67.13238933839142
2023-08-11 07:00:00,2956.373651889913,30637.501363191735,96.49525974209294
2023-08-11 08:00:00,3050.729441982292,32102.97827585621,95.0294834257376
2023-08-11 09:00:00,2748.953094359201,32759.00137121339,83.91443509553416
2023-08-11 10:00:00,3404.599918020149,33889.50138321598,100.46178843180918
2023-08-11 11:00:00,2437.1191061793033,34332.34368350984,70.98609779296469
2023-08-11 12:00:00,2524.0349654342394,34024.26225653009,74.18338556186667
2023-08-11 13:00:00,2338.5146444969214,32132.621164152995,72.77696495876775
2023-08-11 14:00:00,2198.0084682390193,31046.05558494239,70.7983164632699
2023-08-11 15:00:00,2028.2618859492952,30941.53679859516,65.55142684578564
2023-08-11 16:00:00,2859.5788030015865,31731.994281427476,90.11658005608803
2023-08-11 17:00:00,3653.1849412582974,31352.003060858337,116.52158026927299
2023-08-11 18:00:00,3726.135281593105,30683.13243846437,121.43920732558657
2023-08-11 19:00:00,4083.2051650809376,29300.500001259334,139.35615995991338
2023-08-11 20:00:00,4128.314859901595,28816.00000559975,143.26467445514118
2023-08-11 21:00:00,3672.2689038525477,27704.00000538396,132.55374325508532
2023-08-11 22:00:00,1926.4670769134148,24254.499960317582,79.42720237750844
2023-08-11 23:00:00,1585.394723035168,23802.999954213596,66.60482821849193
2023-08-12 00:00:00,1027.4198596023068,22358.180298579264,45.95274954767198
2023-08-12 01:00:00,904.1016301501562,21654.561799409013,41.75109330426768
2023-08-12 02:00:00,781.2710193234844,21461.492930637694,36.403386374308035
2023-08-12 03:00:00,768.4366138749135,21143.503182458866,36.34386446009695
2023-08-12 04:00:00,697.093240626658,20812.491943086847,33.49398248575453
2023-08-12 05:00:00,711.1606997974972,21935.684929049323,32.420264153945354
2023-08-12 06:00:00,800.0912767671778,24069.32713228319,33.24111523225959
2023-08-12 07:00:00,901.5768718855537,25833.413526149514,34.89964154264573
2023-08-12 08:00:00,663.9966570928938,27843.19799374193,23.847715238821863
2023-08-12 09:00:00,681.3379436474734,30045.025746972522,22.677229481693097
2023-08-12 10:00:00,1128.5751872982812,29908.620031523227,37.73411097231434
2023-08-12 11:00:00,964.6784139370023,30821.230672760732,31.299152982543564
2023-08-12 12:00:00,591.690400456112,31613.772482138695,18.71622251948603
2023-08-12 13:00:00,576.1672282910002,31383.806550060493,18.358742664690865
2023-08-12 14:00:00,699.6229867740627,31597.313416922712,22.14185040172949
2023-08-12 15:00:00,580.8143494223835,31587.761731674746,18.387322101393778
2023-08-12 16:00:00,467.04609167363617,30445.69979473215,15.340297474602524
2023-08-12 17:00:00,544.0906868082056,28561.938399738694,19.04950144466327
2023-08-12 18:00:00,583.2813578137559,27847.3044767062,20.945702601185726
2023-08-12 19:00:00,733.0151433482692,27063.43769795321,27.08507143583266
2023-08-12 20:00:00,787.2776827471989,26515.021873940655,29.691760636296014
2023-08-12 21:00:00,700.5747404514542,25779.107905075445,27.17606610093453
2023-08-12 22:00:00,747.7512531595848,25840.72775803768,28.936927015416547
2023-08-12 23:00:00,719.3170644071645,25907.84110915132,27.764454065340207
2023-08-13 00:00:00,693.6302499918812,25362.04636964149,27.34914367249799
2023-08-13 01:00:00,630.0934215718261,24738.691912971724,25.46995709346446
2023-08-13 02:00:00,739.9652384135004,24133.85772422649,30.660876800922505
2023-08-13 03:00:00,746.1417457745339,23011.10036065042,32.42529623009492
2023-08-13 04:00:00,827.3316575743507,22342.376167839884,37.02970764431182
2023-08-13 05:00:00,850.9350980584447,21346.596523804248,39.862799538537246
2023-08-13 06:00:00,1056.4959675750038,22165.950336989805,47.663012481443594
2023-08-13 07:00:00,1331.877722259308,25029.99986512735,53.21125567063728
2023-08-13 08:00:00,1618.3135925164543,26987.999923424726,59.96419138536493
2023-08-13 09:00:00,1428.4439978846606,27582.9999261995,51.78711531401862
2023-08-13 10:00:00,1711.236430736312,28992.49995610483,59.02341755030283
2023-08-13 11:00:00,1802.3006111838424,29552.49994238491,60.98640097107112
2023-08-13 12:00:00,1799.5340549611321,30358.99901521987,59.27514454804561
2023-08-13 13:00:00,1709.4121752638214,30718.2311738338,55.64813174268711
2023-08-13 14:00:00,1506.4242317922874,31117.693956594714,48.41053562303044
2023-08-13 15:00:00,1646.9694231015842,30778.881602291767,53.509722815235506
2023-08-13 16:00:00,1571.5748116498478,29903.629050223804,52.5546517785635
2023-08-13 17:00:00,2338.086012223237,29569.49993229926,79.07086753500712
2023-08-13 18:00:00,3101.398212308368,28093.499990878656,110.39557952249893
2023-08-13 19:00:00,4148.274968732491,27513.499983921738,150.7723470716793
2023-08-13 20:00:00,4214.800579710881,26568.999989691238,158.63602624661152
2023-08-13 21:00:00,4088.365970251999,24923.999987806365,164.03330012245874
2023-08-13 22:00:00,3396.9680868865516,22462.499982742527,151.22840687796867
2023-08-13 23:00:00,3058.2305496087747,21495.999979423177,142.26975030406746
2023-08-14 00:00:00,2872.672641746885,21140.499977639003,135.88480143730774
2023-08-14 01:00:00,2799.371878291069,21050.499976459083,132.98362895995942
2023-08-14 02:00:00,3074.1780951498295,21132.999979744192,145.4681350540105
2023-08-14 03:00:00,3076.86946083247,21456.49997953041,143.40034319520035
2023-08-14 04:00:00,3452.6514262585965,22245.499983211284,155.2067352437265
2023-08-14 05:00:00,3927.378407670376,24535.49998741216,160.06922254224702
2023-08-14 06:00:00,4441.06253772448,27266.99999109598,162.87316313399734
2023-08-14 07:00:00,4982.535619299121,30312.999993271107,164.36959787566875
2023-08-14 08:00:00,5060.393754314428,32392.499992059224,156.2211547597421
2023-08-14 09:00:00,4794.221331604627,32836.99998998008,146.0005887586424
2023-08-14 10:00:00,5453.454404110013,33293.99999476195,163.7969125057965
2023-08-14 11:00:00,5211.776386569082,33750.99999516362,154.4184287077689
2023-08-14 12:00:00,4581.41679688874,33654.49999131724,136.13088288551995
2023-08-14 13:00:00,4604.216669768077,33732.499992401536,136.49200832447067
2023-08-14 14:00:00,3749.2760709494373,32167.499983736954,116.55478581938209
2023-08-14 15:00:00,3207.409082062029,32857.49996172064,97.6157372228166
2023-08-14 16:00:00,3849.6308158377383,33701.999994550315,114.22558947422205
2023-08-14 17:00:00,4110.393235676689,33545.49999512683,122.53188166143916
2023-08-14 18:00:00,4110.823123131676,31497.499993599093,130.5126795449504
2023-08-14 19:00:00,4083.0503273701875,29799.499991501867,137.0174106456343
2023-08-14 20:00:00,3986.9903107766845,29155.499991001867,136.74916609240697
2023-08-14 21:00:00,3949.0521253314296,28460.999989631022,138.75310518850912
2023-08-14 22:00:00,3208.7716404535827,25283.999983642654,126.90917744539945
2023-08-14 23:00:00,2779.0285254544374,23945.499978703036,116.05640007208396
2023-08-15 00:00:00,2796.831966347645,23467.499978257554,119.17894828758439
2023-08-15 01:00:00,2659.896365020465,22605.49997575463,117.66589404672838
2023-08-15 02:00:00,2414.8545973079617,22100.999971565026,109.26449483801163
2023-08-15 03:00:00,2330.6166249404578,21948.49996952549,106.18569051080551
2023-08-15 04:00:00,2696.8670019541355,22251.499974952643,121.19933510054865
2023-08-15 05:00:00,3793.6645875461777,24707.999985037182,153.5399299758608
2023-08-15 06:00:00,4516.362716512129,27174.99998981245,166.19550020994495
2023-08-15 07:00:00,5491.504439025719,30763.499993963665,178.50714125841495
2023-08-15 08:00:00,5749.48899029164,32584.500273993868,176.44858573695498
2023-08-15 09:00:00,6023.269941637114,33120.00056392768,181.86201204951968
2023-08-15 10:00:00,6059.122322502547,32837.0008377166,184.5211854897246
2023-08-15 11:00:00,6115.746048509265,33654.50110897519,181.72148886433143
2023-08-15 12:00:00,6273.448666606709,33544.50138475298,187.01868883518975
2023-08-15 13:00:00,6136.849922379631,32555.501661253224,188.5042345909712
2023-08-15 14:00:00,6317.211569928437,32523.501944031275,194.2352819447161
2023-08-15 15:00:00,6728.348592356366,32401.502235479864,207.65545200520916
2023-08-15 16:00:00,7074.983815216549,32550.50256609116,217.35405777073237
2023-08-15 17:00:00,7142.5779202475815,31765.503005426388,224.85329191945868
2023-08-15 18:00:00,7383.514613279729,30890.004136126034,239.02601568915514
2023-08-15 19:00:00,7601.48627368282,29471.005200173615,257.931014638009
2023-08-15 20:00:00,7510.870897350122,28847.00637057842,260.3691627776875
2023-08-15 21:00:00,6913.38879121527,26271.007602476653,263.15659055892183
2023-08-15 22:00:00,6431.525146480376,23800.008863026724,270.2320483784248
2023-08-15 23:00:00,6008.484398355828,22360.510096382226,268.70963016751386
2023-08-16 00:00:00,5900.882098655103,21998.511259905772,268.24006538160523
2023-08-16 01:00:00,5870.2307706815145,22317.01252101816,263.0383777915136
2023-08-16 02:00:00,5894.983285322792,22521.013782538346,261.7547923128338
2023-08-16 03:00:00,5848.892076498943,22193.51523224424,263.5405890095895
2023-08-16 04:00:00,6018.287417894002,22576.016695223185,266.5787990477257
2023-08-16 05:00:00,6710.986560568865,25158.018055150056,266.7533883574374
2023-08-16 06:00:00,7592.876082932115,28334.01915456308,267.9773752362031
2023-08-16 07:00:00,8253.938831329404,30817.02083071369,267.8370137292162
2023-08-16 08:00:00,8487.76295833117,32245.022451701814,263.2270754670604
2023-08-16 09:00:00,8401.532985938555,32576.52417625313,257.9014550626278
2023-08-16 10:00:00,7848.289987976548,33009.02594871041,237.76193820960546
2023-08-16 11:00:00,7564.396425518224,33509.02780040686,225.74204392245537
2023-08-16 12:00:00,7581.65340432716,33757.52975826002,224.59147510555124
2023-08-16 13:00:00,7687.137004370014,33298.53185356618,230.85513313845226
2023-08-16 14:00:00,7382.146982246754,32670.03412127794,225.96079804638998
2023-08-16 15:00:00,7053.7752603551435,32038.53654717717,220.1653390119229
2023-08-16 16:00:00,7334.712368841514,32336.039090451217,226.82779261630233
2023-08-16 17:00:00,7170.494614040969,31855.54189402971,225.09410255503602
2023-08-16 18:00:00,7007.2404754562895,30839.04495784989,227.21976264289728
2023-08-16 19:00:00,7075.303662654091,29783.54828907997,237.55744594233676
2023-08-16 20:00:00,6645.782329347008,29244.55195095103,227.2485603641087
2023-08-16 21:00:00,5827.219169641643,26755.55628543123,217.79473046556106
2023-08-16 22:00:00,4648.13931453802,24012.06107667832,193.57519122140323
2023-08-16 23:00:00,4355.707754166809,22747.566506718485,191.48016351025294
2023-08-17 00:00:00,4021.6476637474843,21917.072799007477,183.49383152706443
2023-08-17 01:00:00,3799.4356914614523,21964.58010116342,172.98011953618925
2023-08-17 02:00:00,3189.890413628186,21764.08920649965,146.56668530266606
2023-08-17 03:00:00,3534.443352342511,21948.600504769733,161.03274336668656
2023-08-17 04:00:00,4056.2953945461363,22836.115387638096,177.6263311728551
2023-08-17 05:00:00,4965.756064526673,25488.6359802789,194.82235410199212
2023-08-17 06:00:00,5734.607589769027,28882.667593388072,198.54840524085853
2023-08-17 07:00:00,5811.966707204707,30746.727186025113,189.027166112377
2023-08-17 08:00:00,5989.22410624315,32420.891502521295,184.7334798235694
2023-08-17 09:00:00,5768.366164171101,33360.32305805113,172.91098033233743
2023-08-17 10:00:00,5944.120710698248,34509.694277230956,172.24495421334697
2023-08-17 11:00:00,5436.706928115167,35057.12320650137,155.08137664607136
2023-08-17 12:00:00,5359.2403303598885,35221.506476001705,152.15818023034947
2023-08-17 13:00:00,5521.969747889893,35562.4508892747,155.2752864273274
2023-08-17 14:00:00,4814.275848196768,34595.068964082,139.16075303087686
2023-08-17 15:00:00,4792.5485487719425,34375.457617243505,139.41773814722663
2023-08-17 16:00:00,5209.625473629533,34958.031485733285,149.02513820767146
2023-08-17 17:00:00,5327.6866417438905,34612.080786889295,153.9256386967051
2023-08-17 18:00:00,5329.441295254231,34107.50008822442,156.25423386260476
2023-08-17 19:00:00,5375.127857421453,33607.007144275034,159.94068839114428
2023-08-17 20:00:00,3853.4090610040234,32659.88635095025,117.98599112063067
2023-08-17 21:00:00,2526.60670088552,30325.375601468575,83.31658390945579
2023-08-17 22:00:00,1730.2342401173275,26174.73625490432,66.10321583634433
2023-08-17 23:00:00,1452.1639200177633,24466.794610861838,59.3524384012725
2023-08-18 00:00:00,1299.1647298695068,23541.212913107258,55.18682213464706
2023-08-18 01:00:00,1133.1457257628545,23076.66672862724,49.10352691262625
2023-08-18 02:00:00,1245.6245718171056,23210.097137850942,53.66735711699136
2023-08-18 03:00:00,1439.5611396348893,23611.740808867336,60.96802227704724
2023-08-18 04:00:00,1629.3209187129405,24479.036712527693,66.55984620012025
2023-08-18 05:00:00,2352.9266731017906,26886.503844182553,87.51329985995537
2023-08-18 06:00:00,3120.6563983552455,29889.50000846423,104.40644364982771
2023-08-18 07:00:00,3417.826331877715,30905.49999208021,110.58958220231224
2023-08-18 08:00:00,3425.7301341376824,32015.999967559157,107.00056651701871
2023-08-18 09:00:00,4045.170340728691,32726.49990644455,123.60534589071989
2023-08-18 10:00:00,4577.879659530338,33013.50000719489,138.66689864851185
2023-08-18 11:00:00,4500.246879872037,33454.99999919977,134.51642146105758
2023-08-18 12:00:00,4384.6002828007995,33676.99999807751,130.1956909181667
2023-08-18 13:00:00,4087.9817855603756,32622.999995661346,125.30980553916108
2023-08-18 14:00:00,4124.1563976563175,32913.49999445307,125.30288174613347
2023-08-18 15:00:00,4301.51660505207,34060.999975542516,126.28861771940846
2023-08-18 16:00:00,3161.0167342886757,34491.999921853945,91.6449246622511
2023-08-18 17:00:00,2019.5684694153026,33767.14248757607,59.80868739954414
2023-08-18 18:00:00,1875.1932522399716,32956.020582472054,56.89986894950871
2023-08-18 19:00:00,1628.640230333782,31991.007509929565,50.90931349468361
2023-08-18 20:00:00,1509.2539868860035,30841.87787993152,48.935217004670754
2023-08-18 21:00:00,853.14235906952,28065.42936332871,30.39833626006329
2023-08-18 22:00:00,887.3361673928264,26222.020350371284,33.839351641730474
2023-08-18 23:00:00,879.9316894814652,26229.65190646826,33.54721185851777
2023-08-19 00:00:00,808.1541676486855,26613.192743143012,30.366674733414293
2023-08-19 01:00:00,831.7751760938652,26820.56261573081,31.012592390810322
2023-08-19 02:00:00,871.3153497073304,27086.07938532825,32.16838204274395
2023-08-19 03:00:00,971.9813928598182,26874.72468675391,36.167120005470835
2023-08-19 04:00:00,988.8301958443341,27123.211259185708,36.45697356390464
2023-08-19 05:00:00,1063.7767145882615,28182.066736862093,37.74658276558701
2023-08-19 06:00:00,1017.8184818981036,28694.78548273901,35.47050325608323
2023-08-19 07:00:00,977.9475198323429,29615.547363879894,33.02142309971553
2023-08-19 08:00:00,930.4089088390812,31408.681182776396,29.622667167231786
2023-08-19 09:00:00,895.360031165649,32188.973980752147,27.815736894908245
2023-08-19 10:00:00,1070.7897725435691,32526.744395398815,32.92028736497347
2023-08-19 11:00:00,1068.5573454867542,33072.1244874478,32.309909388866586
2023-08-19 12:00:00,1166.858707793649,33672.988021516634,34.652663049921216
2023-08-19 13:00:00,995.2852301058554,33206.41097707391,29.972683009705925
2023-08-19 14:00:00,874.3843658155811,32053.60491153959,27.278815229322138
2023-08-19 15:00:00,905.6097610297477,31552.08655278559,28.702056186195254
2023-08-19 16:00:00,1366.2703535555765,32255.69222007647,42.3574959803587
2023-08-19 17:00:00,1428.726021665642,31034.480396130675,46.036730869313125
2023-08-19 18:00:00,1428.7976476334316,29808.1814478489,47.93306999063978
2023-08-19 19:00:00,1446.111660486256,29093.673851521748,49.70536439868067
2023-08-19 20:00:00,1446.1402355366638,28204.606259658703,51.27319354232897
2023-08-19 21:00:00,1446.176557434337,26389.174069195753,54.80188783636346
2023-08-19 22:00:00,917.4846191750869,23648.852924287276,38.79615734904562
2023-08-19 23:00:00,909.0085158244468,23099.259389624807,39.35227967666938
2023-08-20 00:00:00,952.2573123570685,22831.951683149728,41.707223524822304
2023-08-20 01:00:00,948.8662179461493,21755.2248282927,43.615555593438295
2023-08-20 02:00:00,968.9000179959456,20825.59211522527,46.52448836197065
2023-08-20 03:00:00,980.4483616921002,19735.091315642418,49.68045731387002
2023-08-20 04:00:00,988.1891310110852,19421.697229287183,50.88067841573256
2023-08-20 05:00:00,975.3642626683708,19422.76188829183,50.21758842939463
2023-08-20 06:00:00,1310.0920309601224,21058.606624137024,62.21171487473994
2023-08-20 07:00:00,1874.758213890767,23877.555234642856,78.51550108324179
2023-08-20 08:00:00,2172.816684644963,26101.499953569048,83.24489736260762
2023-08-20 09:00:00,2280.386139857225,27918.499999040057,81.68010960243686
2023-08-20 10:00:00,3293.0036347489,28571.999952750142,115.25282235036327
2023-08-20 11:00:00,3079.1697370908137,29028.500007238115,106.07402161059089
2023-08-20 12:00:00,2959.0712274880498,29219.500036582314,101.27042638591841
2023-08-20 13:00:00,2455.686695399632,28307.000012096418,86.75192335288955
2023-08-20 14:00:00,1942.3644021015914,28360.139690183947,68.48923959192928
2023-08-20 15:00:00,2442.424360564436,27925.500009169187,87.46215322062199
2023-08-20 16:00:00,3789.479746908992,29558.500064578377,128.2027078041805
2023-08-20 17:00:00,4687.43202742638,29412.499997814626,159.36870472672027
2023-08-20 18:00:00,4972.352550581259,28576.499943841944,174.0014543542016
2023-08-20 19:00:00,5358.985252659455,28150.000031522297,190.37247767880913
2023-08-20 20:00:00,5095.032477961351,27600.00002563437,184.60262584163692
2023-08-20 21:00:00,4189.924808301294,25765.00001702514,162.62079586775286
2023-08-20 22:00:00,3232.7914947481113,24293.125821962203,133.07433215636274
2023-08-20 23:00:00,2400.042873907945,23309.658740116356,102.96344964404932
2023-08-21 00:00:00,2297.797888988497,23018.75120674267,99.82287346306713
2023-08-21 01:00:00,1953.1171342351304,22278.555489031056,87.66803283977528
2023-08-21 02:00:00,1802.9311048362501,21787.55408920189,82.75050505691225
2023-08-21 03:00:00,2075.809687626092,22133.290870885645,93.7867622006736
2023-08-21 04:00:00,2614.7593438016183,23660.292767413997,110.51255238070345
2023-08-21 05:00:00,3729.662589457768,25286.08228301577,147.4986337429946
2023-08-21 06:00:00,4717.649960923275,27810.49998477388,169.63556798713316
2023-08-21 07:00:00,4918.745564185585,29658.99999398393,165.8432706828723
2023-08-21 08:00:00,5010.227862656814,31268.789467972456,160.23095066691397
2023-08-21 09:00:00,5070.787866958084,32533.246069279696,155.8647992321399
2023-08-21 10:00:00,5005.17785400473,33032.321375629304,151.5236485225488
2023-08-21 11:00:00,5214.651522105421,34782.21662619971,149.9229211912125
2023-08-21 12:00:00,5001.555563486603,35827.01566330331,139.6029077746927
2023-08-21 13:00:00,4232.580579828519,35813.13469367338,118.18514676338096
2023-08-21 14:00:00,3824.0331485430124,35659.3631169144,107.23784202217422
2023-08-21 15:00:00,4078.524170630504,35973.49631254822,113.3758068772381
2023-08-21 16:00:00,4825.18555291916,36141.17946509545,133.50935482277893
2023-08-21 17:00:00,5026.978058584361,35334.10701003552,142.26984870897144
2023-08-21 18:00:00,5073.03647538198,34330.890344591695,147.76885843804396
2023-08-21 19:00:00,5071.214288591163,34047.24767088075,148.94637997209887
2023-08-21 20:00:00,4723.328737173438,32553.531363283033,145.0942045108156
2023-08-21 21:00:00,3091.1885236817807,29663.049052762402,104.21007355593846
2023-08-21 22:00:00,1698.3944281448041,27391.02577601828,62.00550654922178
2023-08-21 23:00:00,1612.2553788638743,26153.09292595012,61.646834025666294
2023-08-22 00:00:00,1504.4647243574777,25283.571202519463,59.50364813209459
2023-08-22 01:00:00,1496.3635580481005,25254.655874349017,59.25099773653803
2023-08-22 02:00:00,1484.3512307083906,24708.863217841972,60.07363502002627
2023-08-22 03:00:00,1440.087779162184,24475.766994350008,58.837289123344505
2023-08-22 04:00:00,1446.048194267851,24334.06530610619,59.42485055733748
2023-08-22 05:00:00,2415.4805298364527,26860.731917499816,89.92608754129901
2023-08-22 06:00:00,3668.9431751563034,29267.46138414423,125.3591190230106
2023-08-22 07:00:00,4810.2735230889975,32368.284858589923,148.61070162055384
2023-08-22 08:00:00,5195.519470633153,34332.22489539696,151.33069547525113
2023-08-22 09:00:00,5348.932632368821,35625.51765922713,150.14329569982905
2023-08-22 10:00:00,6116.964608180083,35999.77749904301,169.9167337448875
2023-08-22 11:00:00,5674.342301569914,36081.57115925155,157.26427977665756
2023-08-22 12:00:00,5494.948902025884,35777.331843890846,153.58744262993926
2023-08-22 13:00:00,5077.0396877330095,35067.42264009733,144.7793794211652
2023-08-22 14:00:00,4905.523477885505,34552.07839586546,141.97477273820107
2023-08-22 15:00:00,5566.373069497169,35437.865769500815,157.07416201931107
2023-08-22 16:00:00,5710.710944876732,34783.137661714914,164.18044284608615
2023-08-22 17:00:00,5984.363208757565,33771.57923036437,177.20116574758708
2023-08-22 18:00:00,6215.816674505552,32415.186018874796,191.75631665004764
2023-08-22 19:00:00,6173.982162396306,30974.17519760646,199.32676570104127
2023-08-22 20:00:00,5901.369688460816,29746.33718416012,198.38979340297692
2023-08-22 21:00:00,5505.532911546445,27690.603841420696,198.82314387492886
2023-08-22 22:00:00,5888.997078790375,27298.57783826517,215.72541667484248
2023-08-22 23:00:00,5760.318456312552,26256.566178293073,219.38582589960848
2023-08-23 00:00:00,5636.49926858577,25649.05882156779,219.7546236607383
2023-08-23 01:00:00,5481.4591859009015,25027.553286063434,219.01698193379718
2023-08-23 02:00:00,5285.191750265356,24371.549388936506,216.85907883495398
2023-08-23 03:00:00,5359.981916969563,24225.546334818864,221.25329364670608
2023-08-23 04:00:00,5685.42691830902,24587.0438187511,231.23670174504988
2023-08-23 05:00:00,6623.327909717934,26404.041461980087,250.8452321306588
2023-08-23 06:00:00,7665.76397660999,28646.03962469592,267.60292441965663
2023-08-23 07:00:00,8025.319777570402,30154.538032383964,266.13970238747294
2023-08-23 08:00:00,8233.143027232229,32401.03764232957,254.10121484739838
2023-08-23 09:00:00,8647.727563550481,33121.03619381031,261.09471675184415
2023-08-23 10:00:00,8722.653288409201,34132.53491924577,255.55246069611127
2023-08-23 11:00:00,8628.795223304476,34810.53373457298,247.87885440361882
2023-08-23 12:00:00,8348.233064346789,35521.53275006825,235.0189425407255
2023-08-23 13:00:00,8024.101567153191,35115.53170512678,228.505768744538
2023-08-23 14:00:00,7963.993532079157,34549.53086744757,230.50945503815223
2023-08-23 15:00:00,7745.8778690719,33009.53015092607,234.6558049646942
2023-08-23 16:00:00,7873.630647232954,32532.529511127235,242.0233152955384
2023-08-23 17:00:00,7687.122426273856,31639.528882369304,242.95944654717664
2023-08-23 18:00:00,7232.689342774278,30409.528345866216,237.84286492419304
2023-08-23 19:00:00,7592.9553831941475,30464.027619113425,249.24331996174575
2023-08-23 20:00:00,7007.224650334312,29566.027204980484,237.0025773754928
2023-08-23 21:00:00,6104.751271886767,27761.02695259195,219.90365422403036
2023-08-23 22:00:00,5157.886220588458,26183.026593148,196.9935065466518
2023-08-23 23:00:00,5210.81728501641,26344.526212534787,197.7950653952961
2023-08-24 00:00:00,5122.597094851345,25918.02583322338,197.6461142455099
2023-08-24 01:00:00,4686.302295790665,24807.52549201294,188.9064790964126
2023-08-24 02:00:00,4438.865688464667,24497.525241325926,181.1964941249067
2023-08-24 03:00:00,4215.095723943133,23957.02508334119,175.94403767912533
2023-08-24 04:00:00,4827.1228331728435,24947.524919285985,193.4910516690647
2023-08-24 05:00:00,6032.65917308402,26925.02477846847,224.05398779459045
2023-08-24 06:00:00,7563.162337033685,29838.024367971557,253.47396475592603
2023-08-24 07:00:00,8127.58961800684,31118.524260108374,261.18171768273095
2023-08-24 08:00:00,8267.157528106858,32229.024175215305,256.5128091735538
2023-08-24 09:00:00,8213.410747080461,33069.02409849078,248.37173067515195
2023-08-24 10:00:00,8419.996634148343,34231.024076244204,245.97559849200331
2023-08-24 11:00:00,7930.443314911197,33609.5240283358,235.95821554108093
2023-08-24 12:00:00,7976.187270675662,33227.02398085579,240.05120877726677
2023-08-24 13:00:00,8197.173352230053,33309.52388450374,246.09097928426237
2023-08-24 14:00:00,7643.660253145182,32883.02388718606,232.45004107191565
2023-08-24 15:00:00,7340.5845803148395,32433.023938529775,226.3305633858696
2023-08-24 16:00:00,7410.624013010074,32262.523988178393,229.69759017383353
2023-08-24 17:00:00,7341.7247358744435,31508.024034889255,233.01127127949547
2023-08-24 18:00:00,7557.802412105653,30598.524081857657,246.9989203363829
2023-08-24 19:00:00,7601.468329234382,29953.523991926457,253.77542660033086
2023-08-24 20:00:00,7081.681797267919,28585.52416575515,247.73664307165734
2023-08-24 21:00:00,6516.934346505545,27545.024354020294,236.59207059493397
2023-08-24 22:00:00,5592.5763089094135,25889.024529276794,216.0211290535496
2023-08-24 23:00:00,4977.880705179844,25400.02464767009,195.97936514744518
2023-08-25 00:00:00,4817.237810468379,24781.024762737296,194.39219550403575
2023-08-25 01:00:00,4968.088831444086,24162.524878638294,205.61132813716395
2023-08-25 02:00:00,4953.583578885628,23664.02507297884,209.32971308173438
2023-08-25 03:00:00,4990.183173932133,23673.525308849545,210.7917223492997
2023-08-25 04:00:00,5121.56959993769,23871.52560627236,214.5472260303285
2023-08-25 05:00:00,6160.721343940345,25893.025823057247,237.92975707205065
2023-08-25 06:00:00,7402.86931464214,28578.025804656143,259.04061271566246
2023-08-25 07:00:00,7828.489811226343,29951.526137190333,261.3719840307513
2023-08-25 08:00:00,7822.791226241368,31168.026443040442,250.9876985807079
2023-08-25 09:00:00,7748.089872505309,31942.02676471709,242.56725878972048
2023-08-25 10:00:00,7876.312136616015,32858.52712085914,239.70374897345906
2023-08-25 11:00:00,7761.4331466323165,32747.027417492565,237.01183767557393
2023-08-25 12:00:00,7677.062999212004,32986.52776966788,232.73328592866625
2023-08-25 13:00:00,7288.007776921375,31714.528131610463,229.80029047499153
2023-08-25 14:00:00,7033.912024822547,30978.02859514402,227.0613187414112
2023-08-25 15:00:00,7108.279506444264,31060.528991195803,228.85249341565068
2023-08-25 16:00:00,7025.073430001363,31205.02940800557,225.1263198040473
2023-08-25 17:00:00,7465.135331614294,31032.02990098102,240.5622627792808
2023-08-25 18:00:00,7300.067698095292,30264.530429325598,241.20868867080466
2023-08-25 19:00:00,7240.654732841536,29656.530829772146,244.15042927315875
2023-08-25 20:00:00,6844.684497933237,28640.531408640207,238.9859461849353
2023-08-25 21:00:00,6194.747851861176,26962.031985031983,229.75819683398493
2023-08-25 22:00:00,5476.20770574926,24326.532604396674,225.11254665038098
2023-08-25 23:00:00,4498.744417639996,22177.033345581323,202.8560063709491
2023-08-26 00:00:00,4314.883249857132,21175.534057476376,203.7673873133646
2023-08-26 01:00:00,4044.6048777609194,21006.534781032853,192.54031756883865
2023-08-26 02:00:00,3867.07200563869,20373.535589847652,189.80858715390042
2023-08-26 03:00:00,3802.2396434980715,20054.53646528764,189.594990144966
2023-08-26 04:00:00,3771.880411495728,19818.53738519502,190.32082631453034
2023-08-26 05:00:00,3892.2703875771776,20389.538316377686,190.89546448684186
2023-08-26 06:00:00,4324.143878603199,22106.539021165307,195.60474276245432
2023-08-26 07:00:00,5237.116481416304,24883.53995486863,210.4650902128428
2023-08-26 08:00:00,5371.968534099823,26778.040947246616,200.61096122314288
2023-08-26 09:00:00,5328.254793704742,28124.541976636003,189.45214461202963
2023-08-26 10:00:00,5257.257764441099,28651.0430888057,183.49271780946682
2023-08-26 11:00:00,4730.09581663544,28444.54437844194,166.2918468196794
2023-08-26 12:00:00,4743.94980843727,27864.545522065655,170.25039237336864
2023-08-26 13:00:00,4353.963279177562,27304.046884253967,159.46219612186715
2023-08-26 14:00:00,3895.052855774679,26253.0483944941,148.36573632308415
2023-08-26 15:00:00,4613.823299895854,26752.0497030808,172.4661605785115
2023-08-26 16:00:00,5452.817227908387,27891.051010859603,195.50418611995977
2023-08-26 17:00:00,5450.362875068951,28161.052705359398,193.54258280379128
2023-08-26 18:00:00,5274.732838126173,27032.554560548575,195.1252082488771
2023-08-26 19:00:00,5460.847436425907,25747.0563486618,212.0959911873473
2023-08-26 20:00:00,5259.1875544383265,25178.55828400256,208.87564312130618
2023-08-26 21:00:00,4770.402034538101,23298.060593469603,204.75532782652454
2023-08-26 22:00:00,4106.435348759124,21393.563399286482,191.94723534911822
2023-08-26 23:00:00,3634.267477280633,20910.56577276896,173.80053303069408
2023-08-27 00:00:00,2963.5432155687986,20143.068651850404,147.12471405376255
2023-08-27 01:00:00,2577.37170442951,19489.57137323383,132.243631995374
2023-08-27 02:00:00,2372.0590824755063,19302.57459025169,122.88822257283019
2023-08-27 03:00:00,2169.5051049454446,19518.578258204052,111.1507752381277
2023-08-27 04:00:00,1996.9491967242743,19995.083126758203,99.87201273756541
2023-08-27 05:00:00,2109.048995319668,20557.587610438448,102.59224162317393
2023-08-27 06:00:00,2688.721585058937,21639.59297050073,124.25009974652593
2023-08-27 07:00:00,3196.0765436017873,23557.098465056966,135.67360803549872
2023-08-27 08:00:00,3523.2985647104715,25542.6057590284,137.93810224178523
2023-08-27 09:00:00,3567.930175154955,26931.614348762832,132.48111045073153
2023-08-27 10:00:00,3706.8521495326086,28027.124258492182,132.259453925582
2023-08-27 11:00:00,4019.492844611282,28326.136420404804,141.90049729887733
2023-08-27 12:00:00,3277.770921697691,28197.652540176347,116.24268782755885
2023-08-27 13:00:00,3260.854656367685,28030.67284923028,116.3316583196906
2023-08-27 14:00:00,3392.2602795588327,27645.701543000396,122.70480003129882
2023-08-27 15:00:00,3539.7142515323085,27413.243885650627,129.12423886416306
2023-08-27 16:00:00,4420.844392914178,28142.811185263014,157.08609789590435
2023-08-27 17:00:00,5049.864998655141,28260.948017444694,178.6870346860976
2023-08-27 18:00:00,4991.354052199419,27260.36381232077,183.0993190906533
2023-08-27 19:00:00,5101.366520874352,26987.062651960965,189.0300766209423
2023-08-27 20:00:00,4804.975879271071,25843.708414829605,185.92439607134267
2023-08-27 21:00:00,4231.335846449504,24570.7054959041,172.2105963605669
2023-08-27 22:00:00,3072.375156212562,22509.689386269038,136.49122844345945
2023-08-27 23:00:00,2363.789687025762,21342.363765980324,110.75575849726809
2023-08-28 00:00:00,2144.0520427946494,20577.521945302702,104.19388925905527
2023-08-28 01:00:00,1802.5397265141903,20182.23869950147,89.3131705234819
2023-08-28 02:00:00,1243.0321604752287,19888.80728357804,62.49908014854093
2023-08-28 03:00:00,1582.9297487027636,19989.41896296212,79.18838219538713
2023-08-28 04:00:00,1942.8084591078878,20523.73756396975,94.66153292266641
2023-08-28 05:00:00,3068.4199015110553,21938.622038598125,139.86383903750078
2023-08-28 06:00:00,4612.583053623252,24561.675745632838,187.7959428091297
2023-08-28 07:00:00,5308.3202993339655,26447.531727312475,200.71136898767915
2023-08-28 08:00:00,5455.2297879172775,27473.84308758502,198.5608555208793
2023-08-28 09:00:00,5448.1071299910645,28471.50086006258,191.35300091022634
2023-08-28 10:00:00,5674.757406287514,28671.63387246767,197.92235878600476
2023-08-28 11:00:00,5721.601177430801,29069.763300986546,196.82310854029643
2023-08-28 12:00:00,5473.720458566233,29003.025413758354,188.72929221961888
2023-08-28 13:00:00,5248.405520684268,29694.085270149844,176.7491900469572
2023-08-28 14:00:00,4995.504792720573,29401.38753254487,169.90711024066357
2023-08-28 15:00:00,5188.355956052182,29593.100917873217,175.32315962598543
2023-08-28 16:00:00,6194.971056803881,30839.6047468399,200.8771223774738
2023-08-28 17:00:00,6557.492858759766,30503.075658714013,214.97808719778865
2023-08-28 18:00:00,6533.412419938685,29561.930661356007,221.00763630026717
2023-08-28 19:00:00,6527.913729296089,28766.42121324683,226.92825363657013
2023-08-28 20:00:00,6311.348838147081,27627.13577804979,228.44745430185168
2023-08-28 21:00:00,5877.117497290197,25739.145511435265,228.33382307424074
2023-08-28 22:00:00,4642.088530346499,23872.183209684084,194.455969509457
2023-08-28 23:00:00,3997.257902370908,22399.894872292334,178.4498509997624
2023-08-29 00:00:00,3864.8680184020554,21999.888540816588,175.67670905384506
2023-08-29 01:00:00,3780.3771241650343,22462.566799361797,168.29675601776916
2023-08-29 02:00:00,3528.6492333973274,22430.63376914409,157.31384452682695
2023-08-29 03:00:00,3186.918250123454,21510.106883705026,148.1591080580684
2023-08-29 04:00:00,3506.641838435481,22596.80216493312,155.1831012565693
2023-08-29 05:00:00,4425.543031515986,24859.635259740233,178.0212374508599
2023-08-29 06:00:00,5550.2887448332895,27410.58648186135,202.48704815222143
2023-08-29 07:00:00,5903.232848263559,29144.106547340893,202.55322765426035
2023-08-29 08:00:00,6014.456348184789,30601.101621745103,196.54378533584963
2023-08-29 09:00:00,6243.632384179446,31985.456961507636,195.20222555185754
2023-08-29 10:00:00,6712.913465770572,33214.885925472554,202.1055704009637
2023-08-29 11:00:00,6357.34439984906,33496.10085437834,189.79356515216844
2023-08-29 12:00:00,6235.751492759402,34031.7219746959,183.233498951242
2023-08-29 13:00:00,5948.4413860336335,33726.84619771559,176.37111253042502
2023-08-29 14:00:00,5669.3659219401625,33744.164579275646,168.0102617037989
2023-08-29 15:00:00,5709.0654249029485,33992.75294318459,167.9494871876093
2023-08-29 16:00:00,6159.55900815869,34990.44739374475,176.03544587028733
2023-08-29 17:00:00,6072.377589800802,34270.65530902362,177.1888379444532
2023-08-29 18:00:00,5839.313884703597,33094.291508892464,176.44474676651012
2023-08-29 19:00:00,5827.412520415714,32355.73394079472,180.1044764145623
2023-08-29 20:00:00,5214.509096397446,30559.349274768658,170.63547556304835
2023-08-29 21:00:00,4431.296680835202,28411.500545488365,155.96841404910853
2023-08-29 22:00:00,3099.139453933401,24884.11440265961,124.5428872325939
2023-08-29 23:00:00,2727.4661051255034,23771.16849243967,114.73841119728564
2023-08-30 00:00:00,2259.3843484047666,23218.52054938056,97.30957420820873
2023-08-30 01:00:00,2043.6792305456086,22360.598300708665,91.39644668992774
2023-08-30 02:00:00,1681.026343268189,21915.529248549145,76.70480252624867
2023-08-30 03:00:00,1391.572616909173,22037.618794583872,63.14532572145118
2023-08-30 04:00:00,2199.407457847905,23174.381710511094,94.90684521047352
2023-08-30 05:00:00,3330.5145411900053,26035.826482205877,127.92044621538085
2023-08-30 06:00:00,4567.883808156322,29273.616056127135,156.04098241222363
2023-08-30 07:00:00,4987.431044347779,30910.08872955037,161.35285433780533
2023-08-30 08:00:00,5155.587084648311,32645.079024798222,157.92846084801835
2023-08-30 09:00:00,5250.519020453217,33185.574162079574,158.21691060125968
2023-08-30 10:00:00,6070.987734946606,33582.0739064188,180.78060788813315
2023-08-30 11:00:00,6298.04743431722,33569.07026758548,187.61459236476554
2023-08-30 12:00:00,6338.765107937768,33194.56735475514,190.95790706335978
2023-08-30 13:00:00,5873.084687411597,32406.5647520615,181.231325576957
2023-08-30 14:00:00,5653.96609562425,32354.063232536337,174.75289131346048
2023-08-30 15:00:00,6058.8593428663635,32922.56134646053,184.03365640680158
2023-08-30 16:00:00,6156.242185527146,33393.06003615272,184.35693461042928
2023-08-30 17:00:00,6276.85309653815,33133.558785011315,189.44095734677376
2023-08-30 18:00:00,6280.654360332908,31887.05761740757,196.96562899250432
2023-08-30 19:00:00,6468.905144574337,30757.055979534387,210.32263779988304
2023-08-30 20:00:00,5979.61687468178,28430.055787816673,210.3273000696772
2023-08-30 21:00:00,5584.163471470632,26596.55475823544,209.9581514309305
2023-08-30 22:00:00,4803.08885646932,23725.055976186875,202.44794622572175
2023-08-30 23:00:00,4649.545527708422,22764.055164948946,204.24944035751506
2023-08-31 00:00:00,4618.9571207081035,22087.554280171476,209.12035176545785
2023-08-31 01:00:00,4624.064303181432,21434.05357530603,215.73447537281388
2023-08-31 02:00:00,4529.191257220743,21074.554147332223,214.912791300692
2023-08-31 03:00:00,4676.662678490068,21072.054520568097,221.93672068972924
2023-08-31 04:00:00,5457.063306481544,22897.05277328922,238.33038079239327
2023-08-31 05:00:00,6548.513596356651,25726.050545401893,254.5479565469908
2023-08-31 06:00:00,7223.702740788166,27279.050982843968,264.8076997008149
2023-08-31 07:00:00,7807.873671577268,30506.050718562492,255.94508262016004
2023-08-31 08:00:00,7856.737526341974,32217.051451765466,243.86891947901807
2023-08-31 09:00:00,7967.454389207826,33202.05060331674,239.968744232078
2023-08-31 10:00:00,8118.437929318473,33800.05051215908,240.1901123312813
2023-08-31 11:00:00,7946.260212815964,34068.05056519704,233.2466953930625
2023-08-31 12:00:00,7700.627790425461,33719.55061751418,228.37278817190702
2023-08-31 13:00:00,7427.8377958885685,32591.05065804972,227.91035102926188
2023-08-31 14:00:00,7389.849167847472,32310.050394529357,228.7167329549786
2023-08-31 15:00:00,7369.000182109465,32129.05052730789,229.3563009540611
2023-08-31 16:00:00,7447.079819468301,32262.550247090247,230.8273760887812
2023-08-31 17:00:00,7457.486650046982,32228.049603597694,231.3973926990135
2023-08-31 18:00:00,7328.824715766111,31493.54944928767,232.7087560443866
2023-08-31 19:00:00,7120.230592687464,30564.54988557045,232.9571552450354
2023-08-31 20:00:00,6790.12853687191,28785.049792315232,235.89080393686436
2023-08-31 21:00:00,6139.537551535157,26552.549800983146,231.2221461800189
2023-08-31 22:00:00,5027.967633211024,24223.552196383847,207.56524858322024
2023-08-31 23:00:00,4676.442663816293,22504.551783980325,207.7998579445239
2023-09-01 00:00:00,4615.835636276251,21952.05134026454,210.26898874866725
2023-09-01 01:00:00,4622.2050321392635,22194.55141549723,208.25854713656582
2023-09-01 02:00:00,4480.876632146656,21963.5525317482,204.01420151269122
2023-09-01 03:00:00,4628.720696275053,22172.55284126538,208.759033270203
2023-09-01 04:00:00,5028.9346413176945,22350.05258273988,225.00773198186363
2023-09-01 05:00:00,5750.57277806307,24782.052622341405,232.04586261264086
2023-09-01 06:00:00,6702.853181191366,28148.052285034333,238.12848979093016
2023-09-01 07:00:00,7339.949326138498,30297.552063267256,242.26212437266346
2023-09-01 08:00:00,7348.84697625587,31656.053790959853,232.14665431085757
2023-09-01 09:00:00,7346.248478243928,32231.054341478946,227.9245475624996
2023-09-01 10:00:00,7316.934220746081,32953.55470917876,222.0377827314651
2023-09-01 11:00:00,7026.681989789695,33810.55633560184,207.82509225944736
2023-09-01 12:00:00,6833.10782757697,33131.5571813283,206.2416743704353
2023-09-01 13:00:00,6977.413951825854,32711.05782025075,213.30444249669847
2023-09-01 14:00:00,6883.677101077238,32455.559747951356,212.0954669873394
2023-09-01 15:00:00,6882.848682323024,31851.56152016635,216.09140506236247
2023-09-01 16:00:00,7064.665484155525,32067.56345781138,220.30565226603252
2023-09-01 17:00:00,7361.264591154376,32257.565679950905,228.20273123491256
2023-09-01 18:00:00,7518.01567842569,31309.568354761483,240.1187903084703
2023-09-01 19:00:00,7383.6693290877165,30181.571506841316,244.64164589355613
2023-09-01 20:00:00,6607.649933043539,27740.075581372083,238.19869969931463
2023-09-01 21:00:00,6104.650931595023,26517.080374499434,230.21580224441516
2023-09-01 22:00:00,5447.124658282316,23980.086296316225,227.15200399921383
2023-09-01 23:00:00,5167.098387346637,22957.09308221137,225.0763356163083
2023-09-02 00:00:00,4535.79722637159,21337.601881343813,212.5729616474563
2023-09-02 01:00:00,4482.00564806431,21261.11198120522,210.8076779815841
2023-09-02 02:00:00,4350.122143159339,21031.125547918073,206.84209854807176
2023-09-02 03:00:00,4255.631403411685,20794.6437138243,204.65036390993976
2023-09-02 04:00:00,4437.382877195084,20854.66930623512,212.77646804346102
2023-09-02 05:00:00,4527.690468540978,21382.207387281353,211.7503766816029
2023-09-02 06:00:00,4979.161492698306,22728.770359161288,219.06866997278425
2023-09-02 07:00:00,5842.598988835721,25496.896928681665,229.14941395332443
2023-09-02 08:00:00,6309.5031464546755,27921.271971316157,225.9747748217381
2023-09-02 09:00:00,6392.0387451613315,29310.83878816615,218.07764668072306
2023-09-02 10:00:00,6337.26647055465,29903.699988052118,211.92248695267392
2023-09-02 11:00:00,5738.03066110651,29740.236346422203,192.93830063313547
2023-09-02 12:00:00,5006.746358035991,29210.918447602304,171.3998266441689
2023-09-02 13:00:00,4376.470276509156,28284.21407832089,154.73190325848958
2023-09-02 14:00:00,4358.439274363448,27316.07555137426,159.55583612903638
2023-09-02 15:00:00,5236.205739258208,28459.037518832505,183.99096370680834
2023-09-02 16:00:00,5895.477403486578,29313.514968485822,201.1180648183832
2023-09-02 17:00:00,6172.052063267892,29123.515176783807,211.92675491961302
2023-09-02 18:00:00,6019.723517020626,28763.015390548724,209.2869414170899
2023-09-02 19:00:00,6012.142096293705,28415.076269254267,211.5828245303348
2023-09-02 20:00:00,5925.612521008287,27260.462011397758,217.37021619555654
2023-09-02 21:00:00,5515.782658398718,25900.7242011463,212.9586267767217
2023-09-02 22:00:00,3405.119977864034,22163.308612387336,153.6377098481078
2023-09-02 23:00:00,2372.478632708648,20553.044450570655,115.43198081502598
2023-09-03 00:00:00,1806.856692959387,20063.324844905557,90.05769018479411
2023-09-03 01:00:00,1595.1412875768633,19731.98653235517,80.84037990606059
2023-09-03 02:00:00,1526.3519004562536,19950.171524602905,76.50820939428662
2023-09-03 03:00:00,1684.441789088659,20021.41948375928,84.13198626875696
2023-09-03 04:00:00,1687.5187883768606,20035.680525580676,84.22567859486034
2023-09-03 05:00:00,2137.6675165826637,20295.132157397413,105.32907595792625
2023-09-03 06:00:00,2606.7356541832905,21619.450335730562,120.57363224795438
2023-09-03 07:00:00,3212.8055090702355,23976.152322478585,134.0000457895867
2023-09-03 08:00:00,3790.7500253620583,26451.248198261834,143.31081833828756
2023-09-03 09:00:00,3776.479091806975,27695.96158080527,136.354864617673
2023-09-03 10:00:00,3773.8728149958974,28825.01500771451,130.9235333957636
2023-09-03 11:00:00,3686.893069925052,30210.00260780539,122.04213014441996
2023-09-03 12:00:00,3552.5475838412963,30307.19196159149,117.21797216790867
2023-09-03 13:00:00,3327.9719552751712,29645.231223703235,112.25994259117964
2023-09-03 14:00:00,3202.355086294971,29356.227961626475,109.08605460078138
2023-09-03 15:00:00,3493.5843102045037,29417.128917047983,118.76020668284463
2023-09-03 16:00:00,4344.876224633913,30637.46997728265,141.81576441708768
2023-09-03 17:00:00,4711.395465653049,30285.858757454425,155.56420253374546
2023-09-03 18:00:00,4749.438965347456,28963.28160915445,163.98138268442267
2023-09-03 19:00:00,5203.613209878461,29275.524624225964,177.746198460006
2023-09-03 20:00:00,4911.886319298448,27864.40870684271,176.27814646905563
2023-09-03 21:00:00,4280.180732419537,25506.534735819878,167.8072218257348
2023-09-03 22:00:00,3192.6181288720013,23228.770098899964,137.44240936041606
2023-09-03 23:00:00,2846.955147782493,22159.534358671895,128.47540483937865
2023-09-04 00:00:00,2750.072686652808,21645.045933806083,127.05321555163052
2023-09-04 01:00:00,3000.7451732676222,21543.30851454308,139.2889662811973
2023-09-04 02:00:00,2950.8901183684857,21112.01876281959,139.77299620277446
2023-09-04 03:00:00,2974.0509479306666,20978.401745278814,141.76727970232415
2023-09-04 04:00:00,3561.328199631919,22446.79961199821,158.65639027348584
2023-09-04 05:00:00,4855.520260017982,25774.389404117283,188.38546216898337
2023-09-04 06:00:00,6049.096992109114,28959.306958550605,208.88265733593602
2023-09-04 07:00:00,6752.5656318024385,31618.79605852113,213.56175672547948
2023-09-04 08:00:00,6854.0716121945425,33241.97384942626,206.18726322452844
2023-09-04 09:00:00,6382.343907985897,33700.74009001156,189.38290052204334
2023-09-04 10:00:00,6306.638133368898,34546.22400739679,182.5565112997173
2023-09-04 11:00:00,6073.1262130542655,35120.40708126922,172.92300168961447
2023-09-04 12:00:00,5725.904089552532,34877.79892099468,164.17045417696428
2023-09-04 13:00:00,5409.5211574632,34475.49430508993,156.90916886040247
2023-09-04 14:00:00,5280.672382025804,33731.56154851417,156.54989391555193
2023-09-04 15:00:00,5569.107166940201,33841.17052906654,164.56603243545715
2023-09-04 16:00:00,6354.472950061955,34897.60467732328,182.0890863088703
2023-09-04 17:00:00,6768.198943641253,34491.129672216106,196.23013244165472
2023-09-04 18:00:00,6946.266249191153,33442.11335124428,207.71014607343
2023-09-04 19:00:00,6861.523735133252,32674.106053300562,209.99882059329173
2023-09-04 20:00:00,6196.555917132629,30962.603414707446,200.13032606260825
2023-09-04 21:00:00,5139.74296942391,28285.103040404665,181.71201151651798
2023-09-04 22:00:00,4487.60847867223,25893.099172379003,173.31291433276192
2023-09-04 23:00:00,4183.865366145834,24317.10678266116,172.0544061240483
2023-09-05 00:00:00,4256.469031737658,23761.609338682843,179.13218633757754
2023-09-05 01:00:00,4188.47205420681,23741.114058755866,176.42272573397102
2023-09-05 02:00:00,4147.725979240307,23332.62039834611,177.76511632333896
2023-09-05 03:00:00,4407.451163665763,23224.127529488167,189.77897697424922
2023-09-05 04:00:00,4806.334013676647,24058.636761463786,199.7758252610244
2023-09-05 05:00:00,5642.8225291341505,26242.148235895555,215.028986133672
2023-09-05 06:00:00,6407.746357824068,29110.66515837516,220.11679647177536
2023-09-05 07:00:00,6819.315439955741,32090.689987047324,212.50136543365699
2023-09-05 08:00:00,6939.030274774605,33859.22863788024,204.93763602787803
2023-09-05 09:00:00,6900.574919094636,34614.799702388176,199.353310677067
2023-09-05 10:00:00,6734.544398082486,35553.4894417459,189.42006829222714
2023-09-05 11:00:00,6404.473880732344,36348.241604941766,176.19762601835507
2023-09-05 12:00:00,5986.678251338946,36640.7088013264,163.38871291491574
2023-09-05 13:00:00,5575.858897613254,35574.449205693294,156.73774358032506
2023-09-05 14:00:00,5767.365109151618,35810.550066259944,161.05212286547714
2023-09-05 15:00:00,6501.225661667506,36678.65114441959,177.24822093564427
2023-09-05 16:00:00,7339.379060753784,37148.37901110537,197.56929524595688
2023-09-05 17:00:00,7827.293531189069,36809.20023602423,212.64503116067962
2023-09-05 18:00:00,7726.993149314149,35501.030328228626,217.65546176754296
2023-09-05 19:00:00,7625.230843175497,35304.72696605184,215.98328321608977
2023-09-05 20:00:00,6910.3106631715,33498.81618087799,206.28521992714738
2023-09-05 21:00:00,6054.26429583846,30747.97831935954,196.89958907075768
2023-09-05 22:00:00,5789.203993408358,28423.014305142624,203.68015620218392
2023-09-05 23:00:00,5218.993855131647,26418.108597863225,197.55365285892475
2023-09-06 00:00:00,5028.006252790949,25399.064858521946,197.96029030194558
2023-09-06 01:00:00,4920.089566746982,24813.556847699994,198.2823178855567
2023-09-06 02:00:00,4886.969882808526,24293.553685889317,201.16323638756384
2023-09-06 03:00:00,5049.401474645552,24147.55298155551,209.10613503995242
2023-09-06 04:00:00,5754.0267996474995,25762.55700772629,223.34843540265996
2023-09-06 05:00:00,6275.037461882653,27544.562302468643,227.81401980456454
2023-09-06 06:00:00,7247.494621411053,30223.075621967622,239.80003597460532
2023-09-06 07:00:00,7578.419017535124,32205.97333062344,235.3109760023645
2023-09-06 08:00:00,7948.510454998834,34017.0784340848,233.66234905801022
2023-09-06 09:00:00,8156.193993862588,34989.86446095592,233.10161726873295
2023-09-06 10:00:00,8067.426064590153,35714.958858618375,225.8836723437357
2023-09-06 11:00:00,7979.601667100438,36092.957370825905,221.0847281123709
2023-09-06 12:00:00,7951.46769099342,36194.98984201243,219.68420838632068
2023-09-06 13:00:00,7674.781330189258,35237.49793830829,217.80154038251544
2023-09-06 14:00:00,7799.157154062382,34982.457863764546,222.9448023473756
2023-09-06 15:00:00,8274.375787151046,35684.959129218434,231.87292318841642
2023-09-06 16:00:00,8645.109272924703,35794.43909641911,241.52101530736272
2023-09-06 17:00:00,8899.33317152554,34903.08242588587,254.97270020270045
2023-09-06 18:00:00,8995.804480245793,33820.51274009061,265.98663803172406
2023-09-06 19:00:00,8567.365507485352,32503.18844067807,263.58538711122895
2023-09-06 20:00:00,8073.315011143768,30439.12590406323,265.2282143905481
2023-09-06 21:00:00,7135.887647857083,27967.612183758793,255.14826224603465
2023-09-06 22:00:00,5606.301697460714,24832.109821269907,225.76823869628046
2023-09-06 23:00:00,5229.148095000688,23796.10768991577,219.74804296320602
2023-09-07 00:00:00,5357.601049871636,23552.60716287595,227.4737999416211
2023-09-07 01:00:00,5431.231335105622,23335.118599837326,232.74924924287654
2023-09-07 02:00:00,5487.716827177987,23463.118939615993,233.88692872848733
2023-09-07 03:00:00,5604.267474313897,23451.120307990743,238.97653505296705
2023-09-07 04:00:00,5838.806013373735,24168.121848138464,241.59121879896787
2023-09-07 05:00:00,6513.678102205306,26775.62467161959,243.26895010256766
2023-09-07 06:00:00,6931.647095770631,29171.630935142734,237.61602877747072
2023-09-07 07:00:00,7587.052138346587,31864.63666556742,238.1025780389667
2023-09-07 08:00:00,7726.559446963675,33543.64666582032,230.34345442341964
2023-09-07 09:00:00,7683.858163391998,34334.6608286151,223.7930411413337
2023-09-07 10:00:00,7461.596225849521,35403.683012574715,210.75762719938783
2023-09-07 11:00:00,7367.2053085818325,35755.718452375775,206.04271505254349
2023-09-07 12:00:00,7070.5716860177145,35700.78982194103,198.05084765021851
2023-09-07 13:00:00,6888.759799178244,35299.508769420296,195.15171851756548
2023-09-07 14:00:00,7093.4736485894355,34841.74677914848,203.59121755728452
2023-09-07 15:00:00,7433.627547228576,34946.85455523735,212.71234970457527
2023-09-07 16:00:00,7539.730169802167,35022.390297910824,215.28314046148733
2023-09-07 17:00:00,7905.22404606387,34425.599464902436,229.63213913307158
2023-09-07 18:00:00,7981.299741692313,33638.618667268835,237.26597755508624
2023-09-07 19:00:00,8098.134956875604,33151.016548040774,244.28013980024406
2023-09-07 20:00:00,7523.62671562757,31132.138520990455,241.66752022367044
2023-09-07 21:00:00,6834.976499271354,28211.560460925535,242.27573333769146
2023-09-07 22:00:00,6014.073652148119,25580.12940951815,235.10724108808978
2023-09-07 23:00:00,5882.127635802672,24487.131579517467,240.213012157081
2023-09-08 00:00:00,6042.8012213167885,24295.123080977453,248.72486552859527
2023-09-08 01:00:00,6044.780249426743,23965.11998082562,252.23242171385508
2023-09-08 02:00:00,6145.2634675704385,23712.619596352124,259.15582386839316
2023-09-08 03:00:00,6342.205779697301,23892.120660905737,265.4517725617778
2023-09-08 04:00:00,6808.8243410355735,24962.622487634286,272.7607784161482
2023-09-08 05:00:00,7557.602315908152,26874.62501057643,281.2170332770738
2023-09-08 06:00:00,8188.3135438672925,28997.128374842065,282.3836015076404
2023-09-08 07:00:00,8719.48149858177,31630.633197835738,275.66572708314874
2023-09-08 08:00:00,8889.849471377882,33304.13969131884,266.9292632619823
2023-09-08 09:00:00,8774.948004188744,34067.1472227605,257.5780104747409
2023-09-08 10:00:00,8966.640564569043,35383.15644169181,253.4155080071853
2023-09-08 11:00:00,8654.255793328042,35552.16953641887,243.42412590215656
2023-09-08 12:00:00,8320.772509204035,35095.687079821946,237.0881781080164
2023-09-08 13:00:00,8002.457624762097,34338.7121980386,233.04477985692168
2023-09-08 14:00:00,7796.41579447188,33282.25216798509,234.2514489440537
2023-09-08 15:00:00,7831.169362560759,33373.329723563904,234.65352206170203
2023-09-08 16:00:00,8097.749868064839,33079.551182795156,244.79624355594402
2023-09-08 17:00:00,8511.36430297063,32790.836067160584,259.5653336053424
2023-09-08 18:00:00,8684.798977488023,32153.79132187095,270.10186421097524
2023-09-08 19:00:00,8393.925764186059,31431.986954714335,267.0504342051177
2023-09-08 20:00:00,7993.159730847092,29910.08143295903,267.239651244785
2023-09-08 21:00:00,7577.161655624734,28145.68383662165,269.2122067315251
2023-09-08 22:00:00,6811.611474576743,26236.651034321043,259.621987031281
2023-09-08 23:00:00,6261.214250850622,24561.120560198226,254.923802662206
2023-09-09 00:00:00,5581.878586133567,23569.114721650007,236.83021836226166
2023-09-09 01:00:00,5048.727696023396,22735.75662253985,222.06112511857955
2023-09-09 02:00:00,4726.372210726563,22418.050871533094,210.82886455254717
2023-09-09 03:00:00,4496.2974647222,22228.155387103456,202.27937885169297
2023-09-09 04:00:00,4465.692649235058,22302.605093385995,200.23188459537366
2023-09-09 05:00:00,4515.007560493845,22686.62610450075,199.01626357733832
2023-09-09 06:00:00,4935.1049527222685,24137.75317259545,204.45585458738094
2023-09-09 07:00:00,5965.696916717878,27322.982712155826,218.33988549367913
2023-09-09 08:00:00,6462.28256523326,29753.92071995547,217.19095866579738
2023-09-09 09:00:00,6226.928496182229,31032.190331344853,200.6602959602423
2023-09-09 10:00:00,6001.0502056632495,31430.120201803555,190.9330975234034
2023-09-09 11:00:00,5268.637722604886,31980.533525443418,164.74514780728117
2023-09-09 12:00:00,4805.951081242522,31553.013298972324,152.3135377184103
2023-09-09 13:00:00,4354.33199049941,30892.536601036492,140.95093733265384
2023-09-09 14:00:00,4394.550083220714,30348.536379531168,144.80270245205818
2023-09-09 15:00:00,4904.84568550549,30537.526745043917,160.61699188856284
2023-09-09 16:00:00,6330.623693685613,32149.29762711199,196.9132815003368
2023-09-09 17:00:00,6861.029188335794,31670.298471380724,216.63923358776844
2023-09-09 18:00:00,7165.557891019816,30975.94323013496,231.32654388547564
2023-09-09 19:00:00,7189.02762522517,29667.30645278942,242.3215480200506
2023-09-09 20:00:00,7008.748064547125,28319.141824025322,247.4915415198444
2023-09-09 21:00:00,6623.032338956736,27103.098832460153,244.3643946361082
2023-09-09 22:00:00,5542.939240717338,24773.10127668918,223.74829775281685
2023-09-09 23:00:00,4836.618552757732,22968.094008511118,210.5798831616355
2023-09-10 00:00:00,4683.6973892729,22262.088476189998,210.38894865062912
2023-09-10 01:00:00,4601.912208798387,22347.084989942243,205.92897064067063
2023-09-10 02:00:00,4559.016360792143,22063.58316919394,206.63082355352077
2023-09-10 03:00:00,4550.328264150971,21861.082018190406,208.14744029434064
2023-09-10 04:00:00,4900.467382103795,21835.080257078578,224.43093061291327
2023-09-10 05:00:00,4900.199654085886,21888.080150073372,223.87526089488756
2023-09-10 06:00:00,5075.614539156455,22529.580543336786,225.28668607004263
2023-09-10 07:00:00,5911.97003724726,25472.076898770207,232.0961129609612
2023-09-10 08:00:00,6546.677568055323,27972.577745633866,234.03912315793522
2023-09-10 09:00:00,6647.257980984057,29167.577723475446,227.89886921717292
2023-09-10 10:00:00,6535.75299829786,30029.57794912768,217.64385131785426
2023-09-10 11:00:00,6569.555303333526,30972.57775179332,212.10876782618288
2023-09-10 12:00:00,6400.781939105363,31147.078088953447,205.50184260704216
2023-09-10 13:00:00,6266.7888233725635,30611.07866408845,204.72290088635393
2023-09-10 14:00:00,6114.131464471286,30548.580042770194,200.14453882671683
2023-09-10 15:00:00,6149.702677041578,30795.580017650715,199.69432865095675
2023-09-10 16:00:00,6725.644334955303,32069.079157458047,209.7236500596923
2023-09-10 17:00:00,6837.108083024112,31928.08053882108,214.14090567426786
2023-09-10 18:00:00,7320.196508802777,31879.080380098505,229.62382921725165
2023-09-10 19:00:00,7343.414617494629,30756.082239540534,238.76300499853042
2023-09-10 20:00:00,7168.50198876718,29406.082042735274,243.7761677447998
2023-09-10 21:00:00,5931.933664448212,27306.08501241689,217.2385262021555
2023-09-10 22:00:00,5165.293808888297,24119.088769806465,214.15791691742854
2023-09-10 23:00:00,4606.955072125164,23908.589073108455,192.69037825853582
2023-09-11 00:00:00,3476.79346945652,24010.590704562896,144.80249620830034
2023-09-11 01:00:00,2436.348875507608,23681.5919354622,102.87943826357709
2023-09-11 02:00:00,1836.7335501806674,23421.597634045833,78.4205065290156
2023-09-11 03:00:00,2340.916511459125,24174.598560637507,96.83372841072705
2023-09-11 04:00:00,3042.963197072835,25735.10331556152,118.24173230471604
2023-09-11 05:00:00,4351.773672263716,29525.265910775826,147.39151496262903
2023-09-11 06:00:00,5521.668007643035,31647.73481677483,174.4727715778345
2023-09-11 07:00:00,6035.305824400227,32465.133489032127,185.9011553560735
2023-09-11 08:00:00,6656.515969707348,33824.65900347357,196.7947694320811
2023-09-11 09:00:00,7048.416970537767,34455.70984422493,204.56455555273203
2023-09-11 10:00:00,7513.275028143623,34865.3579195894,215.4939882008848
2023-09-11 11:00:00,7491.768700887643,35343.341337005666,211.97114979741627
2023-09-11 12:00:00,7368.91867188861,35157.941133103035,209.59471557196474
2023-09-11 13:00:00,7086.382590748758,34681.03758779671,204.33017820788208
2023-09-11 14:00:00,6672.49411658597,33886.760797925184,196.90563392516742
2023-09-11 15:00:00,7020.806194795929,34467.85241248531,203.69143138876788
2023-09-11 16:00:00,7852.982417849814,35473.98238049716,221.37301455523124
2023-09-11 17:00:00,8414.530511021965,35135.37319916808,239.4888610780773
2023-09-11 18:00:00,8659.275140534142,34309.380664292476,252.38797590847483
2023-09-11 19:00:00,8323.188341649378,33205.658706169794,250.65572152323796
2023-09-11 20:00:00,7769.231850080187,30903.158599412553,251.40575275136678
2023-09-11 21:00:00,7064.998771186807,28700.67300629956,246.16143216000887
2023-09-11 22:00:00,6256.141266773482,26831.698135076567,233.16233043763071
2023-09-11 23:00:00,5977.877241571195,25926.182349606966,230.57298452048485
2023-09-12 00:00:00,5791.491688476408,25463.73793349062,227.44075137763946
2023-09-12 01:00:00,5550.399536739903,25101.206673277564,221.12082534457556
2023-09-12 02:00:00,5388.824539577366,24483.2196208575,220.10277336999303
2023-09-12 03:00:00,5585.333527567999,24847.524305965624,224.78430683040003
2023-09-12 04:00:00,6174.710972608818,26613.621158505826,232.01318361877088
2023-09-12 05:00:00,7010.218487144094,28877.109309960328,242.760395851884
2023-09-12 06:00:00,7803.698405074264,30773.60551092353,253.58414379830242
2023-09-12 07:00:00,7891.7848622070405,31389.60621250879,251.4139492155259
2023-09-12 08:00:00,8069.934806462456,32865.607461043,245.54345499404178
2023-09-12 09:00:00,8144.557053416097,33745.60844905389,241.35161366884296
2023-09-12 10:00:00,8482.120892839965,33993.60850575293,249.5210501528394
2023-09-12 11:00:00,8419.628130031646,34497.10996804567,244.06763748704353
2023-09-12 12:00:00,8209.686932885392,34293.61133857673,239.39406240515564
2023-09-12 13:00:00,7697.176496952799,33758.11330491726,228.0096765902974
2023-09-12 14:00:00,7760.010738503138,34278.615595367286,226.38051752451443
2023-09-12 15:00:00,7744.8442113538085,35260.618529085914,219.64572756899346
2023-09-12 16:00:00,7703.4025613947615,35872.1213027193,214.74622301778408
2023-09-12 17:00:00,7357.982814275424,35630.62522639076,206.50726074897895
2023-09-12 18:00:00,7480.050064029144,35631.628639791874,209.92725703466004
2023-09-12 19:00:00,7255.875543727193,34622.13181452873,209.57333253183324
2023-09-12 20:00:00,6636.812629721844,32887.63714076263,201.80265919730175
2023-09-12 21:00:00,5772.09693197746,30441.643132778336,189.6118716982888
2023-09-12 22:00:00,3718.286259873618,25148.654080726938,147.85229650612533
2023-09-12 23:00:00,2915.480557961556,23350.661840320055,124.85644209567273
2023-09-13 00:00:00,3094.131834511644,24023.168622105957,128.7978236003574
2023-09-13 01:00:00,3072.5152435846007,23380.179008933148,131.41538575947803
2023-09-13 02:00:00,2777.0369749396627,22800.193092220405,121.79883581280758
2023-09-13 03:00:00,2985.611854964537,22987.708343649636,129.87862079733208
2023-09-13 04:00:00,3622.269657221574,24536.226617004715,147.62945067972177
2023-09-13 05:00:00,4879.061882765591,27534.74829583056,177.19653110119046
2023-09-13 06:00:00,5767.89076671984,29898.277491669483,192.91715946936876
2023-09-13 07:00:00,6381.614280713889,31814.31775876547,200.5893801999142
2023-09-13 08:00:00,6889.185871599148,33031.37335954885,208.56492391672214
2023-09-13 09:00:00,6908.978772933094,33527.45834254779,206.06926723596288
2023-09-13 10:00:00,7172.846683185855,33347.606105007435,215.09330116828954
2023-09-13 11:00:00,7162.576575406609,33474.436278649846,213.97153684033609
2023-09-13 12:00:00,6978.006359640699,33193.48725862215,210.2221530769754
2023-09-13 13:00:00,6534.508554708824,32059.620606402856,203.82363955373103
2023-09-13 14:00:00,7011.7710275789495,32417.290213376502,216.29725931520485
2023-09-13 15:00:00,7381.002263610334,34072.791302656,216.6245259464545
2023-09-13 16:00:00,8295.660540980345,35446.29259518853,234.03464604099088
2023-09-13 17:00:00,8061.384074327771,35290.117512460325,228.43177191125636
2023-09-13 18:00:00,7894.466822959703,34331.14478995964,229.95058484820726
2023-09-13 19:00:00,7408.53445378352,33431.79108004634,221.60148213552577
2023-09-13 20:00:00,6943.139984226834,32960.17476950302,210.65240196029225
2023-09-13 21:00:00,5689.801637828423,30655.26182738586,185.60603624482638
2023-09-13 22:00:00,3793.353331298145,26989.243429558745,140.5505619747624
2023-09-13 23:00:00,2825.8262570304137,25980.34811593113,108.7678365363249
2023-09-14 00:00:00,2690.5364469577144,26200.740867091252,102.68932701582845
2023-09-14 01:00:00,2291.9429848259647,25605.407988492,89.51011387344609
2023-09-14 02:00:00,1854.9572594299307,25118.63667056953,73.84784786521904
2023-09-14 03:00:00,1676.986438178223,24735.67892384585,67.79625670842466
2023-09-14 04:00:00,2193.6033048254453,25205.591779778315,87.02843892700456
2023-09-14 05:00:00,3797.0178585883946,27651.24783255807,137.31813774124078
2023-09-14 06:00:00,4972.2715423339805,30595.310466727376,162.51744030319162
2023-09-14 07:00:00,5658.320492282115,31666.02858773933,178.68740554579497
2023-09-14 08:00:00,5937.5641311891095,32999.07409923806,179.93123423199944
2023-09-14 09:00:00,6161.707992945318,34196.114582140544,180.1873712332034
2023-09-14 10:00:00,6723.129615329058,34734.72520150759,193.55643599671416
2023-09-14 11:00:00,6409.342426641714,34705.51462490938,184.67792499009659
2023-09-14 12:00:00,6229.966462197839,34395.29073823938,181.12847219725919
2023-09-14 13:00:00,6223.280828228694,34351.68049081292,181.16379575354574
2023-09-14 14:00:00,6596.64442480673,34181.10090338655,192.990987723077
2023-09-14 15:00:00,7121.380645624682,34591.737225324825,205.8694132427404
2023-09-14 16:00:00,7128.198242854891,34139.43397814096,208.796614713032
2023-09-14 17:00:00,7131.880990677771,33338.10779923781,213.92578827886632
2023-09-14 18:00:00,7536.973083754519,33584.80474879383,224.4161649927473
2023-09-14 19:00:00,7529.0274229804845,31961.520069307247,235.56537381995904
2023-09-14 20:00:00,6909.825806069684,29722.245235699218,232.47994057226649
2023-09-14 21:00:00,6091.865129672536,27283.52351026633,223.28000001100554
2023-09-14 22:00:00,4584.049982105532,23876.925377901924,191.9866109037668
2023-09-14 23:00:00,4444.679984975872,22743.893066563473,195.42300748459542
2023-09-15 00:00:00,4534.929434114227,22753.490403010015,199.3069790081222
2023-09-15 01:00:00,4262.52316891024,23054.650225275815,184.88778303984205
2023-09-15 02:00:00,4045.1341791949194,23168.28273129119,174.59792881979735
2023-09-15 03:00:00,4219.154036901056,23291.803093380906,181.14329835203102
2023-09-15 04:00:00,4374.107593873791,23447.78513892932,186.54672788738813
2023-09-15 05:00:00,5359.752843690492,26123.57494385766,205.16919507414934
2023-09-15 06:00:00,6306.656589335208,28696.549628208475,219.7705532910415
2023-09-15 07:00:00,7068.382768710549,31164.53886128699,226.80851464454008
2023-09-15 08:00:00,7442.022400824562,32707.53309903392,227.53236626838043
2023-09-15 09:00:00,7633.563110962379,33580.52915728788,227.3211084675743
2023-09-15 10:00:00,7734.629506442221,34411.52605165024,224.7685701248143
2023-09-15 11:00:00,7466.7853916538,34670.02348751783,215.3671858440491
2023-09-15 12:00:00,7074.5240804905,34310.021260976006,206.19410366081635
2023-09-15 13:00:00,6731.811555242507,33053.01917796116,203.66706953448573
2023-09-15 14:00:00,6815.836996202603,32202.51730405851,211.65540978821542
2023-09-15 15:00:00,6722.883862296798,31930.51550200774,210.54730111933438
2023-09-15 16:00:00,7060.847694725304,33806.01405450807,208.86365613350773
2023-09-15 17:00:00,6872.269189539256,33219.513209336,206.8744700210681
2023-09-15 18:00:00,6674.51018415189,32647.512372550995,204.4416158875127
2023-09-15 19:00:00,6202.122742653103,31430.011276119123,197.33122868350816
2023-09-15 20:00:00,5116.499689310477,28321.51056194862,180.65772579887573
2023-09-15 21:00:00,3960.9549947488576,25905.009779538705,152.90304958222606
2023-09-15 22:00:00,3148.621023911544,23883.50901383378,131.83242973584004
2023-09-15 23:00:00,2583.33089280821,21991.508143686675,117.46947394100542
2023-09-16 00:00:00,2481.440525837678,21633.5073706733,114.70356994453682
2023-09-16 01:00:00,2457.025080811598,21625.20236426148,113.61859368641832
2023-09-16 02:00:00,2567.2029258243215,22095.481430290794,116.18678388717666
2023-09-16 03:00:00,2599.0784605025274,22451.825780511856,115.76245450641804
2023-09-16 04:00:00,2758.9674601739357,22772.651502028315,121.15266682617963
2023-09-16 05:00:00,2771.3387716694083,23282.459970548887,119.03118378277077
2023-09-16 06:00:00,2981.437917656433,24464.482813521954,121.86801333108662
2023-09-16 07:00:00,3568.079079610238,26855.253565997533,132.86335468185337
2023-09-16 08:00:00,4000.9267164622984,28692.374441923635,139.44216169911599
2023-09-16 09:00:00,4133.738673680999,29690.58311301634,139.22726468341978
2023-09-16 10:00:00,4406.720375297713,30326.152754273575,145.3108942306147
2023-09-16 11:00:00,4257.226156649841,30044.501859063523,141.69734537853768
2023-09-16 12:00:00,4156.982889084789,29784.501708905154,139.56865653528487
2023-09-16 13:00:00,3654.8044706549313,29000.001685179057,126.0277330439874
2023-09-16 14:00:00,3681.0955300042024,28080.00165361237,131.09313793543333
2023-09-16 15:00:00,4148.96236676905,29071.501615684418,142.71579162359595
2023-09-16 16:00:00,4568.981621698724,30992.001587124912,147.4245414209332
2023-09-16 17:00:00,4835.550794112435,31431.001561390563,153.8465385733162
2023-09-16 18:00:00,4830.457051972751,31423.501533668754,153.72115824829868
2023-09-16 19:00:00,4339.48455088968,30322.501475246743,143.1110343726801
2023-09-16 20:00:00,4022.876345518816,28687.501440376276,140.23097668090438
2023-09-16 21:00:00,3069.027171897639,25932.001405657913,118.34902844128455
2023-09-16 22:00:00,2055.8708752928383,22928.5013560601,89.66442434971717
2023-09-16 23:00:00,1506.5555110630821,21938.002654431883,68.6733215778297
2023-09-17 00:00:00,1493.837553370851,21715.502628096867,68.79129527667627
2023-09-17 01:00:00,1135.571018930558,21771.002413707152,52.15979482026954
2023-09-17 02:00:00,1111.1625099992782,21561.811801847693,51.53381915262147
2023-09-17 03:00:00,1096.007284994316,21465.983794287622,51.05786417699513
2023-09-17 04:00:00,1079.6841268872197,21886.52249448066,49.33100391619976
2023-09-17 05:00:00,1077.8831358535904,22371.695000268057,48.18066471229271
2023-09-17 06:00:00,1123.6767714496398,24222.137451857976,46.390487779328794
2023-09-17 07:00:00,1293.2189912651688,26001.4334329371,49.736449899988756
2023-09-17 08:00:00,1309.5998876776252,27648.331172921055,47.36632672283148
2023-09-17 09:00:00,1600.575241759118,29505.787704252158,54.246145122519636
2023-09-17 10:00:00,2492.8835176858724,29099.617169645404,85.6672272749439
2023-09-17 11:00:00,3098.499595424423,29844.02603699336,103.82310991096368
2023-09-17 12:00:00,2930.418112595405,30012.522854667888,97.63984609976342
2023-09-17 13:00:00,3054.4533769065456,29534.0251265747,103.42150667970246
2023-09-17 14:00:00,3251.300229782757,29440.135793422127,110.43767775382348
2023-09-17 15:00:00,3977.611898484376,30866.85174262477,128.863543702178
2023-09-17 16:00:00,4651.562796456769,31918.634906658514,145.73188389978455
2023-09-17 17:00:00,4599.852117330298,31784.124870383817,144.72168530952388
2023-09-17 18:00:00,4288.586845257544,31629.13362771149,135.58976656572565
2023-09-17 19:00:00,3671.848723131311,30228.51017177688,121.46972187069827
2023-09-17 20:00:00,2895.529164413412,28510.54806776459,101.55992643604203
2023-09-17 21:00:00,1577.430133944668,25905.66755002565,60.89131387556566
2023-09-17 22:00:00,2671.598198575439,23861.751957329398,111.96152752542666
2023-09-17 23:00:00,1893.718653158596,23306.057594177906,81.25435395953309
2023-09-18 00:00:00,1442.8063961639295,22061.803175559147,65.39838945541506
2023-09-18 01:00:00,1375.132307019649,22040.590411176734,62.39090157595427
2023-09-18 02:00:00,1316.6330040439611,21708.924810653745,60.64938800643955
2023-09-18 03:00:00,1082.709836524904,21846.85536639122,49.559070098048245
2023-09-18 04:00:00,1137.3374165681298,22975.531755532833,49.50211506178711
2023-09-18 05:00:00,1553.3485547628525,25290.642517675642,61.419892898221796
2023-09-18 06:00:00,2237.4020305186427,28872.142797647677,77.49345264047851
2023-09-18 07:00:00,2527.126071022926,32266.58034667061,78.3202323850747
2023-09-18 08:00:00,2831.0629728892086,33712.54560553449,83.97654113738719
2023-09-18 09:00:00,2201.5944276704677,34190.9999438935,64.39105119134346
2023-09-18 10:00:00,1853.0404339782551,34590.49999157076,53.570790663038004
2023-09-18 11:00:00,1350.9422312644176,34659.49895498329,38.977546473451866
2023-09-18 12:00:00,1290.9326447434387,34996.77527405149,36.8871884519202
2023-09-18 13:00:00,1192.1013673376883,35775.22459539323,33.32198136615459
2023-09-18 14:00:00,950.3086944443735,33979.237052989185,27.967334668592095
2023-09-18 15:00:00,897.8675318233935,34279.334409831834,26.192676937329082
2023-09-18 16:00:00,840.6459255251746,33997.304970464014,24.726840149697342
2023-09-18 17:00:00,875.8682560911877,32869.057867035175,26.64719687538133
2023-09-18 18:00:00,1079.0866259305358,32925.15879671976,32.77392320543772
2023-09-18 19:00:00,1104.9559301594236,32101.378418960838,34.42082504179247
2023-09-18 20:00:00,853.3397561698298,30630.041056071168,27.859569453652092
2023-09-18 21:00:00,686.5984497772245,29174.262636771127,23.534389140373285
2023-09-18 22:00:00,624.1082848119249,28833.11605155258,21.645537155819078
2023-09-18 23:00:00,592.5193244133433,28353.295728573237,20.897723146033695
2023-09-19 00:00:00,577.0100436014095,27735.237066612328,20.804222520816815
2023-09-19 01:00:00,565.9663923180951,27840.518669120578,20.328873863468605
2023-09-19 02:00:00,569.2882288644893,27746.494535108435,20.51748296146573
2023-09-19 03:00:00,583.9453561067314,27734.580016679192,21.054775509690604
2023-09-19 04:00:00,599.6303569362037,28063.713664946496,21.366750106390345
2023-09-19 05:00:00,605.6431880703143,28088.209062756436,21.562185994740652
2023-09-19 06:00:00,804.4677441023994,30494.980333047264,26.38033326522928
2023-09-19 07:00:00,1084.7867179759548,32357.713556558236,33.52482603815161
2023-09-19 08:00:00,1220.0440627004396,33786.74627892751,36.110137763143236
2023-09-19 09:00:00,1250.4207663103105,34584.8139791355,36.15519710658761
2023-09-19 10:00:00,1235.7089157032242,34548.3156696382,35.767558902710604
2023-09-19 11:00:00,1173.2136281648372,34823.137063889146,33.690635798043445
2023-09-19 12:00:00,1176.863241383293,34113.62984888888,34.49832945354611
2023-09-19 13:00:00,1166.8770586304868,33869.86267979359,34.4517800282265
2023-09-19 14:00:00,1163.992832402821,34356.90077442581,33.87944797597286
2023-09-19 15:00:00,1175.820272410062,34247.68675821339,34.33283773912329
2023-09-19 16:00:00,1116.7589468473234,34773.05446396915,32.11564137986432
2023-09-19 17:00:00,951.0502812545895,34128.60292852934,27.866663140188844
2023-09-19 18:00:00,952.050781554467,34100.50166337111,27.91896702731232
2023-09-19 19:00:00,884.469994610932,32426.50001035829,27.276147420424582
2023-09-19 20:00:00,825.0709423713549,30325.76215368883,27.20693178921451
2023-09-19 21:00:00,790.7402152573956,30257.4518127548,26.133734597044455
2023-09-19 22:00:00,777.0181788544214,29220.978610818656,26.59110734117376
2023-09-19 23:00:00,694.7575794795135,29063.373338411493,23.904918792110408
2023-09-20 00:00:00,666.2422309410424,28746.810103226748,23.176214284250573
2023-09-20 01:00:00,656.7852832705789,28565.719739488224,22.992078941482525
2023-09-20 02:00:00,654.7175184051041,28553.84084130119,22.92922770158821
2023-09-20 03:00:00,670.1296613000408,28844.388918634126,23.23258305767476
2023-09-20 04:00:00,685.9145406794584,29262.17554601671,23.440312549585123
2023-09-20 05:00:00,722.6801300344702,29767.882152341444,24.277176533286784
2023-09-20 06:00:00,739.538819518554,30546.24067188466,24.210469218205287
2023-09-20 07:00:00,1070.806291015105,33577.06714869013,31.8910012680151
2023-09-20 08:00:00,1181.2623809650872,34430.5707342523,34.30853325326789
2023-09-20 09:00:00,1216.3610775502384,35143.89437001439,34.610879054657836
2023-09-20 10:00:00,1216.333898361483,35249.17966455695,34.506729232751674
2023-09-20 11:00:00,1291.4866297793465,35087.97181735236,36.80710405554579
2023-09-20 12:00:00,1421.229857803278,35022.6874855382,40.58026267659048
2023-09-20 13:00:00,1501.590707691367,35507.62019472531,42.2892522635023
2023-09-20 14:00:00,1417.8419716873186,35009.64109941726,40.49861487185936
2023-09-20 15:00:00,1296.952577737984,35364.688002885065,36.67366095898197
2023-09-20 16:00:00,1037.8244558233512,35726.371251021126,29.04925463969947
2023-09-20 17:00:00,1582.9058390846087,35237.784147842955,44.9206974094455
2023-09-20 18:00:00,1583.164780001595,34815.015367498665,45.473620025443054
2023-09-20 19:00:00,1494.672156131983,33229.87161815636,44.97977522475031
2023-09-20 20:00:00,1184.0240697322588,30700.624207350924,38.566775116212696
2023-09-20 21:00:00,1183.797865221826,29276.99071141682,40.43441065683686
2023-09-20 22:00:00,1025.3590890954451,25372.545113510827,40.41214960928155
2023-09-20 23:00:00,900.1588606710928,23923.5051777501,37.626545691485035
2023-09-21 00:00:00,949.358939771599,23774.39399745471,39.93199321392745
2023-09-21 01:00:00,901.835769807054,23246.27706774494,38.794847328838905
2023-09-21 02:00:00,956.377315357894,23313.96515854849,41.02164985037823
2023-09-21 03:00:00,910.5703090111936,22218.724558287453,40.982114280342714
2023-09-21 04:00:00,1224.0095098601007,22961.42611631457,53.30720764728183
2023-09-21 05:00:00,2634.1036498391886,26447.17528630122,99.59867627918544
2023-09-21 06:00:00,3765.0658022071416,31175.830218594845,120.76874218930874
2023-09-21 07:00:00,4239.169188728487,33174.964808305456,127.78217590353546
2023-09-21 08:00:00,5535.208476742625,34718.18775857614,159.43252900276482
2023-09-21 09:00:00,4574.695789981149,35243.3636018237,129.8030415503368
2023-09-21 10:00:00,4890.4724901670725,34906.31436718353,140.10280314110597
2023-09-21 11:00:00,5128.519131666764,35650.91720903231,143.85377805560168
2023-09-21 12:00:00,4758.902709505786,35328.04186913858,134.70609911337905
2023-09-21 13:00:00,4680.061287415441,35022.75644799185,133.6291532154314
2023-09-21 14:00:00,4577.594596715133,33813.527601573995,135.37761131145777
2023-09-21 15:00:00,5760.473666101273,34178.26499268349,168.54201543976595
2023-09-21 16:00:00,6560.418236418195,34517.514873822736,190.0605608601754
2023-09-21 17:00:00,7172.94103251398,33909.43614143994,211.53230040732214
2023-09-21 18:00:00,6817.363959895618,33730.291490968186,202.11399482631433
2023-09-21 19:00:00,6347.721896654624,32742.399527793747,193.86856150436654
2023-09-21 20:00:00,5538.938306443903,30200.0633570586,183.40816841860357
2023-09-21 21:00:00,4353.696186490378,27197.19682076838,160.0788572139096
2023-09-21 22:00:00,3298.4814954655353,24345.819690784563,135.48451181186084
2023-09-21 23:00:00,2604.3751706782214,22211.533893090487,117.25327855400316
2023-09-22 00:00:00,2359.7062426418934,21495.5316071743,109.77659384122062
2023-09-22 01:00:00,2207.806163257252,20823.52834911472,106.0245951715053
2023-09-22 02:00:00,2203.0259713440673,20614.52594680528,106.86765133619187
2023-09-22 03:00:00,2181.619394612435,20532.524180756776,106.25188483435775
2023-09-22 04:00:00,3018.9021291513914,21980.522601226854,137.34442005409326
2023-09-22 05:00:00,4620.132065782629,25702.020851758854,179.7575409509662
2023-09-22 06:00:00,5541.665636345848,28216.519386147385,196.3979171387975
2023-09-22 07:00:00,6382.4497235294475,31039.51800379704,205.6233515851853
2023-09-22 08:00:00,6192.847617440917,32329.016906552675,191.55694202955198
2023-09-22 09:00:00,5911.019108400459,33540.51580277993,176.23518800836501
2023-09-22 10:00:00,5441.759412183418,33808.51480977845,160.95825098502985
2023-09-22 11:00:00,5131.643652072195,34171.01376540985,150.17534122054005
2023-09-22 12:00:00,4556.345899354375,33350.51280429143,136.61996521888807
2023-09-22 13:00:00,4171.733042184915,32873.09421114713,126.90417930814365
2023-09-22 14:00:00,3494.865531029428,31691.600036075117,110.27734563894407
2023-09-22 15:00:00,3793.1441301897703,32436.612147681415,116.9402067305881
2023-09-22 16:00:00,4483.53752032697,33294.75812313034,134.66196401685804
2023-09-22 17:00:00,4721.155782253237,32653.439598615372,144.58372043762984
2023-09-22 18:00:00,5049.3620112600765,32839.71985134995,153.75776754844975
2023-09-22 19:00:00,4798.712426990717,32175.048569739123,149.1439062349681
2023-09-22 20:00:00,4204.318327235766,29737.79815536382,141.37961073212247
2023-09-22 21:00:00,3096.9964224618225,27258.77651192629,113.61465255444686
2023-09-22 22:00:00,2078.384033294875,24489.094799710998,84.86977776407653
2023-09-22 23:00:00,1595.2072726569406,22989.977082933037,69.38707537212673
2023-09-23 00:00:00,1490.6413575517518,22124.709378712712,67.37450567309925
2023-09-23 01:00:00,1079.3452754401628,22737.587088117234,47.46964887950813
2023-09-23 02:00:00,1071.8217807703884,22530.209839640993,47.57264971782736
2023-09-23 03:00:00,1076.4867738171267,22358.02148355135,48.14767597432944
2023-09-23 04:00:00,1537.421988449176,21431.931820771868,71.7351100827553
2023-09-23 05:00:00,2173.7044176075005,22783.812376135047,95.40564949017715
2023-09-23 06:00:00,3670.834874319826,24372.57928928487,150.6133114082705
2023-09-23 07:00:00,4936.206975736944,27477.562037673335,179.64501250034908
2023-09-23 08:00:00,5425.354845099256,29160.063711234256,186.05428639749763
2023-09-23 09:00:00,5534.446974913787,29705.567778636057,186.31008894211763
2023-09-23 10:00:00,5385.1350004070555,29887.574628832223,180.1797257651035
2023-09-23 11:00:00,5239.289024668823,29824.584478584777,175.67014314753786
2023-09-23 12:00:00,4880.215503366007,29096.597737167376,167.72460984784223
2023-09-23 13:00:00,4697.024929610522,28163.11730265284,166.7792978715493
2023-09-23 14:00:00,4691.407553873577,28045.14680754361,167.28054896869634
2023-09-23 15:00:00,4816.322740371954,28476.193659203826,169.13506060580062
2023-09-23 16:00:00,5867.070330351036,29864.279502336452,196.45778930953355
2023-09-23 17:00:00,5731.860309090222,29681.502194499706,193.11220407680025
2023-09-23 18:00:00,5905.9875681072535,30593.252818885376,193.04869616419003
2023-09-23 19:00:00,5367.76751706134,30441.266235834904,176.33193952827438
2023-09-23 20:00:00,4454.358764488716,29628.191377359533,150.3419060500779
2023-09-23 21:00:00,2915.923229558322,27681.56678868644,105.33808479186484
2023-09-23 22:00:00,929.0971367773151,24780.999972451027,37.49231822001493
2023-09-23 23:00:00,767.9767098783062,24934.219226733145,30.80011059880802
2023-09-24 00:00:00,704.9869674145159,25940.143086058608,27.177450990754455
2023-09-24 01:00:00,691.2387735095955,26819.649129689806,25.773594955214477
2023-09-24 02:00:00,675.9163161814511,27298.65824987071,24.7600563366389
2023-09-24 03:00:00,674.6057080552422,27692.150675983863,24.36089980690077
2023-09-24 04:00:00,686.5559104258039,27716.08310442527,24.77102943583631
2023-09-24 05:00:00,694.7954430361929,27586.487968109675,25.18607819304092
2023-09-24 06:00:00,709.9284685506943,27508.039692968334,25.8080356315673
2023-09-24 07:00:00,719.5897902169202,27569.779807790914,26.100672375104427
2023-09-24 08:00:00,887.2455466019137,28898.847483395166,30.701762314629033
2023-09-24 09:00:00,1272.3380456773677,31049.224992727948,40.978093526500665
2023-09-24 10:00:00,1228.2555210011728,31824.691686213606,38.594420116039984
2023-09-24 11:00:00,1414.6207670537488,34033.07184556503,41.566061784637085
2023-09-24 12:00:00,1147.9266961385201,33185.30800340297,34.59141304401353
2023-09-24 13:00:00,1063.5268313805293,32760.7372827245,32.46345838319554
2023-09-24 14:00:00,860.5003345947545,32830.54393307139,26.21035875460904
2023-09-24 15:00:00,789.1926119315294,33655.749992567195,23.448968218085202
2023-09-24 16:00:00,838.9178119930311,33943.66579290438,24.715003297269075
2023-09-24 17:00:00,807.5051063443673,31985.561288667293,25.24592578059501
2023-09-24 18:00:00,874.9977692354365,32296.047577844423,27.093029483759437
2023-09-24 19:00:00,805.893357372719,30943.138868503785,26.04433121014161
2023-09-24 20:00:00,776.6224218030477,30360.027986429523,25.580425095463887
2023-09-24 21:00:00,782.1356434795837,30349.875635368582,25.770637510227974
2023-09-24 22:00:00,760.7719840182291,29723.728171541443,25.594769930193994
2023-09-24 23:00:00,729.7493422010812,28842.82994950956,25.300892578104655
2023-09-25 00:00:00,714.5012836033276,28307.015094205733,25.241138326505556
2023-09-25 01:00:00,709.6631866103426,28075.380501457676,25.277063887825022
2023-09-25 02:00:00,723.2216649323818,28095.89354286846,25.74118754503738
2023-09-25 03:00:00,738.9426798290684,28109.47575049759,26.288027794897165
2023-09-25 04:00:00,768.4695421901371,28214.486502138712,27.236701335389732
2023-09-25 05:00:00,983.5708824606324,28590.949157813815,34.40147709093546
2023-09-25 06:00:00,1508.0098584332773,29601.79665185731,50.943186866958634
2023-09-25 07:00:00,1870.0292789151224,31732.65988236505,58.93074472317913
2023-09-25 08:00:00,1884.5068297118542,33565.89542226596,56.14349940629813
2023-09-25 09:00:00,1926.2293422540693,34236.35781822562,56.262682861336586
2023-09-25 10:00:00,3031.3051771546207,34896.04896548792,86.86671606153956
2023-09-25 11:00:00,2870.0713924969305,34968.70552803441,82.0754257030188
2023-09-25 12:00:00,2669.82536733927,34720.586441129504,76.89459312175192
2023-09-25 13:00:00,2197.635540157516,33595.26409866406,65.41503986107692
2023-09-25 14:00:00,2718.781460394603,33683.01849607208,80.71668103948736
2023-09-25 15:00:00,3125.324825393881,34707.36370358257,90.04788874446486
2023-09-25 16:00:00,3792.081048945074,35442.43945104332,106.99266494291625
2023-09-25 17:00:00,4830.830390381505,35269.015084885505,136.97094684256584
2023-09-25 18:00:00,5995.192352592968,35423.51585600684,169.24328959787178
2023-09-25 19:00:00,5654.06262856792,34140.51605510905,165.6115162243367
2023-09-25 20:00:00,5782.30737941958,32885.698551554015,175.8304562195878
2023-09-25 21:00:00,5401.453721801091,30834.656490546753,175.1747655582627
2023-09-25 22:00:00,3861.6170432533795,26795.28321677311,144.1155524281271
2023-09-25 23:00:00,3120.6748607379373,25509.92818438106,122.33177758017484
2023-09-26 00:00:00,2836.7567144415616,24725.019979246776,114.73223143288156
2023-09-26 01:00:00,2882.6181975678655,24855.392441281074,115.97556563944127
2023-09-26 02:00:00,2842.2278996974096,24880.311931484826,114.23602354843102
2023-09-26 03:00:00,2731.493317310857,24854.459349287114,109.89952663722708
2023-09-26 04:00:00,3235.4603325767075,26765.567351570375,120.88144032511526
2023-09-26 05:00:00,4053.6771595307964,29095.25023117258,139.32436144466277
2023-09-26 06:00:00,4298.085260717015,31138.54525518648,138.03102314168387
2023-09-26 07:00:00,4545.785788226925,33205.99086144395,136.896556021917
2023-09-26 08:00:00,4397.402474445074,34714.126511446375,126.67472629608318
2023-09-26 09:00:00,3913.0295826054316,35916.17829472747,108.94894079473562
2023-09-26 10:00:00,3579.931197356561,36899.57586778074,97.0182207563642
2023-09-26 11:00:00,3005.5776172905726,38186.60293756297,78.70764577317453
2023-09-26 12:00:00,2569.896158411,37474.23742254495,68.57767723019548
2023-09-26 13:00:00,2766.3508955789607,37356.58335681185,74.05256709790956
2023-09-26 14:00:00,2745.96450434879,36113.05133645485,76.03800849630325
2023-09-26 15:00:00,3000.1353338532776,35720.02506556879,83.99029195377483
2023-09-26 16:00:00,4004.830785358298,36146.7921457224,110.79353236141117
2023-09-26 17:00:00,5152.858293748663,36816.78537923798,139.9594842588974
2023-09-26 18:00:00,5716.974734569637,36495.035561493445,156.65075116687152
2023-09-26 19:00:00,5051.421373877339,33767.825669645834,149.59273431745123
2023-09-26 20:00:00,4700.77982814407,32221.431679643818,145.88984980185813
2023-09-26 21:00:00,3922.595360390983,29499.525200960652,132.97147441082353
2023-09-26 22:00:00,3494.971625751414,26977.623844686314,129.55075828295406
2023-09-26 23:00:00,3432.747292633863,25172.631483610483,136.36823368541633
2023-09-27 00:00:00,3308.647360680315,23923.088354702944,138.3035213356925
2023-09-27 01:00:00,3271.402664245168,22975.521483552777,142.3864379568938
2023-09-27 02:00:00,3525.316882045342,22392.999613555094,157.42941735735
2023-09-27 03:00:00,3898.509047810115,22294.12252953517,174.8671221594564
2023-09-27 04:00:00,5185.209572901937,24510.385403433058,211.5515316285344
2023-09-27 05:00:00,5828.562090533314,26764.47130391364,217.77236039334846
2023-09-27 06:00:00,6449.1572749833695,30392.143601840624,212.19817066779038
2023-09-27 07:00:00,6678.879650414224,32448.602070765734,205.82950340506343
2023-09-27 08:00:00,7012.322249511244,33941.560095849876,206.59988019727646
2023-09-27 09:00:00,6205.737195748747,34358.02512645369,180.6197292454591
2023-09-27 10:00:00,5359.787261519594,34906.800357295455,153.54564745718406
2023-09-27 11:00:00,4369.3528922501355,34689.13881047322,125.95737576889505
2023-09-27 12:00:00,3191.6377380545223,34235.63436825173,93.22560533635894
2023-09-27 13:00:00,2711.6845976230907,34445.121530427234,78.7247795084048
2023-09-27 14:00:00,2274.818593853519,34799.00111369125,65.37022676086293
2023-09-27 15:00:00,2782.7505883695217,36392.04098727724,76.46591158056727
2023-09-27 16:00:00,3410.842470716793,37737.4292030204,90.3835407644514
2023-09-27 17:00:00,3664.201862529226,38532.06400914896,95.09487635178864
2023-09-27 18:00:00,3958.862388244044,38928.07953728008,101.69683260261472
2023-09-27 19:00:00,2444.3939558446373,35409.793581805345,69.03157879747265
2023-09-27 20:00:00,1387.0787899924112,32659.432116426484,42.47100148733946
2023-09-27 21:00:00,1041.072612616335,31504.773083415243,33.04491703082213
2023-09-27 22:00:00,872.2036877832161,30743.327510637526,28.37050372902621
2023-09-27 23:00:00,852.1966809761112,30157.08974006824,28.25858490727769
2023-09-28 00:00:00,836.261209055115,29591.856944182873,28.259842247564873
2023-09-28 01:00:00,833.1962405448951,29519.251183865264,28.225520876366485
2023-09-28 02:00:00,833.2101945852656,29423.316350247245,28.318024544444807
2023-09-28 03:00:00,839.171405566904,29325.871456963974,28.615395344632706
2023-09-28 04:00:00,854.8617531051237,29379.719028947457,29.09700233221562
2023-09-28 05:00:00,977.9326556756586,29451.709064036335,33.20461483404433
2023-09-28 06:00:00,1895.4287112703287,31362.72457745219,60.435715863570785
2023-09-28 07:00:00,2615.2302463964647,32644.024210985954,80.11359841830838
2023-09-28 08:00:00,3062.725288647644,34008.51896239878,90.05759092402462
2023-09-28 09:00:00,2839.3597388498597,34282.41575611151,82.82262717567353
2023-09-28 10:00:00,3396.4622804805276,34209.722650649805,99.28353746580324
2023-09-28 11:00:00,3351.7144526366537,34174.99996482208,98.0750389491362
2023-09-28 12:00:00,3307.149871263426,34256.39149267018,96.54110451099484
2023-09-28 13:00:00,2980.2484574687255,33311.04531760306,89.46727516514855
2023-09-28 14:00:00,3126.096981556293,33646.1721173445,92.91092522066722
2023-09-28 15:00:00,3128.050700905963,34904.704029033666,89.61688081652422
2023-09-28 16:00:00,3623.756998506493,36952.691797004176,98.06476395314394
2023-09-28 17:00:00,3606.9590098421418,35718.713072061204,100.98233389778723
2023-09-28 18:00:00,5204.078715574743,36670.35007627716,141.91516319723857
2023-09-28 19:00:00,4723.4114345214175,34834.64773937439,135.5952116944314
2023-09-28 20:00:00,3810.2028920638686,33550.41334819758,113.56649626102336
2023-09-28 21:00:00,1913.9160643251691,29553.181487775742,64.76176059477162
2023-09-28 22:00:00,1316.4260461125252,26439.068205881063,49.79093952409796
2023-09-28 23:00:00,1460.8056499689533,25879.593963733714,56.44623528545496
2023-09-29 00:00:00,1461.0704322640638,24650.803134048227,59.27070304034036
2023-09-29 01:00:00,1439.7906250153574,23257.35877560962,61.90688456529681
2023-09-29 02:00:00,1449.194022104695,23572.104073748018,61.479196662747036
2023-09-29 03:00:00,1432.631741048228,23940.07781509631,59.84240118655038
2023-09-29 04:00:00,1453.3729100097482,24781.246862774748,58.64809458772385
2023-09-29 05:00:00,2142.2266973185706,26820.394987842203,79.8730480401072
2023-09-29 06:00:00,2827.4491002667987,29774.21415849661,94.96301347251293
2023-09-29 07:00:00,3069.9797301403655,32731.64860662327,93.7923954590895
2023-09-29 08:00:00,2743.8296349734737,34434.06252580595,79.68358752084983
2023-09-29 09:00:00,2793.8085103377,34786.34887708951,80.31335855938933
2023-09-29 10:00:00,2994.2563686370017,34786.99935935861,86.07400534048847
2023-09-29 11:00:00,2688.762809887314,35035.33639252924,76.74431264946129
2023-09-29 12:00:00,2302.594868470095,35122.510505141276,65.55894881526304
2023-09-29 13:00:00,1933.6903401986672,34434.38486200764,56.15579740854202
2023-09-29 14:00:00,1920.5077538323787,33580.38935178686,57.19134860865412
2023-09-29 15:00:00,2263.909511008328,33081.36380844951,68.43458825086556
2023-09-29 16:00:00,3594.8584435487355,34169.81609562257,105.20567138812508
2023-09-29 17:00:00,4195.189277128243,33451.375778102774,125.41156169350762
2023-09-29 18:00:00,4892.439473927573,33752.17140398688,144.95184370122234
2023-09-29 19:00:00,4298.621505807063,31483.822117981617,136.53429655708655
2023-09-29 20:00:00,3899.4707207354204,29518.868677560742,132.1009542516671
2023-09-29 21:00:00,2956.90191559381,26725.15719585412,110.64114212404014
2023-09-29 22:00:00,2407.1884322077412,24303.338290133495,99.04764536750885
2023-09-29 23:00:00,2333.9320702851232,22867.83807629395,102.06177175552965
2023-09-30 00:00:00,2216.0928781391435,22196.761020670005,99.83856996412584
2023-09-30 01:00:00,2499.7713051456194,21591.517032624262,115.77562157251504
2023-09-30 02:00:00,2341.9526047628224,20791.352183338753,112.64070677613537
2023-09-30 03:00:00,2170.0305627599196,20361.455914056252,106.57541248127885
2023-09-30 04:00:00,2443.099567529878,20133.688902682195,121.34386198866966
2023-09-30 05:00:00,3340.6268972230523,21561.855212301612,154.93225718894243
2023-09-30 06:00:00,4115.609533206587,23255.253268932574,176.97547670679464
2023-09-30 07:00:00,5402.267134714727,26128.74134325455,206.7557355229967
2023-09-30 08:00:00,5972.507108668172,28103.248684369206,212.5201671787515
2023-09-30 09:00:00,6046.148095996644,28863.26806198657,209.47552033996894
2023-09-30 10:00:00,5792.05370309537,29053.80065151619,199.356145261949
2023-09-30 11:00:00,5565.689119689541,28907.85287423476,192.532082680211
2023-09-30 12:00:00,5483.578294321509,28791.94112984681,190.45531767349388
2023-09-30 13:00:00,5219.735481602721,28645.10508518183,182.22085295483524
2023-09-30 14:00:00,4959.273244213183,28207.563801572174,175.8135966331404
2023-09-30 15:00:00,5375.620488291528,29171.244738094392,184.27806343387078
2023-09-30 16:00:00,5884.006178172299,31045.3319048238,189.52949822572347
2023-09-30 17:00:00,5866.733498497887,31789.298191532547,184.55058249950798
2023-09-30 18:00:00,5805.48331414365,31899.938137621808,181.9904254703504
2023-09-30 19:00:00,5059.905472728945,31081.6658405521,162.79389588338313
2023-09-30 20:00:00,4193.700098417654,30230.602935458493,138.72366711875011
2023-09-30 21:00:00,2509.499498257326,28218.50126643726,88.93099865803624
2023-09-30 22:00:00,896.3352015306876,25589.291295955092,35.027746222591624
2023-09-30 23:00:00,896.3454961914616,26806.467877503466,33.43765766856935
2023-10-01 00:00:00,896.3507455086216,27129.38339376495,33.039849542419994
2023-10-01 01:00:00,896.3546618238042,27254.427626038385,32.88840529409773
2023-10-01 02:00:00,887.3289670084511,26844.309573826118,33.054639180350506
2023-10-01 03:00:00,889.2918680266775,26314.437114698885,33.7948276890913
2023-10-01 04:00:00,895.175040881554,25668.68364534015,34.87420910437153
2023-10-01 05:00:00,896.2973745663126,25187.550646403884,35.584935873638834
2023-10-01 06:00:00,1030.2045999146894,25123.875372007948,41.005003593613736
2023-10-01 07:00:00,1070.9161245199211,25362.636098992483,42.224164725624185
2023-10-01 08:00:00,1726.1265561746873,28975.365922762165,59.57220905426754
2023-10-01 09:00:00,2067.325412344084,30519.056173435536,67.73883833745585
2023-10-01 10:00:00,2078.2569423791433,30759.192178356774,67.56539412115889
2023-10-01 11:00:00,2078.789805942733,31191.558713248392,66.64590971722686
2023-10-01 12:00:00,2078.832925830326,31258.697173627446,66.50414488752942
2023-10-01 13:00:00,3101.9883987560397,30520.9706337484,101.63465755987566
2023-10-01 14:00:00,3062.9388705185133,30999.59993768867,98.80575480571464
2023-10-01 15:00:00,3749.487104910725,31585.113670099938,118.71057815632238
2023-10-01 16:00:00,5544.243023610363,32153.65031189885,172.42966101297208
2023-10-01 17:00:00,6098.470305012663,32132.173025388412,189.7932735577551
2023-10-01 18:00:00,6360.423931094672,31763.702125609052,200.241895794844
2023-10-01 19:00:00,5817.67392270027,29827.74137405528,195.04238855177246
2023-10-01 20:00:00,5441.786148433163,27905.800641238748,195.0055552389842
2023-10-01 21:00:00,4768.272215257195,26091.395598739036,182.75267021315025
2023-10-01 22:00:00,4085.1700981050267,24051.5778112125,169.85039942787367
2023-10-01 23:00:00,3782.0115594817275,22851.15171000839,165.50638705117322
2023-10-02 00:00:00,3792.058338420331,22680.71047522802,167.1931019339996
2023-10-02 01:00:00,3504.2174677414314,21951.054213680618,159.63777564530307
2023-10-02 02:00:00,3434.512025362522,21986.488601413585,156.21012011630205
2023-10-02 03:00:00,3919.7005563268804,22719.347502676294,172.52698634347433
2023-10-02 04:00:00,4499.227395942338,23751.71051540982,189.42751062174216
2023-10-02 05:00:00,5751.4355007726335,26547.135551028754,216.64994664743608
2023-10-02 06:00:00,6713.781841802219,29341.525335782335,228.81502461000835
2023-10-02 07:00:00,7426.949952569258,31937.522414670908,232.54621495490815
2023-10-02 08:00:00,7710.7777813225775,33680.52036172388,228.93879603135426
2023-10-02 09:00:00,7869.431956236432,34796.122581037416,226.15830076782686
2023-10-02 10:00:00,7654.701160366137,34975.98050010726,218.85594201834203
2023-10-02 11:00:00,7908.547075129706,35340.916907368686,223.7787744969557
2023-10-02 12:00:00,7740.8343082318,35093.68036831076,220.5763039667306
2023-10-02 13:00:00,7436.746879291798,33960.66848788479,218.9811688172393
2023-10-02 14:00:00,7366.487347883156,33551.43139674862,219.55806477445913
2023-10-02 15:00:00,7782.43011534476,34067.50020436198,228.4414784959274
2023-10-02 16:00:00,8348.02494378346,34768.00024864027,240.1065601726674
2023-10-02 17:00:00,8539.184169748207,34684.0002579357,246.19951869001733
2023-10-02 18:00:00,8122.690303231835,34944.00027825944,232.44878200980907
2023-10-02 19:00:00,7188.8455872146815,32534.50026624454,220.96068875762973
2023-10-02 20:00:00,6334.702870042384,30931.000239382374,204.80109990031394
2023-10-02 21:00:00,5148.246899831865,28237.500225158074,182.31949920429068
2023-10-02 22:00:00,2210.3933215239663,24306.50017399348,90.93836240105666
2023-10-02 23:00:00,1102.5283128884207,25678.39497024849,42.936029069022126
2023-10-03 00:00:00,987.6243156507423,25752.01794778985,38.351336879815456
2023-10-03 01:00:00,949.1043639058498,24546.824639514314,38.66505659465325
2023-10-03 02:00:00,923.1334443474544,23485.05300934339,39.30727531167126
2023-10-03 03:00:00,1213.0852870152796,23173.22912068495,52.34856483304919
2023-10-03 04:00:00,1181.9468427906677,23060.091794394757,51.25507969911745
2023-10-03 05:00:00,1903.643773237816,26030.160609556042,73.13223309651656
2023-10-03 06:00:00,2097.6238787490943,30023.278117236805,69.86658387395804
2023-10-03 07:00:00,2047.144320771248,31696.300513907132,64.58622260579082
2023-10-03 08:00:00,2574.2482596686273,33790.10170779926,76.1835013676343
2023-10-03 09:00:00,1768.3098072753173,34674.76271163618,50.99702691496449
2023-10-03 10:00:00,2049.7281802890175,35659.14249641177,57.48114050962591
2023-10-03 11:00:00,1947.0754523990308,35950.98260661303,54.159172051138164
2023-10-03 12:00:00,1449.9626215304352,35574.43702639929,40.75855425215691
2023-10-03 13:00:00,1114.5848151983096,36035.48048834696,30.930205455668627
2023-10-03 14:00:00,938.2311247812785,35617.31914926069,26.341991682458037
2023-10-03 15:00:00,1071.343694918299,35806.585738940004,29.920297420404495
2023-10-03 16:00:00,1592.726062557272,35586.69057179564,44.75622871826111
2023-10-03 17:00:00,1671.2776734661036,34198.0122796514,48.87060861313721
2023-10-03 18:00:00,1912.8413582595476,34482.53275787633,55.47276273732027
2023-10-03 19:00:00,1773.3297538368859,32556.644674827414,54.469057593272595
2023-10-03 20:00:00,1478.4436146527298,30318.115221627057,48.76436427018063
2023-10-03 21:00:00,932.4268945367423,28015.068689382846,33.28304866481065
2023-10-03 22:00:00,884.3205290203666,26868.184611018645,32.9132965930905
2023-10-03 23:00:00,887.6209056191361,27187.274770225977,32.64839573369856
2023-10-04 00:00:00,884.3537248980956,26822.78830307164,32.97023839974247
2023-10-04 01:00:00,885.2455101049983,26321.71219117709,33.63176011026092
2023-10-04 02:00:00,884.9132145163424,25522.652619076165,34.6716788307082
2023-10-04 03:00:00,979.5092768928776,25311.7212056607,38.697853414797436
2023-10-04 04:00:00,1428.0816328227106,27768.707280225735,51.427731885799965
2023-10-04 05:00:00,1527.235105940701,29148.42484481006,52.39511617083585
2023-10-04 06:00:00,1507.1410594146287,31845.88986599488,47.32607773739611
2023-10-04 07:00:00,1659.404370870665,32428.9339679838,51.170487827597086
2023-10-04 08:00:00,2136.975110893776,34117.10574288264,62.63647118834464
2023-10-04 09:00:00,2532.5080149363216,34235.13621809727,73.97394299245099
2023-10-04 10:00:00,2697.592122449388,34893.15111960807,77.31007478236859
2023-10-04 11:00:00,2098.7930858583663,35450.06200261054,59.20421481078965
2023-10-04 12:00:00,1882.2959849588576,36117.1965020377,52.11633701560031
2023-10-04 13:00:00,1741.009360336053,34897.54483368664,49.88916465709229
2023-10-04 14:00:00,1686.436945417218,33698.895291935914,50.044279814145106
2023-10-04 15:00:00,2402.364527324016,34648.452395862536,69.33540638054265
2023-10-04 16:00:00,3665.6965454081865,37041.568214757084,98.96169957371838
2023-10-04 17:00:00,4180.244075424084,37940.32177485018,110.17945762903567
2023-10-04 18:00:00,4574.288392969797,36787.17240586383,124.34465858106185
2023-10-04 19:00:00,4185.286559394247,34831.615449825425,120.15769309991114
2023-10-04 20:00:00,3382.8131348010634,32641.97865333487,103.63382596157228
2023-10-04 21:00:00,1663.4933266278852,28723.304139724547,57.91441397326087
2023-10-04 22:00:00,1064.3594466994648,26618.59802410535,39.985556179014345
2023-10-04 23:00:00,1066.2590953915694,26516.65219942683,40.21092434189777
2023-10-05 00:00:00,1020.7560748897083,25597.148368741833,39.87772622891904
2023-10-05 01:00:00,1164.853369863935,24613.271181698485,47.3262314978302
2023-10-05 02:00:00,1159.1659868606341,23735.952213488767,48.835874644283216
2023-10-05 03:00:00,1084.8967841560514,22586.660367279892,48.032633710102814
2023-10-05 04:00:00,2276.972761293558,24329.0737031665,93.59060641084758
2023-10-05 05:00:00,4820.464081408509,29418.5995855948,163.8577005470006
2023-10-05 06:00:00,6096.722190437689,32012.13563707399,190.4503423188341
2023-10-05 07:00:00,6172.482183138261,32090.71377452103,192.34480811202798
2023-10-05 08:00:00,6389.658467879914,33123.852381203345,192.9020330831394
2023-10-05 09:00:00,6157.745659894189,33691.66012564538,182.76765338752313
2023-10-05 10:00:00,5295.8759677432345,34130.56144350089,155.16521685439986
2023-10-05 11:00:00,4600.651657133577,34568.48535480886,133.0880311912068
2023-10-05 12:00:00,4621.675824840114,35176.505421414,131.38530304453235
2023-10-05 13:00:00,4244.0136320290785,34975.00956641995,121.34417358684077
2023-10-05 14:00:00,3593.4177719309823,35808.769731790686,100.35021585063784
2023-10-05 15:00:00,3595.016141664391,37244.60912877988,96.52446960133162
2023-10-05 16:00:00,4429.032203627115,38056.13343234508,116.38156071480306
2023-10-05 17:00:00,4830.0832204251865,37871.06553757047,127.54019861504668
2023-10-05 18:00:00,4666.826454171492,37619.907814856204,124.05204385770847
2023-10-05 19:00:00,3641.7825966750197,35467.25229302826,102.6801446750607
2023-10-05 20:00:00,2493.408017644545,33331.45025503715,74.80646652234203
2023-10-05 21:00:00,1222.7686367472631,30038.115670635136,40.707235106049794
2023-10-05 22:00:00,820.0532407996147,28845.226962734207,28.429425840852623
2023-10-05 23:00:00,820.1318807444105,28751.239844511336,28.525096141235633
2023-10-06 00:00:00,820.0658897183578,28597.43216265077,28.67620718721005
2023-10-06 01:00:00,820.0687003341791,28510.143879680432,28.7641024820872
2023-10-06 02:00:00,816.290959018868,28368.12966250292,28.77493048467851
2023-10-06 03:00:00,818.0430101511088,28464.33556562803,28.739227313597745
2023-10-06 04:00:00,819.9350202655877,28815.43006898254,28.45472090136114
2023-10-06 05:00:00,884.2549213478721,29393.39176332665,30.08345986294557
2023-10-06 06:00:00,1107.9932812509524,30980.912222566556,35.76373972758258
2023-10-06 07:00:00,1198.988393308083,32422.85389943004,36.97973031698977
2023-10-06 08:00:00,1312.452561835098,34044.388494679915,38.55121562956532
2023-10-06 09:00:00,1404.7914305122742,35168.9363880032,39.944097683644344
2023-10-06 10:00:00,1831.0667491209533,35303.42744550281,51.866543324937325
2023-10-06 11:00:00,1856.8139821707687,36498.06062588064,50.87431908242568
2023-10-06 12:00:00,1663.3941018801777,35334.91940118774,47.07507842296832
2023-10-06 13:00:00,1390.859702896384,33990.85311519265,40.91864650124717
2023-10-06 14:00:00,1397.4744901474521,33085.42275993876,42.238374896619845
2023-10-06 15:00:00,1741.6377400046986,33985.33900543881,51.24673729827963
2023-10-06 16:00:00,2551.1745915680713,34542.4999848426,73.8561074817265
2023-10-06 17:00:00,3722.2579750640075,33623.49999244548,110.70406043095821
2023-10-06 18:00:00,3964.6185924309075,33122.49999555827,119.6956326654861
2023-10-06 19:00:00,3375.572302837762,31645.507312734397,106.66829479075551
2023-10-06 20:00:00,2344.707665950081,29256.99996210249,80.14176672205811
2023-10-06 21:00:00,1503.6876885161569,27597.681856711504,54.48601430813559
2023-10-06 22:00:00,1316.6417464880717,27105.424816674204,48.57484268898545
2023-10-06 23:00:00,736.8554358317446,26107.642783859053,28.223744362218042
2023-10-07 00:00:00,736.8289882416464,26194.542457328916,28.129103206973195
2023-10-07 01:00:00,833.0136950332471,26185.30207341507,31.812262188068242
2023-10-07 02:00:00,735.5254785042704,25349.360434075752,29.015543820803618
2023-10-07 03:00:00,735.5446270388817,24988.544061716497,29.435273428585504
2023-10-07 04:00:00,806.6622199688649,25312.49420760678,31.86814437774571
2023-10-07 05:00:00,794.9147652752633,25793.479162106327,30.81843904342642
2023-10-07 06:00:00,912.0910494394777,26712.54105660872,34.14467562283167
2023-10-07 07:00:00,1264.4004653610925,29399.532741462262,43.007502074272914
2023-10-07 08:00:00,1561.4149332752002,31893.43291669128,48.957255161392204
2023-10-07 09:00:00,1473.338432420779,32404.499004216912,45.46709493114053
2023-10-07 10:00:00,1505.351224336565,30633.606935927997,49.140515104378544
2023-10-07 11:00:00,1516.5293509875937,30812.471478503165,49.21803666562826
2023-10-07 12:00:00,1454.4547419149146,32001.14901275612,45.450078724834164
2023-10-07 13:00:00,1606.4241443424128,32560.85126193451,49.33606100834391
2023-10-07 14:00:00,1370.251477429549,31647.165522381943,43.297763158614025
2023-10-07 15:00:00,1233.2155133869821,30095.325106027944,40.97697928307062
2023-10-07 16:00:00,1811.955195274077,30343.15343003646,59.71545440891572
2023-10-07 17:00:00,2499.0476883672136,30369.093649858172,82.28917587005053
2023-10-07 18:00:00,2938.8468287848095,30144.49997903723,97.49197468289444
2023-10-07 19:00:00,3576.8123736646726,29018.499984251495,123.25972657462752
2023-10-07 20:00:00,2867.1357988727077,26951.999834661565,106.37933424092091
2023-10-07 21:00:00,2671.589883190278,24951.08410785463,107.07309837287826
2023-10-07 22:00:00,1834.2629836562724,22989.058775989903,79.78852033611757
2023-10-07 23:00:00,1472.682647983387,21299.629239962822,69.14123393379582
2023-10-08 00:00:00,1745.1661229190959,21088.01013613103,82.75632037605222
2023-10-08 01:00:00,1742.6464946743804,20186.052760719966,86.32923510758853
2023-10-08 02:00:00,1645.1367492574882,20160.53814110447,81.60182718055965
2023-10-08 03:00:00,1807.5275380809524,19986.49310762515,90.43745335150133
2023-10-08 04:00:00,2262.3825530205077,19586.645637765687,115.50638097308146
2023-10-08 05:00:00,2562.889954772993,21197.634094732235,120.90452846385766
2023-10-08 06:00:00,3466.1884372212476,23465.352699686027,147.7151646336697
2023-10-08 07:00:00,3903.290973542364,24698.72933379914,158.0361046428765
2023-10-08 08:00:00,4258.511224583657,27479.63203677466,154.96973245073653
2023-10-08 09:00:00,4169.679770134513,28689.271823158033,145.3393378485382
2023-10-08 10:00:00,4581.389864160779,30569.300463580865,149.8689794887154
2023-10-08 11:00:00,4747.219935208978,31159.632560808954,152.35160189853448
2023-10-08 12:00:00,4676.856492035513,30784.072651996907,151.9245534827613
2023-10-08 13:00:00,4245.682665174212,30060.65903053462,141.23717849504192
2023-10-08 14:00:00,4616.529005565575,30028.891070283025,153.7362466952418
2023-10-08 15:00:00,5159.759986511537,30646.780948442043,168.36221706912545
2023-10-08 16:00:00,6031.415416819539,31305.279244402424,192.66448223419036
2023-10-08 17:00:00,6128.930799575936,31219.51892222503,196.3172723719576
2023-10-08 18:00:00,6277.019115514883,31164.005717605625,201.41887960085884
2023-10-08 19:00:00,5381.24666417016,29848.00226434912,180.2883361007245
2023-10-08 20:00:00,4260.031065737576,28617.21929691622,148.86250902080604
2023-10-08 21:00:00,2459.960039022642,24822.3753080532,99.10252377114568
2023-10-08 22:00:00,1753.3944180300784,23096.004141052847,75.91765256542548
2023-10-08 23:00:00,976.7592467019042,21964.004645904144,44.47090876408326
2023-10-09 00:00:00,1022.5295567555121,21444.447193602937,47.68271933167583
2023-10-09 01:00:00,1086.069678045328,22092.583401791493,49.159922055890405
2023-10-09 02:00:00,1007.2575677008582,20894.798424099405,48.206139502122156
2023-10-09 03:00:00,1448.5171764402157,21041.02507080688,68.84251939084201
2023-10-09 04:00:00,3012.841682827642,23079.526135591914,130.54174791662692
2023-10-09 05:00:00,4848.127329152795,26492.029913398837,183.0032407860435
2023-10-09 06:00:00,6186.712902183545,30281.53378512147,204.3064577271619
2023-10-09 07:00:00,7042.849392830971,32168.5386467052,218.9359445320131
2023-10-09 08:00:00,7786.643171030197,33097.043458506414,235.26703165472375
2023-10-09 09:00:00,8084.742396643339,33757.54884726225,239.4943552691923
2023-10-09 10:00:00,8965.723091074375,34883.05493595255,257.0223023051163
2023-10-09 11:00:00,8866.293971479809,35566.061885309144,249.29085486245822
2023-10-09 12:00:00,8435.328133896019,35142.57017560149,240.03162238123474
2023-10-09 13:00:00,8408.59662084294,34637.080521311495,242.76285686575983
2023-10-09 14:00:00,8314.40302510156,34073.59341847947,244.0130960943006
2023-10-09 15:00:00,8535.67909879905,34842.10945388245,244.98169693476814
2023-10-09 16:00:00,8788.693746109353,33990.131445710314,258.5660417391095
2023-10-09 17:00:00,9496.171871452998,33946.16332468128,279.7421252182748
2023-10-09 18:00:00,9871.18663349104,34281.212606583525,287.9474173441383
2023-10-09 19:00:00,8968.115961831722,32653.30660231191,274.64648744629017
2023-10-09 20:00:00,8340.036592320164,31616.052003239936,263.79120933459683
2023-10-09 21:00:00,6894.217248275738,29232.217696111897,235.8431139212787
2023-10-09 22:00:00,4712.0931241290755,26070.548836171904,180.74391735057085
2023-10-09 23:00:00,4007.363832407307,25281.64834450944,158.50880361120159
2023-10-10 00:00:00,3825.6561617989064,25448.504914691184,150.32930911357354
2023-10-10 01:00:00,3629.959661068979,25352.057934234326,143.18205135399432
2023-10-10 02:00:00,3270.1066798782063,25125.042080099818,130.15328171204456
2023-10-10 03:00:00,3135.5257275140607,25179.375572951976,124.52754113895837
2023-10-10 04:00:00,3916.5387903808573,26266.858670545174,149.10571680856305
2023-10-10 05:00:00,4920.937631780449,29143.683166747727,168.85091714814982
2023-10-10 06:00:00,6065.234963311237,32352.75802971988,187.47196012592167
2023-10-10 07:00:00,6155.203776903867,32997.92137805929,186.53307601964696
2023-10-10 08:00:00,5434.608497346429,34171.59233427072,159.03878415101119
2023-10-10 09:00:00,4996.651058315523,35192.22606602932,141.98167086505327
2023-10-10 10:00:00,3977.1690221757844,35040.66914657978,113.50151464113765
2023-10-10 11:00:00,2964.8875021535096,35349.436884308656,83.87368409451524
2023-10-10 12:00:00,2806.3333137208338,35480.67775113775,79.09469298767394
2023-10-10 13:00:00,2683.934529304226,35451.05637039737,75.70816793897818
2023-10-10 14:00:00,2453.0734200575685,34967.4143387754,70.15312588718785
2023-10-10 15:00:00,2684.5641051579914,36580.223254479504,73.38840133593902
2023-10-10 16:00:00,2862.6913342670487,36792.17551906691,77.8070688639629
2023-10-10 17:00:00,3124.0023347828305,37163.64007621923,84.06071978890624
2023-10-10 18:00:00,3125.2997220543134,36053.989139188925,86.68388149751965
2023-10-10 19:00:00,2496.5241338990368,33344.16625091574,74.87139174848836
2023-10-10 20:00:00,1773.5383965138096,31585.98270018699,56.149539919279135
2023-10-10 21:00:00,1031.878463695207,30168.07211724784,34.20432236056796
2023-10-10 22:00:00,881.1291986411699,29188.157381521964,30.187900768240443
2023-10-10 23:00:00,881.9214828277906,28962.67964761989,30.45027233522108
2023-10-11 00:00:00,881.9922387180995,28910.30546991757,30.50788375916162
2023-10-11 01:00:00,876.0100670774157,28708.904270123217,30.51353192845684
2023-10-11 02:00:00,861.6078112554362,28379.315881826642,30.360415129216943
2023-10-11 03:00:00,865.8229591803423,28624.80652919183,30.247294712625166
2023-10-11 04:00:00,880.7453298466476,29075.84155814296,30.2913099896153
2023-10-11 05:00:00,1045.3019073643422,29565.339101120277,35.35565426086164
2023-10-11 06:00:00,1495.1522988147785,31070.54855539652,48.12120700569644
2023-10-11 07:00:00,2644.6845658053594,31922.581144093034,82.84682726210981
2023-10-11 08:00:00,2909.352921543865,33484.83345263934,86.88569186580632
2023-10-11 09:00:00,3218.374271653235,34712.88185381539,92.71411936371669
2023-10-11 10:00:00,3377.6711050158815,35218.947432822475,95.90494183446391
2023-10-11 11:00:00,3806.4819141204457,35325.429535428026,107.75472412311105
2023-10-11 12:00:00,4003.169890551045,34811.40948369992,114.99591513022439
2023-10-11 13:00:00,4004.6629559591897,34415.85461256569,116.36099120714654
2023-10-11 14:00:00,4334.800957022797,34762.90656037037,124.69615995701751
2023-10-11 15:00:00,4513.536989514816,34981.78698703468,129.02534084915877
2023-10-11 16:00:00,5965.2122454600085,35333.654406007154,168.82522755545628
2023-10-11 17:00:00,6841.419353956372,35935.60728493651,190.3799565625863
2023-10-11 18:00:00,6661.919041766137,35477.47425959275,187.77884223155544
2023-10-11 19:00:00,5927.792649191156,33100.14071535666,179.08662987770873
2023-10-11 20:00:00,4674.638989688444,29811.021439274926,156.8090848282635
2023-10-11 21:00:00,3788.3011544968904,26797.6894812397,141.36670839286248
2023-10-11 22:00:00,3377.660914299675,24365.66138428157,138.62381410580642
2023-10-11 23:00:00,3288.0573996512126,23366.150214186375,140.71883341976132
2023-10-12 00:00:00,3721.3714202210217,23151.642084521467,160.7389837245724
2023-10-12 01:00:00,3772.0664252870365,22942.63704699337,164.4129407426321
2023-10-12 02:00:00,3624.3600279768143,22038.63694390877,164.45481801806923
2023-10-12 03:00:00,3750.8911680182073,21234.638906344113,176.64021434796246
2023-10-12 04:00:00,4867.9525736178475,21716.142456183592,224.16285873238579
2023-10-12 05:00:00,7459.934157521265,27093.146429263503,275.3439574468817
2023-10-12 06:00:00,8520.30767179279,30658.190294070926,277.91293582780577
2023-10-12 07:00:00,9131.025634710304,32856.10254974991,277.909579229135
2023-10-12 08:00:00,9269.145292580619,34479.673079528366,268.8292685142654
2023-10-12 09:00:00,9449.2967020028,35385.688182926475,267.0372454862152
2023-10-12 10:00:00,9404.211960771056,35602.20843770674,264.1468710354198
2023-10-12 11:00:00,9313.379869703705,36059.73527638844,258.27643487449603
2023-10-12 12:00:00,9159.868367891344,35470.27340728051,258.2407037779196
2023-10-12 13:00:00,8880.422352524576,35285.82634741756,251.67108926654063
2023-10-12 14:00:00,8838.970673130163,34673.91625260101,254.91699895500324
2023-10-12 15:00:00,8852.93813737125,34205.0874623299,258.81933929041986
2023-10-12 16:00:00,9630.443265506998,35666.54361928166,270.01335953116273
2023-10-12 17:00:00,9982.748394389293,36081.77267938715,276.6701204814211
2023-10-12 18:00:00,9440.729027767427,35341.86569759717,267.12593807432427
2023-10-12 19:00:00,8593.886433591264,33743.66512760482,254.68147579975914
2023-10-12 20:00:00,7343.844095719334,31302.784987259853,234.6067322351113
2023-10-12 21:00:00,6263.18192228278,29567.949391516795,211.82334423501553
2023-10-12 22:00:00,3765.575670931971,24773.427776348533,152.000591316112
2023-10-12 23:00:00,2091.461806146869,23334.99665807732,89.62768826550989
2023-10-13 00:00:00,1775.6390075023103,22766.479451817522,77.99356994392716
2023-10-13 01:00:00,1522.5922684450923,22814.34678668824,66.73836786479889
2023-10-13 02:00:00,1326.905257991621,23613.55672602913,56.192519974298435
2023-10-13 03:00:00,1424.6479057731317,23590.617261576823,60.39044633620183
2023-10-13 04:00:00,1369.473164238688,24106.408105699447,56.80950717477089
2023-10-13 05:00:00,1602.8822756175523,26488.690039078367,60.5119495623545
2023-10-13 06:00:00,2413.376743226903,30724.663994981936,78.54851540837238
2023-10-13 07:00:00,2823.986716157835,33205.211421580265,85.04649105539227
2023-10-13 08:00:00,3136.7623981071106,34766.57451999183,90.22351040949914
2023-10-13 09:00:00,3320.7488215960116,35794.80153776892,92.77181822316071
2023-10-13 10:00:00,3242.2357642698407,36172.84702553957,89.63175505595908
2023-10-13 11:00:00,2988.3818392585786,37022.62606739144,80.71771661520972
2023-10-13 12:00:00,2499.231808747793,36260.72641124772,68.92393109842817
2023-10-13 13:00:00,2811.666970916268,35102.11057947975,80.09965567597331
2023-10-13 14:00:00,3030.105096688684,34357.71574330478,88.1928565719377
2023-10-13 15:00:00,3041.5884193779784,34545.473304022686,88.04593275101539
2023-10-13 16:00:00,2857.1455707575324,35043.754854146224,81.53080577835075
2023-10-13 17:00:00,3073.6404707360666,35101.64532053048,87.56399999684163
2023-10-13 18:00:00,2474.6759524903596,34576.97783641559,71.57004768311747
2023-10-13 19:00:00,1478.7377862213139,32142.95763431627,46.0050317411548
2023-10-13 20:00:00,1245.0338900623763,31008.018303766898,40.151998036944136
2023-10-13 21:00:00,985.6678106337848,29498.343495386398,33.41434446269653
2023-10-13 22:00:00,1165.3157356962365,29398.598334411538,39.638479441797585
2023-10-13 23:00:00,927.9577057814204,27706.95762219758,33.49186577735197
2023-10-14 00:00:00,894.9436354483773,27561.213966584433,32.47112542043389
2023-10-14 01:00:00,828.5490467025636,27370.800751012936,30.271275372603075
2023-10-14 02:00:00,740.3758758239298,26596.05937524486,27.837803539913082
2023-10-14 03:00:00,725.7865286507642,26439.115124606316,27.451241285124944
2023-10-14 04:00:00,839.1107136948303,26411.954785896556,31.77011018294255
2023-10-14 05:00:00,840.157085825224,26609.97988335818,31.573007176553944
2023-10-14 06:00:00,960.868271347369,27737.482786486253,34.6415094240457
2023-10-14 07:00:00,1301.3192430195502,28762.061795602785,45.244296193623335
2023-10-14 08:00:00,1490.2615019936056,31229.463614298693,47.71972776731509
2023-10-14 09:00:00,1587.2429356644798,32578.096626675364,48.721168515561
2023-10-14 10:00:00,1651.2812037171466,32975.13050833623,50.0765631025993
2023-10-14 11:00:00,1671.2007273341742,33406.05898437011,50.0268747090487
2023-10-14 12:00:00,1657.8230807671514,33106.07493670913,50.076098840968356
2023-10-14 13:00:00,1543.2134091668463,31633.679114412917,48.78387378165344
2023-10-14 14:00:00,1557.7304458977771,31374.483809465994,49.64959600156973
2023-10-14 15:00:00,1596.761979599402,31449.648697193963,50.77201322575886
2023-10-14 16:00:00,1623.5290033777874,32020.425605698434,50.70291767417545
2023-10-14 17:00:00,1721.7084015168225,32698.921038654127,52.65337041187238
2023-10-14 18:00:00,2153.6454697337404,32870.11670336977,65.51986076498942
2023-10-14 19:00:00,2072.472396424601,31586.35558585553,65.61290019012705
2023-10-14 20:00:00,1536.9349428765101,29669.64399270652,51.80159705503457
2023-10-14 21:00:00,1004.1665931787055,26511.31787013009,37.876902162984706
2023-10-14 22:00:00,1027.7392027216795,26189.580675431785,39.242293164540534
2023-10-14 23:00:00,855.9288951283768,24739.855663562044,34.59716607761083
2023-10-15 00:00:00,896.2590603927281,25616.937164194656,34.98697188692209
2023-10-15 01:00:00,887.0907543597449,24947.89884759042,35.557734131402576
2023-10-15 02:00:00,835.4287073147842,24302.135409283655,34.37676126994347
2023-10-15 03:00:00,833.2046977231605,24288.128865480925,34.30501799203388
2023-10-15 04:00:00,916.6902244409736,24628.34721585754,37.22093961103249
2023-10-15 05:00:00,936.8117594789996,24324.77438482348,38.512659754142994
2023-10-15 06:00:00,1180.8836350904921,25337.318912839448,46.60649531044465
2023-10-15 07:00:00,1737.8663166830436,27665.331833468746,62.81747593501197
2023-10-15 08:00:00,2238.6417483166906,30096.18479628741,74.38290811507922
2023-10-15 09:00:00,2343.7428283587224,31500.616953949822,74.4030769868729
2023-10-15 10:00:00,2466.1155118631514,32363.697759262817,76.2000538445062
2023-10-15 11:00:00,2465.75854353416,32740.459356010124,75.31227698189042
2023-10-15 12:00:00,2336.0896426369354,31873.12545261045,73.29339716339638
2023-10-15 13:00:00,2396.872039395575,31359.14776205393,76.43294574146256
2023-10-15 14:00:00,2467.701340925808,31018.709667307437,79.5552544703906
2023-10-15 15:00:00,3653.455592564387,31810.794497543182,114.84955501021993
2023-10-15 16:00:00,4804.741818976232,33016.32227004394,145.52625757883476
2023-10-15 17:00:00,6814.660649487189,34100.02192871647,199.84329229267726
2023-10-15 18:00:00,7189.5827357690805,33371.02280521822,215.4438830878401
2023-10-15 19:00:00,6520.531562537853,31279.523538796366,208.46006667749782
2023-10-15 20:00:00,5795.138937783601,28963.524482445624,200.0840381596498
2023-10-15 21:00:00,5043.709127159467,26735.926000765692,188.6491280315116
2023-10-15 22:00:00,4402.983154193155,24243.420366533755,181.61559250406546
2023-10-15 23:00:00,4243.743133416346,23589.527577389137,179.89945409012887
2023-10-16 00:00:00,4483.586587650018,23350.476404584373,192.01263862735414
2023-10-16 01:00:00,4456.137172350316,23110.397080338982,192.81958491926326
2023-10-16 02:00:00,4394.5458051087235,22777.7318254803,192.93166847248446
2023-10-16 03:00:00,4371.001913325601,22318.53000972852,195.84631745102863
2023-10-16 04:00:00,5519.684618640627,23302.92777811443,236.86657192597866
2023-10-16 05:00:00,7625.368418367364,28261.72717466431,269.8125408698748
2023-10-16 06:00:00,8813.08686791023,32280.18433820582,273.01848017885493
2023-10-16 07:00:00,9950.674100708678,35162.37238484432,282.9921141782122
2023-10-16 08:00:00,10406.699695751551,36801.69912967673,282.77769618956626
2023-10-16 09:00:00,10513.78154474905,37752.683740673565,278.49097078684844
2023-10-16 10:00:00,10403.211116655215,37971.13678533143,273.9768149547228
2023-10-16 11:00:00,9973.376410793368,37886.13028257848,263.24610976116276
2023-10-16 12:00:00,9651.977594760732,37567.63543484263,256.9226804679027
2023-10-16 13:00:00,9340.365900147472,36786.0265264204,253.9107042028323
2023-10-16 14:00:00,9084.18784342414,36042.184124304644,252.04321170143297
2023-10-16 15:00:00,9397.998588357923,36112.10320628363,260.2451187811913
2023-10-16 16:00:00,9760.506866924894,36705.095738218864,265.9169434276084
2023-10-16 17:00:00,10181.155007980919,37609.40986409668,270.70765121736787
2023-10-16 18:00:00,9904.61333240556,37070.59957425068,267.18244231704654
2023-10-16 19:00:00,8830.805842455538,34802.111408097335,253.74339329311192
2023-10-16 20:00:00,7757.488476642384,32153.12623670726,241.26700525270022
2023-10-16 21:00:00,6869.6958718727265,29106.828026897998,236.01664411952933
2023-10-16 22:00:00,4839.324763606738,25364.323598847666,190.79258095518836
2023-10-16 23:00:00,4115.906121886164,23764.687747277134,173.19420165147125
2023-10-17 00:00:00,3798.806688694522,23843.1538916143,159.32484041176164
2023-10-17 01:00:00,3702.4290472478842,24043.73033313389,153.9872971435587
2023-10-17 02:00:00,3441.8882780802633,23289.982221582624,147.78406635667994
2023-10-17 03:00:00,3554.4990181543185,23771.608252655522,149.52707365759514
2023-10-17 04:00:00,4224.729309913354,25048.107958675097,168.66460799687556
2023-10-17 05:00:00,5751.039163345105,29353.112049705243,195.92604537490107
2023-10-17 06:00:00,6647.505436699205,32753.118992696138,202.957936255829
2023-10-17 07:00:00,6851.424141014436,34813.12803905231,196.80576055471707
2023-10-17 08:00:00,7031.428547680162,36591.13961814064,192.16205401250252
2023-10-17 09:00:00,6961.263315660531,36707.655089200736,189.64064304147038
2023-10-17 10:00:00,6521.487074186436,37881.67476166886,172.15413825328812
2023-10-17 11:00:00,5335.477468284511,37280.201687046334,143.11825652323165
2023-10-17 12:00:00,4411.921360193925,36518.740437388806,120.81252823487002
2023-10-17 13:00:00,4076.650741846809,35563.79408127266,114.62924154072499
2023-10-17 14:00:00,3454.674018397127,34843.382884812934,99.1486397809813
2023-10-17 15:00:00,3789.0536078552886,35984.549116379334,105.29668151741824
2023-10-17 16:00:00,4719.362454180676,37360.986204111396,126.31793037790135
2023-10-17 17:00:00,5546.167404098945,38556.54776418456,143.84502051428
2023-10-17 18:00:00,4728.43425439519,38068.852046313696,124.20742943976049
2023-10-17 19:00:00,3002.7741658468326,35485.47848226181,84.61980207897817
2023-10-17 20:00:00,1969.0325630479838,32921.718905691254,59.809530865886614
2023-10-17 21:00:00,1336.1921245755066,30441.143938102956,43.89428095384434
2023-10-17 22:00:00,982.3607173333012,28741.636573915413,34.17901116406317
2023-10-17 23:00:00,897.100973037238,27967.571103008402,32.07647062853946
2023-10-18 00:00:00,861.6088367389729,28076.0550658385,30.688386766534524
2023-10-18 01:00:00,846.3493605227875,28463.455489169082,29.734596379025042
2023-10-18 02:00:00,827.6098910325373,28375.0716512298,29.166794755799955
2023-10-18 03:00:00,862.4519174396008,28324.97717610442,30.448459396012662
2023-10-18 04:00:00,954.9751469671019,28986.008008406192,32.946073384446414
2023-10-18 05:00:00,1194.1283048876921,30565.71498775893,39.06757310816779
2023-10-18 06:00:00,1535.5347252004465,34718.98618672008,44.22752199451562
2023-10-18 07:00:00,1676.4713827004305,34842.1705929808,48.11615792496485
2023-10-18 08:00:00,2346.953100939235,36200.000043700005,64.83295851121642
2023-10-18 09:00:00,2249.372308534202,36816.547222353605,61.09677517962545
2023-10-18 10:00:00,2561.6549141014502,37296.65169318075,68.6832409293679
2023-10-18 11:00:00,2760.5502374541798,38701.05847151908,71.33009655241669
2023-10-18 12:00:00,2606.0383672961766,37776.42090172927,68.9858463319081
2023-10-18 13:00:00,2123.689434414449,36505.91796651911,58.17384009798523
2023-10-18 14:00:00,1861.1247498912912,36679.90689501574,50.73962579071298
2023-10-18 15:00:00,1796.4574119916358,37396.49897024966,48.03811750989808
2023-10-18 16:00:00,2356.399196329505,38401.77037907459,61.36173340626828
2023-10-18 17:00:00,3389.399878375118,39177.42052576857,86.51411534727696
2023-10-18 18:00:00,3290.90571472741,37926.2154094243,86.77126571162309
2023-10-18 19:00:00,2696.2100710321974,35453.44029324963,76.0493212712437
2023-10-18 20:00:00,1740.64501219305,32453.56450233187,53.63494084195221
2023-10-18 21:00:00,1383.50856562765,29893.176916946453,46.28175083135237
2023-10-18 22:00:00,1258.3394398469968,29011.798726211247,43.373368598139585
2023-10-18 23:00:00,1078.7360163709186,28325.46926364744,38.08360618248805
2023-10-19 00:00:00,978.1398942995108,28103.54674864763,34.80485587985722
2023-10-19 01:00:00,1069.8515018766375,28415.858028191353,37.64980458500456
2023-10-19 02:00:00,1379.2550587293597,28597.682601784647,48.22960929859704
2023-10-19 03:00:00,1400.7282191567238,28526.442736738074,49.102800236384944
2023-10-19 04:00:00,1412.948924743916,28372.155335497242,49.800549448428185
2023-10-19 05:00:00,1519.085318720113,30343.778150017224,50.06249753112075
2023-10-19 06:00:00,2227.464966135143,33970.42660548318,65.5707092526064
2023-10-19 07:00:00,2867.920900641081,35467.769161000906,80.85991784886613
2023-10-19 08:00:00,2928.680371423597,36432.095120749604,80.38737167645324
2023-10-19 09:00:00,3868.7832254995747,36781.500400141034,105.18285506060379
2023-10-19 10:00:00,4219.0070312613,37536.00000244034,112.39895116653368
2023-10-19 11:00:00,4324.815869603204,37056.00001926482,116.71027275892708
2023-10-19 12:00:00,4530.5451015659255,37207.50002190616,121.76429749105792
2023-10-19 13:00:00,4047.4363654463086,35848.00001438871,112.90549999502745
2023-10-19 14:00:00,3847.6287099792958,36109.99999753578,106.55299668351887
2023-10-19 15:00:00,4637.381949264863,36522.50002367807,126.97328896593554
2023-10-19 16:00:00,4909.1419403718255,36646.0000132673,133.96119463500852
2023-10-19 17:00:00,5250.741519945305,37061.67677974968,141.675767967797
2023-10-19 18:00:00,5027.935410685617,35660.99998286508,140.99255245510537
2023-10-19 19:00:00,4237.232431898348,33688.13823112626,125.77817161719388
2023-10-19 20:00:00,3344.6209799840694,31764.292099750826,105.29499506807224
2023-10-19 21:00:00,2393.9269363179556,28471.99992740111,84.0800415292945
2023-10-19 22:00:00,1270.8145437397504,27388.888728661335,46.39890856213877
2023-10-19 23:00:00,951.7145999841077,26329.535031071035,36.14627447317264
2023-10-20 00:00:00,1473.9174811637567,28047.108284896138,52.551495369577445
2023-10-20 01:00:00,1459.2656211135547,27497.43362854522,53.069156955748916
2023-10-20 02:00:00,1415.994482882404,27210.37229625079,52.03877651749397
2023-10-20 03:00:00,1382.6352600958937,27056.24881462265,51.10225255426552
2023-10-20 04:00:00,1379.6816439231543,27305.326828539553,50.52793004774108
2023-10-20 05:00:00,1956.6466192173573,29026.721161565947,67.40846161460833
2023-10-20 06:00:00,2707.153027531855,32356.0137059221,83.66769318793949
2023-10-20 07:00:00,3030.3339963060143,34426.14041320043,88.02421531819631
2023-10-20 08:00:00,3420.021694641819,35728.99688950379,95.72117866109274
2023-10-20 09:00:00,3516.273130063164,36720.73367845503,95.75715890791827
2023-10-20 10:00:00,3529.3969151218325,36945.562991754705,95.52965577786709
2023-10-20 11:00:00,3669.072613876472,36811.06833216481,99.67308149735241
2023-10-20 12:00:00,3740.5322621235373,36651.360683264575,102.05711854598367
2023-10-20 13:00:00,3211.7912495731825,35461.29160656292,90.57175032447965
2023-10-20 14:00:00,3207.9355976155803,35385.66899101635,90.65635012948337
2023-10-20 15:00:00,3879.1986121001146,36421.87239603522,106.50739121590006
2023-10-20 16:00:00,4495.531465067531,37617.24941589045,119.50718180815495
2023-10-20 17:00:00,4805.559150926274,37925.07845528062,126.71191060534659
2023-10-20 18:00:00,4235.164924841373,35808.71151326597,118.27191613058687
2023-10-20 19:00:00,3443.264433878508,33332.556172238845,103.30034144654783
2023-10-20 20:00:00,3075.668759019236,30981.667857298966,99.27382777407962
2023-10-20 21:00:00,2754.2237708087114,28594.35182244393,96.32055267106632
2023-10-20 22:00:00,2214.9961830078178,26356.398784090125,84.04016805000258
2023-10-20 23:00:00,1831.4533182158495,25206.57956943416,72.65774847281124
2023-10-21 00:00:00,1796.8200217672702,25281.56941802725,71.0723290970232
2023-10-21 01:00:00,1583.139868737833,25287.526326886742,62.605564825633955
2023-10-21 02:00:00,1509.931536233339,25219.366805629546,59.871905106526604
2023-10-21 03:00:00,1522.5339262756684,25844.12848461938,58.91217911185413
2023-10-21 04:00:00,1177.6470720825812,24911.753565183055,47.27274894564122
2023-10-21 05:00:00,1753.0926332701247,26258.620511329846,66.762556415091
2023-10-21 06:00:00,2260.2028588432763,27462.044857639314,82.30278810481731
2023-10-21 07:00:00,2838.6641919624,28677.726282121275,98.98498102801562
2023-10-21 08:00:00,3561.261989378196,30482.848674879253,116.82838527860463
2023-10-21 09:00:00,4038.7219872561814,31892.585691672954,126.63513790638426
2023-10-21 10:00:00,4770.691816676095,32893.82507530014,145.0330512111342
2023-10-21 11:00:00,5120.112592290821,33068.3360251731,154.83429793362333
2023-10-21 12:00:00,5079.328454787099,32739.091152115896,155.145676805351
2023-10-21 13:00:00,5176.663428888381,32259.12317291794,160.47129989057711
2023-10-21 14:00:00,5226.648724000465,31347.43102796163,166.73292045330098
2023-10-21 15:00:00,5635.8741271322315,31972.581904550058,176.27209913661002
2023-10-21 16:00:00,6313.158063287752,33470.208497931766,188.62021919217693
2023-10-21 17:00:00,6835.659612486681,34248.840406862524,199.58805995419928
2023-10-21 18:00:00,6720.0707969586365,32889.96316960373,204.31980304463204
2023-10-21 19:00:00,6266.613620692335,31122.076792708744,201.35589480199704
2023-10-21 20:00:00,5363.831181416715,28928.242825540205,185.41849270848516
2023-10-21 21:00:00,4134.388354206156,26991.441257900355,153.17404931076166
2023-10-21 22:00:00,2874.8051739406696,24535.694148563973,117.16828374749392
2023-10-21 23:00:00,2506.617618485389,23848.520800270908,105.10578997658064
2023-10-22 00:00:00,2509.715425451832,23769.482713586574,105.58561394427339
2023-10-22 01:00:00,2478.7821647766345,23065.122263267163,107.46885000147041
2023-10-22 02:00:00,2667.3734140296233,22355.06197367067,119.31854258204253
2023-10-22 03:00:00,2764.2090069754972,21774.545133295418,126.94680830548097
2023-10-22 04:00:00,2820.713399285316,21417.50635787223,131.70129856170362
2023-10-22 05:00:00,3043.2518717351218,21939.270533070696,138.71253682513287
2023-10-22 06:00:00,3341.3287514152516,23224.4783884157,143.87099230103254
2023-10-22 07:00:00,4373.722532919405,25434.58597794156,171.9596511896269
2023-10-22 08:00:00,5462.17204610917,28740.378810719238,190.05219388660095
2023-10-22 09:00:00,5662.629658656108,30563.530045769527,185.27407175075007
2023-10-22 10:00:00,6007.881200296905,31511.029739036072,190.65962775739766
2023-10-22 11:00:00,5978.685706122979,32254.82931841134,185.35784663756672
2023-10-22 12:00:00,5586.891196316401,31654.27147589872,176.49722883593165
2023-10-22 13:00:00,5316.981289366009,30415.390289889026,174.81219996488196
2023-10-22 14:00:00,5990.905256819248,30589.454886014664,195.84870927393538
2023-10-22 15:00:00,6841.957549555713,31369.288458704388,218.11006515377935
2023-10-22 16:00:00,7958.10172159296,32545.1535060081,244.5249404069896
2023-10-22 17:00:00,8851.849998311824,33435.10024431234,264.747224731818
2023-10-22 18:00:00,8641.694312929163,32208.586875039386,268.304050297413
2023-10-22 19:00:00,8029.698923069581,30659.08077174959,261.9027942438653
2023-10-22 20:00:00,7230.817157525337,28444.57788949127,254.20722309951142
2023-10-22 21:00:00,6219.467740997435,25971.576670829792,239.47208980896738
2023-10-22 22:00:00,5196.7019663687615,23501.07644407312,221.12612495583582
2023-10-22 23:00:00,4670.670417227166,22198.577089350627,210.40404519746613
2023-10-23 00:00:00,4786.095485968141,22322.078275623062,214.4108369691912
2023-10-23 01:00:00,4890.039334202486,22456.589006819617,217.7552135240788
2023-10-23 02:00:00,4536.8084168395535,21745.58950972313,208.63119920529198
2023-10-23 03:00:00,4521.008990633212,21732.090710994627,208.03378058540676
2023-10-23 04:00:00,5390.5759427051735,23972.592586854025,224.86412027296672
2023-10-23 05:00:00,7002.482551098481,27736.59516489667,252.46366792564345
2023-10-23 06:00:00,8141.988844517347,31828.09865280447,255.81134874985477
2023-10-23 07:00:00,8716.82209930457,34153.603343561546,255.22408314049295
2023-10-23 08:00:00,8943.86436534603,35532.10930919977,251.7121707444015
2023-10-23 09:00:00,8675.681464235471,36372.117175667234,238.5256107675651
2023-10-23 10:00:00,8446.939138967695,36375.627808360616,232.21425025209436
2023-10-23 11:00:00,8074.452953692567,36280.64282731738,222.5553993661032
2023-10-23 12:00:00,7695.827829080444,35799.665527674,214.9692662109199
2023-10-23 13:00:00,7352.034808405905,35309.20363819749,208.21865267027644
2023-10-23 14:00:00,6825.441567892329,35622.28119420619,191.6059651172047
2023-10-23 15:00:00,7243.924682433614,37149.52071487857,194.99375881671565
2023-10-23 16:00:00,7792.9519210927365,38747.91736336613,201.11924592005334
2023-10-23 17:00:00,7748.359797755828,38592.085349660774,200.77587742544563
2023-10-23 18:00:00,6820.0171250868925,36892.90366573686,184.85986321051686
2023-10-23 19:00:00,5858.020978774977,34659.23187780032,169.01762276293013
2023-10-23 20:00:00,4474.56500816399,31725.83582220645,141.0385224597306
2023-10-23 21:00:00,3462.5120592951057,28670.834587399408,120.76774565944623
2023-10-23 22:00:00,2313.038776470925,26398.785270877408,87.61913674197051
2023-10-23 23:00:00,2494.341495733807,25586.698859216838,97.48586597505897
2023-10-24 00:00:00,2719.1444716272013,25040.1964281283,108.59117976297965
2023-10-24 01:00:00,2916.7258383852413,24812.393467495243,117.55116821785909
2023-10-24 02:00:00,2885.7512823780967,24285.01200319358,118.82848902848426
2023-10-24 03:00:00,2970.709104552509,23978.95398787376,123.88818570046078
2023-10-24 04:00:00,3188.2746899960193,24102.745706180536,132.27848515111154
2023-10-24 05:00:00,4906.330321554697,27929.620282640062,175.66763428589383
2023-10-24 06:00:00,6135.7564089700945,31203.739483479396,196.635291491862
2023-10-24 07:00:00,6705.179257879506,33876.625235952306,197.92937493559685
2023-10-24 08:00:00,7044.93858260155,35444.85331263462,198.7577299435549
2023-10-24 09:00:00,7407.619001018852,36508.7975390305,202.89956121122808
2023-10-24 10:00:00,7417.448539898657,36446.65617890566,203.5152005025821
2023-10-24 11:00:00,7532.725234485035,36736.19383533153,205.0491476675609
2023-10-24 12:00:00,7711.958737052137,36361.67731218362,212.0902914032546
2023-10-24 13:00:00,7685.853796364827,36288.18007098692,211.8004755633863
2023-10-24 14:00:00,8072.541892387029,35742.192036619555,225.8546953168494
2023-10-24 15:00:00,8393.351925088613,35715.712977694886,235.004462330919
2023-10-24 16:00:00,9022.04535516243,36655.24681348822,246.13244049532742
2023-10-24 17:00:00,9837.359478961062,38188.30436515777,257.6013688614168
2023-10-24 18:00:00,9505.90343980277,36961.91581373138,257.1810262137798
2023-10-24 19:00:00,8461.385369301368,34352.226186076296,246.31257734123068
2023-10-24 20:00:00,7393.750495483163,31898.772836371438,231.78792906580728
2023-10-24 21:00:00,6229.54096860727,29307.944312751693,212.55468831694338
2023-10-24 22:00:00,4446.672544532771,25961.126796324505,171.28195472479712
2023-10-24 23:00:00,4402.071293361975,25237.355604695156,174.4268045477401
2023-10-25 00:00:00,4745.276888767776,25436.739643043133,186.5520878602692
2023-10-25 01:00:00,4839.8498403141675,25059.13647856842,193.1371356093376
2023-10-25 02:00:00,4829.160270035341,24379.189380581134,198.08535036369724
2023-10-25 03:00:00,4656.385836218432,23789.076371905063,195.73630196578927
2023-10-25 04:00:00,4374.996283438171,24096.632973054428,181.5604814303485
2023-10-25 05:00:00,5488.873331617535,27187.364885934898,201.89059714489457
2023-10-25 06:00:00,7372.35075358009,32336.581469798162,227.98794487493197
2023-10-25 07:00:00,8215.514150629415,34453.85827783891,238.44975748082533
2023-10-25 08:00:00,8935.63299533856,36236.258770222004,246.59369644091475
2023-10-25 09:00:00,9010.041696894234,36673.67960899153,245.68142037989506
2023-10-25 10:00:00,8975.543192980227,37074.55339192464,242.0944386867578
2023-10-25 11:00:00,9256.694184588807,37888.36688253494,244.31494271809805
2023-10-25 12:00:00,9174.790394907715,38091.79648439063,240.86000770972797
2023-10-25 13:00:00,8603.697049865224,36792.075620884585,233.84647114014516
2023-10-25 14:00:00,8484.953134954769,35905.26966136857,236.31498147704914
2023-10-25 15:00:00,8290.985278522432,35394.45686651052,234.2453031499174
2023-10-25 16:00:00,9157.43145368835,36910.22475569452,248.10012711384366
2023-10-25 17:00:00,9970.01961302581,38267.39603730953,260.5356163587757
2023-10-25 18:00:00,9482.516469616456,36784.22018633882,257.78761712442497
2023-10-25 19:00:00,8483.50543459182,34619.71794208974,245.04836950961402
2023-10-25 20:00:00,7244.6395084741625,31905.15643850087,227.06798264533336
2023-10-25 21:00:00,5900.55677051849,28605.21880826677,206.27553349856768
2023-10-25 22:00:00,4637.007343499726,26079.143511898994,177.80520059579496
2023-10-25 23:00:00,4224.759798862662,25131.47897431481,168.1062942288635
2023-10-26 00:00:00,4035.916555023963,24566.13726506249,164.2877963058429
2023-10-26 01:00:00,4088.8013860535025,24418.109209301052,167.44954947191593
2023-10-26 02:00:00,3895.431081929875,24201.613310196062,160.9574961801717
2023-10-26 03:00:00,3940.844942708558,24321.123000204218,162.03383958361906
2023-10-26 04:00:00,4390.609432083787,24461.134587856042,179.49328622980335
2023-10-26 05:00:00,6480.253581046619,29175.647336911155,222.11173264519888
2023-10-26 06:00:00,7602.369521015524,33000.663131456524,230.37020470564053
2023-10-26 07:00:00,7759.756360503504,35288.18420084458,219.8967313347277
2023-10-26 08:00:00,7752.728259227887,37282.711876927235,207.94432242000445
2023-10-26 09:00:00,6942.44445542487,37216.2506134031,186.5433605212399
2023-10-26 10:00:00,7365.839312294937,38236.306312225286,192.63992845302263
2023-10-26 11:00:00,6799.201207408486,38223.395352098654,177.88061852634908
2023-10-26 12:00:00,6389.920320095798,38126.56895007596,167.59757030492165
2023-10-26 13:00:00,6000.507362747926,37556.18474034207,159.77414650168942
2023-10-26 14:00:00,6554.737823953971,38428.691228738215,170.56885400906202
2023-10-26 15:00:00,7177.047453093703,38485.62188781147,186.4864617236885
2023-10-26 16:00:00,7887.59331466835,37864.83500957229,208.30919539658242
2023-10-26 17:00:00,8517.524118197707,38366.230932344435,222.00575639597312
2023-10-26 18:00:00,8162.678948294503,37261.48195293194,219.06479615076657
2023-10-26 19:00:00,7069.66215721298,35594.71807164503,198.61548398790987
2023-10-26 20:00:00,5857.878140187151,32720.26074239486,179.02907884218777
2023-10-26 21:00:00,4731.365593240917,29658.993454975873,159.5254943639073
2023-10-26 22:00:00,3467.428358152033,26479.85735678902,130.94588507150848
2023-10-26 23:00:00,3151.46831484637,25044.015849805863,125.83717937835436
2023-10-27 00:00:00,3157.58576676174,24455.015082712816,129.11812796197492
2023-10-27 01:00:00,3069.0366794711326,24020.323335841313,127.76833336342929
2023-10-27 02:00:00,2978.673139793174,23748.12021196931,125.42774388904643
2023-10-27 03:00:00,3101.76126576,23861.931304265512,129.9878549732282
2023-10-27 04:00:00,3746.0473928993997,24504.309210821782,152.87300534246612
2023-10-27 05:00:00,5338.723195003025,28000.228064176416,190.66713252358844
2023-10-27 06:00:00,6844.708517408824,32074.52956763355,213.40012183111887
2023-10-27 07:00:00,7532.991431065414,34606.39528761295,217.67628117458918
2023-10-27 08:00:00,7842.759656592093,35851.1866136979,218.75871895396506
2023-10-27 09:00:00,8048.020920971961,37231.932342318425,216.15909824332292
2023-10-27 10:00:00,7900.629376139036,37988.26092895334,207.97554778606482
2023-10-27 11:00:00,7693.626519415746,37628.569368012795,204.46237124167482
2023-10-27 12:00:00,6865.144705748251,36411.40222577887,188.54381556576817
2023-10-27 13:00:00,6243.860310521796,35572.8172061483,175.52335746527902
2023-10-27 14:00:00,6308.515926855266,35385.65532930756,178.27890618802095
2023-10-27 15:00:00,6183.180682252896,34890.26573908756,177.217930310169
2023-10-27 16:00:00,6796.287225947857,35479.02266596025,191.55790422796625
2023-10-27 17:00:00,7591.236621012706,36694.45660559827,206.87693246435902
2023-10-27 18:00:00,7275.55110038008,35658.62958427096,204.03339066034468
2023-10-27 19:00:00,6380.724687067158,33416.178451481275,190.94716938777637
2023-10-27 20:00:00,5374.041017223514,31218.34336916911,172.14369621326085
2023-10-27 21:00:00,4108.413298303202,28346.00232509875,144.93801458082288
2023-10-27 22:00:00,2800.399087606368,25641.710184100277,109.21264874691622
2023-10-27 23:00:00,2370.376685097064,24620.253413808758,96.27750962821493
2023-10-28 00:00:00,2061.43524646471,24465.450375433455,84.25903528572127
2023-10-28 01:00:00,1789.5859811800508,24196.442497523207,73.96070647010346
2023-10-28 02:00:00,1523.3661358185425,23812.30298613052,63.973910322988395
2023-10-28 03:00:00,1529.6089524869008,23885.607908525315,64.03893752023572
2023-10-28 04:00:00,1521.0599634831533,23886.84417026629,63.677727900805266
2023-10-28 05:00:00,1811.441601319959,25086.623554050653,72.20746934784182
2023-10-28 06:00:00,2505.5229522737222,26619.20362087657,94.12463978857438
2023-10-28 07:00:00,3573.554644178022,28926.58225169434,123.53877872899088
2023-10-28 08:00:00,4515.125094262812,31285.808538972604,144.31863215676015
2023-10-28 09:00:00,4518.452974228502,32814.837188554,137.6954256474131
2023-10-28 10:00:00,4519.252712378094,33139.3513443583,136.3711879999564
2023-10-28 11:00:00,3911.9506259086,33244.183609906155,117.67323486755473
2023-10-28 12:00:00,3446.7355572262286,32420.171893235212,106.31453678212681
2023-10-28 13:00:00,3223.9944546432844,31798.88988109577,101.38701277618901
2023-10-28 14:00:00,3590.0695079805355,31876.57194176669,112.62407747417157
2023-10-28 15:00:00,4026.2600435986305,32084.385575877383,125.48970383356104
2023-10-28 16:00:00,5033.003148481971,34220.02612348106,147.07771204851392
2023-10-28 17:00:00,4893.812801052098,34807.84940545236,140.59509233240715
2023-10-28 18:00:00,3406.180603218624,33496.58753611474,101.68739127668483
2023-10-28 19:00:00,2254.573164575112,31363.237157042444,71.8858564658355
2023-10-28 20:00:00,1680.5167312256722,30403.327997045082,55.27410457792656
2023-10-28 21:00:00,1591.5605796898653,30640.763224106537,51.94258929025989
2023-10-28 22:00:00,1302.6223206260374,28675.28087256911,45.42666299991262
2023-10-28 23:00:00,1124.4094928670988,27786.498570978896,40.466037489209526
2023-10-29 00:00:00,1193.2090422839226,27896.3930563799,42.772878912065515
2023-10-29 01:00:00,1111.7568545291679,26152.21987603679,42.510993705275006
2023-10-29 02:00:00,1350.6752303534195,24414.049226282703,55.32368751429253
2023-10-29 03:00:00,1184.0035622723756,23872.28601110943,49.59741022377901
2023-10-29 04:00:00,1082.2481113317917,24539.686079175746,44.10195419126335
2023-10-29 05:00:00,1204.6765433689513,25515.91079497235,47.21275885657668
2023-10-29 06:00:00,1145.2088616598214,26215.949027452898,43.68366983245878
2023-10-29 07:00:00,1376.545490140551,28146.312277923767,48.90677956487495
2023-10-29 08:00:00,1863.2102687869278,30626.8678461752,60.83580855035468
2023-10-29 09:00:00,2283.771635763692,32390.51137873158,70.50742759385003
2023-10-29 10:00:00,2323.3432308838896,32609.42345924415,71.24760220884146
2023-10-29 11:00:00,2454.4235940130093,33622.99007450969,72.99837368936917
2023-10-29 12:00:00,2371.546141662792,33424.681084552925,70.95194523063951
2023-10-29 13:00:00,2358.037569594481,33566.85539634921,70.24898644068234
2023-10-29 14:00:00,2421.8669509920146,33298.405678332354,72.73221950587114
2023-10-29 15:00:00,2422.0117641230527,33788.490002707666,71.68156268388918
2023-10-29 16:00:00,2389.3236300216317,34970.56110246626,68.3238574016797
2023-10-29 17:00:00,2621.245805076177,36680.20712356204,71.46213204975015
2023-10-29 18:00:00,3279.653384793296,36063.949649759146,90.93993909830115
2023-10-29 19:00:00,2736.7526352523587,33857.03149201635,80.83262219541302
2023-10-29 20:00:00,2265.6305668467403,31923.18841782677,70.97131205044516
2023-10-29 21:00:00,1957.138409082851,30819.193039420643,63.50388235602039
2023-10-29 22:00:00,1726.4009272659791,29965.181212834425,57.613565391239554
2023-10-29 23:00:00,1581.125203264621,29222.33951855311,54.106728938002135
2023-10-30 00:00:00,1267.671929469243,27405.914597326664,46.25541413578291
2023-10-30 01:00:00,1225.2436994124855,27001.798886322427,45.376373054653186
2023-10-30 02:00:00,1077.3240613528458,25670.98124936133,41.9666101146659
2023-10-30 03:00:00,915.4246113077378,23623.90116118304,38.74993402071511
2023-10-30 04:00:00,1082.3286194716077,22888.166896897965,47.287693433338944
2023-10-30 05:00:00,1948.4576036766437,24292.12822964986,80.20942361478421
2023-10-30 06:00:00,2668.07738977491,27365.519405343442,97.49777997102207
2023-10-30 07:00:00,3769.0936386464937,31885.4999951717,118.20713613451987
2023-10-30 08:00:00,4060.6642828860176,34813.50002304087,116.64050670568943
2023-10-30 09:00:00,5520.70634159066,36500.00000860808,151.25222850105936
2023-10-30 10:00:00,6595.8501862175945,37148.18523395399,177.55511190325632
2023-10-30 11:00:00,6515.032752340962,37188.03662863324,175.19162996964076
2023-10-30 12:00:00,6757.753472891121,37501.00002000647,180.20195379552322
2023-10-30 13:00:00,6991.814403941866,36833.5000284062,189.82215642145712
2023-10-30 14:00:00,7211.247770648773,36527.50003257304,197.41969103328213
2023-10-30 15:00:00,7937.325710026048,36546.00003320672,217.18726270491902
2023-10-30 16:00:00,8624.96709391705,38466.50002979614,224.22021985977807
2023-10-30 17:00:00,9360.835527026757,40349.500055103905,231.99384166453092
2023-10-30 18:00:00,9041.256630112272,39781.00004942802,227.27575020433073
2023-10-30 19:00:00,7944.819777081884,37780.00001058118,210.291682764869
2023-10-30 20:00:00,7017.144021379903,34896.50002586537,201.08446452162192
2023-10-30 21:00:00,5539.547140746113,31748.500008786774,174.4821688965771
2023-10-30 22:00:00,4311.68909299899,28896.727331538208,149.2102909623667
2023-10-30 23:00:00,2782.372417412921,26139.54256771545,106.44304161808046
2023-10-31 00:00:00,2494.343288220016,25224.741627513362,98.88479037975013
2023-10-31 01:00:00,2635.9745526001293,25109.212298169787,104.98037617819918
2023-10-31 02:00:00,2505.809250632443,24538.191700777952,102.11874131511489
2023-10-31 03:00:00,2328.677249994316,24341.552938794754,95.66674960507339
2023-10-31 04:00:00,2148.4485221237214,24065.747336380184,89.2741244264587
2023-10-31 05:00:00,2618.5436014887905,24962.611884021466,104.89862253416345
2023-10-31 06:00:00,4364.686884681257,28611.16543603842,152.55187330410274
2023-10-31 07:00:00,6041.395095554278,33139.21807950102,182.30348951085583
2023-10-31 08:00:00,7050.097082584161,36060.93833898347,195.50509241637496
2023-10-31 09:00:00,7439.286855058452,37468.25094447058,198.5490826909366
2023-10-31 10:00:00,7704.988548877813,37866.499997204075,203.4777058731787
2023-10-31 11:00:00,7396.010339838691,37798.50005417405,195.66941358092217
2023-10-31 12:00:00,6861.511637656958,37424.543431173035,183.342561019505
2023-10-31 13:00:00,6565.459128061386,36777.000035061996,178.52079076058652
2023-10-31 14:00:00,6538.785802066795,36299.500669659676,180.13431814317295
2023-10-31 15:00:00,6948.021137312796,36278.00008999189,191.52161420357805
2023-10-31 16:00:00,7523.289218536987,37385.000152399174,201.23817541442972
2023-10-31 17:00:00,8242.588521386026,38798.499963297756,212.44606181123686
2023-10-31 18:00:00,8002.430748815801,38183.50037489303,209.57823851261355
2023-10-31 19:00:00,7297.868530281727,36865.50006193315,197.9592984774785
2023-10-31 20:00:00,6370.147495653254,34655.500038583414,183.81346362225628
2023-10-31 21:00:00,5102.370599195048,31516.500024366807,161.8952166404956
2023-10-31 22:00:00,3719.3107408696605,28186.00000319234,131.95596184092855
2023-10-31 23:00:00,2419.7420838312073,25664.337777610992,94.28422057093316
2023-11-01 00:00:00,1993.1266269092548,25544.49481568109,78.02568190488257
2023-11-01 01:00:00,1912.9470337151429,25673.999978801687,74.50911565375908
2023-11-01 02:00:00,1528.6943490999931,24970.02451473717,61.22117934637053
2023-11-01 03:00:00,1447.4026309232206,25464.78686390839,56.83937739823165
2023-11-01 04:00:00,1229.4818412744291,26302.730777659974,46.74350551915622
2023-11-01 05:00:00,971.5520542352278,28566.883332915262,34.009732280307546
2023-11-01 06:00:00,1135.842425158451,31868.240779443753,35.641830153709435
2023-11-01 07:00:00,1968.6605468464434,35476.88971015689,55.49135121286644
2023-11-01 08:00:00,2385.323755844912,37281.1312710419,63.9820647743517
2023-11-01 09:00:00,2563.565976426,38459.10276360701,66.65693664730642
2023-11-01 10:00:00,2120.1289370104373,37914.91857329284,55.91806647064383
2023-11-01 11:00:00,2030.9335757480096,38508.59190999737,52.73975170254799
2023-11-01 12:00:00,1993.9751054297774,38544.701753255635,51.731496541190864
2023-11-01 13:00:00,1990.195545453397,38891.419600027686,51.17312676989503
2023-11-01 14:00:00,2008.2181347124817,38534.208714940105,52.11520365108406
2023-11-01 15:00:00,1937.1244825658353,37838.34562769085,51.194745711826506
2023-11-01 16:00:00,2206.432708231171,38385.15214281776,57.481411042004076
2023-11-01 17:00:00,3102.561784249604,40647.82534816778,76.32786643995588
2023-11-01 18:00:00,3242.5335259268463,40059.37897503201,80.9431800714593
2023-11-01 19:00:00,3348.62000354894,38470.83720804216,87.04307591332912
2023-11-01 20:00:00,2707.725756655059,35850.18425388065,75.52892162226355
2023-11-01 21:00:00,2045.3501873507334,32843.38039502237,62.275873029827345
2023-11-01 22:00:00,2040.74521120931,32028.05587738819,63.717423843077405
2023-11-01 23:00:00,1185.7103800673904,30077.1777781016,39.42226191616538
2023-11-02 00:00:00,980.5131767920165,29785.669449268815,32.91895716703747
2023-11-02 01:00:00,971.1385994633168,30248.134337096304,32.10573546918934
2023-11-02 02:00:00,1046.351233105533,29374.237736770858,35.62139186324158
2023-11-02 03:00:00,1058.2330735564224,29215.207043372666,36.22199466138912
2023-11-02 04:00:00,1157.430750747765,29029.198548963002,39.87126095801605
2023-11-02 05:00:00,1138.717450309835,28692.851646971416,39.68645097811422
2023-11-02 06:00:00,1299.1544899505693,30179.611100508155,43.047423163405
2023-11-02 07:00:00,2045.017069795129,33264.74423208115,61.47701168322453
2023-11-02 08:00:00,2515.7232416392044,35805.60568591057,70.2605972848865
2023-11-02 09:00:00,3517.7005601313112,37347.11715369154,94.18934654729053
2023-11-02 10:00:00,4038.2198353034278,38174.179091200116,105.78406481658476
2023-11-02 11:00:00,4218.966014631926,38462.03804469017,109.69169157728422
2023-11-02 12:00:00,4321.631347450869,38983.49174870256,110.85798510069844
2023-11-02 13:00:00,2656.189388070991,38753.82814938351,68.54005178100695
2023-11-02 14:00:00,2309.525301213454,38416.48609036792,60.118077842432236
2023-11-02 15:00:00,2472.356990098556,38550.29870635379,64.13327712272866
2023-11-02 16:00:00,3363.002892611201,40271.38555185194,83.50849732451154
2023-11-02 17:00:00,3830.401657381774,41732.97318108566,91.78357939562761
2023-11-02 18:00:00,3296.7254495411266,40865.42348710002,80.6727342635224
2023-11-02 19:00:00,3040.739492063315,38791.89777971887,78.38594309900122
2023-11-02 20:00:00,2238.66301234631,36254.613817726975,61.74836183889231
2023-11-02 21:00:00,1725.2963204357322,33961.347479320684,50.80176284189778
2023-11-02 22:00:00,1655.5410265962312,32478.79268258405,50.972985442404514
2023-11-02 23:00:00,1427.0999041264815,31055.862152393456,45.95267383412493
2023-11-03 00:00:00,1241.387054379629,30634.033854365014,40.52313385436652
2023-11-03 01:00:00,1031.2357511106113,29684.444784261737,34.739937317519164
2023-11-03 02:00:00,874.4345099334357,29123.58370370699,30.02496254683566
2023-11-03 03:00:00,856.439332269915,28827.464838268228,29.70914497944331
2023-11-03 04:00:00,912.9366255790177,28653.801183549927,31.860925527155963
2023-11-03 05:00:00,918.3193960320502,28489.706899014047,32.23337464604913
2023-11-03 06:00:00,1087.4138000162193,28893.736262090566,37.63493201960655
2023-11-03 07:00:00,1514.467701075916,33192.32927933673,45.627038956218115
2023-11-03 08:00:00,1927.0258322343398,35759.27365907744,53.88884155215964
2023-11-03 09:00:00,2093.0195040661497,36710.68137258427,57.01391055163654
2023-11-03 10:00:00,1987.309031785907,33278.069224825325,59.7182792775544
2023-11-03 11:00:00,2469.1402961677836,34913.60301599383,70.72144043789112
2023-11-03 12:00:00,2645.075647611842,38000.28516015572,69.60673154066939
2023-11-03 13:00:00,2241.533385016048,37456.74980098323,59.8432431250938
2023-11-03 14:00:00,1981.726705185475,36108.850500373286,54.88202138046428
2023-11-03 15:00:00,2495.8174469946625,35759.00994576712,69.7954851317157
2023-11-03 16:00:00,3554.1788786226593,37537.01073238745,94.68465413938956
2023-11-03 17:00:00,5313.812175020147,39790.01136709473,133.54638494560788
2023-11-03 18:00:00,5528.220916358523,38669.51297616492,142.96070705017678
2023-11-03 19:00:00,4833.198405992281,36761.515018498285,131.47440750361432
2023-11-03 20:00:00,4717.2755418228535,34178.01638401072,138.02075254518593
2023-11-03 21:00:00,4520.793742601333,32018.51763407033,141.19309938917465
2023-11-03 22:00:00,3767.3274108723263,29248.51917941472,128.80403919812093
2023-11-03 23:00:00,2579.7369757591514,26762.01858622388,96.39545565098392
2023-11-04 00:00:00,2447.514158214154,27007.591971004877,90.6231907251037
2023-11-04 01:00:00,2394.7313803197626,25936.966994969884,92.32889029716496
2023-11-04 02:00:00,2663.405897681266,24064.026936487793,110.67997491487172
2023-11-04 03:00:00,3298.226187096045,23456.529162240007,140.61015439596594
2023-11-04 04:00:00,3630.271262653066,23692.531534494115,153.22428746661075
2023-11-04 05:00:00,3429.245481877502,24365.533803198017,140.74165210480254
2023-11-04 06:00:00,2989.6445501347293,25295.536234275987,118.18862120359788
2023-11-04 07:00:00,3132.6059940768278,26728.538605074664,117.20079576225216
2023-11-04 08:00:00,4292.0158130006785,29918.041132620856,143.45911866271615
2023-11-04 09:00:00,4969.202113843858,31976.54361109267,155.40147722907864
2023-11-04 10:00:00,5344.679021966228,33468.04648500874,159.69498023615623
2023-11-04 11:00:00,5101.676698733728,34106.54966528277,149.58055707190897
2023-11-04 12:00:00,4679.999417559096,34466.553113912465,135.78379602078658
2023-11-04 13:00:00,3524.9929404369814,34273.54779230356,102.84879061246619
2023-11-04 14:00:00,3472.736975413541,33988.40772162024,102.1741590208273
2023-11-04 15:00:00,3980.905015347628,33761.06608714984,117.91407904807966
2023-11-04 16:00:00,5412.88759194338,35255.57127068765,153.5328289076339
2023-11-04 17:00:00,6457.263947145454,36662.076344987516,176.1292482832413
2023-11-04 18:00:00,6035.439224148868,35539.0835946573,169.82540385639527
2023-11-04 19:00:00,5149.754820179805,32992.59182513653,156.08821663584155
2023-11-04 20:00:00,4908.787519334839,31633.10107949442,155.1788269825013
2023-11-04 21:00:00,4522.465726858227,29995.61218939659,150.77090936843464
2023-11-04 22:00:00,3706.7273113953706,28062.62578518261,132.08768629743
2023-11-04 23:00:00,3331.960917940846,25559.642670830995,130.3602308080513
2023-11-05 00:00:00,3480.843747322157,24690.663614079018,140.9781365834705
2023-11-05 01:00:00,3298.6132655868273,23729.190996802234,139.010776474906
2023-11-05 02:00:00,3238.017674614109,23104.22905119431,140.14826755046943
2023-11-05 03:00:00,3046.6433555118174,22197.78480413529,137.2498824722478
2023-11-05 04:00:00,2772.3124990107713,22157.875854935217,125.11634766620894
2023-11-05 05:00:00,2359.0639582530544,23131.043643624897,101.98692262219787
2023-11-05 06:00:00,2020.3728034627177,24138.52430965423,83.69910179864091
2023-11-05 07:00:00,2517.467865656906,26423.248845259455,95.27472872089913
2023-11-05 08:00:00,3293.2096327170707,28949.756961983036,113.75603729736764
2023-11-05 09:00:00,3672.959416528013,31101.803103769053,118.09474210461154
2023-11-05 10:00:00,3493.124047116356,32770.750646257686,106.59273828734405
2023-11-05 11:00:00,3353.3857577439603,34297.4411261895,97.77364280343696
2023-11-05 12:00:00,3451.2862498599684,34853.60729842165,99.02235428056424
2023-11-05 13:00:00,3536.5667058446525,34565.84727354487,102.31390186553826
2023-11-05 14:00:00,3281.92580309124,33143.2286677728,99.02251334621658
2023-11-05 15:00:00,4036.191848784954,33621.099134665026,120.04937234855119
2023-11-05 16:00:00,5589.463307782985,36222.04712381308,154.31108265850506
2023-11-05 17:00:00,7051.567220283133,37858.52915885353,186.2609926205774
2023-11-05 18:00:00,6600.666104749556,36194.02017810229,182.3689679198173
2023-11-05 19:00:00,5956.969576321914,34213.5130264066,174.11160238716843
2023-11-05 20:00:00,5505.537790837518,32910.00759400804,167.29068734216628
2023-11-05 21:00:00,4370.918461829582,29991.502799849757,145.73856105174823
2023-11-05 22:00:00,3607.086816767172,27632.499979792203,130.53783839337933
2023-11-05 23:00:00,2664.946234575773,24775.49996600559,107.56377220368266
2023-11-06 00:00:00,2292.508814976371,24466.99995678186,93.69799399296292
2023-11-06 01:00:00,2323.968139160002,24890.499944449708,93.36767619560088
2023-11-06 02:00:00,1911.5316393606772,24397.99997435584,78.34788266947466
2023-11-06 03:00:00,1564.610489211807,24093.99992605944,64.93776434022335
2023-11-06 04:00:00,1466.5271610613827,24405.606359781224,60.08976541874082
2023-11-06 05:00:00,1581.2748214030712,25312.010692381045,62.4713240137433
2023-11-06 06:00:00,2490.0582345187754,27673.99997543077,89.97825528400202
2023-11-06 07:00:00,5106.6442518421345,32740.49999615524,155.97331294396284
2023-11-06 08:00:00,5809.342208934818,35938.0000002619,161.64901243509604
2023-11-06 09:00:00,5665.436282538222,37740.50000061735,150.11555974206883
2023-11-06 10:00:00,6093.882897996907,38091.50000474936,159.98012410215148
2023-11-06 11:00:00,5262.406857879443,38223.00000085348,137.67644763001175
2023-11-06 12:00:00,4524.038084482259,38089.99998906623,118.77233094725358
2023-11-06 13:00:00,4086.3239421388125,37374.499993929705,109.33454475116739
2023-11-06 14:00:00,3972.4281932657445,36564.99999582664,108.64018032870611
2023-11-06 15:00:00,4513.40819142647,36457.000000265325,123.80086653848704
2023-11-06 16:00:00,5760.585686241099,38383.00000553515,150.08169464112692
2023-11-06 17:00:00,7165.072774001188,40895.00001425859,175.2065722338425
2023-11-06 18:00:00,6759.156260771034,40568.0000078219,166.6130018602791
2023-11-06 19:00:00,5668.06383010721,38661.99999515733,146.60555146700045
2023-11-06 20:00:00,4396.363310880027,36122.364345002854,121.70751805974233
2023-11-06 21:00:00,2766.85773521614,32813.8832043434,84.31972887774239
2023-11-06 22:00:00,1885.331408784394,31275.594105581433,60.28123406448539
2023-11-06 23:00:00,1833.0572101242824,30366.551981847104,60.36435125133964
2023-11-07 00:00:00,1810.9335986881906,29746.596661332907,60.87868199867692
2023-11-07 01:00:00,1676.9325287162314,28608.371168028327,58.616847455835234
2023-11-07 02:00:00,1603.515022694754,28179.424291788473,56.903753820195
2023-11-07 03:00:00,1494.3118013538785,27494.213458369657,54.35004727872975
2023-11-07 04:00:00,1362.166519074812,26904.405631662925,50.62986849528176
2023-11-07 05:00:00,1122.2358587924434,25301.68314058667,44.35419780402887
2023-11-07 06:00:00,2619.8928369753053,29940.005681765542,87.50475416812988
2023-11-07 07:00:00,3614.0465853311116,33452.01111368959,108.03675070680977
2023-11-07 08:00:00,4597.733378315572,36677.513197488726,125.35564648451614
2023-11-07 09:00:00,4713.335348045222,38231.01535362489,123.28564398429782
2023-11-07 10:00:00,4730.0718108699175,38495.51708411129,122.87331536643303
2023-11-07 11:00:00,4609.387829424592,38707.01884626467,119.08403092813774
2023-11-07 12:00:00,4256.7894656596845,38283.52069222135,111.19117021347
2023-11-07 13:00:00,4614.628883667034,37415.02266954141,123.33625785622422
2023-11-07 14:00:00,4998.733562142537,36357.52479181143,137.4882803701854
2023-11-07 15:00:00,5903.223192251276,36696.027550201776,160.86818073633194
2023-11-07 16:00:00,7415.555220022658,38756.53040069282,191.33692163244046
2023-11-07 17:00:00,8584.669497836176,41123.03315786418,208.75574680693228
2023-11-07 18:00:00,8540.85248869857,41116.536548880926,207.72305270763445
2023-11-07 19:00:00,7963.915690890414,39253.54044860578,202.88400994854155
2023-11-07 20:00:00,6960.879712254336,36153.044693508185,192.53923898432447
2023-11-07 21:00:00,5747.638534934481,33337.04948142991,172.4099350224785
2023-11-07 22:00:00,4348.865013959756,29628.05494568825,146.781995035845
2023-11-07 23:00:00,2463.6034745736615,26359.060656309455,93.46324995022003
2023-11-08 00:00:00,2180.9446458231764,25638.065468242577,85.06666185577356
2023-11-08 01:00:00,1957.2813930835769,25672.856353109248,76.2393309946803
2023-11-08 02:00:00,2058.090275167309,25634.0913220313,80.28723348576341
2023-11-08 03:00:00,1723.3334383581132,25622.360803015752,67.25896382488209
2023-11-08 04:00:00,1372.3630020826,25823.81196374143,53.143316099478284
2023-11-08 05:00:00,1601.0656658820553,27561.09090534118,58.09152008463417
2023-11-08 06:00:00,1573.2160625683744,31341.98244471589,50.19516762678843
2023-11-08 07:00:00,1735.1358692257973,35473.31362426348,48.91383668310527
2023-11-08 08:00:00,2340.8158072103306,38474.71650834066,60.840365300752296
2023-11-08 09:00:00,3252.0952579974432,39160.95315207344,83.04433360875069
2023-11-08 10:00:00,3393.4313528157036,38904.8579168562,87.22384644271997
2023-11-08 11:00:00,3498.465208787131,39801.57652804083,87.8976541625784
2023-11-08 12:00:00,3595.8087911990347,40760.005651788364,88.21904545151276
2023-11-08 13:00:00,3210.0359424601247,39503.76753348961,81.25898219046559
2023-11-08 14:00:00,3454.352907559183,38595.05135678357,89.50248247181142
2023-11-08 15:00:00,4239.563199824167,38207.26559831796,110.96222494422135
2023-11-08 16:00:00,5803.1658768728175,39349.67012948634,147.47686213827407
2023-11-08 17:00:00,6677.654223459277,41105.11338579482,162.45312744391924
2023-11-08 18:00:00,7041.194428801143,40948.377685612846,171.9529521501668
2023-11-08 19:00:00,7160.2551395732135,39708.40071373282,180.32091474026296
2023-11-08 20:00:00,6437.230835044453,37513.30516686134,171.59860498591846
2023-11-08 21:00:00,5067.166239740763,33825.30636059079,149.8040013510246
2023-11-08 22:00:00,3653.6702086226956,29551.751323294546,123.63633439696154
2023-11-08 23:00:00,2754.725690730454,27158.07281220981,101.43303281416846
2023-11-09 00:00:00,2491.0060119088953,26984.8209702093,92.31137811360378
2023-11-09 01:00:00,2103.8646499139572,26652.271738880245,78.93753562646017
2023-11-09 02:00:00,1900.4470898736095,26377.738666397683,72.04738487664861
2023-11-09 03:00:00,1679.4001505889653,26732.307432270234,62.82286536034883
2023-11-09 04:00:00,1432.7669406096013,26222.500966891344,54.638836410707725
2023-11-09 05:00:00,1936.5074235220332,26436.37277202571,73.2516310093492
2023-11-09 06:00:00,4335.590864136147,31211.944668944914,138.90806581013672
2023-11-09 07:00:00,5282.108503320371,35605.56815066206,148.35063102966254
2023-11-09 08:00:00,5578.68654155215,37685.55367394534,148.03249515235558
2023-11-09 09:00:00,5976.217258503379,38922.0454993207,153.54324732516127
2023-11-09 10:00:00,7084.543461470228,39302.54026480359,180.25663007372108
2023-11-09 11:00:00,6467.733011673521,39144.036362010804,165.22907734549423
2023-11-09 12:00:00,5883.594604057276,39157.03326147828,150.25639365394443
2023-11-09 13:00:00,5610.047027834049,38356.53064403447,146.26054373628733
2023-11-09 14:00:00,6135.735496834851,38321.52862097474,160.11197145921113
2023-11-09 15:00:00,6938.30164260796,38427.52687785641,180.55550815595439
2023-11-09 16:00:00,7897.350332127961,40163.5253906218,196.62990873734395
2023-11-09 17:00:00,8599.221150893649,41563.52388604367,206.89345721672848
2023-11-09 18:00:00,8517.482298031438,41402.02285083961,205.72623537544635
2023-11-09 19:00:00,7432.597516768545,39616.021962542676,187.6159480069992
2023-11-09 20:00:00,6342.583626807998,37309.521486431135,169.99906120786602
2023-11-09 21:00:00,4897.7843627000475,34020.522100793954,143.9655848957634
2023-11-09 22:00:00,4086.2402585402538,30715.521624918096,133.035027320691
2023-11-09 23:00:00,2863.9609763680037,27746.352054694886,103.21936990932834
2023-11-10 00:00:00,2720.488263241521,27049.36663494515,100.57493397005885
2023-11-10 01:00:00,2687.1716946346555,27183.124708588515,98.85440777842744
2023-11-10 02:00:00,2395.471781333497,25988.195814076546,92.17537833218826
2023-11-10 03:00:00,2568.5997521500876,25211.067671794328,101.88381490180953
2023-11-10 04:00:00,2925.098374112993,24760.074044599056,118.1377070538708
2023-11-10 05:00:00,4022.13043943971,25341.08481433514,158.71974183064333
2023-11-10 06:00:00,6128.015721673082,29343.09830346656,208.84010469164144
2023-11-10 07:00:00,8069.281216195843,34020.61740706974,237.18797103661575
2023-11-10 08:00:00,8750.873820824381,36407.6449138906,240.35814020713164
2023-11-10 09:00:00,9110.32383572331,38181.68970885337,238.60452235593058
2023-11-10 10:00:00,9288.641131939195,38912.27600974343,238.7072174758775
2023-11-10 11:00:00,9253.612100972723,39533.01950161502,234.07299056917955
2023-11-10 12:00:00,8667.94886478992,39641.42092730162,218.65888411734954
2023-11-10 13:00:00,7561.175984892598,39410.595445292434,191.8564259042621
2023-11-10 14:00:00,6736.057160041309,38617.03988333628,174.43225012562394
2023-11-10 15:00:00,6148.044010079127,38463.30202932629,159.8418150732758
2023-11-10 16:00:00,6491.1914018229945,40109.78035489865,161.8356257348644
2023-11-10 17:00:00,7425.094303895291,41844.436885521405,177.44519598170163
2023-11-10 18:00:00,7186.206331809127,41173.458918703844,174.5349193517636
2023-11-10 19:00:00,6753.485036167016,39077.40243716292,172.82328442958118
2023-11-10 20:00:00,5785.020085527931,36834.527375188154,157.0542775424543
2023-11-10 21:00:00,4814.723751566444,33632.51806036454,143.15680267902775
2023-11-10 22:00:00,3305.493111048356,31101.0231080293,106.28245571107858
2023-11-10 23:00:00,2157.07538689242,28627.267044876084,75.35037778880499
2023-11-11 00:00:00,2235.7809135305065,27978.77610933213,79.90988972476094
2023-11-11 01:00:00,2112.917865304424,27518.036330877185,76.78301750527092
2023-11-11 02:00:00,1809.6511166685868,26487.910706376886,68.3198889005964
2023-11-11 03:00:00,1728.3789122027476,25689.70973783384,67.27903623049984
2023-11-11 04:00:00,1596.732865276581,25152.91435492149,63.48102819203373
2023-11-11 05:00:00,1538.756927185691,24547.949300960525,62.6837259732112
2023-11-11 06:00:00,2264.761138396534,25678.97142720449,88.19516563647208
2023-11-11 07:00:00,3740.5273635557655,28020.80725118391,133.49106362371927
2023-11-11 08:00:00,5377.004760537646,31704.10831520845,169.5996211935189
2023-11-11 09:00:00,6318.684098312807,34430.468913010685,183.5201290542135
2023-11-11 10:00:00,7077.9164831055705,35396.57458787232,199.9604923785656
2023-11-11 11:00:00,7142.955852221884,35367.548305182725,201.96355683425085
2023-11-11 12:00:00,6990.462193022087,34867.042249114056,200.48910782501804
2023-11-11 13:00:00,7146.384820485078,33963.54000765596,210.4134262469154
2023-11-11 14:00:00,7363.825079869962,33145.04100676232,222.16973810252878
2023-11-11 15:00:00,7769.415981409991,32797.54074164276,236.89019986627315
2023-11-11 16:00:00,9248.257066226714,35597.041025363236,259.804096066222
2023-11-11 17:00:00,10561.730379166325,37824.54133231978,279.2295691406491
2023-11-11 18:00:00,10435.10901813108,37323.542976182776,279.5851675922091
2023-11-11 19:00:00,9702.195055604952,35441.04487783865,273.7558976900185
2023-11-11 20:00:00,8866.35505557637,33382.046994686534,265.6024975636647
2023-11-11 21:00:00,7918.371220714448,31087.04961054024,254.71607373218458
2023-11-11 22:00:00,7013.7834323835605,28942.55264707687,242.33465229930007
2023-11-11 23:00:00,5748.462709120958,26063.05641438225,220.55980763441127
2023-11-12 00:00:00,5492.192722956432,25563.06050527956,214.8487940957666
2023-11-12 01:00:00,5239.342678924365,25120.565352019305,208.56786483522367
2023-11-12 02:00:00,4841.325522537285,24437.071750320734,198.11397912164918
2023-11-12 03:00:00,4559.289005734011,23817.079638844032,191.42938911360574
2023-11-12 04:00:00,4209.190810636429,23280.089320224535,180.8064716907981
2023-11-12 05:00:00,3906.9062580157497,23134.101235989194,168.8808317280926
2023-11-12 06:00:00,4132.131908432313,24014.61595305335,172.0673741570675
2023-11-12 07:00:00,4860.598723668494,25948.635847269932,187.31615612771722
2023-11-12 08:00:00,5752.337146021523,28733.16196348973,200.1985424831011
2023-11-12 09:00:00,6862.462254303978,31971.700094084063,214.64176863005747
2023-11-12 10:00:00,7474.174394835189,33688.26270768361,221.86286243637258
2023-11-12 11:00:00,7664.616476561857,34695.38189732217,220.91171958402398
2023-11-12 12:00:00,7951.298639371893,35709.209265731224,222.66801205823543
2023-11-12 13:00:00,7796.670465367917,36005.247519269215,216.542615383919
2023-11-12 14:00:00,7174.8836490776575,35620.563445161344,201.4253272586087
2023-11-12 15:00:00,6966.322876456313,36663.4780319393,190.00714745032147
2023-11-12 16:00:00,7789.822188219543,39799.30921808993,195.7275726956297
2023-11-12 17:00:00,8465.949520745899,40953.85750093405,206.71922102949185
2023-11-12 18:00:00,7747.322457638009,39962.513208702905,193.86474562242554
2023-11-12 19:00:00,6561.667786050353,37808.2465182921,173.5512326094186
2023-11-12 20:00:00,5625.825893832529,35153.71534588336,160.0350301093092
2023-11-12 21:00:00,4778.3245989445,32427.81893116273,147.35263599096362
2023-11-12 22:00:00,3708.5815164092833,29495.261624705214,125.73482356579532
2023-11-12 23:00:00,2132.301817628876,26328.077114228043,80.9896525438446
2023-11-13 00:00:00,2135.988665341926,25701.58881431448,83.10726160836754
2023-11-13 01:00:00,2044.145506746085,26135.007688364323,78.21484237236967
2023-11-13 02:00:00,1822.206612772015,25845.508115417153,70.50380300649022
2023-11-13 03:00:00,2322.6172095123547,26371.62268455789,88.07259368504394
2023-11-13 04:00:00,2196.031680630218,26853.118722777745,81.77939044255102
2023-11-13 05:00:00,1665.1090761252617,28763.158760245853,57.89034125231902
2023-11-13 06:00:00,1872.4436940134988,32146.289122753187,58.24758456142238
2023-11-13 07:00:00,3503.9523383288365,36850.96806857427,95.08440407341519
2023-11-13 08:00:00,4160.519051070321,38742.06387117593,107.39022745160835
2023-11-13 09:00:00,4452.533648266589,40547.864533431326,109.8093253368625
2023-11-13 10:00:00,4616.85285377972,40091.87768242963,115.15681281755153
2023-11-13 11:00:00,3123.788505909221,39703.406542967845,78.67809787375784
2023-11-13 12:00:00,3770.8356269568653,39971.65034202116,94.33775174883594
2023-11-13 13:00:00,3493.4916352429295,38732.46298079314,90.19544243740195
2023-11-13 14:00:00,3617.5562369903073,38432.51860641504,94.1274828755687
2023-11-13 15:00:00,3730.7026102801997,39758.51103644262,93.83406251961098
2023-11-13 16:00:00,4523.211461947692,41423.976532956076,109.19307706610729
2023-11-13 17:00:00,5659.03111564933,43667.44881410877,129.5938111644599
2023-11-13 18:00:00,5726.744560474319,42506.147591531335,134.727442616213
2023-11-13 19:00:00,3997.4605904777177,39705.88650553724,100.67677471249121
2023-11-13 20:00:00,2959.9173299390613,37143.03132124227,79.68970826154059
2023-11-13 21:00:00,1910.6284458475675,33839.2480993088,56.4619060163631
2023-11-13 22:00:00,1622.2209988514114,31712.6168699417,51.15380435188897
2023-11-13 23:00:00,1228.3961457381222,29177.88925333738,42.10024018778595
2023-11-14 00:00:00,1309.585009521972,28700.720451304325,45.62899428757918
2023-11-14 01:00:00,1344.3096225362412,28248.976440653918,47.58790554271575
2023-11-14 02:00:00,1233.455319433069,27516.03525785392,44.826782197155495
2023-11-14 03:00:00,1048.4286209500244,26663.014581721323,39.321458484621935
2023-11-14 04:00:00,1183.687063021163,26498.08799429067,44.6706593802618
2023-11-14 05:00:00,1172.558671553939,26609.608585217386,44.065235600847515
2023-11-14 06:00:00,2022.861115565961,29145.749073019702,69.40501376368908
2023-11-14 07:00:00,2672.5895347159185,33794.56816846074,79.08340539797608
2023-11-14 08:00:00,3597.266137180051,36367.11932012963,98.91534453180958
2023-11-14 09:00:00,4993.579680451769,38015.84309536239,131.35522650189344
2023-11-14 10:00:00,6934.9360470319225,38459.514969043885,180.31782388867518
2023-11-14 11:00:00,7972.478605991976,38811.60090864909,205.41483523848473
2023-11-14 12:00:00,7720.998401974163,38040.217634796674,202.9693540688764
2023-11-14 13:00:00,7902.397428208873,38081.23823370204,207.51419320223735
2023-11-14 14:00:00,7617.3298119547835,37994.78563820419,200.48355804633024
2023-11-14 15:00:00,7324.236817344231,37862.31396550026,193.4439829540793
2023-11-14 16:00:00,8156.164919316262,39670.353263818615,205.59849480229107
2023-11-14 17:00:00,9056.182610480655,41310.88728796604,219.22023962721184
2023-11-14 18:00:00,8556.667876505322,40655.919225985526,210.46548791439614
2023-11-14 19:00:00,7426.055213015047,38501.9586382307,192.87473873189688
2023-11-14 20:00:00,5913.843667332308,35781.51750291045,165.27649132967258
2023-11-14 21:00:00,4445.4233435522265,32503.019485481313,136.76954984252896
2023-11-14 22:00:00,2270.6235343176395,29022.802864641115,78.2358459624853
2023-11-14 23:00:00,1298.6499726118534,27017.888325451146,48.06630173937432
2023-11-15 00:00:00,1157.2313436390873,26848.73373745184,43.10189653468991
2023-11-15 01:00:00,1097.4187694112095,27441.280345802403,39.99152938864523
2023-11-15 02:00:00,1122.8349159831052,27425.123258747237,40.941836628755254
2023-11-15 03:00:00,1083.8307036537988,27764.288293902046,39.03686246810237
2023-11-15 04:00:00,1021.1072720037791,27249.036219464833,37.47315184947241
2023-11-15 05:00:00,1419.1788669866773,27547.99989264032,51.51658459842752
2023-11-15 06:00:00,2691.094275590273,32026.999993990677,84.02579935976554
2023-11-15 07:00:00,4862.421752717873,36332.50001222133,133.83119111215242
2023-11-15 08:00:00,6013.795303986253,38058.50001665363,158.01451190548073
2023-11-15 09:00:00,6123.388369484967,39703.00001886447,154.22986591883492
2023-11-15 10:00:00,6199.523070957377,40619.50002234027,152.6243077228353
2023-11-15 11:00:00,5988.42168690393,40713.500021232496,147.08687987475673
2023-11-15 12:00:00,5808.8467139386,40448.50001893283,143.61093022533936
2023-11-15 13:00:00,5529.923859912693,39466.00001513764,140.11868083392358
2023-11-15 14:00:00,6098.860969898457,39665.50002047245,153.75731975521973
2023-11-15 15:00:00,7068.249760707788,40296.50002881833,175.4060465711136
2023-11-15 16:00:00,8067.212384965032,41018.50003736739,196.67253501751387
2023-11-15 17:00:00,8812.108266967483,41594.00004273508,211.86008217323712
2023-11-15 18:00:00,9019.078685051258,40657.000040925006,221.83335405890074
2023-11-15 19:00:00,8834.00007782062,38593.50003314617,228.89865055601348
2023-11-15 20:00:00,8754.027667360006,36141.000028120885,242.2187449309261
2023-11-15 21:00:00,8304.47000409073,33610.000019095765,247.08330852045478
2023-11-15 22:00:00,7974.797145739139,30705.500012134053,259.718849801752
2023-11-15 23:00:00,7502.13311347958,28212.000005450165,265.91993166135944
2023-11-16 00:00:00,7597.233944324424,27523.00000477586,276.03218918744807
2023-11-16 01:00:00,7641.31073859529,27189.500004572365,281.03903114475355
2023-11-16 02:00:00,7488.481825739628,26498.500003425175,282.6002160413485
2023-11-16 03:00:00,7315.376290574599,26056.000002810408,280.7559214685892
2023-11-16 04:00:00,7272.633192321658,25910.00000567759,280.6882744395224
2023-11-16 05:00:00,7858.206210559727,27149.500016245966,289.44202308909786
2023-11-16 06:00:00,9291.01244535733,30312.500035585963,306.50762670350383
2023-11-16 07:00:00,10728.32477718377,34870.000057929596,307.66632518958374
2023-11-16 08:00:00,11421.954558985364,37456.00006491748,304.94325446361637
2023-11-16 09:00:00,11701.771060478697,38548.5000716705,303.5596985284102
2023-11-16 10:00:00,12122.715721489636,39234.00008185874,308.9849542793627
2023-11-16 11:00:00,12046.130817498453,39374.00008214509,305.9412503775812
2023-11-16 12:00:00,12104.381450173238,39619.000084858526,305.51960989038827
2023-11-16 13:00:00,11917.124070726932,39046.0000812858,305.20729513696443
2023-11-16 14:00:00,11724.348307842954,38649.00058314315,303.35450156391767
2023-11-16 15:00:00,11832.915981384947,38382.50111140529,308.2893412036877
2023-11-16 16:00:00,12702.537275520048,40440.00177150318,314.10822747468654
2023-11-16 17:00:00,13120.968030898617,41269.50217464181,317.93376075568074
2023-11-16 18:00:00,12837.383316142003,40883.50302797684,313.9991039260334
2023-11-16 19:00:00,12079.122118048397,39326.00387614423,307.1535606844555
2023-11-16 20:00:00,11293.423493450167,36996.504931215066,305.25649691632265
2023-11-16 21:00:00,10256.541979351949,34449.005816724406,297.7311459703308
2023-11-16 22:00:00,9003.27422611221,31097.5067744565,289.5175581570257
2023-11-16 23:00:00,7408.386773212396,28052.00804904951,264.0947043883162
2023-11-17 00:00:00,7228.398553195574,28249.508793010922,255.8769643096916
2023-11-17 01:00:00,6747.143184668799,27763.009781652825,243.02635909193268
2023-11-17 02:00:00,6574.249211012597,27285.510850956056,240.9428669642167
2023-11-17 03:00:00,6861.076914236591,26851.51181364772,255.5192036058594
2023-11-17 04:00:00,6887.375202578834,26206.513043834875,262.81158393940166
2023-11-17 05:00:00,7342.075966343331,27179.01428896957,270.1376837394381
2023-11-17 06:00:00,8873.826912980483,30114.01510055911,294.6743196929501
2023-11-17 07:00:00,10607.506310336557,34749.016385772586,305.2606206913997
2023-11-17 08:00:00,11482.008395645325,37660.51753869008,304.88185362427436
2023-11-17 09:00:00,11629.023216570698,39854.519019540334,291.7868162169787
2023-11-17 10:00:00,11471.180752500546,39736.52059704832,288.6810566235797
2023-11-17 11:00:00,11330.440174901903,39867.02225213589,284.2058306548057
2023-11-17 12:00:00,11270.336423149489,39303.52407673571,286.7512949003103
2023-11-17 13:00:00,10897.12947932269,38277.52602063466,284.68740308473076
2023-11-17 14:00:00,10609.289312086345,36738.52814888561,288.7782893503902
2023-11-17 15:00:00,10973.552649770143,36525.53026207999,300.43513594551825
2023-11-17 16:00:00,12060.69592943462,38809.53229015404,310.7663302733079
2023-11-17 17:00:00,12573.688786423356,39827.5343879873,315.7034192459527
2023-11-17 18:00:00,12057.139182685067,39285.536708108266,306.91038466063657
2023-11-17 19:00:00,11122.691041141808,37316.539443647634,298.06330401934457
2023-11-17 20:00:00,9992.476778304264,35008.54219295126,285.4296737987617
2023-11-17 21:00:00,8296.205130808217,32154.545131356077,258.01034027746283
2023-11-17 22:00:00,6294.655358706694,29190.044464227976,215.64391128011857
2023-11-17 23:00:00,3872.8139013647,26604.501708587817,145.56987173770565
2023-11-18 00:00:00,2072.4059631787763,26287.035968784785,78.83756714297147
2023-11-18 01:00:00,1732.2024135201175,25776.77774865793,67.20011439794119
2023-11-18 02:00:00,1546.3700433116774,25784.371088608255,59.973153426839886
2023-11-18 03:00:00,1373.0182503721524,26184.63320875521,52.43603144737059
2023-11-18 04:00:00,894.5155620867762,26314.451655016845,33.99331948139748
2023-11-18 05:00:00,853.4010734380972,27621.775363694112,30.89595300089951
2023-11-18 06:00:00,853.500103483736,27945.270353816795,30.541844565377914
2023-11-18 07:00:00,1320.486286252919,29182.378086175904,45.24944068483752
2023-11-18 08:00:00,1820.1770518884066,30983.93275115431,58.74583664078588
2023-11-18 09:00:00,2448.2371841882864,33376.16312711171,73.35286488336837
2023-11-18 10:00:00,2704.8609246973497,34197.1978948203,79.09598128526906
2023-11-18 11:00:00,2791.7377818571385,34938.80007002186,79.9036537105492
2023-11-18 12:00:00,2876.4670669423626,35059.97572003012,82.04418308535816
2023-11-18 13:00:00,2623.8309184660893,34250.95184403826,76.60607303451611
2023-11-18 14:00:00,2446.8281753520364,33822.321416185754,72.34359064960871
2023-11-18 15:00:00,2517.7085618765336,33707.963399281434,74.69180300374376
2023-11-18 16:00:00,2984.4383591380442,35084.37421594335,85.0646028562148
2023-11-18 17:00:00,3327.1612432086986,36379.410433167264,91.45726122530318
2023-11-18 18:00:00,3091.7186983512834,35841.500028940725,86.26086229244957
2023-11-18 19:00:00,2306.532183971241,33685.05150362368,68.47346466794373
2023-11-18 20:00:00,1807.8132358886592,32418.2930827667,55.76521969473087
2023-11-18 21:00:00,1586.6575276164506,31862.567506329633,49.79691380179122
2023-11-18 22:00:00,1174.0597895002268,29699.81012724002,39.53088536493386
2023-11-18 23:00:00,910.7078873031094,28185.173537370403,32.311594111549894
2023-11-19 00:00:00,886.1041266479252,27920.6140002687,31.736555888040204
2023-11-19 01:00:00,884.960628661587,28143.767110287896,31.444284810688742
2023-11-19 02:00:00,808.177681024574,28004.538614139517,28.858810786353192
2023-11-19 03:00:00,801.5043275977105,27874.99659705562,28.753521989034855
2023-11-19 04:00:00,806.3850906012251,27684.568950469133,29.12760144627646
2023-11-19 05:00:00,786.5679676873332,26985.211123511544,29.14811242673644
2023-11-19 06:00:00,786.5732341710585,26836.7518410524,29.30955425715235
2023-11-19 07:00:00,1144.078719495004,29119.246139122075,39.289434693088424
2023-11-19 08:00:00,1540.4969348041423,30906.91048421177,49.84312280553169
2023-11-19 09:00:00,1616.3949092479747,31878.870509268323,50.70427162022667
2023-11-19 10:00:00,2021.3245819822741,32165.00342181185,62.842355571197174
2023-11-19 11:00:00,2191.2141937421043,33135.86968146428,66.12816306939538
2023-11-19 12:00:00,2718.658339893889,34084.551028062946,79.76218720485792
2023-11-19 13:00:00,2891.350335486299,33790.721531193274,85.56639824388489
2023-11-19 14:00:00,3000.77504978843,33757.44993927582,88.89223135000829
2023-11-19 15:00:00,2760.5684737741553,34717.61475591943,79.5149232797876
2023-11-19 16:00:00,2867.728681497712,37337.597361333916,76.80538878132195
2023-11-19 17:00:00,4315.126762074595,38430.57177502718,112.28369922090609
2023-11-19 18:00:00,4629.743173463532,36850.56285617348,125.63561624644012
2023-11-19 19:00:00,3658.2332219285277,34919.04957188649,104.76325291722117
2023-11-19 20:00:00,2957.7130473347042,33169.00204493731,89.17099897451239
2023-11-19 21:00:00,2028.0654583567532,30620.511122208227,66.23225361139882
2023-11-19 22:00:00,2024.942361958971,29999.559932283133,67.49906887066999
2023-11-19 23:00:00,1741.2104603047628,29080.617316643835,59.875292238318764
2023-11-20 00:00:00,1783.6480145639891,28795.959578133763,61.940912568803704
2023-11-20 01:00:00,1973.2051695267442,28852.234816882577,68.39002878113776
2023-11-20 02:00:00,1903.3232193183385,27737.74109021311,68.61853721714566
2023-11-20 03:00:00,1928.564683045628,26613.695708703206,72.46512112239073
2023-11-20 04:00:00,1415.0071422865276,24456.533870510164,57.858041118114116
2023-11-20 05:00:00,1650.6477419950193,24023.263949234788,68.71038612751025
2023-11-20 06:00:00,3208.5287000082735,28506.139403919522,112.55570789663327
2023-11-20 07:00:00,5540.618118645904,33354.18886319802,166.11461131226162
2023-11-20 08:00:00,7075.971576006739,35784.38602093182,197.73908016383737
2023-11-20 09:00:00,7790.63688515789,38161.27830654779,204.1503123290594
2023-11-20 10:00:00,8580.955166555237,39153.93190467742,219.15947515682677
2023-11-20 11:00:00,7870.4183238069,38938.101144483124,202.12640299543745
2023-11-20 12:00:00,7502.410192464189,38828.55882056731,193.21886828542802
2023-11-20 13:00:00,7838.428948060047,38841.515799263114,201.80543387054826
2023-11-20 14:00:00,7848.382628565861,38003.20080901549,206.5189894926953
2023-11-20 15:00:00,8571.221290580213,39066.106826966214,219.4030065126363
2023-11-20 16:00:00,9497.644823549374,41640.954147708624,228.08422664522445
2023-11-20 17:00:00,9982.625023061302,42716.818253629186,233.69308462512157
2023-11-20 18:00:00,9703.858099111025,42013.82901951107,230.96819132111452
2023-11-20 19:00:00,8426.017621802512,39579.88988770279,212.8863330774556
2023-11-20 20:00:00,7173.687046116702,37445.034085116415,191.5791298202633
2023-11-20 21:00:00,5079.445663847332,33601.23797239758,151.16840837888012
2023-11-20 22:00:00,3890.5821378896635,30290.387935782754,128.44279664353942
2023-11-20 23:00:00,2533.2908386114304,27460.561003191116,92.25196959075394
2023-11-21 00:00:00,1885.108172058697,26633.322797911613,70.78005949023053
2023-11-21 01:00:00,1547.084946179994,26435.13316416203,58.523818910712684
2023-11-21 02:00:00,1544.4880588697556,25809.019550115063,59.84295745410716
2023-11-21 03:00:00,1821.8902666405604,25393.19184885544,71.74719418829892
2023-11-21 04:00:00,1721.3915246196625,24543.681969016146,70.1358307524006
2023-11-21 05:00:00,3086.4038185878358,26289.67922465859,117.39982797861305
2023-11-21 06:00:00,5622.931855600242,31911.183399823167,176.20568266457335
2023-11-21 07:00:00,8186.487169114353,37940.69199196959,215.77063409510504
2023-11-21 08:00:00,8837.037701865338,39542.20491635729,223.48368586319654
2023-11-21 09:00:00,8978.977299664088,40605.72474506808,221.12589680485047
2023-11-21 10:00:00,9490.332428668471,40962.252835288535,231.68482619424321
2023-11-21 11:00:00,9266.815573235286,40551.79768406452,228.51799679590604
2023-11-21 12:00:00,9052.247164992741,40723.885460993086,222.28348455756594
2023-11-21 13:00:00,9501.31066527862,40825.884081125325,232.72761580370226
2023-11-21 14:00:00,9508.171197952026,39891.41171953072,238.3513339864293
2023-11-21 15:00:00,9849.67975746386,40774.629283685856,241.56393155497724
2023-11-21 16:00:00,10186.960144331853,41207.50675688868,247.21127158776463
2023-11-21 17:00:00,10778.593163825984,42400.91782711469,254.2066001442368
2023-11-21 18:00:00,10588.946461204458,41183.573715380066,257.1157747111684
2023-11-21 19:00:00,10096.991794279787,39835.89474012294,253.46466698311764
2023-11-21 20:00:00,9222.778248449793,37515.29874039555,245.84045864251465
2023-11-21 21:00:00,8055.316617068591,33745.2564961097,238.70959813262178
2023-11-21 22:00:00,6745.625639331475,30196.23689940894,223.39292348920185
2023-11-21 23:00:00,5378.019814640975,27203.855428873692,197.69329493395406
2023-11-22 00:00:00,4922.095770451046,26680.320664299612,184.48413092115496
2023-11-22 01:00:00,4225.653139273565,27338.18630873004,154.569622562129
2023-11-22 02:00:00,3335.055472161026,26944.537541561807,123.77482697621811
2023-11-22 03:00:00,3165.031672974479,26289.57937209526,120.39111117669542
2023-11-22 04:00:00,3138.2407863139324,26360.349793727622,119.05156080518584
2023-11-22 05:00:00,3376.5083434531384,28015.22623846073,120.5240434152802
2023-11-22 06:00:00,4496.749280767927,32439.043562641575,138.6215124402314
2023-11-22 07:00:00,5815.478917449984,37084.156630049445,156.8184218253915
2023-11-22 08:00:00,6445.512517815702,39538.960446435354,163.0167420953729
2023-11-22 09:00:00,6428.318252171477,39616.40834465669,162.2640345446284
2023-11-22 10:00:00,6891.830148743891,39727.80388439613,173.4762427039364
2023-11-22 11:00:00,6684.751818637953,40885.87594208806,163.49782570652098
2023-11-22 12:00:00,6636.360158110323,41859.73504857597,158.5380354273429
2023-11-22 13:00:00,6255.717339219842,41367.0653463612,151.22458619777623
2023-11-22 14:00:00,6092.150475876567,41142.43971928904,148.07460416646973
2023-11-22 15:00:00,6513.937844142255,41862.924722088304,155.6015946660621
2023-11-22 16:00:00,6846.195056808507,42381.365405105214,161.53785965526777
2023-11-22 17:00:00,6947.223432050077,42430.43625213805,163.73207644547867
2023-11-22 18:00:00,6842.317080858209,41754.82135126236,163.86891044981917
2023-11-22 19:00:00,5556.576400299006,39225.776644974045,141.65624942472527
2023-11-22 20:00:00,4306.712639076115,36832.8804449783,116.92576271653718
2023-11-22 21:00:00,2764.644617815997,33655.063138154386,82.14646950644847
2023-11-22 22:00:00,1716.1091788379006,30470.073387371805,56.32113703897854
2023-11-22 23:00:00,1251.487121227198,29536.0855015885,42.37146189057081
2023-11-23 00:00:00,1354.2161974210023,29812.37752674901,45.42462929049984
2023-11-23 01:00:00,1395.967497681622,29704.707586144814,46.994823754223525
2023-11-23 02:00:00,1428.0810317624455,29479.714256951927,48.44283832994326
2023-11-23 03:00:00,1381.2035541498474,29360.803087020366,47.042431028068194
2023-11-23 04:00:00,1395.8505813483162,29646.83853700362,47.08261151036692
2023-11-23 05:00:00,1477.4513179765843,29465.458641154608,50.14180624064741
2023-11-23 06:00:00,2282.168520736743,32134.823794104424,71.01854783331466
2023-11-23 07:00:00,2613.181661405087,34341.540824214615,76.09389674101352
2023-11-23 08:00:00,3227.024415271073,36463.75669103079,88.49950493622188
2023-11-23 09:00:00,3386.3092191893384,38422.601456183154,88.1332624770621
2023-11-23 10:00:00,3426.0046645649722,39289.54268523236,87.19889391465719
2023-11-23 11:00:00,3437.145843629131,39943.58197293416,86.05001539316497
2023-11-23 12:00:00,3600.1152619121863,39898.952045039056,90.23082255013303
2023-11-23 13:00:00,3208.923544854891,38664.84151079902,82.99331949824868
2023-11-23 14:00:00,2912.429074254496,37751.54185505508,77.1472880614149
2023-11-23 15:00:00,3160.1876418352786,37869.31088703638,83.44983227347531
2023-11-23 16:00:00,3785.151225769059,39877.520464913985,94.91942281364769
2023-11-23 17:00:00,4112.610104635866,41245.961601534094,99.70940050729482
2023-11-23 18:00:00,4305.4583451215185,40699.43363479963,105.78668941083694
2023-11-23 19:00:00,3688.5480163885313,39336.42932379811,93.76926375361172
2023-11-23 20:00:00,2919.040185721635,37330.34721528719,78.19483084063724
2023-11-23 21:00:00,2138.409671964882,34463.133289177014,62.04919483152275
2023-11-23 22:00:00,1471.5442430372143,31360.10349947273,46.92408757713302
2023-11-23 23:00:00,1099.942277709218,29213.7042593835,37.65158529514155
2023-11-24 00:00:00,1057.6724251510648,28684.9001652062,36.87209713331982
2023-11-24 01:00:00,1193.5058418439944,28722.781710304607,41.552585466184546
2023-11-24 02:00:00,1051.8751049245357,27970.027894003913,37.60722402246985
2023-11-24 03:00:00,898.3001531183959,27436.768898164155,32.74074131879657
2023-11-24 04:00:00,836.1014066957406,27231.40159769429,30.70357593222576
2023-11-24 05:00:00,872.5803688710761,27743.36880208081,31.451853417513977
2023-11-24 06:00:00,1254.5150563497898,29770.413330597887,42.13965867448691
2023-11-24 07:00:00,1892.9087125757585,34574.76498720948,54.748274161111944
2023-11-24 08:00:00,2562.892815563969,37120.970642986365,69.04164333990016
2023-11-24 09:00:00,3745.3155829919674,38972.22707271568,96.10216978372401
2023-11-24 10:00:00,4476.731898416622,40114.43932148015,111.5990145727765
2023-11-24 11:00:00,4221.910742710142,40829.685795155056,103.40296919970721
2023-11-24 12:00:00,4142.773014467991,41003.416690587226,101.0348246276513
2023-11-24 13:00:00,3955.888274074037,40405.94111989337,97.90362913057862
2023-11-24 14:00:00,3851.5510762213135,39292.95122117277,98.02142512894089
2023-11-24 15:00:00,3948.1577868221893,38170.38148887858,103.4351146836857
2023-11-24 16:00:00,5275.754381812337,40374.97644312859,130.6689154170446
2023-11-24 17:00:00,6356.427185216341,41056.8270640794,154.820224546226
2023-11-24 18:00:00,6125.667568613983,40382.928458812836,151.68953323584853
2023-11-24 19:00:00,5650.898117178831,38825.45940996661,145.5462009479334
2023-11-24 20:00:00,5116.4469754118145,36782.27196985401,139.1008956598752
2023-11-24 21:00:00,4199.455996851151,34261.34127460426,122.5712666410973
2023-11-24 22:00:00,3283.8098745687157,31501.363185016966,104.24342131741773
2023-11-24 23:00:00,2765.0347362375687,29332.795607548345,94.26427583758942
2023-11-25 00:00:00,2699.203481262939,28841.53956739579,93.58735773988573
2023-11-25 01:00:00,2581.1829334129816,28589.60041906902,90.2839807334752
2023-11-25 02:00:00,2361.254408932689,27979.1966411106,84.39321683251023
2023-11-25 03:00:00,2238.5838456429974,27632.200563108876,81.01359283819328
2023-11-25 04:00:00,2015.1725145347896,27096.01636834196,74.37154182152203
2023-11-25 05:00:00,2298.0499835807273,27496.685856010634,83.57552599664972
2023-11-25 06:00:00,2644.92829612101,28169.444262577068,93.8935206341568
2023-11-25 07:00:00,3385.4997293666415,30262.981729824285,111.8693379122725
2023-11-25 08:00:00,4186.509050729052,33526.974785490085,124.869872021406
2023-11-25 09:00:00,5377.250631318932,36690.75812924509,146.55599680925886
2023-11-25 10:00:00,6011.343314178444,37991.710329369576,158.22776237402934
2023-11-25 11:00:00,5987.394747478071,38309.169450081376,156.2914266590907
2023-11-25 12:00:00,5818.4822039181,37899.65009210895,153.52337527595174
2023-11-25 13:00:00,5473.425094048731,36730.13785397932,149.01727610738448
2023-11-25 14:00:00,5434.668733799823,35355.630307894055,153.7143783457424
2023-11-25 15:00:00,6244.427447682016,35501.12483546862,175.8937914396252
2023-11-25 16:00:00,8022.712853442015,38366.12087860919,209.10930450399098
2023-11-25 17:00:00,9257.24172351586,39694.6173628458,233.21151174971766
2023-11-25 18:00:00,9418.425503571316,39251.11612965671,239.95306203420537
2023-11-25 19:00:00,9305.095729400824,37957.1151331442,245.14760135908227
2023-11-25 20:00:00,9011.602486300928,35910.61524241177,250.94536602808998
2023-11-25 21:00:00,8393.51511756793,33827.11599122302,248.1297879413001
2023-11-25 22:00:00,7822.6605126476825,31497.117502399335,248.3611559709164
2023-11-25 23:00:00,6892.592567993336,28900.61987877733,238.49289727708546
2023-11-26 00:00:00,6688.595436340508,28281.12251650494,236.50388814789886
2023-11-26 01:00:00,6583.803184695606,28064.12560260466,234.59855040288718
2023-11-26 02:00:00,6313.5918688829215,27286.63009645996,231.3804176830915
2023-11-26 03:00:00,6094.618422308313,26323.63556428668,231.52647009658847
2023-11-26 04:00:00,5663.777241899906,24973.142551512163,226.79473479227607
2023-11-26 05:00:00,5567.580362138198,24622.151172248025,226.12079355655555
2023-11-26 06:00:00,5895.145894331587,25359.16182246549,232.46611759498782
2023-11-26 07:00:00,7015.498347938443,27362.675823267764,256.3893382814862
2023-11-26 08:00:00,7941.894032365188,30229.19478671472,262.72264572047186
2023-11-26 09:00:00,9067.383305441555,33724.72247904111,268.8645788286815
2023-11-26 10:00:00,9940.732868604897,35745.7657422517,278.0953956975915
2023-11-26 11:00:00,10094.39494088398,36892.846142488925,273.6138844343164
2023-11-26 12:00:00,10314.536969425486,37747.06947664726,273.2539800422577
2023-11-26 13:00:00,10424.879748193096,38193.0133765696,272.95253310880366
2023-11-26 14:00:00,10527.831261417827,38243.84396115363,275.2817230431
2023-11-26 15:00:00,10858.805048319979,39023.083533995996,278.2661969513517
2023-11-26 16:00:00,11476.405346293648,40532.30974540622,283.1421505060994
2023-11-26 17:00:00,11745.164113419192,41468.049449334896,283.2340625948485
2023-11-26 18:00:00,11211.672683350984,40732.48144681172,275.2514034282722
2023-11-26 19:00:00,10360.079149743638,38890.70416747133,266.3896005876113
2023-11-26 20:00:00,9380.153515326354,36623.50568905641,256.1238564916867
2023-11-26 21:00:00,7968.552239205091,33452.368585602264,238.20592012234127
2023-11-26 22:00:00,7052.653579580408,30336.312125640692,232.4822328558323
2023-11-26 23:00:00,5662.872729351383,27154.193276593847,208.54505496330174
2023-11-27 00:00:00,5368.572563916664,26218.10880397748,204.76582060343773
2023-11-27 01:00:00,5084.997516482016,26004.845959619273,195.54038214177768
2023-11-27 02:00:00,4943.833957752519,25489.001343895878,193.95950006242484
2023-11-27 03:00:00,5182.562957601108,25583.978243692094,202.5706443398381
2023-11-27 04:00:00,5152.188559342732,25478.48263190502,202.2172447934944
2023-11-27 05:00:00,5517.401188086007,25666.30661430904,214.96669820853927
2023-11-27 06:00:00,8099.084464765068,31710.7663423601,255.40487975990956
2023-11-27 07:00:00,9609.311307801587,37070.871274146535,259.2146064423143
2023-11-27 08:00:00,9609.14371190042,38868.504229209306,247.22185487856365
2023-11-27 09:00:00,9957.747095653316,40737.271729108994,244.4382422531739
2023-11-27 10:00:00,10024.669419888512,41720.38008550469,240.28231284909793
2023-11-27 11:00:00,9979.540689390235,42082.013872668686,237.14503587176753
2023-11-27 12:00:00,9810.12998922027,42487.232890730964,230.8959497185907
2023-11-27 13:00:00,9151.057138240809,42479.09545630156,215.424952907826
2023-11-27 14:00:00,8559.461914774693,42877.24693959742,199.6271338696882
2023-11-27 15:00:00,7791.434533378413,43033.903920100114,181.05339798695834
2023-11-27 16:00:00,7708.722510441306,44323.271518634705,173.9204315547951
2023-11-27 17:00:00,7844.778078815298,45200.66091442208,173.55449942795596
2023-11-27 18:00:00,7472.409937593651,43915.649401737086,170.1536932594712
2023-11-27 19:00:00,6403.229844651544,41914.09140568564,152.77033641681055
2023-11-27 20:00:00,5830.758631778528,39562.33313693863,147.38156649144776
2023-11-27 21:00:00,4730.938593713167,36096.261823278845,131.06450238185434
2023-11-27 22:00:00,3562.937171530149,32634.345230230694,109.17752896202241
2023-11-27 23:00:00,2566.739447625613,29572.11896600653,86.79592593875697
2023-11-28 00:00:00,2661.777957654809,29082.966222352297,91.52360654358036
2023-11-28 01:00:00,2600.2810237108,28818.539996389853,90.22945034816274
2023-11-28 02:00:00,2585.393947520512,27987.58435737834,92.37645930806912
2023-11-28 03:00:00,2607.204514178035,27008.607416188665,96.53235629673024
2023-11-28 04:00:00,3000.095034777713,26547.0868554802,113.0103295743877
2023-11-28 05:00:00,4324.29485495155,27172.067982848483,159.14485631646167
2023-11-28 06:00:00,7314.37443514627,31426.05600371662,232.74872399773076
2023-11-28 07:00:00,9833.184456625733,36902.094276266514,266.4668401476043
2023-11-28 08:00:00,10889.03555926651,39430.54289933711,276.1573835558214
2023-11-28 09:00:00,11445.704509080846,41510.540148072505,275.7300788728068
2023-11-28 10:00:00,11161.134477527368,41698.03833249482,267.66569660975205
2023-11-28 11:00:00,10658.93374966693,42153.534000685846,252.85978986942132
2023-11-28 12:00:00,9903.02326437747,41927.53295680518,236.19379834677653
2023-11-28 13:00:00,9156.620228451184,40946.20403798614,223.62561911615808
2023-11-28 14:00:00,8670.161922964044,39790.579600759076,217.89483867680693
2023-11-28 15:00:00,9099.19370708635,40101.63450496656,226.90331253104958
2023-11-28 16:00:00,9636.093909056039,42477.49497787365,226.85174617936957
2023-11-28 17:00:00,10299.538542407268,44033.474103327026,233.90247424581628
2023-11-28 18:00:00,10075.26287666647,43948.94786783958,229.24923952591865
2023-11-28 19:00:00,9524.790667440704,42840.86762425676,222.32954642701284
2023-11-28 20:00:00,8737.60779048629,40154.56169322963,217.5993815407408
2023-11-28 21:00:00,7267.468998156851,36441.33894391006,199.42925284229614
2023-11-28 22:00:00,5514.276151954349,33452.74691348506,164.83776851614843
2023-11-28 23:00:00,4354.249458214999,30046.395494867127,144.91753125458402
2023-11-29 00:00:00,4169.150588290934,29989.876639914903,139.01859745371613
2023-11-29 01:00:00,3906.833347027643,29625.023154273495,131.87612805170318
2023-11-29 02:00:00,4047.6368365458484,28527.522910194235,141.88532419334018
2023-11-29 03:00:00,4338.555358713424,27782.522997292035,156.1613162035825
2023-11-29 04:00:00,4952.711574252141,27171.52338247004,182.27581518110347
2023-11-29 05:00:00,6128.788980796794,28224.02371643954,217.14795318950152
2023-11-29 06:00:00,8275.654557941973,32935.430880678476,251.26905392322874
2023-11-29 07:00:00,10669.396343067076,38348.016463478016,278.2255075234054
2023-11-29 08:00:00,11126.539787330064,40127.633442197235,277.2787436706813
2023-11-29 09:00:00,11739.430471842343,43088.658259991134,272.44827167762355
2023-11-29 10:00:00,11643.9433549267,44193.17863529546,263.47829494272025
2023-11-29 11:00:00,11216.462193833515,43768.99913750662,256.26499154333834
2023-11-29 12:00:00,11015.120930854599,42813.72868765751,257.2801124427659
2023-11-29 13:00:00,10815.408427757342,42107.805247308635,256.8504429104298
2023-11-29 14:00:00,10389.760186432988,40612.118670066535,255.8290610455356
2023-11-29 15:00:00,10905.77755428307,40777.572991706234,267.445479320243
2023-11-29 16:00:00,11984.23918410867,42923.06997203746,279.20275022070615
2023-11-29 17:00:00,12361.974978025046,43647.06017230967,283.22583306235276
2023-11-29 18:00:00,12292.572356572367,43771.554936013825,280.83471959225363
2023-11-29 19:00:00,11775.307845553632,42574.052142825916,276.58414580905406
2023-11-29 20:00:00,11107.123138630737,40268.051103817175,275.8296672961619
2023-11-29 21:00:00,10374.401440410826,37236.04955580801,278.6117637119925
2023-11-29 22:00:00,9788.032202697777,35399.548444539476,276.5016118223288
2023-11-29 23:00:00,9287.309451055802,33942.54801559236,273.6185111026269
2023-11-30 00:00:00,9029.407074834451,33474.54707636096,269.7394845772486
2023-11-30 01:00:00,8542.61253227203,32988.54658192644,258.95692345998367
2023-11-30 02:00:00,7815.489245724214,32001.546737599594,244.22223431286704
2023-11-30 03:00:00,7480.830254815058,31192.049845955353,239.83131252225448
2023-11-30 04:00:00,8055.546123300447,32685.046628129476,246.45967971077226
2023-11-30 05:00:00,9022.639444203081,35067.54580128277,257.2931534853241
2023-11-30 06:00:00,10162.089574461175,37916.043089291205,268.0155613952053
2023-11-30 07:00:00,11385.339207958828,41082.541892204805,277.1332708144609
2023-11-30 08:00:00,11932.711726826998,42329.54327117973,281.9003184225576
2023-11-30 09:00:00,12489.915915749163,44523.547889447545,280.52382408431964
2023-11-30 10:00:00,12650.048073522323,45520.548471394344,277.8975319568428
2023-11-30 11:00:00,12697.990938947321,46357.04754749835,273.9171627773902
2023-11-30 12:00:00,12711.162111518026,46431.04701627005,273.7642790407864
2023-11-30 13:00:00,12685.712317827742,46815.54683636012,270.97221276020986
2023-11-30 14:00:00,12229.89914583517,45338.04705191637,269.7491387714776
2023-11-30 15:00:00,11984.539868019405,44274.04689580499,270.68995739702643
2023-11-30 16:00:00,12409.409999480025,45901.54815039773,270.3483978104669
2023-11-30 17:00:00,12906.693695718675,46002.05209768976,280.5677813744064
2023-11-30 18:00:00,12276.923926430944,44615.54591142235,275.17143801859964
2023-11-30 19:00:00,11773.035313128381,43473.54373811613,270.80919338089717
2023-11-30 20:00:00,11086.05854340675,41372.04654560238,267.9601196713131
2023-11-30 21:00:00,10702.98486713717,38356.04785530631,279.04295321334786
2023-11-30 22:00:00,10304.80872591212,35952.549358283,286.62247628729074
2023-11-30 23:00:00,9953.139270788479,34720.55033330648,286.66421399549944
2023-12-01 00:00:00,9821.323410790159,33939.0502372283,289.3812096137265
2023-12-01 01:00:00,9597.690989615345,33366.04975525353,287.6484048910877
2023-12-01 02:00:00,9340.321272861656,32746.04920600573,285.23505886470764
2023-12-01 03:00:00,9391.07835015236,32514.551048789403,288.8269420070007
2023-12-01 04:00:00,9659.528518690118,33261.052595161185,290.41559917726073
2023-12-01 05:00:00,10246.914915372214,34777.05403542105,294.64585772376086
2023-12-01 06:00:00,10905.53568027403,36351.051959854536,300.0060546340698
2023-12-01 07:00:00,12254.635165317308,39492.05214448903,310.3063654550399
2023-12-01 08:00:00,12652.859809224827,41425.053616842175,305.43979318063106
2023-12-01 09:00:00,12654.009285194526,43676.55600992623,289.7208580804469
2023-12-01 10:00:00,12958.250002313498,44786.05658283389,289.3367041223336
2023-12-01 11:00:00,12824.658941832411,45008.55678069865,284.938239728942
2023-12-01 12:00:00,12601.784627578143,44742.05628746767,281.65412306067674
2023-12-01 13:00:00,12136.280519877224,43595.55600334532,278.3834324522881
2023-12-01 14:00:00,12068.508004464513,42850.55664946117,281.6418023035477
2023-12-01 15:00:00,12273.293106610403,42240.05811788056,290.56051656839503
2023-12-01 16:00:00,13174.969328220703,43793.56088459267,300.84261389340196
2023-12-01 17:00:00,13979.313910214927,44981.06896780368,310.78216305221576
2023-12-01 18:00:00,13746.416961355988,44256.06642838868,310.61090762775416
2023-12-01 19:00:00,13001.41145451731,42491.061050253535,305.9799198504537
2023-12-01 20:00:00,12369.512479438736,40577.56135130858,304.836270774065
2023-12-01 21:00:00,11566.353664113558,37798.5636588687,305.99981968890864
2023-12-01 22:00:00,10773.130079103059,34571.56566801528,311.6182293436042
2023-12-01 23:00:00,9690.339106180272,31787.06868005499,304.8516113176721
2023-12-02 00:00:00,9483.946843719765,31618.56936592373,299.94863885084237
2023-12-02 01:00:00,9348.76272780588,31402.5698336139,297.70693218230787
2023-12-02 02:00:00,9132.864181540732,30689.57136492536,297.58852194262124
2023-12-02 03:00:00,8887.578747449592,30121.57290490435,295.0569273227604
2023-12-02 04:00:00,8618.174629171795,29428.574905574205,292.8505595946947
2023-12-02 05:00:00,8730.130347792432,29342.07599748807,297.5294027777655
2023-12-02 06:00:00,9136.971453310869,30215.577409721784,302.392746940228
2023-12-02 07:00:00,9791.546337170335,32370.078476815434,302.48756870278766
2023-12-02 08:00:00,10495.975574269458,35311.57947410717,297.23891512600886
2023-12-02 09:00:00,11143.546651368551,38879.08209568611,286.62062092780224
2023-12-02 10:00:00,11376.74304843298,40543.58345670555,280.6052666898976
2023-12-02 11:00:00,11389.135552439944,40890.58536011941,278.5270851991218
2023-12-02 12:00:00,11211.737392826468,40735.08739863778,275.2353832730797
2023-12-02 13:00:00,10958.97409273965,40591.58944271555,269.9813986886467
2023-12-02 14:00:00,10600.963999424695,39933.092546234446,265.4681449264397
2023-12-02 15:00:00,10795.11210593611,39760.595426900596,271.5027778138484
2023-12-02 16:00:00,11800.105238598118,41845.097308837896,281.99492885647743
2023-12-02 17:00:00,12391.854556732796,43290.594132636106,286.24819790566863
2023-12-02 18:00:00,11907.996589723976,42284.10082166991,281.61877297438764
2023-12-02 19:00:00,11133.434036209592,40618.10422166464,274.1002872869509
2023-12-02 20:00:00,10496.112064514553,38738.10712225669,270.95056636063896
2023-12-02 21:00:00,9514.281000137142,36048.110457135415,263.93286304008956
2023-12-02 22:00:00,8273.900569552674,33534.11438608314,246.73085068816943
2023-12-02 23:00:00,6639.367706192442,31028.120051371134,213.97905175047973
2023-12-03 00:00:00,6113.533080716979,30093.623528665605,203.15044729969287
2023-12-03 01:00:00,6040.200876939148,29696.12694950224,203.40029146596817
2023-12-03 02:00:00,5823.597169638384,29348.631781210286,198.42823382883537
2023-12-03 03:00:00,5857.485194348076,29252.1367341058,200.2412763071317
2023-12-03 04:00:00,5820.939535678194,29447.142317054837,197.67417405073272
2023-12-03 05:00:00,5462.80697652381,28767.148941491192,189.8974065047072
2023-12-03 06:00:00,5646.866012722035,29619.65549618881,190.64590448895066
2023-12-03 07:00:00,6220.274149573882,31273.662830048386,198.89816499515732
2023-12-03 08:00:00,6496.595400440516,33393.171507890256,194.54861898653374
2023-12-03 09:00:00,7273.7129710942,36322.68144704159,200.25264328844392
2023-12-03 10:00:00,7484.301683826221,38705.192444976354,193.36686400580416
2023-12-03 11:00:00,8020.986693131982,40586.70491045195,197.62596423703286
2023-12-03 12:00:00,8380.808831871509,41410.21952970477,202.3850374871765
2023-12-03 13:00:00,8731.901642112483,41309.73768058132,211.37635173648496
2023-12-03 14:00:00,9173.32476288893,41150.7589021946,222.91994139626206
2023-12-03 15:00:00,9796.815808216106,40915.785284653546,239.43853796423744
2023-12-03 16:00:00,10832.72152610637,42712.81565060166,253.61759371519634
2023-12-03 17:00:00,11208.497189004613,43913.35442567657,255.24119793615435
2023-12-03 18:00:00,10747.29798118712,42285.912356975605,254.1578833739936
2023-12-03 19:00:00,9860.379543553643,40017.4915942521,246.40173960753546
2023-12-03 20:00:00,8789.560867774842,37984.61671141523,231.39790864688078
2023-12-03 21:00:00,7288.461481181345,34573.84716822746,210.80851794472173
2023-12-03 22:00:00,6415.827766955251,31393.428706221654,204.36849466155127
2023-12-03 23:00:00,4556.529803792992,28861.96986487494,157.87313981428193
2023-12-04 00:00:00,4168.851259511476,29110.426148263625,143.20818384035024
2023-12-04 01:00:00,3735.983374893921,29723.978290734787,125.68921085702914
2023-12-04 02:00:00,2952.341266390837,29053.74161546265,101.61655959725255
2023-12-04 03:00:00,2493.3239198342876,28744.714189475293,86.74025782267834
2023-12-04 04:00:00,2484.2825460975014,28159.842672090188,88.2207537529933
2023-12-04 05:00:00,3268.742950197823,29918.2624599504,109.25577494927965
2023-12-04 06:00:00,4891.833198465877,35441.53592169691,138.02542895640005
2023-12-04 07:00:00,7116.015304738488,41817.76628499811,170.16727426905436
2023-12-04 08:00:00,7642.38784087362,43618.43955500217,175.21002399080984
2023-12-04 09:00:00,7689.366730466605,43524.239028703836,176.66860816097298
2023-12-04 10:00:00,8038.886120773299,44328.087512877464,181.34971689085333
2023-12-04 11:00:00,8044.18904924937,44743.26459731682,179.7854743422492
2023-12-04 12:00:00,8071.250598517278,44847.73418185665,179.9700864660971
2023-12-04 13:00:00,8200.405024816522,44463.334165119755,184.43072654793195
2023-12-04 14:00:00,8328.679756701906,43827.6929884706,190.03235600132695
2023-12-04 15:00:00,9064.099797764651,44828.331223593035,202.19578892096342
2023-12-04 16:00:00,9633.99444112637,45953.324240779,209.64738896032156
2023-12-04 17:00:00,9806.311774711348,46640.10825445047,210.25491024188642
2023-12-04 18:00:00,9437.223046581319,45724.69542908127,206.39225604505984
2023-12-04 19:00:00,8297.588164729294,43525.069188783506,190.63928718274383
2023-12-04 20:00:00,7365.948679957219,41301.220469364314,178.3469978912851
2023-12-04 21:00:00,5744.31089977429,37713.83667769524,152.31308733888636
2023-12-04 22:00:00,4754.660149967362,34036.845895992374,139.69156144774252
2023-12-04 23:00:00,3169.5592543183147,31652.379283468792,100.13652452261914
2023-12-05 00:00:00,2993.324625920774,31246.55235765062,95.7969567861098
2023-12-05 01:00:00,2718.9088790494493,30661.414602649755,88.6752589299804
2023-12-05 02:00:00,2536.9520034715497,30097.35140102491,84.29153680895517
2023-12-05 03:00:00,2316.166166698188,29556.29752547558,78.36455715408215
2023-12-05 04:00:00,2507.368473131319,28455.26894452017,88.1161403893243
2023-12-05 05:00:00,2999.9203661748666,27993.774050974414,107.16384152820025
2023-12-05 06:00:00,5455.514585598705,33825.74272428106,161.28292082357098
2023-12-05 07:00:00,8175.54031727502,40015.190405374895,204.3109187899021
2023-12-05 08:00:00,8932.33563284293,41323.17148812019,216.15803703282666
2023-12-05 09:00:00,9430.178192313624,42950.66442009166,219.55837749281315
2023-12-05 10:00:00,9878.95847058334,43172.65900850621,228.8244156709669
2023-12-05 11:00:00,9723.989222989005,43939.15674364329,221.3057769797956
2023-12-05 12:00:00,9555.68821936906,44229.15471484695,216.04953296024408
2023-12-05 13:00:00,9816.884709355063,43802.15365967536,224.11876789502642
2023-12-05 14:00:00,9858.773792041246,43053.65541871875,228.98807769420839
2023-12-05 15:00:00,10355.485212428943,43256.65646460453,239.39633940275732
2023-12-05 16:00:00,11023.775421397242,44379.15877126681,248.39982835669613
2023-12-05 17:00:00,11702.619134078166,44967.65586358312,260.24525649235557
2023-12-05 18:00:00,11449.481674025656,44742.66246725628,255.89629768690347
2023-12-05 19:00:00,11181.6931257952,43759.66565261739,255.52510420349594
2023-12-05 20:00:00,10816.455478079002,40825.169226482365,264.9457597609323
2023-12-05 21:00:00,10403.148080319146,37566.17347924406,276.9286066909918
2023-12-05 22:00:00,9056.39556267863,33836.18245818821,267.65417682298323
2023-12-05 23:00:00,8441.3649501725,31531.689930543314,267.71051500147263
2023-12-06 00:00:00,8446.559075597928,31386.19635786352,269.1170022417107
2023-12-06 01:00:00,8543.934173727988,31507.70315542731,271.1696924266683
2023-12-06 02:00:00,8171.813878219322,30760.71528852639,265.6574725772834
2023-12-06 03:00:00,8047.07188289867,30653.22854544389,262.51955388544997
2023-12-06 04:00:00,8559.437613869099,32022.743233234774,267.2924537266281
2023-12-06 05:00:00,9475.466436357236,34163.759541899635,277.35432409703594
2023-12-06 06:00:00,10820.03018156139,37312.77476720297,289.98192305633444
2023-12-06 07:00:00,12048.180414932674,40291.2992749119,299.0268527387671
2023-12-06 08:00:00,12783.022988890152,42303.3434461152,302.1752407152594
2023-12-06 09:00:00,13308.180623008328,44473.92800458862,299.23555710292214
2023-12-06 10:00:00,13035.962560466645,44871.49759994672,290.51766171678037
2023-12-06 11:00:00,12868.01821673154,45228.187147410754,284.5132433628442
2023-12-06 12:00:00,12198.823492047364,44783.61783218098,272.3947747535804
2023-12-06 13:00:00,11440.929752375952,43872.000950033354,260.7797571258772
2023-12-06 14:00:00,11217.45428832418,43234.554963122406,259.4557593548097
2023-12-06 15:00:00,11530.18428438845,43231.19774680113,266.7098041539138
2023-12-06 16:00:00,12016.428488758505,46000.987044850124,261.2211011264325
2023-12-06 17:00:00,11958.052791395216,46766.64683442141,255.69617667336786
2023-12-06 18:00:00,11524.55641639245,46486.192318136054,247.91353822920613
2023-12-06 19:00:00,10836.274168356103,44342.31972296882,244.37770139352983
2023-12-06 20:00:00,10137.077608538095,42593.13295214377,237.99793313931093
2023-12-06 21:00:00,8777.738765173615,40213.25636887727,218.2797305608674
2023-12-06 22:00:00,7049.157368038053,36673.780475779124,192.21245469071854
2023-12-06 23:00:00,5140.877582797341,32498.488557619025,158.18820538938886
2023-12-07 00:00:00,4350.307095961556,31156.344936559184,139.6282877474777
2023-12-07 01:00:00,4196.313304069985,31652.59701501585,132.57406026049844
2023-12-07 02:00:00,3925.2458174929866,31739.262684126792,123.67161318640373
2023-12-07 03:00:00,3684.147619553,32399.836883176184,113.70883232643732
2023-12-07 04:00:00,3673.557148220535,33915.04885028711,108.31643393576998
2023-12-07 05:00:00,3195.9354562875196,34795.817832287066,91.84826382560287
2023-12-07 06:00:00,4666.670300615969,38915.48707751977,119.91807506661672
2023-12-07 07:00:00,6631.484306405324,44368.68643718231,149.4631651039355
2023-12-07 08:00:00,7364.803114378944,46471.187425604374,158.48106154311725
2023-12-07 09:00:00,8022.997210881845,48244.54451461284,166.29853782642203
2023-12-07 10:00:00,8376.389400481701,48961.11167953778,171.08250023625237
2023-12-07 11:00:00,8427.936218217903,49170.20481918805,171.4033172977349
2023-12-07 12:00:00,8375.114591745329,49010.233604103436,170.8850167782941
2023-12-07 13:00:00,8347.399432369719,48941.577220474675,170.55844757037354
2023-12-07 14:00:00,8001.716428312129,48140.65197635858,166.21537307474972
2023-12-07 15:00:00,8459.721874574454,49195.211001871874,171.96230491322748
2023-12-07 16:00:00,8877.887306044588,49805.24937653051,178.25204003953993
2023-12-07 17:00:00,9268.95749440961,50368.42450006914,184.0231769488221
2023-12-07 18:00:00,8812.866369495925,49144.50596644048,179.32556643287867
2023-12-07 19:00:00,7288.971628674966,44913.15540094225,162.2903481976697
2023-12-07 20:00:00,5569.78024489024,40576.13783802937,137.2673827933926
2023-12-07 21:00:00,4257.722871738703,37018.45130244575,115.01623438950843
2023-12-07 22:00:00,3761.4838652271956,33876.58841342163,111.03490762773873
2023-12-07 23:00:00,2033.520781696589,30616.302596141057,66.41954152729397
2023-12-08 00:00:00,2185.6642336281557,30302.692835353828,72.12772295530662
2023-12-08 01:00:00,2049.4002640160707,30180.69597479977,67.90434076560976
2023-12-08 02:00:00,1981.2765295318197,29410.440569826314,67.36643488314532
2023-12-08 03:00:00,2134.530905060968,28155.226602827817,75.81295420462298
2023-12-08 04:00:00,2065.2551695113652,26976.935953311444,76.55632845352304
2023-12-08 05:00:00,2952.0822267151375,27489.722530590407,107.38857852894212
2023-12-08 06:00:00,5887.990216743279,32908.006795707006,178.92272398313085
2023-12-08 07:00:00,7774.853433218507,37795.00427532511,205.71114046134417
2023-12-08 08:00:00,8131.9039760361875,39508.50348153387,205.82667677698825
2023-12-08 09:00:00,8278.700887766881,41339.502889859315,200.26125882122466
2023-12-08 10:00:00,8342.429496569926,42144.50222539791,197.94822707723083
2023-12-08 11:00:00,8155.449536838991,43439.33672616697,187.74341763663057
2023-12-08 12:00:00,7409.521815629375,43138.147878998534,171.7626319148635
2023-12-08 13:00:00,6827.438000083514,42571.10842752087,160.37726646717502
2023-12-08 14:00:00,6519.715389444659,41879.05800099273,155.6796093477105
2023-12-08 15:00:00,6787.514976402675,42330.0350218508,160.34749257587322
2023-12-08 16:00:00,7536.891050766409,44027.00326811517,171.18791857961193
2023-12-08 17:00:00,7683.711103994115,44621.000390430105,172.19943606737345
2023-12-08 18:00:00,7233.558679392378,43828.7099689163,165.04156030424988
2023-12-08 19:00:00,5951.51902670909,40683.455956885016,146.28843314138095
2023-12-08 20:00:00,4433.295150823689,37331.6585130191,118.75430472175822
2023-12-08 21:00:00,2880.9895699722247,34430.67908515663,83.67507253768468
2023-12-08 22:00:00,1217.0652631053642,31643.036520960617,38.462341068284324
2023-12-08 23:00:00,1018.7490070394102,30626.13244980013,33.26404366301429
2023-12-09 00:00:00,1017.4771808314564,29644.655666151237,34.322448953024235
2023-12-09 01:00:00,910.6902299557618,29184.308144445728,31.204790788541672
2023-12-09 02:00:00,959.999435681691,29168.577008757864,32.91211070713018
2023-12-09 03:00:00,948.5661594330746,28513.568062424976,33.26718555027457
2023-12-09 04:00:00,1024.425676223424,28460.5059256749,35.9946403939104
2023-12-09 05:00:00,942.1195272084045,28979.71078323853,32.509624897751344
2023-12-09 06:00:00,940.7602110764765,30111.730204216125,31.242316688423138
2023-12-09 07:00:00,1140.3718181124125,32192.679908592298,35.42332671123925
2023-12-09 08:00:00,1509.9903986787235,33554.84518200754,45.00066653528761
2023-12-09 09:00:00,1791.306225229054,35130.107028134364,50.99062817527043
2023-12-09 10:00:00,2125.1375914604387,36640.09129520063,58.000335597930224
2023-12-09 11:00:00,2257.575419237759,37294.00098549837,60.53454602834403
2023-12-09 12:00:00,2207.182091445428,37326.59419043303,59.13162289023246
2023-12-09 13:00:00,1927.1068841405906,36823.97840139697,52.33293543501218
2023-12-09 14:00:00,1963.6821793308338,37144.21167145504,52.866438429218405
2023-12-09 15:00:00,1969.059050915865,36843.747092927115,53.44350687104421
2023-12-09 16:00:00,2640.25809495229,38658.4602013081,68.29703203913307
2023-12-09 17:00:00,3326.60171611185,40485.991886883094,82.16673375340035
2023-12-09 18:00:00,3191.824749264947,39571.77484616384,80.65912539109598
2023-12-09 19:00:00,3073.697826226357,37739.32269321461,81.44549522556736
2023-12-09 20:00:00,2010.076939193647,35902.005553191,55.98787332968339
2023-12-09 21:00:00,1979.264914923001,35402.892194737,55.90687066005411
2023-12-09 22:00:00,1385.9225078267725,32517.489207366194,42.620833945347144
2023-12-09 23:00:00,1107.5624388348897,30156.434428987326,36.72723449594112
2023-12-10 00:00:00,1259.9150836664871,29644.194603474632,42.501241828941815
2023-12-10 01:00:00,1208.4460943192878,28849.809850290218,41.887489054182836
2023-12-10 02:00:00,1564.2450635859498,29296.47735245173,53.39362288398278
2023-12-10 03:00:00,1088.9803525263992,28479.854164674354,38.23686547795393
2023-12-10 04:00:00,951.540295558827,27776.4024780395,34.257146738535745
2023-12-10 05:00:00,1322.94589826508,27214.393183206666,48.61199326984948
2023-12-10 06:00:00,1583.2340756038577,26622.372993511734,59.470058359925886
2023-12-10 07:00:00,2058.424858158812,27125.87206770506,75.88419104171355
2023-12-10 08:00:00,2660.6178332627774,29873.17224328695,89.06378645008706
2023-12-10 09:00:00,2943.2677140861824,32839.82824126672,89.62494238589395
2023-12-10 10:00:00,3770.117839562082,35011.51585674004,107.68222247184704
2023-12-10 11:00:00,4169.399212212589,36954.418017220785,112.82546001048227
2023-12-10 12:00:00,4597.543862102521,38233.999617491834,120.2475259742162
2023-12-10 13:00:00,4075.0052054225025,38743.77908407793,105.17830995730509
2023-12-10 14:00:00,2950.7032474604316,37673.4005785751,78.32325200657621
2023-12-10 15:00:00,2797.2230391274275,38012.935539773156,73.5860832479164
2023-12-10 16:00:00,3685.070131917721,39503.85561551876,93.28380925101578
2023-12-10 17:00:00,4212.798906282145,40653.83014408664,103.6261255421938
2023-12-10 18:00:00,4188.497086999561,39772.16420208108,105.31227482914791
2023-12-10 19:00:00,3716.404276446283,37560.41042161882,98.94471957918795
2023-12-10 20:00:00,3087.3649074545706,35598.43606652735,86.72754335850082
2023-12-10 21:00:00,2415.131199735825,33522.56203521177,72.04494683905708
2023-12-10 22:00:00,1875.6260184523899,31622.203281739854,59.31357792312544
2023-12-10 23:00:00,1497.3541928316854,30980.1577754395,48.33268454232213
2023-12-11 00:00:00,1479.2206292235785,30250.92529828281,48.89835979025561
2023-12-11 01:00:00,1499.5612844372727,29954.01290561229,50.062116523836764
2023-12-11 02:00:00,1440.341638980785,28915.7363159795,49.811688114779884
2023-12-11 03:00:00,1592.01233475598,27769.138040603724,57.33027551766847
2023-12-11 04:00:00,1524.9247181494488,27478.163902943907,55.49587387045443
2023-12-11 05:00:00,1492.3152584288914,28016.780770565132,53.265051065279465
2023-12-11 06:00:00,2142.0610916059727,31184.21853959508,68.69054899952567
2023-12-11 07:00:00,4648.041497565647,36717.71604867436,126.5885244987469
2023-12-11 08:00:00,6013.598644871285,38723.74657451835,155.29485591738825
2023-12-11 09:00:00,7195.739764600705,40336.333517673476,178.39350126971433
2023-12-11 10:00:00,8312.842677405562,40949.85471446682,203.00054140286827
2023-12-11 11:00:00,8298.63284696501,41436.61355224306,200.27295031004738
2023-12-11 12:00:00,8051.246742769467,41529.597333760656,193.86768135660122
2023-12-11 13:00:00,7809.997874664021,40513.09503033406,192.77712228148226
2023-12-11 14:00:00,8201.45503026726,39544.09762052077,207.40023224126494
2023-12-11 15:00:00,9200.377812504596,39505.103065250194,232.89086975190068
2023-12-11 16:00:00,10369.480041790703,41636.61129739504,249.0471659118777
2023-12-11 17:00:00,11037.420022670902,42833.62154472711,257.6812238756316
2023-12-11 18:00:00,10668.86971360983,41903.142456341935,254.60786681393927
2023-12-11 19:00:00,10299.2070340176,40995.67203521065,251.22669108026196
2023-12-11 20:00:00,9071.422686510627,38306.71957391919,236.81021991470212
2023-12-11 21:00:00,7538.026911231217,34910.30853948355,215.92553107073547
2023-12-11 22:00:00,5649.68562752759,31056.53120501587,181.91618343439214
2023-12-11 23:00:00,3831.72224242825,28085.743766298026,136.42943816307942
2023-12-12 00:00:00,3213.7633203829273,28287.135843988148,113.61218534487813
2023-12-12 01:00:00,2681.683057989822,28216.33718020416,95.04008407835515
2023-12-12 02:00:00,2255.989622610464,28009.051203265757,80.54502118755894
2023-12-12 03:00:00,2901.2481486561755,27873.61830415777,104.08581035291749
2023-12-12 04:00:00,2737.3213790511695,28315.07019847414,96.67365681469086
2023-12-12 05:00:00,3477.4206154003878,30415.00441503448,114.332405412424
2023-12-12 06:00:00,4359.149727806865,35245.62704229717,123.67916515077418
2023-12-12 07:00:00,6426.101054265615,40967.16073319345,156.85981013223835
2023-12-12 08:00:00,7400.9030567051295,43059.41850346293,171.87652118687885
2023-12-12 09:00:00,7608.33956002244,43213.84053464167,176.0625638890702
2023-12-12 10:00:00,8685.89123628902,43405.67999480516,200.1095533425247
2023-12-12 11:00:00,8515.020450309865,42486.71452964836,200.41607228461635
2023-12-12 12:00:00,8599.420496469123,42158.23482589359,203.97961470595916
2023-12-12 13:00:00,8840.68684039385,41824.97595291878,211.37338728767153
2023-12-12 14:00:00,9327.051522072,41434.224232956476,225.10501149079877
2023-12-12 15:00:00,9601.246077837335,41249.258069731586,232.76166717002508
2023-12-12 16:00:00,10338.959970045877,42488.04153167379,243.33811579285046
2023-12-12 17:00:00,10284.953093417309,42543.92667712016,241.74903204100548
2023-12-12 18:00:00,10159.632075412943,42069.58818031085,241.49587659067674
2023-12-12 19:00:00,9808.244843745726,40859.454454651204,240.04835538447117
2023-12-12 20:00:00,8452.853433114835,38376.57969866531,220.2607293168655
2023-12-12 21:00:00,6905.85058723641,35106.584754708514,196.71097702860982
2023-12-12 22:00:00,6309.759455417341,31679.30756789984,199.17605338731974
2023-12-12 23:00:00,4854.06672517669,28751.26907767794,168.8296510342674
2023-12-13 00:00:00,4168.424575126236,27803.701145465802,149.92337003327407
2023-12-13 01:00:00,3787.2288465718875,27417.144445168018,138.1335993668497
2023-12-13 02:00:00,3406.98852358745,26767.64816824078,127.28008460712533
2023-12-13 03:00:00,3062.2654616943237,26198.156408309722,116.88858612673265
2023-12-13 04:00:00,2938.941936878773,25580.66099845761,114.88921013635954
2023-12-13 05:00:00,3569.393610693677,26367.662962480128,135.3701166376689
2023-12-13 06:00:00,5400.2095489425,31936.66574699797,169.09121295638437
2023-12-13 07:00:00,8127.557141461434,39356.17146215363,206.5129010141954
2023-12-13 08:00:00,8281.294415114971,40207.180995030576,205.9655566536361
2023-12-13 09:00:00,8727.730323375752,41418.19377201993,210.7221375083665
2023-12-13 10:00:00,9338.162543632028,42166.21109147336,221.46079294092291
2023-12-13 11:00:00,9271.695689158076,42082.23333167409,220.32328028036326
2023-12-13 12:00:00,9000.092460219255,42298.76373627205,212.77436183085166
2023-12-13 13:00:00,8772.044368468356,42167.80600056017,208.0270519256284
2023-12-13 14:00:00,8528.897725987355,41973.375643115025,203.19780325760783
2023-12-13 15:00:00,9105.792296786449,42901.01354660611,212.25121609059994
2023-12-13 16:00:00,9756.761769727265,44228.93818351026,220.59678957802447
2023-12-13 17:00:00,10028.488296437246,44762.61353253571,224.0371485268178
2023-12-13 18:00:00,9715.822599330553,43924.49624647354,221.19371716438485
2023-12-13 19:00:00,8873.862012988624,42020.032873542565,211.18170087334582
2023-12-13 20:00:00,7995.99804184849,39813.8317575877,200.83467701710518
2023-12-13 21:00:00,6848.8765953044,36725.3064639924,186.4892972920303
2023-12-13 22:00:00,6240.11923312977,33071.75451984605,188.68425106944758
2023-12-13 23:00:00,5611.5537953710555,30256.13596913162,185.4682898403207
2023-12-14 00:00:00,5540.861066091302,30149.608510248592,183.7788727574299
2023-12-14 01:00:00,5447.766368574197,29886.70918448588,182.28056943124804
2023-12-14 02:00:00,5043.285338311233,29422.60750585741,171.40851086387306
2023-12-14 03:00:00,4713.017398886497,29281.93428901836,160.9530761311088
2023-12-14 04:00:00,4698.459421810967,29244.294459069755,160.66243035498496
2023-12-14 05:00:00,5625.8348389049515,31200.322814186125,180.31335356398952
2023-12-14 06:00:00,7358.996629021955,35439.38989727721,207.65020646101314
2023-12-14 07:00:00,9358.354507246224,40755.75944355063,229.6204177033715
2023-12-14 08:00:00,9847.002743919444,42862.66611023992,229.7337902078608
2023-12-14 09:00:00,9871.570915891114,43595.0004327838,226.43814239918234
2023-12-14 10:00:00,10461.118395011557,44148.00019113426,236.9556571015949
2023-12-14 11:00:00,10331.463509108826,44528.00020241762,232.02172705137306
2023-12-14 12:00:00,9910.180320538275,44859.50171519524,220.9159696747457
2023-12-14 13:00:00,9758.437189946368,44577.08770551933,218.91150122707822
2023-12-14 14:00:00,9417.726286980565,44069.87619179711,213.69985806162808
2023-12-14 15:00:00,9186.808429315784,43239.45816116788,212.46354186663223
2023-12-14 16:00:00,10024.256353729805,44524.50723428034,225.1401975317522
2023-12-14 17:00:00,10557.326021969355,44871.49985163056,235.2790982444889
2023-12-14 18:00:00,10497.250721161347,43941.505152293685,238.8914691196782
2023-12-14 19:00:00,9708.479708221297,42422.07348327675,228.85443617102985
2023-12-14 20:00:00,9460.133606230702,41055.849100750966,230.42109257113532
2023-12-14 21:00:00,7554.461310074722,36808.18133689776,205.23864629252617
2023-12-14 22:00:00,6315.548866176966,33688.14868028073,187.47093899742126
2023-12-14 23:00:00,4132.008263064511,29169.614263105275,141.654539062274
2023-12-15 00:00:00,3754.306131166189,28876.128309894633,130.01417956297647
2023-12-15 01:00:00,3477.1438828947744,28969.602058930563,120.02732643070127
2023-12-15 02:00:00,2857.804033430457,27833.08481423477,102.67651079656396
2023-12-15 03:00:00,3024.245101959165,27378.06861632117,110.46232458327212
2023-12-15 04:00:00,3610.952773342353,27356.029647089163,131.99842301408597
2023-12-15 05:00:00,4528.524347118234,29114.519571755867,155.54178512055464
2023-12-15 06:00:00,6894.880941144446,35430.00976768508,194.60567429572413
2023-12-15 07:00:00,8166.503963789223,38937.003530784525,209.7363233750792
2023-12-15 08:00:00,8297.268471619036,39770.00420430542,208.631319951452
2023-12-15 09:00:00,7895.193148093052,40612.50502024057,194.403008239906
2023-12-15 10:00:00,7857.204750952421,41612.005901617486,188.82061993187898
2023-12-15 11:00:00,7330.272433431596,41573.50842921724,176.32075594274335
2023-12-15 12:00:00,6942.4192646263555,41530.0095183847,167.16632972484757
2023-12-15 13:00:00,6328.96775517718,40160.36510070616,157.59238590851095
2023-12-15 14:00:00,6501.275106262056,40414.21487022822,160.86604990689366
2023-12-15 15:00:00,7043.6192603569025,41123.37973792904,171.2801648416171
2023-12-15 16:00:00,7666.945987586001,42147.57461075306,181.90716923554464
2023-12-15 17:00:00,8040.815865520088,43315.31242423914,185.63448848681205
2023-12-15 18:00:00,7358.8098572713425,42420.56394933312,173.47270220312637
2023-12-15 19:00:00,5925.826539283466,39588.375559264256,149.68602413131188
2023-12-15 20:00:00,4442.342145753792,37019.09100113831,120.00138376215648
2023-12-15 21:00:00,2942.306702339367,34421.32456898203,85.47918301176468
2023-12-15 22:00:00,2148.6045452242347,31662.388464421976,67.85983778951338
2023-12-15 23:00:00,1474.9112028484972,29318.267616113146,50.306901559145835
2023-12-16 00:00:00,1530.6799618125,29783.49076768099,51.39357148402126
2023-12-16 01:00:00,1412.8627427781446,29331.80852172515,48.16827921577633
2023-12-16 02:00:00,1401.8049348481509,29049.953424313924,48.254980459792506
2023-12-16 03:00:00,1482.5043914815653,29039.616133678563,51.051101524797275
2023-12-16 04:00:00,1387.3172157126082,28943.345353209286,47.932165365907856
2023-12-16 05:00:00,1395.507842865882,28878.885101264277,48.32277416432494
2023-12-16 06:00:00,1476.2961359423875,30094.90576399244,49.0546854514071
2023-12-16 07:00:00,1492.4462939741902,31537.365812738935,47.32311198202052
2023-12-16 08:00:00,1957.1427308000325,32647.400310323304,59.9478890262871
2023-12-16 09:00:00,2757.321473781125,34810.282674021764,79.20997078943172
2023-12-16 10:00:00,2953.3697153428175,36034.77283230888,81.95888257951823
2023-12-16 11:00:00,2911.49880611956,36661.52018466408,79.41565956497004
2023-12-16 12:00:00,2568.407622318442,36576.74847534806,70.21968133798151
2023-12-16 13:00:00,2340.4477206317897,36258.04688175212,64.54974610917847
2023-12-16 14:00:00,2199.178856924817,35637.17762391646,61.710242043660784
2023-12-16 15:00:00,2512.077058799384,35490.075800964,70.78252165162041
2023-12-16 16:00:00,3343.188453038316,37545.28254503113,89.04416817288714
2023-12-16 17:00:00,3756.766646340233,39091.24394717555,96.10250959055678
2023-12-16 18:00:00,3493.0419456796467,38031.09628197252,91.84699593672813
2023-12-16 19:00:00,3004.863483506517,35897.42102329291,83.70694601032031
2023-12-16 20:00:00,2639.1327168526873,33998.83444941881,77.62421152345713
2023-12-16 21:00:00,2433.5990051484787,32563.36367874132,74.73426360856051
2023-12-16 22:00:00,2182.7762447686805,31983.586373961996,68.24676317555463
2023-12-16 23:00:00,1855.3591112015972,31091.172529404736,59.674787415845316
2023-12-17 00:00:00,1988.9855062746535,31507.737788982096,63.12689027678083
2023-12-17 01:00:00,1797.3203904159973,30879.217507296074,58.20485541744477
2023-12-17 02:00:00,1782.1728233409847,30818.43796705203,57.82813604136278
2023-12-17 03:00:00,1591.3496604050522,30602.861403830717,52.00002834394613
2023-12-17 04:00:00,1585.8546733236649,30773.15071273858,51.533711582779155
2023-12-17 05:00:00,1607.8407701662363,31108.38447464064,51.685125965861005
2023-12-17 06:00:00,1610.5890694634606,31284.921239070496,51.481320894362995
2023-12-17 07:00:00,1676.9020252915232,32139.647414224626,52.17549538360356
2023-12-17 08:00:00,1876.8668236036592,32509.804102736423,57.73233261180061
2023-12-17 09:00:00,2332.2939407493864,33781.16904686058,69.04124417701689
2023-12-17 10:00:00,2483.824529077575,35078.381483212506,70.80784300912688
2023-12-17 11:00:00,2444.5487829610233,36490.96278036495,66.99052578235579
2023-12-17 12:00:00,2375.0324700099013,36984.200284265935,64.2174888670042
2023-12-17 13:00:00,2326.462259466583,37304.00264615379,62.36494999033171
2023-12-17 14:00:00,2216.2545407009666,36486.52514787626,60.741726753060405
2023-12-17 15:00:00,2671.7482208812403,36183.66465221628,73.8385193031462
2023-12-17 16:00:00,3476.1917874799315,38901.08347992506,89.3597678140205
2023-12-17 17:00:00,3914.5703071116945,39500.446518678735,99.1019254747056
2023-12-17 18:00:00,3931.2673461312497,38744.64729974597,101.46607648063491
2023-12-17 19:00:00,3520.8888292541055,37280.53622126365,94.44308441158906
2023-12-17 20:00:00,2981.5944365572004,35579.41170266461,83.8011168221172
2023-12-17 21:00:00,2117.3799663860154,33069.82516697795,64.027552480088
2023-12-17 22:00:00,1581.1807207975803,30740.476822705914,51.4364409477757
2023-12-17 23:00:00,1301.4670656832711,29854.59783506274,43.59352193834488
2023-12-18 00:00:00,1440.5817437829287,30275.063181052414,47.58311271451
2023-12-18 01:00:00,1366.5805480385134,29975.26018804335,45.59028143427494
2023-12-18 02:00:00,1257.8132875045942,29651.696177464968,42.419606621375046
2023-12-18 03:00:00,1187.3547835427194,29099.31523590758,40.80353004587418
2023-12-18 04:00:00,979.7874670960982,28400.86799999928,34.49850430966135
2023-12-18 05:00:00,1053.7301704148967,28539.30141904965,36.92207300181301
2023-12-18 06:00:00,2650.3692754560448,32816.0001332204,80.76454365847636
2023-12-18 07:00:00,3764.0643571039836,37493.500032281016,100.39245079449006
2023-12-18 08:00:00,4001.6713333558896,37061.000048457136,107.97526586232745
2023-12-18 09:00:00,4588.501890223814,38730.5000226195,118.4725703913976
2023-12-18 10:00:00,4770.8129954783135,39377.00002134269,121.15735055724127
2023-12-18 11:00:00,5218.325702585524,40885.99995803977,127.63111353375129
2023-12-18 12:00:00,5288.139444365582,41580.614536328205,127.17800117517342
2023-12-18 13:00:00,5275.649115522219,42206.056880251075,124.99744125565978
2023-12-18 14:00:00,5491.549531006192,42825.99921073763,128.2293380706296
2023-12-18 15:00:00,5801.1985797272155,43191.373620970626,134.31382457608552
2023-12-18 16:00:00,6354.95347477005,44159.14297440558,143.91025383924116
2023-12-18 17:00:00,6347.534872082251,43750.37979486278,145.08525187311827
2023-12-18 18:00:00,6343.586705290463,43175.27323224442,146.92638240336387
2023-12-18 19:00:00,5252.663839698039,39976.189372012836,131.39481081644584
2023-12-18 20:00:00,4179.830724163487,37179.47469928511,112.42307100815108
2023-12-18 21:00:00,3296.3036668164686,33987.49977364224,96.9857650244928
2023-12-18 22:00:00,2389.6774213257618,30386.92292613745,78.64163894233167
2023-12-18 23:00:00,2037.9988378040978,28445.463802638085,71.64582908347904
2023-12-19 00:00:00,2039.617560455729,28614.6175848513,71.27886837584407
2023-12-19 01:00:00,1685.2344326680134,27355.27067291973,61.605474601876494
2023-12-19 02:00:00,1840.230026137093,27260.49494012025,67.50537839387357
2023-12-19 03:00:00,2028.5953892574037,26441.531014141303,76.72004273022172
2023-12-19 04:00:00,2047.4580009704137,25049.005108587342,81.73809666670157
2023-12-19 05:00:00,2876.3489147595164,26260.502425439372,109.53137408266443
2023-12-19 06:00:00,4425.58754046078,31665.5001971935,139.7605442169209
2023-12-19 07:00:00,6089.8016436511225,36145.00065455521,168.4825434602295
2023-12-19 08:00:00,6452.146208760894,37693.50098881552,171.17397003465894
2023-12-19 09:00:00,6179.154687005618,39440.11968167369,156.67180365775698
2023-12-19 10:00:00,6300.875744702982,39927.06350451114,157.8096456803311
2023-12-19 11:00:00,6028.650052263656,40283.01570999199,149.65736665957414
2023-12-19 12:00:00,6338.848559455244,41032.354303740605,154.4841544438843
2023-12-19 13:00:00,6660.841676751301,41026.828504539415,162.35331658683566
2023-12-19 14:00:00,6220.775142953773,40766.564073709385,152.59503184291142
2023-12-19 15:00:00,6346.220731201012,40998.6855431385,154.79083407499903
2023-12-19 16:00:00,6895.708919176036,42100.371692120614,163.79211493913286
2023-12-19 17:00:00,7239.1955080713815,43615.42962064822,165.97785625489368
2023-12-19 18:00:00,6429.632215528587,42752.413447031984,150.3922631992359
2023-12-19 19:00:00,5467.680289201463,40383.05095189591,135.39542358289216
2023-12-19 20:00:00,4147.50424646771,37713.07868849593,109.97522320374424
2023-12-19 21:00:00,2505.1110209998023,34935.460698385104,71.70682655733809
2023-12-19 22:00:00,1803.888095397551,32353.27452421321,55.7559666502233
2023-12-19 23:00:00,1776.5478627727314,32116.840989825734,55.31514956080277
2023-12-20 00:00:00,1972.0127568465493,32518.89184319921,60.642065121876634
2023-12-20 01:00:00,1910.995042679419,32347.563973582342,59.076938351218445
2023-12-20 02:00:00,1728.8570945989127,32137.35278757513,53.795877526891985
2023-12-20 03:00:00,1526.3184048369271,32034.544846184945,47.646015018025125
2023-12-20 04:00:00,1579.4473524930474,31677.372840970984,49.86042751784696
2023-12-20 05:00:00,1510.1773182116067,31098.74979922535,48.560708323047265
2023-12-20 06:00:00,1679.4218630111163,31762.915483337263,52.87366847329038
2023-12-20 07:00:00,2572.3391889479203,35047.11688545753,73.39659913695463
2023-12-20 08:00:00,3009.0863833105755,37747.36862204037,79.71645423659002
2023-12-20 09:00:00,3099.5153358265034,39579.91712287794,78.31030383929038
2023-12-20 10:00:00,3050.894505462873,39536.264374142396,77.16698969309367
2023-12-20 11:00:00,3247.833364611475,40477.14709886274,80.23869263016137
2023-12-20 12:00:00,3053.1677357863114,40387.241067665644,75.59733359035269
2023-12-20 13:00:00,2641.2809226735358,39714.951088733935,66.50595934947019
2023-12-20 14:00:00,2881.129104495803,38752.15031689234,74.3475931254297
2023-12-20 15:00:00,3420.9306641654302,39540.91728224705,86.51621912932578
2023-12-20 16:00:00,4161.903005893657,41427.02068745512,100.46348824582404
2023-12-20 17:00:00,4706.07731560355,42515.12691377996,110.69183270103849
2023-12-20 18:00:00,4013.519281721,41066.77429938099,97.73154454406459
2023-12-20 19:00:00,3201.5854668537154,39397.12367474985,81.26444695011212
2023-12-20 20:00:00,2691.3915237988344,37097.809544918775,72.54852932866679
2023-12-20 21:00:00,2159.112553319673,34282.87906695255,62.97932414319833
2023-12-20 22:00:00,1690.3536706337684,32439.553774920987,52.10779662267058
2023-12-20 23:00:00,1322.6878943510496,31101.706690420957,42.527823553760975
2023-12-21 00:00:00,1294.6121071449465,31021.845795591475,41.732272014869096
2023-12-21 01:00:00,1122.1891692837135,30661.851355472318,36.59887187742931
2023-12-21 02:00:00,950.2828628551856,30218.31697302325,31.44724650626738
2023-12-21 03:00:00,1007.3486844375341,30472.22894115603,33.0579258374172
2023-12-21 04:00:00,1379.111086719873,31556.748991670127,43.70257174095816
2023-12-21 05:00:00,1483.0247686916105,31849.699209392817,46.563226828033926
2023-12-21 06:00:00,1575.26707350267,32195.001938695405,48.928932400819185
2023-12-21 07:00:00,1820.1535534423308,35309.90412045527,51.54796079969822
2023-12-21 08:00:00,2000.7591523379817,37721.27919295599,53.040596584847535
2023-12-21 09:00:00,2501.77301673046,38830.32626609235,64.42832850763536
2023-12-21 10:00:00,2829.0069458692046,38724.70231259863,73.05432390499799
2023-12-21 11:00:00,2858.852100865409,39174.87167023508,72.97668068782862
2023-12-21 12:00:00,3047.7708324496502,40722.985675641416,74.84153683438501
2023-12-21 13:00:00,2280.0684470298925,38782.36791164243,58.79136756746145
2023-12-21 14:00:00,2016.6372604815585,39142.90543059147,51.51986645593993
2023-12-21 15:00:00,2583.7333838629997,40231.64755474065,64.22141624569258
2023-12-21 16:00:00,3232.375071117462,40985.758933541656,78.86580986236594
2023-12-21 17:00:00,3241.957074997825,41536.48608424444,78.05082664967078
2023-12-21 18:00:00,3373.263652732405,40818.351521910605,82.6408594899207
2023-12-21 19:00:00,2904.643365375396,39336.271526367156,73.84134928569449
2023-12-21 20:00:00,2216.6993120461775,37100.663123259954,59.74823966573353
2023-12-21 21:00:00,1751.8456036051043,34870.22441163741,50.23901145357849
2023-12-21 22:00:00,1141.4117152001775,31753.37290122984,35.94615660990047
2023-12-21 23:00:00,1003.226996774222,31176.887162123512,32.178549178348774
2023-12-22 00:00:00,1085.4230105367183,31026.929469937437,34.983255806489154
2023-12-22 01:00:00,1365.217684300887,32451.341663120806,42.06968385077228
2023-12-22 02:00:00,1311.4912143207073,31457.190618331228,41.69130136994671
2023-12-22 03:00:00,1123.2988900550383,31175.444034164542,36.03152817403459
2023-12-22 04:00:00,1059.7123092449183,30087.94069175872,35.22049980426811
2023-12-22 05:00:00,936.9630094684746,29633.596754217866,31.618268185252035
2023-12-22 06:00:00,900.9041873232428,29720.56297230079,30.312487289116117
2023-12-22 07:00:00,1240.6903919787578,33287.543704335134,37.27191176972241
2023-12-22 08:00:00,1304.2260584458888,35231.95293837494,37.018273177395024
2023-12-22 09:00:00,1308.4160172658383,36709.92381316331,35.64202486295194
2023-12-22 10:00:00,1315.9219951150367,37374.90239627561,35.20870720042783
2023-12-22 11:00:00,1818.639972752808,37515.8265268465,48.47660683822016
2023-12-22 12:00:00,1800.7516840493386,36920.59979085906,48.773630283633025
2023-12-22 13:00:00,1523.6763073875,35984.42236635725,42.34266405265473
2023-12-22 14:00:00,1653.0382733662334,35689.3543408811,46.317404836677774
2023-12-22 15:00:00,1918.8994240540312,36707.024382411924,52.27608220331439
2023-12-22 16:00:00,2299.1959735310543,37751.12834189378,60.904033190964356
2023-12-22 17:00:00,2486.9095436091575,38520.737788371385,64.56027808376776
2023-12-22 18:00:00,2491.426057167839,37593.85379162222,66.27216435371285
2023-12-22 19:00:00,1998.2617539352182,36018.92212242386,55.478110842500335
2023-12-22 20:00:00,1902.1873756330415,33616.56914753121,56.58481587710557
2023-12-22 21:00:00,1562.5227313568082,31432.3115679442,49.71071656563512
2023-12-22 22:00:00,1499.3649214863883,30887.299994358473,48.54308799280758
2023-12-22 23:00:00,1072.8461645967388,30251.42644748793,35.464316582196325
2023-12-23 00:00:00,1177.3745376579402,30234.309579186756,38.941671036815826
2023-12-23 01:00:00,961.2121905091072,29696.605178921054,32.367746572978156
2023-12-23 02:00:00,922.0130987061318,29986.95917590363,30.747135556413006
2023-12-23 03:00:00,793.4036948653948,29037.451322935663,27.323461898968834
2023-12-23 04:00:00,782.7151732264507,29068.91161085716,26.92619468195392
2023-12-23 05:00:00,773.2858877858731,28838.52905890714,26.81433183385732
2023-12-23 06:00:00,810.9380513674387,29011.928431518485,27.95188376676256
2023-12-23 07:00:00,816.9885514003397,29770.40038710508,27.44298164542707
2023-12-23 08:00:00,997.9192792300715,31355.052318289916,31.826426857784856
2023-12-23 09:00:00,1130.7676009662064,32707.09493587346,34.572547735689284
2023-12-23 10:00:00,1167.1828612727131,34250.887460826416,34.07744872618699
2023-12-23 11:00:00,1166.4973974414077,34761.21556979083,33.557439759245646
2023-12-23 12:00:00,1140.174109753013,35361.2480516336,32.243604866212856
2023-12-23 13:00:00,1113.4419214352467,35371.748264988826,31.478283546910188
2023-12-23 14:00:00,1234.9178605534416,34939.24378029318,35.344722064361726
2023-12-23 15:00:00,1090.7230346509325,34667.40086424118,31.462498123878518
2023-12-23 16:00:00,1122.8444214880112,36147.77390383216,31.062616040346935
2023-12-23 17:00:00,1419.1889063563833,37239.07111751548,38.11021230572168
2023-12-23 18:00:00,1138.363717745091,36177.60671031859,31.46597636654628
2023-12-23 19:00:00,1136.9018748100875,35257.51935236887,32.24565697455121
2023-12-23 20:00:00,1058.6058954260347,33717.641861908625,31.396202016783363
2023-12-23 21:00:00,887.994348414009,31817.518800657977,27.90897536597497
2023-12-23 22:00:00,875.1024926623198,31939.77160626385,27.398520673538552
2023-12-23 23:00:00,777.4647423483715,29953.513227899206,25.955711319506513
2023-12-24 00:00:00,756.8482242092675,29847.790663925553,25.356926170217506
2023-12-24 01:00:00,896.7155398140779,30093.34232854738,29.797804777684288
2023-12-24 02:00:00,767.1725219120822,29190.863531640993,26.28125478646828
2023-12-24 03:00:00,716.7814784692642,29012.901245650348,24.705611906934852
2023-12-24 04:00:00,746.2156273237163,29117.747365355437,25.627519119544615
2023-12-24 05:00:00,727.649398039959,29088.212592174226,25.015266776334094
2023-12-24 06:00:00,717.6123425510956,28970.525170529196,24.770429197503816
2023-12-24 07:00:00,824.368701243862,29672.70116058497,27.78205788487139
2023-12-24 08:00:00,884.1450505153897,30443.310673650707,29.042342338957074
2023-12-24 09:00:00,1090.7961129567675,33159.5091253494,32.89542401949757
2023-12-24 10:00:00,1030.8488085162726,35129.05797434267,29.34461861371794
2023-12-24 11:00:00,1133.3085784916868,35888.696172593336,31.57842717499295
2023-12-24 12:00:00,1176.902018915688,36221.36505954595,32.49192892042929
2023-12-24 13:00:00,1138.60830727012,36016.87564048175,31.613189290365952
2023-12-24 14:00:00,1169.1718068139824,35534.46220949158,32.902476472591324
2023-12-24 15:00:00,1146.9840643552732,35388.84613735086,32.4108918359081
2023-12-24 16:00:00,1304.388993431568,36979.070144741236,35.27370992093656
2023-12-24 17:00:00,1301.2764067043188,37291.133610553916,34.89506165980536
2023-12-24 18:00:00,1448.4525558140174,36976.1413006599,39.17262604651955
2023-12-24 19:00:00,1309.123370433701,35608.866801042874,36.76397167447521
2023-12-24 20:00:00,1194.2794781363802,33810.93941207071,35.322280270923656
2023-12-24 21:00:00,928.1273958403839,31350.47569541326,29.604890364587796
2023-12-24 22:00:00,483.3363096593033,29281.17705707522,16.506724054063074
2023-12-24 23:00:00,252.22305112801544,28075.3614449702,8.98378642862324
2023-12-25 00:00:00,386.243180736011,27932.021235973625,13.827971039867633
2023-12-25 01:00:00,462.269104179491,27617.52959320751,16.73824961857506
2023-12-25 02:00:00,506.31321587097125,26982.571728357525,18.764453624665354
2023-12-25 03:00:00,251.96932849940936,25648.53679000746,9.823926041565667
2023-12-25 04:00:00,144.6368921945167,24686.479132475775,5.858951834254999
2023-12-25 05:00:00,408.0449713860116,24715.14702565893,16.509914788788624
2023-12-25 06:00:00,767.6886602083953,25896.992444645082,29.643931118616674
2023-12-25 07:00:00,917.8198081717181,26355.57312979975,34.824505756391865
2023-12-25 08:00:00,1386.2825924062913,28415.940774649593,48.78538435169532
2023-12-25 09:00:00,1558.0796634572466,29134.537296465747,53.47878525073587
2023-12-25 10:00:00,1744.9393146536677,30872.00004713861,56.52174501131482
2023-12-25 11:00:00,1727.715261995178,32645.07752847688,52.92421990690821
2023-12-25 12:00:00,1576.4873247402286,34357.38611954869,45.88496107517439
2023-12-25 13:00:00,1574.8725888374008,34559.226400783526,45.570250056340825
2023-12-25 14:00:00,1582.1920958446171,33180.83334556625,47.68391677709432
2023-12-25 15:00:00,1539.7162104130125,31785.336815655817,48.44108525081376
2023-12-25 16:00:00,1242.3819779079172,31300.09096203,39.6925995970761
2023-12-25 17:00:00,1252.8151944438057,30944.18279118405,40.48629116813293
2023-12-25 18:00:00,882.4736207779674,30387.421398184142,29.040753712346955
2023-12-25 19:00:00,599.0926313997725,30212.15945823949,19.829520370030597
2023-12-25 20:00:00,609.9215378301343,29798.991187845186,20.467858592438432
2023-12-25 21:00:00,583.8969327466407,28786.111527760226,20.283980772587253
2023-12-25 22:00:00,553.3058095497147,28284.96153591276,19.5618370860146
2023-12-25 23:00:00,578.9829916305923,28610.45344962389,20.236763903446754
2023-12-26 00:00:00,590.6481671740943,28235.282292576692,20.91879801497083
2023-12-26 01:00:00,584.7881339964158,27790.039247828186,21.043084134619114
2023-12-26 02:00:00,551.640716624124,27735.889370393288,19.889058153403713
2023-12-26 03:00:00,551.5649713281717,27732.21682083434,19.888960730820422
2023-12-26 04:00:00,551.5936684215839,27284.745852849843,20.21619227814691
2023-12-26 05:00:00,556.1823192299994,26778.917202378918,20.769410317329434
2023-12-26 06:00:00,766.1075888988042,26963.041545462667,28.413248097662212
2023-12-26 07:00:00,691.0220959329964,26112.433383709216,26.463335905113496
2023-12-26 08:00:00,773.6937582615393,26596.501903544413,29.090057070942557
2023-12-26 09:00:00,1798.1920245506064,29474.34819983161,61.00871213026112
2023-12-26 10:00:00,1843.6608172720644,31147.093174999805,59.19206671754132
2023-12-26 11:00:00,2283.102925197936,31609.020769076342,72.22947341132237
2023-12-26 12:00:00,2352.3129905872865,31332.663258043096,75.07542436512949
2023-12-26 13:00:00,2598.9809052147452,30928.279318391586,84.03250883954783
2023-12-26 14:00:00,4504.756088905491,29628.521919546314,152.04120209363688
2023-12-26 15:00:00,5783.42965984134,30055.0105075597,192.42813634640527
2023-12-26 16:00:00,7453.857521436408,31449.5056979303,237.0103235653382
2023-12-26 17:00:00,7914.891732177352,32261.50300811535,245.33549258961585
2023-12-26 18:00:00,7934.027349652293,31715.50089717781,250.16244817871691
2023-12-26 19:00:00,7581.122588658693,30796.500001388093,246.16831744896297
2023-12-26 20:00:00,7029.085058929022,30083.999996515624,233.6486191910365
2023-12-26 21:00:00,5755.131170682031,28285.999989510212,203.4621782088774
2023-12-26 22:00:00,3902.563958519176,26359.499976500432,148.05151698622214
2023-12-26 23:00:00,1966.6446656924716,24345.040274507977,80.78214878747899
2023-12-27 00:00:00,1561.9839765873269,24940.684523173328,62.627951335338395
2023-12-27 01:00:00,1737.0673718024977,25320.499974071925,68.60320189495653
2023-12-27 02:00:00,1492.7093597840865,24854.752217763027,60.05730198820035
2023-12-27 03:00:00,1432.3841997253637,26831.898302169484,53.3836325553436
2023-12-27 04:00:00,1378.4245296904285,29009.338684033908,47.51657887496355
2023-12-27 05:00:00,1406.793503379084,30960.460727663118,45.43839046045321
2023-12-27 06:00:00,1610.5593854015153,32317.916551761442,49.83487666421782
2023-12-27 07:00:00,1534.532560899197,32498.794213321933,47.218138335426616
2023-12-27 08:00:00,1404.5138099396413,32128.04265139594,43.71613375826418
2023-12-27 09:00:00,1429.7969886690073,33954.04132108396,42.10977347727873
2023-12-27 10:00:00,1580.6733831489892,35462.63895227062,44.57292039874491
2023-12-27 11:00:00,1678.8165910734076,35996.02667614617,46.638941741476295
2023-12-27 12:00:00,1802.723444833936,36687.7511737978,49.13692955161099
2023-12-27 13:00:00,1810.5306805544294,36808.019720646,49.18848376781553
2023-12-27 14:00:00,1791.6653622265244,36526.15762979214,49.051569573394524
2023-12-27 15:00:00,1701.50424542227,36467.001310634,46.6587376057735
2023-12-27 16:00:00,1828.0375152779254,37292.78744461361,49.01852718820991
2023-12-27 17:00:00,2322.838191703454,38636.8452242794,60.11976853233819
2023-12-27 18:00:00,1876.7318984519725,37191.090043867174,50.46186858837299
2023-12-27 19:00:00,1840.2801973288156,35830.912719323875,51.360126149852135
2023-12-27 20:00:00,1214.9649599742916,33396.19915670208,36.380336405152484
2023-12-27 21:00:00,1123.0598102853749,32199.259445242784,34.87843601481646
2023-12-27 22:00:00,861.9991785746666,31063.8887606058,27.749235944593824
2023-12-27 23:00:00,842.9700726368919,31003.41208557687,27.189590304128203
2023-12-28 00:00:00,1093.0331165678895,31731.190405330148,34.4466470562757
2023-12-28 01:00:00,1113.9459032542322,31372.653534690966,35.50690737786854
2023-12-28 02:00:00,836.4256096612909,30411.008944985006,27.50404010516144
2023-12-28 03:00:00,830.7830909330263,30251.453013798673,27.46258470804953
2023-12-28 04:00:00,847.9747538154246,30212.63576616468,28.06689096504042
2023-12-28 05:00:00,1141.1654381624048,31264.936666485006,36.499848067362215
2023-12-28 06:00:00,983.6312869558803,30842.707147153404,31.89185963031341
2023-12-28 07:00:00,1035.5195887758068,31070.60305460755,33.32795269392902
2023-12-28 08:00:00,1353.8470558495337,32673.175744745153,41.43604118639351
2023-12-28 09:00:00,1441.4251586470937,34466.99667605297,41.82044557565322
2023-12-28 10:00:00,1621.6425805380936,36051.94865365384,44.980719242585
2023-12-28 11:00:00,1706.711154703588,36986.77293942089,46.14382437470119
2023-12-28 12:00:00,1632.4836378509524,36709.011668657164,44.47092317783094
2023-12-28 13:00:00,1482.3502861439285,36213.61032160585,40.93351292454609
2023-12-28 14:00:00,1476.0286290286651,35969.095914833,41.03602249340879
2023-12-28 15:00:00,1527.6855389984241,36506.41000318228,41.84704929532252
2023-12-28 16:00:00,1866.047061885894,37295.544488019616,50.03404796745416
2023-12-28 17:00:00,2381.23338444959,38054.23913223364,62.5747206815805
2023-12-28 18:00:00,2418.163353037016,37194.894771017025,65.01331346476331
2023-12-28 19:00:00,2111.867223910449,35833.59689504766,58.9353960222262
2023-12-28 20:00:00,1658.7292042867323,34893.938928391304,47.536313045390074
2023-12-28 21:00:00,1168.6361687907292,32577.64605892853,35.872333030963176
2023-12-28 22:00:00,947.6453575010407,31202.57234956847,30.370744657984797
2023-12-28 23:00:00,949.139941105751,30874.27824862709,30.74209325518264
2023-12-29 00:00:00,1091.678836227915,31195.530726056717,34.99471914148483
2023-12-29 01:00:00,1310.5629202133389,31631.18019900909,41.432627931296565
2023-12-29 02:00:00,1159.5909843656666,30672.093088599388,37.806059763057995
2023-12-29 03:00:00,898.2428589329645,29465.02245579637,30.48505597715103
2023-12-29 04:00:00,780.4965660632961,29058.10347367017,26.8598591360414
2023-12-29 05:00:00,859.5464030224296,29370.823627932554,29.265314923105343
2023-12-29 06:00:00,908.5050963296484,29901.39722716097,30.383366015565542
2023-12-29 07:00:00,1098.6633104338443,31613.126128783933,34.75339028345903
2023-12-29 08:00:00,1259.2926033571775,31881.215525438776,39.49951664648289
2023-12-29 09:00:00,1943.689153846877,33633.68661421259,57.78995255981044
2023-12-29 10:00:00,1955.1764798513143,34859.9474090216,56.086615877834724
2023-12-29 11:00:00,2020.8609692226644,35639.330551775885,56.703112486549394
2023-12-29 12:00:00,2262.5791567204915,36202.45893059167,62.49794139835555
2023-12-29 13:00:00,2145.1004064115186,35878.719336706694,59.78754108474869
2023-12-29 14:00:00,1925.4004141359637,35749.52999337667,53.85806231557962
2023-12-29 15:00:00,1659.0218773061888,34922.27164064162,47.5061271608535
2023-12-29 16:00:00,2741.0011236512087,37277.04086416491,73.53054481012151
2023-12-29 17:00:00,2580.456018862876,38495.26686948469,67.03307260115169
2023-12-29 18:00:00,2579.5159751964566,37862.529002256066,68.12846482184943
2023-12-29 19:00:00,2831.656100725286,36556.5154976406,77.45968296425966
2023-12-29 20:00:00,2463.051289350985,34719.37978631249,70.94168457243005
2023-12-29 21:00:00,1967.8537893367907,32478.476762911,60.58947295163773
2023-12-29 22:00:00,1737.119150646773,30195.10523886927,57.52982600672081
2023-12-29 23:00:00,1696.057276229967,30668.289052750926,55.303289769855354
2023-12-30 00:00:00,1552.2954758366348,30431.092970776645,51.01017821894611
2023-12-30 01:00:00,1678.6339836584825,29752.24026157882,56.42042309755819
2023-12-30 02:00:00,1556.6372025725948,28033.450706989817,55.527848456574965
2023-12-30 03:00:00,1102.4866366263468,25438.447104297262,43.339384362031524
2023-12-30 04:00:00,1132.814424231842,24398.869036322263,46.42897269317838
2023-12-30 05:00:00,1219.7697704032619,24693.91999134725,49.39555043632883
2023-12-30 06:00:00,1388.3458035031476,25024.277478184857,55.47995560365133
2023-12-30 07:00:00,1612.5654025103172,26344.250073896117,61.21128511865173
2023-12-30 08:00:00,1802.1354091345836,28211.84873771159,63.8786711884506
2023-12-30 09:00:00,1847.020012668127,30563.74166258144,60.431737483548865
2023-12-30 10:00:00,1923.840309054372,32352.60858918502,59.46476630318714
2023-12-30 11:00:00,1845.201612902733,33663.03643165769,54.813879212852356
2023-12-30 12:00:00,1879.2007227564711,35595.089306925154,52.79381957867053
2023-12-30 13:00:00,1985.9410480885394,36903.723425756885,53.81411044020711
2023-12-30 14:00:00,1456.6603799786005,35630.832157233905,40.88201963823244
2023-12-30 15:00:00,1502.3160700450487,35656.8494906768,42.13260822266026
2023-12-30 16:00:00,1957.8465749120126,36518.24234868863,53.61283700945477
2023-12-30 17:00:00,2584.8680108291564,37861.02593369422,68.27252952299865
2023-12-30 18:00:00,2484.2162225635134,37137.086537155184,66.89313713605634
2023-12-30 19:00:00,2598.7444043354717,35730.99591146829,72.73081362675853
2023-12-30 20:00:00,2183.752962994183,33858.25024709953,64.49692311495791
2023-12-30 21:00:00,1519.1922750009194,31819.85865371645,47.743526818698896
2023-12-30 22:00:00,1160.4669945374021,29366.799152372827,39.51629145948774
2023-12-30 23:00:00,1201.8812040490793,28369.514859190487,42.365236417136764
2023-12-31 00:00:00,1122.0845595645972,27852.51793705365,40.28664704930788
2023-12-31 01:00:00,1113.1399403439884,27592.56180040857,40.342029435175746
2023-12-31 02:00:00,1128.19931201844,27780.022334326863,40.61189362775857
2023-12-31 03:00:00,884.2563914004568,27410.508183603735,32.2597591214816
2023-12-31 04:00:00,1002.2518922157419,27041.008861027232,37.064145696880196
2023-12-31 05:00:00,819.2949102122501,25914.418523302604,31.61540782694116
2023-12-31 06:00:00,869.3953651921561,26519.377337933383,32.78340038355919
2023-12-31 07:00:00,1276.9499000068024,28485.988335408718,44.8272984237491
2023-12-31 08:00:00,1325.1674604238663,28734.62598195976,46.11744246317443
2023-12-31 09:00:00,1741.9280719566223,30253.302256882776,57.578113528427295
2023-12-31 10:00:00,1904.7859443080695,32025.406333360523,59.47733885030756
2023-12-31 11:00:00,2417.956745317538,33359.38543746903,72.48205305969773
2023-12-31 12:00:00,2966.6253253657305,34497.70345496533,85.99486424475997
2023-12-31 13:00:00,2982.998251544016,34475.56915833867,86.52498927120722
2023-12-31 14:00:00,2959.478519374918,34167.83364144389,86.61592509585441
2023-12-31 15:00:00,2983.4802126915674,34717.000833187245,85.93715301119992
2023-12-31 16:00:00,2990.3569042486597,35675.50004395612,83.82102284660938
2023-12-31 17:00:00,3394.1862554064105,36546.00005103735,92.8743569930047
2023-12-31 18:00:00,3664.937516323502,35541.500014596015,103.11713109515364
2023-12-31 19:00:00,2989.194030497469,33509.40118527189,89.20463884061542
2023-12-31 20:00:00,2427.2194446388153,31182.772894784335,77.83847359657982
2023-12-31 21:00:00,1749.2718894540071,29003.664982625076,60.31209816076435
2023-12-31 22:00:00,1677.4337628187895,27455.88845856675,61.09559212954185
2023-12-31 23:00:00,1481.9267505064724,26299.38546294484,56.34834139354584
