{
"type": "FeatureCollection",
"name": "bus_catchments",
"crs": { "type": "name", "properties": { "name": "urn:ogc:def:crs:OGC:1.3:CRS84" } },
"features": [
{ "type": "Feature", "properties": { "bus": "CHIC41", "gen_view_gCO2_per_kWh": 440.796, "dominant_carrier": "OCGT" }, "geometry": { "type": "Polygon", "coordinates": [ [ [ -2.597097656418732, 50.999218460192047 ], [ -2.504263250918236, 51.089534971354269 ], [ -2.289023649271151, 50.994491194335545 ], [ -2.141308680074401, 50.600394551023172 ], [ -2.196299298024719, 50.617325959379627 ], [ -2.384426538218093, 50.631382509391052 ], [ -2.439105718294416, 50.617062089366868 ], [ -2.404944918288725, 50.585813989321785 ], [ -2.405829188327697, 50.549554279267667 ], [ -2.456912518427355, 50.508907519204442 ], [ -2.455545628376155, 50.556418909275258 ], [ -2.478124518381212, 50.575929079303293 ], [ -2.698939058523743, 50.683173899455007 ], [ -2.691962410921366, 50.690073642135339 ], [ -2.711387709849651, 50.693543495885038 ], [ -2.597097656418732, 50.999218460192047 ] ], [ [ -2.678156038430522, 50.751021079559607 ], [ -2.642046618393581, 50.746012589553366 ], [ -2.660039348406376, 50.754000119564843 ], [ -2.678156038430522, 50.751021079559607 ] ], [ [ -2.690883715685384, 50.691140446707251 ], [ -2.674324588470319, 50.707517039493169 ], [ -2.678156038430522, 50.751021079559607 ], [ -2.690883715685384, 50.691140446707251 ] ] ] } },
{ "type": "Feature", "properties": { "bus": "FAWL41", "gen_view_gCO2_per_kWh": 157.493, "dominant_carrier": "waste_to_energy" }, "geometry": { "type": "Polygon", "coordinates": [ [ [ -1.332562795744383, 50.930436181893512 ], [ -1.301868600747692, 50.820979797336953 ], [ -1.328226736930101, 50.791181089682546 ], [ -1.310474106931136, 50.774615459659323 ], [ -1.286716615675527, 50.766943297967288 ], [ -1.235291550997886, 50.58354617463057 ], [ -1.295617697147079, 50.570514639365548 ], [ -1.486914427232183, 50.662321559485555 ], [ -1.525795550072949, 50.66119386476803 ], [ -1.332562795744383, 50.930436181893512 ] ] ] } },
{ "type": "Feature", "properties": { "bus": "CHIL41", "gen_view_gCO2_per_kWh": 0.0, "dominant_carrier": "solar_pv" }, "geometry": { "type": "MultiPolygon", "coordinates": [ [ [ [ -1.286716615675527, 50.766943297967288 ], [ -1.198382326862451, 50.738416929613173 ], [ -1.154085146813137, 50.744206779624193 ], [ -1.11003838885457, 50.727611332515757 ], [ -1.090542357237783, 50.673662401203302 ], [ -1.152980296922708, 50.647128299484606 ], [ -1.175738537002392, 50.596410699410676 ], [ -1.235291550997886, 50.58354617463057 ], [ -1.286716615675527, 50.766943297967288 ] ] ], [ [ [ -1.332558767703666, 50.930430089127618 ], [ -1.1665294219014, 50.779100733808193 ], [ -1.294071806853054, 50.829794319740962 ], [ -1.301868600747692, 50.820979797336953 ], [ -1.332558767703666, 50.930430089127618 ] ] ] ] } },
{ "type": "Feature", "properties": { "bus": "MAWO41", "gen_view_gCO2_per_kWh": 387.831, "dominant_carrier": "CCGT" }, "geometry": { "type": "Polygon", "coordinates": [ [ [ -1.322576920430434, 51.085684979364231 ], [ -1.332562795744383, 50.930436181893512 ], [ -1.525795550072949, 50.66119386476803 ], [ -1.587380037336756, 50.659407689475387 ], [ -1.553472367276227, 50.683002579511793 ], [ -1.564042317266463, 50.701491059538206 ], [ -1.631708121006597, 50.718614255013122 ], [ -1.322576920430434, 51.085684979364231 ] ] ] } },
{ "type": "Feature", "properties": { "bus": "BOTW41", "gen_view_gCO2_per_kWh": 28.001, "dominant_carrier": "solar_pv" }, "geometry": { "type": "MultiPolygon", "coordinates": [ [ [ [ -1.322576920430434, 51.085684979364231 ], [ -1.305741727345026, 51.162436841229386 ], [ -1.171525131546497, 51.115943101701383 ], [ -1.115818278597435, 50.772307579048487 ], [ -1.142948746773421, 50.769728249661803 ], [ -1.1665294219014, 50.779100733808193 ], [ -1.332558767703666, 50.930430089127618 ], [ -1.322576920430434, 51.085684979364231 ] ] ], [ [ [ -1.108318419239179, 50.726043646443095 ], [ -1.11003838885457, 50.727611332515757 ], [ -1.108477202997308, 50.727023126288522 ], [ -1.108318419239179, 50.726043646443095 ] ] ] ] } },
{ "type": "Feature", "properties": { "bus": "NURS41", "gen_view_gCO2_per_kWh": 8.89, "dominant_carrier": "solar_pv" }, "geometry": { "type": "Polygon", "coordinates": [ [ [ -1.599615680300171, 51.342560880164712 ], [ -1.432489406071151, 51.294462460961526 ], [ -1.305741727345026, 51.162436841229386 ], [ -1.322576920430434, 51.085684979364231 ], [ -1.631708121006597, 50.718614255013122 ], [ -1.652180259674238, 50.723794839781512 ], [ -1.756904880713608, 51.178473119875655 ], [ -1.599615680300171, 51.342560880164712 ] ] ] } },
{ "type": "Feature", "properties": { "bus": "BRLE12", "gen_view_gCO2_per_kWh": 152.981, "dominant_carrier": "waste_to_energy" }, "geometry": { "type": "Polygon", "coordinates": [ [ [ -1.432489406071151, 51.294462460961526 ], [ -1.274568414017385, 51.412125856629274 ], [ -1.075175857025638, 51.54075974669712 ], [ -0.931875561882973, 51.58431936696001 ], [ -0.880748852850023, 51.518726971301462 ], [ -1.051350600301191, 51.126469086934272 ], [ -1.171525131546497, 51.115943101701383 ], [ -1.305741727345026, 51.162436841229386 ], [ -1.432489406071151, 51.294462460961526 ] ] ] } },
{ "type": "Feature", "properties": { "bus": "DIDC41", "gen_view_gCO2_per_kWh": 386.447, "dominant_carrier": "CCGT" }, "geometry": { "type": "Polygon", "coordinates": [ [ [ -1.277498789388817, 51.644520913460781 ], [ -1.167883380032692, 51.617917850398619 ], [ -1.075175857025638, 51.54075974669712 ], [ -1.274568414017385, 51.412125856629274 ], [ -1.277498789388817, 51.644520913460781 ] ] ] } },
{ "type": "Feature", "properties": { "bus": "MILP31", "gen_view_gCO2_per_kWh": 0.0, "dominant_carrier": "solar_pv" }, "geometry": { "type": "Polygon", "coordinates": [ [ [ -1.644068769230266, 51.512989446228659 ], [ -1.653095574992106, 51.914903168640869 ], [ -1.561307048774358, 51.959153495778452 ], [ -1.277498789388817, 51.644520913460781 ], [ -1.274568414017385, 51.412125856629274 ], [ -1.432489406071151, 51.294462460961526 ], [ -1.599615680300171, 51.342560880164712 ], [ -1.644068769230266, 51.512989446228659 ] ] ] } },
{ "type": "Feature", "properties": { "bus": "CULJ4A", "gen_view_gCO2_per_kWh": 0.0, "dominant_carrier": "solar_pv" }, "geometry": { "type": "Polygon", "coordinates": [ [ [ -1.486411401049237, 51.995956286335449 ], [ -1.167883380032692, 51.617917850398619 ], [ -1.277498789388817, 51.644520913460781 ], [ -1.561307048774358, 51.959153495778452 ], [ -1.486411401049237, 51.995956286335449 ] ] ] } },
{ "type": "Feature", "properties": { "bus": "RAMW31", "gen_view_gCO2_per_kWh": 216.244, "dominant_carrier": "waste_to_energy" }, "geometry": { "type": "Polygon", "coordinates": [ [ [ -0.252358790721097, 50.885236592716794 ], [ 0.12342875139301, 50.956508486840882 ], [ 0.141349884901862, 50.751516324234323 ], [ -0.231556455890001, 50.82429366979796 ], [ -0.493268356797117, 50.801303577092689 ], [ -0.252358790721097, 50.885236592716794 ] ] ] } },
{ "type": "Feature", "properties": { "bus": "DUNG41", "gen_view_gCO2_per_kWh": 0.0, "dominant_carrier": "wind_onshore" }, "geometry": { "type": "Polygon", "coordinates": [ [ [ 0.696959770476302, 51.032224017041564 ], [ 0.995988906547062, 51.00778525614362 ], [ 0.970869985194873, 50.971977000091606 ], [ 0.979647155119593, 50.909138640008273 ], [ 0.781607265012881, 50.929635190019191 ], [ 0.706158630831645, 50.889456365265133 ], [ 0.696959770476302, 51.032224017041564 ] ] ] } },
{ "type": "Feature", "properties": { "bus": "NINF41", "gen_view_gCO2_per_kWh": 31.826, "dominant_carrier": "solar_pv" }, "geometry": { "type": "Polygon", "coordinates": [ [ [ 0.12342875139301, 50.956508486840882 ], [ 0.132870412151245, 51.029735387321693 ], [ 0.190298372554435, 51.084980595284904 ], [ 0.392929978135804, 51.143704140212684 ], [ 0.497496882806628, 51.157254812328461 ], [ 0.574471035825423, 51.136314668566342 ], [ 0.679292752544782, 51.073598280104591 ], [ 0.696959770476302, 51.032224017041564 ], [ 0.706158630831645, 50.889456365265133 ], [ 0.66313314485021, 50.866543909924346 ], [ 0.367763554569197, 50.812978449827533 ], [ 0.244330894374766, 50.731418289706603 ], [ 0.141349884901862, 50.751516324234323 ], [ 0.12342875139301, 50.956508486840882 ] ] ] } },
{ "type": "Feature", "properties": { "bus": "THAW12", "gen_view_gCO2_per_kWh": 0.0, "dominant_carrier": "solar_pv" }, "geometry": { "type": "Polygon", "coordinates": [ [ [ 1.232021256912013, 51.116525307898293 ], [ 1.398148746919554, 51.395190774814147 ], [ 1.422222206033602, 51.397696450702433 ], [ 1.447479396037316, 51.388479160691354 ], [ 1.42919805593869, 51.32106737059803 ], [ 1.370132965898896, 51.31857954059074 ], [ 1.414799455803859, 51.224187450465621 ], [ 1.397988805701836, 51.153875950369788 ], [ 1.333395475601967, 51.107617850302738 ], [ 1.233351942843697, 51.095197205189912 ], [ 1.232021256912013, 51.116525307898293 ] ] ] } },
{ "type": "Feature", "properties": { "bus": "GANW14", "gen_view_gCO2_per_kWh": 0.0, "dominant_carrier": "load_shedding" }, "geometry": { "type": "Polygon", "coordinates": [ [ [ 1.519459672687927, 52.116772692763767 ], [ 1.56432467780005, 52.147919494234252 ], [ 1.606494722450371, 52.149688004771583 ], [ 1.590071107018227, 52.087921291685781 ], [ 1.480093716896316, 52.047797181625462 ], [ 1.370844195648153, 51.964475885195554 ], [ 1.519459672687927, 52.116772692763767 ] ] ] } },
{ "type": "Feature", "properties": { "bus": "SELL4C", "gen_view_gCO2_per_kWh": 25.785, "dominant_carrier": "solar_pv" }, "geometry": { "type": "Polygon", "coordinates": [ [ [ 0.679292752544782, 51.073598280104591 ], [ 0.816893941950707, 51.198441638620615 ], [ 0.99381792534431, 51.225596252168032 ], [ 1.213889877836136, 51.087727681307783 ], [ 1.197113395470746, 51.0720870602443 ], [ 1.076048215375911, 51.058886240216999 ], [ 1.00956455529143, 51.027138010168969 ], [ 0.995988906547062, 51.00778525614362 ], [ 0.696959770476302, 51.032224017041564 ], [ 0.679292752544782, 51.073598280104591 ] ] ] } },
{ "type": "Feature", "properties": { "bus": "ROWD4B", "gen_view_gCO2_per_kWh": 0.0, "dominant_carrier": "load_shedding" }, "geometry": { "type": "Polygon", "coordinates": [ [ [ -0.058823056154995, 51.406402855926935 ], [ 0.007790480156143, 51.435450013905694 ], [ 0.054426927056558, 51.432268945928911 ], [ 0.171774378329568, 51.212027353807215 ], [ 0.190298372554435, 51.084980595284904 ], [ 0.132870412151245, 51.029735387321693 ], [ -0.100414117276427, 51.155080043754936 ], [ -0.058823056154995, 51.406402855926935 ] ] ] } },
{ "type": "Feature", "properties": { "bus": "KEMS41", "gen_view_gCO2_per_kWh": 255.557, "dominant_carrier": "waste_to_energy" }, "geometry": { "type": "Polygon", "coordinates": [ [ [ 0.655726216014603, 51.358861095780803 ], [ 0.730763558145913, 51.409626084950347 ], [ 0.845491373888225, 51.375775605728222 ], [ 0.816893941950707, 51.198441638620615 ], [ 0.679292752544782, 51.073598280104591 ], [ 0.574471035825423, 51.136314668566342 ], [ 0.655726216014603, 51.358861095780803 ] ] ] } },
{ "type": "Feature", "properties": { "bus": "LOFI4A", "gen_view_gCO2_per_kWh": 66.963, "dominant_carrier": "landfill_gas" }, "geometry": { "type": "Polygon", "coordinates": [ [ [ 0.171774378329568, 51.212027353807215 ], [ 0.22929766587707, 51.425035098417098 ], [ 0.291630220364332, 51.433816869797788 ], [ 0.344319766312752, 51.384629999986615 ], [ 0.392929978135804, 51.143704140212684 ], [ 0.190298372554435, 51.084980595284904 ], [ 0.171774378329568, 51.212027353807215 ] ] ] } },
{ "type": "Feature", "properties": { "bus": "SING41", "gen_view_gCO2_per_kWh": 296.685, "dominant_carrier": "waste_to_energy" }, "geometry": { "type": "Polygon", "coordinates": [ [ [ 0.344319766312752, 51.384629999986615 ], [ 0.361880925229471, 51.442253260698195 ], [ 0.481115281005932, 51.415233671943255 ], [ 0.488782704016717, 51.405476530425908 ], [ 0.497496882806628, 51.157254812328461 ], [ 0.392929978135804, 51.143704140212684 ], [ 0.344319766312752, 51.384629999986615 ] ] ] } },
{ "type": "Feature", "properties": { "bus": "LOVE41", "gen_view_gCO2_per_kWh": 124.258, "dominant_carrier": "solar_pv" }, "geometry": { "type": "MultiPolygon", "coordinates": [ [ [ [ -1.108318419239179, 50.726043646443095 ], [ -1.061676466791607, 50.685929469546139 ], [ -1.090542357237783, 50.673662401203302 ], [ -1.108318419239179, 50.726043646443095 ] ] ], [ [ [ -1.171525131546497, 51.115943101701383 ], [ -1.051350600301191, 51.126469086934272 ], [ -0.637186179436286, 50.929070799904167 ], [ -0.626625822544784, 50.783107234660804 ], [ -0.72203420638318, 50.76776629968505 ], [ -0.788562606501542, 50.717990079609905 ], [ -0.901377486546762, 50.768244559674287 ], [ -1.022117036645003, 50.781215879685575 ], [ -1.115818278597435, 50.772307579048487 ], [ -1.171525131546497, 51.115943101701383 ] ] ] ] } },
{ "type": "Feature", "properties": { "bus": "BOLN12", "gen_view_gCO2_per_kWh": 90.988, "dominant_carrier": "landfill_gas" }, "geometry": { "type": "Polygon", "coordinates": [ [ [ -0.493268356797117, 50.801303577092689 ], [ -0.626625822544784, 50.783107234660804 ], [ -0.637186179436286, 50.929070799904167 ], [ -0.609086977520342, 50.994721503436182 ], [ -0.412291943996096, 51.127745635083606 ], [ -0.200916826347612, 51.177493759300823 ], [ -0.157982553202365, 51.166253233582751 ], [ -0.252358790721097, 50.885236592716794 ], [ -0.493268356797117, 50.801303577092689 ] ], [ [ -0.574210475404403, 50.825931823093747 ], [ -0.574468716201552, 50.827777043242136 ], [ -0.576520186182726, 50.827740799779761 ], [ -0.574210475404403, 50.825931823093747 ] ], [ [ -0.501578726108708, 50.834537429794224 ], [ -0.475461032507537, 50.891517797134632 ], [ -0.50684942347884, 50.834136269624274 ], [ -0.501578726108708, 50.834537429794224 ] ], [ [ -0.477073183958333, 50.893528604915367 ], [ -0.481631106014837, 50.899213619887533 ], [ -0.486765165709797, 50.892159597099941 ], [ -0.477073183958333, 50.893528604915367 ] ], [ [ -0.499433026030188, 50.899464109886807 ], [ -0.555213226099451, 50.882491199859196 ], [ -0.494882624731146, 50.891012993120839 ], [ -0.499433026030188, 50.899464109886807 ] ], [ [ -0.534823896044725, 50.913679559905063 ], [ -0.559421059485973, 50.944347895280366 ], [ -0.56701020603914, 50.942869979945115 ], [ -0.534823896044725, 50.913679559905063 ] ] ] } },
{ "type": "Feature", "properties": { "bus": "TWNE41", "gen_view_gCO2_per_kWh": 0.0, "dominant_carrier": "solar_pv" }, "geometry": { "type": "Polygon", "coordinates": [ [ [ -0.100414117276427, 51.155080043754936 ], [ 0.132870412151245, 51.029735387321693 ], [ 0.12342875139301, 50.956508486840882 ], [ -0.252358790721097, 50.885236592716794 ], [ -0.157982553202365, 51.166253233582751 ], [ -0.100414117276427, 51.155080043754936 ] ] ] } },
{ "type": "Feature", "properties": { "bus": "WWEY4B", "gen_view_gCO2_per_kWh": 119.967, "dominant_carrier": "landfill_gas" }, "geometry": { "type": "Polygon", "coordinates": [ [ [ -0.717640838727083, 51.429724938762732 ], [ -0.675629385736563, 51.436893877906883 ], [ -0.4056150635305, 51.36726065170609 ], [ -0.412291943996096, 51.127745635083606 ], [ -0.609086977520342, 50.994721503436182 ], [ -0.717640838727083, 51.429724938762732 ] ] ] } },
{ "type": "Feature", "properties": { "bus": "FLEE41", "gen_view_gCO2_per_kWh": 393.999, "dominant_carrier": "CCGT" }, "geometry": { "type": "Polygon", "coordinates": [ [ [ -0.880748852850023, 51.518726971301462 ], [ -0.717640838727083, 51.429724938762732 ], [ -0.609086977520342, 50.994721503436182 ], [ -0.637186179436286, 50.929070799904167 ], [ -1.051350600301191, 51.126469086934272 ], [ -0.880748852850023, 51.518726971301462 ] ] ] } },
{ "type": "Feature", "properties": { "bus": "CHSI21", "gen_view_gCO2_per_kWh": 0.0, "dominant_carrier": "solar_pv" }, "geometry": { "type": "Polygon", "coordinates": [ [ [ -0.379382359391188, 51.414548169082181 ], [ -0.352627741807977, 51.429671912153701 ], [ -0.274685992031613, 51.416569104243329 ], [ -0.225247026141956, 51.340172154692624 ], [ -0.200916826347612, 51.177493759300823 ], [ -0.412291943996096, 51.127745635083606 ], [ -0.4056150635305, 51.36726065170609 ], [ -0.379382359391188, 51.414548169082181 ] ] ] } },
{ "type": "Feature", "properties": { "bus": "BEDT1A", "gen_view_gCO2_per_kWh": 272.665, "dominant_carrier": "waste_to_energy" }, "geometry": { "type": "Polygon", "coordinates": [ [ [ -0.200916826347612, 51.177493759300823 ], [ -0.225247026141956, 51.340172154692624 ], [ -0.153130048693155, 51.408170606214853 ], [ -0.079077816003215, 51.291647239928182 ], [ -0.100414117276427, 51.155080043754936 ], [ -0.200916826347612, 51.177493759300823 ] ] ] } },
{ "type": "Feature", "properties": { "bus": "BEDD4B", "gen_view_gCO2_per_kWh": 650.958, "dominant_carrier": "OCGT" }, "geometry": { "type": "Polygon", "coordinates": [ [ [ -0.118894609294696, 51.443535809094087 ], [ -0.058823056154995, 51.406402855926935 ], [ -0.079077816003215, 51.291647239928182 ], [ -0.153130048693155, 51.408170606214853 ], [ -0.118894609294696, 51.443535809094087 ] ], [ [ -0.119730525088046, 51.41877203065993 ], [ -0.095285068586317, 51.422705789225546 ], [ -0.095384515062362, 51.422765320666677 ], [ -0.119730525088046, 51.41877203065993 ] ] ] } },
{ "type": "Feature", "properties": { "bus": "WIMB13", "gen_view_gCO2_per_kWh": 0.0, "dominant_carrier": "load_shedding" }, "geometry": { "type": "Polygon", "coordinates": [ [ [ -0.238623089067198, 51.4721090396121 ], [ -0.218431501359628, 51.485579192514926 ], [ -0.131027651256735, 51.470772380026588 ], [ -0.118894609294696, 51.443535809094087 ], [ -0.225247026141956, 51.340172154692624 ], [ -0.274685992031613, 51.416569104243329 ], [ -0.238623089067198, 51.4721090396121 ] ] ] } },
{ "type": "Feature", "properties": { "bus": "LALE21", "gen_view_gCO2_per_kWh": 111.589, "dominant_carrier": "landfill_gas" }, "geometry": { "type": "Polygon", "coordinates": [ [ [ -0.471117028534559, 51.485639777952208 ], [ -0.379382359391188, 51.414548169082181 ], [ -0.4056150635305, 51.36726065170609 ], [ -0.675629385736563, 51.436893877906883 ], [ -0.471117028534559, 51.485639777952208 ] ] ] } },
{ "type": "Feature", "properties": { "bus": "KINO11", "gen_view_gCO2_per_kWh": 0.0, "dominant_carrier": "load_shedding" }, "geometry": { "type": "Polygon", "coordinates": [ [ [ 0.551124354557843, 51.465384808493752 ], [ 0.652622267534339, 51.374513030732231 ], [ 0.655726216014603, 51.358861095780803 ], [ 0.574471035825423, 51.136314668566342 ], [ 0.497496882806628, 51.157254812328461 ], [ 0.488782704016717, 51.405476530425908 ], [ 0.551124354557843, 51.465384808493752 ] ] ] } },
{ "type": "Feature", "properties": { "bus": "CLEH41", "gen_view_gCO2_per_kWh": 0.0, "dominant_carrier": "solar_pv" }, "geometry": { "type": "Polygon", "coordinates": [ [ [ 0.845491373888225, 51.375775605728222 ], [ 0.875043514473979, 51.426497497853262 ], [ 0.903578775719395, 51.421460680706694 ], [ 0.990828310351441, 51.22521774617924 ], [ 0.816893941950707, 51.198441638620615 ], [ 0.845491373888225, 51.375775605728222 ] ] ] } },
{ "type": "Feature", "properties": { "bus": "HURS21", "gen_view_gCO2_per_kWh": 299.994, "dominant_carrier": "waste_to_energy" }, "geometry": { "type": "Polygon", "coordinates": [ [ [ 0.054426927056558, 51.432268945928911 ], [ 0.201949176581218, 51.510626181749082 ], [ 0.226381220810485, 51.435874565915007 ], [ 0.187423685187101, 51.432905910691694 ], [ 0.226601455736297, 51.435056025100543 ], [ 0.22929766587707, 51.425035098417098 ], [ 0.171774378329568, 51.212027353807215 ], [ 0.054426927056558, 51.432268945928911 ] ] ] } },
{ "type": "Feature", "properties": { "bus": "CANT41", "gen_view_gCO2_per_kWh": 52.584, "dominant_carrier": "solar_pv" }, "geometry": { "type": "Polygon", "coordinates": [ [ [ 1.037153560309505, 51.36651917722336 ], [ 1.115244615820043, 51.385733730667859 ], [ 1.214643752568235, 51.383411545740557 ], [ 1.233351942843697, 51.095197205189912 ], [ 1.213889877836136, 51.087727681307783 ], [ 0.99381792534431, 51.225596252168032 ], [ 1.037153560309505, 51.36651917722336 ] ] ] } },
{ "type": "Feature", "properties": { "bus": "RICH11", "gen_view_gCO2_per_kWh": 21.921, "dominant_carrier": "solar_pv" }, "geometry": { "type": "Polygon", "coordinates": [ [ [ 1.232021256912013, 51.116525307898293 ], [ 1.214643752568235, 51.383411545740557 ], [ 1.272085845918461, 51.382069570671852 ], [ 1.398148746919554, 51.395190774814147 ], [ 1.232021256912013, 51.116525307898293 ] ] ] } },
{ "type": "Feature", "properties": { "bus": "NFLE41", "gen_view_gCO2_per_kWh": 0.0, "dominant_carrier": "wind_onshore" }, "geometry": { "type": "Polygon", "coordinates": [ [ [ 0.341907477364812, 51.479559537657209 ], [ 0.361880925229471, 51.442253260698195 ], [ 0.344319766312752, 51.384629999986615 ], [ 0.291630220364332, 51.433816869797788 ], [ 0.341907477364812, 51.479559537657209 ] ] ] } },
{ "type": "Feature", "properties": { "bus": "DAMC41", "gen_view_gCO2_per_kWh": 389.938, "dominant_carrier": "CCGT" }, "geometry": { "type": "MultiPolygon", "coordinates": [ [ [ [ 0.631649912891363, 51.51869378846952 ], [ 0.616115655617911, 51.509600130819656 ], [ 0.590507978423241, 51.507903130750677 ], [ 0.593666607498875, 51.511313167607291 ], [ 0.631649912891363, 51.51869378846952 ] ] ], [ [ [ 0.652622267534339, 51.374513030732231 ], [ 0.551124354557843, 51.465384808493752 ], [ 0.572652069853927, 51.488625999795538 ], [ 0.636837808405238, 51.48302804091869 ], [ 0.652622267534339, 51.374513030732231 ] ] ] ] } },
{ "type": "Feature", "properties": { "bus": "MEDW41", "gen_view_gCO2_per_kWh": 393.997, "dominant_carrier": "CCGT" }, "geometry": { "type": "MultiPolygon", "coordinates": [ [ [ [ 0.655726216014603, 51.358861095780803 ], [ 0.636837808405238, 51.48302804091869 ], [ 0.686473295381223, 51.478699082162564 ], [ 0.718175204013493, 51.405823510844193 ], [ 0.655726216014603, 51.358861095780803 ] ] ], [ [ [ 0.631649912891363, 51.51869378846952 ], [ 0.659737241419147, 51.540159268357485 ], [ 0.663808203989393, 51.530801039281705 ], [ 0.631649912891363, 51.51869378846952 ] ] ] ] } },
{ "type": "Feature", "properties": { "bus": "WTHU4E", "gen_view_gCO2_per_kWh": 0.0, "dominant_carrier": "load_shedding" }, "geometry": { "type": "Polygon", "coordinates": [ [ [ 0.226601455736297, 51.435056025100543 ], [ 0.252825215244619, 51.436495210699448 ], [ 0.226381220810485, 51.435874565915007 ], [ 0.21753072839856, 51.468768936509704 ], [ 0.342695967618025, 51.486743794178629 ], [ 0.291630220364332, 51.433816869797788 ], [ 0.22929766587707, 51.425035098417098 ], [ 0.226601455736297, 51.435056025100543 ] ], [ [ 0.311867555332269, 51.469841860750307 ], [ 0.272938420530157, 51.459081911716126 ], [ 0.277452045289622, 51.457401000730869 ], [ 0.311867555332269, 51.469841860750307 ] ], [ [ 0.251665248704094, 51.440140761230957 ], [ 0.243074732001434, 51.467139094059647 ], [ 0.23663710524582, 51.448429080716224 ], [ 0.251665248704094, 51.440140761230957 ] ] ] } },
{ "type": "Feature", "properties": { "bus": "LONO11", "gen_view_gCO2_per_kWh": 0.0, "dominant_carrier": "wind_offshore" }, "geometry": { "type": "Polygon", "coordinates": [ [ [ 1.037153560309505, 51.36651917722336 ], [ 0.990828310351441, 51.22521774617924 ], [ 0.914995489588915, 51.409827154447527 ], [ 0.97298980567901, 51.350731480610989 ], [ 1.037153560309505, 51.36651917722336 ] ] ] } },
{ "type": "Feature", "properties": { "bus": "NEWX21", "gen_view_gCO2_per_kWh": 299.988, "dominant_carrier": "waste_to_energy" }, "geometry": { "type": "Polygon", "coordinates": [ [ [ -0.129755820152442, 51.46959572255998 ], [ -0.05027536094275, 51.521090126260418 ], [ 0.007790480156143, 51.435450013905694 ], [ -0.058823056154995, 51.406402855926935 ], [ -0.118894609294696, 51.443535809094087 ], [ -0.129755820152442, 51.46959572255998 ] ] ] } },
{ "type": "Feature", "properties": { "bus": "NHYD2A", "gen_view_gCO2_per_kWh": 0.0, "dominant_carrier": "solar_pv" }, "geometry": { "type": "Polygon", "coordinates": [ [ [ -0.429954054053639, 51.568796413650183 ], [ -0.355495645708854, 51.568420380730991 ], [ -0.355292721919872, 51.558602978917953 ], [ -0.436677855221604, 51.547681320844184 ], [ -0.395257435189485, 51.542538830837259 ], [ -0.355257045305, 51.556876953274084 ], [ -0.353201629730682, 51.457436465349907 ], [ -0.374191985268822, 51.45679855070869 ], [ -0.375282122949389, 51.449977554390735 ], [ -0.353117035578395, 51.453343821562989 ], [ -0.352627741807977, 51.429671912153701 ], [ -0.379382359391188, 51.414548169082181 ], [ -0.471117028534559, 51.485639777952208 ], [ -0.429954054053639, 51.568796413650183 ] ], [ [ -0.377659983396255, 51.435099270994321 ], [ -0.367254635279954, 51.441708020686285 ], [ -0.376125877016874, 51.444698181436152 ], [ -0.377659983396255, 51.435099270994321 ] ] ] } },
{ "type": "Feature", "properties": { "bus": "EALI21", "gen_view_gCO2_per_kWh": 119.972, "dominant_carrier": "sewage_gas" }, "geometry": { "type": "Polygon", "coordinates": [ [ [ -0.353117035578395, 51.453343821562989 ], [ -0.319406474387488, 51.458463528676909 ], [ -0.353201629730682, 51.457436465349907 ], [ -0.355257045305, 51.556876953274084 ], [ -0.347538895126395, 51.559643520864213 ], [ -0.355292721919872, 51.558602978917953 ], [ -0.355495645708854, 51.568420380730991 ], [ -0.327493170727214, 51.578510580281204 ], [ -0.293704059428228, 51.538202866881221 ], [ -0.301034114936732, 51.533106015316626 ], [ -0.289470549634982, 51.533122911622932 ], [ -0.25298329728548, 51.489340419439067 ], [ -0.255045083630033, 51.474737375457856 ], [ -0.248108342708503, 51.483490769303202 ], [ -0.238623089067198, 51.4721090396121 ], [ -0.274685992031613, 51.416569104243329 ], [ -0.352627741807977, 51.429671912153701 ], [ -0.353117035578395, 51.453343821562989 ] ], [ [ -0.307443025120658, 51.53309665082508 ], [ -0.304671851520177, 51.533100699974007 ], [ -0.347538895126395, 51.559643520864213 ], [ -0.307443025120658, 51.53309665082508 ] ], [ [ -0.317226145215223, 51.458794660713266 ], [ -0.291220585159565, 51.486784250755917 ], [ -0.317806265567456, 51.458706556386637 ], [ -0.317226145215223, 51.458794660713266 ] ], [ [ -0.290647085205058, 51.447055320696499 ], [ -0.281302845160674, 51.47817005074333 ], [ -0.256247544629947, 51.473220003707191 ], [ -0.288131234616709, 51.485586050274954 ], [ -0.290647085205058, 51.447055320696499 ] ] ] } },
{ "type": "Feature", "properties": { "bus": "CITR41", "gen_view_gCO2_per_kWh": 341.54, "dominant_carrier": "waste_to_energy" }, "geometry": { "type": "Polygon", "coordinates": [ [ [ -0.132962214871046, 51.522830240859719 ], [ -0.073001315377379, 51.550251141953822 ], [ -0.05753950114752, 51.522710455474673 ], [ -0.129755820152442, 51.46959572255998 ], [ -0.132962214871046, 51.522830240859719 ] ] ] } },
{ "type": "Feature", "properties": { "bus": "WISD11", "gen_view_gCO2_per_kWh": 0.0, "dominant_carrier": "load_shedding" }, "geometry": { "type": "MultiPolygon", "coordinates": [ [ [ [ -0.218431501359628, 51.485579192514926 ], [ -0.238623089067198, 51.4721090396121 ], [ -0.248108342708503, 51.483490769303202 ], [ -0.243447405070619, 51.526805880817193 ], [ -0.25298329728548, 51.489340419439067 ], [ -0.289470549634982, 51.533122911622932 ], [ -0.275301056816769, 51.53314361562596 ], [ -0.289392365101141, 51.535947280829788 ], [ -0.281859177296765, 51.542062110052811 ], [ -0.215188835176938, 51.522453185891543 ], [ -0.218431501359628, 51.485579192514926 ] ] ], [ [ [ -0.301810546055639, 51.547930159690303 ], [ -0.286282759837725, 51.543363163741908 ], [ -0.293704059428228, 51.538202866881221 ], [ -0.301810546055639, 51.547930159690303 ] ] ] ] } },
{ "type": "Feature", "properties": { "bus": "SJOW11", "gen_view_gCO2_per_kWh": 0.0, "dominant_carrier": "load_shedding" }, "geometry": { "type": "Polygon", "coordinates": [ [ [ -0.218431501359628, 51.485579192514926 ], [ -0.213081774287916, 51.545349019363726 ], [ -0.20100644534035, 51.554961845105538 ], [ -0.132039105001244, 51.492170684446869 ], [ -0.131027651256735, 51.470772380026588 ], [ -0.218431501359628, 51.485579192514926 ] ] ] } },
{ "type": "Feature", "properties": { "bus": "IVER61", "gen_view_gCO2_per_kWh": 289.56, "dominant_carrier": "waste_to_energy" }, "geometry": { "type": "Polygon", "coordinates": [ [ [ -0.526957866659624, 51.472681417344432 ], [ -0.475246113712824, 51.591935051570509 ], [ -0.429954054053639, 51.568796413650183 ], [ -0.471117028534559, 51.485639777952208 ], [ -0.526957866659624, 51.472681417344432 ] ] ] } },
{ "type": "Feature", "properties": { "bus": "IVER22", "gen_view_gCO2_per_kWh": 280.965, "dominant_carrier": "waste_to_energy" }, "geometry": { "type": "Polygon", "coordinates": [ [ [ -0.55319805571189, 51.632868462820198 ], [ -0.530043308536191, 51.620709653633185 ], [ -0.519654015237962, 51.601080140923777 ], [ -0.522649009865015, 51.616826827103814 ], [ -0.475246113712824, 51.591935051570509 ], [ -0.526957866659624, 51.472681417344432 ], [ -0.675629385736563, 51.436893877906883 ], [ -0.706593226964515, 51.435526157792061 ], [ -0.55319805571189, 51.632868462820198 ] ] ] } },
{ "type": "Feature", "properties": { "bus": "LODR61", "gen_view_gCO2_per_kWh": 0.0, "dominant_carrier": "load_shedding" }, "geometry": { "type": "Polygon", "coordinates": [ [ [ -0.164694472697814, 51.5842689666677 ], [ -0.135926021669063, 51.534408891640858 ], [ -0.132039105001244, 51.492170684446869 ], [ -0.20100644534035, 51.554961845105538 ], [ -0.164694472697814, 51.5842689666677 ] ] ] } },
{ "type": "Feature", "properties": { "bus": "HIBU41", "gen_view_gCO2_per_kWh": 0.0, "dominant_carrier": "load_shedding" }, "geometry": { "type": "Polygon", "coordinates": [ [ [ -0.073001315377379, 51.550251141953822 ], [ -0.132962214871046, 51.522830240859719 ], [ -0.135926021669063, 51.534408891640858 ], [ -0.078574365288845, 51.573907176166934 ], [ -0.073001315377379, 51.550251141953822 ] ] ] } },
{ "type": "Feature", "properties": { "bus": "TILB41", "gen_view_gCO2_per_kWh": 104.935, "dominant_carrier": "landfill_gas" }, "geometry": { "type": "Polygon", "coordinates": [ [ [ 0.342695967618025, 51.486743794178629 ], [ 0.347887776859703, 51.50879416176538 ], [ 0.411894900319206, 51.572125987082799 ], [ 0.450866279393494, 51.483794922929917 ], [ 0.438563545419091, 51.458641310738898 ], [ 0.391199757687118, 51.446414023148549 ], [ 0.446925445424171, 51.457444680737503 ], [ 0.457065673496484, 51.469743609088049 ], [ 0.481115281005932, 51.415233671943255 ], [ 0.361880925229471, 51.442253260698195 ], [ 0.342695967618025, 51.486743794178629 ] ] ] } },
{ "type": "Feature", "properties": { "bus": "WHAM41", "gen_view_gCO2_per_kWh": 0.0, "dominant_carrier": "solar_pv" }, "geometry": { "type": "Polygon", "coordinates": [ [ [ 0.007790480156143, 51.435450013905694 ], [ -0.029461441983621, 51.501208298017282 ], [ 0.020931344829471, 51.555635338814227 ], [ 0.054905061026982, 51.535046242451941 ], [ 0.051904971043374, 51.433966289601599 ], [ 0.007790480156143, 51.435450013905694 ] ] ] } },
{ "type": "Feature", "properties": { "bus": "BARW31", "gen_view_gCO2_per_kWh": 106.734, "dominant_carrier": "sewage_gas" }, "geometry": { "type": "Polygon", "coordinates": [ [ [ 0.054426927056558, 51.432268945928911 ], [ 0.054905061026982, 51.535046242451941 ], [ 0.095698161394732, 51.570312065506627 ], [ 0.122448643100333, 51.471590049441382 ], [ 0.054426927056558, 51.432268945928911 ] ] ] } },
{ "type": "Feature", "properties": { "bus": "CHUE4A", "gen_view_gCO2_per_kWh": 119.99, "dominant_carrier": "landfill_gas" }, "geometry": { "type": "Polygon", "coordinates": [ [ [ 0.206755241772008, 51.536363362117996 ], [ 0.347887776859703, 51.50879416176538 ], [ 0.342695967618025, 51.486743794178629 ], [ 0.21753072839856, 51.468768936509704 ], [ 0.201949176581218, 51.510626181749082 ], [ 0.206755241772008, 51.536363362117996 ] ] ] } },
{ "type": "Feature", "properties": { "bus": "COSO41", "gen_view_gCO2_per_kWh": 119.935, "dominant_carrier": "landfill_gas" }, "geometry": { "type": "MultiPolygon", "coordinates": [ [ [ [ 0.488782704016717, 51.405476530425908 ], [ 0.457065673496484, 51.469743609088049 ], [ 0.473366085483723, 51.489514130785011 ], [ 0.572652069853927, 51.488625999795538 ], [ 0.488782704016717, 51.405476530425908 ] ] ], [ [ [ 0.411894900319206, 51.572125987082799 ], [ 0.424816648003204, 51.637717247223968 ], [ 0.593666607498875, 51.511313167607291 ], [ 0.45837493548371, 51.499146780798441 ], [ 0.450866279393494, 51.483794922929917 ], [ 0.411894900319206, 51.572125987082799 ] ] ] ] } },
{ "type": "Feature", "properties": { "bus": "PUDM41", "gen_view_gCO2_per_kWh": 0.0, "dominant_carrier": "load_shedding" }, "geometry": { "type": "Polygon", "coordinates": [ [ [ -0.05027536094275, 51.521090126260418 ], [ 0.000893887738445, 51.576461131178895 ], [ 0.020931344829471, 51.555635338814227 ], [ -0.029461441983621, 51.501208298017282 ], [ -0.05027536094275, 51.521090126260418 ] ] ] } },
{ "type": "Feature", "properties": { "bus": "GRAI41", "gen_view_gCO2_per_kWh": 392.296, "dominant_carrier": "CCGT" }, "geometry": { "type": "MultiPolygon", "coordinates": [ [ [ [ 0.790786905659991, 51.67462944860948 ], [ 0.75601240456551, 51.52109986151801 ], [ 0.728449545721111, 51.525041060846419 ], [ 0.720346205695852, 51.509406550823634 ], [ 0.705898225706982, 51.52718992084862 ], [ 0.663808203989393, 51.530801039281705 ], [ 0.659737241419147, 51.540159268357485 ], [ 0.790786905659991, 51.67462944860948 ] ] ], [ [ [ 0.730763558145913, 51.409626084950347 ], [ 0.718175204013493, 51.405823510844193 ], [ 0.686473295381223, 51.478699082162564 ], [ 0.741309261043869, 51.456185413208509 ], [ 0.730763558145913, 51.409626084950347 ] ] ] ] } },
{ "type": "Feature", "properties": { "bus": "HACK11", "gen_view_gCO2_per_kWh": 0.0, "dominant_carrier": "load_shedding" }, "geometry": { "type": "Polygon", "coordinates": [ [ [ -0.003497302989058, 51.588969684239764 ], [ 0.000893887738445, 51.576461131178895 ], [ -0.043177915906202, 51.529620868559846 ], [ -0.042171927680951, 51.582075967291381 ], [ -0.003497302989058, 51.588969684239764 ] ] ] } },
{ "type": "Feature", "properties": { "bus": "BARK21", "gen_view_gCO2_per_kWh": 92.805, "dominant_carrier": "sewage_gas" }, "geometry": { "type": "Polygon", "coordinates": [ [ [ 0.184402184306656, 51.656545502305001 ], [ 0.206755241772008, 51.536363362117996 ], [ 0.201949176581218, 51.510626181749082 ], [ 0.122448643100333, 51.471590049441382 ], [ 0.095698161394732, 51.570312065506627 ], [ 0.184402184306656, 51.656545502305001 ] ] ] } },
{ "type": "Feature", "properties": { "bus": "SHEE11", "gen_view_gCO2_per_kWh": 0.0, "dominant_carrier": "wind_onshore" }, "geometry": { "type": "MultiPolygon", "coordinates": [ [ [ [ 0.828758915244442, 51.722401801306376 ], [ 0.894640558047518, 51.751198120249157 ], [ 0.920537777740546, 51.751080888898045 ], [ 0.951754000118344, 51.736053097108559 ], [ 0.942179896025661, 51.645465621027938 ], [ 0.974312506018245, 51.620996660993946 ], [ 0.918512725926672, 51.579285190931927 ], [ 0.786702285753762, 51.516711530836837 ], [ 0.75601240456551, 51.52109986151801 ], [ 0.790786905659991, 51.67462944860948 ], [ 0.828758915244442, 51.722401801306376 ] ] ], [ [ [ 0.845491373888225, 51.375775605728222 ], [ 0.730763558145913, 51.409626084950347 ], [ 0.741309261043869, 51.456185413208509 ], [ 0.765143515650385, 51.445896170734677 ], [ 0.875043514473979, 51.426497497853262 ], [ 0.845491373888225, 51.375775605728222 ] ] ] ] } },
{ "type": "Feature", "properties": { "bus": "HACK61", "gen_view_gCO2_per_kWh": 0.0, "dominant_carrier": "load_shedding" }, "geometry": { "type": "Polygon", "coordinates": [ [ [ -0.078574365288845, 51.573907176166934 ], [ -0.042171927680951, 51.582075967291381 ], [ -0.05027536094275, 51.521090126260418 ], [ -0.073001315377379, 51.550251141953822 ], [ -0.078574365288845, 51.573907176166934 ] ] ] } },
{ "type": "Feature", "properties": { "bus": "WISD61", "gen_view_gCO2_per_kWh": 931.533, "dominant_carrier": "oil" }, "geometry": { "type": "MultiPolygon", "coordinates": [ [ [ [ -0.296724101438547, 51.599486695088643 ], [ -0.249513963459168, 51.568929831979688 ], [ -0.286282759837725, 51.543363163741908 ], [ -0.301810546055639, 51.547930159690303 ], [ -0.327493170727214, 51.578510580281204 ], [ -0.296724101438547, 51.599486695088643 ] ] ], [ [ [ -0.213081774287916, 51.545349019363726 ], [ -0.215188835176938, 51.522453185891543 ], [ -0.281859177296765, 51.542062110052811 ], [ -0.249094141623438, 51.568658101395663 ], [ -0.213081774287916, 51.545349019363726 ] ] ] ] } },
{ "type": "Feature", "properties": { "bus": "HEND11", "gen_view_gCO2_per_kWh": 0.0, "dominant_carrier": "load_shedding" }, "geometry": { "type": "Polygon", "coordinates": [ [ [ -0.249094141623438, 51.568658101395663 ], [ -0.244251085018408, 51.57258930088603 ], [ -0.249513963459168, 51.568929831979688 ], [ -0.296724101438547, 51.599486695088643 ], [ -0.278547593203108, 51.630703322045612 ], [ -0.167093788277624, 51.583224237336573 ], [ -0.213081774287916, 51.545349019363726 ], [ -0.249094141623438, 51.568658101395663 ] ] ] } },
{ "type": "Feature", "properties": { "bus": "ISLI11", "gen_view_gCO2_per_kWh": 0.0, "dominant_carrier": "load_shedding" }, "geometry": { "type": "Polygon", "coordinates": [ [ [ -0.125593652309066, 51.650598866700541 ], [ -0.078574365288845, 51.573907176166934 ], [ -0.135926021669063, 51.534408891640858 ], [ -0.164694472697814, 51.5842689666677 ], [ -0.125593652309066, 51.650598866700541 ] ] ] } },
{ "type": "Feature", "properties": { "bus": "AMEM4A", "gen_view_gCO2_per_kWh": 90.288, "dominant_carrier": "landfill_gas" }, "geometry": { "type": "Polygon", "coordinates": [ [ [ -0.925609663021625, 51.657143790612949 ], [ -0.790965732794565, 51.786779286160765 ], [ -0.568070666981416, 51.792900884094514 ], [ -0.535903623057802, 51.774541408952338 ], [ -0.55319805571189, 51.632868462820198 ], [ -0.717640838727083, 51.429724938762732 ], [ -0.880748852850023, 51.518726971301462 ], [ -0.931875561882973, 51.58431936696001 ], [ -0.925609663021625, 51.657143790612949 ] ], [ [ -0.62224589530355, 51.628934440964898 ], [ -0.558237297455177, 51.667226393197616 ], [ -0.563623925203281, 51.668561301026635 ], [ -0.62224589530355, 51.628934440964898 ] ] ] } },
{ "type": "Feature", "properties": { "bus": "TOTT2A", "gen_view_gCO2_per_kWh": 291.02, "dominant_carrier": "waste_to_energy" }, "geometry": { "type": "Polygon", "coordinates": [ [ [ -0.078448782605031, 51.57859174958547 ], [ -0.124688773513006, 51.660813519488535 ], [ -0.086771794470394, 51.653563053249378 ], [ 0.001137554132565, 51.618528852012872 ], [ -0.003497302989058, 51.588969684239764 ], [ -0.078448782605031, 51.57859174958547 ] ] ] } },
{ "type": "Feature", "properties": { "bus": "WATS21", "gen_view_gCO2_per_kWh": 0.0, "dominant_carrier": "load_shedding" }, "geometry": { "type": "Polygon", "coordinates": [ [ [ -0.549343946587701, 51.664440645918198 ], [ -0.530407564613268, 51.657618728941259 ], [ -0.549275009143018, 51.665005369322685 ], [ -0.535903623057802, 51.774541408952338 ], [ -0.438585003154436, 51.792668641956887 ], [ -0.420131562877913, 51.57128053701004 ], [ -0.429954054053639, 51.568796413650183 ], [ -0.522649009865015, 51.616826827103814 ], [ -0.528595360481656, 51.648090762013844 ], [ -0.539218535214576, 51.638045310980068 ], [ -0.530043308536191, 51.620709653633185 ], [ -0.55319805571189, 51.632868462820198 ], [ -0.549343946587701, 51.664440645918198 ] ], [ [ -0.491716672405302, 51.62951129060999 ], [ -0.450718835163821, 51.609799170938281 ], [ -0.491501825178053, 51.630729060969593 ], [ -0.491716672405302, 51.62951129060999 ] ] ] } },
{ "type": "Feature", "properties": { "bus": "MILH2A", "gen_view_gCO2_per_kWh": 0.0, "dominant_carrier": "solar_pv" }, "geometry": { "type": "Polygon", "coordinates": [ [ [ -0.233631810821177, 51.772781455476306 ], [ -0.170827888879737, 51.78104081751961 ], [ -0.124688773513006, 51.660813519488535 ], [ -0.167093788277624, 51.583224237336573 ], [ -0.278547593203108, 51.630703322045612 ], [ -0.233631810821177, 51.772781455476306 ] ] ] } },
{ "type": "Feature", "properties": { "bus": "WATS11", "gen_view_gCO2_per_kWh": 0.0, "dominant_carrier": "load_shedding" }, "geometry": { "type": "Polygon", "coordinates": [ [ [ -0.438585003154436, 51.792668641956887 ], [ -0.415770520880178, 51.800232701235586 ], [ -0.355495645708854, 51.568420380730991 ], [ -0.420131562877913, 51.57128053701004 ], [ -0.438585003154436, 51.792668641956887 ] ] ] } },
{ "type": "Feature", "properties": { "bus": "ELST12", "gen_view_gCO2_per_kWh": 107.514, "dominant_carrier": "biogas" }, "geometry": { "type": "Polygon", "coordinates": [ [ [ -0.378037761936375, 51.822223686733523 ], [ -0.233631810821177, 51.772781455476306 ], [ -0.296724101438547, 51.599486695088643 ], [ -0.351269126094776, 51.571674993111834 ], [ -0.415770520880178, 51.800232701235586 ], [ -0.378037761936375, 51.822223686733523 ] ] ] } },
{ "type": "Feature", "properties": { "bus": "RAYL41", "gen_view_gCO2_per_kWh": 0.0, "dominant_carrier": "wind_onshore" }, "geometry": { "type": "Polygon", "coordinates": [ [ [ 0.424000113407403, 51.643102114000484 ], [ 0.699595729915701, 51.725976463287637 ], [ 0.828758915244442, 51.722401801306376 ], [ 0.790786905659991, 51.67462944860948 ], [ 0.631649912891363, 51.51869378846952 ], [ 0.593666607498875, 51.511313167607291 ], [ 0.424000113407403, 51.643102114000484 ] ] ] } },
{ "type": "Feature", "properties": { "bus": "REBR21", "gen_view_gCO2_per_kWh": 0.0, "dominant_carrier": "solar_pv" }, "geometry": { "type": "Polygon", "coordinates": [ [ [ 0.184402184306656, 51.656545502305001 ], [ 0.095698161394732, 51.570312065506627 ], [ 0.054905061026982, 51.535046242451941 ], [ 0.000893887738445, 51.576461131178895 ], [ 0.001137554132565, 51.618528852012872 ], [ 0.073429489539453, 51.685632044937051 ], [ 0.192548690403697, 51.714257042652839 ], [ 0.184402184306656, 51.656545502305001 ] ] ] } },
{ "type": "Feature", "properties": { "bus": "WARL21", "gen_view_gCO2_per_kWh": 75.5, "dominant_carrier": "landfill_gas" }, "geometry": { "type": "Polygon", "coordinates": [ [ [ 0.192548690403697, 51.714257042652839 ], [ 0.215331490021913, 51.747263391734165 ], [ 0.288312727772213, 51.782376970089956 ], [ 0.424000113407403, 51.643102114000484 ], [ 0.411894900319206, 51.572125987082799 ], [ 0.347887776859703, 51.50879416176538 ], [ 0.206755241772008, 51.536363362117996 ], [ 0.184402184306656, 51.656545502305001 ], [ 0.192548690403697, 51.714257042652839 ] ] ] } },
{ "type": "Feature", "properties": { "bus": "BRIM11", "gen_view_gCO2_per_kWh": 0.0, "dominant_carrier": "load_shedding" }, "geometry": { "type": "Polygon", "coordinates": [ [ [ 0.073429489539453, 51.685632044937051 ], [ 0.001137554132565, 51.618528852012872 ], [ -0.086771794470394, 51.653563053249378 ], [ 0.033788141670949, 51.697501414182845 ], [ 0.073429489539453, 51.685632044937051 ] ] ] } },
{ "type": "Feature", "properties": { "bus": "BULL41", "gen_view_gCO2_per_kWh": 120.0, "dominant_carrier": "landfill_gas" }, "geometry": { "type": "Polygon", "coordinates": [ [ [ 0.288312727772213, 51.782376970089956 ], [ 0.350694397012744, 51.928414328315085 ], [ 0.699595729915701, 51.725976463287637 ], [ 0.424000113407403, 51.643102114000484 ], [ 0.288312727772213, 51.782376970089956 ] ] ] } },
{ "type": "Feature", "properties": { "bus": "RYEH41", "gen_view_gCO2_per_kWh": 393.997, "dominant_carrier": "CCGT" }, "geometry": { "type": "Polygon", "coordinates": [ [ [ -0.066718466470638, 51.927865242637544 ], [ 0.215331490021913, 51.747263391734165 ], [ 0.192548690403697, 51.714257042652839 ], [ 0.073429489539453, 51.685632044937051 ], [ 0.033788141670949, 51.697501414182845 ], [ -0.156859963751417, 51.793549913945789 ], [ -0.066718466470638, 51.927865242637544 ] ] ] } },
{ "type": "Feature", "properties": { "bus": "BRST42", "gen_view_gCO2_per_kWh": 0.0, "dominant_carrier": "load_shedding" }, "geometry": { "type": "MultiPolygon", "coordinates": [ [ [ [ 0.861235090042929, 51.868415072598786 ], [ 1.064035691284198, 52.071215673793198 ], [ 0.929014034346151, 51.764958213771052 ], [ 0.907317316196861, 51.758758109695215 ], [ 0.861235090042929, 51.868415072598786 ] ] ], [ [ [ 0.922454915113925, 51.750165306581479 ], [ 0.920537777740546, 51.751080888898045 ], [ 0.922856227352413, 51.75107039375672 ], [ 0.922454915113925, 51.750165306581479 ] ] ] ] } },
{ "type": "Feature", "properties": { "bus": "PELH41", "gen_view_gCO2_per_kWh": 55.307, "dominant_carrier": "solar_pv" }, "geometry": { "type": "Polygon", "coordinates": [ [ [ -0.068752249844937, 52.040323665450693 ], [ -0.056188958637527, 52.074350789499945 ], [ 0.282470688390013, 52.068239506955052 ], [ 0.364227798374428, 52.017483037881327 ], [ 0.350694397012744, 51.928414328315085 ], [ 0.288312727772213, 51.782376970089956 ], [ 0.215331490021913, 51.747263391734165 ], [ -0.066718466470638, 51.927865242637544 ], [ -0.068752249844937, 52.040323665450693 ] ] ] } },
{ "type": "Feature", "properties": { "bus": "GUNS32", "gen_view_gCO2_per_kWh": 13.237, "dominant_carrier": "solar_pv" }, "geometry": { "type": "MultiPolygon", "coordinates": [ [ [ [ 0.922454915113925, 51.750165306581479 ], [ 0.931688656148341, 51.751030411180452 ], [ 0.951754000118344, 51.736053097108559 ], [ 0.922454915113925, 51.750165306581479 ] ] ], [ [ [ 0.929014034346151, 51.764958213771052 ], [ 1.133811110156076, 52.211582873140181 ], [ 1.260280690076096, 52.198353641664006 ], [ 1.331395717341165, 51.934389727222829 ], [ 1.323224806642321, 51.928158021448212 ], [ 1.299789126655894, 51.951876951482184 ], [ 1.279579706643466, 51.953000271483361 ], [ 1.303349156636375, 51.934219461456536 ], [ 1.264724546577073, 51.907722281417129 ], [ 1.297400096545527, 51.864541671355362 ], [ 1.218558746415942, 51.803671981265168 ], [ 1.117250636302089, 51.768469981211297 ], [ 1.043318236244962, 51.764374121203112 ], [ 0.993454786232791, 51.783372951229289 ], [ 0.929014034346151, 51.764958213771052 ] ] ] ] } },
{ "type": "Feature", "properties": { "bus": "BRAI4A", "gen_view_gCO2_per_kWh": 222.248, "dominant_carrier": "waste_to_energy" }, "geometry": { "type": "Polygon", "coordinates": [ [ [ 0.364227798374428, 52.017483037881327 ], [ 0.681672563553537, 52.209136418442476 ], [ 0.741359644375161, 52.15331385956614 ], [ 0.907317316196861, 51.758758109695215 ], [ 0.828758915244442, 51.722401801306376 ], [ 0.699595729915701, 51.725976463287637 ], [ 0.350694397012744, 51.928414328315085 ], [ 0.364227798374428, 52.017483037881327 ] ] ] } },
{ "type": "Feature", "properties": { "bus": "BRFO41", "gen_view_gCO2_per_kWh": 579.034, "dominant_carrier": "CCGT" }, "geometry": { "type": "Polygon", "coordinates": [ [ [ 0.741359644375161, 52.15331385956614 ], [ 1.132292921707851, 52.211386771863801 ], [ 1.064035691284198, 52.071215673793198 ], [ 0.861235090042929, 51.868415072598786 ], [ 0.741359644375161, 52.15331385956614 ] ] ] } },
{ "type": "Feature", "properties": { "bus": "GGON11", "gen_view_gCO2_per_kWh": 0.0, "dominant_carrier": "load_shedding" }, "geometry": { "type": "Polygon", "coordinates": [ [ [ 1.606494722450371, 52.149688004771583 ], [ 1.598752392810064, 52.205552503031576 ], [ 1.62304339447038, 52.211925036614112 ], [ 1.606494722450371, 52.149688004771583 ] ] ] } },
{ "type": "Feature", "properties": { "bus": "GUNS11", "gen_view_gCO2_per_kWh": 0.0, "dominant_carrier": "load_shedding" }, "geometry": { "type": "Polygon", "coordinates": [ [ [ 1.064035691284198, 52.071215673793198 ], [ 1.133811110156076, 52.211582873140181 ], [ 1.058181472817257, 52.056272010881926 ], [ 1.064035691284198, 52.071215673793198 ] ] ] } },
{ "type": "Feature", "properties": { "bus": "FRIN4B", "gen_view_gCO2_per_kWh": 72.085, "dominant_carrier": "biogas" }, "geometry": { "type": "Polygon", "coordinates": [ [ [ 1.33717527633468, 52.352334740638547 ], [ 1.467736479254995, 52.420716579040679 ], [ 1.519459672687927, 52.116772692763767 ], [ 1.331395717341165, 51.934389727222829 ], [ 1.260280690076096, 52.198353641664006 ], [ 1.33717527633468, 52.352334740638547 ] ] ] } },
{ "type": "Feature", "properties": { "bus": "FRIN4A", "gen_view_gCO2_per_kWh": 0.0, "dominant_carrier": "load_shedding" }, "geometry": { "type": "Polygon", "coordinates": [ [ [ 1.477708435952654, 52.425572948785067 ], [ 1.56432467780005, 52.147919494234252 ], [ 1.519459672687927, 52.116772692763767 ], [ 1.467736479254995, 52.420716579040679 ], [ 1.477708435952654, 52.425572948785067 ] ] ] } },
{ "type": "Feature", "properties": { "bus": "CAMA12", "gen_view_gCO2_per_kWh": 15.518, "dominant_carrier": "solar_pv" }, "geometry": { "type": "Polygon", "coordinates": [ [ [ -0.072270560168586, 52.125268644693207 ], [ -0.073778755526234, 52.342594027459491 ], [ 0.045209271971015, 52.484568333949234 ], [ 0.129597787334016, 52.471805946568672 ], [ 0.282470688390013, 52.068239506955052 ], [ -0.056188958637527, 52.074350789499945 ], [ -0.072270560168586, 52.125268644693207 ] ] ] } },
{ "type": "Feature", "properties": { "bus": "TKNW61", "gen_view_gCO2_per_kWh": 0.0, "dominant_carrier": "load_shedding" }, "geometry": { "type": "Polygon", "coordinates": [ [ [ 1.052508975358242, 52.383296985170936 ], [ 1.151050007286621, 52.213880471877047 ], [ 0.967480135765665, 52.190778857980604 ], [ 1.052508975358242, 52.383296985170936 ] ] ] } },
{ "type": "Feature", "properties": { "bus": "TKNW21", "gen_view_gCO2_per_kWh": 0.0, "dominant_carrier": "load_shedding" }, "geometry": { "type": "Polygon", "coordinates": [ [ [ 0.948154775388151, 52.188278659342913 ], [ 1.050938841502702, 52.38606970828986 ], [ 0.967480135765665, 52.190778857980604 ], [ 0.948154775388151, 52.188278659342913 ] ] ] } },
{ "type": "Feature", "properties": { "bus": "BURW41", "gen_view_gCO2_per_kWh": 15.334, "dominant_carrier": "solar_pv" }, "geometry": { "type": "Polygon", "coordinates": [ [ [ 0.472219325082544, 52.559646259316196 ], [ 0.671614285251501, 52.321442456315182 ], [ 0.681672563553537, 52.209136418442476 ], [ 0.364227798374428, 52.017483037881327 ], [ 0.282470688390013, 52.068239506955052 ], [ 0.272613799688155, 52.097945356597727 ], [ 0.38835145422508, 52.536017786525001 ], [ 0.472219325082544, 52.559646259316196 ] ] ] } },
{ "type": "Feature", "properties": { "bus": "LEIS11", "gen_view_gCO2_per_kWh": 0.0, "dominant_carrier": "solar_pv" }, "geometry": { "type": "Polygon", "coordinates": [ [ [ 1.547749673380044, 52.470878465849118 ], [ 1.598752392810064, 52.205552503031576 ], [ 1.600109873086684, 52.151532058876207 ], [ 1.56432467780005, 52.147919494234252 ], [ 1.477708435952654, 52.425572948785067 ], [ 1.547749673380044, 52.470878465849118 ] ] ] } },
{ "type": "Feature", "properties": { "bus": "WALX4A", "gen_view_gCO2_per_kWh": 105.316, "dominant_carrier": "biogas" }, "geometry": { "type": "Polygon", "coordinates": [ [ [ -0.170827888879737, 51.78104081751961 ], [ -0.156859963751417, 51.793549913945789 ], [ 0.033788141670949, 51.697501414182845 ], [ -0.086771794470394, 51.653563053249378 ], [ -0.124688773513006, 51.660813519488535 ], [ -0.170827888879737, 51.78104081751961 ] ] ] } },
{ "type": "Feature", "properties": { "bus": "SUND41", "gen_view_gCO2_per_kWh": 75.875, "dominant_carrier": "landfill_gas" }, "geometry": { "type": "Polygon", "coordinates": [ [ [ -0.590471215984993, 52.008160771777654 ], [ -0.41031671248372, 52.03808327012969 ], [ -0.374948574048021, 51.984567614538122 ], [ -0.378037761936375, 51.822223686733523 ], [ -0.438585003154436, 51.792668641956887 ], [ -0.535903623057802, 51.774541408952338 ], [ -0.568070666981416, 51.792900884094514 ], [ -0.590471215984993, 52.008160771777654 ] ] ] } },
{ "type": "Feature", "properties": { "bus": "WYMO41", "gen_view_gCO2_per_kWh": 101.579, "dominant_carrier": "landfill_gas" }, "geometry": { "type": "Polygon", "coordinates": [ [ [ -0.374948574048021, 51.984567614538122 ], [ -0.068752249844937, 52.040323665450693 ], [ -0.066718466470638, 51.927865242637544 ], [ -0.170827888879737, 51.78104081751961 ], [ -0.233631810821177, 51.772781455476306 ], [ -0.378037761936375, 51.822223686733523 ], [ -0.374948574048021, 51.984567614538122 ] ] ] } },
{ "type": "Feature", "properties": { "bus": "ECLA41", "gen_view_gCO2_per_kWh": 159.388, "dominant_carrier": "waste_to_energy" }, "geometry": { "type": "Polygon", "coordinates": [ [ [ -1.264426332736708, 52.098830589749006 ], [ -1.251751385431479, 52.101466401716294 ], [ -1.268735897340498, 52.104448606705176 ], [ -1.181371591927952, 52.196333580026582 ], [ -1.015876674824551, 52.200121199372973 ], [ -0.779068595194953, 52.063379306190221 ], [ -0.790965732794565, 51.786779286160765 ], [ -0.925609663021625, 51.657143790612949 ], [ -1.264426332736708, 52.098830589749006 ] ], [ [ -1.117427167054903, 52.015305290747243 ], [ -1.06520869162593, 52.009165631396058 ], [ -1.115056505375278, 52.016441341575891 ], [ -1.117427167054903, 52.015305290747243 ] ], [ [ -1.060771418250005, 52.008517973803009 ], [ -1.095218405417585, 51.957072941480021 ], [ -1.059633065325734, 52.008351821562101 ], [ -1.060771418250005, 52.008517973803009 ] ] ] } },
{ "type": "Feature", "properties": { "bus": "LEIB4A", "gen_view_gCO2_per_kWh": 71.42, "dominant_carrier": "biogas" }, "geometry": { "type": "Polygon", "coordinates": [ [ [ -0.779068595194953, 52.063379306190221 ], [ -0.694648543792499, 52.079817423185105 ], [ -0.590471215984993, 52.008160771777654 ], [ -0.568070666981416, 51.792900884094514 ], [ -0.790965732794565, 51.786779286160765 ], [ -0.779068595194953, 52.063379306190221 ] ] ] } },
{ "type": "Feature", "properties": { "bus": "BIGG41", "gen_view_gCO2_per_kWh": 0.0, "dominant_carrier": "solar_pv" }, "geometry": { "type": "Polygon", "coordinates": [ [ [ -0.400784449856878, 52.127830891184018 ], [ -0.303969443615039, 52.145461208019015 ], [ -0.072270560168586, 52.125268644693207 ], [ -0.056188958637527, 52.074350789499945 ], [ -0.068752249844937, 52.040323665450693 ], [ -0.374948574048021, 51.984567614538122 ], [ -0.41031671248372, 52.03808327012969 ], [ -0.400784449856878, 52.127830891184018 ] ] ] } },
{ "type": "Feature", "properties": { "bus": "MARV41", "gen_view_gCO2_per_kWh": 221.816, "dominant_carrier": "waste_to_energy" }, "geometry": { "type": "Polygon", "coordinates": [ [ [ -0.505891567347202, 52.351440939380268 ], [ -0.400784449856878, 52.127830891184018 ], [ -0.41031671248372, 52.03808327012969 ], [ -0.590471215984993, 52.008160771777654 ], [ -0.694648543792499, 52.079817423185105 ], [ -0.505891567347202, 52.351440939380268 ] ] ] } },
{ "type": "Feature", "properties": { "bus": "LITB11", "gen_view_gCO2_per_kWh": 341.226, "dominant_carrier": "CCGT" }, "geometry": { "type": "Polygon", "coordinates": [ [ [ -0.2413953730408, 52.356866593099355 ], [ -0.073778755526234, 52.342594027459491 ], [ -0.072270560168586, 52.125268644693207 ], [ -0.303969443615039, 52.145461208019015 ], [ -0.2413953730408, 52.356866593099355 ] ] ] } },
{ "type": "Feature", "properties": { "bus": "EASO4A", "gen_view_gCO2_per_kWh": 23.371, "dominant_carrier": "wind_onshore" }, "geometry": { "type": "Polygon", "coordinates": [ [ [ -0.502040517823535, 52.408779841327437 ], [ -0.2413953730408, 52.356866593099355 ], [ -0.303969443615039, 52.145461208019015 ], [ -0.400784449856878, 52.127830891184018 ], [ -0.505891567347202, 52.351440939380268 ], [ -0.502040517823535, 52.408779841327437 ] ] ] } },
{ "type": "Feature", "properties": { "bus": "GREN41", "gen_view_gCO2_per_kWh": 20.809, "dominant_carrier": "wind_onshore" }, "geometry": { "type": "Polygon", "coordinates": [ [ [ -0.657435160174008, 52.498651665847568 ], [ -0.502040517823535, 52.408779841327437 ], [ -0.505891567347202, 52.351440939380268 ], [ -0.694648543792499, 52.079817423185105 ], [ -0.779068595194953, 52.063379306190221 ], [ -1.015876674824551, 52.200121199372973 ], [ -0.657435160174008, 52.498651665847568 ] ] ] } },
{ "type": "Feature", "properties": { "bus": "LAGA41", "gen_view_gCO2_per_kWh": 37.51, "dominant_carrier": "solar_pv" }, "geometry": { "type": "Polygon", "coordinates": [ [ [ -4.057949112045018, 50.700426440639966 ], [ -4.008830647176246, 50.710440467765629 ], [ -3.938747161147522, 50.661338651646318 ], [ -3.805234511854632, 50.208397469791464 ], [ -3.873172380392234, 50.237616198721355 ], [ -3.864883690362007, 50.258434038753379 ], [ -3.952898430434971, 50.300459378813223 ], [ -4.043776190562764, 50.289126928791561 ], [ -4.113649610641448, 50.302182508808365 ], [ -4.148289027468326, 50.327863207412221 ], [ -4.057949112045018, 50.700426440639966 ] ] ] } },
{ "type": "Feature", "properties": { "bus": "AXMI41", "gen_view_gCO2_per_kWh": 0.0, "dominant_carrier": "solar_pv" }, "geometry": { "type": "Polygon", "coordinates": [ [ [ -3.165150121707522, 50.776221722240564 ], [ -2.994573645607569, 50.945744249129291 ], [ -2.597097656418732, 50.999218460192047 ], [ -2.711387709849651, 50.693543495885038 ], [ -2.90740671872373, 50.728557489516263 ], [ -3.008084778877468, 50.695369039461241 ], [ -3.070474448950515, 50.697688839462486 ], [ -3.09253516899397, 50.680764179435492 ], [ -3.160853431767997, 50.675443099217084 ], [ -3.165150121707522, 50.776221722240564 ] ] ] } },
{ "type": "Feature", "properties": { "bus": "BRWA41", "gen_view_gCO2_per_kWh": 85.944, "dominant_carrier": "solar_pv" }, "geometry": { "type": "Polygon", "coordinates": [ [ [ -3.078995353722033, 51.100389889459457 ], [ -2.949614947395663, 51.333355628752415 ], [ -2.87908726641884, 51.334451058343504 ], [ -2.792206493518797, 51.307251704697897 ], [ -2.511438301564926, 51.107315694685681 ], [ -2.579240507973025, 51.088780220087912 ], [ -2.509489825962828, 51.105119300904661 ], [ -2.504263250918236, 51.089534971354269 ], [ -2.597097656418732, 50.999218460192047 ], [ -2.994573645607569, 50.945744249129291 ], [ -3.078995353722033, 51.100389889459457 ] ], [ [ -2.716255283412228, 51.009412863433013 ], [ -2.694510148194705, 51.003926349951676 ], [ -2.716349358215119, 51.009504509959903 ], [ -2.716255283412228, 51.009412863433013 ] ] ] } },
{ "type": "Feature", "properties": { "bus": "HINP22", "gen_view_gCO2_per_kWh": 0.0, "dominant_carrier": "solar_pv" }, "geometry": { "type": "Polygon", "coordinates": [ [ [ -2.998551491775546, 51.355255121580171 ], [ -2.949614947395663, 51.333355628752415 ], [ -3.062494916470343, 51.138502862585106 ], [ -3.147012354459342, 51.211324806536823 ], [ -3.065172798447849, 51.206745650268353 ], [ -3.021725548354739, 51.24709301033414 ], [ -3.015899728281734, 51.315481960445311 ], [ -3.039883438298832, 51.329055940467327 ], [ -2.995953728242165, 51.330680810470184 ], [ -2.998551491775546, 51.355255121580171 ] ] ] } },
{ "type": "Feature", "properties": { "bus": "TREM21", "gen_view_gCO2_per_kWh": 250.627, "dominant_carrier": "waste_to_energy" }, "geometry": { "type": "MultiPolygon", "coordinates": [ [ [ [ -3.271544175699348, 51.438659929998288 ], [ -3.085309775264583, 51.515330763213335 ], [ -3.077585821388061, 51.501128862715518 ], [ -3.112168688240867, 51.486579340726387 ], [ -3.154232378332356, 51.446587440660295 ], [ -3.162861928382704, 51.404873410591435 ], [ -3.193524748434723, 51.391308780569048 ], [ -3.253265207051156, 51.387461063499956 ], [ -3.271544175699348, 51.438659929998288 ] ] ], [ [ [ -3.001870755894056, 51.36191288039263 ], [ -3.004793898850754, 51.354940523457806 ], [ -3.006687768227376, 51.360137790518259 ], [ -3.001870755894056, 51.36191288039263 ] ] ], [ [ [ -3.120461668356409, 51.375538660543171 ], [ -3.122419178355419, 51.37920672054922 ], [ -3.116411808346708, 51.380343130551061 ], [ -3.120461668356409, 51.375538660543171 ] ] ] ] } },
{ "type": "Feature", "properties": { "bus": "IMPP31", "gen_view_gCO2_per_kWh": 0.0, "dominant_carrier": "solar_pv" }, "geometry": { "type": "MultiPolygon", "coordinates": [ [ [ [ -3.145257319488452, 51.645992176894062 ], [ -3.010134219784598, 51.529506746044582 ], [ -3.077585821388061, 51.501128862715518 ], [ -3.085309775264583, 51.515330763213335 ], [ -3.145257319488452, 51.645992176894062 ] ] ], [ [ [ -2.999183394840167, 51.356971676069108 ], [ -3.001870755894056, 51.36191288039263 ], [ -2.999316892670334, 51.362853990033905 ], [ -2.999183394840167, 51.356971676069108 ] ] ] ] } },
{ "type": "Feature", "properties": { "bus": "USKM21", "gen_view_gCO2_per_kWh": 0.0, "dominant_carrier": "wind_onshore" }, "geometry": { "type": "MultiPolygon", "coordinates": [ [ [ [ -2.999316892670334, 51.362853990033905 ], [ -2.96832878816574, 51.37427324054152 ], [ -2.983976678169112, 51.391216460569218 ], [ -2.913193748069729, 51.402496900587842 ], [ -2.888265932584535, 51.422304862811281 ], [ -2.87908726641884, 51.334451058343504 ], [ -2.949614947395663, 51.333355628752415 ], [ -2.998551491775546, 51.355255121580171 ], [ -2.999316892670334, 51.362853990033905 ] ] ], [ [ [ -3.006024339489688, 51.769730912448658 ], [ -2.932005298057672, 51.840957158491364 ], [ -2.902065517934218, 51.529228080796095 ], [ -2.984357408027377, 51.540351430814908 ], [ -3.003072577462477, 51.532477683089304 ], [ -3.006024339489688, 51.769730912448658 ] ] ] ] } },
{ "type": "Feature", "properties": { "bus": "IMPP41", "gen_view_gCO2_per_kWh": 93.998, "dominant_carrier": "landfill_gas" }, "geometry": { "type": "Polygon", "coordinates": [ [ [ -3.152034246620373, 51.660664553129351 ], [ -3.006024339489688, 51.769730912448658 ], [ -3.003072577462477, 51.532477683089304 ], [ -3.010134219784598, 51.529506746044582 ], [ -3.145257319488452, 51.645992176894062 ], [ -3.152034246620373, 51.660664553129351 ] ] ] } },
{ "type": "Feature", "properties": { "bus": "WHSO41", "gen_view_gCO2_per_kWh": 0.0, "dominant_carrier": "solar_pv" }, "geometry": { "type": "MultiPolygon", "coordinates": [ [ [ [ -2.830500907774427, 52.005532076692361 ], [ -2.726001148030809, 51.685967305071074 ], [ -2.746422605980454, 51.569150080554842 ], [ -2.899505509149467, 51.529884716352491 ], [ -2.932005298057672, 51.840957158491364 ], [ -2.830500907774427, 52.005532076692361 ] ] ], [ [ [ -2.792206493518797, 51.307251704697897 ], [ -2.87908726641884, 51.334451058343504 ], [ -2.888265932584535, 51.422304862811281 ], [ -2.809087337860498, 51.485221190723422 ], [ -2.759548792305952, 51.494064126418415 ], [ -2.792206493518797, 51.307251704697897 ] ] ] ] } },
{ "type": "Feature", "properties": { "bus": "SHRE4A", "gen_view_gCO2_per_kWh": 61.657, "dominant_carrier": "wind_onshore" }, "geometry": { "type": "Polygon", "coordinates": [ [ [ -2.790574355694056, 52.155924468391561 ], [ -3.354442043729091, 52.449464079578142 ], [ -2.762593701051484, 52.998645228767728 ], [ -2.732558807310672, 53.002353046922437 ], [ -2.713866540871396, 52.404687289889331 ], [ -2.790574355694056, 52.155924468391561 ] ], [ [ -3.2648073160577, 52.462218742962222 ], [ -3.230732537516497, 52.453160302389477 ], [ -3.261516417549679, 52.463281412409096 ], [ -3.2648073160577, 52.462218742962222 ] ] ] } },
{ "type": "Feature", "properties": { "bus": "ABHA4B", "gen_view_gCO2_per_kWh": 22.288, "dominant_carrier": "solar_pv" }, "geometry": { "type": "Polygon", "coordinates": [ [ [ -3.938747161147522, 50.661338651646318 ], [ -3.585768968596321, 50.638852573942486 ], [ -3.485241921560836, 50.528589077808419 ], [ -3.501776969663907, 50.510389289156102 ], [ -3.503598709690632, 50.485008569116971 ], [ -3.473464459676959, 50.460329979080406 ], [ -3.547229959789167, 50.43924344904476 ], [ -3.542553979811891, 50.409605258999612 ], [ -3.474566639739448, 50.39725476898402 ], [ -3.512674679839508, 50.342710878899247 ], [ -3.629156640030843, 50.294416398820104 ], [ -3.649567830108738, 50.239960668736707 ], [ -3.636877410114866, 50.217265688703229 ], [ -3.718512690235879, 50.197185998668509 ], [ -3.767166840278601, 50.216227768694559 ], [ -3.784318400311141, 50.204739338676283 ], [ -3.805234511854632, 50.208397469791464 ], [ -3.938747161147522, 50.661338651646318 ] ] ] } },
{ "type": "Feature", "properties": { "bus": "EXET41", "gen_view_gCO2_per_kWh": 352.241, "dominant_carrier": "OCGT" }, "geometry": { "type": "Polygon", "coordinates": [ [ [ -3.503715904283143, 51.076294613071866 ], [ -3.461751700004816, 51.076116899242123 ], [ -3.165150121707522, 50.776221722240564 ], [ -3.160853431767997, 50.675443099217084 ], [ -3.251587599200522, 50.668376119410354 ], [ -3.294089279292789, 50.62743418934528 ], [ -3.35262647938855, 50.603349229305735 ], [ -3.412808619458513, 50.608314929311128 ], [ -3.485241921560836, 50.528589077808419 ], [ -3.585768968596321, 50.638852573942486 ], [ -3.503715904283143, 51.076294613071866 ] ] ] } },
{ "type": "Feature", "properties": { "bus": "TAUN41", "gen_view_gCO2_per_kWh": 27.66, "dominant_carrier": "solar_pv" }, "geometry": { "type": "Polygon", "coordinates": [ [ [ -3.397302156569307, 51.119951757853485 ], [ -3.078995353722033, 51.100389889459457 ], [ -2.994573645607569, 50.945744249129291 ], [ -3.165150121707522, 50.776221722240564 ], [ -3.461751700004816, 51.076116899242123 ], [ -3.397302156569307, 51.119951757853485 ] ] ] } },
{ "type": "Feature", "properties": { "bus": "SHUR41", "gen_view_gCO2_per_kWh": 97.27, "dominant_carrier": "biogas" }, "geometry": { "type": "Polygon", "coordinates": [ [ [ -3.348408624769988, 51.186176375125498 ], [ -3.27411019873241, 51.185044990230928 ], [ -3.147012354459342, 51.211324806536823 ], [ -3.062494916470343, 51.138502862585106 ], [ -3.078995353722033, 51.100389889459457 ], [ -3.397302156569307, 51.119951757853485 ], [ -3.348408624769988, 51.186176375125498 ] ] ] } },
{ "type": "Feature", "properties": { "bus": "ABTH21", "gen_view_gCO2_per_kWh": 377.806, "dominant_carrier": "CCGT" }, "geometry": { "type": "MultiPolygon", "coordinates": [ [ [ [ -3.66696450958699, 51.231184647242301 ], [ -3.615959059140746, 51.222625580289773 ], [ -3.534809389021792, 51.23595737031215 ], [ -3.397604578889012, 51.186925510232811 ], [ -3.348408624769988, 51.186176375125498 ], [ -3.397302156569307, 51.119951757853485 ], [ -3.461751700004816, 51.076116899242123 ], [ -3.503715904283143, 51.076294613071866 ], [ -3.694420709335769, 51.179344002417274 ], [ -3.66696450958699, 51.231184647242301 ] ] ], [ [ [ -3.351800042259967, 51.480665102398177 ], [ -3.272571221849188, 51.436830082559759 ], [ -3.253265207051156, 51.387461063499956 ], [ -3.400747778715131, 51.377962120546954 ], [ -3.493568273303697, 51.389135049606658 ], [ -3.351800042259967, 51.480665102398177 ] ] ] ] } },
{ "type": "Feature", "properties": { "bus": "COWT2A", "gen_view_gCO2_per_kWh": 0.0, "dominant_carrier": "wind_onshore" }, "geometry": { "type": "Polygon", "coordinates": [ [ [ -3.548670873324685, 51.59565314221075 ], [ -3.469421009568754, 51.621105653198406 ], [ -3.39930556014876, 51.554824567860287 ], [ -3.351800042259967, 51.480665102398177 ], [ -3.493568273303697, 51.389135049606658 ], [ -3.560472568907557, 51.397188410579204 ], [ -3.595582798564084, 51.425621683406959 ], [ -3.548670873324685, 51.59565314221075 ] ] ] } },
{ "type": "Feature", "properties": { "bus": "UPPB31", "gen_view_gCO2_per_kWh": 0.0, "dominant_carrier": "wind_onshore" }, "geometry": { "type": "Polygon", "coordinates": [ [ [ -3.39930556014876, 51.554824567860287 ], [ -3.28954336789438, 51.607932906644386 ], [ -3.328397034173165, 51.46792573008883 ], [ -3.351800042259967, 51.480665102398177 ], [ -3.39930556014876, 51.554824567860287 ] ] ] } },
{ "type": "Feature", "properties": { "bus": "CARE21", "gen_view_gCO2_per_kWh": 97.005, "dominant_carrier": "landfill_gas" }, "geometry": { "type": "Polygon", "coordinates": [ [ [ -3.085309775264583, 51.515330763213335 ], [ -3.271544175699348, 51.438659929998288 ], [ -3.152034246620373, 51.660664553129351 ], [ -3.145257319488452, 51.645992176894062 ], [ -3.085309775264583, 51.515330763213335 ] ] ] } },
{ "type": "Feature", "properties": { "bus": "UPPB21", "gen_view_gCO2_per_kWh": 0.0, "dominant_carrier": "solar_pv" }, "geometry": { "type": "Polygon", "coordinates": [ [ [ -3.178212079024387, 51.666291849814137 ], [ -3.156308754501453, 51.659559147541003 ], [ -3.272571221849188, 51.436830082559759 ], [ -3.328397034173165, 51.46792573008883 ], [ -3.28954336789438, 51.607932906644386 ], [ -3.178212079024387, 51.666291849814137 ] ] ] } },
{ "type": "Feature", "properties": { "bus": "CILF41", "gen_view_gCO2_per_kWh": 5.065, "dominant_carrier": "wind_onshore" }, "geometry": { "type": "Polygon", "coordinates": [ [ [ -3.469421009568754, 51.621105653198406 ], [ -3.385557383226369, 51.771014031645002 ], [ -3.178212079024387, 51.666291849814137 ], [ -3.39930556014876, 51.554824567860287 ], [ -3.469421009568754, 51.621105653198406 ] ] ] } },
{ "type": "Feature", "properties": { "bus": "MANN11", "gen_view_gCO2_per_kWh": 57.249, "dominant_carrier": "solar_pv" }, "geometry": { "type": "Polygon", "coordinates": [ [ [ -1.990345044134858, 51.134628405624618 ], [ -1.756904880713608, 51.178473119875655 ], [ -1.652180259674238, 50.723794839781512 ], [ -1.682464697354822, 50.731458479575757 ], [ -1.721074497397194, 50.729314789570594 ], [ -1.74833816744892, 50.707925019537555 ], [ -1.828894217524628, 50.715849359545011 ], [ -1.907688707624964, 50.700122889517608 ], [ -1.936287007677788, 50.679347999485344 ], [ -1.942991707715106, 50.651375389443572 ], [ -1.917189647699454, 50.640537609428996 ], [ -1.946322187752439, 50.620097699397249 ], [ -1.945817127782288, 50.592017009355956 ], [ -2.049336347914018, 50.57207660932071 ], [ -2.141308680074401, 50.600394551023172 ], [ -2.289023649271151, 50.994491194335545 ], [ -1.990345044134858, 51.134628405624618 ] ] ] } },
{ "type": "Feature", "properties": { "bus": "MELK41", "gen_view_gCO2_per_kWh": 36.144, "dominant_carrier": "solar_pv" }, "geometry": { "type": "Polygon", "coordinates": [ [ [ -2.503004770534853, 51.130810314046244 ], [ -2.264472741690028, 51.576302569887226 ], [ -2.245154917084669, 51.581388540879807 ], [ -2.264056014026833, 51.577080867659859 ], [ -2.243443339503042, 51.615577948815385 ], [ -2.11268486777772, 51.525149859284824 ], [ -1.990345044134858, 51.134628405624618 ], [ -2.289023649271151, 50.994491194335545 ], [ -2.504263250918236, 51.089534971354269 ], [ -2.503004770534853, 51.130810314046244 ] ], [ [ -2.282659207289322, 51.421688040621881 ], [ -2.293283895863212, 51.370433843527209 ], [ -2.278540867290379, 51.415882160612618 ], [ -2.289070367008587, 51.452359496761225 ], [ -2.306114611589809, 51.428591667348485 ], [ -2.282659207289322, 51.421688040621881 ] ], [ [ -2.369189677579365, 51.234730710322651 ], [ -2.369281034907694, 51.234831554813972 ], [ -2.423959737659047, 51.219183690297079 ], [ -2.369189677579365, 51.234730710322651 ] ] ] } },
{ "type": "Feature", "properties": { "bus": "PAFB4B", "gen_view_gCO2_per_kWh": 36.035, "dominant_carrier": "solar_pv" }, "geometry": { "type": "Polygon", "coordinates": [ [ [ -2.11268486777772, 51.525149859284824 ], [ -1.644068769230266, 51.512989446228659 ], [ -1.599615680300171, 51.342560880164712 ], [ -1.756904880713608, 51.178473119875655 ], [ -1.990345044134858, 51.134628405624618 ], [ -2.11268486777772, 51.525149859284824 ] ] ] } },
{ "type": "Feature", "properties": { "bus": "SEAB41", "gen_view_gCO2_per_kWh": 356.678, "dominant_carrier": "CCGT" }, "geometry": { "type": "Polygon", "coordinates": [ [ [ -2.792206493518797, 51.307251704697897 ], [ -2.759548792305952, 51.494064126418415 ], [ -2.737040917758983, 51.498081920744468 ], [ -2.636824207544524, 51.591992690898358 ], [ -2.614547777526203, 51.58279069088313 ], [ -2.651517127661511, 51.600824838430121 ], [ -2.676048817582256, 51.602793560916396 ], [ -2.707620337644149, 51.57910276087749 ], [ -2.746422605980454, 51.569150080554842 ], [ -2.726001148030809, 51.685967305071074 ], [ -2.575863567652319, 51.552539944914493 ], [ -2.503004770534853, 51.130810314046244 ], [ -2.509374558237841, 51.107879871930663 ], [ -2.792206493518797, 51.307251704697897 ] ], [ [ -2.509649774279892, 51.124977718749165 ], [ -2.510768536842771, 51.127118623799269 ], [ -2.51166088785557, 51.12638668014867 ], [ -2.509649774279892, 51.124977718749165 ] ] ] } },
{ "type": "Feature", "properties": { "bus": "IROA13", "gen_view_gCO2_per_kWh": 0.0, "dominant_carrier": "solar_pv" }, "geometry": { "type": "Polygon", "coordinates": [ [ [ -2.406454533072256, 51.743551616895687 ], [ -2.244475793751322, 51.628451178440031 ], [ -2.243443339503042, 51.615577948815385 ], [ -2.264056014026833, 51.577080867659859 ], [ -2.275382907127144, 51.574499400868646 ], [ -2.264472741690028, 51.576302569887226 ], [ -2.503004770534853, 51.130810314046244 ], [ -2.575863567652319, 51.552539944914493 ], [ -2.406454533072256, 51.743551616895687 ] ], [ [ -2.526803959757155, 51.444008479046971 ], [ -2.526880977556313, 51.443982930656553 ], [ -2.526748040488775, 51.443845633771573 ], [ -2.526803959757155, 51.444008479046971 ] ], [ [ -2.51235773930756, 51.428983386824711 ], [ -2.508181497553027, 51.424670180625327 ], [ -2.492286942992676, 51.422895177366698 ], [ -2.51235773930756, 51.428983386824711 ] ], [ [ -2.454502642981093, 51.418675665873565 ], [ -2.443258047482799, 51.417419940613975 ], [ -2.34328984734244, 51.43953345065021 ], [ -2.454502642981093, 51.418675665873565 ] ] ] } },
{ "type": "Feature", "properties": { "bus": "MITY12", "gen_view_gCO2_per_kWh": 27.092, "dominant_carrier": "solar_pv" }, "geometry": { "type": "Polygon", "coordinates": [ [ [ -2.244475793751322, 51.628451178440031 ], [ -1.945765845413057, 51.928099719379105 ], [ -1.653095574992106, 51.914903168640869 ], [ -1.644068769230266, 51.512989446228659 ], [ -2.11268486777772, 51.525149859284824 ], [ -2.243443339503042, 51.615577948815385 ], [ -2.244475793751322, 51.628451178440031 ] ] ] } },
{ "type": "Feature", "properties": { "bus": "OLDS12", "gen_view_gCO2_per_kWh": 53.667, "dominant_carrier": "solar_pv" }, "geometry": { "type": "Polygon", "coordinates": [ [ [ -2.790574355694056, 52.155924468391561 ], [ -2.757834071744923, 52.153899285897587 ], [ -2.678353234938773, 52.114630428879288 ], [ -2.406454533072256, 51.743551616895687 ], [ -2.575863567652319, 51.552539944914493 ], [ -2.726001148030809, 51.685967305071074 ], [ -2.830500907774427, 52.005532076692361 ], [ -2.790574355694056, 52.155924468391561 ] ], [ [ -2.75663583744945, 51.845918621322475 ], [ -2.671996365054465, 51.834810867627183 ], [ -2.69729439737589, 51.844834331319547 ], [ -2.75663583744945, 51.845918621322475 ] ], [ [ -2.659749850913833, 51.829958613179613 ], [ -2.665352863284361, 51.813767432670232 ], [ -2.650311287334985, 51.826218911287462 ], [ -2.659749850913833, 51.829958613179613 ] ], [ [ -2.674023071855481, 51.788712890087488 ], [ -2.680647567427102, 51.769569901193222 ], [ -2.662700087420072, 51.753652631166389 ], [ -2.674023071855481, 51.788712890087488 ] ], [ [ -2.687670593525883, 51.729568128399563 ], [ -2.687694737474315, 51.729544841126554 ], [ -2.669464317477966, 51.702248271080926 ], [ -2.687670593525883, 51.729568128399563 ] ] ] } },
{ "type": "Feature", "properties": { "bus": "WALH41", "gen_view_gCO2_per_kWh": 150.232, "dominant_carrier": "waste_to_energy" }, "geometry": { "type": "Polygon", "coordinates": [ [ [ -2.678353234938773, 52.114630428879288 ], [ -2.150948842775051, 52.086553714449394 ], [ -1.945765845413057, 51.928099719379105 ], [ -2.244475793751322, 51.628451178440031 ], [ -2.406454533072256, 51.743551616895687 ], [ -2.678353234938773, 52.114630428879288 ] ] ] } },
{ "type": "Feature", "properties": { "bus": "FECK21", "gen_view_gCO2_per_kWh": 25.937, "dominant_carrier": "solar_pv" }, "geometry": { "type": "Polygon", "coordinates": [ [ [ -2.099713526260812, 52.317270377263014 ], [ -1.889739422308066, 52.365482131329053 ], [ -1.794293636231226, 52.322838985986827 ], [ -1.644800670565541, 51.923879215552844 ], [ -1.653095574992106, 51.914903168640869 ], [ -1.945765845413057, 51.928099719379105 ], [ -2.150948842775051, 52.086553714449394 ], [ -2.099713526260812, 52.317270377263014 ] ] ] } },
{ "type": "Feature", "properties": { "bus": "BISW21", "gen_view_gCO2_per_kWh": 265.93, "dominant_carrier": "waste_to_energy" }, "geometry": { "type": "Polygon", "coordinates": [ [ [ -2.757834071744923, 52.153899285897587 ], [ -2.393499860230583, 52.458171525802044 ], [ -2.155247367744854, 52.424579076644811 ], [ -2.099713526260812, 52.317270377263014 ], [ -2.150948842775051, 52.086553714449394 ], [ -2.678353234938773, 52.114630428879288 ], [ -2.757834071744923, 52.153899285897587 ] ] ] } },
{ "type": "Feature", "properties": { "bus": "KITW21", "gen_view_gCO2_per_kWh": 117.724, "dominant_carrier": "landfill_gas" }, "geometry": { "type": "Polygon", "coordinates": [ [ [ -2.140009715760757, 52.448326446082547 ], [ -1.945587353946602, 52.474713783133097 ], [ -1.889739422308066, 52.365482131329053 ], [ -2.099713526260812, 52.317270377263014 ], [ -2.155247367744854, 52.424579076644811 ], [ -2.140009715760757, 52.448326446082547 ] ] ] } },
{ "type": "Feature", "properties": { "bus": "NECH12", "gen_view_gCO2_per_kWh": 254.294, "dominant_carrier": "waste_to_energy" }, "geometry": { "type": "Polygon", "coordinates": [ [ [ -1.889739422308066, 52.365482131329053 ], [ -1.939374548176104, 52.472201495436352 ], [ -1.890196870881039, 52.572732165850745 ], [ -1.779722549297924, 52.353894496710446 ], [ -1.794293636231226, 52.322838985986827 ], [ -1.889739422308066, 52.365482131329053 ] ] ] } },
{ "type": "Feature", "properties": { "bus": "OLDB11", "gen_view_gCO2_per_kWh": 246.487, "dominant_carrier": "waste_to_energy" }, "geometry": { "type": "Polygon", "coordinates": [ [ [ -2.125468792684568, 52.495011519091875 ], [ -1.995285243972742, 52.528001980330345 ], [ -1.945587353946602, 52.474713783133097 ], [ -2.140009715760757, 52.448326446082547 ], [ -2.125468792684568, 52.495011519091875 ] ] ] } },
{ "type": "Feature", "properties": { "bus": "OCKH21", "gen_view_gCO2_per_kWh": 299.794, "dominant_carrier": "waste_to_energy" }, "geometry": { "type": "Polygon", "coordinates": [ [ [ -2.125468792684568, 52.495011519091875 ], [ -2.005849183698672, 52.589129501091215 ], [ -1.995285243972742, 52.528001980330345 ], [ -2.125468792684568, 52.495011519091875 ] ] ] } },
{ "type": "Feature", "properties": { "bus": "BUST4B", "gen_view_gCO2_per_kWh": 104.195, "dominant_carrier": "landfill_gas" }, "geometry": { "type": "Polygon", "coordinates": [ [ [ -2.005849183698672, 52.589129501091215 ], [ -1.986767390700358, 52.665760829052616 ], [ -1.865014326045045, 52.634605672971851 ], [ -1.939374548176104, 52.472201495436352 ], [ -1.995285243972742, 52.528001980330345 ], [ -2.005849183698672, 52.589129501091215 ] ] ] } },
{ "type": "Feature", "properties": { "bus": "IRON11", "gen_view_gCO2_per_kWh": 66.406, "dominant_carrier": "landfill_gas" }, "geometry": { "type": "Polygon", "coordinates": [ [ [ -2.713866540871396, 52.404687289889331 ], [ -2.469621232984563, 52.98281995170661 ], [ -2.443297876260719, 52.987776779623204 ], [ -2.314443792871486, 52.854019644705048 ], [ -2.313695077138359, 52.774902008501634 ], [ -2.393499860230583, 52.458171525802044 ], [ -2.757834071744923, 52.153899285897587 ], [ -2.790574355694056, 52.155924468391561 ], [ -2.713866540871396, 52.404687289889331 ] ] ] } },
{ "type": "Feature", "properties": { "bus": "WIEN2A", "gen_view_gCO2_per_kWh": 299.21, "dominant_carrier": "waste_to_energy" }, "geometry": { "type": "Polygon", "coordinates": [ [ [ -2.133633512259207, 52.563588223008125 ], [ -2.005976685156826, 52.6817293215964 ], [ -1.986767390700358, 52.665760829052616 ], [ -2.005849183698672, 52.589129501091215 ], [ -2.124994246685513, 52.500386741779955 ], [ -2.133633512259207, 52.563588223008125 ] ] ] } },
{ "type": "Feature", "properties": { "bus": "PENN21", "gen_view_gCO2_per_kWh": 111.936, "dominant_carrier": "landfill_gas" }, "geometry": { "type": "Polygon", "coordinates": [ [ [ -2.124994246685513, 52.500386741779955 ], [ -2.155247367744854, 52.424579076644811 ], [ -2.393499860230583, 52.458171525802044 ], [ -2.313695077138359, 52.774902008501634 ], [ -2.133633512259207, 52.563588223008125 ], [ -2.124994246685513, 52.500386741779955 ] ] ] } },
{ "type": "Feature", "properties": { "bus": "SHRE11", "gen_view_gCO2_per_kWh": 0.0, "dominant_carrier": "solar_pv" }, "geometry": { "type": "Polygon", "coordinates": [ [ [ -2.712674009577554, 53.006945689011353 ], [ -2.469621232984563, 52.98281995170661 ], [ -2.713866540871396, 52.404687289889331 ], [ -2.732558807310672, 53.002353046922437 ], [ -2.712674009577554, 53.006945689011353 ] ] ] } },
{ "type": "Feature", "properties": { "bus": "BUSH11", "gen_view_gCO2_per_kWh": 239.02, "dominant_carrier": "waste_to_energy" }, "geometry": { "type": "Polygon", "coordinates": [ [ [ -2.314443792871486, 52.854019644705048 ], [ -2.097129735356607, 52.838455810681893 ], [ -2.005976685156826, 52.6817293215964 ], [ -2.133633512259207, 52.563588223008125 ], [ -2.313695077138359, 52.774902008501634 ], [ -2.314443792871486, 52.854019644705048 ] ] ] } },
{ "type": "Feature", "properties": { "bus": "RHIG41", "gen_view_gCO2_per_kWh": 38.088, "dominant_carrier": "wind_onshore" }, "geometry": { "type": "Polygon", "coordinates": [ [ [ -3.846329057431939, 52.304916698571908 ], [ -3.509709525316196, 52.419587721569577 ], [ -3.385557383226369, 51.771014031645002 ], [ -3.469421009568754, 51.621105653198406 ], [ -3.548670873324685, 51.59565314221075 ], [ -3.673389696608747, 51.678151354318707 ], [ -3.702986118544478, 51.710767883937748 ], [ -3.780293284046369, 51.880666645444059 ], [ -3.846329057431939, 52.304916698571908 ] ], [ [ -3.647741541619915, 52.361759956793605 ], [ -3.586009448090401, 52.358099612238355 ], [ -3.635350668149486, 52.369982962261986 ], [ -3.647741541619915, 52.361759956793605 ] ] ] } },
{ "type": "Feature", "properties": { "bus": "RASS41", "gen_view_gCO2_per_kWh": 59.556, "dominant_carrier": "landfill_gas" }, "geometry": { "type": "Polygon", "coordinates": [ [ [ -3.443867583358586, 52.462193612913538 ], [ -3.354442043729091, 52.449464079578142 ], [ -2.793833625259382, 52.155360719642374 ], [ -2.830500907774427, 52.005532076692361 ], [ -2.932005298057672, 51.840957158491364 ], [ -3.006024339489688, 51.769730912448658 ], [ -3.156308754501453, 51.659559147541003 ], [ -3.385557383226369, 51.771014031645002 ], [ -3.509709525316196, 52.419587721569577 ], [ -3.443867583358586, 52.462193612913538 ] ], [ [ -3.257797734302612, 52.384720832379983 ], [ -3.255026887612097, 52.382256052265163 ], [ -3.254124065438066, 52.38203615428634 ], [ -3.257797734302612, 52.384720832379983 ] ], [ [ -3.099251627726391, 52.022649301631702 ], [ -3.067844637721028, 51.98348172156355 ], [ -3.008283542220232, 51.927411922111581 ], [ -3.099251627726391, 52.022649301631702 ] ], [ [ -3.007887099201949, 51.927038717415748 ], [ -3.007788227694849, 51.926945641465274 ], [ -2.976878787654097, 51.927676271465749 ], [ -3.007887099201949, 51.927038717415748 ] ], [ [ -2.971770307668673, 51.904881321426849 ], [ -2.96878729586565, 51.905803750113634 ], [ -2.976878787654097, 51.927676271465749 ], [ -2.971770307668673, 51.904881321426849 ] ] ] } },
{ "type": "Feature", "properties": { "bus": "TREU4A", "gen_view_gCO2_per_kWh": 0.0, "dominant_carrier": "wind_onshore" }, "geometry": { "type": "Polygon", "coordinates": [ [ [ -3.270542077576393, 53.247054596327857 ], [ -3.011856286272854, 53.132412811882084 ], [ -3.465698923771358, 52.76723879385117 ], [ -3.270542077576393, 53.247054596327857 ] ] ] } },
{ "type": "Feature", "properties": { "bus": "SASA11", "gen_view_gCO2_per_kWh": 2.215, "dominant_carrier": "wind_onshore" }, "geometry": { "type": "Polygon", "coordinates": [ [ [ -3.500075441662422, 53.235132145258596 ], [ -3.470160946909243, 53.329642106228206 ], [ -3.319435916867211, 53.363060614051228 ], [ -3.27248484171471, 53.338402304244894 ], [ -3.270542077576393, 53.247054596327857 ], [ -3.47574795782311, 52.748839458480276 ], [ -3.571269830111844, 52.889165533562242 ], [ -3.500075441662422, 53.235132145258596 ] ] ] } },
{ "type": "Feature", "properties": { "bus": "BBWO21", "gen_view_gCO2_per_kWh": 119.944, "dominant_carrier": "landfill_gas" }, "geometry": { "type": "Polygon", "coordinates": [ [ [ -3.65130309528401, 52.99107359563105 ], [ -3.687350247271772, 53.19709616115987 ], [ -3.679505831199728, 53.301020970841584 ], [ -3.614715917349941, 53.297591613956499 ], [ -3.538661525017791, 53.314454269776903 ], [ -3.500075441662422, 53.235132145258596 ], [ -3.571269830111844, 52.889165533562242 ], [ -3.65130309528401, 52.99107359563105 ] ] ] } },
{ "type": "Feature", "properties": { "bus": "CONQ41", "gen_view_gCO2_per_kWh": 393.216, "dominant_carrier": "CCGT" }, "geometry": { "type": "Polygon", "coordinates": [ [ [ -3.265693758924022, 53.31304532245349 ], [ -3.216515233249815, 53.309007536589718 ], [ -3.105065956655885, 53.250475313823145 ], [ -3.119784286660712, 53.269366513859282 ], [ -3.098057306618536, 53.283180133882809 ], [ -3.111021954453425, 53.300346047372521 ], [ -3.08913477274259, 53.298549007878165 ], [ -3.046757886650203, 53.149469295522465 ], [ -3.270542077576393, 53.247054596327857 ], [ -3.265693758924022, 53.31304532245349 ] ] ] } },
{ "type": "Feature", "properties": { "bus": "BIRK21", "gen_view_gCO2_per_kWh": 6.574, "dominant_carrier": "wind_offshore" }, "geometry": { "type": "MultiPolygon", "coordinates": [ [ [ [ -3.27248484171471, 53.338402304244894 ], [ -3.216515233249815, 53.309007536589718 ], [ -3.265693758924022, 53.31304532245349 ], [ -3.27248484171471, 53.338402304244894 ] ] ], [ [ [ -2.975597738531846, 53.349075241599529 ], [ -3.022007670722128, 53.296334566418018 ], [ -3.111021954453425, 53.300346047372521 ], [ -3.128016216627532, 53.322847393958781 ], [ -3.235347926727272, 53.386518954086888 ], [ -3.029635616379899, 53.453156794190754 ], [ -3.111973256407681, 53.56062480439904 ], [ -3.076175931621453, 53.60746590170362 ], [ -2.975597738531846, 53.349075241599529 ] ] ] ] } },
{ "type": "Feature", "properties": { "bus": "BODE41", "gen_view_gCO2_per_kWh": 0.0, "dominant_carrier": "wind_offshore" }, "geometry": { "type": "Polygon", "coordinates": [ [ [ -3.500075441662422, 53.235132145258596 ], [ -3.538661525017791, 53.314454269776903 ], [ -3.470160946909243, 53.329642106228206 ], [ -3.500075441662422, 53.235132145258596 ] ] ] } },
{ "type": "Feature", "properties": { "bus": "WAAO11", "gen_view_gCO2_per_kWh": 0.0, "dominant_carrier": "load_shedding" }, "geometry": { "type": "Polygon", "coordinates": [ [ [ -3.225072537748135, 54.123250900265802 ], [ -3.2168260138884, 54.093379098952049 ], [ -3.229035939560057, 54.09119904222927 ], [ -3.225072537748135, 54.123250900265802 ] ] ] } },
{ "type": "Feature", "properties": { "bus": "BOSW30", "gen_view_gCO2_per_kWh": 0.0, "dominant_carrier": "wind_onshore" }, "geometry": { "type": "MultiPolygon", "coordinates": [ [ [ [ -3.296837980011645, 54.422177117982429 ], [ -3.245769665259023, 54.209461113000607 ], [ -3.249019886106848, 54.187987355601912 ], [ -3.329675316225901, 54.189439765615255 ], [ -3.425779246300741, 54.280895515803891 ], [ -3.432004756267385, 54.337652795914245 ], [ -3.447556572428726, 54.350302055662596 ], [ -3.296837980011645, 54.422177117982429 ] ] ], [ [ [ -3.225072537748135, 54.123250900265802 ], [ -3.229813696153706, 54.09106017541415 ], [ -3.26809952615051, 54.168172525566469 ], [ -3.237693706517415, 54.175822139631855 ], [ -3.225072537748135, 54.123250900265802 ] ] ] ] } },
{ "type": "Feature", "properties": { "bus": "LEGA41", "gen_view_gCO2_per_kWh": 42.857, "dominant_carrier": "solar_pv" }, "geometry": { "type": "Polygon", "coordinates": [ [ [ -3.465698923771358, 52.76723879385117 ], [ -3.011856286272854, 53.132412811882084 ], [ -2.97178126969149, 53.135161315236189 ], [ -2.861051574029887, 53.086622014897095 ], [ -2.762593701051484, 52.998645228767728 ], [ -3.354442043729091, 52.449464079578142 ], [ -3.443867583358586, 52.462193612913538 ], [ -3.47574795782311, 52.748839458480276 ], [ -3.465698923771358, 52.76723879385117 ] ] ] } },
{ "type": "Feature", "properties": { "bus": "INCE11", "gen_view_gCO2_per_kWh": 228.21, "dominant_carrier": "waste_to_energy" }, "geometry": { "type": "Polygon", "coordinates": [ [ [ -2.840531018960712, 53.375683740908656 ], [ -2.822649957043929, 53.378024600724721 ], [ -2.794276282840956, 53.360096496106927 ], [ -2.716827038501614, 53.075068241483393 ], [ -2.712674009577554, 53.006945689011353 ], [ -2.762593701051484, 52.998645228767728 ], [ -2.861051574029887, 53.086622014897095 ], [ -2.894915695542339, 53.33634705818983 ], [ -2.840531018960712, 53.375683740908656 ] ] ] } },
{ "type": "Feature", "properties": { "bus": "FROD11", "gen_view_gCO2_per_kWh": 0.0, "dominant_carrier": "load_shedding" }, "geometry": { "type": "Polygon", "coordinates": [ [ [ -2.763208331200261, 53.263621323464157 ], [ -2.698194992079295, 53.33831056085981 ], [ -2.671664396674098, 53.325934735596633 ], [ -2.716827038501614, 53.075068241483393 ], [ -2.763208331200261, 53.263621323464157 ] ] ] } },
{ "type": "Feature", "properties": { "bus": "FLIB41", "gen_view_gCO2_per_kWh": 192.227, "dominant_carrier": "waste_to_energy" }, "geometry": { "type": "Polygon", "coordinates": [ [ [ -3.046757886650203, 53.149469295522465 ], [ -3.08913477274259, 53.298549007878165 ], [ -3.022007670722128, 53.296334566418018 ], [ -2.97178126969149, 53.135161315236189 ], [ -3.011856286272854, 53.132412811882084 ], [ -3.046757886650203, 53.149469295522465 ] ] ] } },
{ "type": "Feature", "properties": { "bus": "CAPE1A", "gen_view_gCO2_per_kWh": 108.5, "dominant_carrier": "advanced_biofuel" }, "geometry": { "type": "Polygon", "coordinates": [ [ [ -3.022007670722128, 53.296334566418018 ], [ -2.975597738531846, 53.349075241599529 ], [ -2.894915695542339, 53.33634705818983 ], [ -2.861051574029887, 53.086622014897095 ], [ -2.97178126969149, 53.135161315236189 ], [ -3.022007670722128, 53.296334566418018 ] ] ] } },
{ "type": "Feature", "properties": { "bus": "ROCK41", "gen_view_gCO2_per_kWh": 329.764, "dominant_carrier": "waste_to_energy" }, "geometry": { "type": "Polygon", "coordinates": [ [ [ -2.742685898463853, 53.366710022201332 ], [ -2.698194992079295, 53.33831056085981 ], [ -2.763208331200261, 53.263621323464157 ], [ -2.794276282840956, 53.360096496106927 ], [ -2.742685898463853, 53.366710022201332 ] ] ] } },
{ "type": "Feature", "properties": { "bus": "KIBY11", "gen_view_gCO2_per_kWh": 0.0, "dominant_carrier": "solar_pv" }, "geometry": { "type": "Polygon", "coordinates": [ [ [ -2.961962304532801, 53.556541435025281 ], [ -2.7718122604357, 53.495663114823245 ], [ -2.822649957043929, 53.378024600724721 ], [ -2.840531018960712, 53.375683740908656 ], [ -2.961962304532801, 53.556541435025281 ] ] ] } },
{ "type": "Feature", "properties": { "bus": "RAIN11", "gen_view_gCO2_per_kWh": 0.0, "dominant_carrier": "load_shedding" }, "geometry": { "type": "Polygon", "coordinates": [ [ [ -2.7718122604357, 53.495663114823245 ], [ -2.629261155214167, 53.578472843574566 ], [ -2.578545494184398, 53.577124098583063 ], [ -2.573477035543975, 53.535713741985482 ], [ -2.742685898463853, 53.366710022201332 ], [ -2.794276282840956, 53.360096496106927 ], [ -2.822649957043929, 53.378024600724721 ], [ -2.7718122604357, 53.495663114823245 ] ] ] } },
{ "type": "Feature", "properties": { "bus": "LISD2A", "gen_view_gCO2_per_kWh": 0.0, "dominant_carrier": "wind_onshore" }, "geometry": { "type": "Polygon", "coordinates": [ [ [ -2.894915695542339, 53.33634705818983 ], [ -2.975597738531846, 53.349075241599529 ], [ -3.076175931621453, 53.60746590170362 ], [ -3.060307182799155, 53.628230291560314 ], [ -2.961962304532801, 53.556541435025281 ], [ -2.840531018960712, 53.375683740908656 ], [ -2.894915695542339, 53.33634705818983 ] ] ] } },
{ "type": "Feature", "properties": { "bus": "WASF2A", "gen_view_gCO2_per_kWh": 104.745, "dominant_carrier": "landfill_gas" }, "geometry": { "type": "Polygon", "coordinates": [ [ [ -3.060307182799155, 53.628230291560314 ], [ -3.048153274292551, 53.644133781957692 ], [ -2.933988821488801, 53.705276099931062 ], [ -2.753492499735156, 53.641208875482349 ], [ -2.629261155214167, 53.578472843574566 ], [ -2.7718122604357, 53.495663114823245 ], [ -2.961962304532801, 53.556541435025281 ], [ -3.060307182799155, 53.628230291560314 ] ] ] } },
{ "type": "Feature", "properties": { "bus": "RUGE41", "gen_view_gCO2_per_kWh": 0.0, "dominant_carrier": "solar_pv" }, "geometry": { "type": "Polygon", "coordinates": [ [ [ -2.005976685156826, 52.6817293215964 ], [ -2.097129735356607, 52.838455810681893 ], [ -1.799796043627011, 53.017594807219446 ], [ -1.774444652364647, 52.674045595909291 ], [ -1.800156463542398, 52.650759685897533 ], [ -1.865014326045045, 52.634605672971851 ], [ -1.986767390700358, 52.665760829052616 ], [ -2.005976685156826, 52.6817293215964 ] ] ] } },
{ "type": "Feature", "properties": { "bus": "CELL41", "gen_view_gCO2_per_kWh": 204.675, "dominant_carrier": "waste_to_energy" }, "geometry": { "type": "Polygon", "coordinates": [ [ [ -2.386156287423868, 53.111571150419891 ], [ -1.800271342302498, 53.201190114714393 ], [ -1.759073459242881, 53.128641666043784 ], [ -1.799796043627011, 53.017594807219446 ], [ -2.097129735356607, 52.838455810681893 ], [ -2.314443792871486, 52.854019644705048 ], [ -2.433472014325127, 52.977577031923857 ], [ -2.381021925898497, 52.998155003305889 ], [ -2.437430419912475, 52.981686059564097 ], [ -2.443297876260719, 52.987776779623204 ], [ -2.386156287423868, 53.111571150419891 ] ] ] } },
{ "type": "Feature", "properties": { "bus": "WEAV71", "gen_view_gCO2_per_kWh": 281.144, "dominant_carrier": "waste_to_energy" }, "geometry": { "type": "Polygon", "coordinates": [ [ [ -2.546514010781266, 53.413124353157187 ], [ -2.385507363535702, 53.124446441409205 ], [ -2.443297876260719, 52.987776779623204 ], [ -2.469621232984563, 52.98281995170661 ], [ -2.712674009577554, 53.006945689011353 ], [ -2.716827038501614, 53.075068241483393 ], [ -2.671664396674098, 53.325934735596633 ], [ -2.546514010781266, 53.413124353157187 ] ] ] } },
{ "type": "Feature", "properties": { "bus": "MACC41", "gen_view_gCO2_per_kWh": 103.533, "dominant_carrier": "landfill_gas" }, "geometry": { "type": "Polygon", "coordinates": [ [ [ -2.386156287423868, 53.111571150419891 ], [ -2.335273945771334, 53.206918978663111 ], [ -2.207132009940384, 53.335962558157306 ], [ -1.997498788381442, 53.351300877055586 ], [ -1.821130270492853, 53.290665819087558 ], [ -1.800271342302498, 53.201190114714393 ], [ -2.386156287423868, 53.111571150419891 ] ], [ [ -1.980986240268668, 53.225821858179671 ], [ -1.944600049147004, 53.236697005504858 ], [ -1.978134605169912, 53.232423583691897 ], [ -1.980986240268668, 53.225821858179671 ] ], [ [ -1.962461065155933, 53.226202833679473 ], [ -1.9859194731729, 53.214401094865373 ], [ -1.997093605234174, 53.18853223361517 ], [ -1.962461065155933, 53.226202833679473 ] ], [ [ -2.246386490071326, 53.163717513709486 ], [ -2.246013864065477, 53.166195379453967 ], [ -2.250686075578118, 53.165707173595443 ], [ -2.246386490071326, 53.163717513709486 ] ], [ [ -2.208656215513347, 53.177452913613017 ], [ -2.219241011399359, 53.192260881705842 ], [ -2.217356055532033, 53.169189873598924 ], [ -2.170011525452174, 53.190200953632619 ], [ -2.208656215513347, 53.177452913613017 ] ], [ [ -2.222624147618101, 53.196993837704255 ], [ -2.224567625513652, 53.199712733654309 ], [ -2.305096875591555, 53.229006213713859 ], [ -2.222624147618101, 53.196993837704255 ] ] ] } },
{ "type": "Feature", "properties": { "bus": "DAIN41", "gen_view_gCO2_per_kWh": 0.0, "dominant_carrier": "load_shedding" }, "geometry": { "type": "Polygon", "coordinates": [ [ [ -2.458317417338061, 53.265975101393991 ], [ -2.408579624666527, 53.385156007415851 ], [ -2.375163276885721, 53.368691022492172 ], [ -2.407519601307272, 53.387696018493472 ], [ -2.36819150475656, 53.481933376592842 ], [ -2.325159432706931, 53.474271549922435 ], [ -2.32940517197838, 53.362045750819256 ], [ -2.337116604878362, 53.362561845311987 ], [ -2.329432478805226, 53.361323961216172 ], [ -2.335273945771334, 53.206918978663111 ], [ -2.385507363535702, 53.124446441409205 ], [ -2.458317417338061, 53.265975101393991 ] ] ] } },
{ "type": "Feature", "properties": { "bus": "SMAN21", "gen_view_gCO2_per_kWh": 119.466, "dominant_carrier": "biogas" }, "geometry": { "type": "Polygon", "coordinates": [ [ [ -2.276939534542676, 53.509124953785097 ], [ -2.201367039888502, 53.457195494514359 ], [ -2.207132009940384, 53.335962558157306 ], [ -2.335273945771334, 53.206918978663111 ], [ -2.325159432706931, 53.474271549922435 ], [ -2.276939534542676, 53.509124953785097 ] ], [ [ -2.303155408018742, 53.37733085706823 ], [ -2.309006775455978, 53.386650023999351 ], [ -2.31965319175182, 53.365191550047342 ], [ -2.303155408018742, 53.37733085706823 ] ] ] } },
{ "type": "Feature", "properties": { "bus": "BRED21", "gen_view_gCO2_per_kWh": 115.855, "dominant_carrier": "landfill_gas" }, "geometry": { "type": "Polygon", "coordinates": [ [ [ -2.201367039888502, 53.457195494514359 ], [ -2.112544069936943, 53.482249521011873 ], [ -1.997498788381442, 53.351300877055586 ], [ -2.207132009940384, 53.335962558157306 ], [ -2.201367039888502, 53.457195494514359 ] ] ] } },
{ "type": "Feature", "properties": { "bus": "CARR21", "gen_view_gCO2_per_kWh": 59.77, "dominant_carrier": "nuclear" }, "geometry": { "type": "Polygon", "coordinates": [ [ [ -2.574661166965409, 53.564561235644845 ], [ -2.36819150475656, 53.481933376592842 ], [ -2.407519601307272, 53.387696018493472 ], [ -2.435674524879886, 53.404233255632697 ], [ -2.408579624666527, 53.385156007415851 ], [ -2.458317417338061, 53.265975101393991 ], [ -2.546514010781266, 53.413124353157187 ], [ -2.574661166965409, 53.564561235644845 ] ], [ [ -2.44943067760042, 53.412313148269469 ], [ -2.450865585620287, 53.413155964061048 ], [ -2.488701815688412, 53.393027194027916 ], [ -2.44943067760042, 53.412313148269469 ] ] ] } },
{ "type": "Feature", "properties": { "bus": "FIDF21", "gen_view_gCO2_per_kWh": 114.452, "dominant_carrier": "landfill_gas" }, "geometry": { "type": "Polygon", "coordinates": [ [ [ -2.573477035543975, 53.535713741985482 ], [ -2.546514010781266, 53.413124353157187 ], [ -2.671664396674098, 53.325934735596633 ], [ -2.742685898463853, 53.366710022201332 ], [ -2.573477035543975, 53.535713741985482 ] ] ] } },
{ "type": "Feature", "properties": { "bus": "STAL4A", "gen_view_gCO2_per_kWh": 108.084, "dominant_carrier": "landfill_gas" }, "geometry": { "type": "Polygon", "coordinates": [ [ [ -2.060755353476699, 53.648236511246026 ], [ -2.028085342098228, 53.691585404832679 ], [ -1.817344741159725, 53.467288799689982 ], [ -1.821130270492853, 53.290665819087558 ], [ -1.997498788381442, 53.351300877055586 ], [ -2.112544069936943, 53.482249521011873 ], [ -2.060755353476699, 53.648236511246026 ] ] ] } },
{ "type": "Feature", "properties": { "bus": "MIDL41", "gen_view_gCO2_per_kWh": 0.0, "dominant_carrier": "load_shedding" }, "geometry": { "type": "Polygon", "coordinates": [ [ [ -2.280944519578813, 53.569083262067224 ], [ -2.150091004437004, 53.597858461963099 ], [ -2.216816042520989, 53.473226366969044 ], [ -2.276939534542676, 53.509124953785097 ], [ -2.280944519578813, 53.569083262067224 ] ] ] } },
{ "type": "Feature", "properties": { "bus": "WHGA21", "gen_view_gCO2_per_kWh": 289.898, "dominant_carrier": "waste_to_energy" }, "geometry": { "type": "Polygon", "coordinates": [ [ [ -2.060755353476699, 53.648236511246026 ], [ -2.112544069936943, 53.482249521011873 ], [ -2.201367039888502, 53.457195494514359 ], [ -2.216816042520989, 53.473226366969044 ], [ -2.150091004437004, 53.597858461963099 ], [ -2.060755353476699, 53.648236511246026 ] ] ] } },
{ "type": "Feature", "properties": { "bus": "KEAR11", "gen_view_gCO2_per_kWh": 245.146, "dominant_carrier": "waste_to_energy" }, "geometry": { "type": "Polygon", "coordinates": [ [ [ -2.574661166965409, 53.564561235644845 ], [ -2.565594108813167, 53.600712096691801 ], [ -2.319873230335907, 53.636009318936779 ], [ -2.280944519578813, 53.569083262067224 ], [ -2.276939534542676, 53.509124953785097 ], [ -2.325159432706931, 53.474271549922435 ], [ -2.36819150475656, 53.481933376592842 ], [ -2.574661166965409, 53.564561235644845 ] ] ] } },
{ "type": "Feature", "properties": { "bus": "ROCH11", "gen_view_gCO2_per_kWh": 10.499, "dominant_carrier": "wind_onshore" }, "geometry": { "type": "Polygon", "coordinates": [ [ [ -2.097832303766496, 53.820570830504948 ], [ -2.028085342098228, 53.691585404832679 ], [ -2.060755353476699, 53.648236511246026 ], [ -2.150091004437004, 53.597858461963099 ], [ -2.280944519578813, 53.569083262067224 ], [ -2.319873230335907, 53.636009318936779 ], [ -2.282723405649265, 53.700796992794942 ], [ -2.097832303766496, 53.820570830504948 ] ] ] } },
{ "type": "Feature", "properties": { "bus": "QUER4A", "gen_view_gCO2_per_kWh": 244.057, "dominant_carrier": "CCGT" }, "geometry": { "type": "Polygon", "coordinates": [ [ [ -2.545922326534662, 53.901023006103244 ], [ -2.282723405649265, 53.700796992794942 ], [ -2.319873230335907, 53.636009318936779 ], [ -2.565594108813167, 53.600712096691801 ], [ -2.545922326534662, 53.901023006103244 ] ] ] } },
{ "type": "Feature", "properties": { "bus": "PEWO2D", "gen_view_gCO2_per_kWh": 119.884, "dominant_carrier": "biogas" }, "geometry": { "type": "Polygon", "coordinates": [ [ [ -2.552964823790279, 53.954312561789941 ], [ -2.545922326534662, 53.901023006103244 ], [ -2.565594108813167, 53.600712096691801 ], [ -2.578545494184398, 53.577124098583063 ], [ -2.629261155214167, 53.578472843574566 ], [ -2.753492499735156, 53.641208875482349 ], [ -2.724796001368031, 53.898979156784335 ], [ -2.552964823790279, 53.954312561789941 ] ] ] } },
{ "type": "Feature", "properties": { "bus": "PADI41", "gen_view_gCO2_per_kWh": 52.821, "dominant_carrier": "wind_onshore" }, "geometry": { "type": "Polygon", "coordinates": [ [ [ -2.552964823790279, 53.954312561789941 ], [ -2.514991755712969, 54.035761322636937 ], [ -2.114387169582586, 54.310146171761261 ], [ -2.111724249984675, 54.231395924850077 ], [ -2.151275043176411, 54.229458835665895 ], [ -2.111678627753383, 54.230046743304378 ], [ -2.106926291187094, 54.089506383640966 ], [ -2.120139434577903, 54.109043955306177 ], [ -2.16097627235622, 54.122938967478952 ], [ -2.106892876276127, 54.088518207921425 ], [ -2.156191384688146, 54.036171715175406 ], [ -2.106622458523267, 54.080521171575391 ], [ -2.097832303766496, 53.820570830504948 ], [ -2.282723405649265, 53.700796992794942 ], [ -2.545922326534662, 53.901023006103244 ], [ -2.552964823790279, 53.954312561789941 ] ] ] } },
{ "type": "Feature", "properties": { "bus": "BRAW12", "gen_view_gCO2_per_kWh": 25.74, "dominant_carrier": "wind_onshore" }, "geometry": { "type": "Polygon", "coordinates": [ [ [ -2.070216180857301, 54.383068017254196 ], [ -1.981341948618486, 54.352019547832612 ], [ -1.859672117278968, 54.233181753307697 ], [ -1.728742645309136, 54.008669477291335 ], [ -1.73210517433844, 53.795932430000413 ], [ -2.017781164305, 53.685858628696728 ], [ -2.097832303766496, 53.820570830504948 ], [ -2.111678627753383, 54.230046743304378 ], [ -2.100035544446881, 54.231968405532427 ], [ -2.111724249984675, 54.231395924850077 ], [ -2.114387169582586, 54.310146171761261 ], [ -2.070216180857301, 54.383068017254196 ] ], [ [ -2.04245133469977, 53.848618104815316 ], [ -2.044082853592492, 53.849887896139364 ], [ -2.0456927947212, 53.828956734779581 ], [ -2.04245133469977, 53.848618104815316 ] ], [ [ -2.045781984416848, 54.181879445431896 ], [ -1.969749052093855, 54.154487498797991 ], [ -1.972344164340058, 54.157888785377686 ], [ -2.045781984416848, 54.181879445431896 ] ] ] } },
{ "type": "Feature", "properties": { "bus": "HUTT41", "gen_view_gCO2_per_kWh": 0.0, "dominant_carrier": "wind_onshore" }, "geometry": { "type": "Polygon", "coordinates": [ [ [ -3.055298679923042, 54.512058005615714 ], [ -2.5433641155667, 54.744493094020449 ], [ -2.082273238321859, 54.41617775223623 ], [ -2.070216180857301, 54.383068017254196 ], [ -2.114387169582586, 54.310146171761261 ], [ -2.205365003782158, 54.247833007671751 ], [ -2.314168134718414, 54.254380585603286 ], [ -2.258521787203123, 54.24325669138576 ], [ -2.206093555882072, 54.247334002755352 ], [ -2.514991755712969, 54.035761322636937 ], [ -2.83278700051293, 54.207964325979532 ], [ -2.99140155445979, 54.338046649707501 ], [ -3.055298679923042, 54.512058005615714 ] ], [ [ -2.254901704658073, 54.229587135548826 ], [ -2.257515835154503, 54.239458181952131 ], [ -2.289252214725719, 54.204578725506565 ], [ -2.254901704658073, 54.229587135548826 ] ] ] } },
{ "type": "Feature", "properties": { "bus": "STWB4R", "gen_view_gCO2_per_kWh": 62.508, "dominant_carrier": "wind_onshore" }, "geometry": { "type": "Polygon", "coordinates": [ [ [ -1.969108564161463, 54.783560175678979 ], [ -1.743277183678368, 55.025963600436199 ], [ -1.734004166993395, 54.988103523038284 ], [ -1.752782704272312, 54.767351385806464 ], [ -1.98440944301587, 54.610002046597323 ], [ -1.969108564161463, 54.783560175678979 ] ] ] } },
{ "type": "Feature", "properties": { "bus": "PENW11", "gen_view_gCO2_per_kWh": 65.875, "dominant_carrier": "landfill_gas" }, "geometry": { "type": "Polygon", "coordinates": [ [ [ -2.724796001368031, 53.898979156784335 ], [ -2.753492499735156, 53.641208875482349 ], [ -2.933988821488801, 53.705276099931062 ], [ -2.837390980237232, 53.872750421441182 ], [ -2.724796001368031, 53.898979156784335 ] ] ] } },
{ "type": "Feature", "properties": { "bus": "STAH4B", "gen_view_gCO2_per_kWh": 68.423, "dominant_carrier": "landfill_gas" }, "geometry": { "type": "Polygon", "coordinates": [ [ [ -2.870715826058433, 53.910951694867151 ], [ -2.837390980237232, 53.872750421441182 ], [ -2.933988821488801, 53.705276099931062 ], [ -3.048153274292551, 53.644133781957692 ], [ -3.020539936179108, 53.680266064613001 ], [ -2.961664456077234, 53.702451074648074 ], [ -2.93294812601468, 53.729024654694634 ], [ -3.022581596135913, 53.736582774718741 ], [ -3.061768686171583, 53.761622014770126 ], [ -3.057287476036318, 53.921109675070184 ], [ -2.935150452528046, 53.952703004186425 ], [ -2.870715826058433, 53.910951694867151 ] ] ] } },
{ "type": "Feature", "properties": { "bus": "QUER4B", "gen_view_gCO2_per_kWh": 44.699, "dominant_carrier": "wind_onshore" }, "geometry": { "type": "Polygon", "coordinates": [ [ [ -2.84752153910661, 54.087021259568459 ], [ -2.826280975566921, 54.092465475365586 ], [ -2.814246665528356, 54.119019505414244 ], [ -2.841150825780587, 54.13931292788029 ], [ -2.83278700051293, 54.207964325979532 ], [ -2.514991755712969, 54.035761322636937 ], [ -2.552964823790279, 53.954312561789941 ], [ -2.724796001368031, 53.898979156784335 ], [ -2.837390980237232, 53.872750421441182 ], [ -2.869101703918797, 53.909888376217268 ], [ -2.84752153910661, 54.087021259568459 ] ] ] } },
{ "type": "Feature", "properties": { "bus": "HEYS41", "gen_view_gCO2_per_kWh": 0.0, "dominant_carrier": "nuclear" }, "geometry": { "type": "MultiPolygon", "coordinates": [ [ [ [ -2.870715826058433, 53.910951694867151 ], [ -2.895302190044247, 54.066947935767082 ], [ -2.883640435660741, 54.07776354534505 ], [ -2.84752153910661, 54.087021259568459 ], [ -2.870715826058433, 53.910951694867151 ] ] ], [ [ [ -2.930065799260146, 54.287517043125689 ], [ -2.83278700051293, 54.207964325979532 ], [ -2.841150825780587, 54.13931292788029 ], [ -2.867783265572561, 54.15940139549766 ], [ -2.870955565549099, 54.194510535564689 ], [ -2.902522955600984, 54.186437645553553 ], [ -2.911714924196994, 54.171083904473747 ], [ -2.930065799260146, 54.287517043125689 ] ] ] ] } },
{ "type": "Feature", "properties": { "bus": "WDSO42", "gen_view_gCO2_per_kWh": 0.0, "dominant_carrier": "load_shedding" }, "geometry": { "type": "MultiPolygon", "coordinates": [ [ [ [ -2.99140155445979, 54.338046649707501 ], [ -2.930065799260146, 54.287517043125689 ], [ -2.911714924196994, 54.171083904473747 ], [ -2.925336885664208, 54.148330555484172 ], [ -2.969238365733148, 54.141395955476675 ], [ -3.003234075774587, 54.151292715499864 ], [ -3.025960312331181, 54.17733351459723 ], [ -2.99140155445979, 54.338046649707501 ] ] ], [ [ [ -2.883220216394409, 53.990289895843162 ], [ -2.930836685763595, 54.033991725268187 ], [ -2.895302190044247, 54.066947935767082 ], [ -2.883220216394409, 53.990289895843162 ] ] ], [ [ [ -2.870715826058433, 53.910951694867151 ], [ -2.935150452528046, 53.952703004186425 ], [ -2.888943715772963, 53.948225905101125 ], [ -2.881071051583805, 53.976653815627202 ], [ -2.870715826058433, 53.910951694867151 ] ] ] ] } },
{ "type": "Feature", "properties": { "bus": "BOSO11", "gen_view_gCO2_per_kWh": 16.245, "dominant_carrier": "wind_onshore" }, "geometry": { "type": "Polygon", "coordinates": [ [ [ -3.237693706517415, 54.175822139631855 ], [ -3.224361986077097, 54.179176185581838 ], [ -3.208667506008624, 54.237599895691638 ], [ -3.245769665259023, 54.209461113000607 ], [ -3.296837980011645, 54.422177117982429 ], [ -3.098746536325369, 54.524517923044492 ], [ -3.055298679923042, 54.512058005615714 ], [ -2.99140155445979, 54.338046649707501 ], [ -3.025960312331181, 54.17733351459723 ], [ -3.041194505795554, 54.194789575587656 ], [ -3.097777395939165, 54.117296705447359 ], [ -3.155960896052708, 54.08125864538615 ], [ -3.144643126052006, 54.061077605346298 ], [ -3.179911706096429, 54.070354785368416 ], [ -3.195371176098117, 54.097209815421536 ], [ -3.2168260138884, 54.093379098952049 ], [ -3.237693706517415, 54.175822139631855 ] ] ] } },
{ "type": "Feature", "properties": { "bus": "HAKB1-", "gen_view_gCO2_per_kWh": 0.0, "dominant_carrier": "wind_onshore" }, "geometry": { "type": "Polygon", "coordinates": [ [ [ -3.127510024730863, 54.773763836871268 ], [ -2.99226146682016, 55.005834253129464 ], [ -2.940954374336762, 55.060536947802468 ], [ -3.093641771379741, 54.523141096668986 ], [ -3.16060572682904, 54.647080991797132 ], [ -3.127510024730863, 54.773763836871268 ] ] ] } },
{ "type": "Feature", "properties": { "bus": "RORE31", "gen_view_gCO2_per_kWh": 0.0, "dominant_carrier": "wind_onshore" }, "geometry": { "type": "Polygon", "coordinates": [ [ [ -2.932335481468789, 55.070863402846193 ], [ -3.079000536731151, 54.51893964291915 ], [ -3.093641771379741, 54.523141096668986 ], [ -2.932335481468789, 55.070863402846193 ] ] ] } },
{ "type": "Feature", "properties": { "bus": "RORW11", "gen_view_gCO2_per_kWh": 0.0, "dominant_carrier": "load_shedding" }, "geometry": { "type": "Polygon", "coordinates": [ [ [ -3.075549451144763, 54.517943003635956 ], [ -2.932335481468789, 55.070863402846193 ], [ -2.931083282141451, 55.072380732645193 ], [ -3.075549451144763, 54.517943003635956 ] ] ] } },
{ "type": "Feature", "properties": { "bus": "HARK13", "gen_view_gCO2_per_kWh": 0.0, "dominant_carrier": "solar_pv" }, "geometry": { "type": "Polygon", "coordinates": [ [ [ -3.075549451144763, 54.517943003635956 ], [ -2.931083282141451, 55.072380732645193 ], [ -2.847929508482566, 55.17426345821238 ], [ -2.783749506221028, 55.151394494397898 ], [ -2.825301144758051, 55.139946417374851 ], [ -2.791398054707122, 55.140584577370227 ], [ -2.775166546283552, 55.14833616792054 ], [ -2.572676870486255, 55.07618395686611 ], [ -2.5433641155667, 54.744493094020449 ], [ -3.055298679923042, 54.512058005615714 ], [ -3.075549451144763, 54.517943003635956 ] ] ] } },
{ "type": "Feature", "properties": { "bus": "ORMO11", "gen_view_gCO2_per_kWh": 20.668, "dominant_carrier": "wind_onshore" }, "geometry": { "type": "Polygon", "coordinates": [ [ [ -3.278298920994212, 54.772565254176911 ], [ -3.16060572682904, 54.647080991797132 ], [ -3.098746536325369, 54.524517923044492 ], [ -3.447556572428726, 54.350302055662596 ], [ -3.64652777646771, 54.512137716282801 ], [ -3.592113126342955, 54.567572856383002 ], [ -3.582033786266743, 54.651171176544686 ], [ -3.515017586112979, 54.720043246669128 ], [ -3.44505471597581, 54.760029596736516 ], [ -3.445687865945713, 54.803078516820676 ], [ -3.393353648119883, 54.871537433454129 ], [ -3.278298920994212, 54.772565254176911 ] ] ] } },
{ "type": "Feature", "properties": { "bus": "AREC3A", "gen_view_gCO2_per_kWh": 119.767, "dominant_carrier": "biogas" }, "geometry": { "type": "Polygon", "coordinates": [ [ [ -3.656068555437312, 54.921416179371086 ], [ -3.561062037218035, 54.910804987166202 ], [ -3.557028846046085, 54.905384487038638 ], [ -3.619777596184351, 54.849060766937995 ], [ -3.65917456755258, 54.877044577938861 ], [ -3.656068555437312, 54.921416179371086 ] ] ] } },
{ "type": "Feature", "properties": { "bus": "RRWW11", "gen_view_gCO2_per_kWh": 0.0, "dominant_carrier": "wind_onshore" }, "geometry": { "type": "MultiPolygon", "coordinates": [ [ [ [ -3.278298920994212, 54.772565254176911 ], [ -3.21298194805815, 54.957155090284132 ], [ -3.135158095374734, 54.934225137026992 ], [ -3.119376642430075, 54.936770933771832 ], [ -3.127510024730863, 54.773763836871268 ], [ -3.16060572682904, 54.647080991797132 ], [ -3.278298920994212, 54.772565254176911 ] ] ], [ [ [ -3.155418455392012, 55.119833107949141 ], [ -3.13375352503635, 55.151654959575353 ], [ -3.119218048105235, 54.970509446305137 ], [ -3.210154499265854, 54.965145636779397 ], [ -3.155418455392012, 55.119833107949141 ] ] ] ] } },
{ "type": "Feature", "properties": { "bus": "CHAP3-", "gen_view_gCO2_per_kWh": 0.0, "dominant_carrier": "load_shedding" }, "geometry": { "type": "MultiPolygon", "coordinates": [ [ [ [ -3.155418455392012, 55.119833107949141 ], [ -3.210154499265854, 54.965145636779397 ], [ -3.267815235557241, 54.961744567102308 ], [ -3.315721524386362, 54.967550400464766 ], [ -3.155418455392012, 55.119833107949141 ] ] ], [ [ [ -3.278298920994212, 54.772565254176911 ], [ -3.393353648119883, 54.871537433454129 ], [ -3.37910399578011, 54.890177546980439 ], [ -3.340528195710686, 54.903961767001171 ], [ -3.298720025657333, 54.888816796964917 ], [ -3.270000215607182, 54.897265276976782 ], [ -3.319520445665268, 54.922112357033271 ], [ -3.287200105599117, 54.944947147072646 ], [ -3.218349825483627, 54.958736677088311 ], [ -3.278298920994212, 54.772565254176911 ] ] ] ] } },
{ "type": "Feature", "properties": { "bus": "KILG3A", "gen_view_gCO2_per_kWh": 0.0, "dominant_carrier": "load_shedding" }, "geometry": { "type": "Polygon", "coordinates": [ [ [ -3.718992178000435, 55.049765381432472 ], [ -3.486595232291121, 54.966740681128229 ], [ -3.509622855932822, 54.960640357139489 ], [ -3.568707576010554, 54.98190451719087 ], [ -3.579881336060291, 54.936097617102625 ], [ -3.561062037218035, 54.910804987166202 ], [ -3.597544489767571, 54.915104500248148 ], [ -3.723767261351639, 55.041327271910987 ], [ -3.718992178000435, 55.049765381432472 ] ] ] } },
{ "type": "Feature", "properties": { "bus": "DUMF3A", "gen_view_gCO2_per_kWh": 119.818, "dominant_carrier": "biogas" }, "geometry": { "type": "Polygon", "coordinates": [ [ [ -3.718992178000435, 55.049765381432472 ], [ -3.719486199363884, 55.132027543480547 ], [ -3.538991341911221, 55.150184562272408 ], [ -3.437150196876954, 55.092262964006238 ], [ -3.440263702458782, 54.979014520030098 ], [ -3.486595232291121, 54.966740681128229 ], [ -3.718992178000435, 55.049765381432472 ] ] ] } },
{ "type": "Feature", "properties": { "bus": "ECCF1J", "gen_view_gCO2_per_kWh": 0.0, "dominant_carrier": "wind_onshore" }, "geometry": { "type": "Polygon", "coordinates": [ [ [ -3.437150196876954, 55.092262964006238 ], [ -3.352149022377314, 55.198111744136746 ], [ -3.139951810656654, 55.337275260044912 ], [ -3.101332138654521, 55.300713318573429 ], [ -3.13375352503635, 55.151654959575353 ], [ -3.155418455392012, 55.119833107949141 ], [ -3.315721524386362, 54.967550400464766 ], [ -3.440263702458782, 54.979014520030098 ], [ -3.437150196876954, 55.092262964006238 ] ] ] } },
{ "type": "Feature", "properties": { "bus": "MINN3-", "gen_view_gCO2_per_kWh": 0.0, "dominant_carrier": "wind_onshore" }, "geometry": { "type": "Polygon", "coordinates": [ [ [ -3.597434854274166, 55.333240127195559 ], [ -3.56322700001606, 55.361335162843041 ], [ -3.352149022377314, 55.198111744136746 ], [ -3.437150196876954, 55.092262964006238 ], [ -3.538991341911221, 55.150184562272408 ], [ -3.597434854274166, 55.333240127195559 ] ] ] } },
{ "type": "Feature", "properties": { "bus": "MOFF4C", "gen_view_gCO2_per_kWh": 0.0, "dominant_carrier": "load_shedding" }, "geometry": { "type": "Polygon", "coordinates": [ [ [ -3.542154106652386, 55.403729708795254 ], [ -3.156572180631256, 55.403592890249939 ], [ -3.139951810656654, 55.337275260044912 ], [ -3.352149022377314, 55.198111744136746 ], [ -3.56322700001606, 55.361335162843041 ], [ -3.542154106652386, 55.403729708795254 ] ] ] } },
{ "type": "Feature", "properties": { "bus": "PRST3A", "gen_view_gCO2_per_kWh": 0.0, "dominant_carrier": "load_shedding" }, "geometry": { "type": "Polygon", "coordinates": [ [ [ -3.643445252837031, 55.527912369761324 ], [ -3.555259602759145, 55.483470403161348 ], [ -3.542154106652386, 55.403729708795254 ], [ -3.572800277024118, 55.353540288105663 ], [ -3.708090683241767, 55.488830694406289 ], [ -3.643445252837031, 55.527912369761324 ] ] ] } },
{ "type": "Feature", "properties": { "bus": "INDQ41", "gen_view_gCO2_per_kWh": 54.292, "dominant_carrier": "wind_onshore" }, "geometry": { "type": "MultiPolygon", "coordinates": [ [ [ [ -4.564073865913121, 50.321389490256443 ], [ -4.679697281388695, 50.312068818799638 ], [ -4.694639301385802, 50.338738858840983 ], [ -4.751419051475124, 50.325768968818409 ], [ -4.745829581492502, 50.297000278773432 ], [ -4.774181101541996, 50.284919448753342 ], [ -4.761550381553039, 50.252345828702822 ], [ -4.794148491629157, 50.216343158645252 ], [ -4.858811271706205, 50.230080558663978 ], [ -4.901292931798414, 50.191290658601581 ], [ -4.947590661854893, 50.200114468613386 ], [ -4.977120921939846, 50.148929228532261 ], [ -5.005219401990058, 50.13584671851067 ], [ -5.045625121993896, 50.197171308604737 ], [ -5.034645112024766, 50.143062678520607 ], [ -5.065211222070958, 50.138836438512683 ], [ -5.093852222147444, 50.095961228444658 ], [ -5.054248912121523, 50.061858908393589 ], [ -5.061345612154721, 50.034607038351169 ], [ -5.098746622235198, 50.001184358297849 ], [ -5.158663072318465, 50.001188798294905 ], [ -5.197979922412196, 49.955364968222391 ], [ -5.250631802469122, 49.974981808249979 ], [ -5.312508972472327, 50.074882138402089 ], [ -5.38760408255999, 50.097667838434482 ], [ -5.430031542624212, 50.093194688425704 ], [ -5.508246452712405, 50.122345208468317 ], [ -5.532959622760888, 50.106527718442422 ], [ -5.522491122766715, 50.080960028402629 ], [ -5.545152302817621, 50.058502698366418 ], [ -5.67266582303392, 50.018562578298351 ], [ -5.699703823048488, 50.049109638345179 ], [ -5.751390583109584, 50.066715938370841 ], [ -5.697722123016827, 50.084930518401741 ], [ -5.727707613030057, 50.12297967846078 ], [ -5.674724372915795, 50.169102508536049 ], [ -5.630399982847719, 50.173441428544557 ], [ -5.550170062693415, 50.220172938621822 ], [ -5.474709522582078, 50.222782988628644 ], [ -5.436641722546422, 50.199321978592806 ], [ -5.409823622494095, 50.216117938620407 ], [ -5.4052625424627, 50.24637469866866 ], [ -5.353789652389825, 50.245129418668554 ], [ -5.252367592209366, 50.287954918740247 ], [ -5.236579462146612, 50.336361688817931 ], [ -5.161358442026332, 50.352049988845501 ], [ -5.151337381966278, 50.406879908933547 ], [ -5.055468591804364, 50.437470218985602 ], [ -5.030425021688414, 50.53318311914046 ], [ -5.044609571697216, 50.546790339162143 ], [ -5.003503731616, 50.573831259207019 ], [ -4.944048741532897, 50.572252419205938 ], [ -4.936938951534833, 50.558035859183093 ], [ -4.94037596151465, 50.587700809231045 ], [ -4.920733871476569, 50.599838859251193 ], [ -4.795489251295012, 50.605650099263705 ], [ -4.768708611200305, 50.672491139372731 ], [ -4.663781061015572, 50.716368219446366 ], [ -4.656205880983319, 50.741557599487585 ], [ -4.597756691695559, 50.770732576850932 ], [ -4.564073865913121, 50.321389490256443 ] ] ], [ [ [ -6.452935654299793, 49.874170868038348 ], [ -6.386402104182536, 49.896805568076765 ], [ -6.37444121414612, 49.921257568115905 ], [ -6.398531674161025, 49.949764608160095 ], [ -6.331559674035734, 49.982004098213856 ], [ -6.285530423965668, 49.983065598217351 ], [ -6.23705203391792, 49.950303478167399 ], [ -6.329934824111349, 49.878812328050813 ], [ -6.452935654299793, 49.874170868038348 ] ] ] ] } },
{ "type": "Feature", "properties": { "bus": "PEMB41", "gen_view_gCO2_per_kWh": 393.999, "dominant_carrier": "CCGT" }, "geometry": { "type": "MultiPolygon", "coordinates": [ [ [ [ -4.474135713416151, 51.729581931274808 ], [ -4.55361555000092, 51.73584013117263 ], [ -4.675788710192356, 51.721576431150488 ], [ -4.705181330287629, 51.65773849103909 ], [ -4.670029290249603, 51.640822821008747 ], [ -4.682391280280183, 51.625629390982397 ], [ -4.851263840517333, 51.641638571013935 ], [ -4.922614090662844, 51.592927430929841 ], [ -5.013660210789388, 51.605529510953808 ], [ -5.067838680861288, 51.617988820976905 ], [ -5.069660820832758, 51.657798761047225 ], [ -5.180626050987799, 51.675500961081177 ], [ -5.199243780993373, 51.705092001134204 ], [ -5.231565361038446, 51.710948261145447 ], [ -5.293838121150696, 51.68955953110892 ], [ -5.245426541052472, 51.720415441162693 ], [ -5.319722841157163, 51.733372151187794 ], [ -5.305423771122164, 51.750256761217592 ], [ -5.215571180992163, 51.739137851195309 ], [ -5.180551680908437, 51.777976221263671 ], [ -5.119290550816494, 51.77545909125746 ], [ -5.135482990780326, 51.854336231399053 ], [ -5.203847570886182, 51.85363344139995 ], [ -5.231370210918339, 51.867228611425247 ], [ -5.341203881107858, 51.842232841383741 ], [ -5.383837641153203, 51.870344571435751 ], [ -5.415373391219409, 51.847885101396244 ], [ -5.403287111162008, 51.899218291488609 ], [ -5.384286281126886, 51.906350781500883 ], [ -5.37977036113648, 51.884141891460573 ], [ -5.348579281090394, 51.880609641453148 ], [ -5.314254651014917, 51.909674581504554 ], [ -5.200013770804543, 51.952792001578516 ], [ -5.09425168062505, 51.973639851612425 ], [ -5.100188220603559, 52.013598811684844 ], [ -5.078144470553075, 52.035043471722851 ], [ -4.988437430419773, 52.028807391708135 ], [ -4.967287150405606, 52.005265261664867 ], [ -4.927776920336538, 52.016407631683464 ], [ -4.913113930297127, 52.038264461722335 ], [ -4.850024960209806, 52.027014961699656 ], [ -4.844567150182405, 52.051401331743406 ], [ -4.795703980099231, 52.06282978176214 ], [ -4.732276769956397, 52.122201101866729 ], [ -4.569263659690339, 52.14812006190671 ], [ -4.519965839623116, 52.140032621890093 ], [ -4.474373656901934, 52.165647686941007 ], [ -4.474135713416151, 51.729581931274808 ] ] ], [ [ [ -4.679240796338822, 51.197091596596074 ], [ -4.68089138062542, 51.205048570258263 ], [ -4.676807332483771, 51.200148544056503 ], [ -4.679240796338822, 51.197091596596074 ] ] ] ] } },
{ "type": "Feature", "properties": { "bus": "GWBW31", "gen_view_gCO2_per_kWh": 0.0, "dominant_carrier": "solar_pv" }, "geometry": { "type": "Polygon", "coordinates": [ [ [ -4.266113469531731, 53.136528995968959 ], [ -4.194382311898034, 52.93536987973777 ], [ -4.19591198231678, 52.909287038152286 ], [ -4.221057818560049, 52.913365373289672 ], [ -4.313631828707146, 52.90509093328113 ], [ -4.326738958740291, 52.888157663250503 ], [ -4.388246218832005, 52.891083313260481 ], [ -4.455809788954323, 52.866906833220284 ], [ -4.492054629035347, 52.834055403161521 ], [ -4.494547329052756, 52.816409923128738 ], [ -4.4542885389986, 52.806478813107425 ], [ -4.469076079032021, 52.792569933082554 ], [ -4.534892219147676, 52.773723493051989 ], [ -4.551894469152344, 52.801783713105472 ], [ -4.606381539222538, 52.820242923143816 ], [ -4.695468459391861, 52.779592743073991 ], [ -4.757349129486536, 52.782141523083013 ], [ -4.810404769598335, 52.743948283015094 ], [ -4.73279237939128, 52.857712493223083 ], [ -4.57327070907099, 52.952112503388754 ], [ -4.520043698991731, 52.947612843376234 ], [ -4.348575398644423, 53.055595603565791 ], [ -4.373122280412457, 53.126762940513487 ], [ -4.266113469531731, 53.136528995968959 ] ] ] } },
{ "type": "Feature", "properties": { "bus": "WYLF41", "gen_view_gCO2_per_kWh": 0.0, "dominant_carrier": "wind_onshore" }, "geometry": { "type": "Polygon", "coordinates": [ [ [ -4.28328341592232, 53.353919291351104 ], [ -4.493669228027133, 53.182606595157068 ], [ -4.514113248802416, 53.186241023826398 ], [ -4.533736778798124, 53.233234553917427 ], [ -4.605431398909617, 53.235210643927459 ], [ -4.634203148926325, 53.2743046240046 ], [ -4.688467909007826, 53.280721004021714 ], [ -4.708380829018652, 53.309381484078372 ], [ -4.683264448964776, 53.328329644112415 ], [ -4.580190188791692, 53.340982014127185 ], [ -4.565910288744829, 53.373957314188978 ], [ -4.619286498797424, 53.418017994278529 ], [ -4.610436538774513, 53.430107034300903 ], [ -4.569752568719757, 53.416465184270827 ], [ -4.49945235860602, 53.419679914270283 ], [ -4.434458208488657, 53.439771124302538 ], [ -4.28415596826823, 53.419818214249972 ], [ -4.264210782416141, 53.381078627196693 ], [ -4.28328341592232, 53.353919291351104 ] ] ] } },
{ "type": "Feature", "properties": { "bus": "CAAD3J", "gen_view_gCO2_per_kWh": 0.0, "dominant_carrier": "wind_onshore" }, "geometry": { "type": "MultiPolygon", "coordinates": [ [ [ [ -6.061695854943862, 55.902770849689247 ], [ -5.913360959151662, 55.837977172149586 ], [ -5.958070829657768, 55.790866239226546 ], [ -6.040048239821052, 55.7734845792043 ], [ -6.009660549816023, 55.671593438988246 ], [ -6.037212339878493, 55.650855638949835 ], [ -6.140164480093619, 55.60960886888104 ], [ -6.188202920181911, 55.614507788898891 ], [ -6.262644910343028, 55.575009918828769 ], [ -6.300611640415032, 55.575194288835135 ], [ -6.345365860494403, 55.586728298866142 ], [ -6.347100620485017, 55.612080058919148 ], [ -6.269664170310286, 55.666402049019702 ], [ -6.299966560349492, 55.703495089101665 ], [ -6.34634383043259, 55.714583349132198 ], [ -6.342345160413686, 55.737372869178955 ], [ -6.365509020457754, 55.737969129183959 ], [ -6.477599310707022, 55.668454139057083 ], [ -6.523022400793242, 55.670927699069395 ], [ -6.539552820812796, 55.696302079124941 ], [ -6.464407020629989, 55.774457389275895 ], [ -6.494212210679173, 55.791667649316594 ], [ -6.466173670615139, 55.812218859354921 ], [ -6.460153160583516, 55.85376782944055 ], [ -6.399156060462089, 55.86158807944684 ], [ -6.335550410318291, 55.905801739528407 ], [ -6.316581420296043, 55.876594869464441 ], [ -6.283910770231532, 55.880392599466909 ], [ -6.205056991516384, 55.923754864246938 ], [ -6.061695854943862, 55.902770849689247 ] ] ], [ [ [ -5.47115965733475, 55.644820677145255 ], [ -5.453087208838991, 55.575031658696936 ], [ -5.48161304889194, 55.573104758697774 ], [ -5.506330348985061, 55.48609207852337 ], [ -5.537791619053999, 55.464997698485242 ], [ -5.511391749060794, 55.366993228280073 ], [ -5.564773049189377, 55.310371848172515 ], [ -5.534897979150994, 55.282488008110697 ], [ -5.581480579242275, 55.270220298092887 ], [ -5.616423839288404, 55.301042588161529 ], [ -5.761081349562091, 55.283593838148271 ], [ -5.813409999644221, 55.308857308208275 ], [ -5.803784319580359, 55.393422428380802 ], [ -5.728372919419131, 55.434724508453861 ], [ -5.724941209335615, 55.577265438746693 ], [ -5.673055689190753, 55.668879558926783 ], [ -5.715953319264847, 55.67854236895387 ], [ -5.755825339369121, 55.621285838842532 ], [ -5.783136909390159, 55.67702376896198 ], [ -5.728280859253192, 55.743624129090115 ], [ -5.678762739168081, 55.731171889056029 ], [ -5.72086822925819, 55.708201459015825 ], [ -5.718535899262374, 55.692180638982414 ], [ -5.682672959198519, 55.687573748966877 ], [ -5.638296661699295, 55.717827241839196 ], [ -5.47115965733475, 55.644820677145255 ] ] ], [ [ [ -5.165980417398686, 55.511516337937614 ], [ -5.149640388420001, 55.435749105748187 ], [ -5.253072348557206, 55.43498309837706 ], [ -5.322816418666366, 55.462871448445583 ], [ -5.363204258714991, 55.505545478539588 ], [ -5.35680360866918, 55.566619278663538 ], [ -5.405696851186316, 55.616226084282168 ], [ -5.165980417398686, 55.511516337937614 ] ] ] ] } },
{ "type": "Feature", "properties": { "bus": "GLLU1Q", "gen_view_gCO2_per_kWh": 0.0, "dominant_carrier": "wind_onshore" }, "geometry": { "type": "Polygon", "coordinates": [ [ [ -4.801220316538007, 55.055512617062327 ], [ -4.676547034084273, 55.049545665524931 ], [ -4.612101408148863, 54.77399124779906 ], [ -4.841945398184166, 54.859809047146541 ], [ -4.948263268397106, 54.811258857064587 ], [ -4.89595189837533, 54.704068496841629 ], [ -4.859165588326298, 54.682686686793481 ], [ -4.869536178368756, 54.64404357671755 ], [ -4.844112368330921, 54.635718526697289 ], [ -4.920118788458778, 54.638006076712564 ], [ -4.97185537853106, 54.663331686770633 ], [ -4.982093338533816, 54.686654166818904 ], [ -4.962049748489709, 54.702013576846923 ], [ -5.009946338528258, 54.771468976993454 ], [ -5.074688853469119, 54.8088972394319 ], [ -4.801220316538007, 55.055512617062327 ] ] ] } },
{ "type": "Feature", "properties": { "bus": "AUCH2-", "gen_view_gCO2_per_kWh": 0.0, "dominant_carrier": "wind_onshore" }, "geometry": { "type": "MultiPolygon", "coordinates": [ [ [ [ -5.110711126637586, 55.423117908736849 ], [ -5.112706598315097, 55.421343308326001 ], [ -5.120708102975444, 55.424464245952031 ], [ -5.110711126637586, 55.423117908736849 ] ] ], [ [ [ -4.801220316538007, 55.055512617062327 ], [ -5.074688853469119, 54.8088972394319 ], [ -5.146768378716337, 54.850567097172899 ], [ -5.194750288751265, 54.930779247342265 ], [ -5.169200838658845, 55.009516857497985 ], [ -5.100050968529648, 55.02285606751451 ], [ -5.050234698476529, 54.967481087394901 ], [ -5.054369598507958, 54.927993137315696 ], [ -5.001132028422589, 54.916680617284896 ], [ -5.06764889847074, 55.026660807517253 ], [ -5.003620778289926, 55.140488077737828 ], [ -4.914279113383042, 55.198809247707942 ], [ -4.801220316538007, 55.055512617062327 ] ] ] ] } },
{ "type": "Feature", "properties": { "bus": "TRLO3-", "gen_view_gCO2_per_kWh": 0.0, "dominant_carrier": "wind_onshore" }, "geometry": { "type": "Polygon", "coordinates": [ [ [ -4.634096022615897, 55.092752229282617 ], [ -4.676547034084273, 55.049545665524931 ], [ -4.801220316538007, 55.055512617062327 ], [ -4.914279113383042, 55.198809247707942 ], [ -4.872739948010276, 55.225925517889891 ], [ -4.843022097923333, 55.284158858002918 ], [ -4.851525007913377, 55.325075248087153 ], [ -4.816658176883633, 55.343683759889018 ], [ -4.634096022615897, 55.092752229282617 ] ] ] } },
{ "type": "Feature", "properties": { "bus": "HADH1-", "gen_view_gCO2_per_kWh": 0.0, "dominant_carrier": "wind_onshore" }, "geometry": { "type": "Polygon", "coordinates": [ [ [ -4.582607820846338, 55.218910538745916 ], [ -4.568890030868021, 55.13889589314644 ], [ -4.634096022615897, 55.092752229282617 ], [ -4.816658176883633, 55.343683759889018 ], [ -4.785409183014363, 55.360361423273893 ], [ -4.740260669147227, 55.336199913888457 ], [ -4.582607820846338, 55.218910538745916 ] ] ] } },
{ "type": "Feature", "properties": { "bus": "AUCW1-", "gen_view_gCO2_per_kWh": 0.0, "dominant_carrier": "load_shedding" }, "geometry": { "type": "Polygon", "coordinates": [ [ [ -4.740260669147227, 55.336199913888457 ], [ -4.68751412108245, 55.3444890668978 ], [ -4.578748417492934, 55.264514284807596 ], [ -4.582607820846338, 55.218910538745916 ], [ -4.740260669147227, 55.336199913888457 ] ] ] } },
{ "type": "Feature", "properties": { "bus": "LAND11", "gen_view_gCO2_per_kWh": 136.227, "dominant_carrier": "waste_to_energy" }, "geometry": { "type": "Polygon", "coordinates": [ [ [ -4.597756691695559, 50.770732576850932 ], [ -4.564439620815703, 50.787362829564074 ], [ -4.565023297520443, 50.794902776666461 ], [ -4.057949112045018, 50.700426440639966 ], [ -4.148289027468326, 50.327863207412221 ], [ -4.222010380778598, 50.307414378811572 ], [ -4.236144740774053, 50.332799978850275 ], [ -4.303619070842779, 50.355534318882775 ], [ -4.406530180977066, 50.359016058884009 ], [ -4.437954231024803, 50.352834308873092 ], [ -4.443777751052089, 50.331086838838871 ], [ -4.564073865913121, 50.321389490256443 ], [ -4.597756691695559, 50.770732576850932 ] ] ] } },
{ "type": "Feature", "properties": { "bus": "ALVE4B", "gen_view_gCO2_per_kWh": 5.089, "dominant_carrier": "wind_onshore" }, "geometry": { "type": "MultiPolygon", "coordinates": [ [ [ [ -4.679240796338822, 51.197091596596074 ], [ -4.64301602060918, 51.1596058501814 ], [ -4.670167550653324, 51.153352190170828 ], [ -4.679240796338822, 51.197091596596074 ] ] ], [ [ [ -3.878899190211164, 51.236611005945186 ], [ -3.808492982641455, 51.182450306973962 ], [ -4.008830647176246, 50.710440467765629 ], [ -4.057949112045018, 50.700426440639966 ], [ -4.565023297520443, 50.794902776666461 ], [ -4.573489570727633, 50.904270259755805 ], [ -4.532655360567012, 51.024660639955748 ], [ -4.421623970417028, 51.018061469945721 ], [ -4.370645570366386, 50.994652979907457 ], [ -4.307387320273523, 51.000694149918097 ], [ -4.216359800087457, 51.069731870033088 ], [ -4.228756830067225, 51.112280190103625 ], [ -4.268447730095009, 51.143398690155237 ], [ -4.223413240024724, 51.152412660170434 ], [ -4.237254570011979, 51.188999220231501 ], [ -4.204933979954137, 51.203913780256514 ], [ -3.926143229543056, 51.236560200311615 ], [ -3.878899190211164, 51.236611005945186 ] ] ] ] } },
{ "type": "Feature", "properties": { "bus": "SWAN41", "gen_view_gCO2_per_kWh": 7.502, "dominant_carrier": "wind_onshore" }, "geometry": { "type": "Polygon", "coordinates": [ [ [ -4.474373656901934, 52.165647686941007 ], [ -4.380139019351865, 52.218591552025494 ], [ -4.325578749271338, 52.218375792022655 ], [ -4.2376975391112, 52.256068512086507 ], [ -4.170178202135232, 52.307603725771529 ], [ -3.846329057431939, 52.304916698571908 ], [ -3.780293284046369, 51.880666645444059 ], [ -3.918109061014516, 51.607473370830441 ], [ -3.976747659291897, 51.600100740925875 ], [ -3.991250549328025, 51.58176866089471 ], [ -3.96920344931487, 51.561748360860186 ], [ -4.062690319452355, 51.553234030846887 ], [ -4.132761279540815, 51.564466580867098 ], [ -4.150221299589024, 51.536962930820188 ], [ -4.192879369643851, 51.543053010831208 ], [ -4.210157309677426, 51.532326080813014 ], [ -4.336586989832916, 51.560547350863345 ], [ -4.297766729757687, 51.583996910903231 ], [ -4.319786649765649, 51.611755270951534 ], [ -4.248770549630468, 51.651712311019416 ], [ -4.182299619553838, 51.630789350982013 ], [ -4.118445429443549, 51.654225111021326 ], [ -4.155554709498835, 51.650875671016202 ], [ -4.207170739548018, 51.679078141066029 ], [ -4.279698659663254, 51.665136581043257 ], [ -4.324284819721697, 51.671566621055312 ], [ -4.388184879771544, 51.721985031144492 ], [ -4.370788459735749, 51.734751471166398 ], [ -4.37941461972324, 51.764745991219108 ], [ -4.402405349767012, 51.752176301197622 ], [ -4.431733719805126, 51.757552951207785 ], [ -4.412929379791048, 51.741612471179408 ], [ -4.448733329854669, 51.72758176115569 ], [ -4.474135713416151, 51.729581931274808 ], [ -4.474373656901934, 52.165647686941007 ] ] ] } },
{ "type": "Feature", "properties": { "bus": "GWBW12", "gen_view_gCO2_per_kWh": 0.0, "dominant_carrier": "load_shedding" }, "geometry": { "type": "Polygon", "coordinates": [ [ [ -4.245908489777181, 53.139716601361627 ], [ -4.190454686087917, 52.998687846966362 ], [ -4.194382311898034, 52.93536987973777 ], [ -4.266113469531731, 53.136528995968959 ], [ -4.245908489777181, 53.139716601361627 ] ] ] } },
{ "type": "Feature", "properties": { "bus": "GWAW32", "gen_view_gCO2_per_kWh": 0.0, "dominant_carrier": "load_shedding" }, "geometry": { "type": "Polygon", "coordinates": [ [ [ -4.239810200559806, 53.182393870415559 ], [ -4.184102925576577, 53.030680440485199 ], [ -4.190454686087917, 52.998687846966362 ], [ -4.245908489777181, 53.139716601361627 ], [ -4.239810200559806, 53.182393870415559 ] ] ] } },
{ "type": "Feature", "properties": { "bus": "GWAW11", "gen_view_gCO2_per_kWh": 0.0, "dominant_carrier": "load_shedding" }, "geometry": { "type": "Polygon", "coordinates": [ [ [ -4.234390528148547, 53.225084212979567 ], [ -4.164687968926379, 53.12559713102727 ], [ -4.184102925576577, 53.030680440485199 ], [ -4.239810200559806, 53.182393870415559 ], [ -4.234390528148547, 53.225084212979567 ] ] ] } },
{ "type": "Feature", "properties": { "bus": "GWYN4A", "gen_view_gCO2_per_kWh": 0.0, "dominant_carrier": "solar_pv" }, "geometry": { "type": "Polygon", "coordinates": [ [ [ -4.234390528148547, 53.225084212979567 ], [ -4.245908489777181, 53.139716601361627 ], [ -4.373122280412457, 53.126762940513487 ], [ -4.375731998626176, 53.134329143716357 ], [ -4.422172828699559, 53.132472083716756 ], [ -4.468054038736554, 53.178052863806926 ], [ -4.493669228027133, 53.182606595157068 ], [ -4.28328341592232, 53.353919291351104 ], [ -4.234390528148547, 53.225084212979567 ] ] ] } },
{ "type": "Feature", "properties": { "bus": "PENT11", "gen_view_gCO2_per_kWh": 0.0, "dominant_carrier": "load_shedding" }, "geometry": { "type": "Polygon", "coordinates": [ [ [ -4.28328341592232, 53.353919291351104 ], [ -4.264210782416141, 53.381078627196693 ], [ -4.257438458265837, 53.367924724148629 ], [ -4.21994867821279, 53.36136581413264 ], [ -4.203219068231162, 53.303332634020954 ], [ -4.120429788087266, 53.325261714054953 ], [ -4.029511910869845, 53.32602947119085 ], [ -4.028780601752553, 53.315137037598348 ], [ -4.093063778097354, 53.257929563925209 ], [ -4.079472938093635, 53.236022093882681 ], [ -4.026042508865086, 53.251621685379433 ], [ -4.025411426236374, 53.236982505084868 ], [ -4.164687968926379, 53.12559713102727 ], [ -4.234390528148547, 53.225084212979567 ], [ -4.28328341592232, 53.353919291351104 ] ] ] } },
{ "type": "Feature", "properties": { "bus": "TONG1R", "gen_view_gCO2_per_kWh": 0.0, "dominant_carrier": "load_shedding" }, "geometry": { "type": "Polygon", "coordinates": [ [ [ -4.264200911970567, 54.873238588893024 ], [ -4.005105068533689, 55.034234241966644 ], [ -3.923867827114594, 54.958601144254992 ], [ -3.907386815782602, 54.788330546524875 ], [ -3.980057716816344, 54.764319416826673 ], [ -4.086970896991864, 54.760082876834474 ], [ -4.158589687098077, 54.7750117968748 ], [ -4.273370349684416, 54.827830830314142 ], [ -4.264200911970567, 54.873238588893024 ] ] ] } },
{ "type": "Feature", "properties": { "bus": "NETS3-", "gen_view_gCO2_per_kWh": 0.0, "dominant_carrier": "wind_onshore" }, "geometry": { "type": "Polygon", "coordinates": [ [ [ -4.634096022615897, 55.092752229282617 ], [ -4.568890030868021, 55.13889589314644 ], [ -4.393670496391964, 55.128742349371549 ], [ -4.367168617644744, 55.087754642571618 ], [ -4.264200911970567, 54.873238588893024 ], [ -4.273370349684416, 54.827830830314142 ], [ -4.404722547427864, 54.888275647137455 ], [ -4.426113257474691, 54.871202557106685 ], [ -4.404659597465534, 54.830905357023056 ], [ -4.334019927369613, 54.799155066949133 ], [ -4.352292697411144, 54.782124756918009 ], [ -4.342967117446725, 54.705955666765234 ], [ -4.393998797552906, 54.673075916707404 ], [ -4.521188697739715, 54.709305856797997 ], [ -4.577459477816703, 54.735158366857782 ], [ -4.612101408148863, 54.77399124779906 ], [ -4.676547034084273, 55.049545665524931 ], [ -4.634096022615897, 55.092752229282617 ] ] ] } },
{ "type": "Feature", "properties": { "bus": "SAFO41", "gen_view_gCO2_per_kWh": 7.833, "dominant_carrier": "wind_onshore" }, "geometry": { "type": "Polygon", "coordinates": [ [ [ -4.008830647176246, 50.710440467765629 ], [ -3.808492982641455, 51.182450306973962 ], [ -3.694420709335769, 51.179344002417274 ], [ -3.503715904283143, 51.076294613071866 ], [ -3.585768968596321, 50.638852573942486 ], [ -3.938747161147522, 50.661338651646318 ], [ -4.008830647176246, 50.710440467765629 ] ] ] } },
{ "type": "Feature", "properties": { "bus": "PYLE21", "gen_view_gCO2_per_kWh": 26.879, "dominant_carrier": "wind_onshore" }, "geometry": { "type": "MultiPolygon", "coordinates": [ [ [ [ -3.843350328797096, 51.21202378628815 ], [ -3.834367812338283, 51.236658894417452 ], [ -3.812388849389407, 51.236682530312144 ], [ -3.784315179338918, 51.250876900335768 ], [ -3.66696450958699, 51.231184647242301 ], [ -3.694420709335769, 51.179344002417274 ], [ -3.808492982641455, 51.182450306973962 ], [ -3.843350328797096, 51.21202378628815 ] ] ], [ [ [ -3.673389696608747, 51.678151354318707 ], [ -3.548670873324685, 51.59565314221075 ], [ -3.595582798564084, 51.425621683406959 ], [ -3.65408544896365, 51.472998810706571 ], [ -3.723786659053968, 51.476966900713762 ], [ -3.739135156358177, 51.497840356014351 ], [ -3.673389696608747, 51.678151354318707 ] ] ] ] } },
{ "type": "Feature", "properties": { "bus": "GRAN61", "gen_view_gCO2_per_kWh": 0.0, "dominant_carrier": "wind_onshore" }, "geometry": { "type": "MultiPolygon", "coordinates": [ [ [ [ -3.673389696608747, 51.678151354318707 ], [ -3.739135156358177, 51.497840356014351 ], [ -3.786336609063049, 51.562032790858332 ], [ -3.808703556807362, 51.567747030779827 ], [ -3.702986118544478, 51.710767883937748 ], [ -3.673389696608747, 51.678151354318707 ] ] ], [ [ [ -3.843350328797096, 51.21202378628815 ], [ -3.878899190211164, 51.236611005945186 ], [ -3.834367812338283, 51.236658894417452 ], [ -3.843350328797096, 51.21202378628815 ] ] ] ] } },
{ "type": "Feature", "properties": { "bus": "BAGB21", "gen_view_gCO2_per_kWh": 5.845, "dominant_carrier": "wind_onshore" }, "geometry": { "type": "Polygon", "coordinates": [ [ [ -3.780293284046369, 51.880666645444059 ], [ -3.702986118544478, 51.710767883937748 ], [ -3.808703556807362, 51.567747030779827 ], [ -3.820797759102374, 51.570836820873765 ], [ -3.817354659083525, 51.586820470900904 ], [ -3.86119685911927, 51.614628940949025 ], [ -3.918109061014516, 51.607473370830441 ], [ -3.780293284046369, 51.880666645444059 ] ] ] } },
{ "type": "Feature", "properties": { "bus": "TRAW41", "gen_view_gCO2_per_kWh": 0.0, "dominant_carrier": "wind_onshore" }, "geometry": { "type": "Polygon", "coordinates": [ [ [ -3.775024594987011, 53.027700907820503 ], [ -3.65130309528401, 52.99107359563105 ], [ -3.47574795782311, 52.748839458480276 ], [ -3.443867583358586, 52.462193612913538 ], [ -3.509709525316196, 52.419587721569577 ], [ -3.671431550782514, 52.364496354812154 ], [ -3.699253197143008, 52.364814290399437 ], [ -3.674761282455, 52.363362066095185 ], [ -3.846329057431939, 52.304916698571908 ], [ -4.170178202135232, 52.307603725771529 ], [ -4.059104278659698, 52.487705572496097 ], [ -4.062558918624597, 52.536880472585707 ], [ -4.137179658675241, 52.610295812724203 ], [ -4.064253458484354, 52.712990882907931 ], [ -4.158659038549246, 52.807847163089271 ], [ -4.127274628469187, 52.849415993163994 ], [ -4.142520172317454, 52.88242542551793 ], [ -3.775024594987011, 53.027700907820503 ] ] ] } },
{ "type": "Feature", "properties": { "bus": "FFES21", "gen_view_gCO2_per_kWh": 0.0, "dominant_carrier": "load_shedding" }, "geometry": { "type": "Polygon", "coordinates": [ [ [ -3.976402980575518, 53.107203770634229 ], [ -3.775024594987011, 53.027700907820503 ], [ -4.142520172317454, 52.88242542551793 ], [ -4.151607618464047, 52.902101433263574 ], [ -4.183092909923991, 52.907207947488423 ], [ -3.976402980575518, 53.107203770634229 ] ] ] } },
{ "type": "Feature", "properties": { "bus": "DINO41", "gen_view_gCO2_per_kWh": 0.0, "dominant_carrier": "load_shedding" }, "geometry": { "type": "Polygon", "coordinates": [ [ [ -4.19591198231678, 52.909287038152286 ], [ -4.164687968926379, 53.12559713102727 ], [ -4.025411426236374, 53.236982505084868 ], [ -3.976402980575518, 53.107203770634229 ], [ -4.183092909923991, 52.907207947488423 ], [ -4.19591198231678, 52.909287038152286 ] ] ] } },
{ "type": "Feature", "properties": { "bus": "GWAW31", "gen_view_gCO2_per_kWh": 0.0, "dominant_carrier": "large_hydro" }, "geometry": { "type": "Polygon", "coordinates": [ [ [ -3.816905403614141, 53.046591196162957 ], [ -3.901778121382103, 53.263068168871705 ], [ -3.687350247271772, 53.19709616115987 ], [ -3.65130309528401, 52.99107359563105 ], [ -3.816905403614141, 53.046591196162957 ] ] ] } },
{ "type": "Feature", "properties": { "bus": "GWBW32", "gen_view_gCO2_per_kWh": 0.0, "dominant_carrier": "load_shedding" }, "geometry": { "type": "MultiPolygon", "coordinates": [ [ [ [ -4.021685798159084, 53.32145091026095 ], [ -4.028780601752553, 53.315137037598348 ], [ -4.029210733848511, 53.325114782217561 ], [ -4.021685798159084, 53.32145091026095 ] ] ], [ [ [ -3.901778121382103, 53.263068168871705 ], [ -3.816905403614141, 53.046591196162957 ], [ -3.976402980575518, 53.107203770634229 ], [ -4.026042508865086, 53.251621685379433 ], [ -3.933663060347877, 53.27859286416971 ], [ -3.901778121382103, 53.263068168871705 ] ] ] ] } },
{ "type": "Feature", "properties": { "bus": "GWYO11", "gen_view_gCO2_per_kWh": 0.0, "dominant_carrier": "load_shedding" }, "geometry": { "type": "MultiPolygon", "coordinates": [ [ [ [ -3.933663060347877, 53.27859286416971 ], [ -3.850916647696464, 53.302751573987727 ], [ -3.886069717723404, 53.335673784052929 ], [ -3.874114447696188, 53.347449904073983 ], [ -3.813234337619221, 53.329178804033951 ], [ -3.772322167554259, 53.334050574039296 ], [ -3.714074107492419, 53.302850683975414 ], [ -3.679505831199728, 53.301020970841584 ], [ -3.687350247271772, 53.19709616115987 ], [ -3.933663060347877, 53.27859286416971 ] ] ], [ [ [ -4.021685798159084, 53.32145091026095 ], [ -4.029511910869845, 53.32602947119085 ], [ -4.016416677927932, 53.326140054047009 ], [ -4.021685798159084, 53.32145091026095 ] ] ] ] } },
{ "type": "Feature", "properties": { "bus": "MAHI2-", "gen_view_gCO2_per_kWh": 0.0, "dominant_carrier": "load_shedding" }, "geometry": { "type": "Polygon", "coordinates": [ [ [ -3.759665178048512, 54.978859023445175 ], [ -3.732355170957905, 54.931389588564492 ], [ -3.731829684807033, 54.865242864027891 ], [ -3.833182026547508, 54.812848486899973 ], [ -3.907386815782602, 54.788330546524875 ], [ -3.923867827114594, 54.958601144254992 ], [ -3.759665178048512, 54.978859023445175 ] ] ] } },
{ "type": "Feature", "properties": { "bus": "AREC1-", "gen_view_gCO2_per_kWh": 0.0, "dominant_carrier": "wind_offshore" }, "geometry": { "type": "Polygon", "coordinates": [ [ [ -3.65917456755258, 54.877044577938861 ], [ -3.657285893015081, 54.875155903400149 ], [ -3.660995739533496, 54.875447058657663 ], [ -3.65917456755258, 54.877044577938861 ] ] ] } },
{ "type": "Feature", "properties": { "bus": "AREC3-", "gen_view_gCO2_per_kWh": 0.0, "dominant_carrier": "load_shedding" }, "geometry": { "type": "Polygon", "coordinates": [ [ [ -3.732355170957905, 54.931389588564492 ], [ -3.656068555437312, 54.921416179371086 ], [ -3.660995739533496, 54.875447058657663 ], [ -3.705355966298313, 54.878928527010174 ], [ -3.731829684807033, 54.865242864027891 ], [ -3.732355170957905, 54.931389588564492 ] ] ] } },
{ "type": "Feature", "properties": { "bus": "KILG2-", "gen_view_gCO2_per_kWh": 0.0, "dominant_carrier": "wind_onshore" }, "geometry": { "type": "Polygon", "coordinates": [ [ [ -3.759665178048512, 54.978859023445175 ], [ -3.723767261351639, 55.041327271910987 ], [ -3.597544489767571, 54.915104500248148 ], [ -3.732355170957905, 54.931389588564492 ], [ -3.759665178048512, 54.978859023445175 ] ] ] } },
{ "type": "Feature", "properties": { "bus": "EAST5-", "gen_view_gCO2_per_kWh": 0.0, "dominant_carrier": "wind_onshore" }, "geometry": { "type": "Polygon", "coordinates": [ [ [ -4.159029115969225, 55.139032919185475 ], [ -3.987435023206654, 55.177014220339956 ], [ -4.005105068533689, 55.034234241966644 ], [ -4.062317744064343, 55.002170978758649 ], [ -4.192228955063197, 55.119091068723336 ], [ -4.159029115969225, 55.139032919185475 ] ] ] } },
{ "type": "Feature", "properties": { "bus": "GLAP3-", "gen_view_gCO2_per_kWh": 0.0, "dominant_carrier": "load_shedding" }, "geometry": { "type": "Polygon", "coordinates": [ [ [ -3.98605178544212, 55.182271476564473 ], [ -3.825292143662143, 55.233932919194793 ], [ -3.791649146488361, 55.23086036423085 ], [ -3.719486199363884, 55.132027543480547 ], [ -3.718992178000435, 55.049765381432472 ], [ -3.759665178048512, 54.978859023445175 ], [ -3.923867827114594, 54.958601144254992 ], [ -4.005105068533689, 55.034234241966644 ], [ -3.98605178544212, 55.182271476564473 ] ] ] } },
{ "type": "Feature", "properties": { "bus": "WIYH2R", "gen_view_gCO2_per_kWh": 0.0, "dominant_carrier": "wind_onshore" }, "geometry": { "type": "Polygon", "coordinates": [ [ [ -3.698744820126906, 55.318318610024519 ], [ -3.597434854274166, 55.333240127195559 ], [ -3.538991341911221, 55.150184562272408 ], [ -3.719486199363884, 55.132027543480547 ], [ -3.791649146488361, 55.23086036423085 ], [ -3.698744820126906, 55.318318610024519 ] ] ] } },
{ "type": "Feature", "properties": { "bus": "SNQR3-", "gen_view_gCO2_per_kWh": 0.0, "dominant_carrier": "wind_onshore" }, "geometry": { "type": "Polygon", "coordinates": [ [ [ -4.04269810576919, 55.252595390113555 ], [ -4.00278951405795, 55.471902053210059 ], [ -3.922765389734824, 55.477030626430633 ], [ -3.875823541198901, 55.447635100757722 ], [ -3.825292143662143, 55.233932919194793 ], [ -3.98605178544212, 55.182271476564473 ], [ -4.04269810576919, 55.252595390113555 ] ] ] } },
{ "type": "Feature", "properties": { "bus": "GLGL1Q", "gen_view_gCO2_per_kWh": 0.0, "dominant_carrier": "load_shedding" }, "geometry": { "type": "Polygon", "coordinates": [ [ [ -3.875823541198901, 55.447635100757722 ], [ -3.740252760783063, 55.460473580139833 ], [ -3.698744820126906, 55.318318610024519 ], [ -3.791649146488361, 55.23086036423085 ], [ -3.825292143662143, 55.233932919194793 ], [ -3.875823541198901, 55.447635100757722 ] ] ] } },
{ "type": "Feature", "properties": { "bus": "ENHI1-", "gen_view_gCO2_per_kWh": 0.0, "dominant_carrier": "wind_onshore" }, "geometry": { "type": "Polygon", "coordinates": [ [ [ -4.148444988372683, 55.281925235458409 ], [ -4.14841633915354, 55.370306349839026 ], [ -4.144226182987746, 55.512373593130562 ], [ -4.018634648960647, 55.487123316219737 ], [ -4.00278951405795, 55.471902053210059 ], [ -4.04269810576919, 55.252595390113555 ], [ -4.148444988372683, 55.281925235458409 ] ] ] } },
{ "type": "Feature", "properties": { "bus": "GLLE1-", "gen_view_gCO2_per_kWh": 0.0, "dominant_carrier": "load_shedding" }, "geometry": { "type": "Polygon", "coordinates": [ [ [ -4.367168617644744, 55.087754642571618 ], [ -4.192228955063197, 55.119091068723336 ], [ -4.062317744064343, 55.002170978758649 ], [ -4.264200911970567, 54.873238588893024 ], [ -4.367168617644744, 55.087754642571618 ] ] ] } },
{ "type": "Feature", "properties": { "bus": "CAFA1Q", "gen_view_gCO2_per_kWh": 0.0, "dominant_carrier": "load_shedding" }, "geometry": { "type": "Polygon", "coordinates": [ [ [ -4.334368568666547, 55.223378905179388 ], [ -4.159029115969225, 55.139032919185475 ], [ -4.192228955063197, 55.119091068723336 ], [ -4.367168617644744, 55.087754642571618 ], [ -4.393670496391964, 55.128742349371549 ], [ -4.334368568666547, 55.223378905179388 ] ] ] } },
{ "type": "Feature", "properties": { "bus": "KEOO5-", "gen_view_gCO2_per_kWh": 0.0, "dominant_carrier": "wind_onshore" }, "geometry": { "type": "Polygon", "coordinates": [ [ [ -4.148444988372683, 55.281925235458409 ], [ -4.04269810576919, 55.252595390113555 ], [ -3.98605178544212, 55.182271476564473 ], [ -3.987435023206654, 55.177014220339956 ], [ -4.159029115969225, 55.139032919185475 ], [ -4.329656077613724, 55.225627087407105 ], [ -4.229521080497535, 55.280968119805472 ], [ -4.148444988372683, 55.281925235458409 ] ] ] } },
{ "type": "Feature", "properties": { "bus": "DESA3-", "gen_view_gCO2_per_kWh": 0.0, "dominant_carrier": "wind_onshore" }, "geometry": { "type": "Polygon", "coordinates": [ [ [ -4.578748417492934, 55.264514284807596 ], [ -4.569640069808941, 55.352756398309772 ], [ -4.474215550114287, 55.391008759835131 ], [ -4.392408693591906, 55.365115822575085 ], [ -4.334368568666547, 55.223378905179388 ], [ -4.393670496391964, 55.128742349371549 ], [ -4.568890030868021, 55.13889589314644 ], [ -4.578748417492934, 55.264514284807596 ] ] ] } },
{ "type": "Feature", "properties": { "bus": "NECU2-", "gen_view_gCO2_per_kWh": 0.0, "dominant_carrier": "load_shedding" }, "geometry": { "type": "Polygon", "coordinates": [ [ [ -4.229521080497535, 55.280968119805472 ], [ -4.25469693121945, 55.474586941962947 ], [ -4.14844498834486, 55.368334999027482 ], [ -4.148444988372683, 55.281925235458409 ], [ -4.229521080497535, 55.280968119805472 ] ] ] } },
{ "type": "Feature", "properties": { "bus": "EWEH1Q", "gen_view_gCO2_per_kWh": 119.95, "dominant_carrier": "landfill_gas" }, "geometry": { "type": "Polygon", "coordinates": [ [ [ -4.392408693591906, 55.365115822575085 ], [ -4.310717155247192, 55.531714359926298 ], [ -4.264346715592851, 55.541674178729934 ], [ -4.229521080497535, 55.280968119805472 ], [ -4.334368568666547, 55.223378905179388 ], [ -4.392408693591906, 55.365115822575085 ] ] ] } },
{ "type": "Feature", "properties": { "bus": "NOKY1-", "gen_view_gCO2_per_kWh": 0.0, "dominant_carrier": "load_shedding" }, "geometry": { "type": "Polygon", "coordinates": [ [ [ -4.25469693121945, 55.474586941962947 ], [ -4.14841633915354, 55.370306349839026 ], [ -4.14844498834486, 55.368334999027482 ], [ -4.25469693121945, 55.474586941962947 ] ] ] } },
{ "type": "Feature", "properties": { "bus": "COYL3-", "gen_view_gCO2_per_kWh": 0.0, "dominant_carrier": "load_shedding" }, "geometry": { "type": "Polygon", "coordinates": [ [ [ -4.475315524294243, 55.506683059841322 ], [ -4.327942381176346, 55.536713813523072 ], [ -4.310717155247192, 55.531714359926298 ], [ -4.392408693591906, 55.365115822575085 ], [ -4.474215550114287, 55.391008759835131 ], [ -4.475315524294243, 55.506683059841322 ] ] ] } },
{ "type": "Feature", "properties": { "bus": "NOKY3A", "gen_view_gCO2_per_kWh": 0.0, "dominant_carrier": "load_shedding" }, "geometry": { "type": "Polygon", "coordinates": [ [ [ -4.235274712641243, 55.562069477498483 ], [ -4.144226182987746, 55.512373593130562 ], [ -4.14841633915354, 55.370306349839026 ], [ -4.255014727029426, 55.476904737775151 ], [ -4.264346715592851, 55.541674178729934 ], [ -4.235274712641243, 55.562069477498483 ] ] ] } },
{ "type": "Feature", "properties": { "bus": "KILS3-", "gen_view_gCO2_per_kWh": 0.0, "dominant_carrier": "load_shedding" }, "geometry": { "type": "Polygon", "coordinates": [ [ [ -4.500829719958343, 55.519020245708994 ], [ -4.441505993611376, 55.655245098722347 ], [ -4.327942381176346, 55.536713813523072 ], [ -4.475315524294243, 55.506683059841322 ], [ -4.500829719958343, 55.519020245708994 ] ] ] } },
{ "type": "Feature", "properties": { "bus": "ELVA4-", "gen_view_gCO2_per_kWh": 0.0, "dominant_carrier": "load_shedding" }, "geometry": { "type": "Polygon", "coordinates": [ [ [ -3.740252760783063, 55.460473580139833 ], [ -3.708090683241767, 55.488830694406289 ], [ -3.572800277024118, 55.353540288105663 ], [ -3.597434854274166, 55.333240127195559 ], [ -3.698744820126906, 55.318318610024519 ], [ -3.740252760783063, 55.460473580139833 ] ] ] } },
{ "type": "Feature", "properties": { "bus": "MIDM1-", "gen_view_gCO2_per_kWh": 0.0, "dominant_carrier": "wind_onshore" }, "geometry": { "type": "Polygon", "coordinates": [ [ [ -3.902208061629229, 55.468804651747291 ], [ -3.828948682580362, 55.533478693716312 ], [ -3.754698446114865, 55.459228457206798 ], [ -3.875823541198901, 55.447635100757722 ], [ -3.902208061629229, 55.468804651747291 ] ] ] } },
{ "type": "Feature", "properties": { "bus": "KENE3-", "gen_view_gCO2_per_kWh": 0.0, "dominant_carrier": "wind_onshore" }, "geometry": { "type": "Polygon", "coordinates": [ [ [ -3.787722726954304, 55.570150748190471 ], [ -3.733596423460648, 55.4737558972367 ], [ -3.740252760783063, 55.460473580139833 ], [ -3.754698446114865, 55.459228457206798 ], [ -3.828948682580362, 55.533478693716312 ], [ -3.787722726954304, 55.570150748190471 ] ] ] } },
{ "type": "Feature", "properties": { "bus": "DONO1-", "gen_view_gCO2_per_kWh": 0.0, "dominant_carrier": "load_shedding" }, "geometry": { "type": "Polygon", "coordinates": [ [ [ -3.922765389734824, 55.477030626430633 ], [ -3.853803126212053, 55.592215354632906 ], [ -3.789745684109915, 55.569759674395179 ], [ -3.902208061629229, 55.468804651747291 ], [ -3.922765389734824, 55.477030626430633 ] ] ] } },
{ "type": "Feature", "properties": { "bus": "GAWH1Q", "gen_view_gCO2_per_kWh": 0.0, "dominant_carrier": "load_shedding" }, "geometry": { "type": "Polygon", "coordinates": [ [ [ -3.916904988112453, 55.495435244403879 ], [ -3.916904988074913, 55.612374892867848 ], [ -3.873230353979109, 55.569164882513768 ], [ -3.916904988112453, 55.495435244403879 ] ] ] } },
{ "type": "Feature", "properties": { "bus": "CCSS3-", "gen_view_gCO2_per_kWh": 0.0, "dominant_carrier": "wind_onshore" }, "geometry": { "type": "Polygon", "coordinates": [ [ [ -4.005574771673622, 55.593077717885443 ], [ -3.950544267959855, 55.650940620166622 ], [ -3.918536383741751, 55.624265734262679 ], [ -3.922765389734824, 55.477030626430633 ], [ -4.00278951405795, 55.471902053210059 ], [ -4.018634648960647, 55.487123316219737 ], [ -4.005574771673622, 55.593077717885443 ] ] ] } },
{ "type": "Feature", "properties": { "bus": "HAGH3-", "gen_view_gCO2_per_kWh": 0.0, "dominant_carrier": "load_shedding" }, "geometry": { "type": "Polygon", "coordinates": [ [ [ -3.787722726954304, 55.570150748190471 ], [ -3.719277310601464, 55.683761845667632 ], [ -3.668992589082935, 55.635688376145254 ], [ -3.643445252837031, 55.527912369761324 ], [ -3.733596423460648, 55.4737558972367 ], [ -3.787722726954304, 55.570150748190471 ] ] ] } },
{ "type": "Feature", "properties": { "bus": "COAL4-", "gen_view_gCO2_per_kWh": 0.0, "dominant_carrier": "load_shedding" }, "geometry": { "type": "Polygon", "coordinates": [ [ [ -3.918536383741751, 55.624265734262679 ], [ -3.864093679821498, 55.618682827935679 ], [ -3.853803126212053, 55.592215354632906 ], [ -3.873230353979109, 55.569164882513768 ], [ -3.918536383741751, 55.624265734262679 ] ] ] } },
{ "type": "Feature", "properties": { "bus": "BROC1-", "gen_view_gCO2_per_kWh": 0.0, "dominant_carrier": "load_shedding" }, "geometry": { "type": "Polygon", "coordinates": [ [ [ -3.853803126212053, 55.592215354632906 ], [ -3.852003473711162, 55.638333916684061 ], [ -3.728213414573638, 55.709145451414479 ], [ -3.719277310601464, 55.683761845667632 ], [ -3.787722726954304, 55.570150748190471 ], [ -3.853803126212053, 55.592215354632906 ] ] ] } },
{ "type": "Feature", "properties": { "bus": "KYPE1-", "gen_view_gCO2_per_kWh": 0.0, "dominant_carrier": "wind_onshore" }, "geometry": { "type": "Polygon", "coordinates": [ [ [ -4.091809560177596, 55.676672063887736 ], [ -4.0463673438245, 55.708018160988352 ], [ -3.965470740053951, 55.70619355559343 ], [ -3.947395245298293, 55.690860260960221 ], [ -3.950544267959855, 55.650940620166622 ], [ -4.005574771673622, 55.593077717885443 ], [ -4.091809560177596, 55.676672063887736 ] ] ] } },
{ "type": "Feature", "properties": { "bus": "MAYB3-", "gen_view_gCO2_per_kWh": 0.0, "dominant_carrier": "load_shedding" }, "geometry": { "type": "Polygon", "coordinates": [ [ [ -4.585712438796341, 55.362198611621061 ], [ -4.571245596909002, 55.35138287908169 ], [ -4.578748417492934, 55.264514284807596 ], [ -4.68751412108245, 55.3444890668978 ], [ -4.585712438796341, 55.362198611621061 ] ] ] } },
{ "type": "Feature", "properties": { "bus": "MAYT1T", "gen_view_gCO2_per_kWh": 0.0, "dominant_carrier": "load_shedding" }, "geometry": { "type": "Polygon", "coordinates": [ [ [ -4.61195363989558, 55.386104626779002 ], [ -4.585712438796341, 55.362198611621061 ], [ -4.740260669147227, 55.336199913888457 ], [ -4.785409183014363, 55.360361423273893 ], [ -4.77299329772942, 55.403843818233533 ], [ -4.736686547651255, 55.429038248278381 ], [ -4.708409074137384, 55.434734588327885 ], [ -4.61195363989558, 55.386104626779002 ] ] ] } },
{ "type": "Feature", "properties": { "bus": "AYR-3-", "gen_view_gCO2_per_kWh": 0.0, "dominant_carrier": "load_shedding" }, "geometry": { "type": "Polygon", "coordinates": [ [ [ -4.571245596909002, 55.35138287908169 ], [ -4.61195363989558, 55.386104626779002 ], [ -4.609094306833002, 55.432036952877077 ], [ -4.54511803544691, 55.507086040443298 ], [ -4.571245596909002, 55.35138287908169 ] ] ] } },
{ "type": "Feature", "properties": { "bus": "COYT1T", "gen_view_gCO2_per_kWh": 0.0, "dominant_carrier": "load_shedding" }, "geometry": { "type": "Polygon", "coordinates": [ [ [ -4.541611116116326, 55.528319414757533 ], [ -4.475315524294243, 55.506683059841322 ], [ -4.474215550114287, 55.391008759835131 ], [ -4.569640069808941, 55.352756398309772 ], [ -4.541611116116326, 55.528319414757533 ] ] ] } },
{ "type": "Feature", "properties": { "bus": "SOKY1-", "gen_view_gCO2_per_kWh": 0.0, "dominant_carrier": "load_shedding" }, "geometry": { "type": "Polygon", "coordinates": [ [ [ -4.69440420750798, 55.545461808506737 ], [ -4.602023378330653, 55.573276963288748 ], [ -4.61195363989558, 55.386104626779002 ], [ -4.708409074137384, 55.434734588327885 ], [ -4.654368617498876, 55.445620738297833 ], [ -4.627555487421638, 55.496732588396533 ], [ -4.69440420750798, 55.545461808506737 ] ] ] } },
{ "type": "Feature", "properties": { "bus": "AYR-2Q", "gen_view_gCO2_per_kWh": 0.0, "dominant_carrier": "load_shedding" }, "geometry": { "type": "Polygon", "coordinates": [ [ [ -4.54511803544691, 55.507086040443298 ], [ -4.609094306833002, 55.432036952877077 ], [ -4.602023378330653, 55.573276963288748 ], [ -4.541611116116326, 55.528319414757533 ], [ -4.54511803544691, 55.507086040443298 ] ] ] } },
{ "type": "Feature", "properties": { "bus": "SACO1Q", "gen_view_gCO2_per_kWh": 0.0, "dominant_carrier": "wind_onshore" }, "geometry": { "type": "Polygon", "coordinates": [ [ [ -4.848179356215073, 55.668469284926047 ], [ -4.749342784763282, 55.70585235576845 ], [ -4.72115330578726, 55.604514933659416 ], [ -4.846200357717091, 55.640163908725469 ], [ -4.857525656604905, 55.657582489856317 ], [ -4.848179356215073, 55.668469284926047 ] ] ] } },
{ "type": "Feature", "properties": { "bus": "KILT3A", "gen_view_gCO2_per_kWh": 0.0, "dominant_carrier": "wind_onshore" }, "geometry": { "type": "Polygon", "coordinates": [ [ [ -4.602772263281895, 55.57406398123365 ], [ -4.550491024949769, 55.714979984595416 ], [ -4.544160484188955, 55.715410925068639 ], [ -4.462207941122091, 55.689575287565319 ], [ -4.441505993611376, 55.655245098722347 ], [ -4.500829719958343, 55.519020245708994 ], [ -4.541611116116326, 55.528319414757533 ], [ -4.602772263281895, 55.57406398123365 ] ] ] } },
{ "type": "Feature", "properties": { "bus": "HUNN2C", "gen_view_gCO2_per_kWh": 299.993, "dominant_carrier": "waste_to_energy" }, "geometry": { "type": "MultiPolygon", "coordinates": [ [ [ [ -5.165980417398686, 55.511516337937614 ], [ -5.17133728086244, 55.686732369870086 ], [ -5.152751338238567, 55.679511408859433 ], [ -5.121100758220143, 55.612147268716399 ], [ -5.144799068278048, 55.584787008664648 ], [ -5.102088428208109, 55.573895858635112 ], [ -5.052251488152347, 55.51703447851073 ], [ -5.084235898220862, 55.496677238474703 ], [ -5.074365158227304, 55.45544087838902 ], [ -5.110711126637586, 55.423117908736849 ], [ -5.149640388420001, 55.435749105748187 ], [ -5.165980417398686, 55.511516337937614 ] ] ], [ [ [ -5.087929334148764, 55.815597437380319 ], [ -4.907619120459262, 55.849841681479433 ], [ -4.880619745317039, 55.839642984723085 ], [ -4.848179356215073, 55.668469284926047 ], [ -4.857525656604905, 55.657582489856317 ], [ -4.873000297740281, 55.681382858814004 ], [ -4.930082847829012, 55.702309228866703 ], [ -5.038223578011311, 55.719394178920709 ], [ -5.101762058095395, 55.771606539038551 ], [ -5.125370376926016, 55.772730531080768 ], [ -5.087929334148764, 55.815597437380319 ] ] ] ] } },
{ "type": "Feature", "properties": { "bus": "KILW1Q", "gen_view_gCO2_per_kWh": 222.954, "dominant_carrier": "waste_to_energy" }, "geometry": { "type": "Polygon", "coordinates": [ [ [ -4.706904925137531, 55.795843109770473 ], [ -4.633914354668284, 55.795488356079765 ], [ -4.550491024949769, 55.714979984595416 ], [ -4.602772263281895, 55.57406398123365 ], [ -4.66542572178918, 55.558587376822778 ], [ -4.688745667468421, 55.595276018606597 ], [ -4.72115330578726, 55.604514933659416 ], [ -4.749342784763282, 55.70585235576845 ], [ -4.706904925137531, 55.795843109770473 ] ] ] } },
{ "type": "Feature", "properties": { "bus": "HARR3-", "gen_view_gCO2_per_kWh": 0.0, "dominant_carrier": "wind_onshore" }, "geometry": { "type": "Polygon", "coordinates": [ [ [ -4.226707446298144, 55.600910855619915 ], [ -4.109283922865026, 55.675878038507044 ], [ -4.091809560177596, 55.676672063887736 ], [ -4.005574771673622, 55.593077717885443 ], [ -4.018634648960647, 55.487123316219737 ], [ -4.144226182987746, 55.512373593130562 ], [ -4.235274712641243, 55.562069477498483 ], [ -4.226707446298144, 55.600910855619915 ] ] ] } },
{ "type": "Feature", "properties": { "bus": "MEAD1-", "gen_view_gCO2_per_kWh": 0.0, "dominant_carrier": "wind_onshore" }, "geometry": { "type": "Polygon", "coordinates": [ [ [ -4.462207941122091, 55.689575287565319 ], [ -4.357168226443873, 55.745445362754154 ], [ -4.313002574340913, 55.722736299778497 ], [ -4.249819512594235, 55.665544257025417 ], [ -4.226707446298144, 55.600910855619915 ], [ -4.235274712641243, 55.562069477498483 ], [ -4.264346715592851, 55.541674178729934 ], [ -4.310717155247192, 55.531714359926298 ], [ -4.327942381176346, 55.536713813523072 ], [ -4.441505993611376, 55.655245098722347 ], [ -4.462207941122091, 55.689575287565319 ] ] ] } },
{ "type": "Feature", "properties": { "bus": "EKIS2-", "gen_view_gCO2_per_kWh": 0.0, "dominant_carrier": "wind_onshore" }, "geometry": { "type": "Polygon", "coordinates": [ [ [ -4.223569757910606, 55.730497466946183 ], [ -4.149621900552964, 55.780176093575911 ], [ -4.137628517307472, 55.778466059919893 ], [ -4.109283922865026, 55.675878038507044 ], [ -4.226707446298144, 55.600910855619915 ], [ -4.249819512594235, 55.665544257025417 ], [ -4.223569757910606, 55.730497466946183 ] ] ] } },
{ "type": "Feature", "properties": { "bus": "BUSB2-", "gen_view_gCO2_per_kWh": 0.0, "dominant_carrier": "load_shedding" }, "geometry": { "type": "Polygon", "coordinates": [ [ [ -4.313002574340913, 55.722736299778497 ], [ -4.257927047107983, 55.819992567205958 ], [ -4.228212162810908, 55.802880040836243 ], [ -4.223569757910606, 55.730497466946183 ], [ -4.249819512594235, 55.665544257025417 ], [ -4.313002574340913, 55.722736299778497 ] ] ] } },
{ "type": "Feature", "properties": { "bus": "NEIL1-", "gen_view_gCO2_per_kWh": 46.266, "dominant_carrier": "wind_onshore" }, "geometry": { "type": "Polygon", "coordinates": [ [ [ -4.490409879190371, 55.782610104440437 ], [ -4.43697679130283, 55.816247227297595 ], [ -4.385199221026793, 55.801075323372359 ], [ -4.360694077023197, 55.775464932199895 ], [ -4.357168226443873, 55.745445362754154 ], [ -4.462207941122091, 55.689575287565319 ], [ -4.544160484188955, 55.715410925068639 ], [ -4.490409879190371, 55.782610104440437 ] ] ] } },
{ "type": "Feature", "properties": { "bus": "GIFF2Q", "gen_view_gCO2_per_kWh": 0.0, "dominant_carrier": "wind_onshore" }, "geometry": { "type": "Polygon", "coordinates": [ [ [ -4.360694077023197, 55.775464932199895 ], [ -4.334469696353439, 55.815445100860664 ], [ -4.268178803424815, 55.812917760561106 ], [ -4.313002574340913, 55.722736299778497 ], [ -4.357168226443873, 55.745445362754154 ], [ -4.360694077023197, 55.775464932199895 ] ] ] } },
{ "type": "Feature", "properties": { "bus": "EKIL2Q", "gen_view_gCO2_per_kWh": 106.543, "dominant_carrier": "landfill_gas" }, "geometry": { "type": "Polygon", "coordinates": [ [ [ -4.228212162810908, 55.802880040836243 ], [ -4.179879986404076, 55.814323352081864 ], [ -4.149621900552964, 55.780176093575911 ], [ -4.223569757910606, 55.730497466946183 ], [ -4.228212162810908, 55.802880040836243 ] ] ] } },
{ "type": "Feature", "properties": { "bus": "CROO1R", "gen_view_gCO2_per_kWh": 0.0, "dominant_carrier": "load_shedding" }, "geometry": { "type": "Polygon", "coordinates": [ [ [ -4.385199221026793, 55.801075323372359 ], [ -4.388872796931341, 55.85493868736171 ], [ -4.349204853658135, 55.871325289022344 ], [ -4.333573701273097, 55.820480578527956 ], [ -4.360694077023197, 55.775464932199895 ], [ -4.385199221026793, 55.801075323372359 ] ] ] } },
{ "type": "Feature", "properties": { "bus": "DALM1-", "gen_view_gCO2_per_kWh": 0.0, "dominant_carrier": "load_shedding" }, "geometry": { "type": "Polygon", "coordinates": [ [ [ -4.238611612490749, 55.813985275589864 ], [ -4.217617461837906, 55.851785403677539 ], [ -4.174262905390066, 55.837895108885633 ], [ -4.179879986404076, 55.814323352081864 ], [ -4.228212162810908, 55.802880040836243 ], [ -4.238611612490749, 55.813985275589864 ] ] ] } },
{ "type": "Feature", "properties": { "bus": "CLYM2-", "gen_view_gCO2_per_kWh": 120.0, "dominant_carrier": "landfill_gas" }, "geometry": { "type": "Polygon", "coordinates": [ [ [ -4.179879986404076, 55.814323352081864 ], [ -4.144134242815047, 55.879156382010883 ], [ -4.130231964162737, 55.876432675374957 ], [ -4.094130260176972, 55.827414555371156 ], [ -4.137628517307472, 55.778466059919893 ], [ -4.149621900552964, 55.780176093575911 ], [ -4.179879986404076, 55.814323352081864 ] ] ] } },
{ "type": "Feature", "properties": { "bus": "DUNH1Q", "gen_view_gCO2_per_kWh": 0.0, "dominant_carrier": "wind_onshore" }, "geometry": { "type": "Polygon", "coordinates": [ [ [ -3.947395245298293, 55.690860260960221 ], [ -3.930274089133013, 55.697624100411502 ], [ -3.859317535610346, 55.626667546847159 ], [ -3.864093679821498, 55.618682827935679 ], [ -3.918536383741751, 55.624265734262679 ], [ -3.950544267959855, 55.650940620166622 ], [ -3.947395245298293, 55.690860260960221 ] ] ] } },
{ "type": "Feature", "properties": { "bus": "DUNH1T", "gen_view_gCO2_per_kWh": 0.0, "dominant_carrier": "load_shedding" }, "geometry": { "type": "Polygon", "coordinates": [ [ [ -3.908036151485867, 55.706683636850286 ], [ -3.852003473711162, 55.638333916684061 ], [ -3.859317535610346, 55.626667546847159 ], [ -3.930274089133013, 55.697624100411502 ], [ -3.908036151485867, 55.706683636850286 ] ] ] } },
{ "type": "Feature", "properties": { "bus": "BLAH1-", "gen_view_gCO2_per_kWh": 0.0, "dominant_carrier": "wind_onshore" }, "geometry": { "type": "Polygon", "coordinates": [ [ [ -3.7841485237431, 55.800140859391114 ], [ -3.733467609494691, 55.759376160257709 ], [ -3.728213414573638, 55.709145451414479 ], [ -3.852003473711162, 55.638333916684061 ], [ -3.908036151485867, 55.706683636850286 ], [ -3.7841485237431, 55.800140859391114 ] ] ] } },
{ "type": "Feature", "properties": { "bus": "STHA4A", "gen_view_gCO2_per_kWh": 0.0, "dominant_carrier": "wind_onshore" }, "geometry": { "type": "Polygon", "coordinates": [ [ [ -4.119829445534958, 55.741002678643255 ], [ -4.04814341263537, 55.786765213011691 ], [ -4.0463673438245, 55.708018160988352 ], [ -4.091809560177596, 55.676672063887736 ], [ -4.109283922865026, 55.675878038507044 ], [ -4.119829445534958, 55.741002678643255 ] ] ] } },
{ "type": "Feature", "properties": { "bus": "RAVE3S", "gen_view_gCO2_per_kWh": 0.0, "dominant_carrier": "wind_onshore" }, "geometry": { "type": "Polygon", "coordinates": [ [ [ -3.974999212273854, 55.787370083306655 ], [ -3.789810251169317, 55.810733380047239 ], [ -3.7841485237431, 55.800140859391114 ], [ -3.908036151485867, 55.706683636850286 ], [ -3.947395245298293, 55.690860260960221 ], [ -3.965470740053951, 55.70619355559343 ], [ -3.974999212273854, 55.787370083306655 ] ] ] } },
{ "type": "Feature", "properties": { "bus": "CLYS2R", "gen_view_gCO2_per_kWh": 0.0, "dominant_carrier": "wind_onshore" }, "geometry": { "type": "Polygon", "coordinates": [ [ [ -4.044377764894849, 55.803125652479402 ], [ -3.987911355885727, 55.802464344622351 ], [ -3.974999212273854, 55.787370083306655 ], [ -3.965470740053951, 55.70619355559343 ], [ -4.0463673438245, 55.708018160988352 ], [ -4.044377764894849, 55.803125652479402 ] ] ] } },
{ "type": "Feature", "properties": { "bus": "BLKS3-", "gen_view_gCO2_per_kWh": 0.0, "dominant_carrier": "load_shedding" }, "geometry": { "type": "Polygon", "coordinates": [ [ [ -4.137628517307472, 55.778466059919893 ], [ -4.094130260176972, 55.827414555371156 ], [ -4.062982816641321, 55.821681484522784 ], [ -4.044377764894849, 55.803125652479402 ], [ -4.04814341263537, 55.786765213011691 ], [ -4.119829445534958, 55.741002678643255 ], [ -4.137628517307472, 55.778466059919893 ] ] ] } },
{ "type": "Feature", "properties": { "bus": "NEAR2Q", "gen_view_gCO2_per_kWh": 100.355, "dominant_carrier": "landfill_gas" }, "geometry": { "type": "Polygon", "coordinates": [ [ [ -3.956727514561732, 55.882639532886657 ], [ -3.873416233995107, 55.901070645404282 ], [ -3.821988845204605, 55.883176527110237 ], [ -3.789810251169317, 55.810733380047239 ], [ -3.974999212273854, 55.787370083306655 ], [ -3.987911355885727, 55.802464344622351 ], [ -3.956727514561732, 55.882639532886657 ] ] ] } },
{ "type": "Feature", "properties": { "bus": "COAT3-", "gen_view_gCO2_per_kWh": 119.975, "dominant_carrier": "advanced_biofuel" }, "geometry": { "type": "Polygon", "coordinates": [ [ [ -4.062982816641321, 55.821681484522784 ], [ -4.02015691077598, 55.915595731648267 ], [ -3.956727514561732, 55.882639532886657 ], [ -3.987911355885727, 55.802464344622351 ], [ -4.044377764894849, 55.803125652479402 ], [ -4.062982816641321, 55.821681484522784 ] ] ] } },
{ "type": "Feature", "properties": { "bus": "BAGA1Q", "gen_view_gCO2_per_kWh": 44.594, "dominant_carrier": "wind_onshore" }, "geometry": { "type": "Polygon", "coordinates": [ [ [ -3.793150936293276, 55.821803675695598 ], [ -3.634929714390883, 55.96310175141047 ], [ -3.623716397726247, 55.803450766859427 ], [ -3.733467609494691, 55.759376160257709 ], [ -3.7841485237431, 55.800140859391114 ], [ -3.793150936293276, 55.821803675695598 ] ] ] } },
{ "type": "Feature", "properties": { "bus": "CRSS2B", "gen_view_gCO2_per_kWh": 0.0, "dominant_carrier": "wind_onshore" }, "geometry": { "type": "MultiPolygon", "coordinates": [ [ [ [ -5.405696851186316, 55.616226084282168 ], [ -5.375186908640941, 55.677429928893716 ], [ -5.270443588424798, 55.725236888973477 ], [ -5.17133728086244, 55.686732369870086 ], [ -5.165980417398686, 55.511516337937614 ], [ -5.405696851186316, 55.616226084282168 ] ] ], [ [ [ -5.638296661699295, 55.717827241839196 ], [ -5.61040457903888, 55.73684263905605 ], [ -5.627578019048428, 55.778366929144511 ], [ -5.676012399124262, 55.80437553920644 ], [ -5.66553262907678, 55.857736919314597 ], [ -5.69576285174981, 55.885304631852826 ], [ -5.422789145767589, 55.872275421120463 ], [ -5.310009952129102, 55.834415223130918 ], [ -5.328688468475838, 55.824469399187031 ], [ -5.314295848481507, 55.766338319065355 ], [ -5.391135968632658, 55.745338849035726 ], [ -5.42901675871675, 55.717728868985631 ], [ -5.47115965733475, 55.644820677145255 ], [ -5.638296661699295, 55.717827241839196 ] ] ], [ [ [ -6.061695854943862, 55.902770849689247 ], [ -5.863525992558031, 55.893312074572535 ], [ -5.913360959151662, 55.837977172149586 ], [ -6.061695854943862, 55.902770849689247 ] ] ] ] } },
{ "type": "Feature", "properties": { "bus": "WHLL3-", "gen_view_gCO2_per_kWh": 0.0, "dominant_carrier": "wind_onshore" }, "geometry": { "type": "Polygon", "coordinates": [ [ [ -4.880619745317039, 55.839642984723085 ], [ -4.750230186566343, 55.829512873444024 ], [ -4.706904925137531, 55.795843109770473 ], [ -4.749342784763282, 55.70585235576845 ], [ -4.848179356215073, 55.668469284926047 ], [ -4.880619745317039, 55.839642984723085 ] ] ] } },
{ "type": "Feature", "properties": { "bus": "DUGR1Q", "gen_view_gCO2_per_kWh": 4.242, "dominant_carrier": "wind_onshore" }, "geometry": { "type": "MultiPolygon", "coordinates": [ [ [ [ -6.531101547237654, 57.54245606847681 ], [ -6.517169851851576, 57.536960666317398 ], [ -6.372199021115092, 57.194943735219553 ], [ -6.405806579874199, 57.214093482261376 ], [ -6.532588970075087, 57.348684832565333 ], [ -6.572935530164573, 57.32774965253018 ], [ -6.62780559026908, 57.344125062575131 ], [ -6.67662827037304, 57.330896022557525 ], [ -6.723204406291861, 57.369335705422408 ], [ -6.531101547237654, 57.54245606847681 ] ] ], [ [ [ -7.006441741370842, 56.503752120892997 ], [ -6.957081221260066, 56.531057610941708 ], [ -6.874988981098523, 56.523014170910479 ], [ -6.776131650888826, 56.551034800951669 ], [ -6.537852390360022, 56.67887757117537 ], [ -6.428342580128396, 56.713607911227243 ], [ -6.51868423035555, 56.601438411010449 ], [ -6.628829090592382, 56.558378820940632 ], [ -6.669834660665741, 56.57725429098744 ], [ -6.702107460749724, 56.531173140896968 ], [ -6.808346960981593, 56.484273260817638 ], [ -6.869505531104188, 56.483579890826896 ], [ -6.889909361163091, 56.441052460741332 ], [ -6.988088081356334, 56.449979060776997 ], [ -7.006441741370842, 56.503752120892997 ] ] ] ] } },
{ "type": "Feature", "properties": { "bus": "JOHN1Q", "gen_view_gCO2_per_kWh": 0.0, "dominant_carrier": "load_shedding" }, "geometry": { "type": "Polygon", "coordinates": [ [ [ -4.609020077848902, 55.84725502463322 ], [ -4.542965518381016, 55.893609101443708 ], [ -4.480321006154185, 55.869206264459471 ], [ -4.490409879190371, 55.782610104440437 ], [ -4.544160484188955, 55.715410925068639 ], [ -4.633914354668284, 55.795488356079765 ], [ -4.609020077848902, 55.84725502463322 ] ] ] } },
{ "type": "Feature", "properties": { "bus": "DEVM1-", "gen_view_gCO2_per_kWh": 0.0, "dominant_carrier": "wind_onshore" }, "geometry": { "type": "Polygon", "coordinates": [ [ [ -4.750230186566343, 55.829512873444024 ], [ -4.742628527138604, 55.955099010438715 ], [ -4.636212426108949, 55.987419473009183 ], [ -4.609020077848902, 55.84725502463322 ], [ -4.633914354668284, 55.795488356079765 ], [ -4.706904925137531, 55.795843109770473 ], [ -4.750230186566343, 55.829512873444024 ] ] ] } },
{ "type": "Feature", "properties": { "bus": "SPAV1Q", "gen_view_gCO2_per_kWh": 0.0, "dominant_carrier": "load_shedding" }, "geometry": { "type": "Polygon", "coordinates": [ [ [ -4.907619120459262, 55.849841681479433 ], [ -4.861272976593837, 56.002392799396432 ], [ -4.742628527138604, 55.955099010438715 ], [ -4.750230186566343, 55.829512873444024 ], [ -4.880619745317039, 55.839642984723085 ], [ -4.907619120459262, 55.849841681479433 ] ] ] } },
{ "type": "Feature", "properties": { "bus": "JUNB1-", "gen_view_gCO2_per_kWh": 0.0, "dominant_carrier": "wind_onshore" }, "geometry": { "type": "Polygon", "coordinates": [ [ [ -5.245655301459364, 56.174411626500742 ], [ -5.06637009639453, 56.071350117125483 ], [ -5.087929334148764, 55.815597437380319 ], [ -5.125370376926016, 55.772730531080768 ], [ -5.165387138207929, 55.774635729056051 ], [ -5.173605218206997, 55.802909769115324 ], [ -5.140979088125133, 55.844582759194672 ], [ -5.205174028253396, 55.821927809159838 ], [ -5.296321478407609, 55.841703979216632 ], [ -5.313757224349173, 55.837557067192485 ], [ -5.245655301459364, 56.174411626500742 ] ] ] } },
{ "type": "Feature", "properties": { "bus": "DUNO1Q", "gen_view_gCO2_per_kWh": 0.0, "dominant_carrier": "load_shedding" }, "geometry": { "type": "Polygon", "coordinates": [ [ [ -4.982595973079017, 56.114948826974874 ], [ -4.864150290595864, 56.013440916613106 ], [ -4.907619120459262, 55.849841681479433 ], [ -5.087929334148764, 55.815597437380319 ], [ -5.06637009639453, 56.071350117125483 ], [ -4.982595973079017, 56.114948826974874 ] ] ] } },
{ "type": "Feature", "properties": { "bus": "STLE1R", "gen_view_gCO2_per_kWh": 119.943, "dominant_carrier": "landfill_gas" }, "geometry": { "type": "Polygon", "coordinates": [ [ [ -4.549841323719154, 56.135196879640631 ], [ -4.432323139518958, 56.185380765841323 ], [ -4.453491095988698, 56.09012220917883 ], [ -4.542965518381016, 55.893609101443708 ], [ -4.609020077848902, 55.84725502463322 ], [ -4.636212426108949, 55.987419473009183 ], [ -4.549841323719154, 56.135196879640631 ] ] ] } },
{ "type": "Feature", "properties": { "bus": "GARB1T", "gen_view_gCO2_per_kWh": 0.0, "dominant_carrier": "load_shedding" }, "geometry": { "type": "MultiPolygon", "coordinates": [ [ [ [ -4.864150290595864, 56.013440916613106 ], [ -4.748233130268038, 56.100464469277185 ], [ -4.742628527138604, 55.955099010438715 ], [ -4.861272976593837, 56.002392799396432 ], [ -4.864150290595864, 56.013440916613106 ] ] ], [ [ [ -4.743699766601419, 56.103867842950876 ], [ -4.743471718271851, 56.098589572973459 ], [ -4.747709014990496, 56.100857943145328 ], [ -4.743699766601419, 56.103867842950876 ] ] ] ] } },
{ "type": "Feature", "properties": { "bus": "COWL41", "gen_view_gCO2_per_kWh": 190.156, "dominant_carrier": "waste_to_energy" }, "geometry": { "type": "MultiPolygon", "coordinates": [ [ [ [ -1.375530227676826, 52.065316864173226 ], [ -1.264426332736708, 52.098830589749006 ], [ -0.925609663021625, 51.657143790612949 ], [ -0.931875561882973, 51.58431936696001 ], [ -1.075175857025638, 51.54075974669712 ], [ -1.167883380032692, 51.617917850398619 ], [ -1.486411401049237, 51.995956286335449 ], [ -1.375530227676826, 52.065316864173226 ] ], [ [ -1.278311045550098, 52.015503391576807 ], [ -1.312891055549828, 52.051453041635895 ], [ -1.279329269710612, 52.00817486719189 ], [ -1.278311045550098, 52.015503391576807 ] ], [ [ -1.283209525257659, 51.980247276687948 ], [ -1.279822883637245, 52.004622150768213 ], [ -1.295904973675245, 52.000661580199242 ], [ -1.283209525257659, 51.980247276687948 ] ], [ [ -1.358366515676886, 51.977017101515507 ], [ -1.359536370464284, 51.984990940575287 ], [ -1.409857935737519, 51.972598141509081 ], [ -1.358366515676886, 51.977017101515507 ] ], [ [ -1.282866510533486, 51.979695708404755 ], [ -1.282650685592718, 51.979348661518252 ], [ -1.230583785520538, 51.994945931542794 ], [ -1.282866510533486, 51.979695708404755 ] ], [ [ -1.19732208550369, 51.977347271513871 ], [ -1.1965316958555, 51.977737546595037 ], [ -1.230583785520538, 51.994945931542794 ], [ -1.19732208550369, 51.977347271513871 ] ], [ [ -1.071951414765409, 51.841900586701648 ], [ -1.095814792159885, 51.839399650376265 ], [ -1.07260160552581, 51.834036551283241 ], [ -1.071951414765409, 51.841900586701648 ] ] ], [ [ [ -1.268735897340498, 52.104448606705176 ], [ -1.264721769696577, 52.099215726068458 ], [ -1.309245166352745, 52.089605138141309 ], [ -1.268735897340498, 52.104448606705176 ] ] ] ] } },
{ "type": "Feature", "properties": { "bus": "BESW12", "gen_view_gCO2_per_kWh": 44.127, "dominant_carrier": "solar_pv" }, "geometry": { "type": "Polygon", "coordinates": [ [ [ -1.794293636231226, 52.322838985986827 ], [ -1.760734313905061, 52.391309474670649 ], [ -1.580531363619829, 52.511588568421118 ], [ -1.375530227676826, 52.065316864173226 ], [ -1.486411401049237, 51.995956286335449 ], [ -1.644800670565541, 51.923879215552844 ], [ -1.794293636231226, 52.322838985986827 ] ] ] } },
{ "type": "Feature", "properties": { "bus": "COVE21", "gen_view_gCO2_per_kWh": 121.249, "dominant_carrier": "landfill_gas" }, "geometry": { "type": "Polygon", "coordinates": [ [ [ -1.580531363619829, 52.511588568421118 ], [ -1.548372936916564, 52.619233327913832 ], [ -1.47395611683272, 52.662688234341125 ], [ -1.423287259749084, 52.67341674093899 ], [ -1.183757563783446, 52.254756543580193 ], [ -1.181371591927952, 52.196333580026582 ], [ -1.268735897340498, 52.104448606705176 ], [ -1.375530227676826, 52.065316864173226 ], [ -1.580531363619829, 52.511588568421118 ] ] ] } },
{ "type": "Feature", "properties": { "bus": "NECH11", "gen_view_gCO2_per_kWh": 650.968, "dominant_carrier": "OCGT" }, "geometry": { "type": "Polygon", "coordinates": [ [ [ -1.865014326045045, 52.634605672971851 ], [ -1.800156463542398, 52.650759685897533 ], [ -1.760734313905061, 52.391309474670649 ], [ -1.779722549297924, 52.353894496710446 ], [ -1.890196870881039, 52.572732165850745 ], [ -1.865014326045045, 52.634605672971851 ] ] ] } },
{ "type": "Feature", "properties": { "bus": "ENDE41", "gen_view_gCO2_per_kWh": 79.449, "dominant_carrier": "landfill_gas" }, "geometry": { "type": "Polygon", "coordinates": [ [ [ -1.076078047307197, 52.753188731306956 ], [ -0.994813182246553, 52.716292640214576 ], [ -1.183757563783446, 52.254756543580193 ], [ -1.423287259749084, 52.67341674093899 ], [ -1.397045814161146, 52.707374224998013 ], [ -1.076078047307197, 52.753188731306956 ] ] ] } },
{ "type": "Feature", "properties": { "bus": "HAMH1A", "gen_view_gCO2_per_kWh": 108.087, "dominant_carrier": "sewage_gas" }, "geometry": { "type": "Polygon", "coordinates": [ [ [ -1.774444652364647, 52.674045595909291 ], [ -1.548372936916564, 52.619233327913832 ], [ -1.580531363619829, 52.511588568421118 ], [ -1.760734313905061, 52.391309474670649 ], [ -1.800156463542398, 52.650759685897533 ], [ -1.774444652364647, 52.674045595909291 ] ], [ [ -1.783440151301805, 52.631875640785807 ], [ -1.780474171237615, 52.638987026411876 ], [ -1.782920335493126, 52.638090732636002 ], [ -1.783440151301805, 52.631875640785807 ] ], [ [ -1.765376365546304, 52.562221712504915 ], [ -1.787261653040483, 52.586184486506554 ], [ -1.787459205551373, 52.583822482543049 ], [ -1.765376365546304, 52.562221712504915 ] ] ] } },
{ "type": "Feature", "properties": { "bus": "DRAK21", "gen_view_gCO2_per_kWh": 78.517, "dominant_carrier": "advanced_biofuel" }, "geometry": { "type": "Polygon", "coordinates": [ [ [ -1.797933981165407, 53.020626895939202 ], [ -1.47395611683272, 52.662688234341125 ], [ -1.548372936916564, 52.619233327913832 ], [ -1.774444652364647, 52.674045595909291 ], [ -1.797933981165407, 53.020626895939202 ] ] ] } },
{ "type": "Feature", "properties": { "bus": "WILL12", "gen_view_gCO2_per_kWh": 416.414, "dominant_carrier": "OCGT" }, "geometry": { "type": "Polygon", "coordinates": [ [ [ -1.529117951734433, 52.729664760425344 ], [ -1.608894089387532, 53.101866216718797 ], [ -1.404440216048682, 53.01229547234167 ], [ -1.397045814161146, 52.707374224998013 ], [ -1.423287259749084, 52.67341674093899 ], [ -1.47395611683272, 52.662688234341125 ], [ -1.529117951734433, 52.729664760425344 ] ] ] } },
{ "type": "Feature", "properties": { "bus": "RATS11", "gen_view_gCO2_per_kWh": 225.427, "dominant_carrier": "waste_to_energy" }, "geometry": { "type": "Polygon", "coordinates": [ [ [ -1.404440216048682, 53.01229547234167 ], [ -1.230722002476921, 53.077161886014366 ], [ -1.076078047307197, 52.753188731306956 ], [ -1.397045814161146, 52.707374224998013 ], [ -1.404440216048682, 53.01229547234167 ] ] ] } },
{ "type": "Feature", "properties": { "bus": "WILE41", "gen_view_gCO2_per_kWh": 0.0, "dominant_carrier": "solar_pv" }, "geometry": { "type": "Polygon", "coordinates": [ [ [ -1.643272709268274, 53.11812153140589 ], [ -1.608894089387532, 53.101866216718797 ], [ -1.529117951734433, 52.729664760425344 ], [ -1.797933981165407, 53.020626895939202 ], [ -1.759073459242881, 53.128641666043784 ], [ -1.643272709268274, 53.11812153140589 ] ] ] } },
{ "type": "Feature", "properties": { "bus": "BURW11", "gen_view_gCO2_per_kWh": 56.168, "dominant_carrier": "solar_pv" }, "geometry": { "type": "Polygon", "coordinates": [ [ [ 0.129597787334016, 52.471805946568672 ], [ 0.38835145422508, 52.536017786525001 ], [ 0.272613799688155, 52.097945356597727 ], [ 0.129597787334016, 52.471805946568672 ] ] ] } },
{ "type": "Feature", "properties": { "bus": "TKNE61", "gen_view_gCO2_per_kWh": 0.0, "dominant_carrier": "load_shedding" }, "geometry": { "type": "Polygon", "coordinates": [ [ [ 1.045203067635254, 52.399011119941569 ], [ 1.050938841502702, 52.38606970828986 ], [ 0.981412078571763, 52.253027895113441 ], [ 1.045203067635254, 52.399011119941569 ] ] ] } },
{ "type": "Feature", "properties": { "bus": "TKNE21", "gen_view_gCO2_per_kWh": 89.733, "dominant_carrier": "biogas" }, "geometry": { "type": "Polygon", "coordinates": [ [ [ 0.671614285251501, 52.321442456315182 ], [ 0.887615579896073, 52.487023492706768 ], [ 0.979368488144113, 52.551500047224017 ], [ 1.045203067635254, 52.399011119941569 ], [ 0.948154775388151, 52.188278659342913 ], [ 0.741359644375161, 52.15331385956614 ], [ 0.681672563553537, 52.209136418442476 ], [ 0.671614285251501, 52.321442456315182 ] ] ] } },
{ "type": "Feature", "properties": { "bus": "DISS4A", "gen_view_gCO2_per_kWh": 23.772, "dominant_carrier": "wind_onshore" }, "geometry": { "type": "Polygon", "coordinates": [ [ [ 0.979368488144113, 52.551500047224017 ], [ 1.029857141509291, 52.608193442000271 ], [ 1.33717527633468, 52.352334740638547 ], [ 1.260280690076096, 52.198353641664006 ], [ 1.151050007286621, 52.213880471877047 ], [ 1.050938841502702, 52.38606970828986 ], [ 0.979368488144113, 52.551500047224017 ] ] ] } },
{ "type": "Feature", "properties": { "bus": "SSAW11", "gen_view_gCO2_per_kWh": 0.0, "dominant_carrier": "solar_pv" }, "geometry": { "type": "Polygon", "coordinates": [ [ [ 1.226433720791065, 52.445133790023725 ], [ 1.282377660641368, 52.600803883321653 ], [ 1.428719604414678, 52.404434902527825 ], [ 1.33717527633468, 52.352334740638547 ], [ 1.226433720791065, 52.445133790023725 ] ] ] } },
{ "type": "Feature", "properties": { "bus": "NORM12", "gen_view_gCO2_per_kWh": 0.0, "dominant_carrier": "solar_pv" }, "geometry": { "type": "Polygon", "coordinates": [ [ [ 1.282377660641368, 52.600803883321653 ], [ 1.226433720791065, 52.445133790023725 ], [ 1.029857141509291, 52.608193442000271 ], [ 1.04454110848531, 52.68958931359299 ], [ 1.282377660641368, 52.600803883321653 ] ] ] } },
{ "type": "Feature", "properties": { "bus": "NOTR11", "gen_view_gCO2_per_kWh": 390.866, "dominant_carrier": "CCGT" }, "geometry": { "type": "Polygon", "coordinates": [ [ [ 1.288931478600654, 52.598527974518532 ], [ 1.416073788903846, 52.741349886010077 ], [ 1.732798190463022, 52.672960809827877 ], [ 1.751728247797928, 52.633021452493644 ], [ 1.547749673380044, 52.470878465849118 ], [ 1.477708435952654, 52.425572948785067 ], [ 1.428719604414678, 52.404434902527825 ], [ 1.288931478600654, 52.598527974518532 ] ] ] } },
{ "type": "Feature", "properties": { "bus": "NECT41", "gen_view_gCO2_per_kWh": 0.0, "dominant_carrier": "wind_onshore" }, "geometry": { "type": "Polygon", "coordinates": [ [ [ 0.513817824598784, 52.878055618354971 ], [ 0.604288472034575, 52.948253668904904 ], [ 0.887615579896073, 52.487023492706768 ], [ 0.671614285251501, 52.321442456315182 ], [ 0.472219325082544, 52.559646259316196 ], [ 0.513817824598784, 52.878055618354971 ] ] ] } },
{ "type": "Feature", "properties": { "bus": "RACW31", "gen_view_gCO2_per_kWh": 0.0, "dominant_carrier": "load_shedding" }, "geometry": { "type": "Polygon", "coordinates": [ [ [ 0.076790276692786, 52.479882633119416 ], [ 0.240644431985264, 52.810465577748516 ], [ 0.080763518473686, 52.479283685738018 ], [ 0.076790276692786, 52.479882633119416 ] ] ] } },
{ "type": "Feature", "properties": { "bus": "RACW21", "gen_view_gCO2_per_kWh": 0.0, "dominant_carrier": "load_shedding" }, "geometry": { "type": "Polygon", "coordinates": [ [ [ 0.081429816840222, 52.479182446645815 ], [ 0.240644431985264, 52.810465577748516 ], [ 0.246378823768584, 52.820862532145618 ], [ 0.081429816840222, 52.479182446645815 ] ] ] } },
{ "type": "Feature", "properties": { "bus": "MARH4B", "gen_view_gCO2_per_kWh": 26.376, "dominant_carrier": "wind_onshore" }, "geometry": { "type": "Polygon", "coordinates": [ [ [ -1.183757563783446, 52.254756543580193 ], [ -0.994813182246553, 52.716292640214576 ], [ -0.800436490783571, 52.766213054035326 ], [ -0.779556146475928, 52.764001769396039 ], [ -0.657435160174008, 52.498651665847568 ], [ -1.015876674824551, 52.200121199372973 ], [ -1.181371591927952, 52.196333580026582 ], [ -1.183757563783446, 52.254756543580193 ] ] ] } },
{ "type": "Feature", "properties": { "bus": "YAXL41", "gen_view_gCO2_per_kWh": 48.487, "dominant_carrier": "wind_onshore" }, "geometry": { "type": "Polygon", "coordinates": [ [ [ -0.498523766247643, 52.410033868655844 ], [ -0.282741152423977, 52.694431676860198 ], [ -0.008462395614153, 52.593762330894627 ], [ 0.045209271971015, 52.484568333949234 ], [ -0.073778755526234, 52.342594027459491 ], [ -0.2413953730408, 52.356866593099355 ], [ -0.498523766247643, 52.410033868655844 ] ] ] } },
{ "type": "Feature", "properties": { "bus": "RYHA4B", "gen_view_gCO2_per_kWh": 68.336, "dominant_carrier": "landfill_gas" }, "geometry": { "type": "Polygon", "coordinates": [ [ [ -0.746466837045168, 52.797018667735685 ], [ -0.504279206463119, 52.968726883592382 ], [ -0.311126888975023, 52.77294081363619 ], [ -0.282741152423977, 52.694431676860198 ], [ -0.502040517823535, 52.408779841327437 ], [ -0.657435160174008, 52.498651665847568 ], [ -0.779556146475928, 52.764001769396039 ], [ -0.746466837045168, 52.797018667735685 ] ] ] } },
{ "type": "Feature", "properties": { "bus": "SPLN41", "gen_view_gCO2_per_kWh": 19.354, "dominant_carrier": "wind_onshore" }, "geometry": { "type": "Polygon", "coordinates": [ [ [ -0.311126888975023, 52.77294081363619 ], [ -0.14096907947946, 52.894700320170003 ], [ 0.086385613946266, 52.989890144364168 ], [ 0.071384073023619, 52.927236983459238 ], [ 0.050850296748984, 52.908932222991638 ], [ 0.066105433045883, 52.905191016209109 ], [ -0.008462395614153, 52.593762330894627 ], [ -0.282741152423977, 52.694431676860198 ], [ -0.311126888975023, 52.77294081363619 ] ], [ [ -0.024475083625882, 52.630026742539883 ], [ -0.008947083607436, 52.633576962545028 ], [ -0.014990983586716, 52.657630942584255 ], [ -0.024475083625882, 52.630026742539883 ] ] ] } },
{ "type": "Feature", "properties": { "bus": "BICF41", "gen_view_gCO2_per_kWh": 0.0, "dominant_carrier": "wind_onshore" }, "geometry": { "type": "Polygon", "coordinates": [ [ [ -0.454661695365232, 53.131978057657804 ], [ -0.14096907947946, 52.894700320170003 ], [ -0.311126888975023, 52.77294081363619 ], [ -0.504279206463119, 52.968726883592382 ], [ -0.454661695365232, 53.131978057657804 ] ] ] } },
{ "type": "Feature", "properties": { "bus": "STYC12", "gen_view_gCO2_per_kWh": 0.0, "dominant_carrier": "wind_onshore" }, "geometry": { "type": "Polygon", "coordinates": [ [ [ -0.746466837045168, 52.797018667735685 ], [ -0.779556146475928, 52.764001769396039 ], [ -0.800436490783571, 52.766213054035326 ], [ -0.907882367775779, 52.948850139336287 ], [ -0.836154592722451, 53.152928402644321 ], [ -0.822948580866654, 53.147133494056682 ], [ -0.746466837045168, 52.797018667735685 ] ] ] } },
{ "type": "Feature", "properties": { "bus": "STOB41", "gen_view_gCO2_per_kWh": 53.859, "dominant_carrier": "wind_onshore" }, "geometry": { "type": "Polygon", "coordinates": [ [ [ -1.142563320005789, 53.19104930174209 ], [ -1.084522803174345, 53.220829356559314 ], [ -0.800436490783571, 52.766213054035326 ], [ -0.907249133868051, 52.739863454276048 ], [ -1.167372125320317, 53.157838859816309 ], [ -1.142563320005789, 53.19104930174209 ] ] ] } },
{ "type": "Feature", "properties": { "bus": "LINO41", "gen_view_gCO2_per_kWh": 45.577, "dominant_carrier": "solar_pv" }, "geometry": { "type": "Polygon", "coordinates": [ [ [ -0.822948580866654, 53.147133494056682 ], [ -0.528973625672849, 53.22013275143604 ], [ -0.431895872938823, 53.228566416053283 ], [ -0.504279206463119, 52.968726883592382 ], [ -0.746466837045168, 52.797018667735685 ], [ -0.822948580866654, 53.147133494056682 ] ] ] } },
{ "type": "Feature", "properties": { "bus": "TKNO21", "gen_view_gCO2_per_kWh": 86.682, "dominant_carrier": "advanced_biofuel" }, "geometry": { "type": "Polygon", "coordinates": [ [ [ -0.431895872938823, 53.228566416053283 ], [ -0.400753600328262, 53.281549481625184 ], [ 0.010058175028648, 53.249734561187999 ], [ 0.10393046353722, 53.019579124110706 ], [ 0.086385613946266, 52.989890144364168 ], [ -0.14096907947946, 52.894700320170003 ], [ -0.454661695365232, 53.131978057657804 ], [ -0.431895872938823, 53.228566416053283 ] ] ] } },
{ "type": "Feature", "properties": { "bus": "STAY41", "gen_view_gCO2_per_kWh": 394.0, "dominant_carrier": "CCGT" }, "geometry": { "type": "Polygon", "coordinates": [ [ [ -1.048279109950434, 53.264850547551106 ], [ -0.836154592722451, 53.152928402644321 ], [ -0.907882367775779, 52.948850139336287 ], [ -1.084522803174345, 53.220829356559314 ], [ -1.048279109950434, 53.264850547551106 ] ] ] } },
{ "type": "Feature", "properties": { "bus": "STOB11", "gen_view_gCO2_per_kWh": 148.444, "dominant_carrier": "advanced_biofuel" }, "geometry": { "type": "Polygon", "coordinates": [ [ [ -1.167372125320317, 53.157838859816309 ], [ -0.907249133868051, 52.739863454276048 ], [ -0.994813182246553, 52.716292640214576 ], [ -1.076078047307197, 52.753188731306956 ], [ -1.230722002476921, 53.077161886014366 ], [ -1.167372125320317, 53.157838859816309 ] ] ] } },
{ "type": "Feature", "properties": { "bus": "CHTE12", "gen_view_gCO2_per_kWh": 345.066, "dominant_carrier": "CCGT" }, "geometry": { "type": "Polygon", "coordinates": [ [ [ -1.643272709268274, 53.11812153140589 ], [ -1.575557306614865, 53.180510188831121 ], [ -1.363692987930242, 53.312539834194943 ], [ -1.316338968719664, 53.307400168131004 ], [ -1.142563320005789, 53.19104930174209 ], [ -1.230722002476921, 53.077161886014366 ], [ -1.404440216048682, 53.01229547234167 ], [ -1.643272709268274, 53.11812153140589 ] ] ] } },
{ "type": "Feature", "properties": { "bus": "GRST61", "gen_view_gCO2_per_kWh": 0.0, "dominant_carrier": "load_shedding" }, "geometry": { "type": "Polygon", "coordinates": [ [ [ -1.810139647586922, 53.263413287570664 ], [ -1.557379929515752, 53.420919978354235 ], [ -1.500647233682959, 53.38373338403612 ], [ -1.493279460183146, 53.357009136669049 ], [ -1.511501575981253, 53.298409325730852 ], [ -1.575557306614865, 53.180510188831121 ], [ -1.643272709268274, 53.11812153140589 ], [ -1.759073459242881, 53.128641666043784 ], [ -1.800271342302498, 53.201190114714393 ], [ -1.810139647586922, 53.263413287570664 ] ], [ [ -1.624955706317578, 53.317504388807947 ], [ -1.626232448385876, 53.318038586749722 ], [ -1.628219054658756, 53.316482713811183 ], [ -1.624955706317578, 53.317504388807947 ] ], [ [ -1.529398584544517, 53.310849373792472 ], [ -1.592838074627478, 53.304066143786052 ], [ -1.52816075196566, 53.309630122868001 ], [ -1.529398584544517, 53.310849373792472 ] ] ] } },
{ "type": "Feature", "properties": { "bus": "JORD31", "gen_view_gCO2_per_kWh": 0.0, "dominant_carrier": "load_shedding" }, "geometry": { "type": "Polygon", "coordinates": [ [ [ -1.511501575981253, 53.298409325730852 ], [ -1.433735236239813, 53.363260407624878 ], [ -1.363692987930242, 53.312539834194943 ], [ -1.575557306614865, 53.180510188831121 ], [ -1.511501575981253, 53.298409325730852 ] ], [ [ -1.414900384398624, 53.320400693799336 ], [ -1.467110824487241, 53.292567413754753 ], [ -1.413806034399116, 53.318518603795894 ], [ -1.411091784373731, 53.34180581383675 ], [ -1.414900384398624, 53.320400693799336 ] ] ] } },
{ "type": "Feature", "properties": { "bus": "NORL2A", "gen_view_gCO2_per_kWh": 0.0, "dominant_carrier": "load_shedding" }, "geometry": { "type": "Polygon", "coordinates": [ [ [ -1.493279460183146, 53.357009136669049 ], [ -1.447610798759069, 53.369833774556085 ], [ -1.433735236239813, 53.363260407624878 ], [ -1.511501575981253, 53.298409325730852 ], [ -1.493279460183146, 53.357009136669049 ] ] ] } },
{ "type": "Feature", "properties": { "bus": "THUR61", "gen_view_gCO2_per_kWh": 0.0, "dominant_carrier": "wind_onshore" }, "geometry": { "type": "Polygon", "coordinates": [ [ [ -1.316601123871813, 53.333985323410694 ], [ -1.305567281805731, 53.333072110869026 ], [ -1.31660680461527, 53.334561407632741 ], [ -1.317267986587422, 53.401611874696385 ], [ -1.214556308459081, 53.530889185279982 ], [ -1.039935365967056, 53.351049846913128 ], [ -1.048279109950434, 53.264850547551106 ], [ -1.084522803174345, 53.220829356559314 ], [ -1.142563320005789, 53.19104930174209 ], [ -1.316338968719664, 53.307400168131004 ], [ -1.316601123871813, 53.333985323410694 ] ], [ [ -1.247762479165549, 53.302231834994643 ], [ -1.291369034263663, 53.309301853768993 ], [ -1.254130134227307, 53.301942073752841 ], [ -1.247762479165549, 53.302231834994643 ] ], [ [ -1.149019754070432, 53.338362073807573 ], [ -1.200592484162847, 53.304378313752508 ], [ -1.143120547209308, 53.33678043809622 ], [ -1.149019754070432, 53.338362073807573 ] ], [ [ -1.070584331913992, 53.33226276766581 ], [ -1.091762137673725, 53.328373086911533 ], [ -1.084171424007785, 53.32632448378088 ], [ -1.070584331913992, 53.33226276766581 ] ] ] } },
{ "type": "Feature", "properties": { "bus": "TINP21", "gen_view_gCO2_per_kWh": 0.0, "dominant_carrier": "wind_onshore" }, "geometry": { "type": "MultiPolygon", "coordinates": [ [ [ [ -1.397318383261642, 53.34066586253406 ], [ -1.371375172408581, 53.338518680674831 ], [ -1.367031644409337, 53.316404241975555 ], [ -1.397318383261642, 53.34066586253406 ] ] ], [ [ [ -1.424325643600091, 53.362300410441321 ], [ -1.423216586530401, 53.388027256181566 ], [ -1.401290650292963, 53.41400105756248 ], [ -1.382557176506413, 53.395450222084811 ], [ -1.371423422424525, 53.338764338586991 ], [ -1.397434217359744, 53.340758653076804 ], [ -1.424325643600091, 53.362300410441321 ] ] ] ] } },
{ "type": "Feature", "properties": { "bus": "BRIN41", "gen_view_gCO2_per_kWh": 0.0, "dominant_carrier": "load_shedding" }, "geometry": { "type": "MultiPolygon", "coordinates": [ [ [ [ -1.363692987930242, 53.312539834194943 ], [ -1.371375172408581, 53.338518680674831 ], [ -1.316601123871813, 53.333985323410694 ], [ -1.316338968719664, 53.307400168131004 ], [ -1.363692987930242, 53.312539834194943 ] ] ], [ [ [ -1.382557176506413, 53.395450222084811 ], [ -1.360854484861509, 53.440253227040422 ], [ -1.317267986587422, 53.401611874696385 ], [ -1.31660680461527, 53.334561407632741 ], [ -1.371423422424525, 53.338764338586991 ], [ -1.382557176506413, 53.395450222084811 ] ] ] ] } },
{ "type": "Feature", "properties": { "bus": "SHEC31", "gen_view_gCO2_per_kWh": 0.0, "dominant_carrier": "load_shedding" }, "geometry": { "type": "Polygon", "coordinates": [ [ [ -1.500647233682959, 53.38373338403612 ], [ -1.468729590844462, 53.396359460352009 ], [ -1.447610798759069, 53.369833774556085 ], [ -1.493279460183146, 53.357009136669049 ], [ -1.500647233682959, 53.38373338403612 ] ] ] } },
{ "type": "Feature", "properties": { "bus": "PITS21", "gen_view_gCO2_per_kWh": 299.981, "dominant_carrier": "waste_to_energy" }, "geometry": { "type": "Polygon", "coordinates": [ [ [ -1.458910884553753, 53.463282515413731 ], [ -1.423216586530401, 53.388027256181566 ], [ -1.424325643600091, 53.362300410441321 ], [ -1.447610798759069, 53.369833774556085 ], [ -1.468729590844462, 53.396359460352009 ], [ -1.458910884553753, 53.463282515413731 ] ] ] } },
{ "type": "Feature", "properties": { "bus": "HIGM4A", "gen_view_gCO2_per_kWh": 247.782, "dominant_carrier": "waste_to_energy" }, "geometry": { "type": "Polygon", "coordinates": [ [ [ -0.822948580866654, 53.147133494056682 ], [ -1.048035168676285, 53.26479725815291 ], [ -0.894187521097451, 53.281331972669179 ], [ -0.528973625672849, 53.22013275143604 ], [ -0.822948580866654, 53.147133494056682 ] ], [ [ -0.73512871370055, 53.243941303608892 ], [ -0.771019966972779, 53.246509592201271 ], [ -0.770963743737272, 53.24621579361569 ], [ -0.73512871370055, 53.243941303608892 ] ] ] } },
{ "type": "Feature", "properties": { "bus": "COTT41", "gen_view_gCO2_per_kWh": 15.814, "dominant_carrier": "solar_pv" }, "geometry": { "type": "Polygon", "coordinates": [ [ [ -0.593323113431804, 53.432029489028288 ], [ -0.477096510795251, 53.420391647224385 ], [ -0.428732693328421, 53.348543343996106 ], [ -0.400753600328262, 53.281549481625184 ], [ -0.431895872938823, 53.228566416053283 ], [ -0.528973625672849, 53.22013275143604 ], [ -0.894187521097451, 53.281331972669179 ], [ -0.593323113431804, 53.432029489028288 ] ], [ [ -0.747066493653211, 53.304212513713793 ], [ -0.749888039987605, 53.316038062807344 ], [ -0.750177261616205, 53.302177358481892 ], [ -0.747066493653211, 53.304212513713793 ] ] ] } },
{ "type": "Feature", "properties": { "bus": "WBUR41", "gen_view_gCO2_per_kWh": 33.677, "dominant_carrier": "solar_pv" }, "geometry": { "type": "Polygon", "coordinates": [ [ [ -0.918029931256974, 53.506973588974141 ], [ -0.593323113431804, 53.432029489028288 ], [ -0.894187521097451, 53.281331972669179 ], [ -1.048035168676285, 53.26479725815291 ], [ -1.039935365967056, 53.351049846913128 ], [ -0.918029931256974, 53.506973588974141 ] ], [ [ -0.777848293594062, 53.397681583878374 ], [ -0.783762990452782, 53.401972793814359 ], [ -0.780124896965026, 53.391744734633669 ], [ -0.777848293594062, 53.397681583878374 ] ] ] } },
{ "type": "Feature", "properties": { "bus": "GRIW41", "gen_view_gCO2_per_kWh": 0.0, "dominant_carrier": "wind_onshore" }, "geometry": { "type": "Polygon", "coordinates": [ [ [ -0.428732693328421, 53.348543343996106 ], [ -0.217754547689055, 53.593910927303575 ], [ -0.029322059940807, 53.566585051400203 ], [ 0.027249897377789, 53.524833834024754 ], [ 0.088521527433713, 53.520464144011797 ], [ 0.091101637415103, 53.500120593977002 ], [ 0.113331367446736, 53.509614043991121 ], [ 0.160209277475374, 53.493326523959361 ], [ 0.175235611219659, 53.473555315162251 ], [ 0.010058175028648, 53.249734561187999 ], [ -0.400753600328262, 53.281549481625184 ], [ -0.428732693328421, 53.348543343996106 ] ] ] } },
{ "type": "Feature", "properties": { "bus": "KILL41", "gen_view_gCO2_per_kWh": 639.625, "dominant_carrier": "OCGT" }, "geometry": { "type": "Polygon", "coordinates": [ [ [ -0.493724483624103, 53.554317828575392 ], [ -0.337423053543993, 53.712173749919849 ], [ -0.263818973793545, 53.698660306794579 ], [ -0.194253333450406, 53.641471877603919 ], [ -0.217754547689055, 53.593910927303575 ], [ -0.428732693328421, 53.348543343996106 ], [ -0.477096510795251, 53.420391647224385 ], [ -0.493724483624103, 53.554317828575392 ] ] ] } },
{ "type": "Feature", "properties": { "bus": "KEAP42", "gen_view_gCO2_per_kWh": 379.806, "dominant_carrier": "CCGT" }, "geometry": { "type": "Polygon", "coordinates": [ [ [ -0.634614061291462, 53.783125998415862 ], [ -0.493724483624103, 53.554317828575392 ], [ -0.477096510795251, 53.420391647224385 ], [ -0.593323113431804, 53.432029489028288 ], [ -0.790324636154818, 53.480417746262482 ], [ -0.699397067834485, 53.76777662594251 ], [ -0.634614061291462, 53.783125998415862 ] ] ] } },
{ "type": "Feature", "properties": { "bus": "KEAD42", "gen_view_gCO2_per_kWh": 12.388, "dominant_carrier": "wind_onshore" }, "geometry": { "type": "Polygon", "coordinates": [ [ [ -0.922214908192909, 53.583366246865126 ], [ -0.83210439147603, 53.739690605404022 ], [ -0.699397067834485, 53.76777662594251 ], [ -0.790324636154818, 53.480417746262482 ], [ -0.918029931256974, 53.506973588974141 ], [ -0.922214908192909, 53.583366246865126 ] ] ] } },
{ "type": "Feature", "properties": { "bus": "DRAX42", "gen_view_gCO2_per_kWh": 0.0, "dominant_carrier": "wind_onshore" }, "geometry": { "type": "Polygon", "coordinates": [ [ [ -0.948864007513762, 53.599789630090257 ], [ -1.03664154267225, 53.840451216944658 ], [ -0.943974697803355, 53.853597710027721 ], [ -0.83210439147603, 53.739690605404022 ], [ -0.922214908192909, 53.583366246865126 ], [ -0.948864007513762, 53.599789630090257 ] ] ] } },
{ "type": "Feature", "properties": { "bus": "CAML61", "gen_view_gCO2_per_kWh": 0.0, "dominant_carrier": "wind_onshore" }, "geometry": { "type": "Polygon", "coordinates": [ [ [ -1.07999058445011, 53.835964659881434 ], [ -1.03664154267225, 53.840451216944658 ], [ -0.948864007513762, 53.599789630090257 ], [ -1.007193637367076, 53.633245614654342 ], [ -1.059528648060166, 53.693403295199111 ], [ -1.07999058445011, 53.835964659881434 ] ] ] } },
{ "type": "Feature", "properties": { "bus": "SAEN21", "gen_view_gCO2_per_kWh": 0.0, "dominant_carrier": "load_shedding" }, "geometry": { "type": "MultiPolygon", "coordinates": [ [ [ [ -0.316090057212571, 53.766112000172591 ], [ -0.216584188301189, 53.731120925367179 ], [ -0.212908634118495, 53.696105645749128 ], [ -0.282112792722567, 53.737296744420568 ], [ -0.329813032461146, 53.731265256286086 ], [ -0.316090057212571, 53.766112000172591 ] ] ], [ [ [ -0.336815057391681, 53.712235210317559 ], [ -0.285082852745477, 53.717464654386447 ], [ -0.263818973793545, 53.698660306794579 ], [ -0.336815057391681, 53.712235210317559 ] ] ] ] } },
{ "type": "Feature", "properties": { "bus": "TEMP22", "gen_view_gCO2_per_kWh": 0.0, "dominant_carrier": "load_shedding" }, "geometry": { "type": "Polygon", "coordinates": [ [ [ -1.399611818876584, 53.458273466149173 ], [ -1.371512177137453, 53.456233042223161 ], [ -1.360854484861509, 53.440253227040422 ], [ -1.382557176506413, 53.395450222084811 ], [ -1.401290650292963, 53.41400105756248 ], [ -1.399611818876584, 53.458273466149173 ] ] ] } },
{ "type": "Feature", "properties": { "bus": "WIBA21", "gen_view_gCO2_per_kWh": 119.827, "dominant_carrier": "landfill_gas" }, "geometry": { "type": "Polygon", "coordinates": [ [ [ -1.461172352288605, 53.485539464137695 ], [ -1.399611818876584, 53.458273466149173 ], [ -1.401290650292963, 53.41400105756248 ], [ -1.423216586530401, 53.388027256181566 ], [ -1.461172352288605, 53.485539464137695 ] ] ] } },
{ "type": "Feature", "properties": { "bus": "NEEP21", "gen_view_gCO2_per_kWh": 119.871, "dominant_carrier": "landfill_gas" }, "geometry": { "type": "Polygon", "coordinates": [ [ [ -1.486375934201272, 53.514675351957486 ], [ -1.461172352288605, 53.485539464137695 ], [ -1.458910884553753, 53.463282515413731 ], [ -1.468729590844462, 53.396359460352009 ], [ -1.500647233682959, 53.38373338403612 ], [ -1.557379929515752, 53.420919978354235 ], [ -1.486375934201272, 53.514675351957486 ] ] ] } },
{ "type": "Feature", "properties": { "bus": "STSB4B", "gen_view_gCO2_per_kWh": 0.0, "dominant_carrier": "wind_onshore" }, "geometry": { "type": "Polygon", "coordinates": [ [ [ -1.821130270492853, 53.290665819087558 ], [ -1.817344741159725, 53.467288799689982 ], [ -1.656900750980751, 53.64284521800591 ], [ -1.590747746968785, 53.644211854980689 ], [ -1.495450475731748, 53.613746507548001 ], [ -1.486375934201272, 53.514675351957486 ], [ -1.557379929515752, 53.420919978354235 ], [ -1.810139647586922, 53.263413287570664 ], [ -1.821130270492853, 53.290665819087558 ] ], [ [ -1.760640524800952, 53.338155613861574 ], [ -1.801150074869267, 53.318571523830244 ], [ -1.818002564864003, 53.346913963882393 ], [ -1.809662124885585, 53.312355243819916 ], [ -1.760640524800952, 53.338155613861574 ] ] ] } },
{ "type": "Feature", "properties": { "bus": "ALDW31", "gen_view_gCO2_per_kWh": 0.0, "dominant_carrier": "load_shedding" }, "geometry": { "type": "Polygon", "coordinates": [ [ [ -1.317267986587422, 53.401611874696385 ], [ -1.371512177137453, 53.456233042223161 ], [ -1.256522877905885, 53.577503654819409 ], [ -1.238120306561965, 53.57387031432183 ], [ -1.214556308459081, 53.530889185279982 ], [ -1.317267986587422, 53.401611874696385 ] ] ] } },
{ "type": "Feature", "properties": { "bus": "THOM2A", "gen_view_gCO2_per_kWh": 65.833, "dominant_carrier": "wind_onshore" }, "geometry": { "type": "Polygon", "coordinates": [ [ [ -1.236518120190226, 53.571982305444585 ], [ -1.007193637367076, 53.633245614654342 ], [ -0.922214908192909, 53.583366246865126 ], [ -0.918029931256974, 53.506973588974141 ], [ -1.039935365967056, 53.351049846913128 ], [ -1.214556308459081, 53.530889185279982 ], [ -1.236518120190226, 53.571982305444585 ] ] ] } },
{ "type": "Feature", "properties": { "bus": "WMEL12", "gen_view_gCO2_per_kWh": 74.696, "dominant_carrier": "biogas" }, "geometry": { "type": "Polygon", "coordinates": [ [ [ -1.486375934201272, 53.514675351957486 ], [ -1.495450475731748, 53.613746507548001 ], [ -1.411556757138806, 53.649904105704231 ], [ -1.256522877905885, 53.577503654819409 ], [ -1.371512177137453, 53.456233042223161 ], [ -1.399611818876584, 53.458273466149173 ], [ -1.461172352288605, 53.485539464137695 ], [ -1.486375934201272, 53.514675351957486 ] ] ] } },
{ "type": "Feature", "properties": { "bus": "ELLA21", "gen_view_gCO2_per_kWh": 509.147, "dominant_carrier": "OCGT" }, "geometry": { "type": "Polygon", "coordinates": [ [ [ -2.017781164305, 53.685858628696728 ], [ -1.73210517433844, 53.795932430000413 ], [ -1.656900750980751, 53.64284521800591 ], [ -1.817344741159725, 53.467288799689982 ], [ -2.017781164305, 53.685858628696728 ] ] ] } },
{ "type": "Feature", "properties": { "bus": "FENW4A", "gen_view_gCO2_per_kWh": 60.318, "dominant_carrier": "landfill_gas" }, "geometry": { "type": "Polygon", "coordinates": [ [ [ -1.203272045359434, 53.647749326554482 ], [ -1.059528648060166, 53.693403295199111 ], [ -1.007193637367076, 53.633245614654342 ], [ -1.236518120190226, 53.571982305444585 ], [ -1.203272045359434, 53.647749326554482 ] ] ] } },
{ "type": "Feature", "properties": { "bus": "FERR2A", "gen_view_gCO2_per_kWh": 0.0, "dominant_carrier": "solar_pv" }, "geometry": { "type": "Polygon", "coordinates": [ [ [ -1.317181171939603, 53.606936394402751 ], [ -1.259786822534488, 53.763720958474849 ], [ -1.200970334420668, 53.686985468532924 ], [ -1.203272045359434, 53.647749326554482 ], [ -1.238120306561965, 53.57387031432183 ], [ -1.317181171939603, 53.606936394402751 ] ] ] } },
{ "type": "Feature", "properties": { "bus": "WERO22", "gen_view_gCO2_per_kWh": 0.0, "dominant_carrier": "load_shedding" }, "geometry": { "type": "Polygon", "coordinates": [ [ [ -0.167747239910128, 53.825015982669626 ], [ -0.197114986331783, 53.70754499718047 ], [ -0.201721730417233, 53.689447074017572 ], [ -0.202532933179688, 53.689929911085542 ], [ -0.167747239910128, 53.825015982669626 ] ] ] } },
{ "type": "Feature", "properties": { "bus": "WERW11", "gen_view_gCO2_per_kWh": 0.0, "dominant_carrier": "load_shedding" }, "geometry": { "type": "Polygon", "coordinates": [ [ [ -0.203820927008128, 53.69069653959378 ], [ -0.168509219586804, 53.825105205407631 ], [ -0.202532933179688, 53.689929911085542 ], [ -0.203820927008128, 53.69069653959378 ] ] ] } },
{ "type": "Feature", "properties": { "bus": "WERW31", "gen_view_gCO2_per_kWh": 0.0, "dominant_carrier": "load_shedding" }, "geometry": { "type": "Polygon", "coordinates": [ [ [ -0.20532463323172, 53.69159156256174 ], [ -0.170541803260738, 53.825360900575816 ], [ -0.203820927008128, 53.69069653959378 ], [ -0.20532463323172, 53.69159156256174 ] ] ] } },
{ "type": "Feature", "properties": { "bus": "HEDO21", "gen_view_gCO2_per_kWh": 0.0, "dominant_carrier": "load_shedding" }, "geometry": { "type": "Polygon", "coordinates": [ [ [ -0.216584188301189, 53.731120925367179 ], [ -0.211184272909319, 53.831223557706124 ], [ -0.172067904553866, 53.825568669296608 ], [ -0.20532463323172, 53.69159156256174 ], [ -0.216584188301189, 53.731120925367179 ] ] ] } },
{ "type": "Feature", "properties": { "bus": "WERO11", "gen_view_gCO2_per_kWh": 0.0, "dominant_carrier": "load_shedding" }, "geometry": { "type": "Polygon", "coordinates": [ [ [ -0.166691153047748, 53.824894068229931 ], [ -0.197114986331783, 53.70754499718047 ], [ -0.167747239910128, 53.825015982669626 ], [ -0.166691153047748, 53.824894068229931 ] ] ] } },
{ "type": "Feature", "properties": { "bus": "DBBODC", "gen_view_gCO2_per_kWh": 112.649, "dominant_carrier": "advanced_biofuel" }, "geometry": { "type": "MultiPolygon", "coordinates": [ [ [ [ -0.283931576429922, 53.86069071201419 ], [ -0.329813032461146, 53.731265256286086 ], [ -0.423797541075521, 53.71938132338272 ], [ -0.353081488775817, 53.991169523965844 ], [ -0.283931576429922, 53.86069071201419 ] ] ], [ [ [ -0.455970075924712, 53.595730255905352 ], [ -0.428056673837844, 53.703011885442514 ], [ -0.337423053543993, 53.712173749919849 ], [ -0.455970075924712, 53.595730255905352 ] ] ] ] } },
{ "type": "Feature", "properties": { "bus": "SAEN11", "gen_view_gCO2_per_kWh": 0.0, "dominant_carrier": "wind_onshore" }, "geometry": { "type": "Polygon", "coordinates": [ [ [ -0.283931576429922, 53.86069071201419 ], [ -0.211184272909319, 53.831223557706124 ], [ -0.216584188301189, 53.731120925367179 ], [ -0.316090057212571, 53.766112000172591 ], [ -0.283931576429922, 53.86069071201419 ] ] ] } },
{ "type": "Feature", "properties": { "bus": "CREB2A", "gen_view_gCO2_per_kWh": 21.528, "dominant_carrier": "wind_onshore" }, "geometry": { "type": "Polygon", "coordinates": [ [ [ -0.353081488775817, 53.991169523965844 ], [ -0.423797541075521, 53.71938132338272 ], [ -0.506997622990853, 53.708861034394523 ], [ -0.514371003013195, 53.694286644369797 ], [ -0.428056673837844, 53.703011885442514 ], [ -0.455970075924712, 53.595730255905352 ], [ -0.493724483624103, 53.554317828575392 ], [ -0.634614061291462, 53.783125998415862 ], [ -0.504000205275683, 54.320604059380337 ], [ -0.353081488775817, 53.991169523965844 ] ] ] } },
{ "type": "Feature", "properties": { "bus": "OSBA11", "gen_view_gCO2_per_kWh": 32.714, "dominant_carrier": "biogas" }, "geometry": { "type": "Polygon", "coordinates": [ [ [ -1.098785071889989, 53.843764234046908 ], [ -1.028592227884171, 54.267027082351056 ], [ -0.821482908059534, 54.29289208618389 ], [ -0.943974697803355, 53.853597710027721 ], [ -1.040678963936748, 53.840033350247971 ], [ -1.062920313479689, 53.853061584710339 ], [ -1.043062861290523, 53.839786620653221 ], [ -1.07999058445011, 53.835964659881434 ], [ -1.098785071889989, 53.843764234046908 ] ] ] } },
{ "type": "Feature", "properties": { "bus": "THTO41", "gen_view_gCO2_per_kWh": 43.447, "dominant_carrier": "wind_onshore" }, "geometry": { "type": "Polygon", "coordinates": [ [ [ -0.516322863836752, 54.420065667092416 ], [ -0.50593361947991, 54.414410560809188 ], [ -0.504000205275683, 54.320604059380337 ], [ -0.634614061291462, 53.783125998415862 ], [ -0.83210439147603, 53.739690605404022 ], [ -0.943974697803355, 53.853597710027721 ], [ -0.821482908059534, 54.29289208618389 ], [ -0.516322863836752, 54.420065667092416 ] ], [ [ -0.612881502503967, 54.072643132398397 ], [ -0.609697102751621, 54.073266745049253 ], [ -0.603424532724022, 54.094922995087011 ], [ -0.612881502503967, 54.072643132398397 ] ] ] } },
{ "type": "Feature", "properties": { "bus": "EGGB42", "gen_view_gCO2_per_kWh": 0.0, "dominant_carrier": "solar_pv" }, "geometry": { "type": "Polygon", "coordinates": [ [ [ -1.106629672588056, 53.843558362509121 ], [ -1.07999058445011, 53.835964659881434 ], [ -1.059528648060166, 53.693403295199111 ], [ -1.203272045359434, 53.647749326554482 ], [ -1.200970334420668, 53.686985468532924 ], [ -1.106629672588056, 53.843558362509121 ] ] ] } },
{ "type": "Feature", "properties": { "bus": "FERR11", "gen_view_gCO2_per_kWh": 295.116, "dominant_carrier": "waste_to_energy" }, "geometry": { "type": "Polygon", "coordinates": [ [ [ -1.411556757138806, 53.649904105704231 ], [ -1.354242965012787, 53.883908620991832 ], [ -1.344622084656209, 53.890884216033278 ], [ -1.259786822534488, 53.763720958474849 ], [ -1.317181171939603, 53.606936394402751 ], [ -1.411556757138806, 53.649904105704231 ] ] ] } },
{ "type": "Feature", "properties": { "bus": "SKLG21", "gen_view_gCO2_per_kWh": 266.087, "dominant_carrier": "waste_to_energy" }, "geometry": { "type": "Polygon", "coordinates": [ [ [ -1.590747746968785, 53.644211854980689 ], [ -1.516038161746712, 53.892395020139674 ], [ -1.354242965012787, 53.883908620991832 ], [ -1.411556757138806, 53.649904105704231 ], [ -1.495450475731748, 53.613746507548001 ], [ -1.590747746968785, 53.644211854980689 ] ] ] } },
{ "type": "Feature", "properties": { "bus": "MONF41", "gen_view_gCO2_per_kWh": 394.0, "dominant_carrier": "CCGT" }, "geometry": { "type": "Polygon", "coordinates": [ [ [ -1.344622084656209, 53.890884216033278 ], [ -1.314640129325114, 53.924369750416808 ], [ -1.106629672588056, 53.843558362509121 ], [ -1.200970334420668, 53.686985468532924 ], [ -1.344622084656209, 53.890884216033278 ] ] ] } },
{ "type": "Feature", "properties": { "bus": "KIRK11", "gen_view_gCO2_per_kWh": 119.936, "dominant_carrier": "sewage_gas" }, "geometry": { "type": "Polygon", "coordinates": [ [ [ -1.728742645309136, 54.008669477291335 ], [ -1.516038161746712, 53.892395020139674 ], [ -1.590747746968785, 53.644211854980689 ], [ -1.656900750980751, 53.64284521800591 ], [ -1.73210517433844, 53.795932430000413 ], [ -1.728742645309136, 54.008669477291335 ] ] ] } },
{ "type": "Feature", "properties": { "bus": "GART4A", "gen_view_gCO2_per_kWh": 0.0, "dominant_carrier": "wind_onshore" }, "geometry": { "type": "Polygon", "coordinates": [ [ [ -1.690074823290454, 53.989968649344505 ], [ -1.303662141752745, 54.044679182722177 ], [ -1.314640129325114, 53.924369750416808 ], [ -1.354242965012787, 53.883908620991832 ], [ -1.516038161746712, 53.892395020139674 ], [ -1.690074823290454, 53.989968649344505 ] ] ] } },
{ "type": "Feature", "properties": { "bus": "POPP21", "gen_view_gCO2_per_kWh": 96.471, "dominant_carrier": "landfill_gas" }, "geometry": { "type": "Polygon", "coordinates": [ [ [ -1.314640129325114, 53.924369750416808 ], [ -1.294519541668139, 54.101824055371878 ], [ -1.140868509598662, 54.271038349449505 ], [ -1.028592227884171, 54.267027082351056 ], [ -1.098785071889989, 53.843764234046908 ], [ -1.314640129325114, 53.924369750416808 ] ] ] } },
{ "type": "Feature", "properties": { "bus": "KNAR21", "gen_view_gCO2_per_kWh": 293.655, "dominant_carrier": "waste_to_energy" }, "geometry": { "type": "Polygon", "coordinates": [ [ [ -1.859672117278968, 54.233181753307697 ], [ -1.294519541668139, 54.101824055371878 ], [ -1.303662141752745, 54.044679182722177 ], [ -1.690074823290454, 53.989968649344505 ], [ -1.728742645309136, 54.008669477291335 ], [ -1.859672117278968, 54.233181753307697 ] ] ] } },
{ "type": "Feature", "properties": { "bus": "HAMB4A", "gen_view_gCO2_per_kWh": 19.803, "dominant_carrier": "solar_pv" }, "geometry": { "type": "Polygon", "coordinates": [ [ [ -1.981341948618486, 54.352019547832612 ], [ -1.570456210065414, 54.458299315531072 ], [ -1.276149528376727, 54.394494109223878 ], [ -1.140868509598662, 54.271038349449505 ], [ -1.294519541668139, 54.101824055371878 ], [ -1.859672117278968, 54.233181753307697 ], [ -1.981341948618486, 54.352019547832612 ] ] ] } },
{ "type": "Feature", "properties": { "bus": "LAZE41", "gen_view_gCO2_per_kWh": 0.0, "dominant_carrier": "load_shedding" }, "geometry": { "type": "Polygon", "coordinates": [ [ [ -1.118117767188694, 54.573189174736889 ], [ -1.102385721912359, 54.585728426547497 ], [ -1.088137542844825, 54.27023302966758 ], [ -1.104464851183161, 54.271069644627467 ], [ -1.118117767188694, 54.573189174736889 ] ] ] } },
{ "type": "Feature", "properties": { "bus": "LACK21", "gen_view_gCO2_per_kWh": 58.513, "dominant_carrier": "wind_onshore" }, "geometry": { "type": "Polygon", "coordinates": [ [ [ -1.187635530405393, 54.58251442418721 ], [ -1.161561880130799, 54.602671248644128 ], [ -1.118117767188694, 54.573189174736889 ], [ -1.104464851183161, 54.271069644627467 ], [ -1.140868509598662, 54.271038349449505 ], [ -1.261202423645432, 54.386167568589329 ], [ -1.187635530405393, 54.58251442418721 ] ] ] } },
{ "type": "Feature", "properties": { "bus": "SALH21", "gen_view_gCO2_per_kWh": 286.019, "dominant_carrier": "waste_to_energy" }, "geometry": { "type": "Polygon", "coordinates": [ [ [ -1.304390037736586, 54.631935583868042 ], [ -1.241343723251322, 54.666913013032271 ], [ -1.187635530405393, 54.58251442418721 ], [ -1.261202423645432, 54.386167568589329 ], [ -1.276149528376727, 54.394494109223878 ], [ -1.304390037736586, 54.631935583868042 ] ] ] } },
{ "type": "Feature", "properties": { "bus": "NORT21", "gen_view_gCO2_per_kWh": 0.0, "dominant_carrier": "wind_onshore" }, "geometry": { "type": "Polygon", "coordinates": [ [ [ -1.43434532105683, 54.689753055594124 ], [ -1.400879616649443, 54.69581968172222 ], [ -1.304390037736586, 54.631935583868042 ], [ -1.276149528376727, 54.394494109223878 ], [ -1.570456210065414, 54.458299315531072 ], [ -1.43434532105683, 54.689753055594124 ] ] ] } },
{ "type": "Feature", "properties": { "bus": "WILT2A", "gen_view_gCO2_per_kWh": 390.818, "dominant_carrier": "CCGT" }, "geometry": { "type": "Polygon", "coordinates": [ [ [ -1.146777351618126, 54.623563798456388 ], [ -1.093437940993288, 54.593568765152327 ], [ -1.118117767188694, 54.573189174736889 ], [ -1.161561880130799, 54.602671248644128 ], [ -1.146777351618126, 54.623563798456388 ] ] ] } },
{ "type": "Feature", "properties": { "bus": "SPEN42", "gen_view_gCO2_per_kWh": 24.201, "dominant_carrier": "wind_onshore" }, "geometry": { "type": "Polygon", "coordinates": [ [ [ -2.082273238321859, 54.41617775223623 ], [ -1.98440944301587, 54.610002046597323 ], [ -1.618264101665123, 54.854638254359671 ], [ -1.501104687646744, 54.79034304893716 ], [ -1.43434532105683, 54.689753055594124 ], [ -1.570456210065414, 54.458299315531072 ], [ -1.981341948618486, 54.352019547832612 ], [ -2.070216180857301, 54.383068017254196 ], [ -2.082273238321859, 54.41617775223623 ] ] ] } },
{ "type": "Feature", "properties": { "bus": "HATL21", "gen_view_gCO2_per_kWh": 0.462, "dominant_carrier": "nuclear" }, "geometry": { "type": "Polygon", "coordinates": [ [ [ -1.146777351618126, 54.623563798456388 ], [ -1.187635530405393, 54.58251442418721 ], [ -1.241343723251322, 54.666913013032271 ], [ -1.207617493100791, 54.722092558063842 ], [ -1.170175852844882, 54.700326646266298 ], [ -1.189770602886482, 54.680421406232639 ], [ -1.156988492881091, 54.639865356152704 ], [ -1.140366668904262, 54.649015699650008 ], [ -1.146777351618126, 54.623563798456388 ] ] ] } },
{ "type": "Feature", "properties": { "bus": "HARM21", "gen_view_gCO2_per_kWh": 0.0, "dominant_carrier": "wind_onshore" }, "geometry": { "type": "Polygon", "coordinates": [ [ [ -1.241343723251322, 54.666913013032271 ], [ -1.304390037736586, 54.631935583868042 ], [ -1.400879616649443, 54.69581968172222 ], [ -1.306442550199057, 54.795670624352034 ], [ -1.295759142939474, 54.77333185642145 ], [ -1.207617493100791, 54.722092558063842 ], [ -1.241343723251322, 54.666913013032271 ] ] ] } },
{ "type": "Feature", "properties": { "bus": "HAWP21", "gen_view_gCO2_per_kWh": 6.029, "dominant_carrier": "wind_onshore" }, "geometry": { "type": "Polygon", "coordinates": [ [ [ -1.501104687646744, 54.79034304893716 ], [ -1.41191125295479, 54.85695857763919 ], [ -1.317383875287099, 54.818548692748656 ], [ -1.306442550199057, 54.795670624352034 ], [ -1.400879616649443, 54.69581968172222 ], [ -1.43434532105683, 54.689753055594124 ], [ -1.501104687646744, 54.79034304893716 ] ] ] } },
{ "type": "Feature", "properties": { "bus": "OFFE31", "gen_view_gCO2_per_kWh": 116.031, "dominant_carrier": "landfill_gas" }, "geometry": { "type": "Polygon", "coordinates": [ [ [ -1.618264101665123, 54.854638254359671 ], [ -1.610881859615915, 54.87498497290084 ], [ -1.415536568384453, 54.922667420319549 ], [ -1.41191125295479, 54.85695857763919 ], [ -1.501104687646744, 54.79034304893716 ], [ -1.618264101665123, 54.854638254359671 ] ] ] } },
{ "type": "Feature", "properties": { "bus": "STES11", "gen_view_gCO2_per_kWh": 41.843, "dominant_carrier": "wind_onshore" }, "geometry": { "type": "Polygon", "coordinates": [ [ [ -1.734004166993395, 54.988103523038284 ], [ -1.660190614361561, 54.828538915809666 ], [ -1.752782704272312, 54.767351385806464 ], [ -1.734004166993395, 54.988103523038284 ] ] ] } },
{ "type": "Feature", "properties": { "bus": "RACW22", "gen_view_gCO2_per_kWh": 194.097, "dominant_carrier": "waste_to_energy" }, "geometry": { "type": "Polygon", "coordinates": [ [ [ 0.081429816840222, 52.479182446645815 ], [ 0.246378823768584, 52.820862532145618 ], [ 0.353530016919241, 52.810324032815629 ], [ 0.436453187038592, 52.851448562878211 ], [ 0.457975940996595, 52.897173681700714 ], [ 0.513817824598784, 52.878055618354971 ], [ 0.472219325082544, 52.559646259316196 ], [ 0.129597787334016, 52.471805946568672 ], [ 0.081429816840222, 52.479182446645815 ] ] ] } },
{ "type": "Feature", "properties": { "bus": "NORW11", "gen_view_gCO2_per_kWh": 0.0, "dominant_carrier": "load_shedding" }, "geometry": { "type": "Polygon", "coordinates": [ [ [ 1.04454110848531, 52.68958931359299 ], [ 1.05520199557929, 52.85960740333595 ], [ 1.416073788903846, 52.741349886010077 ], [ 1.288931478600654, 52.598527974518532 ], [ 1.04454110848531, 52.68958931359299 ] ] ] } },
{ "type": "Feature", "properties": { "bus": "WALP41", "gen_view_gCO2_per_kWh": 7.293, "dominant_carrier": "wind_onshore" }, "geometry": { "type": "MultiPolygon", "coordinates": [ [ [ [ 0.15501646980961, 53.00179078057991 ], [ 0.071384073023619, 52.927236983459238 ], [ 0.10393046353722, 53.019579124110706 ], [ 0.15501646980961, 53.00179078057991 ] ] ], [ [ [ 0.245794480162118, 52.820947440500333 ], [ 0.076790276692786, 52.479882633119416 ], [ 0.045209271971015, 52.484568333949234 ], [ -0.008462395614153, 52.593762330894627 ], [ 0.066105433045883, 52.905191016209109 ], [ 0.180283116835501, 52.877189802932719 ], [ 0.222287236816172, 52.824363172844549 ], [ 0.245794480162118, 52.820947440500333 ] ] ] ] } },
{ "type": "Feature", "properties": { "bus": "DUDO12", "gen_view_gCO2_per_kWh": 4.432, "dominant_carrier": "solar_pv" }, "geometry": { "type": "Polygon", "coordinates": [ [ [ 0.604288472034575, 52.948253668904904 ], [ 0.669272847399433, 52.993372813095732 ], [ 0.803982007498845, 52.980484373067888 ], [ 1.004404322891577, 52.982150114813017 ], [ 1.05520199557929, 52.85960740333595 ], [ 1.029857141509291, 52.608193442000271 ], [ 0.979368488144113, 52.551500047224017 ], [ 0.887615579896073, 52.487023492706768 ], [ 0.604288472034575, 52.948253668904904 ] ] ] } },
{ "type": "Feature", "properties": { "bus": "LINS30", "gen_view_gCO2_per_kWh": 2.117, "dominant_carrier": "wind_onshore" }, "geometry": { "type": "MultiPolygon", "coordinates": [ [ [ [ 0.10393046353722, 53.019579124110706 ], [ 0.010058175028648, 53.249734561187999 ], [ 0.175235611219659, 53.473555315162251 ], [ 0.251167417436528, 53.373646473750071 ], [ 0.363633657349074, 53.194099693442659 ], [ 0.347225647227162, 53.095594033281252 ], [ 0.15501646980961, 53.00179078057991 ], [ 0.10393046353722, 53.019579124110706 ] ] ], [ [ [ 0.654299843061697, 52.989011863852646 ], [ 0.513817824598784, 52.878055618354971 ], [ 0.457975940996595, 52.897173681700714 ], [ 0.481796647185637, 52.94778080303189 ], [ 0.527404057258817, 52.977564443077796 ], [ 0.618289397339001, 52.978523673074442 ], [ 0.654299843061697, 52.989011863852646 ] ] ] ] } },
{ "type": "Feature", "properties": { "bus": "HUMR41", "gen_view_gCO2_per_kWh": 299.864, "dominant_carrier": "waste_to_energy" }, "geometry": { "type": "MultiPolygon", "coordinates": [ [ [ [ -0.194253333450406, 53.641471877603919 ], [ -0.090345682676474, 53.586741934141486 ], [ -0.054449442641846, 53.585129554135307 ], [ -0.029322059940807, 53.566585051400203 ], [ -0.217754547689055, 53.593910927303575 ], [ -0.194253333450406, 53.641471877603919 ] ] ], [ [ [ 0.042700794014881, 53.736385955298168 ], [ 0.120692297619645, 53.669730594263143 ], [ 0.150418317570818, 53.594179414131446 ], [ 0.105184167501125, 53.569695684093986 ], [ 0.13725299757302, 53.608747444157487 ], [ 0.038429037511872, 53.644266734227642 ], [ -0.053153222599677, 53.625102184203712 ], [ -0.103267672644649, 53.630846104218492 ], [ -0.16883351726504, 53.669871637217135 ], [ 0.042700794014881, 53.736385955298168 ] ] ] ] } },
{ "type": "Feature", "properties": { "bus": "WERO21", "gen_view_gCO2_per_kWh": 0.0, "dominant_carrier": "wind_onshore" }, "geometry": { "type": "Polygon", "coordinates": [ [ [ -0.201721730417233, 53.689447074017572 ], [ -0.166691153047748, 53.824894068229931 ], [ -0.044596110595718, 53.810994168053227 ], [ 0.042700794014881, 53.736385955298168 ], [ -0.16883351726504, 53.669871637217135 ], [ -0.201721730417233, 53.689447074017572 ] ] ] } },
{ "type": "Feature", "properties": { "bus": "SIZE41", "gen_view_gCO2_per_kWh": 0.0, "dominant_carrier": "nuclear" }, "geometry": { "type": "Polygon", "coordinates": [ [ [ 1.598752392810064, 52.205552503031576 ], [ 1.547749673380044, 52.470878465849118 ], [ 1.750985861092282, 52.627315615343555 ], [ 1.742561417705683, 52.562567012387746 ], [ 1.768214477621661, 52.480773672265201 ], [ 1.731206587484163, 52.388878152128775 ], [ 1.640791007288976, 52.278671101965699 ], [ 1.62304339447038, 52.211925036614112 ], [ 1.598752392810064, 52.205552503031576 ] ] ] } },
{ "type": "Feature", "properties": { "bus": "TODP21", "gen_view_gCO2_per_kWh": 0.0, "dominant_carrier": "wind_offshore" }, "geometry": { "type": "Polygon", "coordinates": [ [ [ -1.093437940993288, 54.593568765152327 ], [ -1.146777351618126, 54.623563798456388 ], [ -1.135012232843397, 54.651963326171597 ], [ -1.104725122825991, 54.62921671612505 ], [ -0.997952522733702, 54.597776395300293 ], [ -1.093437940993288, 54.593568765152327 ] ] ] } },
{ "type": "Feature", "properties": { "bus": "HOWA21", "gen_view_gCO2_per_kWh": 3.812, "dominant_carrier": "wind_onshore" }, "geometry": { "type": "Polygon", "coordinates": [ [ [ -0.283931576429922, 53.86069071201419 ], [ -0.504000205275683, 54.320604059380337 ], [ -0.50593361947991, 54.414410560809188 ], [ -0.450582042280114, 54.384281415583764 ], [ -0.400534852305334, 54.298311565423141 ], [ -0.376255232286021, 54.290409935405769 ], [ -0.383240022311592, 54.271558495373121 ], [ -0.258683312227176, 54.217741045260986 ], [ -0.284701122268928, 54.203552595239273 ], [ -0.318616642293263, 54.216558705266742 ], [ -0.233502042246714, 54.169355145172105 ], [ -0.07545658212153, 54.12596075507571 ], [ -0.076557092139663, 54.108640505045464 ], [ -0.16305400224409, 54.094844375031954 ], [ -0.195239802300532, 54.071949174995666 ], [ -0.196546442381665, 53.990549794852974 ], [ -0.121082792415739, 53.876363434644951 ], [ -0.044596110595718, 53.810994168053227 ], [ -0.211184272909319, 53.831223557706124 ], [ -0.283931576429922, 53.86069071201419 ] ], [ [ -0.411803412394495, 54.217419535280506 ], [ -0.42409913015531, 54.21549481141794 ], [ -0.318616642293263, 54.216558705266742 ], [ -0.411803412394495, 54.217419535280506 ] ] ] } },
{ "type": "Feature", "properties": { "bus": "HAKB4B", "gen_view_gCO2_per_kWh": 0.0, "dominant_carrier": "load_shedding" }, "geometry": { "type": "Polygon", "coordinates": [ [ [ -3.119670276032002, 54.874304884211817 ], [ -3.061236078065332, 54.985570893213797 ], [ -3.04095302899963, 55.000981273513425 ], [ -2.99226146682016, 55.005834253129464 ], [ -3.127510024730863, 54.773763836871268 ], [ -3.119670276032002, 54.874304884211817 ] ] ] } },
{ "type": "Feature", "properties": { "bus": "GRNA4C", "gen_view_gCO2_per_kWh": 0.0, "dominant_carrier": "load_shedding" }, "geometry": { "type": "MultiPolygon", "coordinates": [ [ [ [ -3.119376642430075, 54.936770933771832 ], [ -3.083855291418748, 54.942501086761823 ], [ -3.119670276032002, 54.874304884211817 ], [ -3.119376642430075, 54.936770933771832 ] ] ], [ [ [ -3.118838273783148, 55.051300614235885 ], [ -3.0555421782309, 55.001068944556195 ], [ -3.085331475271269, 54.972508217093342 ], [ -3.119218048105235, 54.970509446305137 ], [ -3.118838273783148, 55.051300614235885 ] ] ], [ [ [ -3.081919167235874, 54.946187708949807 ], [ -3.105434015315175, 54.954074897060771 ], [ -3.061236078065332, 54.985570893213797 ], [ -3.081919167235874, 54.946187708949807 ] ] ] ] } },
{ "type": "Feature", "properties": { "bus": "HAKB4-", "gen_view_gCO2_per_kWh": 0.0, "dominant_carrier": "wind_onshore" }, "geometry": { "type": "Polygon", "coordinates": [ [ [ -3.101332138654521, 55.300713318573429 ], [ -2.959983035715862, 55.244945370687063 ], [ -2.847929508482566, 55.17426345821238 ], [ -2.99226146682016, 55.005834253129464 ], [ -3.04095302899963, 55.000981273513425 ], [ -3.03012065113838, 55.025442037549844 ], [ -3.0555421782309, 55.001068944556195 ], [ -3.118838273783148, 55.051300614235885 ], [ -3.13375352503635, 55.151654959575353 ], [ -3.101332138654521, 55.300713318573429 ] ], [ [ -3.049594565156363, 55.055959447249855 ], [ -3.029661552161934, 55.026478736220781 ], [ -3.025149675133459, 55.036667077208214 ], [ -3.049594565156363, 55.055959447249855 ] ] ] } },
{ "type": "Feature", "properties": { "bus": "HAWI1B", "gen_view_gCO2_per_kWh": 0.0, "dominant_carrier": "load_shedding" }, "geometry": { "type": "Polygon", "coordinates": [ [ [ -2.959983035715862, 55.244945370687063 ], [ -2.788730953271515, 55.51938154509125 ], [ -2.759388230471217, 55.515378779449243 ], [ -2.440101595863796, 55.276245433359676 ], [ -2.572676870486255, 55.07618395686611 ], [ -2.775166546283552, 55.14833616792054 ], [ -2.748326370510851, 55.161154080307988 ], [ -2.783749506221028, 55.151394494397898 ], [ -2.847929508482566, 55.17426345821238 ], [ -2.959983035715862, 55.244945370687063 ] ], [ [ -2.665516814461306, 55.221222577504463 ], [ -2.690576154522266, 55.188733527445926 ], [ -2.644691673699185, 55.2227351862539 ], [ -2.665516814461306, 55.221222577504463 ] ] ] } },
{ "type": "Feature", "properties": { "bus": "ESST1-", "gen_view_gCO2_per_kWh": 0.0, "dominant_carrier": "wind_onshore" }, "geometry": { "type": "Polygon", "coordinates": [ [ [ -3.067779987383732, 55.646788239450373 ], [ -3.030012570494288, 55.663256048625762 ], [ -2.967729474763648, 55.660781327132 ], [ -2.788730953271515, 55.51938154509125 ], [ -2.959983035715862, 55.244945370687063 ], [ -3.101332138654521, 55.300713318573429 ], [ -3.139951810656654, 55.337275260044912 ], [ -3.156572180631256, 55.403592890249939 ], [ -3.157552737774837, 55.583630085340786 ], [ -3.067779987383732, 55.646788239450373 ] ] ] } },
{ "type": "Feature", "properties": { "bus": "GALA1-", "gen_view_gCO2_per_kWh": 0.0, "dominant_carrier": "wind_onshore" }, "geometry": { "type": "Polygon", "coordinates": [ [ [ -2.967729474763648, 55.660781327132 ], [ -2.676769196865244, 55.774142308685725 ], [ -2.650284843416802, 55.752973971229466 ], [ -2.759388230471217, 55.515378779449243 ], [ -2.788730953271515, 55.51938154509125 ], [ -2.967729474763648, 55.660781327132 ] ] ] } },
{ "type": "Feature", "properties": { "bus": "KEIH3-", "gen_view_gCO2_per_kWh": 262.876, "dominant_carrier": "waste_to_energy" }, "geometry": { "type": "Polygon", "coordinates": [ [ [ -3.067779987383732, 55.646788239450373 ], [ -3.116554987331953, 55.914057042603062 ], [ -3.067779987280189, 55.954889792301799 ], [ -3.067779987383732, 55.646788239450373 ] ] ] } },
{ "type": "Feature", "properties": { "bus": "POGB3-", "gen_view_gCO2_per_kWh": 0.0, "dominant_carrier": "wind_onshore" }, "geometry": { "type": "Polygon", "coordinates": [ [ [ -2.960747058095536, 55.858939364583712 ], [ -2.84632272736582, 55.956668423779085 ], [ -2.681225572613897, 55.7970712189544 ], [ -2.676769196865244, 55.774142308685725 ], [ -2.967729474763648, 55.660781327132 ], [ -3.030012570494288, 55.663256048625762 ], [ -2.960747058095536, 55.858939364583712 ] ] ] } },
{ "type": "Feature", "properties": { "bus": "TODD3-", "gen_view_gCO2_per_kWh": 0.0, "dominant_carrier": "load_shedding" }, "geometry": { "type": "Polygon", "coordinates": [ [ [ -2.960747058095536, 55.858939364583712 ], [ -3.030012570494288, 55.663256048625762 ], [ -3.067779987383732, 55.646788239450373 ], [ -3.067779987280189, 55.954889792301799 ], [ -3.025225056153743, 55.956983338090886 ], [ -2.960747058095536, 55.858939364583712 ] ] ] } },
{ "type": "Feature", "properties": { "bus": "DUNE1-", "gen_view_gCO2_per_kWh": 0.0, "dominant_carrier": "load_shedding" }, "geometry": { "type": "Polygon", "coordinates": [ [ [ -3.181304368803589, 55.91045670650098 ], [ -3.154679758840368, 55.941341088747237 ], [ -3.116554987331953, 55.914057042603062 ], [ -3.116554987344252, 55.876927151635947 ], [ -3.181304368803589, 55.91045670650098 ] ] ] } },
{ "type": "Feature", "properties": { "bus": "FOUR71", "gen_view_gCO2_per_kWh": 3.67, "dominant_carrier": "wind_onshore" }, "geometry": { "type": "Polygon", "coordinates": [ [ [ -2.572676870486255, 55.07618395686611 ], [ -2.417829127164933, 55.297054388759136 ], [ -2.056111334396693, 55.387682401136345 ], [ -1.994202010792804, 55.380829570627881 ], [ -1.969108564161463, 54.783560175678979 ], [ -1.98440944301587, 54.610002046597323 ], [ -2.082273238321859, 54.41617775223623 ], [ -2.5433641155667, 54.744493094020449 ], [ -2.572676870486255, 55.07618395686611 ] ] ] } },
{ "type": "Feature", "properties": { "bus": "WLEE2-", "gen_view_gCO2_per_kWh": 119.976, "dominant_carrier": "advanced_biofuel" }, "geometry": { "type": "Polygon", "coordinates": [ [ [ -2.759388230471217, 55.515378779449243 ], [ -2.650284843416802, 55.752973971229466 ], [ -2.527425611522251, 55.696680184945528 ], [ -2.417829127164933, 55.297054388759136 ], [ -2.440101595863796, 55.276245433359676 ], [ -2.759388230471217, 55.515378779449243 ] ] ] } },
{ "type": "Feature", "properties": { "bus": "ECCL1-", "gen_view_gCO2_per_kWh": 0.0, "dominant_carrier": "load_shedding" }, "geometry": { "type": "Polygon", "coordinates": [ [ [ -2.446800291876662, 55.769043335634791 ], [ -2.332660194049525, 55.827664655190318 ], [ -2.258087981425765, 55.847812183085942 ], [ -2.056111334396693, 55.387682401136345 ], [ -2.417829127164933, 55.297054388759136 ], [ -2.527425611522251, 55.696680184945528 ], [ -2.446800291876662, 55.769043335634791 ] ] ] } },
{ "type": "Feature", "properties": { "bus": "CRYR1A", "gen_view_gCO2_per_kWh": 0.0, "dominant_carrier": "wind_onshore" }, "geometry": { "type": "Polygon", "coordinates": [ [ [ -2.650509419529849, 55.879422136311028 ], [ -2.499349926607523, 55.917407003717152 ], [ -2.446800291876662, 55.769043335634791 ], [ -2.527425611522251, 55.696680184945528 ], [ -2.650284843416802, 55.752973971229466 ], [ -2.676769196865244, 55.774142308685725 ], [ -2.681225572613897, 55.7970712189544 ], [ -2.650509419529849, 55.879422136311028 ] ] ] } },
{ "type": "Feature", "properties": { "bus": "WESE1-", "gen_view_gCO2_per_kWh": 0.0, "dominant_carrier": "wind_onshore" }, "geometry": { "type": "Polygon", "coordinates": [ [ [ -2.502744135788189, 55.956386141579756 ], [ -2.466942698145792, 55.945142185888351 ], [ -2.411014954640297, 55.787527635810285 ], [ -2.446800291876662, 55.769043335634791 ], [ -2.499349926607523, 55.917407003717152 ], [ -2.502744135788189, 55.956386141579756 ] ] ] } },
{ "type": "Feature", "properties": { "bus": "AIKE3A", "gen_view_gCO2_per_kWh": 0.0, "dominant_carrier": "wind_onshore" }, "geometry": { "type": "Polygon", "coordinates": [ [ [ -2.411014954640297, 55.787527635810285 ], [ -2.466942698145792, 55.945142185888351 ], [ -2.421700655013391, 55.932058344937325 ], [ -2.332660194049525, 55.827664655190318 ], [ -2.411014954640297, 55.787527635810285 ] ] ] } },
{ "type": "Feature", "properties": { "bus": "NNGO21", "gen_view_gCO2_per_kWh": 0.0, "dominant_carrier": "wind_onshore" }, "geometry": { "type": "Polygon", "coordinates": [ [ [ -2.650509419529849, 55.879422136311028 ], [ -2.645864005109186, 55.895974225419764 ], [ -2.510302133723617, 55.973122509428919 ], [ -2.499349926607523, 55.917407003717152 ], [ -2.650509419529849, 55.879422136311028 ] ] ] } },
{ "type": "Feature", "properties": { "bus": "INWI1R", "gen_view_gCO2_per_kWh": 231.339, "dominant_carrier": "waste_to_energy" }, "geometry": { "type": "Polygon", "coordinates": [ [ [ -2.502744135788189, 55.956386141579756 ], [ -2.506047829416161, 56.001485306288409 ], [ -2.440259043576039, 55.992038358958325 ], [ -2.421700655013391, 55.932058344937325 ], [ -2.502744135788189, 55.956386141579756 ] ] ] } },
{ "type": "Feature", "properties": { "bus": "DUNB3A", "gen_view_gCO2_per_kWh": 0.0, "dominant_carrier": "load_shedding" }, "geometry": { "type": "MultiPolygon", "coordinates": [ [ [ [ -2.510302133723617, 55.973122509428919 ], [ -2.645864005109186, 55.895974225419764 ], [ -2.65260281529812, 56.072867994500179 ], [ -2.635609933807414, 56.083560659178318 ], [ -2.552781963733366, 56.008196099013553 ], [ -2.506047829416161, 56.001485306288409 ], [ -2.510302133723617, 55.973122509428919 ] ] ], [ [ [ -2.557829053622664, 56.182835239355512 ], [ -2.561802963622276, 56.192403679375069 ], [ -2.544316333603564, 56.180811169348594 ], [ -2.557829053622664, 56.182835239355512 ] ] ] ] } },
{ "type": "Feature", "properties": { "bus": "TORN4-", "gen_view_gCO2_per_kWh": 0.0, "dominant_carrier": "nuclear" }, "geometry": { "type": "Polygon", "coordinates": [ [ [ -2.258087981425765, 55.847812183085942 ], [ -2.332660194049525, 55.827664655190318 ], [ -2.421700655013391, 55.932058344937325 ], [ -2.435616610216493, 55.989796856937772 ], [ -2.325757043445096, 55.936753458826814 ], [ -2.212185816080014, 55.927299183824701 ], [ -2.258087981425765, 55.847812183085942 ] ] ] } },
{ "type": "Feature", "properties": { "bus": "BLKL3A", "gen_view_gCO2_per_kWh": 0.0, "dominant_carrier": "wind_onshore" }, "geometry": { "type": "Polygon", "coordinates": [ [ [ -3.555259602759145, 55.483470403161348 ], [ -3.368586972942195, 55.685676619874663 ], [ -3.255890462289016, 55.649975043452763 ], [ -3.157552737774837, 55.583630085340786 ], [ -3.156572180631256, 55.403592890249939 ], [ -3.542154106652386, 55.403729708795254 ], [ -3.555259602759145, 55.483470403161348 ] ] ] } },
{ "type": "Feature", "properties": { "bus": "KENN1-", "gen_view_gCO2_per_kWh": 0.0, "dominant_carrier": "load_shedding" }, "geometry": { "type": "Polygon", "coordinates": [ [ [ -3.668992589082935, 55.635688376145254 ], [ -3.627934726260132, 55.640494737682531 ], [ -3.516121914429139, 55.528681925782998 ], [ -3.555259602759145, 55.483470403161348 ], [ -3.643445252837031, 55.527912369761324 ], [ -3.668992589082935, 55.635688376145254 ] ] ] } },
{ "type": "Feature", "properties": { "bus": "KENN3-", "gen_view_gCO2_per_kWh": 0.0, "dominant_carrier": "load_shedding" }, "geometry": { "type": "Polygon", "coordinates": [ [ [ -3.391216434349916, 55.67070552364288 ], [ -3.516121914429139, 55.528681925782998 ], [ -3.627934726260132, 55.640494737682531 ], [ -3.391216434349916, 55.67070552364288 ] ] ] } },
{ "type": "Feature", "properties": { "bus": "CRAR1R", "gen_view_gCO2_per_kWh": 64.413, "dominant_carrier": "advanced_biofuel" }, "geometry": { "type": "Polygon", "coordinates": [ [ [ -3.733467609494691, 55.759376160257709 ], [ -3.623716397726247, 55.803450766859427 ], [ -3.545954962539833, 55.801474542468625 ], [ -3.445991950604933, 55.760241177022465 ], [ -3.402117117786286, 55.732500190236792 ], [ -3.368586972942195, 55.685676619874663 ], [ -3.391216434349916, 55.67070552364288 ], [ -3.668992589082935, 55.635688376145254 ], [ -3.719277310601464, 55.683761845667632 ], [ -3.733467609494691, 55.759376160257709 ] ] ] } },
{ "type": "Feature", "properties": { "bus": "KAIM3A", "gen_view_gCO2_per_kWh": 29.051, "dominant_carrier": "wind_onshore" }, "geometry": { "type": "Polygon", "coordinates": [ [ [ -3.240015665449858, 55.847121023933958 ], [ -3.181304368803589, 55.91045670650098 ], [ -3.116554987344252, 55.876927151635947 ], [ -3.07072119798227, 55.645360241559672 ], [ -3.157552737774837, 55.583630085340786 ], [ -3.255890462289016, 55.649975043452763 ], [ -3.240015665449858, 55.847121023933958 ] ] ] } },
{ "type": "Feature", "properties": { "bus": "CURR1B", "gen_view_gCO2_per_kWh": 0.0, "dominant_carrier": "load_shedding" }, "geometry": { "type": "Polygon", "coordinates": [ [ [ -3.240015665449858, 55.847121023933958 ], [ -3.255890462289016, 55.649975043452763 ], [ -3.368586972942195, 55.685676619874663 ], [ -3.402117117786286, 55.732500190236792 ], [ -3.37747270040808, 55.941040961314663 ], [ -3.262870331422453, 55.898613701282422 ], [ -3.240015665449858, 55.847121023933958 ] ] ] } },
{ "type": "Feature", "properties": { "bus": "BROX3-", "gen_view_gCO2_per_kWh": 79.352, "dominant_carrier": "landfill_gas" }, "geometry": { "type": "Polygon", "coordinates": [ [ [ -3.445991950604933, 55.760241177022465 ], [ -3.498350539834371, 55.995348417021184 ], [ -3.497265734503198, 56.005658989622312 ], [ -3.467872994755779, 56.004882043373492 ], [ -3.378190784933213, 55.958252549912636 ], [ -3.402117117786286, 55.732500190236792 ], [ -3.445991950604933, 55.760241177022465 ] ] ] } },
{ "type": "Feature", "properties": { "bus": "LING3-", "gen_view_gCO2_per_kWh": 0.0, "dominant_carrier": "wind_onshore" }, "geometry": { "type": "Polygon", "coordinates": [ [ [ -3.546953470829733, 55.886410813128776 ], [ -3.498350539834371, 55.995348417021184 ], [ -3.445991950604933, 55.760241177022465 ], [ -3.545954962539833, 55.801474542468625 ], [ -3.546953470829733, 55.886410813128776 ] ] ] } },
{ "type": "Feature", "properties": { "bus": "DRCR1R", "gen_view_gCO2_per_kWh": 0.0, "dominant_carrier": "wind_onshore" }, "geometry": { "type": "Polygon", "coordinates": [ [ [ -3.623716397726247, 55.803450766859427 ], [ -3.625666675628993, 55.983598198497582 ], [ -3.546953470829733, 55.886410813128776 ], [ -3.545954962539833, 55.801474542468625 ], [ -3.623716397726247, 55.803450766859427 ] ] ] } },
{ "type": "Feature", "properties": { "bus": "GORG1Q", "gen_view_gCO2_per_kWh": 0.0, "dominant_carrier": "load_shedding" }, "geometry": { "type": "Polygon", "coordinates": [ [ [ -3.240015665449858, 55.847121023933958 ], [ -3.268874751878152, 55.940709208238161 ], [ -3.22660406521818, 55.951077489868638 ], [ -3.217278065140134, 55.931306676208941 ], [ -3.225544810486387, 55.870339429416759 ], [ -3.240015665449858, 55.847121023933958 ] ] ] } },
{ "type": "Feature", "properties": { "bus": "WHHO3-", "gen_view_gCO2_per_kWh": 0.0, "dominant_carrier": "load_shedding" }, "geometry": { "type": "Polygon", "coordinates": [ [ [ -3.217278065140134, 55.931306676208941 ], [ -3.196451522204028, 55.943088338681122 ], [ -3.168655126933792, 55.935174696173974 ], [ -3.181304368803589, 55.91045670650098 ], [ -3.225544810486387, 55.870339429416759 ], [ -3.217278065140134, 55.931306676208941 ] ] ] } },
{ "type": "Feature", "properties": { "bus": "SIGH3A", "gen_view_gCO2_per_kWh": 0.0, "dominant_carrier": "load_shedding" }, "geometry": { "type": "Polygon", "coordinates": [ [ [ -3.378190784933213, 55.958252549912636 ], [ -3.311049824622837, 56.009862190697802 ], [ -3.268874751878152, 55.940709208238161 ], [ -3.262870331422453, 55.898613701282422 ], [ -3.37747270040808, 55.941040961314663 ], [ -3.378190784933213, 55.958252549912636 ] ] ] } },
{ "type": "Feature", "properties": { "bus": "DEWP2R", "gen_view_gCO2_per_kWh": 0.0, "dominant_carrier": "load_shedding" }, "geometry": { "type": "Polygon", "coordinates": [ [ [ -3.214286056816544, 55.97884243551696 ], [ -3.196451522204028, 55.943088338681122 ], [ -3.217278065140134, 55.931306676208941 ], [ -3.22660406521818, 55.951077489868638 ], [ -3.214286056816544, 55.97884243551696 ] ] ] } },
{ "type": "Feature", "properties": { "bus": "CLYN2Q", "gen_view_gCO2_per_kWh": 0.0, "dominant_carrier": "solar_pv" }, "geometry": { "type": "Polygon", "coordinates": [ [ [ -3.214191673734511, 55.979622923223637 ], [ -3.16957390628761, 55.946274119609605 ], [ -3.168655126933792, 55.935174696173974 ], [ -3.196451522204028, 55.943088338681122 ], [ -3.214191673734511, 55.979622923223637 ] ] ] } },
{ "type": "Feature", "properties": { "bus": "BLCW1-", "gen_view_gCO2_per_kWh": 0.0, "dominant_carrier": "load_shedding" }, "geometry": { "type": "Polygon", "coordinates": [ [ [ -3.497265734503198, 56.005658989622312 ], [ -3.498350539834371, 55.995348417021184 ], [ -3.546953470829733, 55.886410813128776 ], [ -3.625666675628993, 55.983598198497582 ], [ -3.562398065717284, 56.050345937654626 ], [ -3.497265734503198, 56.005658989622312 ] ] ] } },
{ "type": "Feature", "properties": { "bus": "JUNV1-", "gen_view_gCO2_per_kWh": 0.0, "dominant_carrier": "load_shedding" }, "geometry": { "type": "Polygon", "coordinates": [ [ [ -3.177572556653279, 55.965816276773289 ], [ -3.156276720513773, 55.985553880995766 ], [ -3.14099191758903, 55.978406085544187 ], [ -3.164003353972017, 55.938789848916599 ], [ -3.177572556653279, 55.965816276773289 ] ] ] } },
{ "type": "Feature", "properties": { "bus": "TELR1Q", "gen_view_gCO2_per_kWh": 0.0, "dominant_carrier": "load_shedding" }, "geometry": { "type": "Polygon", "coordinates": [ [ [ -3.305432268515861, 56.02018495496506 ], [ -3.274391847741777, 56.031428951028651 ], [ -3.272493864857686, 55.99524923913777 ], [ -3.215221385245306, 55.99490600993439 ], [ -3.22660406521818, 55.951077489868638 ], [ -3.268874751878152, 55.940709208238161 ], [ -3.311049824622837, 56.009862190697802 ], [ -3.305432268515861, 56.02018495496506 ] ] ] } },
{ "type": "Feature", "properties": { "bus": "SHRU2Q", "gen_view_gCO2_per_kWh": 0.0, "dominant_carrier": "load_shedding" }, "geometry": { "type": "Polygon", "coordinates": [ [ [ -3.215221385245306, 55.99490600993439 ], [ -3.190726335228318, 55.99475921313843 ], [ -3.16957390628761, 55.946274119609605 ], [ -3.214191673734511, 55.979622923223637 ], [ -3.215221385245306, 55.99490600993439 ] ] ] } },
{ "type": "Feature", "properties": { "bus": "JUNA1T", "gen_view_gCO2_per_kWh": 0.0, "dominant_carrier": "load_shedding" }, "geometry": { "type": "MultiPolygon", "coordinates": [ [ [ [ -3.177572556653279, 55.965816276773289 ], [ -3.190726335228318, 55.99475921313843 ], [ -3.156276720513773, 55.985553880995766 ], [ -3.177572556653279, 55.965816276773289 ] ] ], [ [ [ -3.128228934608914, 56.0258212291685 ], [ -3.1269639846065, 56.02646177916953 ], [ -3.126133164605827, 56.025480989167384 ], [ -3.128228934608914, 56.0258212291685 ] ] ], [ [ [ -3.12877307460837, 56.027972729172866 ], [ -3.137952014618593, 56.034537499187714 ], [ -3.134004114610928, 56.036730359191239 ], [ -3.12877307460837, 56.027972729172866 ] ] ] ] } },
{ "type": "Feature", "properties": { "bus": "INKE1R", "gen_view_gCO2_per_kWh": 0.0, "dominant_carrier": "wind_onshore" }, "geometry": { "type": "Polygon", "coordinates": [ [ [ -3.467872994755779, 56.004882043373492 ], [ -3.392905983835683, 56.098836055765304 ], [ -3.305432268515861, 56.02018495496506 ], [ -3.311049824622837, 56.009862190697802 ], [ -3.378190784933213, 55.958252549912636 ], [ -3.467872994755779, 56.004882043373492 ] ] ] } },
{ "type": "Feature", "properties": { "bus": "FALL4-", "gen_view_gCO2_per_kWh": 119.831, "dominant_carrier": "biogas" }, "geometry": { "type": "Polygon", "coordinates": [ [ [ -2.847599508473484, 56.053450843234806 ], [ -2.823151838080435, 56.068001850622011 ], [ -2.64703333168402, 55.891883344109274 ], [ -2.681225572613897, 55.7970712189544 ], [ -2.84632272736582, 55.956668423779085 ], [ -2.847599508473484, 56.053450843234806 ] ] ] } },
{ "type": "Feature", "properties": { "bus": "COCK3-", "gen_view_gCO2_per_kWh": 0.0, "dominant_carrier": "load_shedding" }, "geometry": { "type": "Polygon", "coordinates": [ [ [ -2.84632272736582, 55.956668423779085 ], [ -2.960747058095536, 55.858939364583712 ], [ -3.025225056153743, 55.956983338090886 ], [ -2.909496834294086, 55.984490779041764 ], [ -2.893866004250194, 56.014029619096561 ], [ -2.86582436420431, 56.01778620909807 ], [ -2.871177854198184, 56.039417249141678 ], [ -2.847599508473484, 56.053450843234806 ], [ -2.84632272736582, 55.956668423779085 ] ] ] } },
{ "type": "Feature", "properties": { "bus": "POOB3-", "gen_view_gCO2_per_kWh": 0.0, "dominant_carrier": "load_shedding" }, "geometry": { "type": "Polygon", "coordinates": [ [ [ -3.154679758840368, 55.941341088747237 ], [ -3.14099191758903, 55.978406085544187 ], [ -3.08852266459359, 55.953869329018396 ], [ -3.075264254115222, 55.954521593954361 ], [ -3.116554987331953, 55.914057042603062 ], [ -3.154679758840368, 55.941341088747237 ] ] ] } },
{ "type": "Feature", "properties": { "bus": "FALL3B", "gen_view_gCO2_per_kWh": 0.0, "dominant_carrier": "load_shedding" }, "geometry": { "type": "Polygon", "coordinates": [ [ [ -2.645864005109186, 55.895974225419764 ], [ -2.823151838080435, 56.068001850622011 ], [ -2.817392284093813, 56.071429879193175 ], [ -2.715799133932171, 56.079829259188102 ], [ -2.666305573867118, 56.064245619147094 ], [ -2.65260281529812, 56.072867994500179 ], [ -2.645864005109186, 55.895974225419764 ] ] ] } },
{ "type": "Feature", "properties": { "bus": "SMEA2-", "gen_view_gCO2_per_kWh": 0.0, "dominant_carrier": "solar_pv" }, "geometry": { "type": "Polygon", "coordinates": [ [ [ -3.216563793528197, 56.145020349903731 ], [ -3.188976536103981, 56.157211289574967 ], [ -3.122216700562324, 56.122111666641601 ], [ -3.139158654569382, 56.113442319343804 ], [ -3.168213214649342, 56.060965939246202 ], [ -3.199626094958921, 56.05851043159138 ], [ -3.216563793528197, 56.145020349903731 ] ] ] } },
{ "type": "Feature", "properties": { "bus": "LEVT1Q", "gen_view_gCO2_per_kWh": 0.0, "dominant_carrier": "wind_offshore" }, "geometry": { "type": "MultiPolygon", "coordinates": [ [ [ [ -3.082185453085893, 56.199707811811919 ], [ -2.959013949706781, 56.202489103810997 ], [ -3.065993985378443, 56.150881325900095 ], [ -3.082185453085893, 56.199707811811919 ] ] ], [ [ [ -2.850793343056931, 56.204932794917696 ], [ -2.834191579584396, 56.181958221768106 ], [ -2.871126824103073, 56.183549469424854 ], [ -2.906600562576199, 56.203672631902087 ], [ -2.850793343056931, 56.204932794917696 ] ] ] ] } },
{ "type": "Feature", "properties": { "bus": "REDH1-", "gen_view_gCO2_per_kWh": 0.0, "dominant_carrier": "wind_onshore" }, "geometry": { "type": "Polygon", "coordinates": [ [ [ -3.084659744316823, 56.205677781699968 ], [ -3.065993985378443, 56.150881325900095 ], [ -3.122216700562324, 56.122111666641601 ], [ -3.188976536103981, 56.157211289574967 ], [ -3.084659744316823, 56.205677781699968 ] ] ] } },
{ "type": "Feature", "properties": { "bus": "GLRB2-", "gen_view_gCO2_per_kWh": 0.0, "dominant_carrier": "load_shedding" }, "geometry": { "type": "Polygon", "coordinates": [ [ [ -3.084659744316823, 56.205677781699968 ], [ -3.198301572954087, 56.154997299765995 ], [ -3.149474854398674, 56.308639537744199 ], [ -3.08668022227929, 56.235955442589407 ], [ -3.084659744316823, 56.205677781699968 ] ] ] } },
{ "type": "Feature", "properties": { "bus": "LEVE1R", "gen_view_gCO2_per_kWh": 0.0, "dominant_carrier": "load_shedding" }, "geometry": { "type": "Polygon", "coordinates": [ [ [ -3.08668022227929, 56.235955442589407 ], [ -2.912183989244944, 56.297947525364123 ], [ -2.850793343056931, 56.204932794917696 ], [ -3.082185453085893, 56.199707811811919 ], [ -3.08668022227929, 56.235955442589407 ] ] ] } },
{ "type": "Feature", "properties": { "bus": "CUPA1Q", "gen_view_gCO2_per_kWh": 114.495, "dominant_carrier": "landfill_gas" }, "geometry": { "type": "Polygon", "coordinates": [ [ [ -3.158534260313666, 56.386745439315092 ], [ -3.04012783982054, 56.394016008982639 ], [ -2.97380998706965, 56.377209491439622 ], [ -2.917355221792824, 56.344676236854674 ], [ -2.912183989244944, 56.297947525364123 ], [ -3.08668022227929, 56.235955442589407 ], [ -3.164067470407769, 56.329998784241226 ], [ -3.158534260313666, 56.386745439315092 ] ] ] } },
{ "type": "Feature", "properties": { "bus": "LOAN2-", "gen_view_gCO2_per_kWh": 0.0, "dominant_carrier": "load_shedding" }, "geometry": { "type": "Polygon", "coordinates": [ [ [ -3.581581300321028, 56.158621343232085 ], [ -3.562398065717284, 56.050345937654626 ], [ -3.63125878211732, 55.97985460483924 ], [ -3.668394340623742, 55.985944174667978 ], [ -3.709273404638335, 56.042585692024431 ], [ -3.665581640912548, 56.120413672897513 ], [ -3.581581300321028, 56.158621343232085 ] ] ] } },
{ "type": "Feature", "properties": { "bus": "GLNI3-", "gen_view_gCO2_per_kWh": 0.0, "dominant_carrier": "wind_onshore" }, "geometry": { "type": "Polygon", "coordinates": [ [ [ -3.236239134634011, 56.159591627634732 ], [ -3.216563793528197, 56.145020349903731 ], [ -3.199626094958921, 56.05851043159138 ], [ -3.275501394825552, 56.052579349251907 ], [ -3.274391847741777, 56.031428951028651 ], [ -3.29390562872872, 56.028001985204426 ], [ -3.303568142376871, 56.123946858836028 ], [ -3.236239134634011, 56.159591627634732 ] ] ] } },
{ "type": "Feature", "properties": { "bus": "MOSM2-", "gen_view_gCO2_per_kWh": 0.0, "dominant_carrier": "wind_onshore" }, "geometry": { "type": "Polygon", "coordinates": [ [ [ -3.402423533814343, 56.188889180072088 ], [ -3.303568142376871, 56.123946858836028 ], [ -3.29390562872872, 56.028001985204426 ], [ -3.305432268515861, 56.02018495496506 ], [ -3.392905983835683, 56.098836055765304 ], [ -3.402423533814343, 56.188889180072088 ] ] ] } },
{ "type": "Feature", "properties": { "bus": "DUNF1Q", "gen_view_gCO2_per_kWh": 106.106, "dominant_carrier": "landfill_gas" }, "geometry": { "type": "Polygon", "coordinates": [ [ [ -3.562398065717284, 56.050345937654626 ], [ -3.581581300321028, 56.158621343232085 ], [ -3.564758580164684, 56.230994941966117 ], [ -3.430658293151995, 56.247848074332609 ], [ -3.402423533814343, 56.188889180072088 ], [ -3.392905983835683, 56.098836055765304 ], [ -3.467872994755779, 56.004882043373492 ], [ -3.497265734503198, 56.005658989622312 ], [ -3.562398065717284, 56.050345937654626 ] ] ] } },
{ "type": "Feature", "properties": { "bus": "WFIE1A", "gen_view_gCO2_per_kWh": 255.724, "dominant_carrier": "waste_to_energy" }, "geometry": { "type": "Polygon", "coordinates": [ [ [ -3.402423533814343, 56.188889180072088 ], [ -3.4247042994173, 56.252725934679511 ], [ -3.27400578214894, 56.250891581426764 ], [ -3.236239134634011, 56.159591627634732 ], [ -3.303568142376871, 56.123946858836028 ], [ -3.402423533814343, 56.188889180072088 ] ] ] } },
{ "type": "Feature", "properties": { "bus": "GLRO2-", "gen_view_gCO2_per_kWh": 119.373, "dominant_carrier": "biogas" }, "geometry": { "type": "Polygon", "coordinates": [ [ [ -3.27400578214894, 56.250891581426764 ], [ -3.164067470407769, 56.329998784241226 ], [ -3.149474854398674, 56.308639537744199 ], [ -3.198301572954087, 56.154997299765995 ], [ -3.216563793528197, 56.145020349903731 ], [ -3.236239134634011, 56.159591627634732 ], [ -3.27400578214894, 56.250891581426764 ] ] ] } },
{ "type": "Feature", "properties": { "bus": "ABNE1Q", "gen_view_gCO2_per_kWh": 141.278, "dominant_carrier": "waste_to_energy" }, "geometry": { "type": "Polygon", "coordinates": [ [ [ -3.367148553684595, 56.447544692991364 ], [ -3.182107350901554, 56.428218146644952 ], [ -3.163032382523189, 56.395079200757237 ], [ -3.193308855481289, 56.379826366346535 ], [ -3.158534260313666, 56.386745439315092 ], [ -3.164067470407769, 56.329998784241226 ], [ -3.27400578214894, 56.250891581426764 ], [ -3.4247042994173, 56.252725934679511 ], [ -3.367148553684595, 56.447544692991364 ] ] ] } },
{ "type": "Feature", "properties": { "bus": "BUMU1Q", "gen_view_gCO2_per_kWh": 0.0, "dominant_carrier": "solar_pv" }, "geometry": { "type": "Polygon", "coordinates": [ [ [ -3.677083505278964, 56.344287143142978 ], [ -3.551881217231321, 56.504570726802086 ], [ -3.381633978529597, 56.469514032109338 ], [ -3.367148553684595, 56.447544692991364 ], [ -3.430658293151995, 56.247848074332609 ], [ -3.564758580164684, 56.230994941966117 ], [ -3.677083505278964, 56.344287143142978 ] ] ] } },
{ "type": "Feature", "properties": { "bus": "COUA1Q", "gen_view_gCO2_per_kWh": 0.0, "dominant_carrier": "load_shedding" }, "geometry": { "type": "Polygon", "coordinates": [ [ [ -3.381633978529597, 56.469514032109338 ], [ -3.345754293780368, 56.627993078376498 ], [ -3.161505064844279, 56.534711722665747 ], [ -3.182107350901554, 56.428218146644952 ], [ -3.367148553684595, 56.447544692991364 ], [ -3.381633978529597, 56.469514032109338 ] ] ] } },
{ "type": "Feature", "properties": { "bus": "BROT1-", "gen_view_gCO2_per_kWh": 0.0, "dominant_carrier": "load_shedding" }, "geometry": { "type": "Polygon", "coordinates": [ [ [ -3.729242404611682, 56.520837774185104 ], [ -3.590321320946205, 56.733305313833121 ], [ -3.551881217231321, 56.504570726802086 ], [ -3.677083505278964, 56.344287143142978 ], [ -3.729242404611682, 56.520837774185104 ] ] ] } },
{ "type": "Feature", "properties": { "bus": "SANX1Q", "gen_view_gCO2_per_kWh": 0.0, "dominant_carrier": "wind_onshore" }, "geometry": { "type": "MultiPolygon", "coordinates": [ [ [ [ -2.917355221792824, 56.344676236854674 ], [ -2.807535613832224, 56.449864579934001 ], [ -2.821089273902572, 56.37284216978577 ], [ -2.794993973876849, 56.349691109734508 ], [ -2.65588535367966, 56.322517159650239 ], [ -2.58255609360115, 56.271487149534138 ], [ -2.678738113781568, 56.220849219456234 ], [ -2.806876464005249, 56.180781429405556 ], [ -2.834191579584396, 56.181958221768106 ], [ -2.912183989244944, 56.297947525364123 ], [ -2.917355221792824, 56.344676236854674 ] ] ], [ [ [ -2.761178251609322, 56.494838264344985 ], [ -2.72429628572183, 56.465609674073988 ], [ -2.726697973698761, 56.461917459939308 ], [ -2.784176567404502, 56.473069497405881 ], [ -2.761178251609322, 56.494838264344985 ] ] ] ] } },
{ "type": "Feature", "properties": { "bus": "DUDH1Q", "gen_view_gCO2_per_kWh": 0.0, "dominant_carrier": "solar_pv" }, "geometry": { "type": "MultiPolygon", "coordinates": [ [ [ [ -2.97380998706965, 56.377209491439622 ], [ -2.973809987049278, 56.441804971758913 ], [ -2.931132169678781, 56.453855656218302 ], [ -2.910206688765643, 56.353777269068495 ], [ -2.917355221792824, 56.344676236854674 ], [ -2.97380998706965, 56.377209491439622 ] ] ], [ [ [ -2.97380998703263, 56.494977754160715 ], [ -2.940618578276015, 56.499225436543966 ], [ -2.931379767161471, 56.455039818094093 ], [ -2.973809987047213, 56.448384931445261 ], [ -2.97380998703263, 56.494977754160715 ] ] ] ] } },
{ "type": "Feature", "properties": { "bus": "GLAG1R", "gen_view_gCO2_per_kWh": 0.0, "dominant_carrier": "load_shedding" }, "geometry": { "type": "MultiPolygon", "coordinates": [ [ [ [ -3.032092254576619, 56.425348150421208 ], [ -2.973809987049278, 56.441804971758913 ], [ -2.97380998706965, 56.377209491439622 ], [ -3.04012783982054, 56.394016008982639 ], [ -3.032092254576619, 56.425348150421208 ] ] ], [ [ [ -3.024758593345206, 56.453943368316473 ], [ -2.98028273587557, 56.498465171909494 ], [ -2.973809987047213, 56.448384931445261 ], [ -3.024758593345206, 56.453943368316473 ] ] ] ] } },
{ "type": "Feature", "properties": { "bus": "CHAR3-", "gen_view_gCO2_per_kWh": 0.0, "dominant_carrier": "load_shedding" }, "geometry": { "type": "MultiPolygon", "coordinates": [ [ [ [ -3.159892532297843, 56.389261937125177 ], [ -3.032092254576619, 56.425348150421208 ], [ -3.04012783982054, 56.394016008982639 ], [ -3.159892532297843, 56.389261937125177 ] ] ], [ [ [ -3.175666390556683, 56.418486481419052 ], [ -3.035074212551963, 56.493443948805854 ], [ -3.025711112907358, 56.45022932923424 ], [ -3.049220094211547, 56.452416129993523 ], [ -3.163032382523189, 56.395079200757237 ], [ -3.175666390556683, 56.418486481419052 ] ] ] ] } },
{ "type": "Feature", "properties": { "bus": "MILC1R", "gen_view_gCO2_per_kWh": 282.761, "dominant_carrier": "waste_to_energy" }, "geometry": { "type": "MultiPolygon", "coordinates": [ [ [ [ -2.858955956819178, 56.552561810808676 ], [ -2.771834160381587, 56.528178961411953 ], [ -2.761178251609322, 56.494838264344985 ], [ -2.784176567404502, 56.473069497405881 ], [ -2.798592773801746, 56.475866539983009 ], [ -2.931379767161471, 56.455039818094093 ], [ -2.940618578276015, 56.499225436543966 ], [ -2.858955956819178, 56.552561810808676 ] ] ], [ [ [ -2.910206688765643, 56.353777269068495 ], [ -2.931132169678781, 56.453855656218302 ], [ -2.808630327814594, 56.449923097648096 ], [ -2.910206688765643, 56.353777269068495 ] ] ] ] } },
{ "type": "Feature", "properties": { "bus": "LYND1R", "gen_view_gCO2_per_kWh": 0.0, "dominant_carrier": "load_shedding" }, "geometry": { "type": "Polygon", "coordinates": [ [ [ -3.017386890931674, 56.539703097628212 ], [ -2.98028273587557, 56.498465171909494 ], [ -3.024758593345206, 56.453943368316473 ], [ -3.035074212551963, 56.493443948805854 ], [ -3.017386890931674, 56.539703097628212 ] ] ] } },
{ "type": "Feature", "properties": { "bus": "BIHI1R", "gen_view_gCO2_per_kWh": 0.0, "dominant_carrier": "load_shedding" }, "geometry": { "type": "Polygon", "coordinates": [ [ [ -3.175666390556683, 56.418486481419052 ], [ -3.161505064844279, 56.534711722665747 ], [ -3.065362236054211, 56.66682148847336 ], [ -3.017386890931674, 56.539703097628212 ], [ -3.035074212551963, 56.493443948805854 ], [ -3.175666390556683, 56.418486481419052 ] ] ] } },
{ "type": "Feature", "properties": { "bus": "TEAL2A", "gen_view_gCO2_per_kWh": 0.0, "dominant_carrier": "wind_onshore" }, "geometry": { "type": "Polygon", "coordinates": [ [ [ -3.059474968941697, 56.684675580848179 ], [ -3.000809108460274, 56.662671109153365 ], [ -2.858955956819178, 56.552561810808676 ], [ -2.940618578276015, 56.499225436543966 ], [ -2.97380998703263, 56.494977754160715 ], [ -3.017386890931674, 56.539703097628212 ], [ -3.065362236054211, 56.66682148847336 ], [ -3.059474968941697, 56.684675580848179 ] ] ] } },
{ "type": "Feature", "properties": { "bus": "LUNA3-", "gen_view_gCO2_per_kWh": 119.887, "dominant_carrier": "landfill_gas" }, "geometry": { "type": "Polygon", "coordinates": [ [ [ -3.000809108460274, 56.662671109153365 ], [ -2.772208966067023, 56.718764295456801 ], [ -2.736559603004469, 56.62397370720457 ], [ -2.771834160381587, 56.528178961411953 ], [ -2.858955956819178, 56.552561810808676 ], [ -3.000809108460274, 56.662671109153365 ] ] ] } },
{ "type": "Feature", "properties": { "bus": "BREC1R", "gen_view_gCO2_per_kWh": 0.0, "dominant_carrier": "solar_pv" }, "geometry": { "type": "Polygon", "coordinates": [ [ [ -2.770981816611468, 56.92721235362032 ], [ -2.601258785327735, 56.978928154522869 ], [ -2.583657910457716, 56.955322657217053 ], [ -2.616074102458551, 56.653423163309881 ], [ -2.736559603004469, 56.62397370720457 ], [ -2.772208966067023, 56.718764295456801 ], [ -2.770981816611468, 56.92721235362032 ] ] ] } },
{ "type": "Feature", "properties": { "bus": "ARBR3-", "gen_view_gCO2_per_kWh": 0.0, "dominant_carrier": "solar_pv" }, "geometry": { "type": "Polygon", "coordinates": [ [ [ -2.771834160381587, 56.528178961411953 ], [ -2.736559603004469, 56.62397370720457 ], [ -2.616074102458551, 56.653423163309881 ], [ -2.491022659370645, 56.603506429464545 ], [ -2.533100633335115, 56.563866780094166 ], [ -2.705875323646032, 56.493928979997293 ], [ -2.72429628572183, 56.465609674073988 ], [ -2.761178251609322, 56.494838264344985 ], [ -2.771834160381587, 56.528178961411953 ] ] ] } },
{ "type": "Feature", "properties": { "bus": "SGRO22", "gen_view_gCO2_per_kWh": 0.0, "dominant_carrier": "load_shedding" }, "geometry": { "type": "Polygon", "coordinates": [ [ [ -2.262985691320483, 56.836191234216372 ], [ -2.313672812853001, 56.796194080494288 ], [ -2.343312481958055, 56.784262394461685 ], [ -2.292128764746533, 56.8471050063837 ], [ -2.262985691320483, 56.836191234216372 ] ] ] } },
{ "type": "Feature", "properties": { "bus": "SGRO21", "gen_view_gCO2_per_kWh": 0.0, "dominant_carrier": "load_shedding" }, "geometry": { "type": "Polygon", "coordinates": [ [ [ -2.341256713903537, 56.792341950146586 ], [ -2.340333615289297, 56.793057143667404 ], [ -2.344258832761455, 56.783881433371221 ], [ -2.341256713903537, 56.792341950146586 ] ] ] } },
{ "type": "Feature", "properties": { "bus": "SGRX22", "gen_view_gCO2_per_kWh": 0.0, "dominant_carrier": "load_shedding" }, "geometry": { "type": "Polygon", "coordinates": [ [ [ -2.451377121698792, 56.762646559289976 ], [ -2.341256713903537, 56.792341950146586 ], [ -2.344258832761455, 56.783881433371221 ], [ -2.414467803031834, 56.755618250439916 ], [ -2.430197523450611, 56.698864184236506 ], [ -2.451377121698792, 56.762646559289976 ] ] ] } },
{ "type": "Feature", "properties": { "bus": "BRID1Q", "gen_view_gCO2_per_kWh": 0.0, "dominant_carrier": "load_shedding" }, "geometry": { "type": "Polygon", "coordinates": [ [ [ -2.583657910457716, 56.955322657217053 ], [ -2.488916463749333, 56.874177769879353 ], [ -2.430197523450611, 56.698864184236506 ], [ -2.4338532931057, 56.685673880308336 ], [ -2.497338013225105, 56.65042387025472 ], [ -2.472433583205779, 56.621018310191445 ], [ -2.491022659370645, 56.603506429464545 ], [ -2.616074102458551, 56.653423163309881 ], [ -2.583657910457716, 56.955322657217053 ] ] ] } },
{ "type": "Feature", "properties": { "bus": "SGRO23", "gen_view_gCO2_per_kWh": 0.0, "dominant_carrier": "wind_onshore" }, "geometry": { "type": "Polygon", "coordinates": [ [ [ -2.488916463749333, 56.874177769879353 ], [ -2.370896543931875, 56.877813584647143 ], [ -2.292128764746533, 56.8471050063837 ], [ -2.341256713903537, 56.792341950146586 ], [ -2.451377121698792, 56.762646559289976 ], [ -2.488916463749333, 56.874177769879353 ] ] ] } },
{ "type": "Feature", "properties": { "bus": "FIDD3-", "gen_view_gCO2_per_kWh": 0.0, "dominant_carrier": "wind_onshore" }, "geometry": { "type": "Polygon", "coordinates": [ [ [ -2.262985691320483, 56.836191234216372 ], [ -2.370896543931875, 56.877813584647143 ], [ -2.257515072489986, 57.021769834864216 ], [ -2.170754416871642, 56.991339921890066 ], [ -2.194249732565416, 56.966836630795697 ], [ -2.209023932642892, 56.878772400628769 ], [ -2.262985691320483, 56.836191234216372 ] ] ] } },
{ "type": "Feature", "properties": { "bus": "FETT2P", "gen_view_gCO2_per_kWh": 0.0, "dominant_carrier": "wind_onshore" }, "geometry": { "type": "Polygon", "coordinates": [ [ [ -2.601258785327735, 56.978928154522869 ], [ -2.563908618886163, 57.066988531374754 ], [ -2.343590835720945, 57.090618409983293 ], [ -2.257515072489986, 57.021769834864216 ], [ -2.370896543931875, 56.877813584647143 ], [ -2.488916463749333, 56.874177769879353 ], [ -2.601258785327735, 56.978928154522869 ] ] ] } },
{ "type": "Feature", "properties": { "bus": "CRAI1R", "gen_view_gCO2_per_kWh": 0.0, "dominant_carrier": "load_shedding" }, "geometry": { "type": "Polygon", "coordinates": [ [ [ -2.122878490547612, 57.118215235423229 ], [ -2.169393247389197, 56.99275948707028 ], [ -2.191015435047199, 57.154677771450466 ], [ -2.125814484744629, 57.135766673296594 ], [ -2.122878490547612, 57.118215235423229 ] ] ] } },
{ "type": "Feature", "properties": { "bus": "FOGG1R", "gen_view_gCO2_per_kWh": 0.0, "dominant_carrier": "load_shedding" }, "geometry": { "type": "Polygon", "coordinates": [ [ [ -2.169393247389197, 56.99275948707028 ], [ -2.257515072489986, 57.021769834864216 ], [ -2.343590835720945, 57.090618409983293 ], [ -2.277584706174499, 57.201279373473554 ], [ -2.194945676220855, 57.163844678159606 ], [ -2.169393247389197, 56.99275948707028 ] ] ] } },
{ "type": "Feature", "properties": { "bus": "DENS1Q", "gen_view_gCO2_per_kWh": 0.0, "dominant_carrier": "load_shedding" }, "geometry": { "type": "Polygon", "coordinates": [ [ [ -3.154611097868293, 56.983152354524442 ], [ -3.103452508336875, 57.00363400065423 ], [ -2.770981816611468, 56.92721235362032 ], [ -2.772208966067023, 56.718764295456801 ], [ -3.000809108460274, 56.662671109153365 ], [ -3.059474968941697, 56.684675580848179 ], [ -3.154611097868293, 56.983152354524442 ] ] ] } },
{ "type": "Feature", "properties": { "bus": "TARL1Q", "gen_view_gCO2_per_kWh": 0.0, "dominant_carrier": "wind_onshore" }, "geometry": { "type": "Polygon", "coordinates": [ [ [ -2.945712550373501, 57.275564521980563 ], [ -2.667424228396576, 57.332766481678163 ], [ -2.588806448981561, 57.234866408934224 ], [ -2.563908618886163, 57.066988531374754 ], [ -2.601258785327735, 56.978928154522869 ], [ -2.770981816611468, 56.92721235362032 ], [ -3.103452508336875, 57.00363400065423 ], [ -2.945712550373501, 57.275564521980563 ] ] ] } },
{ "type": "Feature", "properties": { "bus": "DORE11", "gen_view_gCO2_per_kWh": 2.593, "dominant_carrier": "wind_onshore" }, "geometry": { "type": "Polygon", "coordinates": [ [ [ -3.324055562878563, 57.099697230856172 ], [ -3.215581289441384, 57.406807727383558 ], [ -3.154765339599054, 57.548114112836224 ], [ -3.003076274328293, 57.39534494124949 ], [ -2.945712550373501, 57.275564521980563 ], [ -3.103452508336875, 57.00363400065423 ], [ -3.154611097868293, 56.983152354524442 ], [ -3.243245225701764, 56.995148884073089 ], [ -3.324055562878563, 57.099697230856172 ] ] ] } },
{ "type": "Feature", "properties": { "bus": "CAIN3J", "gen_view_gCO2_per_kWh": 0.0, "dominant_carrier": "wind_onshore" }, "geometry": { "type": "Polygon", "coordinates": [ [ [ -2.968406250346964, 57.339008331100978 ], [ -2.903095138528232, 57.433868593297454 ], [ -2.768100747262764, 57.484256471916844 ], [ -2.667424228396576, 57.332766481678163 ], [ -2.945712550373501, 57.275564521980563 ], [ -2.968406250346964, 57.339008331100978 ] ] ] } },
{ "type": "Feature", "properties": { "bus": "BLHI4R", "gen_view_gCO2_per_kWh": 0.0, "dominant_carrier": "wind_onshore" }, "geometry": { "type": "Polygon", "coordinates": [ [ [ -2.946082521012844, 57.484245671919915 ], [ -2.828483395838966, 57.550548658952053 ], [ -2.968406250346964, 57.339008331100978 ], [ -3.003076274328293, 57.39534494124949 ], [ -2.946082521012844, 57.484245671919915 ] ] ] } },
{ "type": "Feature", "properties": { "bus": "BEAT21", "gen_view_gCO2_per_kWh": 0.0, "dominant_carrier": "wind_onshore" }, "geometry": { "type": "Polygon", "coordinates": [ [ [ -3.137276074086645, 57.59344371669625 ], [ -2.983298984255498, 57.598682206711025 ], [ -2.939177884454467, 57.519863013367406 ], [ -2.946082521012844, 57.484245671919915 ], [ -3.003076274328293, 57.39534494124949 ], [ -3.154765339599054, 57.548114112836224 ], [ -3.137276074086645, 57.59344371669625 ] ] ] } },
{ "type": "Feature", "properties": { "bus": "CAIN2-", "gen_view_gCO2_per_kWh": 0.0, "dominant_carrier": "load_shedding" }, "geometry": { "type": "Polygon", "coordinates": [ [ [ -2.817869005976103, 57.562621127102624 ], [ -2.768100747262764, 57.484256471916844 ], [ -2.903095138528232, 57.433868593297454 ], [ -2.828483395838966, 57.550548658952053 ], [ -2.817869005976103, 57.562621127102624 ] ] ] } },
{ "type": "Feature", "properties": { "bus": "MOWO42", "gen_view_gCO2_per_kWh": 0.0, "dominant_carrier": "load_shedding" }, "geometry": { "type": "Polygon", "coordinates": [ [ [ -2.942076503410719, 57.503982508945086 ], [ -2.819499693426813, 57.573822784385179 ], [ -2.828483395838966, 57.550548658952053 ], [ -2.946082521012844, 57.484245671919915 ], [ -2.942076503410719, 57.503982508945086 ] ] ] } },
{ "type": "Feature", "properties": { "bus": "MOWW62", "gen_view_gCO2_per_kWh": 0.0, "dominant_carrier": "load_shedding" }, "geometry": { "type": "Polygon", "coordinates": [ [ [ -2.939177884454467, 57.519863013367406 ], [ -2.821614119652533, 57.58879530257456 ], [ -2.819499693426813, 57.573822784385179 ], [ -2.942076503410719, 57.503982508945086 ], [ -2.939177884454467, 57.519863013367406 ] ] ] } },
{ "type": "Feature", "properties": { "bus": "KEIT3A", "gen_view_gCO2_per_kWh": 0.0, "dominant_carrier": "wind_onshore" }, "geometry": { "type": "Polygon", "coordinates": [ [ [ -2.823483713089169, 57.633705281662884 ], [ -2.821614119652533, 57.58879530257456 ], [ -2.939177884454467, 57.519863013367406 ], [ -2.983298984255498, 57.598682206711025 ], [ -2.823483713089169, 57.633705281662884 ] ] ] } },
{ "type": "Feature", "properties": { "bus": "CLUN1T", "gen_view_gCO2_per_kWh": 0.0, "dominant_carrier": "load_shedding" }, "geometry": { "type": "Polygon", "coordinates": [ [ [ -3.590106355354702, 56.753765276606131 ], [ -3.388021845077535, 56.837671414195079 ], [ -3.345754293780368, 56.627993078376498 ], [ -3.381633978529597, 56.469514032109338 ], [ -3.551881217231321, 56.504570726802086 ], [ -3.590106355354702, 56.753765276606131 ] ] ] } },
{ "type": "Feature", "properties": { "bus": "ALYT2A", "gen_view_gCO2_per_kWh": 0.0, "dominant_carrier": "wind_onshore" }, "geometry": { "type": "Polygon", "coordinates": [ [ [ -3.388021845077535, 56.837671414195079 ], [ -3.243245225701764, 56.995148884073089 ], [ -3.154611097868293, 56.983152354524442 ], [ -3.059474968941697, 56.684675580848179 ], [ -3.161505064844279, 56.534711722665747 ], [ -3.345754293780368, 56.627993078376498 ], [ -3.388021845077535, 56.837671414195079 ] ] ] } },
{ "type": "Feature", "properties": { "bus": "WHIB1F", "gen_view_gCO2_per_kWh": 0.0, "dominant_carrier": "wind_onshore" }, "geometry": { "type": "Polygon", "coordinates": [ [ [ -3.784340248272919, 57.067751746020406 ], [ -3.5593396447289, 57.156414369147285 ], [ -3.437074643188725, 57.176807867187101 ], [ -3.324055562878563, 57.099697230856172 ], [ -3.243245225701764, 56.995148884073089 ], [ -3.388021845077535, 56.837671414195079 ], [ -3.590106355354702, 56.753765276606131 ], [ -3.768451467330042, 56.807018165971613 ], [ -3.853677389741113, 56.919822835150754 ], [ -3.784340248272919, 57.067751746020406 ] ] ] } },
{ "type": "Feature", "properties": { "bus": "GLFA3-", "gen_view_gCO2_per_kWh": 0.0, "dominant_carrier": "load_shedding" }, "geometry": { "type": "Polygon", "coordinates": [ [ [ -3.481541502348306, 57.383286384962922 ], [ -3.432264924995073, 57.438851114460469 ], [ -3.215581289441384, 57.406807727383558 ], [ -3.324055562878563, 57.099697230856172 ], [ -3.437074643188725, 57.176807867187101 ], [ -3.490817662619831, 57.353431180077713 ], [ -3.481541502348306, 57.383286384962922 ] ] ] } },
{ "type": "Feature", "properties": { "bus": "FINL1Q", "gen_view_gCO2_per_kWh": 0.0, "dominant_carrier": "load_shedding" }, "geometry": { "type": "Polygon", "coordinates": [ [ [ -3.748170013096299, 57.447227473957206 ], [ -3.490817662619831, 57.353431180077713 ], [ -3.437074643188725, 57.176807867187101 ], [ -3.5593396447289, 57.156414369147285 ], [ -3.800256486757415, 57.37048056120242 ], [ -3.795908013400206, 57.416067311672933 ], [ -3.748170013096299, 57.447227473957206 ] ] ] } },
{ "type": "Feature", "properties": { "bus": "GLFA1-", "gen_view_gCO2_per_kWh": 0.0, "dominant_carrier": "load_shedding" }, "geometry": { "type": "Polygon", "coordinates": [ [ [ -3.432141828945691, 57.4390039066406 ], [ -3.302708241886684, 57.544863301736157 ], [ -3.157264640768715, 57.546625317713897 ], [ -3.215581289441384, 57.406807727383558 ], [ -3.432141828945691, 57.4390039066406 ] ] ] } },
{ "type": "Feature", "properties": { "bus": "DAAS3-", "gen_view_gCO2_per_kWh": 0.0, "dominant_carrier": "wind_onshore" }, "geometry": { "type": "Polygon", "coordinates": [ [ [ -3.460420701483298, 57.699212544333676 ], [ -3.302708241886684, 57.544863301736157 ], [ -3.432141828945691, 57.4390039066406 ], [ -3.460420701483298, 57.699212544333676 ] ] ] } },
{ "type": "Feature", "properties": { "bus": "BERB2Q", "gen_view_gCO2_per_kWh": 0.0, "dominant_carrier": "wind_onshore" }, "geometry": { "type": "Polygon", "coordinates": [ [ [ -3.687123081059784, 57.661031311639192 ], [ -3.584131550435703, 57.665187685525041 ], [ -3.481541502348306, 57.383286384962922 ], [ -3.490817662619831, 57.353431180077713 ], [ -3.748170013096299, 57.447227473957206 ], [ -3.687123081059784, 57.661031311639192 ] ] ] } },
{ "type": "Feature", "properties": { "bus": "DAAS2-", "gen_view_gCO2_per_kWh": 0.0, "dominant_carrier": "load_shedding" }, "geometry": { "type": "Polygon", "coordinates": [ [ [ -3.469909499588931, 57.712204068406258 ], [ -3.432141828945691, 57.4390039066406 ], [ -3.481541502348306, 57.383286384962922 ], [ -3.584131550435703, 57.665187685525041 ], [ -3.537200604333596, 57.667081652510802 ], [ -3.504482114271047, 57.680359062528375 ], [ -3.499442124248422, 57.70833596258209 ], [ -3.469909499588931, 57.712204068406258 ] ] ] } },
{ "type": "Feature", "properties": { "bus": "ELGI3-", "gen_view_gCO2_per_kWh": 0.0, "dominant_carrier": "wind_onshore" }, "geometry": { "type": "Polygon", "coordinates": [ [ [ -3.469909499588931, 57.712204068406258 ], [ -3.344680363975472, 57.728606252580867 ], [ -3.276962553861531, 57.728329382562265 ], [ -3.18104000371848, 57.694124562469682 ], [ -3.140715633300415, 57.687409717088578 ], [ -3.137276074086645, 57.59344371669625 ], [ -3.157264640768715, 57.546625317713897 ], [ -3.302708241886684, 57.544863301736157 ], [ -3.469909499588931, 57.712204068406258 ] ] ] } },
{ "type": "Feature", "properties": { "bus": "HAGR1Q", "gen_view_gCO2_per_kWh": 0.0, "dominant_carrier": "solar_pv" }, "geometry": { "type": "Polygon", "coordinates": [ [ [ -4.334469696353439, 55.815445100860664 ], [ -4.296596198362693, 55.848363189227641 ], [ -4.275843644225774, 55.841903661438486 ], [ -4.257927047107983, 55.819992567205958 ], [ -4.268178803424815, 55.812917760561106 ], [ -4.334469696353439, 55.815445100860664 ] ] ] } },
{ "type": "Feature", "properties": { "bus": "ELDE1R", "gen_view_gCO2_per_kWh": 0.0, "dominant_carrier": "load_shedding" }, "geometry": { "type": "Polygon", "coordinates": [ [ [ -4.440443110390958, 55.880466637519078 ], [ -4.43697679130283, 55.816247227297595 ], [ -4.490409879190371, 55.782610104440437 ], [ -4.480321006154185, 55.869206264459471 ], [ -4.440443110390958, 55.880466637519078 ] ] ] } },
{ "type": "Feature", "properties": { "bus": "PAIS1S", "gen_view_gCO2_per_kWh": 0.0, "dominant_carrier": "load_shedding" }, "geometry": { "type": "Polygon", "coordinates": [ [ [ -4.436510835298558, 55.877054483510392 ], [ -4.416814515339422, 55.874887462292726 ], [ -4.388872796931341, 55.85493868736171 ], [ -4.385199221026793, 55.801075323372359 ], [ -4.43697679130283, 55.816247227297595 ], [ -4.436510835298558, 55.877054483510392 ] ] ] } },
{ "type": "Feature", "properties": { "bus": "GOVA1R", "gen_view_gCO2_per_kWh": 0.0, "dominant_carrier": "load_shedding" }, "geometry": { "type": "Polygon", "coordinates": [ [ [ -4.341970118738613, 55.858335109054607 ], [ -4.301778598533022, 55.863107852075771 ], [ -4.296596198362693, 55.848363189227641 ], [ -4.333573701273097, 55.820480578527956 ], [ -4.341970118738613, 55.858335109054607 ] ] ] } },
{ "type": "Feature", "properties": { "bus": "CHAS2Q", "gen_view_gCO2_per_kWh": 119.986, "dominant_carrier": "advanced_biofuel" }, "geometry": { "type": "Polygon", "coordinates": [ [ [ -4.217617461837906, 55.851785403677539 ], [ -4.238611612490749, 55.813985275589864 ], [ -4.261085957218673, 55.827245566176131 ], [ -4.251140387234479, 55.86020915279245 ], [ -4.219191214129707, 55.886359029390228 ], [ -4.217617461837906, 55.851785403677539 ] ] ] } },
{ "type": "Feature", "properties": { "bus": "WGEO2R", "gen_view_gCO2_per_kWh": 0.0, "dominant_carrier": "load_shedding" }, "geometry": { "type": "Polygon", "coordinates": [ [ [ -4.275843644225774, 55.841903661438486 ], [ -4.274530126425398, 55.878934759117961 ], [ -4.270375806915769, 55.879078183537743 ], [ -4.251140387234479, 55.86020915279245 ], [ -4.261085957218673, 55.827245566176131 ], [ -4.275843644225774, 55.841903661438486 ] ] ] } },
{ "type": "Feature", "properties": { "bus": "FINN1Q", "gen_view_gCO2_per_kWh": 0.0, "dominant_carrier": "load_shedding" }, "geometry": { "type": "Polygon", "coordinates": [ [ [ -4.289420558887922, 55.888474156986774 ], [ -4.274530126425398, 55.878934759117961 ], [ -4.275843644225774, 55.841903661438486 ], [ -4.296596198362693, 55.848363189227641 ], [ -4.301778598533022, 55.863107852075771 ], [ -4.289420558887922, 55.888474156986774 ] ] ] } },
{ "type": "Feature", "properties": { "bus": "PART1Q", "gen_view_gCO2_per_kWh": 0.0, "dominant_carrier": "load_shedding" }, "geometry": { "type": "Polygon", "coordinates": [ [ [ -4.349204853658135, 55.871325289022344 ], [ -4.315464085956591, 55.886871993803794 ], [ -4.297600561493844, 55.883595252627792 ], [ -4.301778598533022, 55.863107852075771 ], [ -4.341970118738613, 55.858335109054607 ], [ -4.349204853658135, 55.871325289022344 ] ] ] } },
{ "type": "Feature", "properties": { "bus": "PORD3-", "gen_view_gCO2_per_kWh": 0.0, "dominant_carrier": "load_shedding" }, "geometry": { "type": "Polygon", "coordinates": [ [ [ -4.270375806915769, 55.879078183537743 ], [ -4.217630624157592, 55.891888777867393 ], [ -4.251140387234479, 55.86020915279245 ], [ -4.270375806915769, 55.879078183537743 ] ] ] } },
{ "type": "Feature", "properties": { "bus": "CATY1R", "gen_view_gCO2_per_kWh": 0.0, "dominant_carrier": "load_shedding" }, "geometry": { "type": "Polygon", "coordinates": [ [ [ -4.219191214129707, 55.886359029390228 ], [ -4.193376034987539, 55.923554929842744 ], [ -4.144134242815047, 55.879156382010883 ], [ -4.174262905390066, 55.837895108885633 ], [ -4.217617461837906, 55.851785403677539 ], [ -4.219191214129707, 55.886359029390228 ] ] ] } },
{ "type": "Feature", "properties": { "bus": "EERH3-", "gen_view_gCO2_per_kWh": 0.0, "dominant_carrier": "load_shedding" }, "geometry": { "type": "Polygon", "coordinates": [ [ [ -4.130231964162737, 55.876432675374957 ], [ -4.046757008402565, 55.958074975036467 ], [ -4.02015691077598, 55.915595731648267 ], [ -4.062982816641321, 55.821681484522784 ], [ -4.094130260176972, 55.827414555371156 ], [ -4.130231964162737, 55.876432675374957 ] ] ] } },
{ "type": "Feature", "properties": { "bus": "WFIB2-", "gen_view_gCO2_per_kWh": 0.0, "dominant_carrier": "wind_onshore" }, "geometry": { "type": "Polygon", "coordinates": [ [ [ -3.807024300426155, 55.914573582307007 ], [ -3.723286280725445, 55.972491129425336 ], [ -3.668394340623742, 55.985944174667978 ], [ -3.63125878211732, 55.97985460483924 ], [ -3.634929714390883, 55.96310175141047 ], [ -3.793150936293276, 55.821803675695598 ], [ -3.821988845204605, 55.883176527110237 ], [ -3.807024300426155, 55.914573582307007 ] ] ] } },
{ "type": "Feature", "properties": { "bus": "BONN1-", "gen_view_gCO2_per_kWh": 0.0, "dominant_carrier": "load_shedding" }, "geometry": { "type": "Polygon", "coordinates": [ [ [ -3.851409179481915, 55.895164466102543 ], [ -3.880755864016772, 56.037024058014467 ], [ -3.812422464755518, 55.988730264424859 ], [ -3.807024300426155, 55.914573582307007 ], [ -3.821988845204605, 55.883176527110237 ], [ -3.851409179481915, 55.895164466102543 ] ] ] } },
{ "type": "Feature", "properties": { "bus": "CUMB3-", "gen_view_gCO2_per_kWh": 83.997, "dominant_carrier": "landfill_gas" }, "geometry": { "type": "Polygon", "coordinates": [ [ [ -4.046757008402565, 55.958074975036467 ], [ -4.048152628268607, 56.063120747264634 ], [ -3.973824044625019, 56.041449835753966 ], [ -3.873416233995107, 55.901070645404282 ], [ -3.956727514561732, 55.882639532886657 ], [ -4.02015691077598, 55.915595731648267 ], [ -4.046757008402565, 55.958074975036467 ] ] ] } },
{ "type": "Feature", "properties": { "bus": "BONB4-", "gen_view_gCO2_per_kWh": 922.998, "dominant_carrier": "oil" }, "geometry": { "type": "Polygon", "coordinates": [ [ [ -3.973824044625019, 56.041449835753966 ], [ -3.895154257558533, 56.059993575913801 ], [ -3.880755864016772, 56.037024058014467 ], [ -3.851409179481915, 55.895164466102543 ], [ -3.873416233995107, 55.901070645404282 ], [ -3.973824044625019, 56.041449835753966 ] ] ] } },
{ "type": "Feature", "properties": { "bus": "BAIN1Q", "gen_view_gCO2_per_kWh": 0.0, "dominant_carrier": "load_shedding" }, "geometry": { "type": "Polygon", "coordinates": [ [ [ -3.802502899734658, 56.044441226703917 ], [ -3.754326401328171, 56.051264213534736 ], [ -3.762922034406856, 55.949965677547951 ], [ -3.807024300426155, 55.914573582307007 ], [ -3.802502899734658, 56.044441226703917 ] ] ] } },
{ "type": "Feature", "properties": { "bus": "BPGR3J", "gen_view_gCO2_per_kWh": 299.973, "dominant_carrier": "waste_to_energy" }, "geometry": { "type": "Polygon", "coordinates": [ [ [ -3.762922034406856, 55.949965677547951 ], [ -3.754326401328171, 56.051264213534736 ], [ -3.743636763168052, 56.045758869407429 ], [ -3.723286280725445, 55.972491129425336 ], [ -3.762922034406856, 55.949965677547951 ] ] ] } },
{ "type": "Feature", "properties": { "bus": "GRMO3A", "gen_view_gCO2_per_kWh": 119.877, "dominant_carrier": "advanced_biofuel" }, "geometry": { "type": "Polygon", "coordinates": [ [ [ -3.723286280725445, 55.972491129425336 ], [ -3.743636763168052, 56.045758869407429 ], [ -3.709273404638335, 56.042585692024431 ], [ -3.668394340623742, 55.985944174667978 ], [ -3.723286280725445, 55.972491129425336 ] ] ] } },
{ "type": "Feature", "properties": { "bus": "DENN2-", "gen_view_gCO2_per_kWh": 0.0, "dominant_carrier": "wind_onshore" }, "geometry": { "type": "Polygon", "coordinates": [ [ [ -3.848097593169074, 56.096826110487555 ], [ -3.802502899734658, 56.044441226703917 ], [ -3.812422464755518, 55.988730264424859 ], [ -3.880755864016772, 56.037024058014467 ], [ -3.895154257558533, 56.059993575913801 ], [ -3.848097593169074, 56.096826110487555 ] ] ] } },
{ "type": "Feature", "properties": { "bus": "DUCC1K", "gen_view_gCO2_per_kWh": 0.0, "dominant_carrier": "load_shedding" }, "geometry": { "type": "Polygon", "coordinates": [ [ [ -3.844600438310922, 56.112115230815547 ], [ -3.741929159484486, 56.110567028661762 ], [ -3.755718976397509, 56.052521488002249 ], [ -3.802502899734658, 56.044441226703917 ], [ -3.848097593169074, 56.096826110487555 ], [ -3.844600438310922, 56.112115230815547 ] ] ] } },
{ "type": "Feature", "properties": { "bus": "BRAP3-", "gen_view_gCO2_per_kWh": 0.0, "dominant_carrier": "load_shedding" }, "geometry": { "type": "Polygon", "coordinates": [ [ [ -4.416814515339422, 55.874887462292726 ], [ -4.375412209056223, 55.907815350562338 ], [ -4.349204853658135, 55.871325289022344 ], [ -4.388872796931341, 55.85493868736171 ], [ -4.416814515339422, 55.874887462292726 ] ] ] } },
{ "type": "Feature", "properties": { "bus": "NETH3-", "gen_view_gCO2_per_kWh": 0.0, "dominant_carrier": "load_shedding" }, "geometry": { "type": "Polygon", "coordinates": [ [ [ -4.354965115116262, 55.889062444396117 ], [ -4.325605536983562, 55.921454161072539 ], [ -4.315464085956591, 55.886871993803794 ], [ -4.349191600975783, 55.871402083583348 ], [ -4.354965115116262, 55.889062444396117 ] ] ] } },
{ "type": "Feature", "properties": { "bus": "LAMB2T", "gen_view_gCO2_per_kWh": 0.0, "dominant_carrier": "load_shedding" }, "geometry": { "type": "Polygon", "coordinates": [ [ [ -4.283257485752554, 55.925711127898211 ], [ -4.251664807577097, 55.8884705966192 ], [ -4.270375806915769, 55.879078183537743 ], [ -4.289420558887922, 55.888474156986774 ], [ -4.283257485752554, 55.925711127898211 ] ] ] } },
{ "type": "Feature", "properties": { "bus": "CRDY3B", "gen_view_gCO2_per_kWh": 0.0, "dominant_carrier": "load_shedding" }, "geometry": { "type": "Polygon", "coordinates": [ [ [ -4.194416043991309, 55.927957350941334 ], [ -4.053995907643363, 55.951906925352247 ], [ -4.130231964162737, 55.876432675374957 ], [ -4.144134242815047, 55.879156382010883 ], [ -4.194416043991309, 55.927957350941334 ] ] ] } },
{ "type": "Feature", "properties": { "bus": "KIER1R", "gen_view_gCO2_per_kWh": 0.0, "dominant_carrier": "load_shedding" }, "geometry": { "type": "Polygon", "coordinates": [ [ [ -4.325605536983562, 55.921454161072539 ], [ -4.282691191087991, 56.056426700473544 ], [ -4.283257485752554, 55.925711127898211 ], [ -4.297600561493844, 55.883595252627792 ], [ -4.315464085956591, 55.886871993803794 ], [ -4.325605536983562, 55.921454161072539 ] ] ] } },
{ "type": "Feature", "properties": { "bus": "ERSK1Q", "gen_view_gCO2_per_kWh": 0.0, "dominant_carrier": "load_shedding" }, "geometry": { "type": "Polygon", "coordinates": [ [ [ -4.453491095988698, 56.09012220917883 ], [ -4.440443110390958, 55.880466637519078 ], [ -4.480321006154185, 55.869206264459471 ], [ -4.542965518381016, 55.893609101443708 ], [ -4.453491095988698, 56.09012220917883 ] ] ] } },
{ "type": "Feature", "properties": { "bus": "LINM1Q", "gen_view_gCO2_per_kWh": 119.918, "dominant_carrier": "landfill_gas" }, "geometry": { "type": "Polygon", "coordinates": [ [ [ -4.269032938298045, 56.15601407156749 ], [ -4.193376034987539, 55.923554929842744 ], [ -4.217630624157592, 55.891888777867393 ], [ -4.251664807577097, 55.8884705966192 ], [ -4.283257485752554, 55.925711127898211 ], [ -4.269032938298045, 56.15601407156749 ] ] ] } },
{ "type": "Feature", "properties": { "bus": "KILB3-", "gen_view_gCO2_per_kWh": 0.0, "dominant_carrier": "load_shedding" }, "geometry": { "type": "Polygon", "coordinates": [ [ [ -4.432323139518958, 56.185380765841323 ], [ -4.413907873069183, 56.195444333244254 ], [ -4.375412209056223, 55.907815350562338 ], [ -4.416814515339422, 55.874887462292726 ], [ -4.440443110390958, 55.880466637519078 ], [ -4.453491095988698, 56.09012220917883 ], [ -4.432323139518958, 56.185380765841323 ] ] ] } },
{ "type": "Feature", "properties": { "bus": "DRUM3-", "gen_view_gCO2_per_kWh": 0.0, "dominant_carrier": "load_shedding" }, "geometry": { "type": "Polygon", "coordinates": [ [ [ -4.413907873069183, 56.195444333244254 ], [ -4.273263141823358, 56.187967684025338 ], [ -4.282691191087991, 56.056426700473544 ], [ -4.325605536983562, 55.921454161072539 ], [ -4.354965115116262, 55.889062444396117 ], [ -4.375412209056223, 55.907815350562338 ], [ -4.413907873069183, 56.195444333244254 ] ] ] } },
{ "type": "Feature", "properties": { "bus": "HARE3A", "gen_view_gCO2_per_kWh": 0.0, "dominant_carrier": "wind_onshore" }, "geometry": { "type": "Polygon", "coordinates": [ [ [ -4.273263141823358, 56.187967684025338 ], [ -4.223355904467684, 56.206156974889012 ], [ -4.154867428261373, 56.197202478205632 ], [ -4.048152628268607, 56.063120747264634 ], [ -4.053995907643363, 55.951906925352247 ], [ -4.194416043991309, 55.927957350941334 ], [ -4.273263141823358, 56.187967684025338 ] ], [ [ -4.128154423883013, 56.00947425135125 ], [ -4.136752177834158, 56.008963684524751 ], [ -4.134096726269581, 56.006853249334 ], [ -4.128154423883013, 56.00947425135125 ] ] ] } },
{ "type": "Feature", "properties": { "bus": "PORA1R", "gen_view_gCO2_per_kWh": 0.0, "dominant_carrier": "wind_onshore" }, "geometry": { "type": "Polygon", "coordinates": [ [ [ -5.286303531068745, 56.229498501982306 ], [ -5.245655301459364, 56.174411626500742 ], [ -5.313757224349173, 55.837557067192485 ], [ -5.422789145767589, 55.872275421120463 ], [ -5.357406860129721, 56.228346604775417 ], [ -5.317837360668929, 56.24011227426282 ], [ -5.286303531068745, 56.229498501982306 ] ] ] } },
{ "type": "Feature", "properties": { "bus": "HELE1R", "gen_view_gCO2_per_kWh": 0.0, "dominant_carrier": "load_shedding" }, "geometry": { "type": "Polygon", "coordinates": [ [ [ -4.743448691180105, 56.098056601706951 ], [ -4.727210870941489, 56.089884584037648 ], [ -4.743699766601419, 56.103867842950876 ], [ -4.727893243810712, 56.132838680195114 ], [ -4.549841323719154, 56.135196879640631 ], [ -4.636212426108949, 55.987419473009183 ], [ -4.737524866301928, 55.960947300941648 ], [ -4.743448691180105, 56.098056601706951 ] ], [ [ -4.673440107192387, 56.02356666947248 ], [ -4.698838347208208, 56.074695799581214 ], [ -4.701467524443477, 56.076103288273444 ], [ -4.673440107192387, 56.02356666947248 ] ] ] } },
{ "type": "Feature", "properties": { "bus": "FERO3-", "gen_view_gCO2_per_kWh": 0.0, "dominant_carrier": "wind_onshore" }, "geometry": { "type": "MultiPolygon", "coordinates": [ [ [ [ -5.357406860129721, 56.228346604775417 ], [ -5.422789145767589, 55.872275421120463 ], [ -5.69576285174981, 55.885304631852826 ], [ -5.718436509149961, 55.905981319423333 ], [ -5.749832179208753, 55.905489249427823 ], [ -5.722097239143477, 55.931687559476998 ], [ -5.754903489197416, 55.94585415951201 ], [ -5.71783398912206, 55.957774209530086 ], [ -5.646607088942961, 56.047713439702925 ], [ -5.668199958969479, 56.074556019762191 ], [ -5.618161018879087, 56.068891429741427 ], [ -5.604237738845763, 56.08330926976862 ], [ -5.650687058914023, 56.119141559850945 ], [ -5.700952589021911, 56.091788959803637 ], [ -5.828320519326413, 55.962458019559215 ], [ -5.863525992558031, 55.893312074572535 ], [ -6.061695854943862, 55.902770849689247 ], [ -6.205056991516384, 55.923754864246938 ], [ -6.163891439969636, 55.946392099583861 ], [ -6.119553929888606, 55.939311299561638 ], [ -6.111507569884714, 55.916258719512399 ], [ -6.082522829833765, 55.907953039490238 ], [ -6.012845869678846, 55.953594799572947 ], [ -6.008208649652191, 55.989412949646386 ], [ -5.960868699539016, 56.03658622973586 ], [ -5.758149149108881, 56.131922309896872 ], [ -5.741022495386687, 56.201131206685545 ], [ -5.357406860129721, 56.228346604775417 ] ] ], [ [ [ -6.229063030071603, 55.992881389691597 ], [ -6.284720980178129, 55.993574229702517 ], [ -6.286795340160897, 56.037698829794692 ], [ -6.251883440070245, 56.086626779890501 ], [ -6.146705989844334, 56.136322809975432 ], [ -6.127414359816076, 56.118284579934574 ], [ -6.229063030071603, 55.992881389691597 ] ] ] ] } },
{ "type": "Feature", "properties": { "bus": "WHTB1S", "gen_view_gCO2_per_kWh": 0.0, "dominant_carrier": "small_hydro" }, "geometry": { "type": "Polygon", "coordinates": [ [ [ -4.81980527117233, 56.213455844084571 ], [ -4.727893243810712, 56.132838680195114 ], [ -4.747709014990496, 56.100857943145328 ], [ -4.818332377384411, 56.138665049734392 ], [ -4.748233130268038, 56.100464469277185 ], [ -4.864150290595864, 56.013440916613106 ], [ -4.982595973079017, 56.114948826974874 ], [ -4.964358097538527, 56.146553009640769 ], [ -4.81980527117233, 56.213455844084571 ] ] ] } },
{ "type": "Feature", "properties": { "bus": "INVE1J", "gen_view_gCO2_per_kWh": 0.0, "dominant_carrier": "wind_onshore" }, "geometry": { "type": "Polygon", "coordinates": [ [ [ -5.286303531068745, 56.229498501982306 ], [ -5.210433663037619, 56.283024878100044 ], [ -5.045761533454768, 56.323880573476117 ], [ -4.964358097538527, 56.146553009640769 ], [ -4.982595973079017, 56.114948826974874 ], [ -5.06637009639453, 56.071350117125483 ], [ -5.245655301459364, 56.174411626500742 ], [ -5.286303531068745, 56.229498501982306 ] ] ] } },
{ "type": "Feature", "properties": { "bus": "SLOY1A", "gen_view_gCO2_per_kWh": 0.0, "dominant_carrier": "small_hydro" }, "geometry": { "type": "Polygon", "coordinates": [ [ [ -4.8126298599352, 56.264408275577473 ], [ -4.536096567361056, 56.328239263087504 ], [ -4.444072273802347, 56.23836561672482 ], [ -4.419998569610771, 56.196354942731006 ], [ -4.549841323719154, 56.135196879640631 ], [ -4.727893243810712, 56.132838680195114 ], [ -4.81980527117233, 56.213455844084571 ], [ -4.8126298599352, 56.264408275577473 ] ] ] } },
{ "type": "Feature", "properties": { "bus": "ARDK3K", "gen_view_gCO2_per_kWh": 0.0, "dominant_carrier": "wind_onshore" }, "geometry": { "type": "Polygon", "coordinates": [ [ [ -5.039102336363233, 56.333757570546943 ], [ -4.918070991579784, 56.351148645942786 ], [ -4.971995647340191, 56.171220760831901 ], [ -5.045761533454768, 56.323880573476117 ], [ -5.039102336363233, 56.333757570546943 ] ] ] } },
{ "type": "Feature", "properties": { "bus": "CLAC1Q", "gen_view_gCO2_per_kWh": 0.0, "dominant_carrier": "load_shedding" }, "geometry": { "type": "Polygon", "coordinates": [ [ [ -4.918070991579784, 56.351148645942786 ], [ -4.842613043544694, 56.381363248336115 ], [ -4.8126298599352, 56.264408275577473 ], [ -4.81980527117233, 56.213455844084571 ], [ -4.964358097538527, 56.146553009640769 ], [ -4.971995647340191, 56.171220760831901 ], [ -4.918070991579784, 56.351148645942786 ] ] ] } },
{ "type": "Feature", "properties": { "bus": "INVR1C", "gen_view_gCO2_per_kWh": 0.0, "dominant_carrier": "small_hydro" }, "geometry": { "type": "Polygon", "coordinates": [ [ [ -4.793825467130446, 56.546013057361513 ], [ -4.757214072085335, 56.567586662640565 ], [ -4.580311891515821, 56.39711728855373 ], [ -4.536096567361056, 56.328239263087504 ], [ -4.8126298599352, 56.264408275577473 ], [ -4.842613043544694, 56.381363248336115 ], [ -4.793825467130446, 56.546013057361513 ] ] ] } },
{ "type": "Feature", "properties": { "bus": "CRUA2R", "gen_view_gCO2_per_kWh": 0.0, "dominant_carrier": "load_shedding" }, "geometry": { "type": "Polygon", "coordinates": [ [ [ -5.106063448996689, 56.571660719224738 ], [ -5.07967341255724, 56.572838127722299 ], [ -5.052221324452644, 56.560088079870233 ], [ -5.039102336363233, 56.333757570546943 ], [ -5.045761533454768, 56.323880573476117 ], [ -5.210433663037619, 56.283024878100044 ], [ -5.106063448996689, 56.571660719224738 ] ] ] } },
{ "type": "Feature", "properties": { "bus": "KINB2K", "gen_view_gCO2_per_kWh": 0.0, "dominant_carrier": "load_shedding" }, "geometry": { "type": "Polygon", "coordinates": [ [ [ -3.755718976397509, 56.052521488002249 ], [ -3.740393646329951, 56.109498379731221 ], [ -3.665581640912548, 56.120413672897513 ], [ -3.709273404638335, 56.042585692024431 ], [ -3.755718976397509, 56.052521488002249 ] ] ] } },
{ "type": "Feature", "properties": { "bus": "STIR1S", "gen_view_gCO2_per_kWh": 0.0, "dominant_carrier": "wind_onshore" }, "geometry": { "type": "Polygon", "coordinates": [ [ [ -4.154867428261373, 56.197202478205632 ], [ -4.079551351537699, 56.232810263954235 ], [ -3.855436141625164, 56.180039037843017 ], [ -3.848097593169074, 56.096826110487555 ], [ -3.895154257558533, 56.059993575913801 ], [ -3.973824044625019, 56.041449835753966 ], [ -4.048152628268607, 56.063120747264634 ], [ -4.154867428261373, 56.197202478205632 ] ] ] } },
{ "type": "Feature", "properties": { "bus": "DEVO3-", "gen_view_gCO2_per_kWh": 0.0, "dominant_carrier": "load_shedding" }, "geometry": { "type": "Polygon", "coordinates": [ [ [ -3.855436141625164, 56.180039037843017 ], [ -3.787639280875433, 56.233827973065985 ], [ -3.741929159484486, 56.110567028661762 ], [ -3.844600438310922, 56.112115230815547 ], [ -3.855436141625164, 56.180039037843017 ] ] ] } },
{ "type": "Feature", "properties": { "bus": "SAKN3-", "gen_view_gCO2_per_kWh": 0.0, "dominant_carrier": "wind_onshore" }, "geometry": { "type": "Polygon", "coordinates": [ [ [ -3.680828050052212, 56.344859754861062 ], [ -3.564758580164684, 56.230994941966117 ], [ -3.581581300321028, 56.158621343232085 ], [ -3.665581640912548, 56.120413672897513 ], [ -3.740393646329951, 56.109498379731221 ], [ -3.787639280875433, 56.233827973065985 ], [ -3.700450740945818, 56.34167159460705 ], [ -3.680828050052212, 56.344859754861062 ] ] ] } },
{ "type": "Feature", "properties": { "bus": "BRCW2K", "gen_view_gCO2_per_kWh": 0.0, "dominant_carrier": "wind_onshore" }, "geometry": { "type": "Polygon", "coordinates": [ [ [ -4.023895067277247, 56.293379699669977 ], [ -3.773480713158246, 56.253156636164988 ], [ -3.855436141625164, 56.180039037843017 ], [ -4.079551351537699, 56.232810263954235 ], [ -4.023895067277247, 56.293379699669977 ] ] ] } },
{ "type": "Feature", "properties": { "bus": "BRCW3-", "gen_view_gCO2_per_kWh": 0.0, "dominant_carrier": "small_hydro" }, "geometry": { "type": "Polygon", "coordinates": [ [ [ -3.914015124753684, 56.423472947247198 ], [ -3.700450740945818, 56.34167159460705 ], [ -3.773480713158246, 56.253156636164988 ], [ -4.023895067277247, 56.293379699669977 ], [ -3.914015124753684, 56.423472947247198 ] ] ] } },
{ "type": "Feature", "properties": { "bus": "SFIL1Q", "gen_view_gCO2_per_kWh": 0.0, "dominant_carrier": "small_hydro" }, "geometry": { "type": "Polygon", "coordinates": [ [ [ -4.175314297895361, 56.579449528696429 ], [ -4.148713266312, 56.586875408416105 ], [ -4.018864230728508, 56.566548428286772 ], [ -3.945579335173702, 56.541062271339307 ], [ -3.914015124753684, 56.423472947247198 ], [ -4.079551351537699, 56.232810263954235 ], [ -4.154867428261373, 56.197202478205632 ], [ -4.223355904467684, 56.206156974889012 ], [ -4.175314297895361, 56.579449528696429 ] ] ] } },
{ "type": "Feature", "properties": { "bus": "AMUL1E", "gen_view_gCO2_per_kWh": 0.0, "dominant_carrier": "load_shedding" }, "geometry": { "type": "Polygon", "coordinates": [ [ [ -3.945579335173702, 56.541062271339307 ], [ -3.862090719970466, 56.621562253903917 ], [ -3.729242404611682, 56.520837774185104 ], [ -3.680828050052212, 56.344859754861062 ], [ -3.700450740945818, 56.34167159460705 ], [ -3.914015124753684, 56.423472947247198 ], [ -3.945579335173702, 56.541062271339307 ] ] ] } },
{ "type": "Feature", "properties": { "bus": "KINA2K", "gen_view_gCO2_per_kWh": 0.0, "dominant_carrier": "wind_onshore" }, "geometry": { "type": "Polygon", "coordinates": [ [ [ -4.016714283723947, 56.566159707365081 ], [ -3.994885847894121, 56.698085876099711 ], [ -3.804268157123209, 56.73840884912952 ], [ -3.862090719970466, 56.621562253903917 ], [ -3.945579335173702, 56.541062271339307 ], [ -4.016714283723947, 56.566159707365081 ] ] ] } },
{ "type": "Feature", "properties": { "bus": "GRIF36", "gen_view_gCO2_per_kWh": 0.0, "dominant_carrier": "wind_onshore" }, "geometry": { "type": "Polygon", "coordinates": [ [ [ -3.862090719970466, 56.621562253903917 ], [ -3.768451467330042, 56.807018165971613 ], [ -3.590106355354702, 56.753765276606131 ], [ -3.590321320946205, 56.733305313833121 ], [ -3.729242404611682, 56.520837774185104 ], [ -3.862090719970466, 56.621562253903917 ] ] ] } },
{ "type": "Feature", "properties": { "bus": "TAYN3-", "gen_view_gCO2_per_kWh": 0.0, "dominant_carrier": "wind_onshore" }, "geometry": { "type": "Polygon", "coordinates": [ [ [ -5.317837360668929, 56.24011227426282 ], [ -5.363410664002254, 56.640069267785186 ], [ -5.106063448996689, 56.571660719224738 ], [ -5.210433663037619, 56.283024878100044 ], [ -5.286303531068745, 56.229498501982306 ], [ -5.317837360668929, 56.24011227426282 ] ] ] } },
{ "type": "Feature", "properties": { "bus": "DALL2-", "gen_view_gCO2_per_kWh": 0.0, "dominant_carrier": "small_hydro" }, "geometry": { "type": "Polygon", "coordinates": [ [ [ -5.052221324452644, 56.560088079870233 ], [ -4.793825467130446, 56.546013057361513 ], [ -4.842613043544694, 56.381363248336115 ], [ -4.918070991579784, 56.351148645942786 ], [ -5.039102336363233, 56.333757570546943 ], [ -5.052221324452644, 56.560088079870233 ] ] ] } },
{ "type": "Feature", "properties": { "bus": "NANT1Q", "gen_view_gCO2_per_kWh": 23.485, "dominant_carrier": "small_hydro" }, "geometry": { "type": "Polygon", "coordinates": [ [ [ -5.363410664002254, 56.640069267785186 ], [ -5.317837360668929, 56.24011227426282 ], [ -5.357406860129721, 56.228346604775417 ], [ -5.741022495386687, 56.201131206685545 ], [ -5.735486419020406, 56.223502520081858 ], [ -5.774129589089314, 56.231337220105125 ], [ -5.813254469174337, 56.208778930065719 ], [ -5.822025089184141, 56.222466490095627 ], [ -5.773922649079516, 56.250326640144351 ], [ -5.719120988977694, 56.247434980128254 ], [ -5.662779848861978, 56.267177010158498 ], [ -5.676953138863177, 56.318267930266551 ], [ -5.567696578643665, 56.347442760305995 ], [ -5.57568049864606, 56.372615110359355 ], [ -5.619705738734099, 56.36161372034509 ], [ -5.626053298741558, 56.370615010364844 ], [ -5.453400028375729, 56.45633780050796 ], [ -5.470824788398829, 56.475285000550315 ], [ -5.548789888547403, 56.470012040554721 ], [ -5.633060868720853, 56.439361410507885 ], [ -5.702046478890912, 56.357790600352828 ], [ -5.83367850916585, 56.304630440267644 ], [ -5.891316919269851, 56.315841410301516 ], [ -5.873692399227426, 56.334236940336318 ], [ -5.893686089261071, 56.343311990358799 ], [ -5.930458409343586, 56.317483840312143 ], [ -6.043375759573285, 56.28846151027269 ], [ -6.222251039922375, 56.278001130283258 ], [ -6.345988250177414, 56.245129630236853 ], [ -6.365698530203788, 56.270902170294022 ], [ -6.423109160306397, 56.291014210346056 ], [ -6.467266880396387, 56.282863190336826 ], [ -6.446677360334533, 56.33028878043207 ], [ -6.472298960375544, 56.350474400478753 ], [ -6.423956370283629, 56.344547180457816 ], [ -6.374101480180498, 56.357221670475298 ], [ -6.263986209974993, 56.338396500416323 ], [ -6.227687599899451, 56.349586720433088 ], [ -6.211389449850319, 56.387435890508769 ], [ -6.164572319748881, 56.410786450548713 ], [ -6.196175779790439, 56.4532410206427 ], [ -6.26182809992371, 56.440617870628515 ], [ -6.316711720018444, 56.4673205806941 ], [ -6.311158267148949, 56.481777892130431 ], [ -5.608644665490565, 56.875389102404824 ], [ -5.363410664002254, 56.640069267785186 ] ] ] } },
{ "type": "Feature", "properties": { "bus": "CASS1Q", "gen_view_gCO2_per_kWh": 0.0, "dominant_carrier": "large_hydro" }, "geometry": { "type": "Polygon", "coordinates": [ [ [ -4.672914572891006, 56.780571927827218 ], [ -4.431003147332347, 56.594909053462736 ], [ -4.580311891515821, 56.39711728855373 ], [ -4.757214072085335, 56.567586662640565 ], [ -4.672914572891006, 56.780571927827218 ] ] ] } },
{ "type": "Feature", "properties": { "bus": "KILO1-", "gen_view_gCO2_per_kWh": 0.0, "dominant_carrier": "large_hydro" }, "geometry": { "type": "Polygon", "coordinates": [ [ [ -4.951791798445318, 56.837459404942784 ], [ -4.964457442266696, 56.55805908456999 ], [ -5.052221324452644, 56.560088079870233 ], [ -5.07967341255724, 56.572838127722299 ], [ -5.045326325426187, 56.739926305901861 ], [ -4.951791798445318, 56.837459404942784 ] ] ] } },
{ "type": "Feature", "properties": { "bus": "KILO3-", "gen_view_gCO2_per_kWh": 0.0, "dominant_carrier": "small_hydro" }, "geometry": { "type": "Polygon", "coordinates": [ [ [ -4.951791798445318, 56.837459404942784 ], [ -4.898431930681188, 56.900208993979732 ], [ -4.703255495524465, 56.820711141839531 ], [ -4.672914572891006, 56.780571927827218 ], [ -4.757214072085335, 56.567586662640565 ], [ -4.793825467130446, 56.546013057361513 ], [ -4.964457442266696, 56.55805908456999 ], [ -4.951791798445318, 56.837459404942784 ] ] ] } },
{ "type": "Feature", "properties": { "bus": "LUND1-", "gen_view_gCO2_per_kWh": 0.0, "dominant_carrier": "small_hydro" }, "geometry": { "type": "Polygon", "coordinates": [ [ [ -5.608644665490565, 56.875389102404824 ], [ -5.568976867544292, 56.939389520313533 ], [ -5.277222333666863, 56.919598473081393 ], [ -5.045326325426187, 56.739926305901861 ], [ -5.07967341255724, 56.572838127722299 ], [ -5.106063448996689, 56.571660719224738 ], [ -5.363410664002254, 56.640069267785186 ], [ -5.608644665490565, 56.875389102404824 ] ] ] } },
{ "type": "Feature", "properties": { "bus": "FWIL1R", "gen_view_gCO2_per_kWh": 0.0, "dominant_carrier": "large_hydro" }, "geometry": { "type": "Polygon", "coordinates": [ [ [ -5.277222333666863, 56.919598473081393 ], [ -5.013135118722222, 56.954800953643485 ], [ -4.912228553292865, 56.915049771710365 ], [ -4.898431930681188, 56.900208993979732 ], [ -5.045326325426187, 56.739926305901861 ], [ -5.277222333666863, 56.919598473081393 ] ] ] } },
{ "type": "Feature", "properties": { "bus": "MELG1K", "gen_view_gCO2_per_kWh": 0.0, "dominant_carrier": "small_hydro" }, "geometry": { "type": "Polygon", "coordinates": [ [ [ -4.646261693436967, 57.04476292213652 ], [ -4.46809124110442, 57.07377422932376 ], [ -4.409413407929819, 57.069841222134734 ], [ -4.413461902077457, 56.880310472262927 ], [ -4.672914572891006, 56.780571927827218 ], [ -4.703255495524465, 56.820711141839531 ], [ -4.677537969039654, 56.992054240504707 ], [ -4.646261693436967, 57.04476292213652 ] ] ] } },
{ "type": "Feature", "properties": { "bus": "INGA1Q", "gen_view_gCO2_per_kWh": 0.0, "dominant_carrier": "large_hydro" }, "geometry": { "type": "Polygon", "coordinates": [ [ [ -4.890538377754897, 57.049626117693151 ], [ -4.757718874922278, 57.100456045166553 ], [ -4.677537969039654, 56.992054240504707 ], [ -4.703255495524465, 56.820711141839531 ], [ -4.898431930681188, 56.900208993979732 ], [ -4.912228553292865, 56.915049771710365 ], [ -4.890538377754897, 57.049626117693151 ] ] ] } },
{ "type": "Feature", "properties": { "bus": "KILC1Q", "gen_view_gCO2_per_kWh": 0.0, "dominant_carrier": "load_shedding" }, "geometry": { "type": "Polygon", "coordinates": [ [ [ -4.444072273802347, 56.23836561672482 ], [ -4.401559564408312, 56.426531509001414 ], [ -4.179841169929088, 56.550724286639351 ], [ -4.223355904467684, 56.206156974889012 ], [ -4.273263141823358, 56.187967684025338 ], [ -4.413907873069183, 56.195444333244254 ], [ -4.444072273802347, 56.23836561672482 ] ] ] } },
{ "type": "Feature", "properties": { "bus": "LOCH5J", "gen_view_gCO2_per_kWh": 0.0, "dominant_carrier": "small_hydro" }, "geometry": { "type": "Polygon", "coordinates": [ [ [ -4.580311891515821, 56.39711728855373 ], [ -4.431003147332347, 56.594909053462736 ], [ -4.375995490536865, 56.577857252246773 ], [ -4.444072273802347, 56.23836561672482 ], [ -4.536096567361056, 56.328239263087504 ], [ -4.580311891515821, 56.39711728855373 ] ] ] } },
{ "type": "Feature", "properties": { "bus": "KIIN3-", "gen_view_gCO2_per_kWh": 0.0, "dominant_carrier": "load_shedding" }, "geometry": { "type": "Polygon", "coordinates": [ [ [ -4.375995490536865, 56.577857252246773 ], [ -4.247682874362495, 56.622181256518417 ], [ -4.175314297895361, 56.579449528696429 ], [ -4.179841169929088, 56.550724286639351 ], [ -4.401559564408312, 56.426531509001414 ], [ -4.375995490536865, 56.577857252246773 ] ] ] } },
{ "type": "Feature", "properties": { "bus": "RANN1Q", "gen_view_gCO2_per_kWh": 0.0, "dominant_carrier": "small_hydro" }, "geometry": { "type": "Polygon", "coordinates": [ [ [ -4.664382826829587, 56.780856401157301 ], [ -4.413461902077457, 56.880310472262927 ], [ -4.311994036112648, 56.844614012240569 ], [ -4.247682874362495, 56.622181256518417 ], [ -4.375995490536865, 56.577857252246773 ], [ -4.431003147332347, 56.594909053462736 ], [ -4.664382826829587, 56.780856401157301 ] ] ] } },
{ "type": "Feature", "properties": { "bus": "ERRO1J", "gen_view_gCO2_per_kWh": 0.0, "dominant_carrier": "small_hydro" }, "geometry": { "type": "Polygon", "coordinates": [ [ [ -4.311994036112648, 56.844614012240569 ], [ -4.077652924289922, 56.959232660744433 ], [ -4.012241532697498, 56.925724297039828 ], [ -4.148713266312, 56.586875408416105 ], [ -4.175314297895361, 56.579449528696429 ], [ -4.247682874362495, 56.622181256518417 ], [ -4.311994036112648, 56.844614012240569 ] ] ] } },
{ "type": "Feature", "properties": { "bus": "LAGG1R", "gen_view_gCO2_per_kWh": 0.0, "dominant_carrier": "small_hydro" }, "geometry": { "type": "Polygon", "coordinates": [ [ [ -4.406304544624557, 57.066498586503364 ], [ -4.178963126828179, 57.168581924675067 ], [ -4.14969447002149, 57.151843821437197 ], [ -4.077652924289922, 56.959232660744433 ], [ -4.311994036112648, 56.844614012240569 ], [ -4.413461902077457, 56.880310472262927 ], [ -4.406304544624557, 57.066498586503364 ] ] ] } },
{ "type": "Feature", "properties": { "bus": "COGA1-", "gen_view_gCO2_per_kWh": 0.0, "dominant_carrier": "wind_onshore" }, "geometry": { "type": "Polygon", "coordinates": [ [ [ -4.449264066316804, 57.175039136610998 ], [ -4.417440286259056, 57.242426265452629 ], [ -4.395762132135206, 57.244865407436841 ], [ -4.184701148525741, 57.178818931967726 ], [ -4.178963126828179, 57.168581924675067 ], [ -4.406304544624557, 57.066498586503364 ], [ -4.449264066316804, 57.175039136610998 ] ] ] } },
{ "type": "Feature", "properties": { "bus": "DUNM3-", "gen_view_gCO2_per_kWh": 0.0, "dominant_carrier": "wind_onshore" }, "geometry": { "type": "Polygon", "coordinates": [ [ [ -4.395762132135206, 57.244865407436841 ], [ -4.284397290762622, 57.35875648336674 ], [ -4.225321709974012, 57.32454881080546 ], [ -4.184701148525741, 57.178818931967726 ], [ -4.395762132135206, 57.244865407436841 ] ] ] } },
{ "type": "Feature", "properties": { "bus": "FAAR3J", "gen_view_gCO2_per_kWh": 0.0, "dominant_carrier": "wind_onshore" }, "geometry": { "type": "Polygon", "coordinates": [ [ [ -4.184701148525741, 57.178818931967726 ], [ -4.225321709974012, 57.32454881080546 ], [ -4.045654583872865, 57.499111303962536 ], [ -4.046396886124641, 57.226590621789477 ], [ -4.14969447002149, 57.151843821437197 ], [ -4.184701148525741, 57.178818931967726 ] ] ] } },
{ "type": "Feature", "properties": { "bus": "FARI2J", "gen_view_gCO2_per_kWh": 0.0, "dominant_carrier": "load_shedding" }, "geometry": { "type": "Polygon", "coordinates": [ [ [ -4.393094607247193, 57.414664607882862 ], [ -4.327516595178121, 57.397614460618982 ], [ -4.284397290762622, 57.35875648336674 ], [ -4.395762132135206, 57.244865407436841 ], [ -4.417440286259056, 57.242426265452629 ], [ -4.46816205879547, 57.36016530294922 ], [ -4.393094607247193, 57.414664607882862 ] ] ] } },
{ "type": "Feature", "properties": { "bus": "BEIN11", "gen_view_gCO2_per_kWh": 0.0, "dominant_carrier": "wind_onshore" }, "geometry": { "type": "Polygon", "coordinates": [ [ [ -5.013135118722222, 56.954800953643485 ], [ -5.053558542381102, 57.175261344282738 ], [ -4.904201602829446, 57.101720369564845 ], [ -4.890436029915224, 57.053732453405651 ], [ -4.912228553292865, 56.915049771710365 ], [ -5.013135118722222, 56.954800953643485 ] ] ] } },
{ "type": "Feature", "properties": { "bus": "GLDO1G", "gen_view_gCO2_per_kWh": 0.0, "dominant_carrier": "load_shedding" }, "geometry": { "type": "Polygon", "coordinates": [ [ [ -4.623787401974731, 57.138642316730241 ], [ -4.597987791025928, 57.146606398965929 ], [ -4.46809124110442, 57.07377422932376 ], [ -4.646261693436967, 57.04476292213652 ], [ -4.623787401974731, 57.138642316730241 ] ] ] } },
{ "type": "Feature", "properties": { "bus": "LOCL1Q", "gen_view_gCO2_per_kWh": 0.0, "dominant_carrier": "load_shedding" }, "geometry": { "type": "Polygon", "coordinates": [ [ [ -4.890436029915224, 57.053732453405651 ], [ -4.78308979315366, 57.156432791184656 ], [ -4.757718874922278, 57.100456045166553 ], [ -4.890436029915224, 57.053732453405651 ] ] ] } },
{ "type": "Feature", "properties": { "bus": "FAUG4J", "gen_view_gCO2_per_kWh": 0.0, "dominant_carrier": "large_hydro" }, "geometry": { "type": "Polygon", "coordinates": [ [ [ -4.78646033726189, 57.215848018515089 ], [ -4.694770130880114, 57.252730921071617 ], [ -4.623787401974731, 57.138642316730241 ], [ -4.646261693436967, 57.04476292213652 ], [ -4.677537969039654, 56.992054240504707 ], [ -4.757718874922278, 57.100456045166553 ], [ -4.78308979315366, 57.156432791184656 ], [ -4.78646033726189, 57.215848018515089 ] ] ] } },
{ "type": "Feature", "properties": { "bus": "STRL1-", "gen_view_gCO2_per_kWh": 0.0, "dominant_carrier": "wind_onshore" }, "geometry": { "type": "Polygon", "coordinates": [ [ [ -4.597987791025928, 57.146606398965929 ], [ -4.520976320306641, 57.192986978913282 ], [ -4.449264066316804, 57.175039136610998 ], [ -4.409413407929819, 57.069841222134734 ], [ -4.46809124110442, 57.07377422932376 ], [ -4.597987791025928, 57.146606398965929 ] ] ] } },
{ "type": "Feature", "properties": { "bus": "MILW1S", "gen_view_gCO2_per_kWh": 0.0, "dominant_carrier": "load_shedding" }, "geometry": { "type": "Polygon", "coordinates": [ [ [ -4.904201602829446, 57.101720369564845 ], [ -4.864772287341061, 57.239927842212261 ], [ -4.78646033726189, 57.215848018515089 ], [ -4.78308979315366, 57.156432791184656 ], [ -4.890436029915224, 57.053732453405651 ], [ -4.904201602829446, 57.101720369564845 ] ] ] } },
{ "type": "Feature", "properties": { "bus": "BHLA11", "gen_view_gCO2_per_kWh": 0.0, "dominant_carrier": "wind_onshore" }, "geometry": { "type": "Polygon", "coordinates": [ [ [ -4.694770130880114, 57.252730921071617 ], [ -4.655072196041405, 57.332165072232605 ], [ -4.574292906776886, 57.327200877483236 ], [ -4.520976320306641, 57.192986978913282 ], [ -4.623787401974731, 57.138642316730241 ], [ -4.694770130880114, 57.252730921071617 ] ] ] } },
{ "type": "Feature", "properties": { "bus": "QUOI1-", "gen_view_gCO2_per_kWh": 0.0, "dominant_carrier": "small_hydro" }, "geometry": { "type": "Polygon", "coordinates": [ [ [ -5.192295145993795, 57.45593616560511 ], [ -5.053558542381102, 57.175261344282738 ], [ -5.013135118722222, 56.954800953643485 ], [ -5.277222333666863, 56.919598473081393 ], [ -5.568976867544292, 56.939389520313533 ], [ -5.431440599369667, 57.577810350852367 ], [ -5.192295145993795, 57.45593616560511 ] ] ] } },
{ "type": "Feature", "properties": { "bus": "FOYE2J", "gen_view_gCO2_per_kWh": 0.0, "dominant_carrier": "small_hydro" }, "geometry": { "type": "Polygon", "coordinates": [ [ [ -4.574292906776886, 57.327200877483236 ], [ -4.492097770451961, 57.360702706085817 ], [ -4.46816205879547, 57.36016530294922 ], [ -4.417440286259056, 57.242426265452629 ], [ -4.449264066316804, 57.175039136610998 ], [ -4.520976320306641, 57.192986978913282 ], [ -4.574292906776886, 57.327200877483236 ] ] ] } },
{ "type": "Feature", "properties": { "bus": "CEAN1Q", "gen_view_gCO2_per_kWh": 0.0, "dominant_carrier": "large_hydro" }, "geometry": { "type": "Polygon", "coordinates": [ [ [ -5.192295145993795, 57.45593616560511 ], [ -5.083374774406493, 57.430675702873067 ], [ -4.864772287341061, 57.239927842212261 ], [ -4.904201602829446, 57.101720369564845 ], [ -5.053558542381102, 57.175261344282738 ], [ -5.192295145993795, 57.45593616560511 ] ] ] } },
{ "type": "Feature", "properties": { "bus": "TUMM2J", "gen_view_gCO2_per_kWh": 0.0, "dominant_carrier": "small_hydro" }, "geometry": { "type": "Polygon", "coordinates": [ [ [ -4.020400448072722, 56.904516264657858 ], [ -4.018864230728508, 56.566548428286772 ], [ -4.148713266312, 56.586875408416105 ], [ -4.020400448072722, 56.904516264657858 ] ] ] } },
{ "type": "Feature", "properties": { "bus": "TUMB1Q", "gen_view_gCO2_per_kWh": 0.0, "dominant_carrier": "load_shedding" }, "geometry": { "type": "Polygon", "coordinates": [ [ [ -4.012241532697498, 56.925724297039828 ], [ -3.994727227959618, 56.923537588565203 ], [ -3.994885847894121, 56.698085876099711 ], [ -4.016714283723947, 56.566159707365081 ], [ -4.012241532697498, 56.925724297039828 ] ] ] } },
{ "type": "Feature", "properties": { "bus": "KINA2J", "gen_view_gCO2_per_kWh": 0.0, "dominant_carrier": "small_hydro" }, "geometry": { "type": "Polygon", "coordinates": [ [ [ -3.994727227959618, 56.923537588565203 ], [ -3.853677389741113, 56.919822835150754 ], [ -3.768451467330042, 56.807018165971613 ], [ -3.804268157123209, 56.73840884912952 ], [ -3.994885847894121, 56.698085876099711 ], [ -3.994727227959618, 56.923537588565203 ] ] ] } },
{ "type": "Feature", "properties": { "bus": "ANSU1-", "gen_view_gCO2_per_kWh": 0.0, "dominant_carrier": "load_shedding" }, "geometry": { "type": "Polygon", "coordinates": [ [ [ -4.012241532697498, 56.925724297039828 ], [ -4.077652924289922, 56.959232660744433 ], [ -4.14969447002149, 57.151843821437197 ], [ -4.046396886124641, 57.226590621789477 ], [ -3.964164987644526, 57.238032170277599 ], [ -3.856856854276864, 57.225315764419932 ], [ -3.784340248272919, 57.067751746020406 ], [ -3.853677389741113, 56.919822835150754 ], [ -4.012241532697498, 56.925724297039828 ] ] ] } },
{ "type": "Feature", "properties": { "bus": "BOAG1L", "gen_view_gCO2_per_kWh": 0.0, "dominant_carrier": "load_shedding" }, "geometry": { "type": "Polygon", "coordinates": [ [ [ -3.856856854276864, 57.225315764419932 ], [ -3.800256486757415, 57.37048056120242 ], [ -3.5593396447289, 57.156414369147285 ], [ -3.784340248272919, 57.067751746020406 ], [ -3.856856854276864, 57.225315764419932 ] ] ] } },
{ "type": "Feature", "properties": { "bus": "GLKO1-", "gen_view_gCO2_per_kWh": 0.0, "dominant_carrier": "wind_onshore" }, "geometry": { "type": "Polygon", "coordinates": [ [ [ -3.964164987582533, 57.482290983741549 ], [ -3.795908013400206, 57.416067311672933 ], [ -3.800256486757415, 57.37048056120242 ], [ -3.856856854276864, 57.225315764419932 ], [ -3.964164987644526, 57.238032170277599 ], [ -3.964164987582533, 57.482290983741549 ] ] ] } },
{ "type": "Feature", "properties": { "bus": "TOMT2J", "gen_view_gCO2_per_kWh": 0.0, "dominant_carrier": "load_shedding" }, "geometry": { "type": "Polygon", "coordinates": [ [ [ -4.03315750936263, 57.523813330812629 ], [ -3.964164987582533, 57.482290983741549 ], [ -3.964164987644526, 57.238032170277599 ], [ -4.046396886124641, 57.226590621789477 ], [ -4.045654583872865, 57.499111303962536 ], [ -4.03315750936263, 57.523813330812629 ] ] ] } },
{ "type": "Feature", "properties": { "bus": "NAIR1Q", "gen_view_gCO2_per_kWh": 0.0, "dominant_carrier": "load_shedding" }, "geometry": { "type": "MultiPolygon", "coordinates": [ [ [ [ -4.043406946030202, 57.553393515381792 ], [ -4.006588156708291, 57.604673436697077 ], [ -3.931753035054826, 57.590381732460735 ], [ -3.853534744914752, 57.597078402454201 ], [ -3.710834254635714, 57.660074412542166 ], [ -3.687123081059784, 57.661031311639192 ], [ -3.748170013096299, 57.447227473957206 ], [ -3.795908013400206, 57.416067311672933 ], [ -3.964164987582533, 57.482290983741549 ], [ -4.03315750936263, 57.523813330812629 ], [ -4.043406946030202, 57.553393515381792 ] ] ], [ [ [ -3.868968341223631, 57.796345499778312 ], [ -3.837970057599195, 57.79844495742293 ], [ -3.90918419940279, 57.740334259837013 ], [ -3.868968341223631, 57.796345499778312 ] ] ] ] } },
{ "type": "Feature", "properties": { "bus": "CONN1C", "gen_view_gCO2_per_kWh": 0.0, "dominant_carrier": "load_shedding" }, "geometry": { "type": "MultiPolygon", "coordinates": [ [ [ [ -4.188729987695936, 57.840249297408612 ], [ -4.117743394769108, 57.900853989230662 ], [ -3.997728209893003, 57.887635775736818 ], [ -4.005102575056436, 57.857357493008436 ], [ -4.071160235171357, 57.862701323036134 ], [ -4.122256465271653, 57.84291124301015 ], [ -4.048344255150284, 57.820716582947163 ], [ -3.963953814987205, 57.849571282982268 ], [ -3.92602112664161, 57.841055447748246 ], [ -3.868968341223631, 57.796345499778312 ], [ -3.90918419940279, 57.740334259837013 ], [ -3.969128455071415, 57.691419782670643 ], [ -4.026937435175601, 57.686965432676558 ], [ -3.986475615110107, 57.674568592641684 ], [ -4.093610035332864, 57.605378682531409 ], [ -4.085053360309043, 57.573931799324576 ], [ -4.155167270482541, 57.609502502609338 ], [ -4.188729987713355, 57.764924597270664 ], [ -4.188729987695936, 57.840249297408612 ] ] ], [ [ [ -4.043406946030202, 57.553393515381792 ], [ -4.081544485320978, 57.585744932489291 ], [ -4.016299465195607, 57.606528062514215 ], [ -4.006588156708291, 57.604673436697077 ], [ -4.043406946030202, 57.553393515381792 ] ] ] ] } },
{ "type": "Feature", "properties": { "bus": "BROR1-", "gen_view_gCO2_per_kWh": 0.0, "dominant_carrier": "wind_onshore" }, "geometry": { "type": "MultiPolygon", "coordinates": [ [ [ [ -3.97041923650814, 57.987939401192484 ], [ -3.788786714960141, 58.211873916122066 ], [ -3.687928131076866, 58.204555350405563 ], [ -3.640572308945757, 58.114132151783345 ], [ -3.796214894596521, 58.05457687334129 ], [ -3.842621424701389, 58.003990543254496 ], [ -3.973163719955858, 57.966490317326887 ], [ -3.97041923650814, 57.987939401192484 ] ] ], [ [ [ -3.868968341223631, 57.796345499778312 ], [ -3.92602112664161, 57.841055447748246 ], [ -3.867649514827701, 57.827951102914419 ], [ -3.784388724661468, 57.870876422977098 ], [ -3.772491314649715, 57.851875572936571 ], [ -3.837970057599195, 57.79844495742293 ], [ -3.868968341223631, 57.796345499778312 ] ] ] ] } },
{ "type": "Feature", "properties": { "bus": "FASN3-", "gen_view_gCO2_per_kWh": 0.0, "dominant_carrier": "small_hydro" }, "geometry": { "type": "Polygon", "coordinates": [ [ [ -5.083374774406493, 57.430675702873067 ], [ -4.785972610494254, 57.471967398549801 ], [ -4.729027605666164, 57.457924978246595 ], [ -4.713093427043675, 57.445975551984553 ], [ -4.655072196041405, 57.332165072232605 ], [ -4.694770130880114, 57.252730921071617 ], [ -4.78646033726189, 57.215848018515089 ], [ -4.864772287341061, 57.239927842212261 ], [ -5.083374774406493, 57.430675702873067 ] ] ] } },
{ "type": "Feature", "properties": { "bus": "BROA1Q", "gen_view_gCO2_per_kWh": 0.0, "dominant_carrier": "small_hydro" }, "geometry": { "type": "MultiPolygon", "coordinates": [ [ [ [ -6.15997635206031, 57.40930631337617 ], [ -6.090740389170595, 57.406249792592284 ], [ -5.989754908900291, 57.582237122931218 ], [ -5.962074458844274, 57.585782692932391 ], [ -5.946993538822466, 57.566100222888863 ], [ -5.976645908915876, 57.479455832717989 ], [ -6.023855599028426, 57.431335852629502 ], [ -5.98543989899372, 57.332237492417917 ], [ -5.888787508810252, 57.318697652369572 ], [ -5.877124988792522, 57.306803422342703 ], [ -5.914543958876553, 57.280732482297118 ], [ -5.853133408754597, 57.286000632294893 ], [ -5.814850928690519, 57.261741382236956 ], [ -5.749990888552706, 57.28978565228055 ], [ -5.661447938348806, 57.365845922416952 ], [ -5.832776938696897, 57.328589462377856 ], [ -5.865723578750991, 57.352566692434067 ], [ -5.819542848625624, 57.436878742596733 ], [ -5.859435178702689, 57.438853432609442 ], [ -5.880461338730007, 57.472282352682427 ], [ -5.849197408625799, 57.577391682890379 ], [ -5.813345798550775, 57.589254282906658 ], [ -5.75586481844804, 57.565912742846244 ], [ -5.709561008354974, 57.572892842850173 ], [ -5.750270678418989, 57.610201492935289 ], [ -5.802887338520503, 57.613399902953567 ], [ -5.826959968557734, 57.637916483008915 ], [ -5.796350648473961, 57.697149363122676 ], [ -5.737993228349612, 57.722410393160878 ], [ -5.830816908528471, 57.730102623197531 ], [ -5.822976918463258, 57.857063073453709 ], [ -5.665294148143913, 57.882554503468953 ], [ -5.620408998038338, 57.928175553550702 ], [ -5.55383482791279, 57.917552413513569 ], [ -5.537754493669252, 57.898521032218639 ], [ -5.431440599369667, 57.577810350852367 ], [ -5.568976867544292, 56.939389520313533 ], [ -5.608644665490565, 56.875389102404824 ], [ -6.016459572473135, 56.646894566888299 ], [ -6.000274719311325, 56.671252151057701 ], [ -6.064194619427136, 56.688498241105734 ], [ -6.188869259672242, 56.682448711117154 ], [ -6.226340959737083, 56.701101821163007 ], [ -6.233402289739121, 56.727677241219503 ], [ -6.189855979640401, 56.758392791274829 ], [ -5.989189639243189, 56.774056871268179 ], [ -5.967202579194444, 56.787805901292259 ], [ -5.900251759077626, 56.760520721222647 ], [ -5.887205239025068, 56.820772231344449 ], [ -5.802274418845145, 56.857043881402177 ], [ -5.864972648957148, 56.876164451454223 ], [ -5.902703039037857, 56.858636331425672 ], [ -5.942978879095254, 56.904395401528156 ], [ -5.871322048938216, 56.945664301598796 ], [ -5.825141588818578, 57.014003651730086 ], [ -5.727143888626756, 57.020823591723804 ], [ -5.662497618520244, 56.982196941631024 ], [ -5.685385548542123, 57.030774261735566 ], [ -5.749931378669209, 57.023872061734835 ], [ -5.804151608757238, 57.060936821822281 ], [ -5.727258318582698, 57.120255111928039 ], [ -5.667147468460183, 57.135767111947182 ], [ -5.753898018613362, 57.167357622030352 ], [ -5.895807648938188, 57.05287414182466 ], [ -6.023152359203018, 57.013645701769839 ], [ -6.045813879229552, 57.054581191858915 ], [ -6.011599429135203, 57.118494071983655 ], [ -5.92815703895136, 57.167475992067224 ], [ -5.996948529086807, 57.164728382075886 ], [ -6.017175509112031, 57.19852519214966 ], [ -6.095927679300503, 57.118164052000303 ], [ -6.119546569339261, 57.136168092042261 ], [ -6.118786009317969, 57.183225612139168 ], [ -6.155545659388894, 57.186754252153996 ], [ -6.199404489498287, 57.131990412049895 ], [ -6.251143299603839, 57.123984182043863 ], [ -6.277840761161586, 57.148699997338085 ], [ -6.15997635206031, 57.40930631337617 ] ] ], [ [ [ -6.123740953098462, 57.489425272998069 ], [ -6.123379079204105, 57.483357692757508 ], [ -6.136370915615022, 57.461499557099202 ], [ -6.123740953098462, 57.489425272998069 ] ] ], [ [ [ -6.311158267148949, 56.481777892130431 ], [ -6.296916289956513, 56.518854050797664 ], [ -6.3221824700024, 56.526539130818328 ], [ -6.481047720346274, 56.453979910696141 ], [ -6.477624110334777, 56.464678700717826 ], [ -6.305694459951659, 56.567787910901032 ], [ -6.328627239977921, 56.609553580992156 ], [ -6.239200239800943, 56.614282830985211 ], [ -6.233522019779852, 56.636629851030534 ], [ -6.131179099570178, 56.659662491058889 ], [ -6.044852979415336, 56.632176300985407 ], [ -6.036240202319468, 56.635811681609759 ], [ -6.311158267148949, 56.481777892130431 ] ] ] ] } },
{ "type": "Feature", "properties": { "bus": "AIGA1Q", "gen_view_gCO2_per_kWh": 0.0, "dominant_carrier": "load_shedding" }, "geometry": { "type": "Polygon", "coordinates": [ [ [ -4.713093427043675, 57.445975551984553 ], [ -4.5750179565896, 57.501565135441481 ], [ -4.492097770451961, 57.360702706085817 ], [ -4.574292906776886, 57.327200877483236 ], [ -4.655072196041405, 57.332165072232605 ], [ -4.713093427043675, 57.445975551984553 ] ] ] } },
{ "type": "Feature", "properties": { "bus": "KIOR1Q", "gen_view_gCO2_per_kWh": 0.0, "dominant_carrier": "large_hydro" }, "geometry": { "type": "Polygon", "coordinates": [ [ [ -4.539289737693556, 57.541110054843521 ], [ -4.506177099348445, 57.496150318677934 ], [ -4.498929377739715, 57.377417979937 ], [ -4.5750179565896, 57.501565135441481 ], [ -4.539289737693556, 57.541110054843521 ] ] ] } },
{ "type": "Feature", "properties": { "bus": "ORRI1Q", "gen_view_gCO2_per_kWh": 0.0, "dominant_carrier": "large_hydro" }, "geometry": { "type": "Polygon", "coordinates": [ [ [ -4.729027605666164, 57.457924978246595 ], [ -4.603172332034361, 57.708810722143603 ], [ -4.514913467983773, 57.605158299889062 ], [ -4.539289737693556, 57.541110054843521 ], [ -4.5750179565896, 57.501565135441481 ], [ -4.713093427043675, 57.445975551984553 ], [ -4.729027605666164, 57.457924978246595 ] ] ] } },
{ "type": "Feature", "properties": { "bus": "LUIC1R", "gen_view_gCO2_per_kWh": 0.0, "dominant_carrier": "load_shedding" }, "geometry": { "type": "Polygon", "coordinates": [ [ [ -4.77493001428232, 57.608274831595764 ], [ -4.621667345787544, 57.763787858801983 ], [ -4.603172332034361, 57.708810722143603 ], [ -4.729027605666164, 57.457924978246595 ], [ -4.785972610494254, 57.471967398549801 ], [ -4.77493001428232, 57.608274831595764 ] ] ] } },
{ "type": "Feature", "properties": { "bus": "MOTA1Q", "gen_view_gCO2_per_kWh": 0.0, "dominant_carrier": "wind_onshore" }, "geometry": { "type": "Polygon", "coordinates": [ [ [ -4.603172332034361, 57.708810722143603 ], [ -4.630915041275801, 57.854976042243791 ], [ -4.39826477111157, 57.812560261080051 ], [ -4.398064178782668, 57.590117589908949 ], [ -4.514913467983773, 57.605158299889062 ], [ -4.603172332034361, 57.708810722143603 ] ] ] } },
{ "type": "Feature", "properties": { "bus": "SHIN1-", "gen_view_gCO2_per_kWh": 0.0, "dominant_carrier": "load_shedding" }, "geometry": { "type": "Polygon", "coordinates": [ [ [ -4.630915041275801, 57.854976042243791 ], [ -4.709508388710473, 57.962081433619403 ], [ -4.510081867952994, 57.987418011998528 ], [ -4.335920545479806, 57.964993807363442 ], [ -4.323342052667679, 57.85756047948135 ], [ -4.39826477111157, 57.812560261080051 ], [ -4.630915041275801, 57.854976042243791 ] ] ] } },
{ "type": "Feature", "properties": { "bus": "GRUB1R", "gen_view_gCO2_per_kWh": 0.0, "dominant_carrier": "small_hydro" }, "geometry": { "type": "Polygon", "coordinates": [ [ [ -5.431440599369667, 57.577810350852367 ], [ -5.537754493669252, 57.898521032218639 ], [ -5.511104867849949, 57.866980693401381 ], [ -5.483899197783801, 57.900535673462734 ], [ -5.404408697626488, 57.909629783462186 ], [ -5.414527937637621, 57.930567843506779 ], [ -5.38034451756879, 57.937733843513037 ], [ -5.361157237511552, 57.988378653610326 ], [ -5.394835707574678, 57.99307830362789 ], [ -5.441615587680186, 57.955152833562799 ], [ -5.518338887831199, 57.949445963569516 ], [ -5.533266897855668, 57.96098870359635 ], [ -5.51611045781086, 57.990185603651113 ], [ -5.470730567719004, 57.999676043659356 ], [ -5.481362377727132, 58.031639163726226 ], [ -5.443496617624693, 58.106104733866673 ], [ -5.361639787476716, 58.078932853792274 ], [ -5.310375407374493, 58.087371453796692 ], [ -5.35772586744987, 58.12840284389047 ], [ -5.321876327362681, 58.174660613974247 ], [ -5.410488817509457, 58.239945914126629 ], [ -5.39069729053506, 58.255861781484725 ], [ -4.77493001428232, 57.608274831595764 ], [ -4.785972610494254, 57.471967398549801 ], [ -5.083374774406493, 57.430675702873067 ], [ -5.192295145993795, 57.45593616560511 ], [ -5.431440599369667, 57.577810350852367 ] ] ] } },
{ "type": "Feature", "properties": { "bus": "CORI3J", "gen_view_gCO2_per_kWh": 0.0, "dominant_carrier": "wind_onshore" }, "geometry": { "type": "Polygon", "coordinates": [ [ [ -5.39069729053506, 58.255861781484725 ], [ -5.376422187432953, 58.267341474172916 ], [ -5.348545437383453, 58.255242874141821 ], [ -5.312971315943252, 58.262593892280393 ], [ -4.734254614827297, 57.984382129863107 ], [ -4.709508388710473, 57.962081433619403 ], [ -4.630915041275801, 57.854976042243791 ], [ -4.621667345787544, 57.763787858801983 ], [ -4.77493001428232, 57.608274831595764 ], [ -5.39069729053506, 58.255861781484725 ] ] ] } },
{ "type": "Feature", "properties": { "bus": "CLAY3-", "gen_view_gCO2_per_kWh": 299.951, "dominant_carrier": "waste_to_energy" }, "geometry": { "type": "Polygon", "coordinates": [ [ [ -2.122878490547612, 57.118215235423229 ], [ -2.121735478616254, 57.149664429879088 ], [ -2.086298746781065, 57.145755966803478 ], [ -2.082018268134731, 57.12720962400072 ], [ -2.122878490547612, 57.118215235423229 ] ] ] } },
{ "type": "Feature", "properties": { "bus": "WOHI1Q", "gen_view_gCO2_per_kWh": 0.0, "dominant_carrier": "load_shedding" }, "geometry": { "type": "Polygon", "coordinates": [ [ [ -2.173807353522707, 57.17666810119259 ], [ -2.121684165189067, 57.155975981187169 ], [ -2.125814484744629, 57.135766673296594 ], [ -2.191015435047199, 57.154677771450466 ], [ -2.194945676220855, 57.163844678159606 ], [ -2.173807353522707, 57.17666810119259 ] ] ] } },
{ "type": "Feature", "properties": { "bus": "KINT1-", "gen_view_gCO2_per_kWh": 0.0, "dominant_carrier": "wind_onshore" }, "geometry": { "type": "Polygon", "coordinates": [ [ [ -2.588806448981561, 57.234866408934224 ], [ -2.330941606815261, 57.352376576600903 ], [ -2.276545736044954, 57.334960191732108 ], [ -2.277584706174499, 57.201279373473554 ], [ -2.343590835720945, 57.090618409983293 ], [ -2.563908618886163, 57.066988531374754 ], [ -2.588806448981561, 57.234866408934224 ] ] ] } },
{ "type": "Feature", "properties": { "bus": "PERS3-", "gen_view_gCO2_per_kWh": 119.946, "dominant_carrier": "landfill_gas" }, "geometry": { "type": "Polygon", "coordinates": [ [ [ -2.031789155217012, 57.338865828975727 ], [ -2.121684165189067, 57.155975981187169 ], [ -2.173807353522707, 57.17666810119259 ], [ -2.031789155217012, 57.338865828975727 ] ] ] } },
{ "type": "Feature", "properties": { "bus": "WIOW1R", "gen_view_gCO2_per_kWh": 0.0, "dominant_carrier": "load_shedding" }, "geometry": { "type": "Polygon", "coordinates": [ [ [ -2.020081977183899, 57.355918471973425 ], [ -2.086298746781065, 57.145755966803478 ], [ -2.121735478616254, 57.149664429879088 ], [ -2.031789155217012, 57.338865828975727 ], [ -2.020081977183899, 57.355918471973425 ] ] ] } },
{ "type": "Feature", "properties": { "bus": "DYCE1Q", "gen_view_gCO2_per_kWh": 0.0, "dominant_carrier": "wind_onshore" }, "geometry": { "type": "Polygon", "coordinates": [ [ [ -2.205897345121838, 57.361250786980406 ], [ -2.014099062695468, 57.36583773157686 ], [ -2.173807353522707, 57.17666810119259 ], [ -2.194945676220855, 57.163844678159606 ], [ -2.277584706174499, 57.201279373473554 ], [ -2.276545736044954, 57.334960191732108 ], [ -2.205897345121838, 57.361250786980406 ] ] ] } },
{ "type": "Feature", "properties": { "bus": "ROTI4J", "gen_view_gCO2_per_kWh": 0.0, "dominant_carrier": "wind_onshore" }, "geometry": { "type": "Polygon", "coordinates": [ [ [ -2.667392196781488, 57.333072106755665 ], [ -2.55894392519447, 57.526699473278008 ], [ -2.415039885028075, 57.54211320520966 ], [ -2.330941606815261, 57.352376576600903 ], [ -2.588806448981561, 57.234866408934224 ], [ -2.667392196781488, 57.333072106755665 ] ] ] } },
{ "type": "Feature", "properties": { "bus": "INRU1R", "gen_view_gCO2_per_kWh": 0.0, "dominant_carrier": "load_shedding" }, "geometry": { "type": "Polygon", "coordinates": [ [ [ -1.990182069256615, 57.402498692065706 ], [ -1.925507779531268, 57.514882134152984 ], [ -1.793818451159342, 57.555739592429383 ], [ -1.815580870484792, 57.496512684104744 ], [ -1.977933852422492, 57.351905818390712 ], [ -1.999649805166925, 57.365745135492077 ], [ -1.990182069256615, 57.402498692065706 ] ] ] } },
{ "type": "Feature", "properties": { "bus": "MORO21", "gen_view_gCO2_per_kWh": 0.0, "dominant_carrier": "wind_onshore" }, "geometry": { "type": "Polygon", "coordinates": [ [ [ -2.288320403320391, 57.697006774454202 ], [ -2.205897345121838, 57.361250786980406 ], [ -2.276545736044954, 57.334960191732108 ], [ -2.330941606815261, 57.352376576600903 ], [ -2.415039885028075, 57.54211320520966 ], [ -2.288320403320391, 57.697006774454202 ] ] ] } },
{ "type": "Feature", "properties": { "bus": "STRI1Q", "gen_view_gCO2_per_kWh": 0.0, "dominant_carrier": "wind_onshore" }, "geometry": { "type": "Polygon", "coordinates": [ [ [ -1.999649805166925, 57.365745135492077 ], [ -2.021797057748644, 57.368117554019605 ], [ -2.210589715290216, 57.681141516972481 ], [ -2.189529402137661, 57.676842992164907 ], [ -2.160275993984421, 57.688377424560102 ], [ -2.021406758621386, 57.624468697227634 ], [ -1.990182069256615, 57.402498692065706 ], [ -1.999649805166925, 57.365745135492077 ] ] ] } },
{ "type": "Feature", "properties": { "bus": "NEDE4J", "gen_view_gCO2_per_kWh": 36.306, "dominant_carrier": "wind_onshore" }, "geometry": { "type": "Polygon", "coordinates": [ [ [ -2.021797057748644, 57.368117554019605 ], [ -2.205897345121838, 57.361250786980406 ], [ -2.28389868071941, 57.69610427674894 ], [ -2.210589715290216, 57.681141516972481 ], [ -2.021797057748644, 57.368117554019605 ] ] ] } },
{ "type": "Feature", "properties": { "bus": "LUMB1Q", "gen_view_gCO2_per_kWh": 0.0, "dominant_carrier": "wind_onshore" }, "geometry": { "type": "Polygon", "coordinates": [ [ [ -2.021406758621386, 57.624468697227634 ], [ -1.93976634075762, 57.681836602732638 ], [ -1.895320767425485, 57.662346657740272 ], [ -1.925507779531268, 57.514882134152984 ], [ -1.990182069256615, 57.402498692065706 ], [ -2.021406758621386, 57.624468697227634 ] ] ] } },
{ "type": "Feature", "properties": { "bus": "SFEE1A", "gen_view_gCO2_per_kWh": 0.0, "dominant_carrier": "wind_onshore" }, "geometry": { "type": "Polygon", "coordinates": [ [ [ -1.901613498767459, 57.608363980889763 ], [ -1.848484849549401, 57.58194459022517 ], [ -1.840571905013353, 57.569263589356396 ], [ -1.91902978904214, 57.534012793582562 ], [ -1.901613498767459, 57.608363980889763 ] ] ] } },
{ "type": "Feature", "properties": { "bus": "MACD3-", "gen_view_gCO2_per_kWh": 0.0, "dominant_carrier": "wind_onshore" }, "geometry": { "type": "Polygon", "coordinates": [ [ [ -2.415039885028075, 57.54211320520966 ], [ -2.55894392519447, 57.526699473278008 ], [ -2.641881266998353, 57.685844122688337 ], [ -2.538436932684128, 57.674058242256265 ], [ -2.391664582453565, 57.672954412213628 ], [ -2.288320403320391, 57.697006774454202 ], [ -2.415039885028075, 57.54211320520966 ] ] ] } },
{ "type": "Feature", "properties": { "bus": "DUBE1Q", "gen_view_gCO2_per_kWh": 0.0, "dominant_carrier": "wind_onshore" }, "geometry": { "type": "Polygon", "coordinates": [ [ [ -3.628759637353308, 58.357278888594585 ], [ -3.415885202611338, 58.348519992550607 ], [ -3.260969843410911, 58.290952755631331 ], [ -3.383002993783785, 58.262321313632071 ], [ -3.509008664045625, 58.164473833477381 ], [ -3.640572308945757, 58.114132151783345 ], [ -3.687928131076866, 58.204555350405563 ], [ -3.628759637353308, 58.357278888594585 ] ] ] } },
{ "type": "Feature", "properties": { "bus": "MYBS1Q", "gen_view_gCO2_per_kWh": 0.0, "dominant_carrier": "wind_onshore" }, "geometry": { "type": "Polygon", "coordinates": [ [ [ -3.629322453083775, 58.396079288895578 ], [ -3.355001000271961, 58.584634882883989 ], [ -3.415885202611338, 58.348519992550607 ], [ -3.628759637353308, 58.357278888594585 ], [ -3.629322453083775, 58.396079288895578 ] ] ] } },
{ "type": "Feature", "properties": { "bus": "THUS3-", "gen_view_gCO2_per_kWh": 0.0, "dominant_carrier": "wind_onshore" }, "geometry": { "type": "Polygon", "coordinates": [ [ [ -3.629322453083775, 58.396079288895578 ], [ -3.632109953432776, 58.530417063289484 ], [ -3.44837487936493, 58.613640608846623 ], [ -3.371724913615123, 58.599743434279702 ], [ -3.357623983584818, 58.613695784302315 ], [ -3.406567846166852, 58.632577273768206 ], [ -3.339888942447763, 58.662779753123388 ], [ -3.30681647348222, 58.648950754354836 ], [ -3.290912905537936, 58.650151363034787 ], [ -3.355001000271961, 58.584634882883989 ], [ -3.629322453083775, 58.396079288895578 ] ] ] } },
{ "type": "Feature", "properties": { "bus": "THUS1K", "gen_view_gCO2_per_kWh": 0.0, "dominant_carrier": "tidal_stream" }, "geometry": { "type": "MultiPolygon", "coordinates": [ [ [ [ -3.639778137846173, 58.623968112944482 ], [ -3.538700143893992, 58.626634704380244 ], [ -3.526187333882409, 58.60214269432953 ], [ -3.44837487936493, 58.613640608846623 ], [ -3.632109953432776, 58.530417063289484 ], [ -3.639778137846173, 58.623968112944482 ] ] ], [ [ [ -3.116899978474682, 58.819148056021916 ], [ -3.173280083200575, 58.773584074552652 ], [ -3.292318623405269, 58.772810804587095 ], [ -3.378947353529586, 58.835324614732244 ], [ -3.389137573535574, 58.864378464790612 ], [ -3.443468943624591, 58.878559464834012 ], [ -3.419517683567233, 58.917684184901191 ], [ -3.340096053414717, 58.953725774945426 ], [ -3.374913493457875, 58.998055865040023 ], [ -3.348156453356423, 59.140949315301462 ], [ -3.237211249490732, 59.156469340058891 ], [ -3.116899978474682, 58.819148056021916 ] ] ], [ [ [ -3.406567846166852, 58.632577273768206 ], [ -3.421931223685596, 58.638504134368809 ], [ -3.40573517364552, 58.666977464418636 ], [ -3.366886093575258, 58.674068404420751 ], [ -3.339888942447763, 58.662779753123388 ], [ -3.406567846166852, 58.632577273768206 ] ] ] ] } },
{ "type": "Feature", "properties": { "bus": "MOSS1R", "gen_view_gCO2_per_kWh": 0.0, "dominant_carrier": "wind_onshore" }, "geometry": { "type": "Polygon", "coordinates": [ [ [ -2.7889921085927, 57.702605125606169 ], [ -2.641881266998353, 57.685844122688337 ], [ -2.55894392519447, 57.526699473278008 ], [ -2.667392196781488, 57.333072106755665 ], [ -2.817869005976103, 57.562621127102624 ], [ -2.823483713089169, 57.633705281662884 ], [ -2.7889921085927, 57.702605125606169 ] ] ] } },
{ "type": "Feature", "properties": { "bus": "MORF4-", "gen_view_gCO2_per_kWh": 0.0, "dominant_carrier": "load_shedding" }, "geometry": { "type": "Polygon", "coordinates": [ [ [ -2.823483713089169, 57.633705281662884 ], [ -2.983298984255498, 57.598682206711025 ], [ -3.137276074086645, 57.59344371669625 ], [ -3.140715633300415, 57.687409717088578 ], [ -3.030781273482474, 57.669103362380532 ], [ -2.857841803177567, 57.710449482414312 ], [ -2.7889921085927, 57.702605125606169 ], [ -2.823483713089169, 57.633705281662884 ] ] ] } },
{ "type": "Feature", "properties": { "bus": "SPIT2R", "gen_view_gCO2_per_kWh": 0.0, "dominant_carrier": "wind_onshore" }, "geometry": { "type": "MultiPolygon", "coordinates": [ [ [ [ -3.290912905537936, 58.650151363034787 ], [ -3.149666533203742, 58.67101345435016 ], [ -3.11474976313177, 58.70037742439564 ], [ -3.082981653099313, 58.650560384291147 ], [ -3.017621472992771, 58.641636834254477 ], [ -3.06135760310177, 58.561456624114548 ], [ -3.124478453228883, 58.515464834045225 ], [ -3.113044243224775, 58.48129759397635 ], [ -3.040723433105109, 58.476185833945195 ], [ -3.101296893255905, 58.36889334375703 ], [ -3.214598993478315, 58.301832293660517 ], [ -3.260969843410911, 58.290952755631331 ], [ -3.415885202611338, 58.348519992550607 ], [ -3.355001000271961, 58.584634882883989 ], [ -3.290912905537936, 58.650151363034787 ] ] ], [ [ [ -3.116899978474682, 58.819148056021916 ], [ -3.099525496275319, 58.79327333573211 ], [ -3.162002416132575, 58.776594720285395 ], [ -3.116899978474682, 58.819148056021916 ] ] ], [ [ [ -3.062644582045102, 58.73834891675974 ], [ -3.073847523047189, 58.735891784450871 ], [ -3.06604681303266, 58.738956424454351 ], [ -3.062644582045102, 58.73834891675974 ] ] ] ] } },
{ "type": "Feature", "properties": { "bus": "Central DC Substation", "gen_view_gCO2_per_kWh": 4.579, "dominant_carrier": "wind_onshore" }, "geometry": { "type": "MultiPolygon", "coordinates": [ [ [ [ -3.063253556552422, 58.739255824077027 ], [ -3.053975433011658, 58.740250314453128 ], [ -3.062644582045102, 58.73834891675974 ], [ -3.063253556552422, 58.739255824077027 ] ] ], [ [ [ -3.099525496275319, 58.79327333573211 ], [ -3.237211249490732, 59.156469340058891 ], [ -3.140434152992765, 59.151541665256417 ], [ -3.078094382865635, 59.204434845335705 ], [ -3.02918237279013, 59.183247975280629 ], [ -2.970153182685919, 59.192960015279979 ], [ -2.905522762583594, 59.174408805224687 ], [ -2.938721342671381, 59.093667925084326 ], [ -2.859884492550795, 59.062769945001534 ], [ -2.812052242459051, 59.091451065039962 ], [ -2.791214702427592, 59.082934315017404 ], [ -2.798658562462314, 59.027839554916667 ], [ -2.829937662519936, 59.014838754902165 ], [ -2.888654512617217, 59.017988134926611 ], [ -2.902364472649211, 58.995995864889629 ], [ -2.880295842614415, 58.990298104871989 ], [ -2.908501912670815, 58.9683537048396 ], [ -2.796823712472294, 58.995907544856209 ], [ -2.784103562464048, 58.964403904793102 ], [ -2.829099332542198, 58.957125684793589 ], [ -2.818274362527904, 58.94792267477289 ], [ -2.704313512326327, 58.976677594790914 ], [ -2.702672522344772, 58.926032544695389 ], [ -2.657820632281402, 58.900635514633599 ], [ -2.687969472336288, 58.888558094620393 ], [ -2.741757132412966, 58.917932164692481 ], [ -2.787548922494309, 58.905550524683562 ], [ -2.871705062672709, 58.815775294540458 ], [ -2.916283042755907, 58.795781394516389 ], [ -2.91072172277325, 58.733567184396776 ], [ -2.960360652859942, 58.725697604396998 ], [ -3.028998972938983, 58.812100844581835 ], [ -3.099525496275319, 58.79327333573211 ] ] ], [ [ [ -2.938582802837488, 58.693081234328446 ], [ -2.913908022795328, 58.694953594324495 ], [ -2.902982242787477, 58.67108118427587 ], [ -2.922503752819804, 58.671838264283195 ], [ -2.938582802837488, 58.693081234328446 ] ] ], [ [ [ -2.575352282092564, 59.027243344844408 ], [ -2.576583812089977, 59.038373824865594 ], [ -2.561886982067361, 59.034711484853993 ], [ -2.575352282092564, 59.027243344844408 ] ] ], [ [ [ -2.524060351896304, 59.306190465345338 ], [ -2.539805451935544, 59.271951015287293 ], [ -2.421421281723724, 59.31750408533221 ], [ -2.364774321646394, 59.279641065243716 ], [ -2.47040935182023, 59.275513405271056 ], [ -2.510488401899496, 59.241051375220586 ], [ -2.504752771898219, 59.220529155180735 ], [ -2.553690671973053, 59.234633825222858 ], [ -2.58802631203648, 59.21733710520207 ], [ -2.62395122208879, 59.235332815247112 ], [ -2.663346112166265, 59.204356955202471 ], [ -2.630656992126144, 59.168888225126011 ], [ -2.573445922036032, 59.158091655087432 ], [ -2.593492432083379, 59.122541355027806 ], [ -2.531687691980763, 59.125023645012433 ], [ -2.53943127201511, 59.072059024916392 ], [ -2.609074082130725, 59.06928954493366 ], [ -2.63824975216517, 59.102986505005852 ], [ -2.644973902188064, 59.073994904953977 ], [ -2.692654702267109, 59.073796464968879 ], [ -2.697624292244455, 59.150682175113822 ], [ -2.83611008248916, 59.117149295095651 ], [ -2.811067432432874, 59.153224155155002 ], [ -2.870611272509971, 59.212321745284221 ], [ -2.914526222579033, 59.225679565323198 ], [ -2.887362872523672, 59.250304795360279 ], [ -2.94888885261561, 59.2827947754405 ], [ -2.983736432690332, 59.241864475375507 ], [ -3.078093782816755, 59.335303805579656 ], [ -3.004679342691253, 59.334773085555042 ], [ -2.982931432645816, 59.357356685589963 ], [ -2.9108552225211, 59.363063645577142 ], [ -2.875310612451165, 59.389354375614197 ], [ -2.85665075243444, 59.349302845534027 ], [ -2.892786702513485, 59.301380455456929 ], [ -2.810781602394409, 59.250852805336599 ], [ -2.750929002292521, 59.254868995324607 ], [ -2.6742690221733, 59.232684095258577 ], [ -2.607082372045849, 59.273824375312856 ], [ -2.621566482055459, 59.311054985386392 ], [ -2.584949631999366, 59.299321605352709 ], [ -2.524060351896304, 59.306190465345338 ] ] ], [ [ [ -2.449290761755592, 59.352805675406401 ], [ -2.439834781726477, 59.388364685468531 ], [ -2.372098931613527, 59.394587675457302 ], [ -2.365027341607157, 59.381215985430472 ], [ -2.402865551671539, 59.374079685429997 ], [ -2.393900541664709, 59.353894375389928 ], [ -2.449290761755592, 59.352805675406401 ] ] ] ] } },
{ "type": "Feature", "properties": { "bus": "INNE3-", "gen_view_gCO2_per_kWh": 0.0, "dominant_carrier": "load_shedding" }, "geometry": { "type": "Polygon", "coordinates": [ [ [ -4.327516595178121, 57.397614460618982 ], [ -4.287816822049873, 57.465656835327074 ], [ -4.273663730093823, 57.489119399512859 ], [ -4.227337076593161, 57.457639601216258 ], [ -4.247644238625548, 57.339963634547061 ], [ -4.284397290762622, 57.35875648336674 ], [ -4.327516595178121, 57.397614460618982 ] ] ] } },
{ "type": "Feature", "properties": { "bus": "BEAU10", "gen_view_gCO2_per_kWh": 0.0, "dominant_carrier": "load_shedding" }, "geometry": { "type": "Polygon", "coordinates": [ [ [ -4.492097770451961, 57.360702706085817 ], [ -4.506177099348445, 57.496150318677934 ], [ -4.397969987978051, 57.440343250508725 ], [ -4.393094607247193, 57.414664607882862 ], [ -4.46816205879547, 57.36016530294922 ], [ -4.492097770451961, 57.360702706085817 ] ] ] } },
{ "type": "Feature", "properties": { "bus": "KNOC1J", "gen_view_gCO2_per_kWh": 0.0, "dominant_carrier": "load_shedding" }, "geometry": { "type": "Polygon", "coordinates": [ [ [ -4.227337076593161, 57.457639601216258 ], [ -4.205323475273722, 57.467897850842462 ], [ -4.238016045013735, 57.390752794229975 ], [ -4.227337076593161, 57.457639601216258 ] ] ] } },
{ "type": "Feature", "properties": { "bus": "SLKB1K", "gen_view_gCO2_per_kWh": 0.0, "dominant_carrier": "load_shedding" }, "geometry": { "type": "Polygon", "coordinates": [ [ [ -4.247644238625548, 57.339963634547061 ], [ -4.205323475273722, 57.467897850842462 ], [ -4.04973079223251, 57.556011694951536 ], [ -4.03315750936263, 57.523813330812629 ], [ -4.045654583872865, 57.499111303962536 ], [ -4.225321709974012, 57.32454881080546 ], [ -4.247644238625548, 57.339963634547061 ] ] ] } },
{ "type": "Feature", "properties": { "bus": "DEAN1Q", "gen_view_gCO2_per_kWh": 0.0, "dominant_carrier": "load_shedding" }, "geometry": { "type": "Polygon", "coordinates": [ [ [ -4.393094607247193, 57.414664607882862 ], [ -4.397969987945789, 57.575810001274206 ], [ -4.287816822049873, 57.465656835327074 ], [ -4.327516595178121, 57.397614460618982 ], [ -4.393094607247193, 57.414664607882862 ] ] ] } },
{ "type": "Feature", "properties": { "bus": "CULL1Q", "gen_view_gCO2_per_kWh": 0.0, "dominant_carrier": "load_shedding" }, "geometry": { "type": "Polygon", "coordinates": [ [ [ -4.539289737693556, 57.541110054843521 ], [ -4.514913467983773, 57.605158299889062 ], [ -4.398064178782668, 57.590117589908949 ], [ -4.397969987978051, 57.440343250508725 ], [ -4.506177099348445, 57.496150318677934 ], [ -4.539289737693556, 57.541110054843521 ] ] ] } },
{ "type": "Feature", "properties": { "bus": "GLEN5-", "gen_view_gCO2_per_kWh": 119.888, "dominant_carrier": "biogas" }, "geometry": { "type": "Polygon", "coordinates": [ [ [ -4.243582776447289, 57.591883266461522 ], [ -4.155167270482541, 57.609502502609338 ], [ -4.084270825332931, 57.571055882460769 ], [ -4.161821435474535, 57.562773642463625 ], [ -4.225753245618848, 57.499800982353825 ], [ -4.169396455521179, 57.494394882329146 ], [ -4.152852335479484, 57.519672342375451 ], [ -4.04973079223251, 57.556011694951536 ], [ -4.227337076593161, 57.457639601216258 ], [ -4.273663730093823, 57.489119399512859 ], [ -4.243582776447289, 57.591883266461522 ] ] ] } },
{ "type": "Feature", "properties": { "bus": "DEAN5-", "gen_view_gCO2_per_kWh": 0.0, "dominant_carrier": "load_shedding" }, "geometry": { "type": "Polygon", "coordinates": [ [ [ -4.398064178782668, 57.590117589908949 ], [ -4.286119094271443, 57.601570991161211 ], [ -4.243582776447289, 57.591883266461522 ], [ -4.287816822049873, 57.465656835327074 ], [ -4.397969987945789, 57.575810001274206 ], [ -4.398064178782668, 57.590117589908949 ] ] ] } },
{ "type": "Feature", "properties": { "bus": "ALNE1Q", "gen_view_gCO2_per_kWh": 0.0, "dominant_carrier": "solar_pv" }, "geometry": { "type": "Polygon", "coordinates": [ [ [ -4.309056932604912, 57.717724689817651 ], [ -4.188729987713355, 57.764924597270664 ], [ -4.155167270482541, 57.609502502609338 ], [ -4.243582776447289, 57.591883266461522 ], [ -4.286119094271443, 57.601570991161211 ], [ -4.309056932604912, 57.717724689817651 ] ] ] } },
{ "type": "Feature", "properties": { "bus": "FYRI1J", "gen_view_gCO2_per_kWh": 0.0, "dominant_carrier": "small_hydro" }, "geometry": { "type": "Polygon", "coordinates": [ [ [ -4.391599358019525, 57.792100318349988 ], [ -4.309056932604912, 57.717724689817651 ], [ -4.286119094271443, 57.601570991161211 ], [ -4.394130255632657, 57.592647512210739 ], [ -4.391599358019525, 57.792100318349988 ] ] ] } },
{ "type": "Feature", "properties": { "bus": "STRW1-", "gen_view_gCO2_per_kWh": 0.0, "dominant_carrier": "wind_onshore" }, "geometry": { "type": "Polygon", "coordinates": [ [ [ -4.39826477111157, 57.812560261080051 ], [ -4.323342052667679, 57.85756047948135 ], [ -4.188729987695936, 57.840249297408612 ], [ -4.188729987713355, 57.764924597270664 ], [ -4.309056932604912, 57.717724689817651 ], [ -4.391599358019525, 57.792100318349988 ], [ -4.39826477111157, 57.812560261080051 ] ] ] } },
{ "type": "Feature", "properties": { "bus": "LOCB1M", "gen_view_gCO2_per_kWh": 0.0, "dominant_carrier": "load_shedding" }, "geometry": { "type": "Polygon", "coordinates": [ [ [ -4.231384856766141, 58.169131217969166 ], [ -4.117743394769108, 57.900853989230662 ], [ -4.188729987695936, 57.840249297408612 ], [ -4.323342052667679, 57.85756047948135 ], [ -4.335920545479806, 57.964993807363442 ], [ -4.284472683779816, 58.091568060124622 ], [ -4.231384856766141, 58.169131217969166 ] ] ] } },
{ "type": "Feature", "properties": { "bus": "LAIR1-", "gen_view_gCO2_per_kWh": 0.0, "dominant_carrier": "wind_onshore" }, "geometry": { "type": "Polygon", "coordinates": [ [ [ -4.335920545479806, 57.964993807363442 ], [ -4.510081867952994, 57.987418011998528 ], [ -4.284472683779816, 58.091568060124622 ], [ -4.335920545479806, 57.964993807363442 ] ] ] } },
{ "type": "Feature", "properties": { "bus": "DLCH1B", "gen_view_gCO2_per_kWh": 0.0, "dominant_carrier": "load_shedding" }, "geometry": { "type": "Polygon", "coordinates": [ [ [ -4.231384856766141, 58.169131217969166 ], [ -4.284472683779816, 58.091568060124622 ], [ -4.510081867952994, 57.987418011998528 ], [ -4.709508388710473, 57.962081433619403 ], [ -4.734254614827297, 57.984382129863107 ], [ -4.225761505615892, 58.279560267808392 ], [ -4.231384856766141, 58.169131217969166 ] ] ] } },
{ "type": "Feature", "properties": { "bus": "STRB2-", "gen_view_gCO2_per_kWh": 0.0, "dominant_carrier": "wind_onshore" }, "geometry": { "type": "Polygon", "coordinates": [ [ [ -4.225761505615892, 58.279560267808392 ], [ -4.192776024649118, 58.364928069707624 ], [ -4.131450098116545, 58.33041499269607 ], [ -3.97041923650814, 57.987939401192484 ], [ -3.997728209893003, 57.887635775736818 ], [ -4.117743394769108, 57.900853989230662 ], [ -4.231384856766141, 58.169131217969166 ], [ -4.225761505615892, 58.279560267808392 ] ] ] } },
{ "type": "Feature", "properties": { "bus": "GORW3-", "gen_view_gCO2_per_kWh": 0.0, "dominant_carrier": "wind_onshore" }, "geometry": { "type": "Polygon", "coordinates": [ [ [ -4.131450098116545, 58.33041499269607 ], [ -3.788786714960141, 58.211873916122066 ], [ -3.97041923650814, 57.987939401192484 ], [ -4.131450098116545, 58.33041499269607 ] ] ] } },
{ "type": "Feature", "properties": { "bus": "CONN1J", "gen_view_gCO2_per_kWh": 0.0, "dominant_carrier": "load_shedding" }, "geometry": { "type": "Polygon", "coordinates": [ [ [ -4.192776024649118, 58.364928069707624 ], [ -4.242462894519893, 58.534467021042261 ], [ -4.138431860568452, 58.569721026423274 ], [ -3.630820875467907, 58.385741017454158 ], [ -3.628759637353308, 58.357278888594585 ], [ -3.687928131076866, 58.204555350405563 ], [ -3.788786714960141, 58.211873916122066 ], [ -4.131450098116545, 58.33041499269607 ], [ -4.192776024649118, 58.364928069707624 ] ] ] } },
{ "type": "Feature", "properties": { "bus": "CONN2J", "gen_view_gCO2_per_kWh": 0.0, "dominant_carrier": "wind_onshore" }, "geometry": { "type": "Polygon", "coordinates": [ [ [ -3.63384467916299, 58.415661902103025 ], [ -3.630820875467907, 58.385741017454158 ], [ -4.138431860568452, 58.569721026423274 ], [ -4.074358444870766, 58.569597584423519 ], [ -4.023792154764725, 58.605905304479698 ], [ -3.996337034728561, 58.572872844407897 ], [ -3.823943511094148, 58.571721987647294 ], [ -3.63384467916299, 58.415661902103025 ] ] ] } },
{ "type": "Feature", "properties": { "bus": "EDIN3-", "gen_view_gCO2_per_kWh": 0.0, "dominant_carrier": "wind_onshore" }, "geometry": { "type": "MultiPolygon", "coordinates": [ [ [ [ -6.509588468787828, 57.583984590856666 ], [ -6.511251139945953, 57.573385113024528 ], [ -6.513228197351794, 57.574561034483523 ], [ -6.509588468787828, 57.583984590856666 ] ] ], [ [ [ -6.385298094812124, 57.90578258354288 ], [ -6.337693479469747, 57.912357943681926 ], [ -6.317765909434137, 57.899527553651367 ], [ -6.353298369514169, 57.87687067361292 ], [ -6.390387002534325, 57.892606983232156 ], [ -6.385298094812124, 57.90578258354288 ] ] ], [ [ [ -6.262292953154965, 58.22425300413569 ], [ -6.157441788979583, 58.268260624362789 ], [ -6.130984638929158, 58.259727994339435 ], [ -6.150256858981958, 58.219671714263079 ], [ -6.225947049148963, 58.179108064198594 ], [ -6.278444198917943, 58.18243610150909 ], [ -6.262292953154965, 58.22425300413569 ] ] ], [ [ [ -6.206610206513304, 58.368420211326658 ], [ -6.158051928955476, 58.342180704511783 ], [ -6.229685498906266, 58.308676382940796 ], [ -6.206610206513304, 58.368420211326658 ] ] ], [ [ [ -6.173503741290403, 58.454135570554186 ], [ -6.163522128940561, 58.419182774667782 ], [ -6.206382624199814, 58.369009440639523 ], [ -6.173503741290403, 58.454135570554186 ] ] ], [ [ [ -6.123740953098462, 57.489425272998069 ], [ -6.167203419320573, 57.409625362615408 ], [ -6.277840761161586, 57.148699997338085 ], [ -6.331268679747926, 57.159618042133687 ], [ -6.292735029656979, 57.194739652198479 ], [ -6.347820349772052, 57.181052652181314 ], [ -6.372199021115092, 57.194943735219553 ], [ -6.517169851851576, 57.536960666317398 ], [ -6.452412709850699, 57.511417002884663 ], [ -6.377501009674036, 57.579109973008237 ], [ -6.402708339722897, 57.583958523023497 ], [ -6.439977739759574, 57.686231573241443 ], [ -6.379868249645945, 57.665722533186553 ], [ -6.361973369593547, 57.709256523272003 ], [ -6.328717719528016, 57.70544957325702 ], [ -6.295502179451373, 57.731679343303561 ], [ -6.285191209444514, 57.694968473226183 ], [ -6.218453229319662, 57.671714583164089 ], [ -6.129634839174964, 57.58824872297393 ], [ -6.123740953098462, 57.489425272998069 ] ] ] ] } },
{ "type": "Feature", "properties": { "bus": "ARMO3-", "gen_view_gCO2_per_kWh": 18.077, "dominant_carrier": "wind_onshore" }, "geometry": { "type": "MultiPolygon", "coordinates": [ [ [ [ -6.173503741290403, 58.454135570554186 ], [ -6.229685498906266, 58.308676382940796 ], [ -6.273490829207777, 58.288187834429877 ], [ -6.279383669227009, 58.266840584388156 ], [ -6.319665099310164, 58.263060804389788 ], [ -6.337927559357873, 58.232032334331258 ], [ -6.28909243926514, 58.213004854281607 ], [ -6.262292953154965, 58.22425300413569 ], [ -6.278444198917943, 58.18243610150909 ], [ -6.322421469342376, 58.185224024233015 ], [ -6.362675099429882, 58.168759354208795 ], [ -6.361204459479883, 58.01697334390024 ], [ -6.440396759655283, 57.975839373834027 ], [ -6.467897889725732, 57.934919593756568 ], [ -6.660197930131472, 57.898262853723175 ], [ -6.634705790093315, 57.858170503635598 ], [ -6.705095050241924, 57.845866123625314 ], [ -6.778730490408012, 57.803727943554279 ], [ -6.89129963065252, 57.768122013504417 ], [ -7.01206531093038, 57.687678423363074 ], [ -7.048971871006028, 57.690348293376069 ], [ -7.035616680990466, 57.655281883300837 ], [ -7.126373411212973, 57.557394763116164 ], [ -7.180422601381654, 57.397462222794324 ], [ -7.207146481443696, 57.378994802760978 ], [ -7.211224811470147, 57.328697952656974 ], [ -7.185970661429343, 57.296729092585515 ], [ -7.252902521591932, 57.230709382460304 ], [ -7.247602111609641, 57.152117122295024 ], [ -7.204261341532966, 57.117285472214199 ], [ -7.221557801580887, 57.084377942148549 ], [ -7.270269701686351, 57.071279122130044 ], [ -7.348882141887217, 56.968186701928097 ], [ -7.399357641988935, 56.975756721953012 ], [ -7.439387902083863, 56.943528231892344 ], [ -7.434643562086013, 56.911190101823564 ], [ -7.490987642201761, 56.914380811840104 ], [ -7.492145022216888, 56.879947111767912 ], [ -7.540276142320107, 56.871245061757897 ], [ -7.543628372336366, 56.846085341705511 ], [ -7.603375432466595, 56.830020941681859 ], [ -7.602672452483781, 56.779457011575168 ], [ -7.662632922608773, 56.779136171584597 ], [ -7.669691832608322, 56.820616701673316 ], [ -7.590710082424409, 56.873112901770519 ], [ -7.570378672365607, 56.918121041861781 ], [ -7.587605642394648, 56.937044191904597 ], [ -7.519219332231591, 56.993416252011272 ], [ -7.534269622255043, 57.015311272059904 ], [ -7.463609882103039, 57.028494322075119 ], [ -7.45425730206793, 57.071594642163909 ], [ -7.397880301952138, 57.067575682145396 ], [ -7.377916271904834, 57.083582282175357 ], [ -7.421968041979919, 57.129145822278801 ], [ -7.441615021984648, 57.230657182495058 ], [ -7.467222042034221, 57.241851642523116 ], [ -7.435222971963518, 57.252660492539874 ], [ -7.445061711971407, 57.288734812617172 ], [ -7.40803822188895, 57.303127462640425 ], [ -7.439579091926173, 57.385769162818939 ], [ -7.408787031857078, 57.399062622840894 ], [ -7.419504091856265, 57.466748702984098 ], [ -7.381100901759313, 57.514838303076971 ], [ -7.513108292013867, 57.583953313245935 ], [ -7.60168943219473, 57.603785893303957 ], [ -7.510271491991609, 57.633336483348117 ], [ -7.494694491948824, 57.663492173407882 ], [ -7.330129071592802, 57.691669513434498 ], [ -7.292029001496091, 57.741975643531255 ], [ -7.231800571379422, 57.713203663459815 ], [ -7.20190170130809, 57.739323253507898 ], [ -7.15253946120419, 57.741520433502593 ], [ -7.153958131226011, 57.685940623387928 ], [ -7.106491651128168, 57.682877273372114 ], [ -7.065633901032213, 57.714867643430075 ], [ -7.105242771104369, 57.744986043500234 ], [ -7.085567691045939, 57.796487763602563 ], [ -7.179339071230476, 57.830501833691727 ], [ -7.107091711074354, 57.845708613708425 ], [ -7.065155230992933, 57.827599073662604 ], [ -7.027999460910907, 57.841396003683386 ], [ -7.027676100896731, 57.88162321376614 ], [ -7.079338281007552, 57.872306923757563 ], [ -7.095108531033371, 57.893737923804899 ], [ -6.997158160812687, 57.943064753886063 ], [ -7.083580540986451, 57.963115453945214 ], [ -7.177445271162902, 58.026072644093865 ], [ -7.123160081000496, 58.178872754395513 ], [ -7.076079050897203, 58.192743184413942 ], [ -7.038320270801342, 58.245846024514215 ], [ -6.977831380680463, 58.226978864462779 ], [ -6.926762800554478, 58.287938114575809 ], [ -6.838074300368168, 58.291804154564346 ], [ -6.672579460004654, 58.354033074653778 ], [ -6.555906259758191, 58.370976984661674 ], [ -6.527896499691213, 58.39978937471345 ], [ -6.30071526919613, 58.490329994842867 ], [ -6.292979249173104, 58.512665624885855 ], [ -6.262309849108032, 58.520367704893992 ], [ -6.177849228952922, 58.46935224477177 ], [ -6.173503741290403, 58.454135570554186 ] ] ], [ [ [ -6.390387002534325, 57.892606983232156 ], [ -6.412564089625079, 57.902016483677258 ], [ -6.385298094812124, 57.90578258354288 ], [ -6.390387002534325, 57.892606983232156 ] ] ], [ [ [ -6.513228197351794, 57.574561034483523 ], [ -6.539635459997078, 57.590267643065211 ], [ -6.561972050046467, 57.579271833047258 ], [ -6.559781740051584, 57.553769062994235 ], [ -6.531101547237654, 57.54245606847681 ], [ -6.723204406291861, 57.369335705422408 ], [ -6.743523470487901, 57.386105202685208 ], [ -6.750658900491405, 57.41539553274734 ], [ -6.795287470581235, 57.418600892762846 ], [ -6.790641820557574, 57.456689462840806 ], [ -6.75105081047457, 57.462556112845007 ], [ -6.756181780471672, 57.498590522920573 ], [ -6.733861350420697, 57.51321454294628 ], [ -6.708547860368287, 57.515341822945523 ], [ -6.688683450335042, 57.495936992901385 ], [ -6.657205040267601, 57.505043462913783 ], [ -6.637073480187112, 57.611527343129296 ], [ -6.507812859930754, 57.595304043068943 ], [ -6.513228197351794, 57.574561034483523 ] ] ], [ [ [ -7.574781842159433, 57.53775736316129 ], [ -7.611830452247347, 57.508832053107845 ], [ -7.695102462422735, 57.512159413130185 ], [ -7.739001452505407, 57.54487601320659 ], [ -7.574781842159433, 57.53775736316129 ] ] ], [ [ [ -7.220392061341117, 57.756269133546603 ], [ -7.270819271442905, 57.768117513581153 ], [ -7.265868221419741, 57.806852723660242 ], [ -7.194311441279805, 57.776380713582959 ], [ -7.220392061341117, 57.756269133546603 ] ] ], [ [ [ -8.648210384392076, 57.836273293977001 ], [ -8.563166834206148, 57.829856223949072 ], [ -8.541253404166154, 57.799514013881762 ], [ -8.501672184081482, 57.790933173857027 ], [ -8.572379644237236, 57.790144143867508 ], [ -8.648210384392076, 57.836273293977001 ] ] ], [ [ [ -8.488496924027267, 57.883215964047643 ], [ -8.477876004009882, 57.861293254000024 ], [ -8.518093284097406, 57.864784214014293 ], [ -8.504127764061794, 57.882743584049372 ], [ -8.488496924027267, 57.883215964047643 ] ] ] ] } },
{ "type": "Feature", "properties": { "bus": "CREA1-", "gen_view_gCO2_per_kWh": 0.0, "dominant_carrier": "wind_onshore" }, "geometry": { "type": "Polygon", "coordinates": [ [ [ -4.192776024649118, 58.364928069707624 ], [ -4.225761505615892, 58.279560267808392 ], [ -4.734254614827297, 57.984382129863107 ], [ -5.312971315943252, 58.262593892280393 ], [ -5.26658215721851, 58.272179724155158 ], [ -5.171311817038386, 58.263671264114279 ], [ -5.167844377026184, 58.278074334142055 ], [ -5.217489957118734, 58.285655294169679 ], [ -5.185026777036238, 58.338240724266051 ], [ -5.21611007707966, 58.381926064360727 ], [ -5.159815856963132, 58.403468454389085 ], [ -5.145836646923533, 58.437415554452741 ], [ -5.095904036822176, 58.451908154468541 ], [ -5.146791136911506, 58.474721924526783 ], [ -5.12598745684513, 58.54629597466279 ], [ -5.056132196710931, 58.546076034644095 ], [ -4.992623036554483, 58.641052314814154 ], [ -4.967002036511794, 58.623641974773157 ], [ -4.866183966320385, 58.621478664742035 ], [ -4.815315996233915, 58.594384024675279 ], [ -4.766541416136704, 58.607571394688051 ], [ -4.731056916082572, 58.573473204611645 ], [ -4.654934515937943, 58.577421724598842 ], [ -4.628696265895304, 58.560291814558219 ], [ -4.585971445806727, 58.582877864590813 ], [ -4.542345685724851, 58.584079514581283 ], [ -4.398686645469952, 58.554134184483488 ], [ -4.332439525343325, 58.565640474487687 ], [ -4.251621135208874, 58.530871754397531 ], [ -4.242462894519893, 58.534467021042261 ], [ -4.192776024649118, 58.364928069707624 ] ] ] } },
{ "type": "Feature", "properties": { "bus": "DOUN1-", "gen_view_gCO2_per_kWh": 0.0, "dominant_carrier": "wind_onshore" }, "geometry": { "type": "Polygon", "coordinates": [ [ [ -3.639778137846173, 58.623968112944482 ], [ -3.63384467916299, 58.415661902103025 ], [ -3.823943511094148, 58.571721987647294 ], [ -3.785624924351548, 58.573074124348381 ], [ -3.657064044103138, 58.623512084408674 ], [ -3.639778137846173, 58.623968112944482 ] ] ] } },
{ "type": "Feature", "properties": { "bus": "SOFW4A", "gen_view_gCO2_per_kWh": 296.507, "dominant_carrier": "waste_to_energy" }, "geometry": { "type": "Polygon", "coordinates": [ [ [ -0.821482908059534, 54.29289208618389 ], [ -1.028592227884171, 54.267027082351056 ], [ -1.088137542844825, 54.27023302966758 ], [ -1.102385721912359, 54.585728426547497 ], [ -1.093437940993288, 54.593568765152327 ], [ -0.997952522733702, 54.597776395300293 ], [ -0.771347022484965, 54.561920305951233 ], [ -0.738532312472947, 54.532632435893063 ], [ -0.708910532433436, 54.538057605898501 ], [ -0.659585302406753, 54.504454965830291 ], [ -0.565081852317291, 54.483610015778773 ], [ -0.51550534229326, 54.448615125708521 ], [ -0.516322863836752, 54.420065667092416 ], [ -0.821482908059534, 54.29289208618389 ] ] ] } },
{ "type": "Feature", "properties": { "bus": "GRTO61", "gen_view_gCO2_per_kWh": 0.0, "dominant_carrier": "wind_onshore" }, "geometry": { "type": "Polygon", "coordinates": [ [ [ -1.41191125295479, 54.85695857763919 ], [ -1.415536568384453, 54.922667420319549 ], [ -1.361450768476251, 54.974430738262619 ], [ -1.349588882844908, 54.966631796790395 ], [ -1.352087362911363, 54.891112916649838 ], [ -1.317383875287099, 54.818548692748656 ], [ -1.41191125295479, 54.85695857763919 ] ] ] } },
{ "type": "Feature", "properties": { "bus": "BLYT61", "gen_view_gCO2_per_kWh": 0.688, "dominant_carrier": "wind_onshore" }, "geometry": { "type": "Polygon", "coordinates": [ [ [ -1.622601270217214, 55.053660267976504 ], [ -1.677460883507519, 55.118847267438326 ], [ -1.81850517565941, 55.447394719400251 ], [ -1.653505624853127, 55.589498987694803 ], [ -1.611976842718726, 55.554127177946306 ], [ -1.628321072752255, 55.539386457921474 ], [ -1.568314202753782, 55.433574017708992 ], [ -1.600178442835633, 55.383824087620717 ], [ -1.59158985284299, 55.359878397573723 ], [ -1.530455072779962, 55.336414557517848 ], [ -1.561674552867548, 55.278582687414328 ], [ -1.49426387284369, 55.197121867248235 ], [ -1.515282482902462, 55.158696687179614 ], [ -1.469145346059258, 55.094754490564952 ], [ -1.622601270217214, 55.053660267976504 ] ] ] } },
{ "type": "Feature", "properties": { "bus": "PEHE2-", "gen_view_gCO2_per_kWh": 386.565, "dominant_carrier": "CCGT" }, "geometry": { "type": "Polygon", "coordinates": [ [ [ -1.977933852422492, 57.351905818390712 ], [ -1.815580870484792, 57.496512684104744 ], [ -1.767820695533821, 57.487365247272578 ], [ -1.760489101612772, 57.468075351645581 ], [ -1.953133395263369, 57.33067908890051 ], [ -1.977933852422492, 57.351905818390712 ] ] ] } },
{ "type": "Feature", "properties": { "bus": "WBOL61", "gen_view_gCO2_per_kWh": 40.796, "dominant_carrier": "wind_onshore" }, "geometry": { "type": "Polygon", "coordinates": [ [ [ -1.600422740116606, 54.944488574202055 ], [ -1.494847285635944, 54.978928232901652 ], [ -1.413951714419995, 54.925687602636444 ], [ -1.610881859615915, 54.87498497290084 ], [ -1.600422740116606, 54.944488574202055 ] ] ] } },
{ "type": "Feature", "properties": { "bus": "STEN11", "gen_view_gCO2_per_kWh": 0.0, "dominant_carrier": "load_shedding" }, "geometry": { "type": "Polygon", "coordinates": [ [ [ -1.743277183678368, 55.025963600436199 ], [ -1.677460883507519, 55.118847267438326 ], [ -1.622601270217214, 55.053660267976504 ], [ -1.600422740116606, 54.944488574202055 ], [ -1.618264101665123, 54.854638254359671 ], [ -1.660190614361561, 54.828538915809666 ], [ -1.743277183678368, 55.025963600436199 ] ] ] } },
{ "type": "Feature", "properties": { "bus": "TYNE21", "gen_view_gCO2_per_kWh": 90.11, "dominant_carrier": "landfill_gas" }, "geometry": { "type": "Polygon", "coordinates": [ [ [ -1.494847285635944, 54.978928232901652 ], [ -1.600422740116606, 54.944488574202055 ], [ -1.622601270217214, 55.053660267976504 ], [ -1.469145346059258, 55.094754490564952 ], [ -1.430663677513835, 55.04142213002924 ], [ -1.494847285635944, 54.978928232901652 ] ] ] } },
{ "type": "Feature", "properties": { "bus": "SSHI22", "gen_view_gCO2_per_kWh": 91.169, "dominant_carrier": "sewage_gas" }, "geometry": { "type": "Polygon", "coordinates": [ [ [ -1.413951714419995, 54.925687602636444 ], [ -1.494847285635944, 54.978928232901652 ], [ -1.430663677513835, 55.04142213002924 ], [ -1.401168532883125, 55.000544336862596 ], [ -1.361450768476251, 54.974430738262619 ], [ -1.413951714419995, 54.925687602636444 ] ] ] } },
{ "type": "Feature", "properties": { "bus": "MEDB4B", "gen_view_gCO2_per_kWh": 119.887, "dominant_carrier": "landfill_gas" }, "geometry": { "type": "Polygon", "coordinates": [ [ [ -1.994202010792804, 55.380829570627881 ], [ -1.81850517565941, 55.447394719400251 ], [ -1.677460883507519, 55.118847267438326 ], [ -1.743277183678368, 55.025963600436199 ], [ -1.969108564161463, 54.783560175678979 ], [ -1.994202010792804, 55.380829570627881 ] ] ] } },
{ "type": "Feature", "properties": { "bus": "BERW1R", "gen_view_gCO2_per_kWh": 0.0, "dominant_carrier": "wind_onshore" }, "geometry": { "type": "Polygon", "coordinates": [ [ [ -1.81850517565941, 55.447394719400251 ], [ -1.994202010792804, 55.380829570627881 ], [ -2.056111334396693, 55.387682401136345 ], [ -2.258087981425765, 55.847812183085942 ], [ -2.212185816080014, 55.927299183824701 ], [ -2.131328973173106, 55.920568228754654 ], [ -2.11591434317395, 55.888330928689143 ], [ -2.067635643114007, 55.875212148653745 ], [ -1.94894607304723, 55.735589768360541 ], [ -1.8745523329703, 55.69855413827441 ], [ -1.775169082837762, 55.690967878239796 ], [ -1.772163062857453, 55.659332778178687 ], [ -1.788577885440772, 55.660935394174963 ], [ -1.761851212876131, 55.615876268093629 ], [ -1.67212674275019, 55.619627868082922 ], [ -1.631650992675841, 55.644694958122564 ], [ -1.599147532631541, 55.644850078116313 ], [ -1.81850517565941, 55.447394719400251 ] ], [ [ -1.875010623020859, 55.6319054081468 ], [ -1.79517037811672, 55.661579034041566 ], [ -1.806156032901999, 55.662651588191878 ], [ -1.875010623020859, 55.6319054081468 ] ] ] } },
{ "type": "Feature", "properties": { "bus": "REDM3-", "gen_view_gCO2_per_kWh": 0.0, "dominant_carrier": "wind_offshore" }, "geometry": { "type": "Polygon", "coordinates": [ [ [ -2.122878490547612, 57.118215235423229 ], [ -2.082018268134731, 57.12720962400072 ], [ -2.053891088722249, 57.113216817915955 ], [ -2.1691769363757, 56.992985078068941 ], [ -2.122878490547612, 57.118215235423229 ] ] ] } },
{ "type": "Feature", "properties": { "bus": "ABBA1-", "gen_view_gCO2_per_kWh": 167.33, "dominant_carrier": "wind_offshore" }, "geometry": { "type": "Polygon", "coordinates": [ [ [ -1.999649805166925, 57.365745135492077 ], [ -1.953133395263369, 57.33067908890051 ], [ -2.02419470213068, 57.258329571314626 ], [ -2.070614832257789, 57.163870751144806 ], [ -2.043136902240899, 57.124432371061566 ], [ -2.053891088722249, 57.113216817915955 ], [ -2.082018268134731, 57.12720962400072 ], [ -2.086298746781065, 57.145755966803478 ], [ -2.020081977183899, 57.355918471973425 ], [ -2.014099062695468, 57.36583773157686 ], [ -1.999649805166925, 57.365745135492077 ] ] ] } },
{ "type": "Feature", "properties": { "bus": "SFER1J", "gen_view_gCO2_per_kWh": 0.0, "dominant_carrier": "load_shedding" }, "geometry": { "type": "Polygon", "coordinates": [ [ [ -1.91902978904214, 57.534012793582562 ], [ -1.840571905013353, 57.569263589356396 ], [ -1.797384873154962, 57.565150501986132 ], [ -1.793818451159342, 57.555739592429383 ], [ -1.925507779531268, 57.514882134152984 ], [ -1.91902978904214, 57.534012793582562 ] ] ] } },
{ "type": "Feature", "properties": { "bus": "SFEG1Q", "gen_view_gCO2_per_kWh": 0.0, "dominant_carrier": "load_shedding" }, "geometry": { "type": "Polygon", "coordinates": [ [ [ -1.840571905013353, 57.569263589356396 ], [ -1.844695341821917, 57.582465356930825 ], [ -1.830921066909741, 57.568691082009799 ], [ -1.840571905013353, 57.569263589356396 ] ] ] } },
{ "type": "Feature", "properties": { "bus": "SFEV1T", "gen_view_gCO2_per_kWh": 0.0, "dominant_carrier": "load_shedding" }, "geometry": { "type": "Polygon", "coordinates": [ [ [ -1.830921066909741, 57.568691082009799 ], [ -1.844695341821917, 57.582465356930825 ], [ -1.829841675017098, 57.56861169011767 ], [ -1.830921066909741, 57.568691082009799 ] ] ] } },
{ "type": "Feature", "properties": { "bus": "SFEV1S", "gen_view_gCO2_per_kWh": 0.0, "dominant_carrier": "load_shedding" }, "geometry": { "type": "Polygon", "coordinates": [ [ [ -1.829841675017098, 57.56861169011767 ], [ -1.843847445381107, 57.582617460490745 ], [ -1.80805696511748, 57.593229463026766 ], [ -1.797384873154962, 57.565150501986132 ], [ -1.829841675017098, 57.56861169011767 ] ] ] } },
{ "type": "Feature", "properties": { "bus": "SFEM1Q", "gen_view_gCO2_per_kWh": 0.0, "dominant_carrier": "load_shedding" }, "geometry": { "type": "Polygon", "coordinates": [ [ [ -1.895320767425485, 57.662346657740272 ], [ -1.815844341608591, 57.613718551939186 ], [ -1.80805696511748, 57.593229463026766 ], [ -1.843847445381107, 57.582617460490745 ], [ -1.901613498767459, 57.608363980889763 ], [ -1.895320767425485, 57.662346657740272 ] ] ] } },
{ "type": "Feature", "properties": { "bus": "FRAS1Q", "gen_view_gCO2_per_kWh": 0.0, "dominant_carrier": "load_shedding" }, "geometry": { "type": "Polygon", "coordinates": [ [ [ -2.021406758621386, 57.624468697227634 ], [ -2.160275993984421, 57.688377424560102 ], [ -2.119572882014834, 57.70442640219818 ], [ -1.999632571833674, 57.701837482159455 ], [ -1.984237531821158, 57.682843462118754 ], [ -1.93976634075762, 57.681836602732638 ], [ -2.021406758621386, 57.624468697227634 ] ] ] } },
{ "type": "Feature", "properties": { "bus": "HOWW34", "gen_view_gCO2_per_kWh": 29.13, "dominant_carrier": "solar_pv" }, "geometry": { "type": "Polygon", "coordinates": [ [ [ 1.416073788903846, 52.741349886010077 ], [ 1.05520199557929, 52.85960740333595 ], [ 1.004404322891577, 52.982150114813017 ], [ 1.30190101784558, 52.938431372977476 ], [ 1.439433857885253, 52.885620142889394 ], [ 1.662902177893794, 52.760991752689918 ], [ 1.711441517874623, 52.71801993262315 ], [ 1.732798190463022, 52.672960809827877 ], [ 1.416073788903846, 52.741349886010077 ] ] ] } },
{ "type": "Feature", "properties": { "bus": "PEHG1Q", "gen_view_gCO2_per_kWh": 0.0, "dominant_carrier": "wind_offshore" }, "geometry": { "type": "Polygon", "coordinates": [ [ [ -1.815580870484792, 57.496512684104744 ], [ -1.812037180740672, 57.504813392142196 ], [ -1.775165572244228, 57.506690090773525 ], [ -1.767820695533821, 57.487365247272578 ], [ -1.815580870484792, 57.496512684104744 ] ] ] } },
{ "type": "Feature", "properties": { "bus": "PEHE1-", "gen_view_gCO2_per_kWh": 0.0, "dominant_carrier": "load_shedding" }, "geometry": { "type": "Polygon", "coordinates": [ [ [ -1.812037180740672, 57.504813392142196 ], [ -1.793818451159342, 57.555739592429383 ], [ -1.793811136129451, 57.555747769788766 ], [ -1.775165572244228, 57.506690090773525 ], [ -1.812037180740672, 57.504813392142196 ] ] ] } },
{ "type": "Feature", "properties": { "bus": "KERG1Q", "gen_view_gCO2_per_kWh": 27.194, "dominant_carrier": "wind_onshore" }, "geometry": { "type": "MultiPolygon", "coordinates": [ [ [ [ -1.647897040406335, 59.553957725497661 ], [ -1.600876220333766, 59.55533116548358 ], [ -1.603782420351319, 59.52183177542441 ], [ -1.656933990438116, 59.508120085418383 ], [ -1.647897040406335, 59.553957725497661 ] ] ], [ [ [ -2.062332890864242, 60.105256676626851 ], [ -2.127597640960905, 60.132728036698801 ], [ -2.066851180853166, 60.164447476732498 ], [ -2.031887050804673, 60.139528186676017 ], [ -2.062332890864242, 60.105256676626851 ] ] ], [ [ [ -0.765898508735822, 60.618558177013291 ], [ -0.765275238742972, 60.59006046696544 ], [ -0.801969868803072, 60.564501916937296 ], [ -0.868541818893167, 60.586304487000234 ], [ -0.85428873887805, 60.566731266961767 ], [ -0.890514978933081, 60.558184666961814 ], [ -0.93924928899355, 60.595655177043952 ], [ -0.976632589047841, 60.597333777061543 ], [ -1.029576379141286, 60.542021116989453 ], [ -1.020273589143995, 60.485121606889756 ], [ -1.065280029210293, 60.485353616907751 ], [ -1.129199409312179, 60.460865236891173 ], [ -1.090342759259635, 60.443553966846672 ], [ -1.034540109173722, 60.455438316845097 ], [ -1.10535786929575, 60.39709880677357 ], [ -0.988206069130008, 60.374742946690063 ], [ -0.904456449001955, 60.394031376690194 ], [ -0.849777578939391, 60.340592666578132 ], [ -0.911809129035197, 60.321522996569762 ], [ -0.92411107904395, 60.350596166624086 ], [ -0.988435159145796, 60.324948326605309 ], [ -1.070181309267547, 60.319571486627702 ], [ -1.055261859257923, 60.280335996554818 ], [ -1.082204059308288, 60.246896406507851 ], [ -1.145601679406552, 60.232872036507985 ], [ -1.179521239467878, 60.198988536462515 ], [ -1.098789719344979, 60.209082776449165 ], [ -1.000710459219497, 60.152976806315138 ], [ -1.000624679226005, 60.133244326281101 ], [ -1.058566479315465, 60.1195147462794 ], [ -1.072518139342847, 60.099169056249494 ], [ -1.161393849468169, 60.116531566313157 ], [ -1.208291379543952, 60.098342496299338 ], [ -1.163341569498263, 60.036558086175091 ], [ -1.220059809587584, 60.021742086170526 ], [ -1.150647919493834, 59.995298206098511 ], [ -1.205215159584218, 59.968134156071429 ], [ -1.257878519657024, 59.984113066118951 ], [ -1.261975979708752, 59.856201985896234 ], [ -1.318526679796912, 59.846079165899177 ], [ -1.400239389896173, 59.912017586045216 ], [ -1.359518849806386, 59.993077906172353 ], [ -1.386542049828901, 60.046631996276012 ], [ -1.360334789776216, 60.085556366334075 ], [ -1.38362172979159, 60.145691316447341 ], [ -1.474366059930099, 60.144248136478801 ], [ -1.697157290246524, 60.231649046713777 ], [ -1.712058150250555, 60.295030116829238 ], [ -1.76171420031578, 60.337680946921594 ], [ -1.730949980263828, 60.350130746931583 ], [ -1.667228120165112, 60.346955246902155 ], [ -1.643040370136883, 60.315140626838136 ], [ -1.598729080068888, 60.31252568681699 ], [ -1.519902649943929, 60.32341838680604 ], [ -1.479244489870444, 60.360318046854083 ], [ -1.45471084981903, 60.407210056925152 ], [ -1.475218889842117, 60.436012206982241 ], [ -1.569683569978082, 60.469981897076394 ], [ -1.642943820091594, 60.471130177106254 ], [ -1.623539650050855, 60.508968437163496 ], [ -1.579013899979018, 60.518552717162819 ], [ -1.609336180017254, 60.55105187722976 ], [ -1.487535799824133, 60.568040657211753 ], [ -1.43929088973495, 60.624144097288038 ], [ -1.363457279621699, 60.614170167241703 ], [ -1.316634189536708, 60.666224447311059 ], [ -1.292934519504343, 60.652723297279088 ], [ -1.295622839522199, 60.601252597193479 ], [ -1.222503379414644, 60.591338727148177 ], [ -1.145130309276612, 60.673430817255721 ], [ -1.126694339232087, 60.73859506735721 ], [ -0.979213599012632, 60.742304907304622 ], [ -0.965341038979273, 60.792887867382944 ], [ -0.906705898878903, 60.850524717454491 ], [ -0.766825658679194, 60.836682417375023 ], [ -0.753044298664546, 60.816056747335502 ], [ -0.792288678722659, 60.810118297341639 ], [ -0.780288828723015, 60.741820487223954 ], [ -0.858311688845767, 60.704785377193893 ], [ -0.826887628802515, 60.696121687166873 ], [ -0.827612248813451, 60.659651687106489 ], [ -0.866192518872034, 60.650005297105793 ], [ -0.811632008803987, 60.610429677017969 ], [ -0.765898508735822, 60.618558177013291 ] ] ], [ [ [ -0.819215618879149, 60.392486476654248 ], [ -0.817204028876118, 60.392917616654216 ], [ -0.817038898876021, 60.392467166653375 ], [ -0.819215618879149, 60.392486476654248 ] ] ], [ [ [ -0.803273668856609, 60.391196536645822 ], [ -0.853122578922399, 60.410937586698793 ], [ -0.869144978935257, 60.444988466762666 ], [ -0.838168898896992, 60.423415966714046 ], [ -0.764325568786954, 60.435992426706257 ], [ -0.720000718726504, 60.426438276672677 ], [ -0.803273668856609, 60.391196536645822 ] ] ], [ [ [ -0.890394078854164, 60.854177557453916 ], [ -0.887228468849282, 60.855228887454373 ], [ -0.887309628849974, 60.852895077450583 ], [ -0.890394078854164, 60.854177557453916 ] ] ], [ [ [ -0.876493868832177, 60.861092697459675 ], [ -0.869956058822629, 60.861154717457111 ], [ -0.873388388827946, 60.859881557456433 ], [ -0.876493868832177, 60.861092697459675 ] ] ] ] } }
]
}
