bus,v_nom_kv,country,x_bng,y_bng,lon,lat,total_generation_mwh,total_emissions_t,gen_view_gCO2_per_kWh,dominant_carrier
ABBA1-,132.0,GB,395692.5,806146.3,-2.07282,57.14618,564508.0,94459.2,167.33,wind_offshore
ABNE1Q,132.0,GB,320119.1,717095.7,-3.29375,56.33946,113347.0,16013.4,141.278,waste_to_energy
ABNE1R,132.0,GB,320119.1,717095.7,-3.29375,56.33946,0.0,0.0,,load_shedding
AIGA1Q,132.0,GB,245905.5,841253.7,-4.56861,57.43539,11.3,0.0,0.0,load_shedding
ALNE1Q,132.0,GB,264592.1,870977.6,-4.2742,57.70813,31.1,0.0,0.0,solar_pv
ALNE1R,132.0,GB,264592.1,870977.6,-4.2742,57.70813,12.3,0.0,0.0,load_shedding
ALYT2A,275.0,GB,324607.9,748532.3,-3.23026,56.62255,94163.6,0.0,0.0,wind_onshore
ALYT2B,275.0,GB,324607.9,748532.3,-3.23026,56.62255,0.0,0.0,,load_shedding
AMUL1E,132.0,GB,290022.3,736635.5,-3.78859,56.50888,12.0,0.0,0.0,load_shedding
AMUL1F,132.0,GB,290022.3,736635.5,-3.78859,56.50888,11.9,0.0,0.0,load_shedding
AMUL1G,132.0,GB,290022.3,736635.5,-3.78859,56.50888,12.0,0.0,0.0,load_shedding
AMUL1H,132.0,GB,290022.3,736635.5,-3.78859,56.50888,11.9,0.0,0.0,load_shedding
ANSU1-,132.0,GB,281353.4,807081.2,-3.96216,57.13926,12.2,0.0,0.0,load_shedding
ARBR1Q,132.0,GB,362053.7,741493.2,-2.61904,56.56386,11.9,0.0,0.0,load_shedding
ARBR1R,132.0,GB,362053.7,741493.2,-2.61904,56.56386,11.6,0.0,0.0,load_shedding
ARDK1-,132.0,GB,217165.1,714450.3,-4.9555,56.28717,12.0,0.0,0.0,load_shedding
ARMO1J,132.0,GB,122255.6,861105.4,-6.645,57.55443,8.4,0.0,0.0,load_shedding
BEAT4-,400.0,GB,342739.0,848567.8,-2.95771,57.52363,11.2,0.0,0.0,load_shedding
BEAU1J,132.0,GB,250766.3,844661.9,-4.4898,57.4676,0.0,0.0,,load_shedding
BEAU1K,132.0,GB,250766.3,844661.9,-4.4898,57.4676,0.0,0.0,,load_shedding
BEAU1L,132.0,GB,250766.3,844661.9,-4.4898,57.4676,12.0,0.0,0.0,load_shedding
BEAU1M,132.0,GB,250766.3,844661.9,-4.4898,57.4676,12.0,0.0,0.0,load_shedding
BEAU1N,132.0,GB,250766.3,844661.9,-4.4898,57.4676,10.4,0.0,0.0,load_shedding
BEAU1R,132.0,GB,250766.3,844661.9,-4.4898,57.4676,11.8,0.0,0.0,load_shedding
BEAU1S,132.0,GB,250766.3,844661.9,-4.4898,57.4676,11.8,0.0,0.0,load_shedding
BEAU1T,132.0,GB,250766.3,844661.9,-4.4898,57.4676,10.4,0.0,0.0,load_shedding
BEAU2J,275.0,GB,250766.3,844661.9,-4.4898,57.4676,1.2,0.0,0.0,load_shedding
BEAU2K,275.0,GB,250766.3,844661.9,-4.4898,57.4676,1.2,0.0,0.0,load_shedding
BEAU4-,400.0,GB,250766.3,844661.9,-4.4898,57.4676,12.1,0.0,0.0,load_shedding
BEIN11,132.0,GB,220442.4,804417.0,-4.96547,57.09559,137289.9,0.0,0.0,wind_onshore
BERB2Q,275.0,GB,304258.0,847112.1,-3.59941,57.50405,370787.2,0.0,0.0,wind_onshore
BHLA11,132.0,GB,244194.2,817219.1,-4.5819,57.21913,296794.7,0.0,0.0,wind_onshore
BIHI1Q,132.0,GB,335036.1,734301.9,-3.05678,56.4963,12.1,0.0,0.0,load_shedding
BIHI1R,132.0,GB,335036.1,734301.9,-3.05678,56.4963,12.1,0.0,0.0,load_shedding
BLHI1J,132.0,GB,345819.8,844793.7,-2.90544,57.49012,7.4,0.0,0.0,load_shedding
BLHI1K,132.0,GB,345819.8,844793.7,-2.90544,57.49012,7.4,0.0,0.0,load_shedding
BLHI2J,275.0,GB,345819.8,844793.7,-2.90544,57.49012,7.4,0.0,0.0,load_shedding
BLHI2K,275.0,GB,345819.8,844793.7,-2.90544,57.49012,7.4,0.0,0.0,load_shedding
BLHI4-,400.0,GB,345819.8,844793.7,-2.90544,57.49012,11.9,0.0,0.0,load_shedding
BOAG1L,132.0,GB,296134.7,818941.4,-3.723,57.24933,11.8,0.0,0.0,load_shedding
BOAG1M,132.0,GB,296134.7,818941.4,-3.723,57.24933,11.6,0.0,0.0,load_shedding
BOAG1P,132.0,GB,296134.7,818941.4,-3.723,57.24933,11.2,0.0,0.0,load_shedding
BONB2J,275.0,GB,282377.8,680329.3,-3.88766,56.00144,11.8,0.0,0.0,load_shedding
BONB4-,400.0,GB,282377.8,680329.3,-3.88766,56.00144,916.1,845.6,922.998,oil
BRCW2J,275.0,GB,283671.1,709533.4,-3.87969,56.26399,0.0,0.0,,load_shedding
BREC1Q,132.0,GB,359714.9,760179.0,-2.66002,56.73152,2.2,0.0,0.0,load_shedding
BREC1R,132.0,GB,359714.9,760179.0,-2.66002,56.73152,47.6,0.0,0.0,solar_pv
BROA1Q,132.0,GB,162669.9,824333.8,-5.9358,57.24793,4691.1,0.0,0.0,small_hydro
BROR1-,132.0,GB,289354.2,904954.7,-3.8747,58.01993,41400.5,0.0,0.0,wind_onshore
BROR1Q,132.0,GB,289354.2,904954.7,-3.8747,58.01993,11.7,0.0,0.0,load_shedding
BUMU1Q,132.0,GB,308280.2,723708.1,-3.4875,56.3967,1513.0,0.0,0.0,solar_pv
CAAD1Q,132.0,GB,179404.5,638527.2,-5.50231,55.59026,12.2,0.0,0.0,load_shedding
CAAD1R,132.0,GB,179404.5,638527.2,-5.50231,55.59026,11.7,0.0,0.0,load_shedding
CAIN2-,275.0,GB,349031.8,840880.3,-2.85105,57.45534,12.3,0.0,0.0,load_shedding
CASS1Q,132.0,GB,245357.0,741740.0,-4.5167,56.54213,93963.9,0.0,0.0,large_hydro
CHAR1-,132.0,GB,335735.7,731789.7,-3.0448,56.47383,0.0,0.0,,load_shedding
CHAR1S,132.0,GB,335735.7,731789.7,-3.0448,56.47383,7.5,0.0,0.0,load_shedding
CHAR1T,132.0,GB,335735.7,731789.7,-3.0448,56.47383,7.5,0.0,0.0,load_shedding
CLAC1Q,132.0,GB,219190.6,713244.8,-4.922,56.27713,12.0,0.0,0.0,load_shedding
CLAY1Q,132.0,GB,394131.6,805485.2,-2.0986,57.14023,12.1,0.0,0.0,load_shedding
CLAY1R,132.0,GB,394131.6,805485.2,-2.0986,57.14023,12.1,0.0,0.0,load_shedding
CLUN1Q,132.0,GB,311014.2,743862.4,-3.45012,56.57823,11.4,0.0,0.0,load_shedding
CLUN1R,132.0,GB,311014.2,743862.4,-3.45012,56.57823,11.4,0.0,0.0,load_shedding
CLUN1S,132.0,GB,311014.2,743862.4,-3.45012,56.57823,11.9,0.0,0.0,load_shedding
CLUN1T,132.0,GB,311014.2,743862.4,-3.45012,56.57823,12.0,0.0,0.0,load_shedding
COGA1-,132.0,GB,257500.2,813498.3,-4.35963,57.19007,115695.6,0.0,0.0,wind_onshore
COGA1C,132.0,GB,257500.2,813498.3,-4.35963,57.19007,11.3,0.0,0.0,load_shedding
CONN1C,132.0,GB,275856.6,875108.0,-4.08744,57.74846,11.3,0.0,0.0,load_shedding
CONN2J,275.0,GB,294364.8,958498.7,-3.81434,58.50181,270497.7,0.0,0.0,wind_onshore
CORI1J,132.0,GB,234354.3,867130.3,-4.77841,57.66349,1.1,0.0,0.0,load_shedding
CORI1K,132.0,GB,234354.3,867130.3,-4.77841,57.66349,1.1,0.0,0.0,load_shedding
CORI1P,132.0,GB,234354.3,867130.3,-4.77841,57.66349,7.4,0.0,0.0,load_shedding
CORI1Q,132.0,GB,234354.3,867130.3,-4.77841,57.66349,7.4,0.0,0.0,load_shedding
CRAI1-,132.0,GB,390837.0,804478.3,-2.153,57.13113,0.0,0.0,,load_shedding
CRAI1P,132.0,GB,390837.0,804478.3,-2.153,57.13113,11.7,0.0,0.0,load_shedding
CRAI1Q,132.0,GB,390837.0,804478.3,-2.153,57.13113,0.0,0.0,,load_shedding
CRAI1R,132.0,GB,390837.0,804478.3,-2.153,57.13113,11.7,0.0,0.0,load_shedding
CRAR1R,132.0,GB,299984.3,646179.2,-3.59288,55.69872,137248.5,8840.6,64.413,advanced_biofuel
CREA1-,132.0,GB,252588.6,928362.1,-4.51122,58.21928,237519.4,0.0,0.0,wind_onshore
CREA1A,132.0,GB,252588.6,928362.1,-4.51122,58.21928,11.8,0.0,0.0,load_shedding
CRSS1J,132.0,GB,183189.0,651102.5,-5.4523,55.70475,0.0,0.0,,load_shedding
CRSS1Q,132.0,GB,183189.0,651102.5,-5.4523,55.70475,11.5,0.0,0.0,load_shedding
CRSS1R,132.0,GB,183189.0,651102.5,-5.4523,55.70475,11.8,0.0,0.0,load_shedding
CRSS2A,275.0,GB,183189.0,651102.5,-5.4523,55.70475,11.8,0.0,0.0,load_shedding
CRSS2B,275.0,GB,183189.0,651102.5,-5.4523,55.70475,205037.5,0.0,0.0,wind_onshore
CRSS2C,275.0,GB,183189.0,651102.5,-5.4523,55.70475,11.7,0.0,0.0,load_shedding
CRSS2D,275.0,GB,183189.0,651102.5,-5.4523,55.70475,11.6,0.0,0.0,load_shedding
CULL1Q,132.0,GB,251877.4,848160.1,-4.47342,57.49936,11.8,0.0,0.0,load_shedding
DAAS2-,275.0,GB,312194.9,852223.1,-3.46886,57.55156,12.3,0.0,0.0,load_shedding
DENS1Q,132.0,GB,345997.8,760480.4,-2.88424,56.73284,12.0,0.0,0.0,load_shedding
DENS1R,132.0,GB,345997.8,760480.4,-2.88424,56.73284,11.7,0.0,0.0,load_shedding
DLCH1A,132.0,GB,257334.6,910612.4,-4.41967,58.06157,10.4,0.0,0.0,load_shedding
DLCH1B,132.0,GB,257334.6,910612.4,-4.41967,58.06157,10.4,0.0,0.0,load_shedding
DOUN2-,275.0,GB,298125.1,966654.3,-3.7535,58.57592,12.1,0.0,0.0,load_shedding
DUBE1Q,132.0,GB,316183.2,930250.0,-3.4298,58.25293,39699.1,0.0,0.0,wind_onshore
DUCC1J,132.0,GB,289331.2,689443.2,-3.77999,56.08494,12.1,0.0,0.0,load_shedding
DUCC1K,132.0,GB,289331.2,689443.2,-3.77999,56.08494,12.2,0.0,0.0,load_shedding
DUDH1Q,132.0,GB,341556.8,730358.2,-2.95,56.46173,3573.7,0.0,0.0,solar_pv
DUDH1R,132.0,GB,341556.8,730358.2,-2.95,56.46173,12.3,0.0,0.0,load_shedding
DUGR1Q,132.0,GB,128128.5,846579.7,-6.531,57.42793,128601.7,545.5,4.242,wind_onshore
DUNM1-,132.0,GB,259300.6,822262.9,-4.33484,57.26929,11.0,0.0,0.0,load_shedding
DUNM1C,132.0,GB,259300.6,822262.9,-4.33484,57.26929,11.1,0.0,0.0,load_shedding
DUNO1Q,132.0,GB,216641.5,679639.8,-4.94,55.97462,10.6,0.0,0.0,load_shedding
DUNO1R,132.0,GB,216641.5,679639.8,-4.94,55.97462,10.6,0.0,0.0,load_shedding
DYCE1J,132.0,GB,389165.7,813421.6,-2.181,57.21143,10.6,0.0,0.0,load_shedding
DYCE1Q,132.0,GB,389165.7,813421.6,-2.181,57.21143,23154.8,0.0,0.0,wind_onshore
DYCE1R,132.0,GB,389165.7,813421.6,-2.181,57.21143,12.0,0.0,0.0,load_shedding
DYCE1T,132.0,GB,389165.7,813421.6,-2.181,57.21143,10.4,0.0,0.0,load_shedding
DYCE1U,132.0,GB,389165.7,813421.6,-2.181,57.21143,11.9,0.0,0.0,load_shedding
ELGI1L,132.0,GB,321509.5,864367.9,-3.3172,57.66233,11.9,0.0,0.0,load_shedding
ELGI1M,132.0,GB,321509.5,864367.9,-3.3172,57.66233,12.0,0.0,0.0,load_shedding
ELGI1Q,132.0,GB,321509.5,864367.9,-3.3172,57.66233,11.9,0.0,0.0,load_shedding
ELGI1R,132.0,GB,321509.5,864367.9,-3.3172,57.66233,12.0,0.0,0.0,load_shedding
ERRO1A,132.0,GB,268276.8,765265.7,-4.15628,56.76032,7.4,0.0,0.0,load_shedding
ERRO1B,132.0,GB,268276.8,765265.7,-4.15628,56.76032,10.4,0.0,0.0,load_shedding
ERRO1J,132.0,GB,268276.8,765265.7,-4.15628,56.76032,7463.1,0.0,0.0,small_hydro
ERRO1K,132.0,GB,268276.8,765265.7,-4.15628,56.76032,7.4,0.0,0.0,load_shedding
ERRO1T,132.0,GB,268276.8,765265.7,-4.15628,56.76032,10.4,0.0,0.0,load_shedding
FAAR1Q,132.0,GB,273500.0,828998.3,-4.10301,57.33391,11.6,0.0,0.0,load_shedding
FAAR1R,132.0,GB,273500.0,828998.3,-4.10301,57.33391,12.0,0.0,0.0,load_shedding
FARI2J,275.0,GB,257161.1,826462.2,-4.37271,57.30632,12.3,0.0,0.0,load_shedding
FARI2K,275.0,GB,257161.1,826462.2,-4.37271,57.30632,12.3,0.0,0.0,load_shedding
FASN2-,275.0,GB,232141.4,829251.5,-4.7894,57.32283,12.2,0.0,0.0,load_shedding
FAUG1-,132.0,GB,235823.9,808350.4,-4.7145,57.13663,11.0,0.0,0.0,load_shedding
FAUG1J,132.0,GB,235823.9,808350.4,-4.7145,57.13663,7.4,0.0,0.0,load_shedding
FAUG1K,132.0,GB,235823.9,808350.4,-4.7145,57.13663,7.4,0.0,0.0,load_shedding
FAUG1M,132.0,GB,235823.9,808350.4,-4.7145,57.13663,10.9,0.0,0.0,load_shedding
FAUG1N,132.0,GB,235823.9,808350.4,-4.7145,57.13663,10.7,0.0,0.0,load_shedding
FAUG1P,132.0,GB,235823.9,808350.4,-4.7145,57.13663,11.1,0.0,0.0,load_shedding
FAUG2J,275.0,GB,235823.9,808350.4,-4.7145,57.13663,0.0,0.0,,load_shedding
FAUG2K,275.0,GB,235823.9,808350.4,-4.7145,57.13663,0.0,0.0,,load_shedding
FAUG4J,400.0,GB,235823.9,808350.4,-4.7145,57.13663,728277.5,0.0,0.0,large_hydro
FERO1-,132.0,GB,186063.3,688545.5,-5.43621,56.04185,11.3,0.0,0.0,load_shedding
FERO1S,132.0,GB,186063.3,688545.5,-5.43621,56.04185,11.9,0.0,0.0,load_shedding
FETT2P,275.0,GB,378976.1,785988.0,-2.34737,56.96464,169596.5,0.0,0.0,wind_onshore
FETT2Q,275.0,GB,378976.1,785988.0,-2.34737,56.96464,7.6,0.0,0.0,load_shedding
FIDD1A,132.0,GB,382322.4,781117.7,-2.292,56.92103,44414.9,0.0,0.0,wind_onshore
FIDD1B,132.0,GB,382322.4,781117.7,-2.292,56.92103,10.5,0.0,0.0,load_shedding
FIDD1Q,132.0,GB,382322.4,781117.7,-2.292,56.92103,0.0,0.0,,load_shedding
FINL1Q,132.0,GB,299440.5,825395.0,-3.67086,57.30801,11.3,0.0,0.0,load_shedding
FOGG1Q,132.0,GB,386685.5,803471.5,-2.22152,57.12198,12.1,0.0,0.0,load_shedding
FOGG1R,132.0,GB,386685.5,803471.5,-2.22152,57.12198,12.2,0.0,0.0,load_shedding
FOYE2-,275.0,GB,249605.8,820882.0,-4.4946,57.25381,12.3,0.0,0.0,load_shedding
FRAS1Q,132.0,GB,398669.9,866267.6,-2.02397,57.68625,11.3,0.0,0.0,load_shedding
FRAS1R,132.0,GB,398669.9,866267.6,-2.02397,57.68625,11.3,0.0,0.0,load_shedding
FWIL1Q,132.0,GB,212467.9,773974.1,-5.0743,56.81933,11.2,0.0,0.0,load_shedding
FWIL1R,132.0,GB,212467.9,773974.1,-5.0743,56.81933,490103.5,0.0,0.0,large_hydro
FYRI1J,132.0,GB,260764.6,869712.2,-4.33765,57.6956,12050.5,0.0,0.0,small_hydro
FYRI2J,275.0,GB,260764.6,869712.2,-4.33765,57.6956,12.3,0.0,0.0,load_shedding
FYRI2K,275.0,GB,260764.6,869712.2,-4.33765,57.6956,12.1,0.0,0.0,load_shedding
GARB1Q,132.0,GB,226872.8,683887.9,-4.779,56.01655,12.0,0.0,0.0,load_shedding
GARB1R,132.0,GB,226872.8,683887.9,-4.779,56.01655,12.0,0.0,0.0,load_shedding
GARB1S,132.0,GB,226872.8,683887.9,-4.779,56.01655,12.0,0.0,0.0,load_shedding
GARB1T,132.0,GB,226872.8,683887.9,-4.779,56.01655,12.1,0.0,0.0,load_shedding
GLEN1Q,132.0,GB,266526.0,844691.6,-4.2273,57.47278,11.1,0.0,0.0,load_shedding
GLFA1-,132.0,GB,321172.2,838177.0,-3.31435,57.42708,11.4,0.0,0.0,load_shedding
GLKO1-,132.0,GB,283362.9,828671.2,-3.93913,57.3336,67312.4,0.0,0.0,wind_onshore
GLRB2-,275.0,GB,327396.8,701015.6,-3.17163,56.19619,12.3,0.0,0.0,load_shedding
GORW2-,275.0,GB,284603.7,912695.3,-3.95887,58.0882,12.1,0.0,0.0,load_shedding
GRIF1S,132.0,GB,293600.2,744598.8,-3.73375,56.58121,11.7,0.0,0.0,load_shedding
GRIF1T,132.0,GB,293600.2,744598.8,-3.73375,56.58121,12.0,0.0,0.0,load_shedding
GRUB1Q,132.0,GB,231056.4,861809.7,-4.8299,57.61453,12.3,0.0,0.0,load_shedding
GRUB1R,132.0,GB,231056.4,861809.7,-4.8299,57.61453,31130.5,0.0,0.0,small_hydro
INGA1Q,132.0,GB,230044.9,801127.5,-4.80496,57.06972,145206.7,0.0,0.0,large_hydro
INNE1J,132.0,GB,265604.3,842410.3,-4.2414,57.45203,1.2,0.0,0.0,load_shedding
INNE1K,132.0,GB,265604.3,842410.3,-4.2414,57.45203,0.0,0.0,,load_shedding
INNE1L,132.0,GB,265604.3,842410.3,-4.2414,57.45203,1.2,0.0,0.0,load_shedding
INNE1Q,132.0,GB,265604.3,842410.3,-4.2414,57.45203,11.7,0.0,0.0,load_shedding
INNE1R,132.0,GB,265604.3,842410.3,-4.2414,57.45203,11.8,0.0,0.0,load_shedding
INRU1Q,132.0,GB,410189.1,848305.6,-1.83153,57.5248,12.2,0.0,0.0,load_shedding
INRU1R,132.0,GB,410189.1,848305.6,-1.83153,57.5248,12.2,0.0,0.0,load_shedding
INRU1S,132.0,GB,410189.1,848305.6,-1.83153,57.5248,12.1,0.0,0.0,load_shedding
INVE1J,132.0,GB,209607.1,708448.5,-5.07309,56.23035,66464.9,0.0,0.0,wind_onshore
INVE1K,132.0,GB,209607.1,708448.5,-5.07309,56.23035,7.4,0.0,0.0,load_shedding
INVR1-,132.0,GB,231740.1,718419.0,-4.72287,56.32818,12.1,0.0,0.0,load_shedding
INVR1A,132.0,GB,231740.1,718419.0,-4.72287,56.32818,11.8,0.0,0.0,load_shedding
INVR1B,132.0,GB,231740.1,718419.0,-4.72287,56.32818,11.8,0.0,0.0,load_shedding
INVR1C,132.0,GB,231740.1,718419.0,-4.72287,56.32818,12756.9,0.0,0.0,small_hydro
INVR1D,132.0,GB,231740.1,718419.0,-4.72287,56.32818,11.7,0.0,0.0,load_shedding
KEIT1J,132.0,GB,344258.5,850105.2,-2.9327,57.53763,12.1,0.0,0.0,load_shedding
KEIT1K,132.0,GB,344258.5,850105.2,-2.9327,57.53763,12.1,0.0,0.0,load_shedding
KEIT3-,33.0,GB,344258.5,850105.2,-2.9327,57.53763,1.2,0.0,0.0,load_shedding
KERG1-,132.0,GB,440346.3,1156871.6,-1.272,60.294,11.4,0.0,0.0,load_shedding
KERG1J,132.0,GB,440346.3,1156871.6,-1.272,60.294,11.8,0.0,0.0,load_shedding
KERG1K,132.0,GB,440346.3,1156871.6,-1.272,60.294,11.3,0.0,0.0,load_shedding
KIIN1-,132.0,GB,256920.4,733900.6,-4.3245,56.47543,11.4,0.0,0.0,load_shedding
KILC1Q,132.0,GB,257188.8,732919.7,-4.31961,56.4667,11.9,0.0,0.0,load_shedding
KILO1-,132.0,GB,218643.8,761994.1,-4.96478,56.7143,141432.4,0.0,0.0,large_hydro
KINA2J,275.0,GB,279272.3,758928.4,-3.97356,56.7064,6352.3,0.0,0.0,small_hydro
KINT1-,132.0,GB,377508.6,813636.1,-2.374,57.21293,4795.6,0.0,0.0,wind_onshore
KINT2J,275.0,GB,377508.6,813636.1,-2.374,57.21293,0.0,0.0,,load_shedding
KINT2K,275.0,GB,377508.6,813636.1,-2.374,57.21293,0.0,0.0,,load_shedding
KINT4J,400.0,GB,377508.6,813636.1,-2.374,57.21293,12.2,0.0,0.0,load_shedding
KINT4K,400.0,GB,377508.6,813636.1,-2.374,57.21293,12.2,0.0,0.0,load_shedding
KNOC2J,275.0,GB,267130.2,841903.2,-4.21572,57.44793,1.2,0.0,0.0,load_shedding
KNOC2K,275.0,GB,267130.2,841903.2,-4.21572,57.44793,1.2,0.0,0.0,load_shedding
KNOC2N,275.0,GB,267130.2,841903.2,-4.21572,57.44793,7.4,0.0,0.0,load_shedding
KNOC2P,275.0,GB,267130.2,841903.2,-4.21572,57.44793,7.4,0.0,0.0,load_shedding
LAGG1R,132.0,GB,261497.9,794334.0,-4.28294,57.01928,15436.7,0.0,0.0,small_hydro
LOCB1J,132.0,GB,266148.0,898396.2,-4.2635,57.95468,10.5,0.0,0.0,load_shedding
LOCB1K,132.0,GB,266148.0,898396.2,-4.2635,57.95468,10.5,0.0,0.0,load_shedding
LOCB1R,132.0,GB,266148.0,898396.2,-4.2635,57.95468,11.7,0.0,0.0,load_shedding
LOCB1U,132.0,GB,266148.0,898396.2,-4.2635,57.95468,11.7,0.0,0.0,load_shedding
LOCB2J,275.0,GB,266148.0,898396.2,-4.2635,57.95468,7.4,0.0,0.0,load_shedding
LOCB2K,275.0,GB,266148.0,898396.2,-4.2635,57.95468,7.4,0.0,0.0,load_shedding
LUIC1Q,132.0,GB,237599.3,860547.0,-4.71967,57.6056,12.1,0.0,0.0,load_shedding
LUIC1R,132.0,GB,237599.3,860547.0,-4.71967,57.6056,12.3,0.0,0.0,load_shedding
LUMB1Q,132.0,GB,402242.0,856790.8,-1.96415,57.60112,4350.0,0.0,0.0,wind_onshore
LUMB1R,132.0,GB,402242.0,856790.8,-1.96415,57.60112,12.1,0.0,0.0,load_shedding
LUNA1Q,132.0,GB,347064.9,751737.7,-2.865,56.65443,11.3,0.0,0.0,load_shedding
LUNA1R,132.0,GB,347064.9,751737.7,-2.865,56.65443,12.0,0.0,0.0,load_shedding
MELG1J,132.0,GB,246363.6,795939.2,-4.53293,57.02889,7.4,0.0,0.0,load_shedding
MELG4J,400.0,GB,246363.6,795939.2,-4.53293,57.02889,7.4,0.0,0.0,load_shedding
MILC1R,132.0,GB,343600.6,731098.5,-2.917,56.46863,121409.4,34329.9,282.761,waste_to_energy
MILC1S,132.0,GB,343600.6,731098.5,-2.917,56.46863,0.0,0.0,,load_shedding
MILC1T,132.0,GB,343600.6,731098.5,-2.917,56.46863,11.8,0.0,0.0,load_shedding
MILW1Q,132.0,GB,227651.6,807833.8,-4.849,57.129,10.9,0.0,0.0,load_shedding
MORF4-,400.0,GB,342669.6,865456.7,-2.96287,57.6753,12.3,0.0,0.0,load_shedding
MOSS1Q,132.0,GB,357802.0,850989.2,-2.70666,57.54704,11.7,0.0,0.0,load_shedding
MOSS1R,132.0,GB,357802.0,850989.2,-2.70666,57.54704,34980.3,0.0,0.0,wind_onshore
MOTA1Q,132.0,GB,254195.5,870099.8,-4.44798,57.697,110555.9,0.0,0.0,wind_onshore
MOTA1R,132.0,GB,254195.5,870099.8,-4.44798,57.697,12.0,0.0,0.0,load_shedding
MYBS1Q,132.0,GB,317098.5,951615.1,-3.4219,58.44493,246275.5,0.0,0.0,wind_onshore
MYBS1R,132.0,GB,317098.5,951615.1,-3.4219,58.44493,11.3,0.0,0.0,load_shedding
MYBS1S,132.0,GB,317098.5,951615.1,-3.4219,58.44493,12.1,0.0,0.0,load_shedding
MYBS1T,132.0,GB,317098.5,951615.1,-3.4219,58.44493,12.1,0.0,0.0,load_shedding
MYBS3M,33.0,GB,317098.5,951615.1,-3.4219,58.44493,12.0,0.0,0.0,load_shedding
NAIR1Q,132.0,GB,289785.3,855273.2,-3.8445,57.57403,11.4,0.0,0.0,load_shedding
NAIR1R,132.0,GB,289785.3,855273.2,-3.8445,57.57403,11.4,0.0,0.0,load_shedding
NEDE4J,400.0,GB,388582.5,846940.8,-2.19223,57.51251,66478.0,2413.6,36.306,wind_onshore
NEDE4K,400.0,GB,388582.5,846940.8,-2.19223,57.51251,7.3,0.0,0.0,load_shedding
ORRI1Q,132.0,GB,243553.6,854530.3,-4.61625,57.55372,307480.7,0.0,0.0,large_hydro
ORRI1R,132.0,GB,243553.6,854530.3,-4.61625,57.55372,11.6,0.0,0.0,load_shedding
PEHE2-,275.0,GB,412733.2,843036.5,-1.78932,57.47741,1087374.5,420340.7,386.565,CCGT
PEHE2J,275.0,GB,412733.2,843036.5,-1.78932,57.47741,7.5,0.0,0.0,load_shedding
PEHE2R,275.0,GB,412733.2,843036.5,-1.78932,57.47741,7.4,0.0,0.0,load_shedding
PEHE2T,275.0,GB,412733.2,843036.5,-1.78932,57.47741,12.2,0.0,0.0,load_shedding
PEHE2U,275.0,GB,412733.2,843036.5,-1.78932,57.47741,12.3,0.0,0.0,load_shedding
PEHE2V,275.0,GB,412733.2,843036.5,-1.78932,57.47741,12.2,0.0,0.0,load_shedding
PEHE2W,275.0,GB,412733.2,843036.5,-1.78932,57.47741,12.3,0.0,0.0,load_shedding
PEHE4J,400.0,GB,412733.2,843036.5,-1.78932,57.47741,1.1,0.0,0.0,load_shedding
PEHEMEC1,400.0,GB,412733.2,843036.5,-1.78932,57.47741,1.1,0.0,0.0,load_shedding
PEHEMEC2,400.0,GB,412733.2,843036.5,-1.78932,57.47741,0.0,0.0,,load_shedding
PEHEMEC3,400.0,GB,412733.2,843036.5,-1.78932,57.47741,0.0,0.0,,load_shedding
PEHEMEC4,400.0,GB,412733.2,843036.5,-1.78932,57.47741,0.0,0.0,,load_shedding
PEHEMEC5,400.0,GB,412733.2,843036.5,-1.78932,57.47741,1.1,0.0,0.0,load_shedding
PEHERSV1,400.0,GB,412733.2,843036.5,-1.78932,57.47741,0.0,0.0,,load_shedding
PERS1Q,132.0,GB,391730.5,809263.2,-2.1384,57.17413,7.4,0.0,0.0,load_shedding
PERS1R,132.0,GB,391730.5,809263.2,-2.1384,57.17413,7.4,0.0,0.0,load_shedding
PERS2Q,275.0,GB,391730.5,809263.2,-2.1384,57.17413,7.4,0.0,0.0,load_shedding
PORA1R,132.0,GB,191345.0,686521.7,-5.35,56.02602,112597.3,0.0,0.0,wind_onshore
PORA1S,132.0,GB,191345.0,686521.7,-5.35,56.02602,12.3,0.0,0.0,load_shedding
PORA1T,132.0,GB,191345.0,686521.7,-5.35,56.02602,0.0,0.0,,load_shedding
QUOI1-,132.0,GB,211700.0,801900.0,-5.10765,57.06952,14774.5,0.0,0.0,small_hydro
RANN1Q,132.0,GB,253186.8,757959.2,-4.3987,56.69023,3361.9,0.0,0.0,small_hydro
RANN1R,132.0,GB,253186.8,757959.2,-4.3987,56.69023,11.7,0.0,0.0,load_shedding
ROTI4J,400.0,GB,372197.2,835760.2,-2.46443,57.41137,167338.8,0.0,0.0,wind_onshore
SFEE1A,132.0,GB,409142.6,853791.7,-1.8488,57.5741,47564.6,0.0,0.0,wind_onshore
SFEE1B,132.0,GB,409142.6,853791.7,-1.8488,57.5741,11.8,0.0,0.0,load_shedding
SFEG1Q,132.0,GB,409590.0,854313.7,-1.8413,57.57878,11.8,0.0,0.0,load_shedding
SFEG1R,132.0,GB,409590.0,854313.7,-1.8413,57.57878,11.8,0.0,0.0,load_shedding
SFEM1Q,132.0,GB,409521.1,855220.9,-1.84242,57.58693,12.3,0.0,0.0,load_shedding
SFEM1R,132.0,GB,409521.1,855220.9,-1.84242,57.58693,12.3,0.0,0.0,load_shedding
SFER1J,132.0,GB,409528.1,852212.0,-1.84242,57.5599,1.1,0.0,0.0,load_shedding
SFER1K,132.0,GB,409528.1,852212.0,-1.84242,57.5599,0.0,0.0,,load_shedding
SFER1L,132.0,GB,409528.1,852212.0,-1.84242,57.5599,0.0,0.0,,load_shedding
SFEV1S,132.0,GB,409649.5,854425.2,-1.8403,57.57978,7.4,0.0,0.0,load_shedding
SGRX2-,275.0,GB,379216.9,766736.5,-2.34183,56.79171,12.3,0.0,0.0,load_shedding
SLKB1J,132.0,GB,267321.5,841742.0,-4.21244,57.44654,10.4,0.0,0.0,load_shedding
SLKB1K,132.0,GB,267321.5,841742.0,-4.21244,57.44654,10.4,0.0,0.0,load_shedding
SLOY1A,132.0,GB,232549.3,709277.7,-4.704,56.24643,3607.2,0.0,0.0,small_hydro
SLOY1B,132.0,GB,232549.3,709277.7,-4.704,56.24643,11.9,0.0,0.0,load_shedding
SLOY1C,132.0,GB,232549.3,709277.7,-4.704,56.24643,11.8,0.0,0.0,load_shedding
SLOY1D,132.0,GB,232549.3,709277.7,-4.704,56.24643,11.9,0.0,0.0,load_shedding
SLOY1E,132.0,GB,232549.3,709277.7,-4.704,56.24643,12.0,0.0,0.0,load_shedding
SLOY1F,132.0,GB,232549.3,709277.7,-4.704,56.24643,12.2,0.0,0.0,load_shedding
SLOY1J,132.0,GB,232549.3,709277.7,-4.704,56.24643,10.4,0.0,0.0,load_shedding
SPIT2J,275.0,GB,320444.4,949882.7,-3.364,58.43,7.3,0.0,0.0,load_shedding
SPIT2K,275.0,GB,320444.4,949882.7,-3.364,58.43,7.3,0.0,0.0,load_shedding
STRW1-,132.0,GB,263801.4,875497.7,-4.29002,57.74846,110444.4,0.0,0.0,wind_onshore
TEAL2A,275.0,GB,341104.8,738316.0,-2.95914,56.53315,11505.1,0.0,0.0,wind_onshore
TEAL2B,275.0,GB,341104.8,738316.0,-2.95914,56.53315,7.4,0.0,0.0,load_shedding
TEAL2J,275.0,GB,341104.8,738316.0,-2.95914,56.53315,0.0,0.0,,load_shedding
THUS1J,132.0,GB,311765.8,968455.7,-3.51975,58.59508,2.2,0.0,0.0,load_shedding
TOMT1J,132.0,GB,280348.9,828758.3,-3.9892,57.3336,10.3,0.0,0.0,load_shedding
TOMT1K,132.0,GB,280348.9,828758.3,-3.9892,57.3336,10.3,0.0,0.0,load_shedding
TUMM2J,275.0,GB,276258.5,759016.3,-4.0228,56.7064,8482.4,0.0,0.0,small_hydro
WHIB1A,132.0,GB,301894.6,788452.8,-3.61562,56.97683,12.1,0.0,0.0,load_shedding
WHIB1B,132.0,GB,301894.6,788452.8,-3.61562,56.97683,11.7,0.0,0.0,load_shedding
WHIB1C,132.0,GB,301894.6,788452.8,-3.61562,56.97683,12.1,0.0,0.0,load_shedding
WHIB1D,132.0,GB,301894.6,788452.8,-3.61562,56.97683,11.7,0.0,0.0,load_shedding
WHIB1E,132.0,GB,301894.6,788452.8,-3.61562,56.97683,11.7,0.0,0.0,load_shedding
WHIB1F,132.0,GB,301894.6,788452.8,-3.61562,56.97683,11345.3,0.0,0.0,wind_onshore
WIOW1Q,132.0,GB,394224.5,806999.1,-2.0971,57.15383,12.1,0.0,0.0,load_shedding
WIOW1R,132.0,GB,394224.5,806999.1,-2.0971,57.15383,12.1,0.0,0.0,load_shedding
AREC1-,132.0,GB,293638.2,554736.3,-3.65917,54.87604,607802.3,0.0,0.0,wind_offshore
AREC3-,33.0,GB,293577.1,554864.8,-3.66017,54.87718,10.5,0.0,0.0,load_shedding
AUCH2-,275.0,GB,209936.2,579909.1,-4.97883,55.07714,525855.0,0.0,0.0,wind_onshore
AUCW1-,132.0,GB,230292.0,608002.3,-4.67725,55.33668,10.5,0.0,0.0,load_shedding
AYR-2Q,275.0,GB,236451.3,621217.8,-4.588,55.4574,12.2,0.0,0.0,load_shedding
AYR-2R,275.0,GB,236451.3,621217.8,-4.588,55.4574,12.2,0.0,0.0,load_shedding
BAGA1Q,132.0,GB,295436.3,668744.8,-3.67388,55.90042,270219.7,12050.2,44.594,wind_onshore
BAGA1R,132.0,GB,295436.3,668744.8,-3.67388,55.90042,7.7,0.0,0.0,load_shedding
BAIN1Q,132.0,GB,289892.9,681511.7,-3.76771,56.01384,11.3,0.0,0.0,load_shedding
BAIN1R,132.0,GB,289892.9,681511.7,-3.76771,56.01384,10.5,0.0,0.0,load_shedding
BERW1Q,132.0,GB,395161.7,653791.5,-2.0787,55.77742,11.7,0.0,0.0,load_shedding
BERW1R,132.0,GB,395161.7,653791.5,-2.0787,55.77742,226057.1,0.0,0.0,wind_onshore
BLAH1-,132.0,GB,283211.2,643503.7,-3.85846,55.67094,2787.4,0.0,0.0,wind_onshore
BLCW1-,132.0,GB,302747.8,671904.9,-3.55814,55.93034,11.4,0.0,0.0,load_shedding
BLCW3-,33.0,GB,302747.8,671904.9,-3.55814,55.93034,10.8,0.0,0.0,load_shedding
BLKL1-,132.0,GB,308801.4,620984.4,-3.44431,55.47415,11.2,0.0,0.0,load_shedding
BLLX1-,132.0,GB,308801.4,620984.4,-3.44431,55.47415,11.2,0.0,0.0,load_shedding
BONN1-,132.0,GB,284101.0,680913.8,-3.8603,56.0071,12.1,0.0,0.0,load_shedding
BONN2A,275.0,GB,284101.0,680913.8,-3.8603,56.0071,10.4,0.0,0.0,load_shedding
BONN2B,275.0,GB,284101.0,680913.8,-3.8603,56.0071,10.4,0.0,0.0,load_shedding
BRAP1-,132.0,GB,251155.0,667849.0,-4.381,55.88072,7.4,0.0,0.0,load_shedding
BROC1-,132.0,GB,285018.6,637364.8,-3.82717,55.61624,12.0,0.0,0.0,load_shedding
BROT1-,132.0,GB,297275.2,740020.6,-3.67213,56.54092,11.5,0.0,0.0,load_shedding
BROX1Q,132.0,GB,309265.2,670536.5,-3.4534,55.91932,12.0,0.0,0.0,load_shedding
BROX1R,132.0,GB,309265.2,670536.5,-3.4534,55.91932,11.9,0.0,0.0,load_shedding
BUSB2-,275.0,GB,258218.5,656436.2,-4.26223,55.78039,12.3,0.0,0.0,load_shedding
CAFA1Q,132.0,GB,260560.2,585427.5,-4.18929,55.1435,11.4,0.0,0.0,load_shedding
CATY1Q,132.0,GB,262603.4,664825.8,-4.19661,55.85698,11.1,0.0,0.0,load_shedding
CATY1R,132.0,GB,262603.4,664825.8,-4.19661,55.85698,11.7,0.0,0.0,load_shedding
CCSS1-,132.0,GB,277967.0,634117.8,-3.93763,55.58536,11.7,0.0,0.0,load_shedding
CCSS3-,33.0,GB,277967.0,634117.8,-3.93763,55.58536,419514.7,0.0,0.0,wind_onshore
CHAP1-,132.0,GB,322012.0,569456.3,-3.2211,55.01352,10.7,0.0,0.0,load_shedding
CHAS2Q,275.0,GB,259943.0,664696.1,-4.23901,55.85505,88038.8,10563.4,119.986,advanced_biofuel
CHAS2R,275.0,GB,259943.0,664696.1,-4.23901,55.85505,11.8,0.0,0.0,load_shedding
CLYM2-,275.0,GB,265446.3,660886.5,-4.14928,55.82242,23481.4,2817.8,120.0,landfill_gas
CLYN2Q,275.0,GB,325659.6,674259.0,-3.19218,55.95558,30.7,0.0,0.0,solar_pv
CLYS2R,275.0,GB,273662.4,653031.1,-4.01458,55.7541,4843.4,0.0,0.0,wind_onshore
CLYS3B,33.0,GB,273662.4,653031.1,-4.01458,55.7541,10.8,0.0,0.0,load_shedding
COAL1A,132.0,GB,281009.0,634766.3,-3.88967,55.59194,12.1,0.0,0.0,load_shedding
COAL1B,132.0,GB,281009.0,634766.3,-3.88967,55.59194,11.7,0.0,0.0,load_shedding
COAL4-,400.0,GB,281009.0,634766.3,-3.88967,55.59194,12.1,0.0,0.0,load_shedding
COAT2Q,275.0,GB,274049.1,663860.6,-4.01344,55.85144,12.1,0.0,0.0,load_shedding
COAT2R,275.0,GB,274049.1,663860.6,-4.01344,55.85144,11.8,0.0,0.0,load_shedding
COCK2-,275.0,GB,339736.1,675268.8,-2.967,55.96662,11.8,0.0,0.0,load_shedding
COCK4Q,400.0,GB,339736.1,675268.8,-2.967,55.96662,12.2,0.0,0.0,load_shedding
COCK4R,400.0,GB,339736.1,675268.8,-2.967,55.96662,12.2,0.0,0.0,load_shedding
COYL1-,132.0,GB,246463.0,619711.7,-4.429,55.44712,11.6,0.0,0.0,load_shedding
COYL2-,275.0,GB,246463.0,619711.7,-4.429,55.44712,10.4,0.0,0.0,load_shedding
COYT1T,132.0,GB,240674.0,619820.1,-4.52049,55.44625,11.3,0.0,0.0,load_shedding
COYW2S,275.0,GB,240674.0,619820.1,-4.52049,55.44625,10.4,0.0,0.0,load_shedding
COYW2T,275.0,GB,240674.0,619820.1,-4.52049,55.44625,10.4,0.0,0.0,load_shedding
CRDY3A,33.0,GB,267191.4,673220.6,-4.12749,55.93364,10.0,0.0,0.0,load_shedding
CRDY3B,33.0,GB,267191.4,673220.6,-4.12749,55.93364,10.9,0.0,0.0,load_shedding
CROO1Q,132.0,GB,252003.0,663532.2,-4.3651,55.84223,7.4,0.0,0.0,load_shedding
CROO1R,132.0,GB,252003.0,663532.2,-4.3651,55.84223,11.8,0.0,0.0,load_shedding
CRUA2Q,275.0,GB,207917.8,726743.2,-5.11364,56.39379,12.2,0.0,0.0,load_shedding
CRUA2R,275.0,GB,207917.8,726743.2,-5.11364,56.39379,280008.9,0.0,0.0,load_shedding
CRYR1A,132.0,GB,366686.2,667373.4,-2.53431,55.89832,539655.0,0.0,0.0,wind_onshore
CRYR4-,400.0,GB,366686.2,667373.4,-2.53431,55.89832,11.6,0.0,0.0,load_shedding
CUPA1Q,132.0,GB,336072.0,714016.9,-3.035,56.31423,6160.7,705.4,114.495,landfill_gas
CUPA1R,132.0,GB,336072.0,714016.9,-3.035,56.31423,11.5,0.0,0.0,load_shedding
CURR1A,132.0,GB,318271.9,668452.9,-3.3087,55.90222,12.1,0.0,0.0,load_shedding
CURR1B,132.0,GB,318271.9,668452.9,-3.3087,55.90222,12.3,0.0,0.0,load_shedding
CURR2-,275.0,GB,318271.9,668452.9,-3.3087,55.90222,0.0,0.0,,load_shedding
DALL2-,275.0,GB,216696.5,727269.5,-4.972,56.402,14944.4,0.0,0.0,small_hydro
DALM1-,132.0,GB,262093.2,662432.3,-4.20354,55.83535,11.7,0.0,0.0,load_shedding
DENN2-,275.0,GB,285071.6,683184.7,-3.84572,56.02773,27354.5,0.0,0.0,wind_onshore
DESA1Q,132.0,GB,243395.1,605558.9,-4.46952,55.3191,11.5,0.0,0.0,load_shedding
DEVM1-,132.0,GB,232855.9,673716.1,-4.67682,55.92738,48807.6,0.0,0.0,wind_onshore
DEVM4-,400.0,GB,232855.9,673716.1,-4.67682,55.92738,12.3,0.0,0.0,load_shedding
DEVO1-,132.0,GB,289530.9,695271.7,-3.7792,56.13733,11.9,0.0,0.0,load_shedding
DEWP2Q,275.0,GB,324592.8,673344.2,-3.209,55.94719,10.4,0.0,0.0,load_shedding
DEWP2R,275.0,GB,324592.8,673344.2,-3.209,55.94719,11.8,0.0,0.0,load_shedding
DONO3A,33.0,GB,283530.8,630787.7,-3.848,55.55682,11.3,0.0,0.0,load_shedding
DRUM2Q,275.0,GB,253294.9,671674.6,-4.3489,55.91572,0.0,0.0,,load_shedding
DRUM2R,275.0,GB,253294.9,671674.6,-4.3489,55.91572,10.4,0.0,0.0,load_shedding
DUMF1-,132.0,GB,297232.1,576155.9,-3.61087,55.0692,10.6,0.0,0.0,load_shedding
DUNB1Q,132.0,GB,364358.0,676105.3,-2.5727,55.9766,10.4,0.0,0.0,load_shedding
DUNB1R,132.0,GB,364358.0,676105.3,-2.5727,55.9766,10.4,0.0,0.0,load_shedding
DUNE1-,132.0,GB,327910.2,668850.4,-3.15469,55.90734,11.4,0.0,0.0,load_shedding
DUNE3-,33.0,GB,327910.2,668850.4,-3.15469,55.90734,10.4,0.0,0.0,load_shedding
DUNF1Q,132.0,GB,309943.7,689475.1,-3.4489,56.08956,24365.2,2585.3,106.106,landfill_gas
DUNF1R,132.0,GB,309943.7,689475.1,-3.4489,56.08956,11.7,0.0,0.0,load_shedding
DUNH1Q,132.0,GB,281560.5,641223.3,-3.88371,55.65006,10336.5,0.0,0.0,wind_onshore
DUNH1R,132.0,GB,281560.5,641223.3,-3.88371,55.65006,11.6,0.0,0.0,load_shedding
EAST1Q,132.0,GB,261719.1,581685.1,-4.1693,55.11022,11.5,0.0,0.0,load_shedding
ECCL1-,132.0,GB,379485.0,641672.8,-2.3277,55.66812,11.9,0.0,0.0,load_shedding
ECCL4A,400.0,GB,379485.0,641672.8,-2.3277,55.66812,10.4,0.0,0.0,load_shedding
ECCL4B,400.0,GB,379485.0,641672.8,-2.3277,55.66812,0.9,0.0,0.0,load_shedding
ECCL4C,400.0,GB,379485.0,641672.8,-2.3277,55.66812,10.4,0.0,0.0,load_shedding
ECCL4D,400.0,GB,379485.0,641672.8,-2.3277,55.66812,10.4,0.0,0.0,load_shedding
EERH2-,275.0,GB,270411.5,666992.8,-4.073,55.8786,11.8,0.0,0.0,load_shedding
EKIL2Q,275.0,GB,262663.1,656797.9,-4.1916,55.78492,50409.1,5370.7,106.543,landfill_gas
EKIL2R,275.0,GB,262663.1,656797.9,-4.1916,55.78492,10.4,0.0,0.0,load_shedding
EKIL3A,33.0,GB,262663.1,656797.9,-4.1916,55.78492,9.6,0.0,0.0,load_shedding
EKIS2-,275.0,GB,264417.8,651686.3,-4.1611,55.73952,112376.3,0.0,0.0,wind_onshore
ELDE1Q,132.0,GB,245869.7,663444.4,-4.4629,55.83952,1.0,0.0,0.0,load_shedding
ELDE1R,132.0,GB,245869.7,663444.4,-4.4629,55.83952,11.8,0.0,0.0,load_shedding
ELVA3A,33.0,GB,295174.9,617278.5,-3.65839,55.43813,10.9,0.0,0.0,load_shedding
ELVA4-,400.0,GB,295174.9,617278.5,-3.65839,55.43813,12.1,0.0,0.0,load_shedding
ENHI1-,132.0,GB,266260.6,614065.7,-4.11354,55.40224,0.0,0.0,0.0,wind_onshore
ESST1-,132.0,GB,345131.4,620727.9,-2.86962,55.47728,41162.0,0.0,0.0,wind_onshore
ESST1Q,132.0,GB,345131.4,620727.9,-2.86962,55.47728,10.5,0.0,0.0,load_shedding
EWEH1Q,132.0,GB,254069.8,612689.5,-4.30517,55.3864,26123.0,3133.5,119.95,landfill_gas
FALL4-,400.0,GB,354786.2,675437.8,-2.72595,55.9698,8243.8,987.9,119.831,biogas
FINN1Q,132.0,GB,257027.5,665720.8,-4.28609,55.8634,12.1,0.0,0.0,load_shedding
FINN1R,132.0,GB,257027.5,665720.8,-4.28609,55.8634,12.1,0.0,0.0,load_shedding
GALA1-,132.0,GB,351809.5,635179.7,-2.7665,55.60782,80240.6,0.0,0.0,wind_onshore
GARE1S,132.0,GB,226872.8,683887.9,-4.779,56.01655,11.9,0.0,0.0,load_shedding
GARE1T,132.0,GB,226872.8,683887.9,-4.779,56.01655,12.0,0.0,0.0,load_shedding
GAWH3-,33.0,GB,280578.9,634045.6,-3.89618,55.58536,11.4,0.0,0.0,load_shedding
GLGL1Q,132.0,GB,286274.9,612985.7,-3.79723,55.39759,11.3,0.0,0.0,load_shedding
GLGL3-,33.0,GB,286274.9,612985.7,-3.79723,55.39759,10.9,0.0,0.0,load_shedding
GLLE1-,132.0,GB,260927.7,580262.0,-4.181,55.09722,12.0,0.0,0.0,load_shedding
GLLU1Q,132.0,GB,220583.9,557126.8,-4.798,54.87662,363139.3,0.0,0.0,wind_onshore
GLLU1R,132.0,GB,220583.9,557126.8,-4.798,54.87662,7.3,0.0,0.0,load_shedding
GLNI1-,132.0,GB,321293.7,691352.6,-3.2671,56.10843,11.6,0.0,0.0,load_shedding
GLRO2-,275.0,GB,325881.3,701913.8,-3.1963,56.20403,11332.4,1352.8,119.373,biogas
GORG1Q,132.0,GB,322957.4,672018.2,-3.2348,55.93502,12.0,0.0,0.0,load_shedding
GORG1R,132.0,GB,322957.4,672018.2,-3.2348,55.93502,12.0,0.0,0.0,load_shedding
GOVA1Q,132.0,GB,255231.6,664680.7,-4.3142,55.85352,12.1,0.0,0.0,load_shedding
GOVA1R,132.0,GB,255231.6,664680.7,-4.3142,55.85352,12.1,0.0,0.0,load_shedding
GRMO2-,275.0,GB,292692.2,682004.7,-3.72303,56.0189,11.8,0.0,0.0,load_shedding
GRMO3A,33.0,GB,292692.2,682004.7,-3.72303,56.0189,11357.7,1361.5,119.877,advanced_biofuel
GRNA1-,132.0,GB,331836.3,567276.2,-3.06698,54.99538,11.3,0.0,0.0,load_shedding
GRNA4-,400.0,GB,331836.3,567276.2,-3.06698,54.99538,10.2,0.0,0.0,load_shedding
HAKB4-,400.0,GB,332786.7,569278.6,-3.0526,55.0135,179346.8,0.0,0.0,wind_onshore
HARE1-,132.0,GB,267111.0,674463.8,-4.12939,55.94478,11.5,0.0,0.0,load_shedding
HARR3-,33.0,GB,269468.5,636226.1,-4.07336,55.60209,156345.5,0.0,0.0,wind_onshore
HAWI1-,132.0,GB,350038.5,615209.6,-2.791,55.42822,11.2,0.0,0.0,load_shedding
HELE1R,132.0,GB,231748.0,684070.8,-4.701,56.01992,11.7,0.0,0.0,load_shedding
HUCS4-,400.0,GB,218460.2,651397.2,-4.892,55.72188,12.2,0.0,0.0,load_shedding
HUER1-,132.0,GB,220347.8,653696.8,-4.8635,55.74322,0.0,0.0,,load_shedding
HUER4-,400.0,GB,220347.8,653696.8,-4.8635,55.74322,0.0,0.0,,load_shedding
HUNE4-,400.0,GB,218460.2,651397.2,-4.892,55.72188,0.0,0.0,,load_shedding
HUNF1Q,132.0,GB,218460.2,651397.2,-4.892,55.72188,0.0,0.0,,load_shedding
HUNF1R,132.0,GB,218460.2,651397.2,-4.892,55.72188,10.4,0.0,0.0,load_shedding
HUNN2A,275.0,GB,218460.2,651397.2,-4.892,55.72188,11.8,0.0,0.0,load_shedding
HUNN2B,275.0,GB,218460.2,651397.2,-4.892,55.72188,12.1,0.0,0.0,load_shedding
INVB2A,275.0,GB,231740.1,718419.0,-4.72287,56.32818,10.4,0.0,0.0,load_shedding
INVB2B,275.0,GB,231740.1,718419.0,-4.72287,56.32818,10.4,0.0,0.0,load_shedding
INVR2-,275.0,GB,231740.1,718419.0,-4.72287,56.32818,10.4,0.0,0.0,load_shedding
INWI1Q,132.0,GB,372024.7,673993.0,-2.44963,55.95814,10.4,0.0,0.0,load_shedding
INWI1R,132.0,GB,372024.7,673993.0,-2.44963,55.95814,255949.2,59211.1,231.339,waste_to_energy
JUNA1T,132.0,GB,326924.5,675954.8,-3.17238,55.97101,11.7,0.0,0.0,load_shedding
JUNB1-,132.0,GB,200093.8,682885.6,-5.20715,55.99714,107530.9,0.0,0.0,wind_onshore
KAIM2-,275.0,GB,327334.4,666988.4,-3.1634,55.89052,0.0,0.0,,load_shedding
KAIM3-,33.0,GB,327334.4,666988.4,-3.1634,55.89052,11.8,0.0,0.0,load_shedding
KEOO1-,132.0,GB,261180.6,587337.0,-4.1805,55.16082,11.6,0.0,0.0,load_shedding
KIER1Q,132.0,GB,255685.7,670212.8,-4.3099,55.90332,10.5,0.0,0.0,load_shedding
KIER1R,132.0,GB,255685.7,670212.8,-4.3099,55.90332,11.3,0.0,0.0,load_shedding
KILB1Q,132.0,GB,249881.8,670983.5,-4.40307,55.90847,0.0,0.0,,load_shedding
KILB1R,132.0,GB,249881.8,670983.5,-4.40307,55.90847,7.4,0.0,0.0,load_shedding
KILG2-,275.0,GB,294546.6,564643.6,-3.64866,54.96522,5721.3,0.0,0.0,wind_onshore
KILS1-,132.0,GB,245276.9,634513.0,-4.456,55.57962,12.2,0.0,0.0,load_shedding
KILS2-,275.0,GB,245276.9,634513.0,-4.456,55.57962,0.0,0.0,,load_shedding
KILS4-,400.0,GB,245276.9,634513.0,-4.456,55.57962,12.2,0.0,0.0,load_shedding
KILS4T,400.0,GB,245276.9,634513.0,-4.456,55.57962,11.8,0.0,0.0,load_shedding
KILW1Q,132.0,GB,231642.2,644420.2,-4.6781,55.66402,155223.1,34607.6,222.954,waste_to_energy
KILW1R,132.0,GB,231642.2,644420.2,-4.6781,55.66402,7.4,0.0,0.0,load_shedding
KINB2J,275.0,GB,293113.9,687505.2,-3.71846,56.06839,12.2,0.0,0.0,load_shedding
KINB2K,275.0,GB,293113.9,687505.2,-3.71846,56.06839,12.2,0.0,0.0,load_shedding
KINC2-,275.0,GB,293113.9,687505.2,-3.71846,56.06839,11.8,0.0,0.0,load_shedding
LAMB2-,275.0,GB,258450.1,669297.9,-4.26525,55.89593,0.0,0.0,,load_shedding
LAMB2T,275.0,GB,258450.1,669297.9,-4.26525,55.89593,10.4,0.0,0.0,load_shedding
LEVE1Q,132.0,GB,338238.8,702140.2,-2.9972,56.20783,11.7,0.0,0.0,load_shedding
LEVE1R,132.0,GB,338238.8,702140.2,-2.9972,56.20783,11.7,0.0,0.0,load_shedding
LEVT1Q,132.0,GB,338236.3,700760.9,-2.99692,56.19543,14825.5,0.0,0.0,wind_offshore
LEVT1R,132.0,GB,338236.3,700760.9,-2.99692,56.19543,11.8,0.0,0.0,load_shedding
LOAN2-,275.0,GB,295300.0,685200.0,-3.68246,56.04818,12.2,0.0,0.0,load_shedding
LOAN2T,275.0,GB,295300.0,685200.0,-3.68246,56.04818,12.2,0.0,0.0,load_shedding
MAHI3-,33.0,GB,284367.7,554965.6,-3.80367,54.87604,11.7,0.0,0.0,load_shedding
MAYB1-,132.0,GB,230309.4,608039.3,-4.677,55.33702,10.6,0.0,0.0,load_shedding
MEAD1-,132.0,GB,251321.0,643979.8,-4.36533,55.66649,1231538.9,0.0,0.0,wind_onshore
MINN3-,33.0,GB,304362.1,596499.4,-3.50613,55.25336,59483.5,0.0,0.0,wind_onshore
MOFF4-,400.0,GB,308472.8,605304.7,-3.44436,55.33324,12.2,0.0,0.0,load_shedding
MOSH1Q,132.0,GB,316980.8,690659.8,-3.33621,56.10147,11.5,0.0,0.0,load_shedding
MOSH1R,132.0,GB,316980.8,690659.8,-3.33621,56.10147,11.5,0.0,0.0,load_shedding
MOSM2-,275.0,GB,316980.8,690659.8,-3.33621,56.10147,14383.0,0.0,0.0,wind_onshore
NEAR2Q,275.0,GB,278802.7,660370.7,-3.936,55.82132,30065.3,3017.2,100.355,landfill_gas
NEAR2R,275.0,GB,278802.7,660370.7,-3.936,55.82132,0.0,0.0,,load_shedding
NECU1-,132.0,GB,261840.7,614202.2,-4.18335,55.40224,11.7,0.0,0.0,load_shedding
NEIL1-,132.0,GB,247883.5,657055.9,-4.4272,55.78281,37281.2,1724.9,46.266,wind_onshore
NEIL2-,275.0,GB,247883.5,657055.9,-4.4272,55.78281,1.1,0.0,0.0,load_shedding
NETH3-,33.0,GB,254468.8,669628.1,-4.32903,55.89771,11.3,0.0,0.0,load_shedding
NOKY1-,132.0,GB,261907.5,614311.5,-4.18235,55.40324,11.7,0.0,0.0,load_shedding
PAIS1Q,132.0,GB,249136.2,663284.8,-4.4107,55.83912,12.2,0.0,0.0,load_shedding
PAIS1R,132.0,GB,249136.2,663284.8,-4.4107,55.83912,12.2,0.0,0.0,load_shedding
POOB2Q,275.0,GB,330004.0,673824.0,-3.1225,55.95232,0.0,0.0,,load_shedding
POOB2R,275.0,GB,330004.0,673824.0,-3.1225,55.95232,11.8,0.0,0.0,load_shedding
PORD2Q,275.0,GB,259082.9,666736.8,-4.2538,55.87312,0.0,0.0,,load_shedding
PORD2R,275.0,GB,259082.9,666736.8,-4.2538,55.87312,10.4,0.0,0.0,load_shedding
RAVE3S,33.0,GB,279077.0,653998.1,-3.92879,55.76417,214275.4,0.0,0.0,wind_onshore
RAVE3T,33.0,GB,279077.0,653998.1,-3.92879,55.76417,11.3,0.0,0.0,load_shedding
REDH1-,132.0,GB,328768.8,695329.8,-3.148,56.14533,73655.0,0.0,0.0,wind_onshore
SMEA4Q,400.0,GB,328245.9,693653.1,-3.15596,56.13019,12.1,0.0,0.0,load_shedding
SMEA4R,400.0,GB,328245.9,693653.1,-3.15596,56.13019,12.1,0.0,0.0,load_shedding
STHA4A,400.0,GB,269539.9,652988.5,-4.0802,55.75262,37155.3,0.0,0.0,wind_onshore
STIR1S,132.0,GB,281050.9,693093.4,-3.9146,56.11573,147814.0,0.0,0.0,wind_onshore
STLE1R,132.0,GB,239227.9,675651.5,-4.5761,55.94692,24570.1,2947.0,119.943,landfill_gas
WFIB2-,275.0,GB,293788.3,672240.7,-3.7016,55.93146,68442.2,0.0,0.0,wind_onshore
WHTB1S,132.0,GB,223589.1,692690.4,-4.8374,56.09434,4612.5,0.0,0.0,small_hydro
WHTB1T,132.0,GB,223589.1,692690.4,-4.8374,56.09434,11.8,0.0,0.0,load_shedding
WIYH2-,275.0,GB,296672.5,592427.3,-3.62556,55.21523,0.0,0.0,,load_shedding
ABHA4A,400.0,GB,277365.3,64955.5,-3.72949,50.47156,12.3,0.0,0.0,load_shedding
ABHA4B,400.0,GB,277365.3,64955.5,-3.72949,50.47156,99918.0,2226.9,22.288,solar_pv
ABTH21,275.0,GB,302443.2,166064.2,-3.40332,51.38521,2667289.6,1007718.2,377.806,CCGT
ALDW21,275.0,GB,444886.1,395206.5,-1.32557,53.45171,12.2,0.0,0.0,load_shedding
ALVE4A,400.0,GB,250133.2,125097.8,-4.13746,51.00569,2.6,0.0,0.0,load_shedding
ALVE4B,400.0,GB,250133.2,125097.8,-4.13746,51.00569,667687.0,3397.6,5.089,wind_onshore
AMEM4A,400.0,GB,493113.6,197019.3,-0.65512,51.66425,20989.6,1895.1,90.288,landfill_gas
AMEM4B,400.0,GB,493113.6,197019.3,-0.65512,51.66425,11.9,0.0,0.0,load_shedding
AXMI41,400.0,GB,334933.3,99018.6,-2.92441,50.78707,80361.5,0.0,0.0,solar_pv
BAGB21,275.0,GB,273253.1,192579.1,-3.83212,51.61772,722545.8,4223.6,5.845,wind_onshore
BARK21,275.0,GB,546715.7,182031.3,0.11316,51.51815,138903.8,12891.0,92.805,sewage_gas
BARK22,275.0,GB,546715.7,182031.3,0.11316,51.51815,11.8,0.0,0.0,load_shedding
BARK41,400.0,GB,546715.7,182031.3,0.11316,51.51815,7.4,0.0,0.0,load_shedding
BEDD21,275.0,GB,530311.7,165546.6,-0.12918,51.37403,10.4,0.0,0.0,load_shedding
BEDD22,275.0,GB,530311.7,165546.6,-0.12918,51.37403,7.5,0.0,0.0,load_shedding
BEDD23,275.0,GB,530311.7,165546.6,-0.12918,51.37403,12.2,0.0,0.0,load_shedding
BEDD4A,400.0,GB,530311.7,165546.6,-0.12918,51.37403,11.6,0.0,0.0,load_shedding
BEDD4B,400.0,GB,530311.7,165546.6,-0.12918,51.37403,178478.8,116182.2,650.958,OCGT
BESW21,275.0,GB,426371.7,276581.8,-1.61395,52.38663,11.7,0.0,0.0,load_shedding
BICF41,400.0,GB,519664.6,338524.7,-0.22116,52.9308,104524.1,0.0,0.0,wind_onshore
BIGG41,400.0,GB,518089.9,243908.2,-0.27813,52.08095,152637.5,0.0,0.0,solar_pv
BIRK21,275.0,GB,329476.1,385973.6,-3.0613,53.36591,1354025.5,8901.1,6.574,wind_offshore
BISW21,275.0,GB,383548.8,268293.0,-2.24274,52.3125,207393.3,55152.2,265.93,waste_to_energy
BLYT21,275.0,GB,430013.0,583076.7,-1.53071,55.14114,6.8,0.0,0.0,load_shedding
BODE41,400.0,GB,299197.8,375908.6,-3.51297,53.27055,2893636.9,0.0,0.0,wind_offshore
BOLN41,400.0,GB,523909.3,120920.0,-0.23649,50.97437,12.3,0.0,0.0,load_shedding
BOTW41,400.0,GB,454050.4,109778.1,-1.233,50.88497,53486.1,1497.7,28.001,solar_pv
BRAI4A,400.0,GB,577464.7,221668.1,0.57604,51.86536,635838.0,141313.4,222.248,waste_to_energy
BRAI4B,400.0,GB,577464.7,221668.1,0.57604,51.86536,0.0,0.0,,load_shedding
BRAW21,275.0,GB,408856.5,434876.0,-1.86699,53.8101,12.2,0.0,0.0,load_shedding
BRAW4A,400.0,GB,408856.5,434876.0,-1.86699,53.8101,12.0,0.0,0.0,load_shedding
BRED21,275.0,GB,391371.9,390944.2,-2.13128,53.41523,44329.4,5135.8,115.855,landfill_gas
BRFO41,400.0,GB,610014.1,245739.2,1.06282,52.07018,14188114.1,8215400.9,579.034,CCGT
BRIM2A,275.0,GB,536701.5,197927.1,-0.02488,51.6635,12.2,0.0,0.0,load_shedding
BRIM2B,275.0,GB,536701.5,197927.1,-0.02488,51.6635,11.8,0.0,0.0,load_shedding
BRIM2C,275.0,GB,536701.5,197927.1,-0.02488,51.6635,12.2,0.0,0.0,load_shedding
BRIM2D,275.0,GB,536701.5,197927.1,-0.02488,51.6635,11.8,0.0,0.0,load_shedding
BRIN21,275.0,GB,442115.2,389855.4,-1.368,53.40385,0.0,0.0,,load_shedding
BRIN22,275.0,GB,442115.2,389855.4,-1.368,53.40385,0.0,0.0,,load_shedding
BRIN41,400.0,GB,442115.2,389855.4,-1.368,53.40385,12.0,0.0,0.0,load_shedding
BRLE41,400.0,GB,464399.7,159999.6,-1.07695,51.33545,11.7,0.0,0.0,load_shedding
BRWA41,400.0,GB,332283.7,135782.9,-2.96884,51.11732,382507.4,32874.4,85.944,solar_pv
BRWA42,400.0,GB,332283.7,135782.9,-2.96884,51.11732,10.3,0.0,0.0,load_shedding
BRWA4A,400.0,GB,332283.7,135782.9,-2.96884,51.11732,10.5,0.0,0.0,load_shedding
BRWA4B,400.0,GB,332283.7,135782.9,-2.96884,51.11732,10.3,0.0,0.0,load_shedding
BULL41,400.0,GB,573807.7,210263.2,0.51727,51.76407,10362.5,1243.5,120.0,landfill_gas
BURW41,400.0,GB,558942.8,266732.7,0.32826,52.27577,222345.9,3409.3,15.334,solar_pv
BUSH21,275.0,GB,392331.0,304281.2,-2.11476,52.63622,12.2,0.0,0.0,load_shedding
BUST21,275.0,GB,402536.4,295012.6,-1.96402,52.55295,11.6,0.0,0.0,load_shedding
BUST4A,400.0,GB,402536.4,295012.6,-1.96402,52.55295,12.1,0.0,0.0,load_shedding
BUST4B,400.0,GB,402536.4,295012.6,-1.96402,52.55295,9144.1,952.8,104.195,landfill_gas
CAMA11,132.0,GB,545075.3,258677.5,0.1217,52.20723,11.7,0.0,0.0,load_shedding
CAMA12,132.0,GB,545075.3,258677.5,0.1217,52.20723,131145.8,2035.2,15.518,solar_pv
CANT41,400.0,GB,615830.0,159347.3,1.09418,51.29234,195131.1,10260.7,52.584,solar_pv
CAPE1A,132.0,GB,336867.7,374776.7,-2.948,53.26621,200405.0,21743.9,108.5,advanced_biofuel
CAPE1B,132.0,GB,336867.7,374776.7,-2.948,53.26621,10.5,0.0,0.0,load_shedding
CAPE4A,400.0,GB,336867.7,374776.7,-2.948,53.26621,11.6,0.0,0.0,load_shedding
CAPE4B,400.0,GB,336867.7,374776.7,-2.948,53.26621,11.6,0.0,0.0,load_shedding
CARE21,275.0,GB,320628.9,178013.8,-3.14473,51.49547,42179.4,4091.6,97.005,landfill_gas
CARR21,275.0,GB,373499.8,393200.2,-2.40035,53.43491,8174832.7,488608.7,59.77,nuclear
CARR41,400.0,GB,373499.8,393200.2,-2.40035,53.43491,4.7,0.0,0.0,load_shedding
CARR42,400.0,GB,373499.8,393200.2,-2.40035,53.43491,12.1,0.0,0.0,load_shedding
CARR4B,400.0,GB,373499.8,393200.2,-2.40035,53.43491,5.7,0.0,0.0,load_shedding
CELL41,400.0,GB,394347.2,349322.5,-2.08576,53.04114,205379.6,42036.0,204.675,waste_to_energy
CHIC41,400.0,GB,365487.6,80633.1,-2.48926,50.62437,241954.2,106652.5,440.796,OCGT
CHIC4A,400.0,GB,365487.6,80633.1,-2.48926,50.62437,12.3,0.0,0.0,load_shedding
CHIL41,400.0,GB,450932.3,104245.0,-1.27809,50.8355,41634.7,0.0,0.0,solar_pv
CHSI21,275.0,GB,516875.7,161816.4,-0.32335,51.34343,6324.6,0.0,0.0,solar_pv
CHTE21,275.0,GB,440991.0,369867.8,-1.38749,53.22428,7.4,0.0,0.0,load_shedding
CHUE4A,400.0,GB,558921.3,178774.5,0.28747,51.4856,85124.4,10214.1,119.99,landfill_gas
CHUE4B,400.0,GB,558921.3,178774.5,0.28747,51.4856,10.4,0.0,0.0,load_shedding
CILF2A,275.0,GB,308641.0,192070.7,-3.32102,51.62002,11.9,0.0,0.0,load_shedding
CILF2B,275.0,GB,308641.0,192070.7,-3.32102,51.62002,11.9,0.0,0.0,load_shedding
CILF41,400.0,GB,308641.0,192070.7,-3.32102,51.62002,262757.8,1330.8,5.065,wind_onshore
CITR41,400.0,GB,532182.0,183027.3,-0.0958,51.53069,2712720.0,926502.4,341.54,waste_to_energy
CLEH41,400.0,GB,605057.6,163629.0,0.94236,51.33476,16681.4,0.0,0.0,solar_pv
CONQ41,400.0,GB,328488.6,370593.5,-3.07266,53.22755,3236911.0,1272804.3,393.216,CCGT
COSO41,400.0,GB,574101.4,182238.5,0.50759,51.51225,223155.9,26764.2,119.935,landfill_gas
COTT41,400.0,GB,481478.9,379220.9,-0.77877,53.30368,64095.6,1013.6,15.814,solar_pv
COTT42,400.0,GB,481478.9,379220.9,-0.77877,53.30368,11.4,0.0,0.0,load_shedding
COVE21,275.0,GB,436522.9,284310.1,-1.46396,52.45553,173006.1,20976.8,121.249,landfill_gas
COWL41,400.0,GB,456000.2,201600.2,-1.19091,51.71035,341626.3,64962.2,190.156,waste_to_energy
COWT2A,275.0,GB,298693.6,175904.1,-3.46,51.473,122547.1,0.0,0.0,wind_onshore
CREB2A,275.0,GB,504521.1,435018.1,-0.41449,53.80097,258412.6,5563.2,21.528,wind_onshore
CREB2B,275.0,GB,504521.1,435018.1,-0.41449,53.80097,12.3,0.0,0.0,load_shedding
CREB41,400.0,GB,504521.1,435018.1,-0.41449,53.80097,11.6,0.0,0.0,load_shedding
CULJ4A,400.0,GB,451628.3,195540.3,-1.25507,51.65629,12231.9,0.0,0.0,solar_pv
DAIN41,400.0,GB,374912.9,392201.2,-2.379,53.426,5.4,0.0,0.0,load_shedding
DAMC41,400.0,GB,580937.2,172826.3,0.60118,51.42556,1806708.1,704503.5,389.938,CCGT
DIDC41,400.0,GB,451119.1,191919.6,-1.26296,51.62378,5121997.3,1979381.9,386.447,CCGT
DINO41,400.0,GB,259307.8,359837.8,-4.10365,53.1171,337.6,0.0,0.0,load_shedding
DISS4A,400.0,GB,611706.0,279978.9,1.10888,52.37691,38199.7,908.1,23.772,wind_onshore
DISS4B,400.0,GB,611706.0,279978.9,1.10888,52.37691,1.5,0.0,0.0,load_shedding
DRAK41,400.0,GB,423745.7,319570.2,-1.64946,52.7732,10.2,0.0,0.0,load_shedding
DRAX41,400.0,GB,466557.9,426702.5,-0.99257,53.73248,9.6,0.0,0.0,load_shedding
DRAX42,400.0,GB,466557.9,426702.5,-0.99257,53.73248,377168.1,0.0,0.0,wind_onshore
DUNG41,400.0,GB,608298.5,116870.4,0.96182,50.9137,251877.3,0.0,0.0,wind_onshore
EALI21,275.0,GB,518318.8,179448.8,-0.29676,51.5016,49969.0,5994.9,119.972,sewage_gas
EASO4A,400.0,GB,516069.2,258771.3,-0.30253,52.21494,87058.2,2034.6,23.371,wind_onshore
EASO4B,400.0,GB,516069.2,258771.3,-0.30253,52.21494,12.1,0.0,0.0,load_shedding
ECLA41,400.0,GB,475167.8,225969.0,-0.90826,51.92717,503289.0,80218.1,159.388,waste_to_energy
EGGB41,400.0,GB,457785.4,424252.1,-1.12598,53.7115,4721.2,0.0,0.0,solar_pv
EGGB42,400.0,GB,457785.4,424252.1,-1.12598,53.7115,4835.9,0.0,0.0,solar_pv
ELLA21,275.0,GB,411810.5,422067.9,-1.82261,53.69492,204638.2,104190.9,509.147,OCGT
ELST12,132.0,GB,514758.7,196992.0,-0.3423,51.66,28444.8,3058.2,107.514,biogas
ELST21,275.0,GB,514758.7,196992.0,-0.3423,51.66,12.2,0.0,0.0,load_shedding
ELST22,275.0,GB,514758.7,196992.0,-0.3423,51.66,11.7,0.0,0.0,load_shedding
ELST41,400.0,GB,514758.7,196992.0,-0.3423,51.66,11.8,0.0,0.0,load_shedding
ELST4A,400.0,GB,514758.7,196992.0,-0.3423,51.66,12.2,0.0,0.0,load_shedding
ELST4B,400.0,GB,514758.7,196992.0,-0.3423,51.66,12.1,0.0,0.0,load_shedding
ENDE41,400.0,GB,453278.9,300318.7,-1.21484,52.59806,230690.2,18328.1,79.449,landfill_gas
EXET41,400.0,GB,300947.2,97270.5,-3.40594,50.76654,413958.3,145813.1,352.241,OCGT
FAWL41,400.0,GB,447310.6,102600.3,-1.32973,50.82102,211165.3,33257.0,157.493,waste_to_energy
FECK41,400.0,GB,401998.1,261582.3,-1.97215,52.25241,12.1,0.0,0.0,load_shedding
FENW4A,400.0,GB,459378.4,416347.7,-1.10336,53.64028,34896.6,2104.9,60.318,landfill_gas
FERR21,275.0,GB,448099.9,425100.0,-1.27258,53.7201,11.6,0.0,0.0,load_shedding
FERR22,275.0,GB,448099.9,425100.0,-1.27258,53.7201,9.8,0.0,0.0,load_shedding
FERR23,275.0,GB,448099.9,425100.0,-1.27258,53.7201,7.7,0.0,0.0,load_shedding
FERR2A,275.0,GB,448099.9,425100.0,-1.27258,53.7201,7132.4,0.0,0.0,solar_pv
FERR2B,275.0,GB,448099.9,425100.0,-1.27258,53.7201,9.9,0.0,0.0,load_shedding
FFES21,275.0,GB,267784.0,344301.4,-3.9707,52.9797,240.3,0.0,0.0,load_shedding
FFES22,275.0,GB,267784.0,344301.4,-3.9707,52.9797,11.8,0.0,0.0,load_shedding
FIDF21,275.0,GB,354299.8,386299.6,-2.68833,53.37157,143501.9,16424.0,114.452,landfill_gas
FLEE41,400.0,GB,478192.4,150712.9,-0.88103,51.25024,3713812.9,1463237.7,393.999,CCGT
FOUR21,275.0,GB,389649.1,568652.8,-2.16339,55.01232,11.8,0.0,0.0,load_shedding
FRIN4A,400.0,GB,640769.1,260397.0,1.52107,52.18921,11.9,0.0,0.0,load_shedding
FRIN4B,400.0,GB,638942.9,259794.4,1.49398,52.1846,52329.4,3772.2,72.085,biogas
FRIS4A,400.0,GB,640769.1,260397.0,1.52107,52.18921,9.7,0.0,0.0,load_shedding
FRIS4B,400.0,GB,640769.1,260397.0,1.52107,52.18921,11.5,0.0,0.0,load_shedding
FRIS4C,400.0,GB,638942.9,259794.4,1.49398,52.1846,12.0,0.0,0.0,load_shedding
FRIS4D,400.0,GB,640769.1,260397.0,1.52107,52.18921,11.7,0.0,0.0,load_shedding
FROD41,400.0,GB,352300.2,379400.1,-2.71734,53.30938,11.5,0.0,0.0,load_shedding
GART4A,400.0,GB,433894.3,456841.4,-1.48434,54.00649,49145.3,0.0,0.0,wind_onshore
GART4B,400.0,GB,433894.3,456841.4,-1.48434,54.00649,12.1,0.0,0.0,load_shedding
GRAI41,400.0,GB,588785.1,175871.9,0.71555,51.45035,3201451.2,1255916.4,392.296,CCGT
GREN41,400.0,GB,487105.0,261340.2,-0.72568,52.24336,521908.6,10860.6,20.809,wind_onshore
GRIW41,400.0,GB,522569.1,409295.6,-0.15076,53.56596,197453.7,0.0,0.0,wind_onshore
GRST2A,275.0,GB,432268.3,385386.6,-1.51656,53.36437,1.4,0.0,0.0,load_shedding
GRST2B,275.0,GB,432268.3,385386.6,-1.51656,53.36437,0.0,0.0,,load_shedding
GWYN4A,400.0,GB,248607.5,363486.5,-4.26512,53.14695,43655.5,0.0,0.0,solar_pv
GWYN4B,400.0,GB,248607.5,363486.5,-4.26512,53.14695,11.6,0.0,0.0,load_shedding
HACK2A,275.0,GB,535912.2,186327.8,-0.04078,51.55946,11.8,0.0,0.0,load_shedding
HACK2B,275.0,GB,535912.2,186327.8,-0.04078,51.55946,11.7,0.0,0.0,load_shedding
HACK41,400.0,GB,535912.2,186327.8,-0.04078,51.55946,1.2,0.0,0.0,load_shedding
HAKB1-,132.0,GB,337276.3,561712.5,-2.98075,54.94611,23847.1,0.0,0.0,wind_onshore
HAKB4B,400.0,GB,332914.2,566261.5,-3.0499,54.98641,10.2,0.0,0.0,load_shedding
HAMB4A,400.0,GB,436789.1,484010.2,-1.43688,54.25046,87870.3,1740.1,19.803,solar_pv
HAMB4B,400.0,GB,436789.1,484010.2,-1.43688,54.25046,10.3,0.0,0.0,load_shedding
HAMH1A,132.0,GB,419856.0,292349.8,-1.70875,52.52866,225060.1,24326.1,108.087,sewage_gas
HAMH1B,132.0,GB,419856.0,292349.8,-1.70875,52.52866,11.7,0.0,0.0,load_shedding
HAMH2A,275.0,GB,419856.0,292349.8,-1.70875,52.52866,12.1,0.0,0.0,load_shedding
HAMH41,400.0,GB,419856.0,292349.8,-1.70875,52.52866,12.1,0.0,0.0,load_shedding
HARK13,132.0,GB,338315.2,561188.3,-2.96442,54.94153,27693.8,0.0,0.0,solar_pv
HARK21,275.0,GB,338315.2,561188.3,-2.96442,54.94153,12.3,0.0,0.0,load_shedding
HARK23,275.0,GB,338315.2,561188.3,-2.96442,54.94153,12.3,0.0,0.0,load_shedding
HARK41,400.0,GB,338315.2,561188.3,-2.96442,54.94153,11.6,0.0,0.0,load_shedding
HARM21,275.0,GB,445816.0,534254.1,-1.29058,54.70124,165652.4,0.0,0.0,wind_onshore
HATL21,275.0,GB,452484.9,527372.0,-1.18834,54.63875,7742909.8,3573.6,0.462,nuclear
HAWP21,275.0,GB,438561.5,545873.2,-1.40161,54.80625,119660.3,721.5,6.029,wind_onshore
HAWP2A,275.0,GB,438561.5,545873.2,-1.40161,54.80625,11.6,0.0,0.0,load_shedding
HAWP4A,400.0,GB,438561.5,545873.2,-1.40161,54.80625,11.7,0.0,0.0,load_shedding
HEDO21,275.0,GB,519215.9,428625.4,-0.19396,53.74039,7.6,0.0,0.0,load_shedding
HEYS41,400.0,GB,341871.5,459999.7,-2.88896,54.03269,8071417.3,0.0,0.0,nuclear
HIBU41,400.0,GB,531658.9,184695.1,-0.10271,51.5458,7.5,0.0,0.0,load_shedding
HIGM21,275.0,GB,480725.9,370184.0,-0.79236,53.22258,12.1,0.0,0.0,load_shedding
HIGM41,400.0,GB,480725.9,370184.0,-0.79236,53.22258,11.6,0.0,0.0,load_shedding
HIGM4A,400.0,GB,480725.9,370184.0,-0.79236,53.22258,181291.1,44920.7,247.782,waste_to_energy
HINP41,400.0,GB,321337.8,146160.2,-3.12746,51.20921,7.3,0.0,0.0,load_shedding
HUMR41,400.0,GB,522808.8,413277.8,-0.14558,53.60168,27108.0,8128.7,299.864,waste_to_energy
HURS21,275.0,GB,549791.2,172952.1,0.15361,51.43577,629929.7,188975.2,299.994,waste_to_energy
HUTT41,400.0,GB,356352.8,489341.4,-2.67215,54.29781,58980.7,0.0,0.0,wind_onshore
IMPP41,400.0,GB,328606.1,183738.2,-3.031,51.548,21435.6,2014.9,93.998,landfill_gas
INDQ41,400.0,GB,193921.8,59024.9,-4.90081,50.3949,1074627.3,58343.1,54.292,wind_onshore
IROA11,132.0,GB,366740.0,185677.7,-2.48127,51.56898,60179.8,0.0,0.0,solar_pv
IROA12,132.0,GB,366740.0,185677.7,-2.48127,51.56898,11.8,0.0,0.0,load_shedding
IROA21,275.0,GB,366740.0,185677.7,-2.48127,51.56898,12.5,0.0,0.0,load_shedding
IRON41,400.0,GB,365582.0,303981.2,-2.50997,52.63248,10.4,0.0,0.0,load_shedding
IVER21,275.0,GB,504284.4,183618.0,-0.49764,51.54184,12.1,0.0,0.0,load_shedding
IVER22,275.0,GB,504284.4,183618.0,-0.49764,51.54184,977467.7,274633.8,280.965,waste_to_energy
IVER2A,275.0,GB,504284.4,183618.0,-0.49764,51.54184,12.2,0.0,0.0,load_shedding
JORD21,275.0,GB,436499.8,381599.8,-1.45341,53.33006,10.5,0.0,0.0,load_shedding
KEAD42,400.0,GB,482299.7,411900.1,-0.75792,53.59722,330669.8,4096.3,12.388,wind_onshore
KEAD43,400.0,GB,482299.7,411900.1,-0.75792,53.59722,11.6,0.0,0.0,load_shedding
KEAR21,275.0,GB,376302.8,404672.5,-2.35903,53.53816,12.2,0.0,0.0,load_shedding
KEAR41,400.0,GB,376302.8,404672.5,-2.35903,53.53816,11.5,0.0,0.0,load_shedding
KEMS41,400.0,GB,590873.5,166701.1,0.74064,51.36729,520093.9,132913.6,255.557,waste_to_energy
KENG41,400.0,GB,523259.4,182793.6,-0.22444,51.53061,0.0,0.0,,load_shedding
KIBY21,275.0,GB,343707.9,397291.8,-2.84948,53.46934,10.4,0.0,0.0,load_shedding
KILL41,400.0,GB,515391.9,419132.5,-0.25543,53.65596,3491938.2,2233531.0,639.625,OCGT
KINO41,400.0,GB,580614.0,172198.2,0.59622,51.42002,11.9,0.0,0.0,load_shedding
KIRK2A,275.0,GB,426648.1,434468.1,-1.59684,53.80583,12.1,0.0,0.0,load_shedding
KITW21,275.0,GB,399197.8,281477.5,-2.01322,52.43128,16849.4,1983.6,117.724,landfill_gas
KNAR21,275.0,GB,433645.0,459590.4,-1.48784,54.03121,244672.8,71849.4,293.655,waste_to_energy
LACK21,275.0,GB,456129.0,519505.7,-1.13339,54.56767,61657.0,3607.8,58.513,wind_onshore
LACK41,400.0,GB,456129.0,519505.7,-1.13339,54.56767,12.1,0.0,0.0,load_shedding
LAGA41,400.0,GB,257095.9,56214.5,-4.01161,50.3884,83202.7,3120.9,37.51,solar_pv
LALE21,275.0,GB,506516.7,170603.5,-0.46938,51.42444,109219.7,12187.7,111.589,landfill_gas
LEGA41,400.0,GB,329540.9,348471.7,-3.05204,53.02887,159242.4,6824.7,42.857,solar_pv
LEGA4A,400.0,GB,329540.9,348471.7,-3.05204,53.02887,11.7,0.0,0.0,load_shedding
LEIB4A,400.0,GB,492118.8,225073.4,-0.66205,51.91658,102826.8,7343.9,71.42,biogas
LEIB4B,400.0,GB,492118.8,225073.4,-0.66205,51.91658,18856.4,0.0,0.0,solar_pv
LEIS11,132.0,GB,644457.5,262502.1,1.57643,52.20648,13736.6,0.0,0.0,solar_pv
LEIS4A,400.0,GB,644457.5,262502.1,1.57643,52.20648,10.2,0.0,0.0,load_shedding
LISD21,275.0,GB,338700.3,391799.8,-2.92383,53.41942,10.4,0.0,0.0,load_shedding
LITT41,400.0,GB,556016.1,175904.8,0.24439,51.46062,190784.3,22892.7,119.993,landfill_gas
LOFI4A,400.0,GB,560110.6,168862.7,0.3001,51.39621,86852.0,5815.9,66.963,landfill_gas
LOFI4B,400.0,GB,560110.6,168862.7,0.3001,51.39621,12.2,0.0,0.0,load_shedding
LOVE41,400.0,GB,467565.9,113411.0,-1.04023,50.91622,378588.3,47042.7,124.258,solar_pv
MACC41,400.0,GB,392057.2,374627.8,-2.12055,53.26858,34756.9,3598.5,103.533,landfill_gas
MAGA21,275.0,GB,278503.0,186029.0,-3.75406,51.56002,11.7,0.0,0.0,load_shedding
MANN41,400.0,GB,407499.8,105299.6,-1.89484,50.84717,12.3,0.0,0.0,load_shedding
MARH41,400.0,GB,473390.7,287189.8,-0.92086,52.47771,12.1,0.0,0.0,load_shedding
MARH42,400.0,GB,473390.7,287189.8,-0.92086,52.47771,12.0,0.0,0.0,load_shedding
MARH4A,400.0,GB,473390.7,287189.8,-0.92086,52.47771,12.0,0.0,0.0,load_shedding
MARV41,400.0,GB,500732.9,246510.0,-0.53055,52.10776,971032.3,215390.2,221.816,waste_to_energy
MARV4A,400.0,GB,500732.9,246510.0,-0.53055,52.10776,7.3,0.0,0.0,load_shedding
MARV4B,400.0,GB,500732.9,246510.0,-0.53055,52.10776,7.3,0.0,0.0,load_shedding
MAWO41,400.0,GB,439680.2,111108.7,-1.43713,50.8981,2886865.9,1119616.1,387.831,CCGT
MEDB4A,400.0,GB,413222.0,570383.1,-1.7947,55.02781,10.4,0.0,0.0,load_shedding
MEDB4B,400.0,GB,413222.0,570383.1,-1.7947,55.02781,11094.7,1330.1,119.887,landfill_gas
MELK41,400.0,GB,389633.1,165874.7,-2.15038,51.39181,362878.4,13115.7,36.144,solar_pv
MIDL41,400.0,GB,386883.2,405816.6,-2.19944,53.54882,1.5,0.0,0.0,load_shedding
MONF22,275.0,GB,451888.3,430107.0,-1.21434,53.76474,796316.3,249904.5,313.826,waste_to_energy
MONF41,400.0,GB,451888.3,430107.0,-1.21434,53.76474,16065650.3,6329861.9,394.0,CCGT
NECT41,400.0,GB,587946.0,309582.4,0.777,52.6514,102851.1,0.0,0.0,wind_onshore
NECT4A,400.0,GB,587946.0,309582.4,0.777,52.6514,12.2,0.0,0.0,load_shedding
NECT4B,400.0,GB,587946.0,309582.4,0.777,52.6514,12.3,0.0,0.0,load_shedding
NEEP21,275.0,GB,434053.1,390036.1,-1.48924,53.40605,9756.1,1169.5,119.871,landfill_gas
NEEP4A,400.0,GB,434053.1,390036.1,-1.48924,53.40605,7.7,0.0,0.0,load_shedding
NEWX21,275.0,GB,534711.6,177876.9,-0.06132,51.48381,306116.8,91831.5,299.988,waste_to_energy
NFLE41,400.0,GB,562059.4,172457.4,0.32973,51.42795,35245.6,0.0,0.0,wind_onshore
NORL2A,275.0,GB,435383.2,383795.4,-1.46993,53.34987,11.8,0.0,0.0,load_shedding
NORL2B,275.0,GB,435383.2,383795.4,-1.46993,53.34987,10.5,0.0,0.0,load_shedding
NORT21,275.0,GB,441271.9,522071.8,-1.3628,54.59216,73568.7,0.0,0.0,wind_onshore
NORT41,400.0,GB,441271.9,522071.8,-1.3628,54.59216,0.0,0.0,,load_shedding
NORW11,132.0,GB,622916.9,308511.6,1.2924,52.62856,0.0,0.0,0.0,load_shedding
NORW12,132.0,GB,622916.9,308511.6,1.2924,52.62856,0.0,0.0,22.496,solar_pv
OCKH21,275.0,GB,397851.3,293683.8,-2.03311,52.54101,17062.7,5115.3,299.794,waste_to_energy
OCKH2A,275.0,GB,397851.3,293683.8,-2.03311,52.54101,11.7,0.0,0.0,load_shedding
OFFE21,275.0,GB,434897.2,554187.3,-1.45761,54.88123,12.1,0.0,0.0,load_shedding
OSBA41,400.0,GB,464119.5,451588.6,-1.02434,53.95642,1.2,0.0,0.0,load_shedding
OSBA42,400.0,GB,464119.5,451588.6,-1.02434,53.95642,11.8,0.0,0.0,load_shedding
PADI41,400.0,GB,378528.1,433185.0,-2.32744,53.79453,204018.2,10776.4,52.821,wind_onshore
PELH41,400.0,GB,545621.8,228408.6,0.11679,51.93514,120164.5,6645.9,55.307,solar_pv
PEMB41,400.0,GB,193586.6,202382.0,-4.98725,51.68216,6100850.8,2403730.7,393.999,CCGT
PENT41,400.0,GB,255800.5,367724.7,-4.15956,53.18701,12.0,0.0,0.0,load_shedding
PEWO2A,275.0,GB,351999.6,427475.0,-2.72924,53.74143,11.6,0.0,0.0,load_shedding
PEWO2B,275.0,GB,351999.6,427475.0,-2.72924,53.74143,11.6,0.0,0.0,load_shedding
PEWO2C,275.0,GB,351999.6,427475.0,-2.72924,53.74143,11.6,0.0,0.0,load_shedding
PEWO2D,275.0,GB,351999.6,427475.0,-2.72924,53.74143,12076.1,1447.7,119.884,biogas
PEWO41,400.0,GB,351999.6,427475.0,-2.72924,53.74143,11.7,0.0,0.0,load_shedding
PITS21,275.0,GB,436913.2,389356.5,-1.4463,53.39975,168555.8,50563.6,299.981,waste_to_energy
PUDM41,400.0,GB,537878.3,183528.2,-0.01354,51.53383,1.2,0.0,0.0,load_shedding
PYLE21,275.0,GB,283041.4,183230.3,-3.68769,51.53582,155566.3,4181.4,26.879,wind_onshore
RASS41,400.0,GB,315590.4,212938.8,-3.22573,51.80869,168498.5,10035.1,59.556,landfill_gas
RATS41,400.0,GB,450407.8,329796.4,-1.2527,52.8633,11.7,0.0,0.0,load_shedding
RAYL41,400.0,GB,578010.4,191435.6,0.56852,51.59364,234483.9,0.0,0.0,wind_onshore
REBR21,275.0,GB,541699.8,189799.9,0.04405,51.58924,51.8,0.0,0.0,solar_pv
REBR22,275.0,GB,541699.8,189799.9,0.04405,51.58924,12.2,0.0,0.0,load_shedding
RHIG41,400.0,GB,293227.5,206501.1,-3.548,51.747,645204.9,24574.9,38.088,wind_onshore
ROCH21,275.0,GB,385846.0,413925.2,-2.21546,53.62167,11.9,0.0,0.0,load_shedding
RYEH41,400.0,GB,538372.9,208505.4,0.00346,51.75815,1838695.0,724441.0,393.997,CCGT
RYEH4A,400.0,GB,538372.9,208505.4,0.00346,51.75815,10.4,0.0,0.0,load_shedding
RYEH4B,400.0,GB,538372.9,208505.4,0.00346,51.75815,0.0,0.0,,load_shedding
SAEN21,275.0,GB,516150.3,428002.8,-0.24064,53.73549,7.6,0.0,0.0,load_shedding
SAFO41,400.0,GB,279854.9,103999.6,-3.7071,50.82303,156341.3,1224.7,7.833,wind_onshore
SEAB41,400.0,GB,353592.2,182144.7,-2.67049,51.53629,4687924.3,1672081.7,356.678,CCGT
SELL4A,400.0,GB,608539.3,138313.6,0.97755,51.10617,0.0,0.0,,load_shedding
SELL4B,400.0,GB,608539.3,138313.6,0.97755,51.10617,1.2,0.0,0.0,load_shedding
SHRE4A,400.0,GB,349149.3,312499.0,-2.75407,52.70775,372721.6,22980.7,61.657,wind_onshore
SHUR41,400.0,GB,320291.1,144295.1,-3.14203,51.1923,34153.2,3322.1,97.27,biogas
SPEN41,400.0,GB,428811.4,534515.3,-1.55441,54.70484,31552.3,3304.4,104.729,biogas
SPEN42,400.0,GB,428811.4,534515.3,-1.55441,54.70484,112210.8,2715.6,24.201,wind_onshore
SPLN41,400.0,GB,525969.1,324922.5,-0.13268,52.80715,90805.9,1757.4,19.354,wind_onshore
SSHI22,275.0,GB,435298.5,564435.9,-1.4501,54.97329,47869.6,4364.2,91.169,sewage_gas
STAL4A,400.0,GB,397200.1,399500.1,-2.04367,53.4922,27441.0,2965.9,108.084,landfill_gas
STAL4B,400.0,GB,397200.1,399500.1,-2.04367,53.4922,10.1,0.0,0.0,load_shedding
STEN11,132.0,GB,417732.3,564862.4,-1.72449,54.97806,7.8,0.0,0.0,load_shedding
SUND41,400.0,GB,503117.6,227145.6,-0.50157,51.93328,48260.3,3661.8,75.875,landfill_gas
SWAN41,400.0,GB,264527.3,200038.4,-3.96097,51.68272,621201.5,4660.2,7.502,wind_onshore
SWAN42,400.0,GB,264527.3,200038.4,-3.96097,51.68272,1.1,0.0,0.0,load_shedding
TEMP22,275.0,GB,440977.9,390761.5,-1.38499,53.41208,10.5,0.0,0.0,load_shedding
THOM21,275.0,GB,460544.4,409564.2,-1.08704,53.57919,12.0,0.0,0.0,load_shedding
THOM2A,275.0,GB,460544.4,409564.2,-1.08704,53.57919,273641.6,18014.7,65.833,wind_onshore
THUR21,275.0,GB,448856.2,390031.2,-1.26659,53.40485,12.2,0.0,0.0,load_shedding
THUR2A,275.0,GB,448856.2,390031.2,-1.26659,53.40485,12.1,0.0,0.0,load_shedding
TILB21,275.0,GB,566240.4,176279.5,0.39161,51.46108,11.9,0.0,0.0,load_shedding
TILB41,400.0,GB,566240.4,176279.5,0.39161,51.46108,75091.6,7879.7,104.935,landfill_gas
TOTT2A,275.0,GB,535233.0,191241.3,-0.04868,51.60378,506534.3,147411.4,291.02,waste_to_energy
TOTT2B,275.0,GB,535233.0,191241.3,-0.04868,51.60378,11.8,0.0,0.0,load_shedding
TRAW41,400.0,GB,268978.0,338617.4,-3.95063,52.92893,606877.2,0.0,0.0,wind_onshore
TREM21,275.0,GB,320840.1,177134.3,-3.14149,51.4876,344508.0,86342.9,250.627,waste_to_energy
TYNE21,275.0,GB,432109.7,570033.7,-1.49929,55.02381,33460.9,3015.2,90.11,landfill_gas
USKM21,275.0,GB,332452.7,183761.9,-2.97554,51.54869,45380.2,0.0,0.0,wind_onshore
USKM2A,275.0,GB,332452.7,183761.9,-2.97554,51.54869,7.7,0.0,0.0,load_shedding
USKM2B,275.0,GB,332452.7,183761.9,-2.97554,51.54869,1.9,0.0,0.0,load_shedding
WBUR41,400.0,GB,479480.9,385497.1,-0.80717,53.36038,89926.7,3028.5,33.677,solar_pv
WHSO41,400.0,GB,342632.9,185339.5,-2.829,51.564,71891.7,0.0,0.0,solar_pv
WIMB21,275.0,GB,526059.3,171778.6,-0.18803,51.431,11.8,0.0,0.0,load_shedding
WTHU4C,400.0,GB,559100.3,177300.2,0.28938,51.4723,10.4,0.0,0.0,load_shedding
WTHU4D,400.0,GB,559100.3,177300.2,0.28938,51.4723,7.2,0.0,0.0,load_shedding
BOSO11,132.0,GB,321055.5,467883.9,-3.20875,54.10077,90677.6,1473.0,16.245,wind_onshore
BEIW21,275.0,GB,348445.7,929370.4,-2.88,58.25,37060.7,0.0,0.0,wind_offshore
BEIW22,275.0,GB,348445.7,929370.4,-2.88,58.25,2.0,0.0,0.0,load_shedding
BEAT41,400.0,GB,342739.0,848567.8,-2.95771,57.52363,11.4,0.0,0.0,load_shedding
BBWO21,275.0,GB,298722.0,375539.3,-3.51998,53.26714,24835.4,2978.8,119.944,landfill_gas
DBBODC,400.0,GB,506006.5,434404.2,-0.39216,53.79516,259522.3,29234.9,112.649,advanced_biofuel
DBBO41,400.0,GB,506006.5,434404.2,-0.39216,53.79516,12.2,0.0,0.0,load_shedding
DBAOD,400.0,GB,506006.5,434404.2,-0.39216,53.79516,11.7,0.0,0.0,load_shedding
DUDW11,132.0,GB,625508.6,379552.9,1.38,53.265,12.1,0.0,0.0,load_shedding
DUDW12,132.0,GB,625508.6,379552.9,1.38,53.265,986897.4,0.0,0.0,wind_offshore
BRST21,275.0,GB,610027.2,245719.5,1.063,52.07,11.5,0.0,0.0,load_shedding
BRST22,275.0,GB,610027.2,245719.5,1.063,52.07,11.8,0.0,0.0,load_shedding
GALO11,132.0,GB,647495.4,262777.8,1.621,52.2076,7.6,0.0,0.0,load_shedding
GALO12,132.0,GB,647495.4,262777.8,1.621,52.2076,12.2,0.0,0.0,load_shedding
GGON11,132.0,GB,647495.4,262777.8,1.621,52.2076,12.3,0.0,0.0,load_shedding
GGON12,132.0,GB,647495.4,262777.8,1.621,52.2076,10.5,0.0,0.0,load_shedding
GGON13,132.0,GB,647495.4,262777.8,1.621,52.2076,12.1,0.0,0.0,load_shedding
GREG11,132.0,GB,667042.4,233213.6,1.8833,51.9333,11.7,0.0,0.0,load_shedding
GREG12,132.0,GB,667042.4,233213.6,1.8833,51.9333,11.6,0.0,0.0,load_shedding
GREG13,132.0,GB,667042.4,233213.6,1.8833,51.9333,11.6,0.0,0.0,load_shedding
CLTO11,132.0,GB,610095.4,245680.2,1.06397,52.06962,11.6,0.0,0.0,load_shedding
GWYO11,132.0,GB,277295.9,378751.4,-3.84231,53.29147,11.9,0.0,0.0,load_shedding
GWYO12,132.0,GB,277295.9,378751.4,-3.84231,53.29147,11.9,0.0,0.0,load_shedding
HOWA21,275.0,GB,520368.8,447920.7,-0.16894,53.91346,338962.6,1292.1,3.812,wind_onshore
HOWR2A,275.0,GB,595975.0,449607.5,0.98181,53.90555,11.8,0.0,0.0,load_shedding
HOWW2A,275.0,GB,649077.3,451527.0,1.79,53.9,3954310.9,0.0,0.0,wind_offshore
HOWW2B,275.0,GB,649077.3,451527.0,1.79,53.9,12.8,0.0,0.0,load_shedding
HOWB21,275.0,GB,582439.5,434847.3,0.76728,53.77798,11.7,0.0,0.0,load_shedding
HOWR2B,275.0,GB,649077.3,451527.0,1.79,53.9,5751601.6,0.0,0.0,wind_offshore
HUMO11,132.0,GB,522808.8,413277.8,-0.14558,53.60168,25124.0,3013.5,119.945,landfill_gas
HUMO12,132.0,GB,522808.8,413277.8,-0.14558,53.60168,11.5,0.0,0.0,load_shedding
HUMO21,275.0,GB,522808.8,413277.8,-0.14558,53.60168,12.0,0.0,0.0,load_shedding
HUMO22,275.0,GB,522808.8,413277.8,-0.14558,53.60168,12.0,0.0,0.0,load_shedding
LINO41,400.0,GB,483090.7,356001.5,-0.76062,53.09476,147594.3,6726.8,45.577,solar_pv
LINO11,132.0,GB,483090.7,356001.5,-0.76062,53.09476,7.6,0.0,0.0,load_shedding
LINO12,132.0,GB,483090.7,356001.5,-0.76062,53.09476,7.4,0.0,0.0,load_shedding
LINO13,132.0,GB,483090.7,356001.5,-0.76062,53.09476,7.6,0.0,0.0,load_shedding
LINO14,132.0,GB,483090.7,356001.5,-0.76062,53.09476,7.5,0.0,0.0,load_shedding
LONO11,132.0,GB,605460.6,163916.6,0.9483,51.3372,392483.7,0.0,0.0,wind_offshore
LONO12,132.0,GB,605460.6,163916.6,0.9483,51.3372,11.4,0.0,0.0,load_shedding
LONO13,132.0,GB,605460.6,163916.6,0.9483,51.3372,11.3,0.0,0.0,load_shedding
LONO14,132.0,GB,605460.6,163916.6,0.9483,51.3372,11.6,0.0,0.0,load_shedding
MOWE21,275.0,GB,357763.3,922356.0,-2.72,58.188,11.3,0.0,0.0,load_shedding
MOWE22,275.0,GB,357763.3,922356.0,-2.72,58.188,38023.6,0.0,0.0,wind_offshore
MOWE23,275.0,GB,357763.3,922356.0,-2.72,58.188,11.3,0.0,0.0,load_shedding
MOWO21,275.0,GB,344985.2,847685.0,-2.92002,57.51598,10.4,0.0,0.0,load_shedding
MOWO22,275.0,GB,344985.2,847685.0,-2.92002,57.51598,11.3,0.0,0.0,load_shedding
MOWW61,66.0,GB,344957.1,847781.3,-2.92051,57.51684,9.9,0.0,0.0,load_shedding
MOWW62,66.0,GB,344957.1,847781.3,-2.92051,57.51684,11.3,0.0,0.0,load_shedding
NNGO21,275.0,GB,366399.0,669532.3,-2.53918,55.9177,92637.8,0.0,0.0,wind_onshore
NNGO22,275.0,GB,366399.0,669532.3,-2.53918,55.9177,11.6,0.0,0.0,load_shedding
ORMO11,132.0,GB,302868.0,532704.6,-3.508,54.68,336494.5,6954.6,20.668,wind_onshore
RACW22,275.0,GB,548749.4,316602.6,0.20124,52.72662,820463.2,159249.0,194.097,waste_to_energy
RACW21,275.0,GB,548709.4,316632.8,0.20066,52.7269,11.9,0.0,0.0,load_shedding
WALP41,400.0,GB,548589.2,316723.5,0.19893,52.72775,194263.2,1416.7,7.293,wind_onshore
TWNE11,132.0,GB,525706.8,120018.4,-0.21121,50.96588,11.3,0.0,0.0,load_shedding
TWNE12,132.0,GB,525706.8,120018.4,-0.21121,50.96588,11.6,0.0,0.0,load_shedding
RORE11,132.0,GB,338224.4,561231.3,-2.96584,54.9419,11.4,0.0,0.0,load_shedding
RORW11,132.0,GB,338224.4,561231.3,-2.96584,54.9419,11.4,0.0,0.0,load_shedding
LACK42,400.0,GB,458130.3,519686.9,-1.10241,54.56907,11.3,0.0,0.0,load_shedding
TEAL2K,275.0,GB,341104.8,738316.0,-2.95914,56.53315,0.0,0.0,,load_shedding
SGRO21,275.0,GB,379254.6,766712.4,-2.34121,56.79149,11.7,0.0,0.0,load_shedding
SGRO22,275.0,GB,379292.2,766688.4,-2.34059,56.79128,10.8,0.0,0.0,load_shedding
SSAW11,132.0,GB,621888.7,302253.6,1.27304,52.57281,16675.4,0.0,0.0,solar_pv
SSBW11,132.0,GB,621888.7,302253.6,1.27304,52.57281,11.9,0.0,0.0,load_shedding
THAW11,132.0,GB,633369.3,161874.3,1.34694,51.30811,11.5,0.0,0.0,load_shedding
THAW12,132.0,GB,633369.3,161874.3,1.34694,51.30811,19356.1,0.0,0.0,solar_pv
TKNO22,275.0,GB,521166.0,342038.9,-0.19753,52.96204,11.7,0.0,0.0,load_shedding
TKNO21,275.0,GB,521166.0,342038.9,-0.19753,52.96204,192147.9,16655.8,86.682,advanced_biofuel
WOWE21,275.0,GB,207433.6,451092.8,-4.9339,53.92008,11.5,0.0,0.0,load_shedding
WADW21,275.0,GB,286477.7,467072.0,-3.737,54.087,12.1,0.0,0.0,load_shedding
WOWE22,275.0,GB,221391.6,453808.6,-4.72321,53.94946,11.6,0.0,0.0,load_shedding
WAAO11,132.0,GB,319816.4,467328.0,-3.22755,54.09558,11.8,0.0,0.0,load_shedding
WAAO1A,132.0,GB,319816.4,467328.0,-3.22755,54.09558,11.7,0.0,0.0,load_shedding
WABO11,132.0,GB,319816.4,467328.0,-3.22755,54.09558,10.0,0.0,0.0,load_shedding
WABO1A,132.0,GB,319816.4,467328.0,-3.22755,54.09558,9.6,0.0,0.0,load_shedding
WDSW11,132.0,GB,304096.7,455208.8,-3.464,53.984,12.0,0.0,0.0,load_shedding
WDSW12,132.0,GB,304096.7,455208.8,-3.464,53.984,11.2,0.0,0.0,load_shedding
WERO11,132.0,GB,519542.0,428498.2,-0.18906,53.73917,11.9,0.0,0.0,load_shedding
BOAG1Q,132.0,GB,296134.7,818941.4,-3.723,57.24933,11.5,0.0,0.0,load_shedding
BOAG1R,132.0,GB,296134.7,818941.4,-3.723,57.24933,11.6,0.0,0.0,load_shedding
BRCW2K,275.0,GB,283671.1,709533.4,-3.87969,56.26399,112946.6,0.0,0.0,wind_onshore
BRID1Q,132.0,GB,366035.6,758885.9,-2.55655,56.72041,11.7,0.0,0.0,load_shedding
BRID1R,132.0,GB,366035.6,758885.9,-2.55655,56.72041,11.7,0.0,0.0,load_shedding
BUMU1R,132.0,GB,308280.2,723708.1,-3.4875,56.3967,0.0,0.0,,load_shedding
CEAN1Q,132.0,GB,222464.9,810842.6,-4.9367,57.15402,242371.0,0.0,0.0,large_hydro
CHAR1R,132.0,GB,335735.7,731789.7,-3.0448,56.47383,0.0,0.0,,load_shedding
CONN1J,132.0,GB,292246.5,948797.7,-3.84609,58.41421,11.8,0.0,0.0,load_shedding
COUA1Q,132.0,GB,321811.3,739183.4,-3.273,56.53813,18143.3,0.0,0.0,load_shedding
COUA1R,132.0,GB,321811.3,739183.4,-3.273,56.53813,11.7,0.0,0.0,load_shedding
CRSS1K,132.0,GB,183189.0,651102.5,-5.4523,55.70475,0.0,0.0,,load_shedding
DEAN1Q,132.0,GB,260918.2,847840.8,-4.32252,57.49936,11.4,0.0,0.0,load_shedding
DORE11,132.0,GB,331999.9,829498.4,-3.13168,57.35089,387241.2,1004.2,2.593,wind_onshore
DORE12,132.0,GB,331999.9,829498.4,-3.13168,57.35089,11.4,0.0,0.0,load_shedding
DOUN1-,132.0,GB,298125.1,966654.3,-3.7535,58.57592,247279.7,0.0,0.0,wind_onshore
EDIN1-,132.0,GB,134547.4,850974.3,-6.4292,57.47108,9.1,0.0,0.0,load_shedding
FARI1J,132.0,GB,257161.1,826462.2,-4.37271,57.30632,11.5,0.0,0.0,load_shedding
FARI1K,132.0,GB,257161.1,826462.2,-4.37271,57.30632,11.4,0.0,0.0,load_shedding
FAUG1Q,132.0,GB,235823.9,808350.4,-4.7145,57.13663,261527.1,0.0,0.0,large_hydro
FETT1-,132.0,GB,378976.1,785988.0,-2.34737,56.96464,12.2,0.0,0.0,load_shedding
FIDD1R,132.0,GB,382322.4,781117.7,-2.292,56.92103,0.0,0.0,,load_shedding
FYRI1K,132.0,GB,260764.6,869712.2,-4.33765,57.6956,7.7,0.0,0.0,load_shedding
GLDO1G,132.0,GB,245980.4,803406.0,-4.54382,57.09577,11.1,0.0,0.0,load_shedding
KEIT1-,132.0,GB,344258.5,850105.2,-2.9327,57.53763,12.0,0.0,0.0,load_shedding
KIOR1Q,132.0,GB,249010.6,844528.5,-4.51896,57.46582,290814.9,0.0,0.0,large_hydro
KNOC1J,132.0,GB,267130.2,841903.2,-4.21572,57.44793,12.4,0.0,0.0,load_shedding
LAIR1-,132.0,GB,258578.6,904613.2,-4.395,58.00813,149511.3,0.0,0.0,wind_onshore
LOCH1-,132.0,GB,248772.1,736702.5,-4.45828,56.49803,11.2,0.0,0.0,load_shedding
LYND1Q,132.0,GB,337460.2,732572.4,-3.017,56.48109,12.1,0.0,0.0,load_shedding
LYND1R,132.0,GB,337460.2,732572.4,-3.017,56.48109,17994.7,0.0,0.0,load_shedding
MACD1Q,132.0,GB,370800.8,863387.6,-2.491,57.65943,11.1,0.0,0.0,load_shedding
MACD1R,132.0,GB,370800.8,863387.6,-2.491,57.65943,11.2,0.0,0.0,load_shedding
MELG1K,132.0,GB,246363.6,795939.2,-4.53293,57.02889,6743.8,0.0,0.0,small_hydro
NANT1Q,132.0,GB,186486.6,728666.7,-5.46175,56.40185,30504.6,716.4,23.485,small_hydro
PEHE1-,132.0,GB,413024.6,846432.0,-1.78429,57.5079,12.1,0.0,0.0,load_shedding
PEHE2K,275.0,GB,412733.2,843036.5,-1.78932,57.47741,1.1,0.0,0.0,load_shedding
PEHG1Q,132.0,GB,413035.5,846060.6,-1.78412,57.50456,123769.5,0.0,0.0,wind_offshore
PEHG1R,132.0,GB,413035.5,846060.6,-1.78412,57.50456,12.2,0.0,0.0,load_shedding
PORA1U,132.0,GB,191345.0,686521.7,-5.35,56.02602,0.0,0.0,,load_shedding
REDM1Q,132.0,GB,394550.5,801944.6,-2.0916,57.10843,12.2,0.0,0.0,load_shedding
REDM1R,132.0,GB,394550.5,801944.6,-2.0916,57.10843,12.2,0.0,0.0,load_shedding
ROTI3-,33.0,GB,372197.2,835760.2,-2.46443,57.41137,11.3,0.0,0.0,load_shedding
SFEE1C,132.0,GB,409142.6,853791.7,-1.8488,57.5741,11.7,0.0,0.0,load_shedding
SFEE1D,132.0,GB,409142.6,853791.7,-1.8488,57.5741,11.7,0.0,0.0,load_shedding
SFIL1Q,132.0,GB,272743.6,728846.6,-4.06535,56.43459,24353.6,0.0,0.0,small_hydro
SHIN1-,132.0,GB,257770.0,896852.7,-4.404,57.93823,12.0,0.0,0.0,load_shedding
SLOY1L,132.0,GB,232549.3,709277.7,-4.704,56.24643,11.8,0.0,0.0,load_shedding
SLOY1M,132.0,GB,232549.3,709277.7,-4.704,56.24643,11.5,0.0,0.0,load_shedding
SLOY1N,132.0,GB,232549.3,709277.7,-4.704,56.24643,11.5,0.0,0.0,load_shedding
SLOY1P,132.0,GB,232549.3,709277.7,-4.704,56.24643,11.8,0.0,0.0,load_shedding
SPIT1J,132.0,GB,320444.4,949882.7,-3.364,58.43,11.4,0.0,0.0,load_shedding
SPIT1K,132.0,GB,320444.4,949882.7,-3.364,58.43,12.1,0.0,0.0,load_shedding
SPIT1M,132.0,GB,320444.4,949882.7,-3.364,58.43,12.1,0.0,0.0,load_shedding
STRB2-,275.0,GB,278783.4,907832.4,-4.055,58.043,103841.7,0.0,0.0,wind_onshore
STRI1Q,132.0,GB,395913.8,855134.2,-2.07,57.58623,37101.3,0.0,0.0,wind_onshore
STRI1R,132.0,GB,395913.8,855134.2,-2.07,57.58623,11.6,0.0,0.0,load_shedding
STRL1-,132.0,GB,247166.2,806831.2,-4.52636,57.12691,390209.1,0.0,0.0,wind_onshore
TARL1Q,132.0,GB,352423.5,807014.5,-2.788,57.15153,50146.2,0.0,0.0,wind_onshore
TARL1R,132.0,GB,352423.5,807014.5,-2.788,57.15153,11.7,0.0,0.0,load_shedding
TAYN1Q,132.0,GB,201914.6,731064.9,-5.214,56.43008,11.5,0.0,0.0,load_shedding
TAYN1R,132.0,GB,201914.6,731064.9,-5.214,56.43008,11.5,0.0,0.0,load_shedding
TEAL1-,132.0,GB,341104.8,738316.0,-2.95914,56.53315,12.1,0.0,0.0,load_shedding
THUS1K,132.0,GB,311765.8,968455.7,-3.51975,58.59508,14549.8,0.0,0.0,tidal_stream
TUMB1Q,132.0,GB,276662.5,759007.4,-4.0162,56.70643,10.9,0.0,0.0,load_shedding
TUMB1R,132.0,GB,276662.5,759007.4,-4.0162,56.70643,0.0,0.0,,load_shedding
TUMM1J,132.0,GB,276258.5,759016.3,-4.0228,56.7064,12.3,0.0,0.0,load_shedding
TUMM1K,132.0,GB,276258.5,759016.3,-4.0228,56.7064,12.3,0.0,0.0,load_shedding
WOHI1Q,132.0,GB,391248.1,807048.9,-2.1463,57.15423,12.1,0.0,0.0,load_shedding
WOHI1R,132.0,GB,391248.1,807048.9,-2.1463,57.15423,1.1,0.0,0.0,load_shedding
AIKE3A,33.0,GB,371400.4,670298.8,-2.45924,55.92491,120484.9,0.0,0.0,wind_onshore
AIKE3B,33.0,GB,371400.4,670298.8,-2.45924,55.92491,10.3,0.0,0.0,load_shedding
BPGR3J,33.0,GB,291151.9,681288.1,-3.74744,56.01212,134378.3,40309.9,299.973,waste_to_energy
BPGR3K,33.0,GB,291151.9,681288.1,-3.74744,56.01212,12.1,0.0,0.0,load_shedding
CRYR1-,132.0,GB,366686.2,667373.4,-2.53431,55.89832,12.0,0.0,0.0,load_shedding
CUMB1Q,132.0,GB,277458.5,674401.7,-3.9638,55.94698,7.7,0.0,0.0,load_shedding
CUMB1R,132.0,GB,277458.5,674401.7,-3.9638,55.94698,12.1,0.0,0.0,load_shedding
DALM2Q,275.0,GB,262093.2,662432.3,-4.20354,55.83535,0.0,0.0,,load_shedding
DALM2R,275.0,GB,262093.2,662432.3,-4.20354,55.83535,7.4,0.0,0.0,load_shedding
DENN4-,400.0,GB,285071.6,683184.7,-3.84572,56.02773,11.8,0.0,0.0,load_shedding
DONO1-,132.0,GB,283530.8,630787.7,-3.848,55.55682,11.4,0.0,0.0,load_shedding
DRCR1Q,132.0,GB,300846.0,669291.3,-3.5876,55.90648,12.0,0.0,0.0,load_shedding
DRCR1R,132.0,GB,300846.0,669291.3,-3.5876,55.90648,78613.9,0.0,0.0,wind_onshore
DUNB1S,132.0,GB,364358.0,676105.3,-2.5727,55.9766,10.4,0.0,0.0,load_shedding
DUNB1T,132.0,GB,364358.0,676105.3,-2.5727,55.9766,10.4,0.0,0.0,load_shedding
DUNH1S,132.0,GB,281626.5,641332.8,-3.88271,55.65106,11.6,0.0,0.0,load_shedding
DUNH1T,132.0,GB,281626.5,641332.8,-3.88271,55.65106,11.6,0.0,0.0,load_shedding
EKIL2S,275.0,GB,262663.1,656797.9,-4.1916,55.78492,12.2,0.0,0.0,load_shedding
EKIL2T,275.0,GB,262663.1,656797.9,-4.1916,55.78492,12.2,0.0,0.0,load_shedding
ELVA1-,132.0,GB,295174.9,617278.5,-3.65839,55.43813,11.6,0.0,0.0,load_shedding
ELVA2R,275.0,GB,295174.9,617278.5,-3.65839,55.43813,12.0,0.0,0.0,load_shedding
ERSK1Q,132.0,GB,244992.3,670616.7,-4.481,55.90362,11.7,0.0,0.0,load_shedding
ERSK1R,132.0,GB,244992.3,670616.7,-4.481,55.90362,7.4,0.0,0.0,load_shedding
GAWH1Q,132.0,GB,280578.9,634045.6,-3.89618,55.58536,11.7,0.0,0.0,load_shedding
GIFF2Q,275.0,GB,256059.2,658471.1,-4.2977,55.79802,26340.6,0.0,0.0,wind_onshore
GIFF2R,275.0,GB,256059.2,658471.1,-4.2977,55.79802,12.1,0.0,0.0,load_shedding
GLGL1R,132.0,GB,286274.9,612985.7,-3.79723,55.39759,10.4,0.0,0.0,load_shedding
HADH1-,132.0,GB,227151.0,601331.4,-4.72261,55.27571,430506.0,0.0,0.0,wind_onshore
HAGR1Q,132.0,GB,256254.1,662029.1,-4.29648,55.83002,27.8,0.0,0.0,solar_pv
HAGR1R,132.0,GB,256254.1,662029.1,-4.29648,55.83002,12.1,0.0,0.0,load_shedding
HELE1Q,132.0,GB,231748.0,684070.8,-4.701,56.01992,11.2,0.0,0.0,load_shedding
HUNN4A,400.0,GB,218460.2,651397.2,-4.892,55.72188,1.1,0.0,0.0,load_shedding
HUNN4B,400.0,GB,218460.2,651397.2,-4.892,55.72188,0.0,0.0,,load_shedding
INKE1Q,132.0,GB,313532.1,684126.2,-3.38952,56.04218,11.6,0.0,0.0,load_shedding
INKE1R,132.0,GB,313532.1,684126.2,-3.38952,56.04218,4371.6,0.0,0.0,wind_onshore
JOHN1Q,132.0,GB,243309.6,664071.0,-4.5041,55.84432,12.3,0.0,0.0,load_shedding
JOHN1R,132.0,GB,243309.6,664071.0,-4.5041,55.84432,12.2,0.0,0.0,load_shedding
KENE3-,33.0,GB,285979.5,625808.3,-3.80715,55.51268,142841.6,0.0,0.0,wind_onshore
KENN1-,132.0,GB,300498.8,634279.1,-3.58038,55.59194,11.5,0.0,0.0,load_shedding
KILT2Q,275.0,GB,243377.0,636084.5,-4.487,55.59312,0.0,0.0,,load_shedding
KILT2R,275.0,GB,243377.0,636084.5,-4.487,55.59312,10.4,0.0,0.0,load_shedding
KYPE1-,132.0,GB,273227.2,642626.0,-4.01669,55.66055,342453.9,0.0,0.0,wind_onshore
LING1Q,132.0,GB,305899.8,669283.7,-3.50679,55.90743,11.9,0.0,0.0,load_shedding
LING1R,132.0,GB,305899.8,669283.7,-3.50679,55.90743,12.0,0.0,0.0,load_shedding
LINM1Q,132.0,GB,259003.4,670077.4,-4.25681,55.90309,16845.0,2020.0,119.918,landfill_gas
LINM1R,132.0,GB,259003.4,670077.4,-4.25681,55.90309,11.8,0.0,0.0,load_shedding
MAHI2-,275.0,GB,284367.7,554965.6,-3.80367,54.87604,11.9,0.0,0.0,load_shedding
MIDM1-,132.0,GB,285913.5,625698.7,-3.80815,55.51168,100487.5,0.0,0.0,wind_onshore
MOFF1-,132.0,GB,308472.8,605304.7,-3.44436,55.33324,12.0,0.0,0.0,load_shedding
MOSM1A,132.0,GB,316980.8,690659.8,-3.33621,56.10147,11.6,0.0,0.0,load_shedding
MOSM1B,132.0,GB,316980.8,690659.8,-3.33621,56.10147,11.6,0.0,0.0,load_shedding
NECU2-,275.0,GB,261840.7,614202.2,-4.18335,55.40224,12.3,0.0,0.0,load_shedding
NEIL4Q,400.0,GB,247883.5,657055.9,-4.4272,55.78281,12.3,0.0,0.0,load_shedding
NEIL4R,400.0,GB,247883.5,657055.9,-4.4272,55.78281,12.3,0.0,0.0,load_shedding
NETS1-,132.0,GB,240560.3,564370.2,-4.491,54.94842,7.4,0.0,0.0,load_shedding
PAIS1S,132.0,GB,249136.2,663284.8,-4.4107,55.83912,12.3,0.0,0.0,load_shedding
PAIS1T,132.0,GB,249136.2,663284.8,-4.4107,55.83912,12.3,0.0,0.0,load_shedding
PART1Q,132.0,GB,255172.2,666465.0,-4.3161,55.86952,12.1,0.0,0.0,load_shedding
PART1R,132.0,GB,255172.2,666465.0,-4.3161,55.86952,12.1,0.0,0.0,load_shedding
SACO1Q,132.0,GB,224546.2,641270.3,-4.78875,55.63324,85010.8,0.0,0.0,wind_onshore
SACO1R,132.0,GB,224546.2,641270.3,-4.78875,55.63324,11.7,0.0,0.0,load_shedding
SAKN1-,132.0,GB,292568.1,697181.0,-3.73112,56.15516,11.1,0.0,0.0,load_shedding
SANX1Q,132.0,GB,350896.9,716765.4,-2.7959,56.34069,4738.2,0.0,0.0,wind_onshore
SANX1R,132.0,GB,350896.9,716765.4,-2.7959,56.34069,11.7,0.0,0.0,load_shedding
SHRU2Q,275.0,GB,326132.4,675335.8,-3.1849,55.96532,12.3,0.0,0.0,load_shedding
SHRU2R,275.0,GB,326132.4,675335.8,-3.1849,55.96532,11.4,0.0,0.0,load_shedding
SIGH2Q,275.0,GB,318865.0,671057.9,-3.3,55.92572,0.0,0.0,,load_shedding
SIGH2R,275.0,GB,318865.0,671057.9,-3.3,55.92572,10.4,0.0,0.0,load_shedding
SMEA2-,275.0,GB,328245.9,693653.1,-3.15596,56.13019,273.4,0.0,0.0,solar_pv
SPAV1Q,132.0,GB,224492.9,674955.7,-4.8113,55.93552,11.7,0.0,0.0,load_shedding
SPAV1R,132.0,GB,224492.9,674955.7,-4.8113,55.93552,11.2,0.0,0.0,load_shedding
STHA2A,275.0,GB,269539.9,652988.5,-4.0802,55.75262,12.3,0.0,0.0,load_shedding
STHA2B,275.0,GB,269539.9,652988.5,-4.0802,55.75262,12.3,0.0,0.0,load_shedding
STHA4B,400.0,GB,269539.9,652988.5,-4.0802,55.75262,12.1,0.0,0.0,load_shedding
STIR1T,132.0,GB,281050.9,693093.4,-3.9146,56.11573,11.7,0.0,0.0,load_shedding
STLE1Q,132.0,GB,239227.9,675651.5,-4.5761,55.94692,11.2,0.0,0.0,load_shedding
TELR1Q,132.0,GB,322604.3,674974.7,-3.2413,55.96152,12.0,0.0,0.0,load_shedding
TELR1R,132.0,GB,322604.3,674974.7,-3.2413,55.96152,12.0,0.0,0.0,load_shedding
TONG1-,132.0,GB,270034.5,552961.7,-4.026,54.85452,10.0,0.0,0.0,load_shedding
TONG1R,132.0,GB,270034.5,552961.7,-4.026,54.85452,10.9,0.0,0.0,load_shedding
TORN4-,400.0,GB,374586.0,675075.2,-2.40872,55.968,6329805.0,0.0,0.0,nuclear
WFIE1A,132.0,GB,319616.4,697440.2,-3.2959,56.16283,173921.2,44475.8,255.724,waste_to_energy
WFIE1B,132.0,GB,319616.4,697440.2,-3.2959,56.16283,11.8,0.0,0.0,load_shedding
WFIE2-,275.0,GB,319616.4,697440.2,-3.2959,56.16283,11.7,0.0,0.0,load_shedding
WGEO2Q,275.0,GB,258400.3,665589.5,-4.2641,55.86262,10.4,0.0,0.0,load_shedding
WGEO2R,275.0,GB,258400.3,665589.5,-4.2641,55.86262,11.8,0.0,0.0,load_shedding
WHHO2Q,275.0,GB,325159.5,671445.1,-3.1994,55.93022,0.0,0.0,,load_shedding
WHHO2R,275.0,GB,325159.5,671445.1,-3.1994,55.93022,10.4,0.0,0.0,load_shedding
WHTL1S,132.0,GB,223589.1,692690.4,-4.8374,56.09434,11.9,0.0,0.0,load_shedding
WHTL1T,132.0,GB,223589.1,692690.4,-4.8374,56.09434,11.9,0.0,0.0,load_shedding
WISH2-,275.0,GB,279077.0,653998.1,-3.92879,55.76417,0.0,0.0,,load_shedding
WISH4-,400.0,GB,279077.0,653998.1,-3.92879,55.76417,11.7,0.0,0.0,load_shedding
WIYH4Q,400.0,GB,296672.5,592427.3,-3.62556,55.21523,12.4,0.0,0.0,load_shedding
WLEE2-,275.0,GB,356925.2,630941.8,-2.68464,55.57023,58873.1,7063.4,119.976,advanced_biofuel
WLEX2-,275.0,GB,356925.2,630941.8,-2.68464,55.57023,11.8,0.0,0.0,load_shedding
BLYT41,400.0,GB,430013.0,583076.7,-1.53071,55.14114,12.1,0.0,0.0,load_shedding
CAPE21,275.0,GB,336867.7,374776.7,-2.948,53.26621,12.1,0.0,0.0,load_shedding
CARR4A,400.0,GB,373499.8,393200.2,-2.40035,53.43491,11.5,0.0,0.0,load_shedding
EASO41,400.0,GB,516069.2,258771.3,-0.30253,52.21494,11.9,0.0,0.0,load_shedding
FECK21,275.0,GB,401998.1,261582.3,-1.97215,52.25241,134946.8,3500.1,25.937,solar_pv
FERR4A,400.0,GB,448099.9,425100.0,-1.27258,53.7201,11.2,0.0,0.0,load_shedding
FROD21,275.0,GB,352300.2,379400.1,-2.71734,53.30938,7.5,0.0,0.0,load_shedding
FROD22,275.0,GB,352300.2,379400.1,-2.71734,53.30938,7.5,0.0,0.0,load_shedding
IVER4A,400.0,GB,504284.4,183618.0,-0.49764,51.54184,11.8,0.0,0.0,load_shedding
IVER4B,400.0,GB,504284.4,183618.0,-0.49764,51.54184,12.3,0.0,0.0,load_shedding
KEAD41,400.0,GB,482299.7,411900.1,-0.75792,53.59722,12.1,0.0,0.0,load_shedding
KEAD4C,400.0,GB,482299.7,411900.1,-0.75792,53.59722,12.1,0.0,0.0,load_shedding
KEAD4D,400.0,GB,482299.7,411900.1,-0.75792,53.59722,11.5,0.0,0.0,load_shedding
KIRK21,275.0,GB,426648.1,434468.1,-1.59684,53.80583,12.1,0.0,0.0,load_shedding
LAND41,400.0,GB,240902.7,62895.4,-4.24206,50.44428,0.0,0.0,,load_shedding
LAND42,400.0,GB,240902.7,62895.4,-4.24206,50.44428,12.3,0.0,0.0,load_shedding
LEGA4B,400.0,GB,329540.9,348471.7,-3.05204,53.02887,12.1,0.0,0.0,load_shedding
MACC21,275.0,GB,392057.2,374627.8,-2.12055,53.26858,11.9,0.0,0.0,load_shedding
MILH2A,275.0,GB,524055.3,192541.1,-0.20954,51.61803,9914.5,0.0,0.0,solar_pv
MILH2B,275.0,GB,524055.3,192541.1,-0.20954,51.61803,11.8,0.0,0.0,load_shedding
MITY41,400.0,GB,400011.2,189849.9,-2.00123,51.60748,12.2,0.0,0.0,load_shedding
MONF4A,400.0,GB,451888.3,430107.0,-1.21434,53.76474,10.1,0.0,0.0,load_shedding
NECH21,275.0,GB,409566.2,289388.0,-1.8605,52.50231,11.6,0.0,0.0,load_shedding
NHYD2A,275.0,GB,510366.1,179006.1,-0.41142,51.49923,1571.4,0.0,0.0,solar_pv
NHYD2B,275.0,GB,510366.1,179006.1,-0.41142,51.49923,12.1,0.0,0.0,load_shedding
NINF41,400.0,GB,572411.7,111880.3,0.4495,50.88069,126492.8,4025.7,31.826,solar_pv
NORM41,400.0,GB,621799.9,302300.5,1.27176,52.57327,10773.6,0.0,0.0,solar_pv
NURS41,400.0,GB,436074.1,115841.5,-1.48794,50.94089,223070.7,1983.0,8.89,solar_pv
NURS4A,400.0,GB,436074.1,115841.5,-1.48794,50.94089,11.8,0.0,0.0,load_shedding
OLDB21,275.0,GB,398579.8,288960.7,-2.02235,52.49855,0.0,0.0,,load_shedding
OLDB2A,275.0,GB,398579.8,288960.7,-2.02235,52.49855,11.8,0.0,0.0,load_shedding
OLDB4A,400.0,GB,398579.8,288960.7,-2.02235,52.49855,11.6,0.0,0.0,load_shedding
PENN21,275.0,GB,385971.7,295425.4,-2.20834,52.55648,70019.4,7837.7,111.936,landfill_gas
PENN4A,400.0,GB,385971.7,295425.4,-2.20834,52.55648,11.7,0.0,0.0,load_shedding
PENN4B,400.0,GB,385971.7,295425.4,-2.20834,52.55648,11.7,0.0,0.0,load_shedding
POPP21,275.0,GB,456972.8,453498.3,-1.13288,53.97442,24830.3,2395.4,96.471,landfill_gas
RAIN21,275.0,GB,351068.1,391838.8,-2.73776,53.42106,10.5,0.0,0.0,load_shedding
RICH41,400.0,GB,633293.5,161940.2,1.3459,51.30873,12.1,0.0,0.0,load_shedding
ROCH4A,400.0,GB,385846.0,413925.2,-2.21546,53.62167,12.2,0.0,0.0,load_shedding
ROCK41,400.0,GB,351849.0,380070.4,-2.72421,53.31536,3433606.2,1132281.0,329.764,waste_to_energy
RUGE41,400.0,GB,405994.4,317355.9,-1.91263,52.75378,15736.7,0.0,0.0,solar_pv
RYEH42,400.0,GB,538372.9,208505.4,0.00346,51.75815,12.4,0.0,0.0,load_shedding
RYEH43,400.0,GB,538372.9,208505.4,0.00346,51.75815,11.7,0.0,0.0,load_shedding
SALH21,275.0,GB,449300.1,523800.1,-1.23828,54.60697,566136.9,161925.7,286.019,waste_to_energy
SHEC21,275.0,GB,434887.9,386616.5,-1.47706,53.37526,10.5,0.0,0.0,load_shedding
SHRE4B,400.0,GB,349149.3,312499.0,-2.75407,52.70775,12.2,0.0,0.0,load_shedding
SIZE41,400.0,GB,647329.0,263559.5,1.61914,52.21469,7929223.7,0.0,0.0,nuclear
SJOW21,275.0,GB,526924.0,182493.8,-0.17175,51.5271,12.4,0.0,0.0,load_shedding
SJOW41,400.0,GB,526924.0,182493.8,-0.17175,51.5271,1.2,0.0,0.0,load_shedding
SKLG21,275.0,GB,433283.1,431148.0,-1.49645,53.77561,648911.6,172666.8,266.087,waste_to_energy
SMAN21,275.0,GB,381814.3,391732.1,-2.27512,53.42207,16468.5,1967.4,119.466,biogas
STAH4A,400.0,GB,335030.4,443061.6,-2.98977,53.87966,10.5,0.0,0.0,load_shedding
STAH4B,400.0,GB,335030.4,443061.6,-2.98977,53.87966,66794.1,4570.3,68.423,landfill_gas
STAL21,275.0,GB,397200.1,399500.1,-2.04367,53.4922,11.8,0.0,0.0,load_shedding
STAY41,400.0,GB,475866.3,353959.1,-0.86897,53.07748,9594537.9,3780243.4,394.0,CCGT
STEW21,275.0,GB,416881.6,564496.6,-1.7378,54.9748,12.2,0.0,0.0,load_shedding
STEW41,400.0,GB,416881.6,564496.6,-1.7378,54.9748,1.2,0.0,0.0,load_shedding
STOB41,400.0,GB,464493.6,341346.4,-1.04122,52.96561,123027.0,6626.1,53.859,wind_onshore
STSB4B,400.0,GB,427295.0,398496.3,-1.59016,53.48248,82352.2,0.0,0.0,wind_onshore
SUND42,400.0,GB,503117.6,227145.6,-0.50157,51.93328,12.1,0.0,0.0,load_shedding
SWAN22,275.0,GB,264527.3,200038.4,-3.96097,51.68272,11.8,0.0,0.0,load_shedding
SWAN4A,400.0,GB,264527.3,200038.4,-3.96097,51.68272,1.1,0.0,0.0,load_shedding
SWAN4B,400.0,GB,264527.3,200038.4,-3.96097,51.68272,2.1,0.0,0.0,load_shedding
TAUN41,400.0,GB,319232.1,124800.5,-3.15281,51.01689,87611.1,2423.3,27.66,solar_pv
TAUN42,400.0,GB,319232.1,124800.5,-3.15281,51.01689,10.6,0.0,0.0,load_shedding
TEMP21,275.0,GB,440977.9,390761.5,-1.38499,53.41208,0.0,0.0,,load_shedding
THOM41,400.0,GB,460544.4,409564.2,-1.08704,53.57919,10.1,0.0,0.0,load_shedding
THOM42,400.0,GB,460544.4,409564.2,-1.08704,53.57919,11.5,0.0,0.0,load_shedding
TILB4A,400.0,GB,566240.4,176279.5,0.39161,51.46108,0.0,0.0,,load_shedding
TILB4B,400.0,GB,566240.4,176279.5,0.39161,51.46108,0.0,0.0,,load_shedding
TINP21,275.0,GB,440046.1,389156.2,-1.39921,53.39772,7673.9,0.0,0.0,wind_onshore
TINP22,275.0,GB,440046.1,389156.2,-1.39921,53.39772,10.6,0.0,0.0,load_shedding
TODP21,275.0,GB,458024.6,525047.3,-1.10298,54.61725,228491.4,0.0,0.0,wind_offshore
TOTT21,275.0,GB,535233.0,191241.3,-0.04868,51.60378,11.8,0.0,0.0,load_shedding
TOTT22,275.0,GB,535233.0,191241.3,-0.04868,51.60378,12.2,0.0,0.0,load_shedding
TOTT23,275.0,GB,535233.0,191241.3,-0.04868,51.60378,11.8,0.0,0.0,load_shedding
TOTT24,275.0,GB,535233.0,191241.3,-0.04868,51.60378,12.2,0.0,0.0,load_shedding
TRAW21,275.0,GB,268978.0,338617.4,-3.95063,52.92893,11.9,0.0,0.0,load_shedding
TYNE2A,275.0,GB,432109.7,570033.7,-1.49929,55.02381,6.1,0.0,0.0,load_shedding
UPPB21,275.0,GB,310180.3,187054.5,-3.29751,51.57517,4679.0,0.0,0.0,solar_pv
UPPB22,275.0,GB,310180.3,187054.5,-3.29751,51.57517,11.9,0.0,0.0,load_shedding
WALH41,400.0,GB,381768.8,219262.6,-2.26621,51.87163,262926.0,39499.9,150.232,waste_to_energy
WALX4A,400.0,GB,536073.6,200389.5,-0.033,51.68578,13665.0,1439.1,105.316,biogas
WALX4B,400.0,GB,536073.6,200389.5,-0.033,51.68578,10.4,0.0,0.0,load_shedding
WARL21,275.0,GB,559600.0,186300.5,0.30064,51.55302,153836.5,11614.7,75.5,landfill_gas
WASF2A,275.0,GB,345799.9,407599.7,-2.81975,53.5622,140159.5,14681.0,104.745,landfill_gas
WASF2B,275.0,GB,345799.9,407599.7,-2.81975,53.5622,12.1,0.0,0.0,load_shedding
WATS21,275.0,GB,507586.2,194476.4,-0.44672,51.63881,12.2,0.0,0.0,load_shedding
WATS22,275.0,GB,507586.2,194476.4,-0.44672,51.63881,11.7,0.0,0.0,load_shedding
WBOL21,275.0,GB,433926.7,560726.8,-1.47197,54.94006,2.1,0.0,0.0,load_shedding
WBUR42,400.0,GB,479480.9,385497.1,-0.80717,53.36038,4.0,0.0,0.0,load_shedding
WHAM41,400.0,GB,538988.2,181973.6,0.00184,51.51959,1865.1,0.0,0.0,solar_pv
WHGA21,275.0,GB,389256.5,403672.8,-2.16354,53.5296,309928.4,89847.6,289.898,waste_to_energy
WHSO21,275.0,GB,342632.9,185339.5,-2.829,51.564,12.4,0.0,0.0,load_shedding
WHSO22,275.0,GB,342632.9,185339.5,-2.829,51.564,32579.9,0.0,0.0,solar_pv
WIBA21,275.0,GB,438803.2,390881.3,-1.41769,53.41332,8606.2,1031.3,119.827,landfill_gas
WIEN2A,275.0,GB,396047.5,297665.2,-2.05976,52.57679,429862.5,128619.0,299.21,waste_to_energy
WIEN2B,275.0,GB,396047.5,297665.2,-2.05976,52.57679,11.7,0.0,0.0,load_shedding
WILE41,400.0,GB,429524.3,328486.9,-1.56301,52.85307,38168.5,0.0,0.0,solar_pv
WILT2A,275.0,GB,457053.0,521937.9,-1.11863,54.58942,688088.3,268917.5,390.818,CCGT
WILT2B,275.0,GB,457053.0,521937.9,-1.11863,54.58942,7.5,0.0,0.0,load_shedding
WILT2C,275.0,GB,457053.0,521937.9,-1.11863,54.58942,10.5,0.0,0.0,load_shedding
WILT2D,275.0,GB,457053.0,521937.9,-1.11863,54.58942,0.0,0.0,,load_shedding
WIMB41,400.0,GB,526059.3,171778.6,-0.18803,51.431,10.5,0.0,0.0,load_shedding
WISD21,275.0,GB,520980.2,183184.4,-0.25715,51.53461,11.6,0.0,0.0,load_shedding
WISD41,400.0,GB,520980.2,183184.4,-0.25715,51.53461,11.9,0.0,0.0,load_shedding
WISD42,400.0,GB,520980.2,183184.4,-0.25715,51.53461,0.0,0.0,,load_shedding
WMEL21,275.0,GB,441324.0,400754.2,-1.37847,53.50187,12.1,0.0,0.0,load_shedding
WTHU4A,400.0,GB,559100.3,177300.2,0.28938,51.4723,0.0,0.0,,load_shedding
WTHU4B,400.0,GB,559100.3,177300.2,0.28938,51.4723,10.5,0.0,0.0,load_shedding
WWEY21,275.0,GB,505322.6,162079.6,-0.48908,51.34805,14537.5,1498.1,103.048,landfill_gas
WWEY22,275.0,GB,505322.6,162079.6,-0.48908,51.34805,12.2,0.0,0.0,load_shedding
WWEY4A,400.0,GB,505322.6,162079.6,-0.48908,51.34805,11.7,0.0,0.0,load_shedding
WWEY4B,400.0,GB,505322.6,162079.6,-0.48908,51.34805,44864.8,5382.3,119.967,landfill_gas
WYLF41,400.0,GB,235117.2,393630.5,-4.48228,53.41364,123692.9,0.0,0.0,wind_onshore
WYMO41,400.0,GB,520400.2,226999.6,-0.25037,51.9285,69861.6,7096.5,101.579,landfill_gas
BOSW11,132.0,GB,314997.7,455886.5,-3.298,53.992,9.9,0.0,0.0,load_shedding
BBWO41,400.0,GB,298722.0,375539.3,-3.51998,53.26714,11.6,0.0,0.0,load_shedding
BBWW21,275.0,GB,298722.0,375539.3,-3.51998,53.26714,11.1,0.0,0.0,load_shedding
DBBWDC,400.0,GB,506006.5,434404.2,-0.39216,53.79516,11.4,0.0,0.0,load_shedding
DBAWD,400.0,GB,506006.5,434404.2,-0.39216,53.79516,11.5,0.0,0.0,load_shedding
DBAO41,400.0,GB,506006.5,434404.2,-0.39216,53.79516,12.1,0.0,0.0,load_shedding
BRST41,400.0,GB,610027.2,245719.5,1.063,52.07,11.9,0.0,0.0,load_shedding
BRST42,400.0,GB,610027.2,245719.5,1.063,52.07,11.9,0.0,0.0,load_shedding
EAAW21,275.0,GB,705868.5,268594.3,2.48,52.23,1983921.5,0.0,0.0,wind_offshore
EAAW22,275.0,GB,705868.5,268594.3,2.48,52.23,11.9,0.0,0.0,load_shedding
GANW11,132.0,GB,667042.4,233213.6,1.8833,51.9333,11.4,0.0,0.0,load_shedding
GANW12,132.0,GB,667042.4,233213.6,1.8833,51.9333,11.6,0.0,0.0,load_shedding
GREG14,132.0,GB,667042.4,233213.6,1.8833,51.9333,11.2,0.0,0.0,load_shedding
GUNS11,132.0,GB,610095.4,245680.2,1.06397,52.06962,11.8,0.0,0.0,load_shedding
GWAW11,132.0,GB,251328.7,362822.4,-4.22416,53.14175,11.9,0.0,0.0,load_shedding
GWAW12,132.0,GB,251328.7,362822.4,-4.22416,53.14175,11.3,0.0,0.0,load_shedding
GWBW11,132.0,GB,248748.2,361252.9,-4.26196,53.12692,11.5,0.0,0.0,load_shedding
GWBW12,132.0,GB,248748.2,361252.9,-4.26196,53.12692,11.9,0.0,0.0,load_shedding
HOWA41,400.0,GB,520368.8,447920.7,-0.16894,53.91346,12.3,0.0,0.0,load_shedding
HOWW2C,275.0,GB,649077.3,451527.0,1.79,53.9,12.8,0.0,0.0,load_shedding
HOWB41,400.0,GB,515391.9,419132.5,-0.25543,53.65596,12.3,0.0,0.0,load_shedding
HOWW2D,275.0,GB,649077.3,451527.0,1.79,53.9,11.6,0.0,0.0,load_shedding
HUMW11,132.0,GB,551767.8,415938.5,0.293,53.618,37568.5,0.0,0.0,wind_onshore
HUMW12,132.0,GB,551767.8,415938.5,0.293,53.618,11.0,0.0,0.0,load_shedding
LINS11,132.0,GB,566520.8,368886.9,0.491,53.191,11.1,0.0,0.0,load_shedding
LINS12,132.0,GB,566520.8,368886.9,0.491,53.191,11.7,0.0,0.0,load_shedding
LONO4A,400.0,GB,605460.6,163916.6,0.9483,51.3372,11.8,0.0,0.0,load_shedding
LONO4B,400.0,GB,605460.6,163916.6,0.9483,51.3372,12.1,0.0,0.0,load_shedding
LOAW11,132.0,GB,640124.9,200614.7,1.47,51.653,548313.0,0.0,0.0,wind_offshore
LOAW12,132.0,GB,640124.9,200614.7,1.47,51.653,11.0,0.0,0.0,load_shedding
LOYW11,132.0,GB,644010.5,194783.8,1.522,51.599,10.9,0.0,0.0,load_shedding
LOYW12,132.0,GB,644010.5,194783.8,1.522,51.599,1197218.2,0.0,0.0,wind_offshore
MORF41,400.0,GB,342669.6,865456.7,-2.96287,57.6753,12.1,0.0,0.0,load_shedding
MORF42,400.0,GB,342669.6,865456.7,-2.96287,57.6753,12.1,0.0,0.0,load_shedding
MORF43,400.0,GB,342669.6,865456.7,-2.96287,57.6753,12.1,0.0,0.0,load_shedding
MOWO41,400.0,GB,344985.2,847685.0,-2.92002,57.51598,10.7,0.0,0.0,load_shedding
MOWO42,400.0,GB,344985.2,847685.0,-2.92002,57.51598,11.3,0.0,0.0,load_shedding
MOWW21,275.0,GB,344985.2,847685.0,-2.92002,57.51598,10.0,0.0,0.0,load_shedding
MOWW22,275.0,GB,344985.2,847685.0,-2.92002,57.51598,11.3,0.0,0.0,load_shedding
NNGO41,400.0,GB,366399.0,669532.3,-2.53918,55.9177,11.9,0.0,0.0,load_shedding
NNGO42,400.0,GB,366399.0,669532.3,-2.53918,55.9177,11.9,0.0,0.0,load_shedding
NNGW21,275.0,GB,384613.9,708307.1,-2.25,56.267,11.1,0.0,0.0,load_shedding
NNGW22,275.0,GB,384613.9,708307.1,-2.25,56.267,11.2,0.0,0.0,load_shedding
ORMW11,132.0,GB,306102.0,466742.9,-3.437,54.088,11.2,0.0,0.0,load_shedding
RACO41,400.0,GB,548669.3,316663.0,0.20008,52.72718,2.5,0.0,0.0,load_shedding
RACO42,400.0,GB,548669.3,316663.0,0.20008,52.72718,2.5,0.0,0.0,load_shedding
RAMW11,132.0,GB,527322.1,86026.0,-0.2,50.66,1186546.2,0.0,0.0,wind_offshore
RAMW12,132.0,GB,527322.1,86026.0,-0.2,50.66,11.2,0.0,0.0,load_shedding
TWNE41,400.0,GB,525706.8,120018.4,-0.21121,50.96588,27179.6,0.0,0.0,solar_pv
TWNE42,400.0,GB,525706.8,120018.4,-0.21121,50.96588,12.1,0.0,0.0,load_shedding
LAZE41,400.0,GB,458130.3,519686.9,-1.10241,54.56907,11.3,0.0,0.0,load_shedding
SGRX21,275.0,GB,379216.9,766736.5,-2.34183,56.79171,12.1,0.0,0.0,load_shedding
SGRX22,275.0,GB,379216.9,766736.5,-2.34183,56.79171,12.4,0.0,0.0,load_shedding
SGRX23,275.0,GB,379216.9,766736.5,-2.34183,56.79171,12.1,0.0,0.0,load_shedding
SGRW21,275.0,GB,411086.1,746583.4,-1.821,56.611,11.4,0.0,0.0,load_shedding
SGRW22,275.0,GB,411086.1,746583.4,-1.821,56.611,10.7,0.0,0.0,load_shedding
THOW11,132.0,GB,655355.2,142908.3,1.64824,51.12848,11.0,0.0,0.0,load_shedding
THOW12,132.0,GB,655355.2,142908.3,1.64824,51.12848,11.4,0.0,0.0,load_shedding
TKNW21,275.0,GB,606480.5,274716.8,1.02899,52.33167,11.4,0.0,0.0,load_shedding
TKNE21,275.0,GB,605678.3,275334.6,1.01762,52.33751,57468.8,5156.8,89.733,biogas
TKNO41,400.0,GB,521166.0,342038.9,-0.19753,52.96204,12.1,0.0,0.0,load_shedding
TKNO42,400.0,GB,521166.0,342038.9,-0.19753,52.96204,12.2,0.0,0.0,load_shedding
WACW21,275.0,GB,286477.7,467072.0,-3.737,54.087,12.2,0.0,0.0,load_shedding
WOWE41,400.0,GB,251989.6,439126.1,-4.25029,53.82726,1.2,0.0,0.0,load_shedding
WOWE42,400.0,GB,262460.8,441259.2,-4.09227,53.8493,1.2,0.0,0.0,load_shedding
WAAW11,132.0,GB,300818.1,461399.4,-3.516,54.039,11.4,0.0,0.0,load_shedding
WABW11,132.0,GB,294834.5,466206.4,-3.609,54.081,822295.7,0.0,0.0,wind_offshore
WDSO41,400.0,GB,341750.5,459968.8,-2.8908,54.0324,2.3,0.0,0.0,load_shedding
WDSO42,400.0,GB,341750.5,459968.8,-2.8908,54.0324,12.1,0.0,0.0,load_shedding
WERO21,275.0,GB,519560.3,428491.1,-0.18879,53.7391,182045.0,0.0,0.0,wind_onshore
WERO22,275.0,GB,519523.8,428505.3,-0.18934,53.73924,7.6,0.0,0.0,load_shedding
WERW11,132.0,GB,519425.8,428543.6,-0.19081,53.73961,11.8,0.0,0.0,load_shedding
BLHI4R,400.0,GB,345819.8,844793.7,-2.90544,57.49012,24820.9,0.0,0.0,wind_onshore
FLIB41,400.0,GB,328950.0,370803.3,-3.0658,53.2295,218012.9,41907.9,192.227,waste_to_energy
SALL11,132.0,GB,621888.7,302253.6,1.27304,52.57281,12.1,0.0,0.0,load_shedding
SALL12,132.0,GB,621888.7,302253.6,1.27304,52.57281,12.1,0.0,0.0,load_shedding
BEAT4A,400.0,GB,342739.0,848567.8,-2.95771,57.52363,11.3,0.0,0.0,load_shedding
BEAT4B,400.0,GB,342739.0,848567.8,-2.95771,57.52363,0.0,0.0,,load_shedding
BLHI41,400.0,GB,345819.8,844793.7,-2.90544,57.49012,6.1,0.0,0.0,load_shedding
BLHI42,400.0,GB,345819.8,844793.7,-2.90544,57.49012,6.1,0.0,0.0,load_shedding
LINO42,400.0,GB,483090.7,356001.5,-0.76062,53.09476,12.3,0.0,0.0,load_shedding
GANW14,132.0,GB,645864.9,249919.9,1.58789,52.09296,11.7,0.0,0.0,load_shedding
CLUN1A,132.0,GB,311014.2,743862.4,-3.45012,56.57823,11.4,0.0,0.0,load_shedding
CLUN1B,132.0,GB,311014.2,743862.4,-3.45012,56.57823,11.4,0.0,0.0,load_shedding
BEAU10,132.0,GB,250766.3,844661.9,-4.4898,57.4676,12.2,0.0,0.0,load_shedding
CULJ31,33.0,GB,451628.3,195540.3,-1.25507,51.65629,11.7,0.0,0.0,load_shedding
CULJ32,33.0,GB,451628.3,195540.3,-1.25507,51.65629,11.6,0.0,0.0,load_shedding
CULJ33,33.0,GB,451628.3,195540.3,-1.25507,51.65629,11.6,0.0,0.0,load_shedding
BOSW30,33.0,GB,319695.3,467355.3,-3.22941,54.09581,8785.6,0.0,0.0,wind_onshore
CRDY31,33.0,GB,267191.4,673220.6,-4.12749,55.93364,10.0,0.0,0.0,load_shedding
BLHI10,132.0,GB,345819.8,844793.7,-2.90544,57.49012,12.3,0.0,0.0,load_shedding
ERRO10,132.0,GB,268276.8,765265.7,-4.15628,56.76032,12.3,0.0,0.0,load_shedding
GUNS31,33.0,GB,610095.4,245680.2,1.06397,52.06962,11.7,0.0,0.0,load_shedding
GREG31,33.0,GB,667042.4,233213.6,1.8833,51.9333,6.1,0.0,0.0,load_shedding
GREG32,33.0,GB,667042.4,233213.6,1.8833,51.9333,6.1,0.0,0.0,load_shedding
GREG33,33.0,GB,667042.4,233213.6,1.8833,51.9333,11.5,0.0,0.0,load_shedding
MYBS11,132.0,GB,317098.5,951615.1,-3.4219,58.44493,11.4,0.0,0.0,load_shedding
HOWW33,33.0,GB,627607.3,339584.2,1.38314,52.90546,4.1,0.0,0.0,load_shedding
HOWW34,33.0,GB,627607.3,339584.2,1.38314,52.90546,68347.6,1991.0,29.13,solar_pv
HOWW35,33.0,GB,627607.3,339584.2,1.38314,52.90546,4.1,0.0,0.0,load_shedding
HOWW36,33.0,GB,627607.3,339584.2,1.38314,52.90546,4.1,0.0,0.0,load_shedding
HINP22,275.0,GB,321337.8,146160.2,-3.12746,51.20921,31728.2,0.0,0.0,solar_pv
KEAP41,400.0,GB,482853.0,411618.8,-0.74964,53.5946,11.8,0.0,0.0,load_shedding
KEAP42,400.0,GB,482853.0,411618.8,-0.74964,53.5946,5867543.5,2228527.1,379.806,CCGT
LINS30,33.0,GB,557752.3,368398.6,0.35964,53.18929,151362.8,320.4,2.117,wind_onshore
RAMW31,33.0,GB,527963.8,104427.6,-0.18454,50.82526,138040.1,29850.3,216.244,waste_to_energy
RAMW32,33.0,GB,527963.8,104427.6,-0.18454,50.82526,11.2,0.0,0.0,load_shedding
RYHA4B,400.0,GB,503508.3,310811.8,-0.47019,52.68512,38741.0,2647.4,68.336,landfill_gas
THOW31,33.0,GB,655432.3,142843.9,1.64929,51.12787,10.3,0.0,0.0,load_shedding
WABW31,33.0,GB,294834.5,466206.4,-3.609,54.081,10.8,0.0,0.0,load_shedding
WAAW31,33.0,GB,300818.1,461399.4,-3.516,54.039,11.4,0.0,0.0,load_shedding
CHAS3-,33.0,GB,259943.0,664696.1,-4.23901,55.85505,11.9,0.0,0.0,load_shedding
CLYM3-,33.0,GB,265446.3,660886.5,-4.14928,55.82242,10.5,0.0,0.0,load_shedding
DUNB3-,33.0,GB,364358.0,676105.3,-2.5727,55.9766,10.8,0.0,0.0,load_shedding
EKIS3-,33.0,GB,264417.8,651686.3,-4.1611,55.73952,11.8,0.0,0.0,load_shedding
NORM11,132.0,GB,621799.9,302300.5,1.27176,52.57327,13.9,0.0,0.0,load_shedding
NORM12,132.0,GB,621799.9,302300.5,1.27176,52.57327,21493.8,0.0,0.0,solar_pv
WASF11,132.0,GB,345799.9,407599.7,-2.81975,53.5622,12.5,0.0,0.0,load_shedding
WIMB14,132.0,GB,526059.3,171778.6,-0.18803,51.431,12.6,0.0,0.0,load_shedding
WIMB13,132.0,GB,526059.3,171778.6,-0.18803,51.431,13.9,0.0,0.0,load_shedding
WERW31,33.0,GB,519309.5,428588.9,-0.19255,53.74004,11.8,0.0,0.0,load_shedding
RACW31,33.0,GB,548669.3,316663.0,0.20008,52.72718,12.3,0.0,0.0,load_shedding
RACW32,33.0,GB,548669.3,316663.0,0.20008,52.72718,11.5,0.0,0.0,load_shedding
SSAW31,33.0,GB,621888.7,302253.6,1.27304,52.57281,12.3,0.0,0.0,load_shedding
SSBW32,33.0,GB,621888.7,302253.6,1.27304,52.57281,12.3,0.0,0.0,load_shedding
ORMW31,33.0,GB,306102.0,466742.9,-3.437,54.088,671788.2,0.0,0.0,wind_offshore
GANW31,33.0,GB,667042.4,233213.6,1.8833,51.9333,11.5,0.0,0.0,load_shedding
WDSW31,33.0,GB,304096.7,455208.8,-3.464,53.984,1742818.2,0.0,0.0,wind_offshore
DUDW31,33.0,GB,625508.6,379552.9,1.38,53.265,12.3,0.0,0.0,load_shedding
GWAW31,33.0,GB,275298.2,369306.0,-3.86856,53.20615,304184.4,0.0,0.0,large_hydro
GWBW32,33.0,GB,274014.0,368514.7,-3.88746,53.19874,12.1,0.0,0.0,load_shedding
SLOY1T,132.0,GB,232549.3,709277.7,-4.704,56.24643,12.1,0.0,0.0,load_shedding
BEAU1P,132.0,GB,250766.3,844661.9,-4.4898,57.4676,12.1,0.0,0.0,load_shedding
BEAU1Q,132.0,GB,250766.3,844661.9,-4.4898,57.4676,12.0,0.0,0.0,load_shedding
KNOC2L,275.0,GB,267130.2,841903.2,-4.21572,57.44793,7.4,0.0,0.0,load_shedding
KNOC2M,275.0,GB,267130.2,841903.2,-4.21572,57.44793,11.8,0.0,0.0,load_shedding
MILW1S,132.0,GB,227651.6,807833.8,-4.849,57.129,11.0,0.0,0.0,load_shedding
KEIT2Q,275.0,GB,344258.5,850105.2,-2.9327,57.53763,7.4,0.0,0.0,load_shedding
KEIT2R,275.0,GB,344258.5,850105.2,-2.9327,57.53763,7.4,0.0,0.0,load_shedding
MOWO4-,400.0,GB,345819.8,844793.7,-2.90544,57.49012,11.2,0.0,0.0,load_shedding
ROTI4K,400.0,GB,372197.2,835760.2,-2.46443,57.41137,0.0,0.0,,load_shedding
TOMT1L,132.0,GB,280348.9,828758.3,-3.9892,57.3336,11.9,0.0,0.0,load_shedding
TOMT1M,132.0,GB,280348.9,828758.3,-3.9892,57.3336,12.0,0.0,0.0,load_shedding
TUMM4-,400.0,GB,276258.5,759016.3,-4.0228,56.7064,12.2,0.0,0.0,load_shedding
KINA2K,275.0,GB,279343.5,758116.0,-3.97202,56.69912,51007.4,0.0,0.0,wind_onshore
QUOI1Q,132.0,GB,211700.0,801900.0,-5.10765,57.06952,10.8,0.0,0.0,load_shedding
LOCB1T,132.0,GB,266148.0,898396.2,-4.2635,57.95468,11.7,0.0,0.0,load_shedding
GLAG1Q,132.0,GB,338622.7,730400.3,-2.99762,56.46173,12.2,0.0,0.0,load_shedding
GLAG1R,132.0,GB,338622.7,730400.3,-2.99762,56.46173,12.3,0.0,0.0,load_shedding
STRW1A,132.0,GB,263801.4,875497.7,-4.29002,57.74846,11.0,0.0,0.0,load_shedding
MOSS1S,132.0,GB,357802.0,850989.2,-2.70666,57.54704,11.7,0.0,0.0,load_shedding
MOSS1T,132.0,GB,357802.0,850989.2,-2.70666,57.54704,11.7,0.0,0.0,load_shedding
KINT1P,132.0,GB,377508.6,813636.1,-2.374,57.21293,12.0,0.0,0.0,load_shedding
KINT1R,132.0,GB,377508.6,813636.1,-2.374,57.21293,12.0,0.0,0.0,load_shedding
CREA1B,132.0,GB,252588.6,928362.1,-4.51122,58.21928,11.5,0.0,0.0,load_shedding
HUNN2C,275.0,GB,218460.2,651397.2,-4.892,55.72188,499901.9,149967.1,299.993,waste_to_energy
HUNN2D,275.0,GB,218460.2,651397.2,-4.892,55.72188,12.1,0.0,0.0,load_shedding
LOCB1L,132.0,GB,266148.0,898396.2,-4.2635,57.95468,12.3,0.0,0.0,load_shedding
LOCB1M,132.0,GB,266148.0,898396.2,-4.2635,57.95468,12.3,0.0,0.0,load_shedding
THUS2J,275.0,GB,311765.8,968455.7,-3.51975,58.59508,12.1,0.0,0.0,load_shedding
THUS2K,275.0,GB,311765.8,968455.7,-3.51975,58.59508,12.1,0.0,0.0,load_shedding
ORRI1S,132.0,GB,243553.6,854530.3,-4.61625,57.55372,12.1,0.0,0.0,load_shedding
ORRI1T,132.0,GB,243553.6,854530.3,-4.61625,57.55372,12.1,0.0,0.0,load_shedding
MILC1V,132.0,GB,343600.6,731098.5,-2.917,56.46863,7.4,0.0,0.0,load_shedding
DUNM1T,132.0,GB,259300.6,822262.9,-4.33484,57.26929,11.0,0.0,0.0,load_shedding
KINT1T,132.0,GB,377508.6,813636.1,-2.374,57.21293,11.3,0.0,0.0,load_shedding
KINT1U,132.0,GB,377508.6,813636.1,-2.374,57.21293,11.9,0.0,0.0,load_shedding
LAGG1Q,132.0,GB,261497.9,794334.0,-4.28294,57.01928,11.2,0.0,0.0,load_shedding
LOCL1Q,132.0,GB,229634.3,803604.9,-4.81341,57.0918,11.3,0.0,0.0,load_shedding
LOCL1R,132.0,GB,229634.3,803604.9,-4.81341,57.0918,11.1,0.0,0.0,load_shedding
FAUG4K,400.0,GB,235823.9,808350.4,-4.7145,57.13663,7.4,0.0,0.0,load_shedding
FETT2R,275.0,GB,378976.1,785988.0,-2.34737,56.96464,50931.2,0.0,0.0,wind_onshore
FOYE2J,275.0,GB,249605.8,820882.0,-4.4946,57.25381,254152.6,0.0,0.0,small_hydro
LUND1-,132.0,GB,208741.5,766207.9,-5.12945,56.74815,4738.6,0.0,0.0,small_hydro
SLOY1K,132.0,GB,232549.3,709277.7,-4.704,56.24643,10.4,0.0,0.0,load_shedding
WHIB1H,132.0,GB,301894.6,788452.8,-3.61562,56.97683,10.5,0.0,0.0,load_shedding
WHIB1G,132.0,GB,301894.6,788452.8,-3.61562,56.97683,11.7,0.0,0.0,load_shedding
SFER1M,132.0,GB,409528.1,852212.0,-1.84242,57.5599,1.1,0.0,0.0,load_shedding
KEIT3A,33.0,GB,344258.5,850105.2,-2.9327,57.53763,14412.6,0.0,0.0,wind_onshore
KERG1P,132.0,GB,440346.3,1156871.6,-1.272,60.294,11.3,0.0,0.0,load_shedding
KERG1Q,132.0,GB,440346.3,1156871.6,-1.272,60.294,57360.6,1559.9,27.194,wind_onshore
KERG1T,132.0,GB,440346.3,1156871.6,-1.272,60.294,11.3,0.0,0.0,load_shedding
KERG1R,132.0,GB,440346.3,1156871.6,-1.272,60.294,11.3,0.0,0.0,load_shedding
TUMM2K,275.0,GB,276258.5,759016.3,-4.0228,56.7064,7.7,0.0,0.0,load_shedding
KINT1B,132.0,GB,377508.6,813636.1,-2.374,57.21293,11.4,0.0,0.0,load_shedding
PERS2R,275.0,GB,391730.5,809263.2,-2.1384,57.17413,7.4,0.0,0.0,load_shedding
TOMT2K,275.0,GB,280348.9,828758.3,-3.9892,57.3336,12.3,0.0,0.0,load_shedding
TOMT2J,275.0,GB,280348.9,828758.3,-3.9892,57.3336,12.3,0.0,0.0,load_shedding
LOCB1S,132.0,GB,266148.0,898396.2,-4.2635,57.95468,12.1,0.0,0.0,load_shedding
MELG4K,400.0,GB,246363.6,795939.2,-4.53293,57.02889,7.4,0.0,0.0,load_shedding
MYBS3N,33.0,GB,317098.5,951615.1,-3.4219,58.44493,12.0,0.0,0.0,load_shedding
SLKB1L,132.0,GB,267321.5,841742.0,-4.21244,57.44654,10.4,0.0,0.0,load_shedding
SLKB1M,132.0,GB,267321.5,841742.0,-4.21244,57.44654,10.4,0.0,0.0,load_shedding
PEHE4K,400.0,GB,412733.2,843036.5,-1.78932,57.47741,1.1,0.0,0.0,load_shedding
PEHE2Q,275.0,GB,412733.2,843036.5,-1.78932,57.47741,7.5,0.0,0.0,load_shedding
PEHE2S,275.0,GB,412733.2,843036.5,-1.78932,57.47741,12.3,0.0,0.0,load_shedding
PEHEMEC6,400.0,GB,412733.2,843036.5,-1.78932,57.47741,1.2,0.0,0.0,load_shedding
PEHERSV2,400.0,GB,412733.2,843036.5,-1.78932,57.47741,0.0,0.0,,load_shedding
SFEV1T,132.0,GB,409607.0,854345.5,-1.84101,57.57907,7.4,0.0,0.0,load_shedding
SPIT2R,275.0,GB,320444.4,949882.7,-3.364,58.43,764386.0,0.0,0.0,wind_onshore
MAHI1-,132.0,GB,284367.7,554965.6,-3.80367,54.87604,11.6,0.0,0.0,load_shedding
GLAP3-,33.0,GB,283406.5,576351.8,-3.82734,55.0679,10.0,0.0,0.0,load_shedding
NECU1Q,132.0,GB,261840.7,614202.2,-4.18335,55.40224,11.6,0.0,0.0,load_shedding
BLKS3-,33.0,GB,268826.4,655174.2,-4.09261,55.77206,10.6,0.0,0.0,load_shedding
WISH1-,132.0,GB,279077.0,653998.1,-3.92879,55.76417,11.9,0.0,0.0,load_shedding
DENN1-,132.0,GB,285071.6,683184.7,-3.84572,56.02773,12.3,0.0,0.0,load_shedding
COAL1-,132.0,GB,281009.0,634766.3,-3.88967,55.59194,11.5,0.0,0.0,load_shedding
CUMH3-,33.0,GB,277967.0,634117.8,-3.93763,55.58536,11.0,0.0,0.0,load_shedding
ECCF1J,132.0,GB,319300.5,574643.3,-3.26496,55.05969,110080.5,0.0,0.0,wind_onshore
ECCF1K,132.0,GB,319300.5,574643.3,-3.26496,55.05969,10.3,0.0,0.0,load_shedding
ELVA2Q,275.0,GB,295174.9,617278.5,-3.65839,55.43813,12.1,0.0,0.0,load_shedding
CLYS3X,33.0,GB,273662.4,653031.1,-4.01458,55.7541,11.0,0.0,0.0,load_shedding
MAYT1T,132.0,GB,230187.8,610055.1,-4.68014,55.35507,11.1,0.0,0.0,load_shedding
EWEH3-,33.0,GB,254069.8,612689.5,-4.30517,55.3864,10.7,0.0,0.0,load_shedding
WESE1-,132.0,GB,371342.1,670262.6,-2.46017,55.92458,374351.6,0.0,0.0,wind_onshore
HAGH3-,33.0,GB,291065.5,630593.7,-3.72854,55.55682,10.8,0.0,0.0,load_shedding
TONG1Q,132.0,GB,270034.5,552961.7,-4.026,54.85452,10.8,0.0,0.0,load_shedding
SMEA1-,132.0,GB,328245.9,693653.1,-3.15596,56.13019,11.8,0.0,0.0,load_shedding
KEIH3-,33.0,GB,332678.7,668773.4,-3.07842,55.90734,97127.3,25532.4,262.876,waste_to_energy
POGB3-,33.0,GB,346524.2,660630.0,-2.85537,55.83592,130451.7,0.0,0.0,wind_onshore
TODD3-,33.0,GB,334009.0,668752.9,-3.05714,55.90734,10.1,0.0,0.0,load_shedding
STWB4Q,400.0,GB,416881.6,564496.6,-1.7378,54.9748,10.4,0.0,0.0,load_shedding
STWB4R,400.0,GB,416881.6,564496.6,-1.7378,54.9748,70146.2,4384.7,62.508,wind_onshore
EKIL3B,33.0,GB,262663.1,656797.9,-4.1916,55.78492,9.6,0.0,0.0,load_shedding
PRST3A,33.0,GB,295240.8,617388.2,-3.65739,55.43913,10.6,0.0,0.0,load_shedding
GRNA4C,400.0,GB,331836.3,567276.2,-3.06698,54.99538,12.1,0.0,0.0,load_shedding
NECU1C,132.0,GB,261840.7,614202.2,-4.18335,55.40224,0.0,0.0,0.0,wind_onshore
WIYH1-,132.0,GB,296672.5,592427.3,-3.62556,55.21523,0.0,0.0,,load_shedding
HAWI1B,132.0,GB,350038.5,615209.6,-2.791,55.42822,11.2,0.0,0.0,load_shedding
HAHA3-,33.0,GB,280578.9,634045.6,-3.89618,55.58536,10.8,0.0,0.0,load_shedding
SNQR3-,33.0,GB,278175.7,609872.6,-3.92368,55.36769,64366.5,0.0,0.0,wind_onshore
WHLL3-,33.0,GB,222601.3,652599.9,-4.82694,55.73421,133811.5,0.0,0.0,wind_onshore
GRMO3C,33.0,GB,292692.2,682004.7,-3.72303,56.0189,12.0,0.0,0.0,load_shedding
JUNV1-,132.0,GB,326947.9,675908.7,-3.172,55.9706,11.2,0.0,0.0,load_shedding
MOFF4C,400.0,GB,308472.8,605304.7,-3.44436,55.33324,12.2,0.0,0.0,load_shedding
KYPE3A,33.0,GB,273227.2,642626.0,-4.01669,55.66055,10.6,0.0,0.0,load_shedding
TORN1-,132.0,GB,374586.0,675075.2,-2.40872,55.968,10.4,0.0,0.0,load_shedding
KAIM3A,33.0,GB,327334.4,666988.4,-3.1634,55.89052,102754.2,2985.1,29.051,wind_onshore
KAIM3B,33.0,GB,327334.4,666988.4,-3.1634,55.89052,11.9,0.0,0.0,load_shedding
NECU1R,132.0,GB,261840.7,614202.2,-4.18335,55.40224,11.5,0.0,0.0,load_shedding
LOAN2Q,275.0,GB,295300.0,685200.0,-3.68246,56.04818,5.9,0.0,0.0,load_shedding
LOAN2R,275.0,GB,295300.0,685200.0,-3.68246,56.04818,5.9,0.0,0.0,load_shedding
TRLO3-,33.0,GB,223259.0,596757.2,-4.78093,55.23328,214142.3,0.0,0.0,wind_onshore
MEAD1Q,132.0,GB,251321.0,643979.8,-4.36533,55.66649,6.2,0.0,0.0,load_shedding
MEAD1R,132.0,GB,251321.0,643979.8,-4.36533,55.66649,6.2,0.0,0.0,load_shedding
MOFF3A,33.0,GB,308472.8,605304.7,-3.44436,55.33324,11.1,0.0,0.0,load_shedding
SOKY1-,132.0,GB,233959.5,621531.6,-4.62755,55.45938,11.7,0.0,0.0,load_shedding
NEIL1C,132.0,GB,247883.5,657055.9,-4.4272,55.78281,11.8,0.0,0.0,load_shedding
NEIL2C,275.0,GB,247883.5,657055.9,-4.4272,55.78281,7.4,0.0,0.0,load_shedding
NEIL2D,275.0,GB,247883.5,657055.9,-4.4272,55.78281,1.1,0.0,0.0,load_shedding
WIYH2R,275.0,GB,296672.5,592427.3,-3.62556,55.21523,387744.5,0.0,0.0,wind_onshore
WISH3T,33.0,GB,279077.0,653998.1,-3.92879,55.76417,12.0,0.0,0.0,load_shedding
WISH3S,33.0,GB,279077.0,653998.1,-3.92879,55.76417,12.0,0.0,0.0,load_shedding
SWAN21,275.0,GB,264527.3,200038.4,-3.96097,51.68272,11.8,0.0,0.0,load_shedding
WIMB2A,275.0,GB,526059.3,171778.6,-0.18803,51.431,12.2,0.0,0.0,load_shedding
ROWD42,400.0,GB,539104.8,163315.9,-0.0038,51.3519,11.6,0.0,0.0,load_shedding
ROWD41,400.0,GB,539104.8,163315.9,-0.0038,51.3519,11.6,0.0,0.0,load_shedding
LISD2A,275.0,GB,338700.3,391799.8,-2.92383,53.41942,68523.1,0.0,0.0,wind_onshore
BLYT22,275.0,GB,430013.0,583076.7,-1.53071,55.14114,6.2,0.0,0.0,load_shedding
BLYT23,275.0,GB,430013.0,583076.7,-1.53071,55.14114,6.2,0.0,0.0,load_shedding
MONF21,275.0,GB,451888.3,430107.0,-1.21434,53.76474,11.6,0.0,0.0,load_shedding
WALX22,275.0,GB,536073.6,200389.5,-0.033,51.68578,11.8,0.0,0.0,load_shedding
WALX21,275.0,GB,536073.6,200389.5,-0.033,51.68578,11.8,0.0,0.0,load_shedding
DRAK21,275.0,GB,423745.7,319570.2,-1.64946,52.7732,237897.4,18678.9,78.517,advanced_biofuel
IROA13,132.0,GB,366740.0,185677.7,-2.48127,51.56898,110175.1,0.0,0.0,solar_pv
KEMS4A,400.0,GB,590873.5,166701.1,0.74064,51.36729,12.3,0.0,0.0,load_shedding
SELL4C,400.0,GB,608539.3,138313.6,0.97755,51.10617,36395.3,938.4,25.785,solar_pv
SELL4D,400.0,GB,608539.3,138313.6,0.97755,51.10617,0.7,0.0,0.0,load_shedding
INCE11,132.0,GB,345088.0,376529.7,-2.82507,53.28288,508810.1,116115.7,228.21,waste_to_energy
PEWO4A,400.0,GB,351999.6,427475.0,-2.72924,53.74143,8573.1,0.0,0.0,solar_pv
WHSO4A,400.0,GB,342632.9,185339.5,-2.829,51.564,0.0,0.0,,load_shedding
WHAM4B,400.0,GB,538988.2,181973.6,0.00184,51.51959,10.5,0.0,0.0,load_shedding
KEMS4B,400.0,GB,590873.5,166701.1,0.74064,51.36729,12.0,0.0,0.0,load_shedding
TREU4A,400.0,GB,325026.1,358159.4,-3.1216,53.11532,24929.1,0.0,0.0,wind_onshore
TREU4B,400.0,GB,325026.1,358159.4,-3.1216,53.11532,11.5,0.0,0.0,load_shedding
MARH4B,400.0,GB,473390.7,287189.8,-0.92086,52.47771,469971.4,12395.8,26.376,wind_onshore
RYHA4A,400.0,GB,503508.3,310811.8,-0.47019,52.68512,12.1,0.0,0.0,load_shedding
RATS2A,275.0,GB,450407.8,329796.4,-1.2527,52.8633,12.3,0.0,0.0,load_shedding
THTO41,400.0,GB,477500.5,445512.9,-0.822,53.9,68294.1,2967.2,43.447,wind_onshore
THTO42,400.0,GB,477500.5,445512.9,-0.822,53.9,11.5,0.0,0.0,load_shedding
YAXL41,400.0,GB,519455.5,291843.9,-0.24123,52.5114,475863.8,23073.0,48.487,wind_onshore
SELL4E,400.0,GB,608539.3,138313.6,0.97755,51.10617,0.0,0.0,,load_shedding
SELL4F,400.0,GB,608539.3,138313.6,0.97755,51.10617,0.0,0.0,,load_shedding
WISD2A,275.0,GB,520980.2,183184.4,-0.25715,51.53461,11.7,0.0,0.0,load_shedding
PAFB4A,400.0,GB,399704.1,170906.1,-2.00565,51.43715,12.2,0.0,0.0,load_shedding
PAFB4B,400.0,GB,399704.1,170906.1,-2.00565,51.43715,195620.0,7049.2,36.035,solar_pv
HEND11,132.0,GB,523296.7,189371.9,-0.2216,51.58972,11.2,0.0,0.0,load_shedding
HARK24,275.0,GB,338315.2,561188.3,-2.96442,54.94153,11.8,0.0,0.0,load_shedding
FRIS41,400.0,GB,640769.1,260397.0,1.52107,52.18921,9.7,0.0,0.0,load_shedding
MEDW41,400.0,GB,586878.3,174437.7,0.68739,51.4381,1814727.0,714997.6,393.997,CCGT
SHBA41,400.0,GB,522808.8,413277.8,-0.14558,53.60168,10.3,0.0,0.0,load_shedding
LACK2A,275.0,GB,456129.0,519505.7,-1.13339,54.56767,1.4,0.0,0.0,load_shedding
LACK2B,275.0,GB,456129.0,519505.7,-1.13339,54.56767,11.8,0.0,0.0,load_shedding
LACK2C,275.0,GB,456129.0,519505.7,-1.13339,54.56767,12.3,0.0,0.0,load_shedding
LEMR11,132.0,GB,419856.0,292349.8,-1.70875,52.52866,14.4,0.0,0.0,load_shedding
HUTT43,400.0,GB,356352.8,489341.4,-2.67215,54.29781,12.1,0.0,0.0,load_shedding
SAES21,275.0,GB,516150.3,428002.8,-0.24064,53.73549,7.6,0.0,0.0,load_shedding
QUER4B,400.0,GB,346355.0,459014.8,-2.82034,54.02433,101050.1,4516.8,44.699,wind_onshore
LITT2A,275.0,GB,556016.1,175904.8,0.24439,51.46062,10.6,0.0,0.0,load_shedding
LITT2B,275.0,GB,556016.1,175904.8,0.24439,51.46062,7.7,0.0,0.0,load_shedding
HUTT42,400.0,GB,356352.8,489341.4,-2.67215,54.29781,11.8,0.0,0.0,load_shedding
QUER4A,400.0,GB,374691.3,424788.1,-2.38499,53.71888,254716.8,62165.5,244.057,CCGT
OLDS12,132.0,GB,360601.1,194557.2,-2.57084,51.64842,76144.4,4086.4,53.667,solar_pv
MELK2A,275.0,GB,389633.1,165874.7,-2.15038,51.39181,12.4,0.0,0.0,load_shedding
MELK2B,275.0,GB,389633.1,165874.7,-2.15038,51.39181,12.4,0.0,0.0,load_shedding
WHSO2A,275.0,GB,342632.9,185339.5,-2.829,51.564,12.4,0.0,0.0,load_shedding
WHSO2B,275.0,GB,342632.9,185339.5,-2.829,51.564,12.4,0.0,0.0,load_shedding
KEAD44,400.0,GB,482299.7,411900.1,-0.75792,53.59722,12.1,0.0,0.0,load_shedding
SING41,400.0,GB,565650.6,170847.4,0.38059,51.41245,451126.3,133842.6,296.685,waste_to_energy
SALH41,400.0,GB,449300.1,523800.1,-1.23828,54.60697,11.5,0.0,0.0,load_shedding
WWEY2A,275.0,GB,505322.6,162079.6,-0.48908,51.34805,11.7,0.0,0.0,load_shedding
SIZE11,132.0,GB,647329.0,263559.5,1.61914,52.21469,7.6,0.0,0.0,load_shedding
SIZE1A,132.0,GB,647329.0,263559.5,1.61914,52.21469,7.6,0.0,0.0,load_shedding
SIZE1B,132.0,GB,647329.0,263559.5,1.61914,52.21469,1.3,0.0,0.0,load_shedding
WTHU4E,400.0,GB,559100.3,177300.2,0.28938,51.4723,12.2,0.0,0.0,load_shedding
WTHU4F,400.0,GB,559100.3,177300.2,0.28938,51.4723,11.7,0.0,0.0,load_shedding
ROWD4A,400.0,GB,539104.8,163315.9,-0.0038,51.3519,12.0,0.0,0.0,load_shedding
ROWD4B,400.0,GB,539104.8,163315.9,-0.0038,51.3519,12.0,0.0,0.0,load_shedding
SALH42,400.0,GB,449300.1,523800.1,-1.23828,54.60697,12.2,0.0,0.0,load_shedding
NOTR11,132.0,GB,624791.8,306023.5,1.31836,52.60545,0.0,0.0,390.866,CCGT
NOTR12,132.0,GB,624791.8,306023.5,1.31836,52.60545,0.0,0.0,0.0,load_shedding
THTO43,400.0,GB,477500.5,445512.9,-0.822,53.9,12.3,0.0,0.0,load_shedding
PEWO4B,400.0,GB,351999.6,427475.0,-2.72924,53.74143,11.5,0.0,0.0,load_shedding
WHAM4A,400.0,GB,538988.2,181973.6,0.00184,51.51959,1.2,0.0,0.0,load_shedding
STAY4A,400.0,GB,475866.3,353959.1,-0.86897,53.07748,12.1,0.0,0.0,load_shedding
STSB4A,400.0,GB,427295.0,398496.3,-1.59016,53.48248,10.1,0.0,0.0,load_shedding
STES11,132.0,GB,417220.4,564448.1,-1.73251,54.97435,34772.3,1455.0,41.843,wind_onshore
BEAT21,275.0,GB,342739.0,848567.8,-2.95771,57.52363,45953.5,0.0,0.0,wind_onshore
BEAT22,275.0,GB,342739.0,848567.8,-2.95771,57.52363,12.2,0.0,0.0,load_shedding
DUDO11,132.0,GB,588856.1,310575.6,0.791,52.66,12.1,0.0,0.0,load_shedding
DUDO12,132.0,GB,588856.1,310575.6,0.791,52.66,192699.4,854.1,4.432,solar_pv
MORO21,275.0,GB,383014.1,844555.1,-2.285,57.4909,83029.7,0.0,0.0,wind_onshore
MORO22,275.0,GB,383014.1,844555.1,-2.285,57.4909,11.7,0.0,0.0,load_shedding
MORO23,275.0,GB,383014.1,844555.1,-2.285,57.4909,11.7,0.0,0.0,load_shedding
MOWW63,66.0,GB,331393.1,895004.3,-3.16039,57.93907,2431867.4,0.0,0.0,wind_offshore
MOWW64,66.0,GB,330846.6,896932.8,-3.17018,57.9563,11.3,0.0,0.0,load_shedding
RACO22,275.0,GB,548749.4,316602.6,0.20124,52.72662,11.7,0.0,0.0,load_shedding
RACO21,275.0,GB,548749.4,316602.6,0.20124,52.72662,11.7,0.0,0.0,load_shedding
RREW11,132.0,GB,325168.9,567438.1,-3.17122,54.99587,11.2,0.0,0.0,load_shedding
RRWW11,132.0,GB,325168.9,567438.1,-3.17122,54.99587,24163.7,0.0,0.0,wind_onshore
WDSO11,132.0,GB,341750.5,459968.8,-2.8908,54.0324,12.0,0.0,0.0,load_shedding
WDSO12,132.0,GB,341750.5,459968.8,-2.8908,54.0324,11.6,0.0,0.0,load_shedding
ABNE3-,33.0,GB,320119.1,717095.7,-3.29375,56.33946,11.9,0.0,0.0,load_shedding
AIGA5-,11.0,GB,245905.5,841253.7,-4.56861,57.43539,10.5,0.0,0.0,load_shedding
ALNE3J,33.0,GB,264592.1,870977.6,-4.2742,57.70813,10.9,0.0,0.0,load_shedding
ANSU3-,33.0,GB,281353.4,807081.2,-3.96216,57.13926,11.5,0.0,0.0,load_shedding
ARBR3-,33.0,GB,362053.7,741493.2,-2.61904,56.56386,24029.0,0.0,0.0,solar_pv
ARDK3K,33.0,GB,217165.1,714450.3,-4.9555,56.28717,28323.8,0.0,0.0,wind_onshore
ARMO3-,33.0,GB,122255.6,861105.4,-6.645,57.55443,100518.1,1817.0,18.077,wind_onshore
BEAU3-,33.0,GB,250766.3,844661.9,-4.4898,57.4676,11.6,0.0,0.0,load_shedding
BEIN31,33.0,GB,220442.4,804417.0,-4.96547,57.09559,10.6,0.0,0.0,load_shedding
BERB3-,33.0,GB,304258.0,847112.1,-3.59941,57.50405,12.1,0.0,0.0,load_shedding
BHLA31,33.0,GB,244194.2,817219.1,-4.5819,57.21913,10.8,0.0,0.0,load_shedding
BOAG3-,33.0,GB,296134.7,818941.4,-3.723,57.24933,9.0,0.0,0.0,load_shedding
BRCW3-,33.0,GB,283828.8,710880.0,-3.87774,56.27613,6613.2,0.0,0.0,small_hydro
BRID3-,33.0,GB,366035.6,758885.9,-2.55655,56.72041,9.8,0.0,0.0,load_shedding
BROA3-,33.0,GB,162669.9,824333.8,-5.9358,57.24793,8.9,0.0,0.0,load_shedding
BROR3-,33.0,GB,289354.2,904954.7,-3.8747,58.01993,10.7,0.0,0.0,load_shedding
BUMU3-,33.0,GB,308280.2,723708.1,-3.4875,56.3967,12.0,0.0,0.0,load_shedding
CAAD3-,33.0,GB,179404.5,638527.2,-5.50231,55.59026,11.2,0.0,0.0,load_shedding
CAAD3J,33.0,GB,179404.5,638527.2,-5.50231,55.59026,639784.2,0.0,0.0,wind_onshore
CAIN3J,33.0,GB,349107.4,840479.5,-2.84971,57.45175,122966.9,0.0,0.0,wind_onshore
CASS3-,33.0,GB,245357.0,741740.0,-4.5167,56.54213,11.2,0.0,0.0,load_shedding
CEAN5-,11.0,GB,222464.9,810842.6,-4.9367,57.15402,10.0,0.0,0.0,load_shedding
CHAR3-,33.0,GB,335735.7,731789.7,-3.0448,56.47383,18084.5,0.0,0.0,load_shedding
CLAC5J,11.0,GB,219190.6,713244.8,-4.922,56.27713,11.5,0.0,0.0,load_shedding
CLAY3-,33.0,GB,394131.6,805485.2,-2.0986,57.14023,69498.2,20846.1,299.951,waste_to_energy
CLUN5J,11.0,GB,311014.2,743862.4,-3.45012,56.57823,11.1,0.0,0.0,load_shedding
CLUN5K,11.0,GB,311014.2,743862.4,-3.45012,56.57823,11.2,0.0,0.0,load_shedding
COGA3-,33.0,GB,257500.2,813498.3,-4.35963,57.19007,10.8,0.0,0.0,load_shedding
CORI3-,33.0,GB,234354.3,867130.3,-4.77841,57.66349,12.2,0.0,0.0,load_shedding
CORI3J,33.0,GB,234354.3,867130.3,-4.77841,57.66349,233547.0,0.0,0.0,wind_onshore
COUA3-,33.0,GB,321811.3,739183.4,-3.273,56.53813,9.8,0.0,0.0,load_shedding
CRAI3-,33.0,GB,390837.0,804478.3,-2.153,57.13113,11.4,0.0,0.0,load_shedding
CRAR3-,33.0,GB,299984.3,646179.2,-3.59288,55.69872,11.7,0.0,0.0,load_shedding
CREA3-,33.0,GB,252588.6,928362.1,-4.51122,58.21928,11.0,0.0,0.0,load_shedding
CRSS3-,33.0,GB,183189.0,651102.5,-5.4523,55.70475,12.1,0.0,0.0,load_shedding
CULL5-,11.0,GB,251877.4,848160.1,-4.47342,57.49936,11.1,0.0,0.0,load_shedding
DAAS3-,33.0,GB,315103.2,852746.9,-3.42046,57.55682,219315.9,0.0,0.0,wind_onshore
DEAN5-,11.0,GB,260981.9,847950.0,-4.32152,57.50036,10.9,0.0,0.0,load_shedding
DORE31,33.0,GB,331999.9,829498.4,-3.13168,57.35089,11.6,0.0,0.0,load_shedding
DORE32,33.0,GB,331999.9,829498.4,-3.13168,57.35089,11.2,0.0,0.0,load_shedding
DOUN3-,33.0,GB,298125.1,966654.3,-3.7535,58.57592,10.8,0.0,0.0,load_shedding
DUBE3-,33.0,GB,316183.2,930250.0,-3.4298,58.25293,10.8,0.0,0.0,load_shedding
DUDH3-,33.0,GB,341556.8,730358.2,-2.95,56.46173,10.7,0.0,0.0,load_shedding
DUGR3-,33.0,GB,128128.5,846579.7,-6.531,57.42793,8.5,0.0,0.0,load_shedding
DUNM3-,33.0,GB,259300.6,822262.9,-4.33484,57.26929,154211.6,0.0,0.0,wind_onshore
DUNO3-,33.0,GB,216641.5,679639.8,-4.94,55.97462,9.7,0.0,0.0,load_shedding
DYCE3-,33.0,GB,389165.7,813421.6,-2.181,57.21143,11.0,0.0,0.0,load_shedding
EDIN3-,33.0,GB,134547.4,850974.3,-6.4292,57.47108,155634.6,0.0,0.0,wind_onshore
ELGI3-,33.0,GB,321509.5,864367.9,-3.3172,57.66233,117015.8,0.0,0.0,wind_onshore
ERRO5L,11.0,GB,268276.8,765265.7,-4.15628,56.76032,12.2,0.0,0.0,load_shedding
ERRO5J,11.0,GB,268276.8,765265.7,-4.15628,56.76032,12.2,0.0,0.0,load_shedding
FAAR3J,33.0,GB,273500.0,828998.3,-4.10301,57.33391,279703.5,0.0,0.0,wind_onshore
FAAR3K,33.0,GB,273500.0,828998.3,-4.10301,57.33391,11.5,0.0,0.0,load_shedding
FASN3-,33.0,GB,232141.4,829251.5,-4.7894,57.32283,32055.2,0.0,0.0,small_hydro
FAUG3-,33.0,GB,235823.9,808350.4,-4.7145,57.13663,10.2,0.0,0.0,load_shedding
FERO3-,33.0,GB,186063.3,688545.5,-5.43621,56.04185,71126.6,0.0,0.0,wind_onshore
FETT3S,33.0,GB,378976.1,785988.0,-2.34737,56.96464,11.7,0.0,0.0,load_shedding
FIDD3-,33.0,GB,382322.4,781117.7,-2.292,56.92103,69396.5,0.0,0.0,wind_onshore
FINL5-,11.0,GB,299440.5,825395.0,-3.67086,57.30801,10.9,0.0,0.0,load_shedding
FRAS3-,33.0,GB,398669.9,866267.6,-2.02397,57.68625,8.6,0.0,0.0,load_shedding
FWIL3-,33.0,GB,212467.9,773974.1,-5.0743,56.81933,10.4,0.0,0.0,load_shedding
GLDO8-,400.0,GB,245980.4,803406.0,-4.54382,57.09577,11.0,0.0,0.0,load_shedding
GLEN5-,11.0,GB,266526.0,844691.6,-4.2273,57.47278,11362.9,1362.3,119.888,biogas
GLFA3-,33.0,GB,321050.3,836945.2,-3.31599,57.41599,11.2,0.0,0.0,load_shedding
GORW3-,33.0,GB,284603.7,912695.3,-3.95887,58.0882,154271.4,0.0,0.0,wind_onshore
GRIF36,33.0,GB,293600.2,744598.8,-3.73375,56.58121,330438.2,0.0,0.0,wind_onshore
GRIF38,33.0,GB,293600.2,744598.8,-3.73375,56.58121,11.6,0.0,0.0,load_shedding
GRUB3-,33.0,GB,231056.4,861809.7,-4.8299,57.61453,7.5,0.0,0.0,load_shedding
INGA5-,11.0,GB,230044.9,801127.5,-4.80496,57.06972,10.6,0.0,0.0,load_shedding
INNE3-,33.0,GB,265604.3,842410.3,-4.2414,57.45203,12.9,0.0,0.0,load_shedding
KIIN3-,33.0,GB,256920.4,733900.6,-4.3245,56.47543,12.0,0.0,0.0,load_shedding
KILO3-,33.0,GB,219544.5,761880.4,-4.95,56.71363,13612.7,0.0,0.0,small_hydro
KINT3-,33.0,GB,377508.6,813636.1,-2.374,57.21293,9.1,0.0,0.0,load_shedding
KIOR5-,11.0,GB,249010.6,844528.5,-4.51896,57.46582,10.9,0.0,0.0,load_shedding
LAIR3-,33.0,GB,258578.6,904613.2,-4.395,58.00813,11.4,0.0,0.0,load_shedding
LOCH5J,11.0,GB,248772.1,736702.5,-4.45828,56.49803,6846.9,0.0,0.0,small_hydro
LOCH5K,11.0,GB,248772.1,736702.5,-4.45828,56.49803,10.7,0.0,0.0,load_shedding
LUIC5J,11.0,GB,237599.3,860547.0,-4.71967,57.6056,11.4,0.0,0.0,load_shedding
LUIC5K,11.0,GB,237599.3,860547.0,-4.71967,57.6056,11.4,0.0,0.0,load_shedding
LUNA3-,33.0,GB,347064.9,751737.7,-2.865,56.65443,12000.4,1438.7,119.887,landfill_gas
LYND3-,33.0,GB,337460.2,732572.4,-3.017,56.48109,9.8,0.0,0.0,load_shedding
MACD3-,33.0,GB,370800.8,863387.6,-2.491,57.65943,151723.7,0.0,0.0,wind_onshore
MELG8J,400.0,GB,246363.6,795939.2,-4.53293,57.02889,5.9,0.0,0.0,load_shedding
MELG8K,400.0,GB,246363.6,795939.2,-4.53293,57.02889,5.9,0.0,0.0,load_shedding
MILC3-,33.0,GB,343600.6,731098.5,-2.917,56.46863,12.3,0.0,0.0,load_shedding
MILW3-,33.0,GB,227651.6,807833.8,-4.849,57.129,10.7,0.0,0.0,load_shedding
MOSS5-,11.0,GB,357802.0,850989.2,-2.70666,57.54704,9.5,0.0,0.0,load_shedding
MYBS3J,33.0,GB,317098.5,951615.1,-3.4219,58.44493,8.0,0.0,0.0,load_shedding
MYBS3K,33.0,GB,317098.5,951615.1,-3.4219,58.44493,8.0,0.0,0.0,load_shedding
NAIR3-,33.0,GB,289785.3,855273.2,-3.8445,57.57403,9.4,0.0,0.0,load_shedding
NANT5-,11.0,GB,186486.6,728666.7,-5.46175,56.40185,10.9,0.0,0.0,load_shedding
ORRI3-,33.0,GB,243553.6,854530.3,-4.61625,57.55372,10.9,0.0,0.0,load_shedding
ORRI5-,11.0,GB,243553.6,854530.3,-4.61625,57.55372,11.0,0.0,0.0,load_shedding
PEHS5-,11.0,GB,413024.6,846432.0,-1.78429,57.5079,10.6,0.0,0.0,load_shedding
PEHG3-,33.0,GB,413035.5,846060.6,-1.78412,57.50456,10.1,0.0,0.0,load_shedding
PERS3-,33.0,GB,391730.5,809263.2,-2.1384,57.17413,26614.7,3192.3,119.946,landfill_gas
PORA3-,33.0,GB,191345.0,686521.7,-5.35,56.02602,9.2,0.0,0.0,load_shedding
QUOI5-,11.0,GB,211700.0,801900.0,-5.10765,57.06952,10.1,0.0,0.0,load_shedding
RANN3Q,33.0,GB,253186.8,757959.2,-4.3987,56.69023,10.8,0.0,0.0,load_shedding
REDM3-,33.0,GB,394550.5,801944.6,-2.0916,57.10843,205792.2,0.0,0.0,wind_offshore
SFEE5-,11.0,GB,409142.6,853791.7,-1.8488,57.5741,9.6,0.0,0.0,load_shedding
SFIL5-,11.0,GB,272743.6,728846.6,-4.06535,56.43459,6838.7,0.0,0.0,small_hydro
SHIN3-,33.0,GB,257770.0,896852.7,-4.404,57.93823,11.7,0.0,0.0,load_shedding
SHIN5-,11.0,GB,257770.0,896852.7,-4.404,57.93823,11.4,0.0,0.0,load_shedding
SLOY5L,11.0,GB,232549.3,709277.7,-4.704,56.24643,11.1,0.0,0.0,load_shedding
SLOY5M,11.0,GB,232549.3,709277.7,-4.704,56.24643,11.0,0.0,0.0,load_shedding
SLOY5N,11.0,GB,232549.3,709277.7,-4.704,56.24643,11.0,0.0,0.0,load_shedding
SLOY5P,11.0,GB,232549.3,709277.7,-4.704,56.24643,11.1,0.0,0.0,load_shedding
STRB3W,33.0,GB,278783.4,907832.4,-4.055,58.043,12.0,0.0,0.0,load_shedding
STRI3-,33.0,GB,395913.8,855134.2,-2.07,57.58623,9.7,0.0,0.0,load_shedding
STRL3P,33.0,GB,247166.2,806831.2,-4.52636,57.12691,4.0,0.0,0.0,load_shedding
STRL3Q,33.0,GB,247166.2,806831.2,-4.52636,57.12691,4.0,0.0,0.0,load_shedding
STRL3R,33.0,GB,247166.2,806831.2,-4.52636,57.12691,4.0,0.0,0.0,load_shedding
STRW3-,33.0,GB,263801.4,875497.7,-4.29002,57.74846,7524.9,0.0,0.0,wind_onshore
TARL3-,33.0,GB,352423.5,807014.5,-2.788,57.15153,7.9,0.0,0.0,load_shedding
TAYN3-,33.0,GB,201914.6,731064.9,-5.214,56.43008,117912.1,0.0,0.0,wind_onshore
THUS3-,33.0,GB,312309.9,965898.5,-3.5094,58.57223,34640.5,0.0,0.0,wind_onshore
TUMB5-,11.0,GB,276662.5,759007.4,-4.0162,56.70643,7.0,0.0,0.0,load_shedding
WIOW3-,33.0,GB,394224.5,806999.1,-2.0971,57.15383,10.8,0.0,0.0,load_shedding
WOHI3-,33.0,GB,391248.1,807048.9,-2.1463,57.15423,9.3,0.0,0.0,load_shedding
AREC3A,33.0,GB,293705.0,554846.1,-3.65817,54.87704,5475.9,655.8,119.767,biogas
AREC3B,33.0,GB,293705.0,554846.1,-3.65817,54.87704,10.9,0.0,0.0,load_shedding
AYR-3-,33.0,GB,236487.6,621158.9,-4.58739,55.45688,11.7,0.0,0.0,load_shedding
BAGA3-,33.0,GB,295436.3,668744.8,-3.67388,55.90042,12.3,0.0,0.0,load_shedding
BAIN3-,33.0,GB,289892.9,681511.7,-3.76771,56.01384,8.9,0.0,0.0,load_shedding
BERW3-,33.0,GB,395161.7,653791.5,-2.0787,55.77742,9.5,0.0,0.0,load_shedding
BLAH3A,33.0,GB,283211.2,643503.7,-3.85846,55.67094,12.2,0.0,0.0,load_shedding
BLAH3B,33.0,GB,283211.2,643503.7,-3.85846,55.67094,12.2,0.0,0.0,load_shedding
BLKL3A,33.0,GB,308801.4,620984.4,-3.44431,55.47415,548112.2,0.0,0.0,wind_onshore
BLKL3B,33.0,GB,308801.4,620984.4,-3.44431,55.47415,10.7,0.0,0.0,load_shedding
BLLX3-,33.0,GB,308801.4,620984.4,-3.44431,55.47415,11.1,0.0,0.0,load_shedding
BONN3-,33.0,GB,284101.0,680913.8,-3.8603,56.0071,11.8,0.0,0.0,load_shedding
BRAP3-,33.0,GB,251155.0,667849.0,-4.381,55.88072,12.1,0.0,0.0,load_shedding
BROX3-,33.0,GB,309265.2,670536.5,-3.4534,55.91932,21789.0,1729.0,79.352,landfill_gas
CAFA5R,11.0,GB,260560.2,585427.5,-4.18929,55.1435,10.9,0.0,0.0,load_shedding
CATY3-,33.0,GB,262603.4,664825.8,-4.19661,55.85698,6.2,0.0,0.0,load_shedding
CHAP3-,33.0,GB,322012.0,569456.3,-3.2211,55.01352,11.9,0.0,0.0,load_shedding
CHAS3C,33.0,GB,259943.0,664696.1,-4.23901,55.85505,11.0,0.0,0.0,load_shedding
CHAS3A,33.0,GB,259943.0,664696.1,-4.23901,55.85505,11.0,0.0,0.0,load_shedding
CLYM3A,33.0,GB,265446.3,660886.5,-4.14928,55.82242,10.4,0.0,0.0,load_shedding
CLYM3B,33.0,GB,265446.3,660886.5,-4.14928,55.82242,10.4,0.0,0.0,load_shedding
CLYN3A,33.0,GB,325659.6,674259.0,-3.19218,55.95558,3.1,0.0,0.0,load_shedding
CLYN3B,33.0,GB,325659.6,674259.0,-3.19218,55.95558,3.1,0.0,0.0,load_shedding
CLYN3C,33.0,GB,325659.6,674259.0,-3.19218,55.95558,3.1,0.0,0.0,load_shedding
CLYN3D,33.0,GB,325659.6,674259.0,-3.19218,55.95558,3.1,0.0,0.0,load_shedding
CLYS3A,33.0,GB,273662.4,653031.1,-4.01458,55.7541,11.1,0.0,0.0,load_shedding
COAT3-,33.0,GB,274049.1,663860.6,-4.01344,55.85144,147865.1,17740.1,119.975,advanced_biofuel
COCK3-,33.0,GB,339736.1,675268.8,-2.967,55.96662,12.3,0.0,0.0,load_shedding
COYL3-,33.0,GB,246463.0,619711.7,-4.429,55.44712,12.3,0.0,0.0,load_shedding
CROO3J,33.0,GB,252003.0,663532.2,-4.3651,55.84223,11.6,0.0,0.0,load_shedding
CROO3K,33.0,GB,252003.0,663532.2,-4.3651,55.84223,11.6,0.0,0.0,load_shedding
CRYR31,33.0,GB,366686.2,667373.4,-2.53431,55.89832,6.0,0.0,0.0,load_shedding
CRYR32,33.0,GB,366686.2,667373.4,-2.53431,55.89832,6.0,0.0,0.0,load_shedding
CUMB3-,33.0,GB,277458.5,674401.7,-3.9638,55.94698,171139.4,14375.3,83.997,landfill_gas
CUPA3-,33.0,GB,336072.0,714016.9,-3.035,56.31423,10.9,0.0,0.0,load_shedding
CURR5-,11.0,GB,318271.9,668452.9,-3.3087,55.90222,11.0,0.0,0.0,load_shedding
DALM3-,33.0,GB,262093.2,662432.3,-4.20354,55.83535,11.4,0.0,0.0,load_shedding
DESA3-,33.0,GB,243395.1,605558.9,-4.46952,55.3191,211699.6,0.0,0.0,wind_onshore
DEVM3-,33.0,GB,232855.9,673716.1,-4.67682,55.92738,11.7,0.0,0.0,load_shedding
DEVO3-,33.0,GB,289530.9,695271.7,-3.7792,56.13733,12.3,0.0,0.0,load_shedding
DEWP3-,33.0,GB,324592.8,673344.2,-3.209,55.94719,11.7,0.0,0.0,load_shedding
DRCR3-,33.0,GB,300846.0,669291.3,-3.5876,55.90648,10.2,0.0,0.0,load_shedding
DRUM3-,33.0,GB,253294.9,671674.6,-4.3489,55.91572,12.1,0.0,0.0,load_shedding
DUMF3A,33.0,GB,297232.1,576155.9,-3.61087,55.0692,6616.0,792.7,119.818,biogas
DUMF3B,33.0,GB,297232.1,576155.9,-3.61087,55.0692,10.3,0.0,0.0,load_shedding
DUMF3I,33.0,GB,297232.1,576155.9,-3.61087,55.0692,10.3,0.0,0.0,load_shedding
DUNB3A,33.0,GB,364358.0,676105.3,-2.5727,55.9766,10.8,0.0,0.0,load_shedding
DUNB3B,33.0,GB,364358.0,676105.3,-2.5727,55.9766,10.8,0.0,0.0,load_shedding
DUNF3-,33.0,GB,309943.7,689475.1,-3.4489,56.08956,10.4,0.0,0.0,load_shedding
DUNH3-,33.0,GB,281626.5,641332.8,-3.88271,55.65106,10.8,0.0,0.0,load_shedding
EAST5-,11.0,GB,261719.1,581685.1,-4.1693,55.11022,77449.5,0.0,0.0,wind_onshore
ECCL3-,33.0,GB,379485.0,641672.8,-2.3277,55.66812,10.8,0.0,0.0,load_shedding
EERH3-,33.0,GB,270411.5,666992.8,-4.073,55.8786,12.6,0.0,0.0,load_shedding
EKIS3A,33.0,GB,264417.8,651686.3,-4.1611,55.73952,11.7,0.0,0.0,load_shedding
EKIS3B,33.0,GB,264417.8,651686.3,-4.1611,55.73952,12.2,0.0,0.0,load_shedding
ELDE3-,33.0,GB,245869.7,663444.4,-4.4629,55.83952,11.3,0.0,0.0,load_shedding
ERSK3-,33.0,GB,244992.3,670616.7,-4.481,55.90362,9.4,0.0,0.0,load_shedding
FALL3A,33.0,GB,354849.8,675548.5,-2.72495,55.9708,6.1,0.0,0.0,load_shedding
FALL3B,33.0,GB,354849.8,675548.5,-2.72495,55.9708,6.1,0.0,0.0,load_shedding
FINN3-,33.0,GB,257027.5,665720.8,-4.28609,55.8634,10.9,0.0,0.0,load_shedding
GALA3-,33.0,GB,351809.5,635179.7,-2.7665,55.60782,11.6,0.0,0.0,load_shedding
GIFF3A,33.0,GB,256059.2,658471.1,-4.2977,55.79802,11.5,0.0,0.0,load_shedding
GIFF3B,33.0,GB,256059.2,658471.1,-4.2977,55.79802,11.5,0.0,0.0,load_shedding
GLLE5-,11.0,GB,260927.7,580262.0,-4.181,55.09722,11.2,0.0,0.0,load_shedding
GLLU3-,33.0,GB,220583.9,557126.8,-4.798,54.87662,11.6,0.0,0.0,load_shedding
GLNI3-,33.0,GB,321293.7,691352.6,-3.2671,56.10843,77437.1,0.0,0.0,wind_onshore
GLRO3A,33.0,GB,325881.3,701913.8,-3.1963,56.20403,6.0,0.0,0.0,load_shedding
GLRO3B,33.0,GB,325881.3,701913.8,-3.1963,56.20403,6.0,0.0,0.0,load_shedding
GORG3-,33.0,GB,322957.4,672018.2,-3.2348,55.93502,10.6,0.0,0.0,load_shedding
GOVA3-,33.0,GB,255231.6,664680.7,-4.3142,55.85352,10.7,0.0,0.0,load_shedding
HADH3-,33.0,GB,227151.0,601331.4,-4.72261,55.27571,10.2,0.0,0.0,load_shedding
HAGR3-,33.0,GB,256254.1,662029.1,-4.29648,55.83002,10.6,0.0,0.0,load_shedding
HARE3A,33.0,GB,267111.0,674463.8,-4.12939,55.94478,2587.3,0.0,0.0,wind_onshore
HARE3B,33.0,GB,267111.0,674463.8,-4.12939,55.94478,11.0,0.0,0.0,load_shedding
HAWI3-,33.0,GB,350038.5,615209.6,-2.791,55.42822,10.6,0.0,0.0,load_shedding
HELE3-,33.0,GB,231748.0,684070.8,-4.701,56.01992,7.4,0.0,0.0,load_shedding
HUNF3-,33.0,GB,218460.2,651397.2,-4.892,55.72188,11.1,0.0,0.0,load_shedding
INKE3-,33.0,GB,313532.1,684126.2,-3.38952,56.04218,10.9,0.0,0.0,load_shedding
JOHN3-,33.0,GB,243309.6,664071.0,-4.5041,55.84432,10.8,0.0,0.0,load_shedding
KENN3-,33.0,GB,300564.4,634389.0,-3.57938,55.59294,11.3,0.0,0.0,load_shedding
KEOO5-,11.0,GB,261180.6,587337.0,-4.1805,55.16082,120516.7,0.0,0.0,wind_onshore
KIER3-,33.0,GB,255685.7,670212.8,-4.3099,55.90332,9.6,0.0,0.0,load_shedding
KILB3-,33.0,GB,249881.8,670983.5,-4.40307,55.90847,11.6,0.0,0.0,load_shedding
KILB5-,11.0,GB,249881.8,670983.5,-4.40307,55.90847,10.4,0.0,0.0,load_shedding
KILG3A,33.0,GB,294613.2,564753.3,-3.64766,54.96622,4.1,0.0,0.0,load_shedding
KILG3B,33.0,GB,294613.2,564753.3,-3.64766,54.96622,4.1,0.0,0.0,load_shedding
KILG3C,33.0,GB,294613.2,564753.3,-3.64766,54.96622,4.1,0.0,0.0,load_shedding
KILS3-,33.0,GB,245276.9,634513.0,-4.456,55.57962,12.3,0.0,0.0,load_shedding
KILT3A,33.0,GB,243377.0,636084.5,-4.487,55.59312,7557.5,0.0,0.0,wind_onshore
KILW3-,33.0,GB,231642.2,644420.2,-4.6781,55.66402,11.0,0.0,0.0,load_shedding
KYPE3-,33.0,GB,273227.2,642626.0,-4.01669,55.66055,11.0,0.0,0.0,load_shedding
LEVE3-,33.0,GB,338238.8,702140.2,-2.9972,56.20783,10.9,0.0,0.0,load_shedding
LING3-,33.0,GB,305899.8,669283.7,-3.50679,55.90743,118044.0,0.0,0.0,wind_onshore
LINM3-,33.0,GB,259003.4,670077.4,-4.25681,55.90309,11.6,0.0,0.0,load_shedding
MAYB3-,33.0,GB,230309.4,608039.3,-4.677,55.33702,10.6,0.0,0.0,load_shedding
MIDM3-,33.0,GB,285913.5,625698.7,-3.80815,55.51168,10.8,0.0,0.0,load_shedding
MOSH5J,11.0,GB,316980.8,690659.8,-3.33621,56.10147,11.1,0.0,0.0,load_shedding
MOSH5K,11.0,GB,316980.8,690659.8,-3.33621,56.10147,11.1,0.0,0.0,load_shedding
MOSM3Q,33.0,GB,316980.8,690659.8,-3.33621,56.10147,11.3,0.0,0.0,load_shedding
MOSM3R,33.0,GB,316980.8,690659.8,-3.33621,56.10147,11.3,0.0,0.0,load_shedding
NEAR3-,33.0,GB,278802.7,660370.7,-3.936,55.82132,12.5,0.0,0.0,load_shedding
NETS3-,33.0,GB,240560.3,564370.2,-4.491,54.94842,38013.3,0.0,0.0,wind_onshore
NOKY3A,33.0,GB,261974.3,614420.7,-4.18135,55.40424,6.0,0.0,0.0,load_shedding
NOKY3B,33.0,GB,261974.3,614420.7,-4.18135,55.40424,6.0,0.0,0.0,load_shedding
PAIS3-,33.0,GB,249136.2,663284.8,-4.4107,55.83912,10.5,0.0,0.0,load_shedding
PART3-,33.0,GB,255172.2,666465.0,-4.3161,55.86952,10.9,0.0,0.0,load_shedding
POOB3-,33.0,GB,330004.0,673824.0,-3.1225,55.95232,12.7,0.0,0.0,load_shedding
PORD3-,33.0,GB,259082.9,666736.8,-4.2538,55.87312,11.3,0.0,0.0,load_shedding
REDH3-,33.0,GB,328768.8,695329.8,-3.148,56.14533,11.7,0.0,0.0,load_shedding
SACO3J,33.0,GB,224546.2,641270.3,-4.78875,55.63324,10.9,0.0,0.0,load_shedding
SACO3K,33.0,GB,224546.2,641270.3,-4.78875,55.63324,9.6,0.0,0.0,load_shedding
SAKN3-,33.0,GB,292568.1,697181.0,-3.73112,56.15516,143665.1,0.0,0.0,wind_onshore
SANX3-,33.0,GB,350896.9,716765.4,-2.7959,56.34069,7.3,0.0,0.0,load_shedding
SHRU3A,33.0,GB,326132.4,675335.8,-3.1849,55.96532,11.7,0.0,0.0,load_shedding
SHRU3B,33.0,GB,326132.4,675335.8,-3.1849,55.96532,11.2,0.0,0.0,load_shedding
SIGH3A,33.0,GB,318865.0,671057.9,-3.3,55.92572,12.9,0.0,0.0,load_shedding
SPAV3-,33.0,GB,224492.9,674955.7,-4.8113,55.93552,8.7,0.0,0.0,load_shedding
STHA3-,33.0,GB,269539.9,652988.5,-4.0802,55.75262,9.8,0.0,0.0,load_shedding
STIR3-,33.0,GB,281050.9,693093.4,-3.9146,56.11573,10.6,0.0,0.0,load_shedding
STLE3S,33.0,GB,239227.9,675651.5,-4.5761,55.94692,8.6,0.0,0.0,load_shedding
TELR3-,33.0,GB,322604.3,674974.7,-3.2413,55.96152,10.1,0.0,0.0,load_shedding
TONG3-,33.0,GB,270034.5,552961.7,-4.026,54.85452,10.8,0.0,0.0,load_shedding
TONG5-,11.0,GB,270034.5,552961.7,-4.026,54.85452,10.5,0.0,0.0,load_shedding
WFIE3-,33.0,GB,319616.4,697440.2,-3.2959,56.16283,10.7,0.0,0.0,load_shedding
WGEO3-,33.0,GB,258400.3,665589.5,-4.2641,55.86262,11.7,0.0,0.0,load_shedding
WHHO3-,33.0,GB,325159.5,671445.1,-3.1994,55.93022,12.0,0.0,0.0,load_shedding
WHTL3-,33.0,GB,223589.1,692690.4,-4.8374,56.09434,10.8,0.0,0.0,load_shedding
WISH3-,33.0,GB,279077.0,653998.1,-3.92879,55.76417,12.4,0.0,0.0,load_shedding
WLEE3A,33.0,GB,356925.2,630941.8,-2.68464,55.57023,4.1,0.0,0.0,load_shedding
WLEE3B,33.0,GB,356925.2,630941.8,-2.68464,55.57023,4.1,0.0,0.0,load_shedding
WLEE3C,33.0,GB,356925.2,630941.8,-2.68464,55.57023,4.1,0.0,0.0,load_shedding
WLEX3A,33.0,GB,356925.2,630941.8,-2.68464,55.57023,4.1,0.0,0.0,load_shedding
WLEX3B,33.0,GB,356925.2,630941.8,-2.68464,55.57023,4.1,0.0,0.0,load_shedding
WLEX3C,33.0,GB,356925.2,630941.8,-2.68464,55.57023,4.1,0.0,0.0,load_shedding
ABHA11,132.0,GB,277365.3,64955.5,-3.72949,50.47156,13.8,0.0,0.0,load_shedding
ABHA12,132.0,GB,277365.3,64955.5,-3.72949,50.47156,12.2,0.0,0.0,load_shedding
ABTH11,132.0,GB,302443.2,166064.2,-3.40332,51.38521,13.9,0.0,0.0,load_shedding
ABTH12,132.0,GB,302443.2,166064.2,-3.40332,51.38521,11.6,0.0,0.0,load_shedding
ABTH13,132.0,GB,302443.2,166064.2,-3.40332,51.38521,11.6,0.0,0.0,load_shedding
ALDW31,33.0,GB,444886.1,395206.5,-1.32557,53.45171,12.5,0.0,0.0,load_shedding
ALDW32,33.0,GB,444886.1,395206.5,-1.32557,53.45171,12.1,0.0,0.0,load_shedding
ALVE11,132.0,GB,250133.2,125097.8,-4.13746,51.00569,13.9,0.0,0.0,load_shedding
AMEM11,132.0,GB,493113.6,197019.3,-0.65512,51.66425,12.2,0.0,0.0,load_shedding
AXMI11,132.0,GB,334933.3,99018.6,-2.92441,50.78707,13.4,0.0,0.0,load_shedding
BARK11,132.0,GB,546715.7,182031.3,0.11316,51.51815,12.7,0.0,0.0,load_shedding
BARW31,33.0,GB,546290.5,181831.1,0.10696,51.51647,56438.1,6023.9,106.734,sewage_gas
BARW32,33.0,GB,546290.5,181831.1,0.10696,51.51647,13.0,0.0,0.0,load_shedding
BEDD11,132.0,GB,530311.7,165546.6,-0.12918,51.37403,13.6,0.0,0.0,load_shedding
BEDD12,132.0,GB,530311.7,165546.6,-0.12918,51.37403,11.8,0.0,0.0,load_shedding
BEDT1A,132.0,GB,530093.9,165313.8,-0.13239,51.37199,267968.5,73065.6,272.665,waste_to_energy
BEDT1B,132.0,GB,530093.9,165313.8,-0.13239,51.37199,11.7,0.0,0.0,load_shedding
BESW11,132.0,GB,426371.7,276581.8,-1.61395,52.38663,14.0,0.0,0.0,load_shedding
BESW12,132.0,GB,426371.7,276581.8,-1.61395,52.38663,77376.8,3414.4,44.127,solar_pv
BICF11,132.0,GB,519664.6,338524.7,-0.22116,52.9308,13.4,0.0,0.0,load_shedding
BIGG11,132.0,GB,518089.9,243908.2,-0.27813,52.08095,11.7,0.0,0.0,load_shedding
BIRK11,132.0,GB,329476.1,385973.6,-3.0613,53.36591,13.3,0.0,0.0,load_shedding
BISW11,132.0,GB,383548.8,268293.0,-2.24274,52.3125,14.3,0.0,0.0,load_shedding
BLYT1A,132.0,GB,430013.0,583076.7,-1.53071,55.14114,6.0,0.0,0.0,load_shedding
BLYT1B,132.0,GB,430013.0,583076.7,-1.53071,55.14114,6.0,0.0,0.0,load_shedding
BLYT61,66.0,GB,430013.0,583076.7,-1.53071,55.14114,443245.6,304.9,0.688,wind_onshore
SASA11,132.0,GB,302088.1,374304.6,-3.46915,53.25668,414811.5,918.7,2.215,wind_onshore
BOLN11,132.0,GB,523909.3,120920.0,-0.23649,50.97437,13.7,0.0,0.0,load_shedding
BOLN12,132.0,GB,523909.3,120920.0,-0.23649,50.97437,164986.4,15011.7,90.988,landfill_gas
BOTW11,132.0,GB,454050.4,109778.1,-1.233,50.88497,13.1,0.0,0.0,load_shedding
BRAI11,132.0,GB,577464.7,221668.1,0.57604,51.86536,13.5,0.0,0.0,load_shedding
BRAW11,132.0,GB,408856.5,434876.0,-1.86699,53.8101,13.9,0.0,0.0,load_shedding
BRAW12,132.0,GB,408856.5,434876.0,-1.86699,53.8101,79027.8,2034.2,25.74,wind_onshore
BRED11,132.0,GB,391371.9,390944.2,-2.13128,53.41523,13.8,0.0,0.0,load_shedding
BRFO11,132.0,GB,610014.1,245739.2,1.06282,52.07018,14.1,0.0,0.0,load_shedding
BRFO12,132.0,GB,610014.1,245739.2,1.06282,52.07018,14.1,0.0,0.0,load_shedding
BRIM11,132.0,GB,536701.5,197927.1,-0.02488,51.6635,12.9,0.0,0.0,load_shedding
BRLE11,132.0,GB,464399.7,159999.6,-1.07695,51.33545,13.2,0.0,0.0,load_shedding
BRLE12,132.0,GB,464399.7,159999.6,-1.07695,51.33545,161717.2,24739.7,152.981,waste_to_energy
BRLE13,132.0,GB,464399.7,159999.6,-1.07695,51.33545,12.2,0.0,0.0,load_shedding
BRLE14,132.0,GB,464399.7,159999.6,-1.07695,51.33545,12.2,0.0,0.0,load_shedding
BRLE1A,132.0,GB,464399.7,159999.6,-1.07695,51.33545,6.2,0.0,0.0,load_shedding
BRLE1B,132.0,GB,464399.7,159999.6,-1.07695,51.33545,6.2,0.0,0.0,load_shedding
BRWA11,132.0,GB,332283.7,135782.9,-2.96884,51.11732,13.4,0.0,0.0,load_shedding
BURW11,132.0,GB,557822.7,267173.7,0.31206,52.28005,310580.5,17444.8,56.168,solar_pv
BUSH11,132.0,GB,392331.0,304281.2,-2.11476,52.63622,370778.8,88623.7,239.02,waste_to_energy
BUST11,132.0,GB,402536.4,295012.6,-1.96402,52.55295,13.9,0.0,0.0,load_shedding
CANT13,132.0,GB,615830.0,159347.3,1.09418,51.29234,6.1,0.0,0.0,load_shedding
CANT14,132.0,GB,615830.0,159347.3,1.09418,51.29234,6.1,0.0,0.0,load_shedding
CAPE11,132.0,GB,336867.7,374776.7,-2.948,53.26621,13.9,0.0,0.0,load_shedding
CARE11,132.0,GB,320628.9,178013.8,-3.14473,51.49547,13.6,0.0,0.0,load_shedding
CARR11,132.0,GB,373499.8,393200.2,-2.40035,53.43491,14.0,0.0,0.0,load_shedding
CARR12,132.0,GB,373499.8,393200.2,-2.40035,53.43491,11.5,0.0,0.0,load_shedding
CELL11,132.0,GB,394347.2,349322.5,-2.08576,53.04114,14.9,0.0,0.0,load_shedding
CELL12,132.0,GB,394347.2,349322.5,-2.08576,53.04114,12.1,0.0,0.0,load_shedding
CHIC11,132.0,GB,365487.6,80633.1,-2.48926,50.62437,12.6,0.0,0.0,load_shedding
CHSI11,132.0,GB,516875.7,161816.4,-0.32335,51.34343,13.6,0.0,0.0,load_shedding
CHSI1A,132.0,GB,516875.7,161816.4,-0.32335,51.34343,12.3,0.0,0.0,load_shedding
CHSI1B,132.0,GB,516875.7,161816.4,-0.32335,51.34343,12.3,0.0,0.0,load_shedding
CHTE11,132.0,GB,440991.0,369867.8,-1.38749,53.22428,14.1,0.0,0.0,load_shedding
CHTE12,132.0,GB,440991.0,369867.8,-1.38749,53.22428,1852233.8,639143.2,345.066,CCGT
CITR11,132.0,GB,532182.0,183027.3,-0.0958,51.53069,14.4,0.0,0.0,load_shedding
CITR12,132.0,GB,532182.0,183027.3,-0.0958,51.53069,12.3,0.0,0.0,load_shedding
CONQ11,132.0,GB,328488.6,370593.5,-3.07266,53.22755,14.3,0.0,0.0,load_shedding
CONQ12,132.0,GB,328488.6,370593.5,-3.07266,53.22755,12.1,0.0,0.0,load_shedding
CONQ13,132.0,GB,328488.6,370593.5,-3.07266,53.22755,12.1,0.0,0.0,load_shedding
COVE11,132.0,GB,436522.9,284310.1,-1.46396,52.45553,14.3,0.0,0.0,load_shedding
COVE12,132.0,GB,436522.9,284310.1,-1.46396,52.45553,12.1,0.0,0.0,load_shedding
COWL11,132.0,GB,456000.2,201600.2,-1.19091,51.71035,14.8,0.0,0.0,load_shedding
COWL12,132.0,GB,456000.2,201600.2,-1.19091,51.71035,12.3,0.0,0.0,load_shedding
CREB11,132.0,GB,504521.1,435018.1,-0.41449,53.80097,14.4,0.0,0.0,load_shedding
CREB12,132.0,GB,504521.1,435018.1,-0.41449,53.80097,12.1,0.0,0.0,load_shedding
MILP31,33.0,GB,449142.9,191859.4,-1.29151,51.62342,176259.0,0.0,0.0,solar_pv
DRAK11,132.0,GB,423745.7,319570.2,-1.64946,52.7732,13.2,0.0,0.0,load_shedding
DRAX11,132.0,GB,466557.9,426702.5,-0.99257,53.73248,12.6,0.0,0.0,load_shedding
CAML61,66.0,GB,466016.3,426359.1,-1.00085,53.72946,8608.7,0.0,0.0,wind_onshore
DUNG21,275.0,GB,608298.5,116870.4,0.96182,50.9137,11.8,0.0,0.0,load_shedding
EALI61,66.0,GB,518318.8,179448.8,-0.29676,51.5016,13.0,0.0,0.0,load_shedding
EASO12,132.0,GB,516069.2,258771.3,-0.30253,52.21494,11.4,0.0,0.0,load_shedding
LITB11,132.0,GB,518499.8,257670.5,-0.26736,52.20453,778232.1,265553.1,341.226,CCGT
EASO11,132.0,GB,516069.2,258771.3,-0.30253,52.21494,13.6,0.0,0.0,load_shedding
ECLA11,132.0,GB,475167.8,225969.0,-0.90826,51.92717,13.6,0.0,0.0,load_shedding
ECLA12,132.0,GB,475167.8,225969.0,-0.90826,51.92717,12.2,0.0,0.0,load_shedding
ELLA11,132.0,GB,411810.5,422067.9,-1.82261,53.69492,14.1,0.0,0.0,load_shedding
ELLA12,132.0,GB,411810.5,422067.9,-1.82261,53.69492,11.9,0.0,0.0,load_shedding
ELST13,132.0,GB,514758.7,196992.0,-0.3423,51.66,11.7,0.0,0.0,load_shedding
ELST11,132.0,GB,514758.7,196992.0,-0.3423,51.66,13.8,0.0,0.0,load_shedding
ENDE11,132.0,GB,453278.9,300318.7,-1.21484,52.59806,14.7,0.0,0.0,load_shedding
EXET11,132.0,GB,300947.2,97270.5,-3.40594,50.76654,14.3,0.0,0.0,load_shedding
FAWL11,132.0,GB,447310.6,102600.3,-1.32973,50.82102,13.4,0.0,0.0,load_shedding
FECK61,66.0,GB,401998.1,261582.3,-1.97215,52.25241,14.0,0.0,0.0,load_shedding
FERR11,132.0,GB,447728.2,425323.8,-1.27818,53.72215,1241751.8,366460.9,295.116,waste_to_energy
FERR61,66.0,GB,448099.9,425100.0,-1.27258,53.7201,12.5,0.0,0.0,load_shedding
FIDF11,132.0,GB,354299.8,386299.6,-2.68833,53.37157,13.7,0.0,0.0,load_shedding
FIDF12,132.0,GB,354299.8,386299.6,-2.68833,53.37157,12.3,0.0,0.0,load_shedding
FLEE11,132.0,GB,478192.4,150712.9,-0.88103,51.25024,414356.3,217988.3,526.089,OCGT
FLEE12,132.0,GB,478192.4,150712.9,-0.88103,51.25024,12.3,0.0,0.0,load_shedding
FOUR31,33.0,GB,389649.1,568652.8,-2.16339,55.01232,11.7,0.0,0.0,load_shedding
FOUR71,20.5,GB,389649.1,568652.8,-2.16339,55.01232,276605.2,1015.2,3.67,wind_onshore
FROD11,132.0,GB,352300.2,379400.1,-2.71734,53.30938,14.7,0.0,0.0,load_shedding
WEAV71,20.5,GB,357796.4,377691.3,-2.63463,53.29449,578480.9,162636.6,281.144,waste_to_energy
GRAI11,132.0,GB,588785.1,175871.9,0.71555,51.45035,12.1,0.0,0.0,load_shedding
GREN11,132.0,GB,487105.0,261340.2,-0.72568,52.24336,14.5,0.0,0.0,load_shedding
GREN12,132.0,GB,487105.0,261340.2,-0.72568,52.24336,12.1,0.0,0.0,load_shedding
GRIW11,132.0,GB,522569.1,409295.6,-0.15076,53.56596,13.7,0.0,0.0,load_shedding
GRIW12,132.0,GB,522569.1,409295.6,-0.15076,53.56596,12.3,0.0,0.0,load_shedding
HACK61,66.0,GB,535659.2,186328.0,-0.04443,51.55953,11.6,0.0,0.0,load_shedding
HACK11,132.0,GB,535912.2,186327.8,-0.04078,51.55946,12.8,0.0,0.0,load_shedding
HARK11,132.0,GB,338315.2,561188.3,-2.96442,54.94153,13.4,0.0,0.0,load_shedding
HARK12,132.0,GB,338315.2,561188.3,-2.96442,54.94153,12.0,0.0,0.0,load_shedding
HARM61,66.0,GB,445816.0,534254.1,-1.29058,54.70124,12.4,0.0,0.0,load_shedding
HAWP61,66.0,GB,438561.5,545873.2,-1.40161,54.80625,12.7,0.0,0.0,load_shedding
HEYS11,132.0,GB,341871.5,459999.7,-2.88896,54.03269,32555.6,0.0,0.0,wind_onshore
ISLI11,132.0,GB,530870.3,186408.6,-0.11344,51.56138,12.4,0.0,0.0,load_shedding
HINP21,275.0,GB,321337.8,146160.2,-3.12746,51.20921,10.5,0.0,0.0,load_shedding
HUMR31,33.0,GB,522808.8,413277.8,-0.14558,53.60168,12.2,0.0,0.0,load_shedding
HURS1B,132.0,GB,549791.2,172952.1,0.15361,51.43577,6.6,0.0,0.0,load_shedding
HURS1C,132.0,GB,549791.2,172952.1,0.15361,51.43577,6.6,0.0,0.0,load_shedding
HURS1D,132.0,GB,549791.2,172952.1,0.15361,51.43577,12.8,0.0,0.0,load_shedding
HUTT11,132.0,GB,356352.8,489341.4,-2.67215,54.29781,12.7,0.0,0.0,load_shedding
HUTT71,20.5,GB,356352.8,489341.4,-2.67215,54.29781,11.7,0.0,0.0,load_shedding
IMPP31,33.0,GB,328570.5,183674.5,-3.0315,51.54742,6340.8,0.0,0.0,solar_pv
INDQ11,132.0,GB,193921.8,59024.9,-4.90081,50.3949,14.5,0.0,0.0,load_shedding
IRON11,132.0,GB,365582.0,303981.2,-2.50997,52.63248,81239.6,5394.8,66.406,landfill_gas
IRON12,132.0,GB,365582.0,303981.2,-2.50997,52.63248,12.3,0.0,0.0,load_shedding
IRON13,132.0,GB,365582.0,303981.2,-2.50997,52.63248,12.3,0.0,0.0,load_shedding
IVER11,132.0,GB,504284.4,183618.0,-0.49764,51.54184,13.5,0.0,0.0,load_shedding
IVER61,66.0,GB,504364.1,183565.2,-0.49651,51.54135,278460.8,80631.2,289.56,waste_to_energy
JORD31,33.0,GB,436499.8,381599.8,-1.45341,53.33006,12.2,0.0,0.0,load_shedding
KEAD11,132.0,GB,482299.7,411900.1,-0.75792,53.59722,13.8,0.0,0.0,load_shedding
KEAR11,132.0,GB,376302.8,404672.5,-2.35903,53.53816,127264.5,31198.4,245.146,waste_to_energy
KEAR31,33.0,GB,376302.8,404672.5,-2.35903,53.53816,12.6,0.0,0.0,load_shedding
KEMS11,132.0,GB,590873.5,166701.1,0.74064,51.36729,13.4,0.0,0.0,load_shedding
SHEE11,132.0,GB,592058.9,174821.8,0.76204,51.43982,89485.0,0.0,0.0,wind_onshore
KIBY11,132.0,GB,343707.9,397291.8,-2.84948,53.46934,535.3,0.0,0.0,solar_pv
KINO11,132.0,GB,580614.0,172198.2,0.59622,51.42002,13.6,0.0,0.0,load_shedding
KIRK11,132.0,GB,426648.1,434468.1,-1.59684,53.80583,25589.6,3069.1,119.936,sewage_gas
KITW11,132.0,GB,399197.8,281477.5,-2.01322,52.43128,13.4,0.0,0.0,load_shedding
KNAR11,132.0,GB,433645.0,459590.4,-1.48784,54.03121,13.5,0.0,0.0,load_shedding
GRTO61,66.0,GB,440567.0,554777.8,-1.36916,54.88611,8486.6,0.0,0.0,wind_onshore
LACK61,66.0,GB,456129.0,519505.7,-1.13339,54.56767,13.7,0.0,0.0,load_shedding
LALE11,132.0,GB,506516.7,170603.5,-0.46938,51.42444,13.5,0.0,0.0,load_shedding
LALE31,33.0,GB,506516.7,170603.5,-0.46938,51.42444,12.2,0.0,0.0,load_shedding
LAND11,132.0,GB,240902.7,62895.4,-4.24206,50.44428,509453.4,69401.5,136.227,waste_to_energy
LEGA11,132.0,GB,329540.9,348471.7,-3.05204,53.02887,14.5,0.0,0.0,load_shedding
LISD11,132.0,GB,338700.3,391799.8,-2.92383,53.41942,14.6,0.0,0.0,load_shedding
LITT11,132.0,GB,556016.1,175904.8,0.24439,51.46062,12.9,0.0,0.0,load_shedding
LOVE11,132.0,GB,467565.9,113411.0,-1.04023,50.91622,12.8,0.0,0.0,load_shedding
LOVE12,132.0,GB,467565.9,113411.0,-1.04023,50.91622,12.3,0.0,0.0,load_shedding
MACC31,33.0,GB,392057.2,374627.8,-2.12055,53.26858,12.5,0.0,0.0,load_shedding
GRAN61,66.0,GB,278503.0,186029.0,-3.75406,51.56002,40187.0,0.0,0.0,wind_onshore
MANN11,132.0,GB,407499.8,105299.6,-1.89484,50.84717,595266.5,34078.4,57.249,solar_pv
MELK11,132.0,GB,389633.1,165874.7,-2.15038,51.39181,14.3,0.0,0.0,load_shedding
MILH11,132.0,GB,524055.3,192541.1,-0.20954,51.61803,13.1,0.0,0.0,load_shedding
MILH12,132.0,GB,524055.3,192541.1,-0.20954,51.61803,11.8,0.0,0.0,load_shedding
MITY11,132.0,GB,400011.2,189849.9,-2.00123,51.60748,13.8,0.0,0.0,load_shedding
MITY12,132.0,GB,400011.2,189849.9,-2.00123,51.60748,384361.4,10413.0,27.092,solar_pv
NECH11,132.0,GB,410198.8,289913.2,-1.85117,52.50702,287853.8,187383.7,650.968,OCGT
NECH12,132.0,GB,409566.2,289388.0,-1.8605,52.50231,351573.1,89403.1,254.294,waste_to_energy
NEEP31,33.0,GB,434053.1,390036.1,-1.48924,53.40605,12.5,0.0,0.0,load_shedding
NEWX11,132.0,GB,534711.6,177876.9,-0.06132,51.48381,12.3,0.0,0.0,load_shedding
NEWX61,66.0,GB,534711.6,177876.9,-0.06132,51.48381,137.8,0.0,0.0,load_shedding
NEWX62,66.0,GB,534711.6,177876.9,-0.06132,51.48381,12.3,0.0,0.0,load_shedding
NFLE11,132.0,GB,562059.4,172457.4,0.32973,51.42795,13.5,0.0,0.0,load_shedding
NFLE12,132.0,GB,562059.4,172457.4,0.32973,51.42795,12.3,0.0,0.0,load_shedding
NHYD61,66.0,GB,510366.1,179006.1,-0.41142,51.49923,11.6,0.0,0.0,load_shedding
NINF11,132.0,GB,572411.7,111880.3,0.4495,50.88069,14.2,0.0,0.0,load_shedding
NINF12,132.0,GB,572411.7,111880.3,0.4495,50.88069,12.2,0.0,0.0,load_shedding
NORL31,33.0,GB,435383.2,383795.4,-1.46993,53.34987,11.1,0.0,0.0,load_shedding
NORM1A,132.0,GB,621799.9,302300.5,1.27176,52.57327,11.7,0.0,0.0,load_shedding
NORM1B,132.0,GB,621799.9,302300.5,1.27176,52.57327,11.7,0.0,0.0,load_shedding
NORT11,132.0,GB,441271.9,522071.8,-1.3628,54.59216,14.8,0.0,0.0,load_shedding
NURS11,132.0,GB,436074.1,115841.5,-1.48794,50.94089,13.6,0.0,0.0,load_shedding
OCKH11,132.0,GB,397851.3,293683.8,-2.03311,52.54101,12.5,0.0,0.0,load_shedding
OFFE31,33.0,GB,434897.2,554187.3,-1.45761,54.88123,50593.9,5870.5,116.031,landfill_gas
OFFE32,33.0,GB,434897.2,554187.3,-1.45761,54.88123,11.8,0.0,0.0,load_shedding
OLDB11,132.0,GB,398579.8,288960.7,-2.02235,52.49855,1261952.9,311055.1,246.487,waste_to_energy
OSBA11,132.0,GB,464119.5,451588.6,-1.02434,53.95642,20824.3,681.3,32.714,biogas
PADI11,132.0,GB,378528.1,433185.0,-2.32744,53.79453,13.7,0.0,0.0,load_shedding
PELH11,132.0,GB,545621.8,228408.6,0.11679,51.93514,13.3,0.0,0.0,load_shedding
PELH12,132.0,GB,545621.8,228408.6,0.11679,51.93514,12.2,0.0,0.0,load_shedding
PEMB11,132.0,GB,193586.6,202382.0,-4.98725,51.68216,411239.7,3373.4,8.203,solar_pv
PENN11,132.0,GB,385971.7,295425.4,-2.20834,52.55648,13.7,0.0,0.0,load_shedding
PENT11,132.0,GB,255800.5,367724.7,-4.15956,53.18701,13.1,0.0,0.0,load_shedding
PENW11,132.0,GB,350296.6,427812.9,-2.75511,53.74431,69488.4,4577.5,65.875,landfill_gas
PENE11,132.0,GB,350296.6,427812.9,-2.75511,53.74431,13.9,0.0,0.0,load_shedding
PITS31,33.0,GB,436913.2,389356.5,-1.4463,53.39975,12.1,0.0,0.0,load_shedding
PITS32,33.0,GB,436913.2,389356.5,-1.4463,53.39975,12.1,0.0,0.0,load_shedding
POPP31,33.0,GB,456972.8,453498.3,-1.13288,53.97442,12.2,0.0,0.0,load_shedding
PYLE11,132.0,GB,283041.4,183230.3,-3.68769,51.53582,13.5,0.0,0.0,load_shedding
RAIN11,132.0,GB,351068.1,391838.8,-2.73776,53.42106,14.2,0.0,0.0,load_shedding
RAIN12,132.0,GB,351068.1,391838.8,-2.73776,53.42106,12.3,0.0,0.0,load_shedding
RASS11,132.0,GB,315590.4,212938.8,-3.22573,51.80869,14.1,0.0,0.0,load_shedding
RATS11,132.0,GB,450407.8,329796.4,-1.2527,52.8633,488959.7,110224.5,225.427,waste_to_energy
RATS12,132.0,GB,450407.8,329796.4,-1.2527,52.8633,12.1,0.0,0.0,load_shedding
RAYM11,132.0,GB,578010.4,191435.6,0.56852,51.59364,13.5,0.0,0.0,load_shedding
REBR32,33.0,GB,541699.8,189799.9,0.04405,51.58924,12.5,0.0,0.0,load_shedding
REBR31,33.0,GB,541699.8,189799.9,0.04405,51.58924,12.6,0.0,0.0,load_shedding
RICH11,132.0,GB,633293.5,161940.2,1.3459,51.30873,51967.9,1139.2,21.921,solar_pv
ROCH11,132.0,GB,385846.0,413925.2,-2.21546,53.62167,403393.1,4235.3,10.499,wind_onshore
ROCH12,132.0,GB,385846.0,413925.2,-2.21546,53.62167,11.7,0.0,0.0,load_shedding
ROCK1A,132.0,GB,351849.0,380070.4,-2.72421,53.31536,11.7,0.0,0.0,load_shedding
RUGE11,132.0,GB,405994.4,317355.9,-1.91263,52.75378,13.3,0.0,0.0,load_shedding
RYEH13,132.0,GB,538372.9,208505.4,0.00346,51.75815,12.3,0.0,0.0,load_shedding
RYEH12,132.0,GB,538372.9,208505.4,0.00346,51.75815,183794.7,22054.0,119.993,advanced_biofuel
RYEH11,132.0,GB,538372.9,208505.4,0.00346,51.75815,10.8,0.0,0.0,load_shedding
SAEN11,132.0,GB,516299.5,428816.9,-0.23808,53.74277,10319.8,0.0,0.0,wind_onshore
SAFO11,132.0,GB,279854.9,103999.6,-3.7071,50.82303,12.2,0.0,0.0,load_shedding
SALH11,132.0,GB,449300.1,523800.1,-1.23828,54.60697,13.7,0.0,0.0,load_shedding
SEAB11,132.0,GB,353592.2,182144.7,-2.67049,51.53629,14.3,0.0,0.0,load_shedding
SELL11,132.0,GB,608539.3,138313.6,0.97755,51.10617,12.9,0.0,0.0,load_shedding
SELL12,132.0,GB,608539.3,138313.6,0.97755,51.10617,12.3,0.0,0.0,load_shedding
SELL13,132.0,GB,608539.3,138313.6,0.97755,51.10617,12.3,0.0,0.0,load_shedding
SHEC31,33.0,GB,434887.9,386616.5,-1.47706,53.37526,12.6,0.0,0.0,load_shedding
SHRE11,132.0,GB,353298.7,312669.8,-2.69268,52.70967,53664.6,0.0,0.0,solar_pv
SIZE12,132.0,GB,647329.0,263559.5,1.61914,52.21469,11.7,0.0,0.0,load_shedding
LODR61,66.0,GB,527005.3,182645.2,-0.17053,51.52844,14.0,0.0,0.0,load_shedding
SJOW13,132.0,GB,526924.0,182493.8,-0.17175,51.5271,12.3,0.0,0.0,load_shedding
LODR62,66.0,GB,527005.3,182645.2,-0.17053,51.52844,12.4,0.0,0.0,load_shedding
SJOW11,132.0,GB,526924.0,182493.8,-0.17175,51.5271,12.8,0.0,0.0,load_shedding
SJOW12,132.0,GB,526924.0,182493.8,-0.17175,51.5271,12.4,0.0,0.0,load_shedding
SKLG11,132.0,GB,433283.1,431148.0,-1.49645,53.77561,15.2,0.0,0.0,load_shedding
SMAN11,132.0,GB,381814.3,391732.1,-2.27512,53.42207,14.1,0.0,0.0,load_shedding
SMAN12,132.0,GB,381814.3,391732.1,-2.27512,53.42207,11.3,0.0,0.0,load_shedding
SPEN11,132.0,GB,428811.4,534515.3,-1.55441,54.70484,13.7,0.0,0.0,load_shedding
SSHI31,33.0,GB,435298.5,564435.9,-1.4501,54.97329,12.3,0.0,0.0,load_shedding
STAH11,132.0,GB,335030.4,443061.6,-2.98977,53.87966,13.4,0.0,0.0,load_shedding
STAL11,132.0,GB,397200.1,399500.1,-2.04367,53.4922,14.5,0.0,0.0,load_shedding
STYC11,132.0,GB,475866.3,353959.1,-0.86897,53.07748,75913.9,2197.3,28.944,wind_onshore
STYC12,132.0,GB,476623.9,353533.0,-0.85776,53.07354,45675.7,0.0,0.0,wind_onshore
STOB11,132.0,GB,463871.0,340686.9,-1.05062,52.95976,379925.3,56397.6,148.444,advanced_biofuel
SUND11,132.0,GB,503117.6,227145.6,-0.50157,51.93328,13.9,0.0,0.0,load_shedding
SUND31,33.0,GB,503117.6,227145.6,-0.50157,51.93328,12.1,0.0,0.0,load_shedding
SWAN11,132.0,GB,264527.3,200038.4,-3.96097,51.68272,13.7,0.0,0.0,load_shedding
SWAN12,132.0,GB,264527.3,200038.4,-3.96097,51.68272,11.5,0.0,0.0,load_shedding
TAUN11,132.0,GB,319232.1,124800.5,-3.15281,51.01689,13.0,0.0,0.0,load_shedding
TEMP31,33.0,GB,440977.9,390761.5,-1.38499,53.41208,10.2,0.0,0.0,load_shedding
THOM61,66.0,GB,460544.4,409564.2,-1.08704,53.57919,12.7,0.0,0.0,load_shedding
THUR61,66.0,GB,448856.2,390031.2,-1.26659,53.40485,81471.1,0.0,0.0,wind_onshore
TILB11,132.0,GB,566240.4,176279.5,0.39161,51.46108,12.4,0.0,0.0,load_shedding
TILB12,132.0,GB,566240.4,176279.5,0.39161,51.46108,11.5,0.0,0.0,load_shedding
TILB13,132.0,GB,566240.4,176279.5,0.39161,51.46108,12.2,0.0,0.0,load_shedding
TILB14,132.0,GB,566240.4,176279.5,0.39161,51.46108,12.2,0.0,0.0,load_shedding
TINP31,33.0,GB,440046.1,389156.2,-1.39921,53.39772,11.4,0.0,0.0,load_shedding
TINP32,33.0,GB,440046.1,389156.2,-1.39921,53.39772,11.4,0.0,0.0,load_shedding
TODP61,66.0,GB,458024.6,525047.3,-1.10298,54.61725,11.8,0.0,0.0,load_shedding
TOTT11,132.0,GB,535233.0,191241.3,-0.04868,51.60378,13.1,0.0,0.0,load_shedding
TOTT12,132.0,GB,535233.0,191241.3,-0.04868,51.60378,10.9,0.0,0.0,load_shedding
TRAW11,132.0,GB,268978.0,338617.4,-3.95063,52.92893,13.5,0.0,0.0,load_shedding
TREM31,33.0,GB,320840.1,177134.3,-3.14149,51.4876,11.9,0.0,0.0,load_shedding
TYNE11,132.0,GB,432109.7,570033.7,-1.49929,55.02381,13.1,0.0,0.0,load_shedding
TYNE51,11.0,GB,432109.7,570033.7,-1.49929,55.02381,11.0,0.0,0.0,load_shedding
UPPB31,33.0,GB,310036.6,187121.1,-3.2996,51.57575,18480.7,0.0,0.0,wind_onshore
UPPB11,132.0,GB,310180.3,187054.5,-3.29751,51.57517,13.9,0.0,0.0,load_shedding
ALST31,33.0,GB,332452.7,183761.9,-2.97554,51.54869,6.1,0.0,0.0,load_shedding
ALST32,33.0,GB,332452.7,183761.9,-2.97554,51.54869,6.1,0.0,0.0,load_shedding
USKM11,132.0,GB,332452.7,183761.9,-2.97554,51.54869,13.8,0.0,0.0,load_shedding
USKM12,132.0,GB,332452.7,183761.9,-2.97554,51.54869,12.3,0.0,0.0,load_shedding
PORH11,132.0,GB,381768.8,219262.6,-2.26621,51.87163,14.6,0.0,0.0,load_shedding
WALP11,132.0,GB,548589.2,316723.5,0.19893,52.72775,14.7,0.0,0.0,load_shedding
WARL11,132.0,GB,559600.0,186300.5,0.30064,51.55302,13.0,0.0,0.0,load_shedding
WASF1A,132.0,GB,345799.9,407599.7,-2.81975,53.5622,12.0,0.0,0.0,load_shedding
WASF1B,132.0,GB,345799.9,407599.7,-2.81975,53.5622,12.0,0.0,0.0,load_shedding
WATS11,132.0,GB,510458.4,194923.6,-0.40509,51.64228,12.8,0.0,0.0,load_shedding
WATS12,132.0,GB,507586.2,194476.4,-0.44672,51.63881,11.7,0.0,0.0,load_shedding
WBOL61,66.0,GB,433926.7,560726.8,-1.47197,54.94006,41385.0,1688.3,40.796,wind_onshore
WBUR11,132.0,GB,479480.9,385497.1,-0.80717,53.36038,13.6,0.0,0.0,load_shedding
WBUR12,132.0,GB,479480.9,385497.1,-0.80717,53.36038,12.1,0.0,0.0,load_shedding
WHAM11,132.0,GB,538988.2,181973.6,0.00184,51.51959,14.0,0.0,0.0,load_shedding
WHAM12,132.0,GB,538988.2,181973.6,0.00184,51.51959,12.4,0.0,0.0,load_shedding
WHGA11,132.0,GB,389256.5,403672.8,-2.16354,53.5296,14.0,0.0,0.0,load_shedding
WHSO31,33.0,GB,342632.9,185339.5,-2.829,51.564,11.8,0.0,0.0,load_shedding
WHSO32,33.0,GB,342632.9,185339.5,-2.829,51.564,9.7,0.0,0.0,load_shedding
WIBA31,33.0,GB,438803.2,390881.3,-1.41769,53.41332,12.1,0.0,0.0,load_shedding
WIEN11,132.0,GB,396047.5,297665.2,-2.05976,52.57679,12.4,0.0,0.0,load_shedding
WILL11,132.0,GB,430480.0,328831.6,-1.54878,52.85612,15.2,0.0,0.0,load_shedding
WILL12,132.0,GB,430480.0,328831.6,-1.54878,52.85612,231069.4,96220.4,416.414,OCGT
GRST61,66.0,GB,432268.3,385386.6,-1.51656,53.36437,11.5,0.0,0.0,load_shedding
WIMB12,132.0,GB,526059.3,171778.6,-0.18803,51.431,13.8,0.0,0.0,load_shedding
WIMB11,132.0,GB,526059.3,171778.6,-0.18803,51.431,12.4,0.0,0.0,load_shedding
WISD11,132.0,GB,520980.2,183184.4,-0.25715,51.53461,12.8,0.0,0.0,load_shedding
WISD61,66.0,GB,520986.4,183222.3,-0.25705,51.53495,3146.9,2931.4,931.533,oil
WMEL11,132.0,GB,441324.0,400754.2,-1.37847,53.50187,14.3,0.0,0.0,load_shedding
WMEL12,132.0,GB,441324.0,400754.2,-1.37847,53.50187,137891.2,10299.9,74.696,biogas
WTHU31,33.0,GB,559100.3,177300.2,0.28938,51.4723,11.6,0.0,0.0,load_shedding
WWEY11,132.0,GB,505322.6,162079.6,-0.48908,51.34805,13.8,0.0,0.0,load_shedding
WWEY12,132.0,GB,505322.6,162079.6,-0.48908,51.34805,13.8,0.0,0.0,load_shedding
WYLF11,132.0,GB,235117.2,393630.5,-4.48228,53.41364,12.0,0.0,0.0,load_shedding
WYMO11,132.0,GB,520400.2,226999.6,-0.25037,51.9285,12.9,0.0,0.0,load_shedding
BOSW31,33.0,GB,314997.7,455886.5,-3.298,53.992,358644.7,0.0,0.0,wind_offshore
BEIW31,33.0,GB,348445.7,929370.4,-2.88,58.25,12.3,0.0,0.0,load_shedding
BEIW32,33.0,GB,348445.7,929370.4,-2.88,58.25,12.3,0.0,0.0,load_shedding
BBWW31,33.0,GB,298722.0,375539.3,-3.51998,53.26714,5.9,0.0,0.0,load_shedding
BBWW32,33.0,GB,298722.0,375539.3,-3.51998,53.26714,5.9,0.0,0.0,load_shedding
DBBW61,66.0,GB,506006.5,434404.2,-0.39216,53.79516,11.4,0.0,0.0,load_shedding
DBAW61,66.0,GB,506006.5,434404.2,-0.39216,53.79516,11.5,0.0,0.0,load_shedding
DUDW32,33.0,GB,625508.6,379552.9,1.38,53.265,10.5,0.0,0.0,load_shedding
EAAW61,66.0,GB,705868.5,268594.3,2.48,52.23,5.1,0.0,0.0,load_shedding
EAAW63,66.0,GB,705868.5,268594.3,2.48,52.23,5.1,0.0,0.0,load_shedding
EAAW62,66.0,GB,705868.5,268594.3,2.48,52.23,6.0,0.0,0.0,load_shedding
EAAW64,66.0,GB,705868.5,268594.3,2.48,52.23,6.0,0.0,0.0,load_shedding
GANW33,33.0,GB,667042.4,233213.6,1.8833,51.9333,689335.5,0.0,0.0,wind_offshore
GANW32,33.0,GB,667042.4,233213.6,1.8833,51.9333,5.9,0.0,0.0,load_shedding
GANW34,33.0,GB,667042.4,233213.6,1.8833,51.9333,5.9,0.0,0.0,load_shedding
GREG3A,33.0,GB,667042.4,233213.6,1.8833,51.9333,5.8,0.0,0.0,load_shedding
GREG3B,33.0,GB,667042.4,233213.6,1.8833,51.9333,5.8,0.0,0.0,load_shedding
GREG34,33.0,GB,667042.4,233213.6,1.8833,51.9333,11.2,0.0,0.0,load_shedding
GREG35,33.0,GB,667042.4,233213.6,1.8833,51.9333,5.9,0.0,0.0,load_shedding
GREG36,33.0,GB,667042.4,233213.6,1.8833,51.9333,5.9,0.0,0.0,load_shedding
GUNS32,33.0,GB,610176.8,245621.3,1.06512,52.06906,176986.2,2342.8,13.237,solar_pv
GWAW32,33.0,GB,251241.4,362772.9,-4.22544,53.14128,11.2,0.0,0.0,load_shedding
GWBW31,33.0,GB,248660.7,361203.6,-4.26325,53.12646,12655.1,0.0,0.0,solar_pv
HOWW3A,33.0,GB,649077.3,451527.0,1.79,53.9,11.7,0.0,0.0,load_shedding
HOWW3B,33.0,GB,649077.3,451527.0,1.79,53.9,12.0,0.0,0.0,load_shedding
HOWW3C,33.0,GB,649077.3,451527.0,1.79,53.9,11.8,0.0,0.0,load_shedding
HOWW6D,66.0,GB,649077.3,451527.0,1.79,53.9,11.6,0.0,0.0,load_shedding
HUMW31,33.0,GB,551767.8,415938.5,0.293,53.618,10.9,0.0,0.0,load_shedding
HUMW32,33.0,GB,551767.8,415938.5,0.293,53.618,11.0,0.0,0.0,load_shedding
LINS31,33.0,GB,566520.8,368886.9,0.491,53.191,2100953.0,0.0,0.0,wind_offshore
LINS32,33.0,GB,566520.8,368886.9,0.491,53.191,10.0,0.0,0.0,load_shedding
LOAW31,33.0,GB,640124.9,200614.7,1.47,51.653,10.5,0.0,0.0,load_shedding
LOAW32,33.0,GB,640124.9,200614.7,1.47,51.653,11.0,0.0,0.0,load_shedding
LOYW31,33.0,GB,644010.5,194783.8,1.522,51.599,10.9,0.0,0.0,load_shedding
LOAW34,33.0,GB,640124.9,200614.7,1.47,51.653,9.3,0.0,0.0,load_shedding
MOWE61,66.0,GB,357763.3,922356.0,-2.72,58.188,11.3,0.0,0.0,load_shedding
MOWE62,66.0,GB,357763.3,922356.0,-2.72,58.188,11.3,0.0,0.0,load_shedding
MOWE63,66.0,GB,357763.3,922356.0,-2.72,58.188,11.3,0.0,0.0,load_shedding
NNGW61,66.0,GB,384613.9,708307.1,-2.25,56.267,11.1,0.0,0.0,load_shedding
NNGW62,66.0,GB,384613.9,708307.1,-2.25,56.267,11.2,0.0,0.0,load_shedding
ORMW32,33.0,GB,306102.0,466742.9,-3.437,54.088,11.1,0.0,0.0,load_shedding
ORMO31,33.0,GB,302868.0,532704.6,-3.508,54.68,12.2,0.0,0.0,load_shedding
RACW33,33.0,GB,548749.4,316602.6,0.20124,52.72662,5.9,0.0,0.0,load_shedding
RACW34,33.0,GB,548749.4,316602.6,0.20124,52.72662,5.9,0.0,0.0,load_shedding
RAMW3A,33.0,GB,527322.1,86026.0,-0.2,50.66,10.7,0.0,0.0,load_shedding
RAMW3B,33.0,GB,527322.1,86026.0,-0.2,50.66,11.1,0.0,0.0,load_shedding
RORE31,33.0,GB,338133.6,561274.3,-2.96727,54.94228,33146.8,0.0,0.0,wind_onshore
RORW31,33.0,GB,338133.6,561274.3,-2.96727,54.94228,10.4,0.0,0.0,load_shedding
SOFW4A,400.0,GB,458230.4,519695.9,-1.10086,54.56914,433762.2,128613.6,296.507,waste_to_energy
SGRO23,275.0,GB,379202.6,766835.8,-2.34207,56.7926,148028.2,0.0,0.0,wind_onshore
SGRW61,66.0,GB,411086.1,746583.4,-1.821,56.611,11.3,0.0,0.0,load_shedding
SGRW62,66.0,GB,411086.1,746583.4,-1.821,56.611,2365821.1,0.0,0.0,wind_offshore
SSAW32,33.0,GB,621888.7,302253.6,1.27304,52.57281,11.1,0.0,0.0,load_shedding
SSBW31,33.0,GB,621888.7,302253.6,1.27304,52.57281,11.1,0.0,0.0,load_shedding
THOW33,33.0,GB,655432.3,142843.9,1.64929,51.12787,10.7,0.0,0.0,load_shedding
THOW32,33.0,GB,655432.3,142843.9,1.64929,51.12787,5.8,0.0,0.0,load_shedding
THOW34,33.0,GB,655432.3,142843.9,1.64929,51.12787,5.8,0.0,0.0,load_shedding
TKNW61,66.0,GB,606564.6,274661.9,1.03019,52.33114,11.4,0.0,0.0,load_shedding
TKNE61,66.0,GB,605762.4,275279.7,1.01881,52.33699,11.3,0.0,0.0,load_shedding
WACW31,33.0,GB,286477.7,467072.0,-3.737,54.087,1324120.9,0.0,0.0,wind_offshore
WACW32,33.0,GB,286477.7,467072.0,-3.737,54.087,11.3,0.0,0.0,load_shedding
WADW31,33.0,GB,286477.7,467072.0,-3.737,54.087,5.7,0.0,0.0,load_shedding
WADW32,33.0,GB,286477.7,467072.0,-3.737,54.087,5.7,0.0,0.0,load_shedding
WAAW32,33.0,GB,300818.1,461399.4,-3.516,54.039,634831.3,0.0,0.0,wind_offshore
WABW32,33.0,GB,294834.5,466206.4,-3.609,54.081,10.7,0.0,0.0,load_shedding
WDSW32,33.0,GB,304096.7,455208.8,-3.464,53.984,11.2,0.0,0.0,load_shedding
WERW32,33.0,GB,519425.8,428543.6,-0.19081,53.73961,11.2,0.0,0.0,load_shedding
Central DC Substation,400.0,GB,361887.8,1001663.4,-2.66318,58.90059,189473.7,867.6,4.579,wind_onshore
CREB21,275.0,GB,504521.1,435018.1,-0.41449,53.80097,11.8,0.0,0.0,load_shedding
CREB22,275.0,GB,504521.1,435018.1,-0.41449,53.80097,11.8,0.0,0.0,load_shedding
LONO41,400.0,GB,605460.6,163916.6,0.9483,51.3372,11.5,0.0,0.0,load_shedding
LONO42,400.0,GB,605460.6,163916.6,0.9483,51.3372,11.6,0.0,0.0,load_shedding
BODE42,400.0,GB,299197.8,375908.6,-3.51297,53.27055,10.2,0.0,0.0,load_shedding
BEAT42,400.0,GB,342739.0,848567.8,-2.95771,57.52363,0.0,0.0,,load_shedding
CULJ41,400.0,GB,451628.3,195540.3,-1.25507,51.65629,11.8,0.0,0.0,load_shedding
RYHA42,400.0,GB,503508.3,310811.8,-0.47019,52.68512,11.7,0.0,0.0,load_shedding
THOW31/33,33.0,GB,638159.8,147156.3,1.40577,51.17402,17582.2,0.0,0.0,solar_pv
THOW32/34,33.0,GB,638159.8,147156.3,1.40577,51.17402,10.3,0.0,0.0,load_shedding
HVDC_External_Netherlands_Maasvlakte,400.0,Netherlands,815766.9,249665.9,4.0581,51.9889,4203295.0,1992361.8,474.0,EU_import
HVDC_External_France_Calais,400.0,France,671108.9,123965.2,1.8587,50.9513,15602271.0,826920.4,53.0,EU_import
HVDC_External_Belgium_Zeebrugge,400.0,Belgium,762567.0,168493.7,3.2026,51.2993,3982539.0,1194761.7,300.0,EU_import
HVDC_External_Norway_Kvilldal,400.0,Norway,856072.7,1079042.9,6.0333,59.35,8944639.0,313062.4,35.0,EU_import
HVDC_External_Northern_Ireland_Ballycronan_More,400.0,Northern Ireland,146883.1,544693.2,-5.9333,54.7333,426472.0,127941.6,300.0,EU_import
HVDC_External_Ireland_Rush_North_Beach,400.0,Ireland,128806.8,410177.5,-6.0925,53.5181,240997.0,110376.6,458.0,EU_import
HVDC_External_Ireland_Great_Island,400.0,Ireland,61411.1,270658.3,-6.9603,52.2297,0.0,0.0,,EU_import
