snapshot,system_emissions_t,system_generation_mwh,system_gCO2_per_kWh
2023-01-01 00:00:00,3110.181441030091,28211.19941180538,110.24633854201146
2023-01-01 01:00:00,2862.1043538896038,28013.890630972015,102.1673280442266
2023-01-01 02:00:00,2410.6761284769354,27027.320116204533,89.19404950665411
2023-01-01 03:00:00,2100.142387766998,26005.932765951962,80.7562799868725
2023-01-01 04:00:00,1869.2868252930207,24991.702041430734,74.79629927542172
2023-01-01 05:00:00,1929.8132931686034,25136.844076518853,76.77229835591434
2023-01-01 06:00:00,2131.143474949899,25523.021666408356,83.4988702671817
2023-01-01 07:00:00,2379.231728646225,25832.4925782,92.10229022398151
2023-01-01 08:00:00,2531.914077975059,26147.89402905685,96.83051626113634
2023-01-01 09:00:00,2565.5611385501475,26390.594544675405,97.21498067074725
2023-01-01 10:00:00,2648.602484814765,27871.21160038154,95.03004472107366
2023-01-01 11:00:00,3029.870952555995,29787.888956670427,101.71485992052864
2023-01-01 12:00:00,3435.853664823508,31241.015989955406,109.97893493374869
2023-01-01 13:00:00,3731.4515322897523,31374.919198311713,118.93103241810236
2023-01-01 14:00:00,4011.675581449123,31335.396586590705,128.02376923373077
2023-01-01 15:00:00,4785.158010413321,32182.01525209478,148.69044007745435
2023-01-01 16:00:00,6189.803495214989,33920.92452372547,182.47744075741878
2023-01-01 17:00:00,6903.615533248807,34805.15715780064,198.35036233133476
2023-01-01 18:00:00,6616.8433879722825,33587.76786364429,197.00158149343454
2023-01-01 19:00:00,6142.670308957138,31845.391403093097,192.89040072405922
2023-01-01 20:00:00,5787.1800672532545,30299.643146559418,190.99829127559872
2023-01-01 21:00:00,5084.351123296898,28304.58291754131,179.62996091865932
2023-01-01 22:00:00,4280.777301642326,26106.105804757357,163.97609561753302
2023-01-01 23:00:00,3522.1616907552657,24481.343409153265,143.87125869237934
2023-01-02 00:00:00,3317.7310250160026,24212.337827379626,137.02646347781706
2023-01-02 01:00:00,2999.394436700169,23819.138049605437,125.92371858518422
2023-01-02 02:00:00,2888.1570500489315,23763.293909608885,121.5385821946629
2023-01-02 03:00:00,2341.4667758544592,23885.906882344243,98.02712483925835
2023-01-02 04:00:00,1893.6298813245808,23122.57182819049,81.89529674272272
2023-01-02 05:00:00,2314.4766060380693,22430.533431554588,103.18419814225793
2023-01-02 06:00:00,3114.7314564633693,23708.190711508654,131.37786406245613
2023-01-02 07:00:00,4178.257549413437,25588.38190037207,163.28729052432513
2023-01-02 08:00:00,4869.229059082517,27388.919222262783,177.7809857909478
2023-01-02 09:00:00,5889.865807529299,30282.10145684447,194.49990338098053
2023-01-02 10:00:00,6202.51676753991,32514.572716376202,190.76113414265987
2023-01-02 11:00:00,6297.415970723263,33388.07010749808,188.61275750433472
2023-01-02 12:00:00,6004.556483255293,33911.04528084683,177.06786781493588
2023-01-02 13:00:00,5881.715765240926,33452.718339470484,175.8217585056804
2023-01-02 14:00:00,5654.296682751672,33220.49264544981,170.20508223938506
2023-01-02 15:00:00,6599.225698190797,33810.39120433967,195.183358225792
2023-01-02 16:00:00,7861.009721733526,37051.22532011017,212.16598516829163
2023-01-02 17:00:00,9195.004368334803,39399.66681646101,233.37771893271875
2023-01-02 18:00:00,8835.501306201928,38410.300044949996,230.02947896429094
2023-01-02 19:00:00,8094.486626800505,36410.49350021662,222.31191749027926
2023-01-02 20:00:00,7244.677375041197,34199.4722870522,211.83594045642644
2023-01-02 21:00:00,6217.167383437274,31766.452979185073,195.71487529662394
2023-01-02 22:00:00,5061.390565223097,28941.12242655173,174.88577293669775
2023-01-02 23:00:00,4185.359534259703,26087.034303495053,160.43830377832418
2023-01-03 00:00:00,3994.7192604000006,26149.085263159675,152.76707464899314
2023-01-03 01:00:00,3993.101148773905,26578.4692355807,150.23819142406913
2023-01-03 02:00:00,3806.1679281187266,26366.15317956414,144.35810571975318
2023-01-03 03:00:00,3440.1733061611217,25714.027275175496,133.7858620645662
2023-01-03 04:00:00,3255.9347104869807,25729.923838413266,126.54272631876434
2023-01-03 05:00:00,3642.6737576003234,27553.999174343782,132.20127265562627
2023-01-03 06:00:00,4185.79343916042,29762.498264181868,140.63985496129797
2023-01-03 07:00:00,5441.378856706496,34294.28486834614,158.66722043033258
2023-01-03 08:00:00,6129.4492231051345,36463.51735256772,168.09813391942305
2023-01-03 09:00:00,6609.023906498336,38436.42916860361,171.94687564517173
2023-01-03 10:00:00,6819.828059045912,39242.486248670626,173.78684968710257
2023-01-03 11:00:00,7048.245606362624,39976.431180747706,176.3100256372309
2023-01-03 12:00:00,7237.921305785882,40979.40661991825,176.62337995562518
2023-01-03 13:00:00,7046.529428215145,40813.81513467482,172.65059404428274
2023-01-03 14:00:00,6742.478949061359,39748.486715563195,169.62856969398527
2023-01-03 15:00:00,7006.16847949051,39949.402458216595,175.37605191512736
2023-01-03 16:00:00,7326.28220792673,41489.6262735436,176.58106051917918
2023-01-03 17:00:00,7662.222383195799,42176.04135286836,181.67239355370884
2023-01-03 18:00:00,7448.193177146434,40560.06189721407,183.63367383465518
2023-01-03 19:00:00,6054.400475923021,38077.58550402383,159.0016907790339
2023-01-03 20:00:00,5155.340505593929,35425.34026705042,145.52691566914828
2023-01-03 21:00:00,4462.373612628539,32343.533790451595,137.9680291442339
2023-01-03 22:00:00,4091.8713993879933,30039.75854179269,136.2151894029106
2023-01-03 23:00:00,3907.982133175897,29276.479087573465,133.48538673267777
2023-01-04 00:00:00,3943.8049424103338,29532.860739711396,133.53955030530759
2023-01-04 01:00:00,3922.625128328858,29672.613153888775,132.19682095355915
2023-01-04 02:00:00,3799.9945230896333,29578.040568282533,128.47350433228112
2023-01-04 03:00:00,3657.830724814602,29250.518408509353,125.05182553450034
2023-01-04 04:00:00,3850.585989692742,29682.732856138493,129.72478000442695
2023-01-04 05:00:00,4350.202514856507,31039.71648178993,140.14955701701206
2023-01-04 06:00:00,4455.610628428175,31305.17760008089,142.3282335384886
2023-01-04 07:00:00,4849.556350730339,33216.32474258103,145.99918528956164
2023-01-04 08:00:00,5090.559771375238,35631.8718663836,142.86534792402688
2023-01-04 09:00:00,5475.793400111548,37141.46808767424,147.430720487022
2023-01-04 10:00:00,5512.062762881986,37470.53958803463,147.10390678873858
2023-01-04 11:00:00,5427.217586847912,37967.30477071503,142.94450500563414
2023-01-04 12:00:00,5358.335863571272,38117.43350077386,140.5744136331342
2023-01-04 13:00:00,5226.672128399411,37917.17180729528,137.84446147414923
2023-01-04 14:00:00,5100.549247159638,37534.79722440075,135.88855207252473
2023-01-04 15:00:00,5477.660669419661,38019.96839494597,144.07325678229157
2023-01-04 16:00:00,6559.797612288477,40177.84491966803,163.26902613627485
2023-01-04 17:00:00,7201.523480847799,41067.55803332961,175.35796686530975
2023-01-04 18:00:00,6741.249401928611,40156.25874240116,167.87543493962247
2023-01-04 19:00:00,6041.267039512677,38436.89825507136,157.17363558896412
2023-01-04 20:00:00,5159.623243638662,36154.38790879553,142.7108448538675
2023-01-04 21:00:00,4143.192395882182,33365.453847743425,124.17611385682963
2023-01-04 22:00:00,3262.710783887425,30211.037833561873,107.99730885983774
2023-01-04 23:00:00,3242.9970988741816,28254.44031088491,114.77831672442755
2023-01-05 00:00:00,3051.1146150081263,27958.17147878662,109.13140787204816
2023-01-05 01:00:00,2857.9623126583933,27577.188719533682,103.63501304373422
2023-01-05 02:00:00,2630.5238367146776,26969.878999016764,97.53561878459217
2023-01-05 03:00:00,2570.0017626267236,25970.304082945702,98.95924800951423
2023-01-05 04:00:00,2613.022784362353,25327.27803678619,103.17029649088666
2023-01-05 05:00:00,3182.0019791295476,25255.17740914501,125.99404579820259
2023-01-05 06:00:00,4190.8550745600505,28333.750844911618,147.9103524803062
2023-01-05 07:00:00,6010.291989069207,33101.84425245787,181.5697017734271
2023-01-05 08:00:00,7033.621611243135,35592.503176569124,197.6152555595874
2023-01-05 09:00:00,7732.207905709148,37131.55301801943,208.23820382510834
2023-01-05 10:00:00,7686.100482620458,37839.09044015379,203.12593123179784
2023-01-05 11:00:00,7592.612891376119,38500.28457588943,197.2092667629513
2023-01-05 12:00:00,7169.1589283455,38553.02744764505,185.9557965475268
2023-01-05 13:00:00,7233.680130427252,38987.90577386947,185.53651412780985
2023-01-05 14:00:00,7349.357971662585,38502.755524604225,190.87875326133897
2023-01-05 15:00:00,7508.693769576646,38665.9809666974,194.19379986877362
2023-01-05 16:00:00,8577.20833374906,41426.47170465533,207.04655696722514
2023-01-05 17:00:00,8839.512791007975,42365.195723263816,208.65034706198634
2023-01-05 18:00:00,8349.313321840178,41278.97828767177,202.26550336721277
2023-01-05 19:00:00,6902.251981873914,37800.00371312213,182.59924084287385
2023-01-05 20:00:00,5550.33704762833,35541.39571966128,156.16542162293072
2023-01-05 21:00:00,4588.598542408558,32582.74834470034,140.82908212237732
2023-01-05 22:00:00,4168.184476200906,30170.587251536057,138.15390603604155
2023-01-05 23:00:00,4347.697901089717,30543.058100687394,142.34651575350497
2023-01-06 00:00:00,4398.907199427392,30717.577511443153,143.20488644616185
2023-01-06 01:00:00,4029.6801212352866,30056.86695101823,134.0685350805924
2023-01-06 02:00:00,3833.7834863265807,29442.93426637378,130.21064584262828
2023-01-06 03:00:00,4096.451323197954,30013.40847956816,136.4873745008549
2023-01-06 04:00:00,3842.8212764245936,29297.011680732565,131.16768762296186
2023-01-06 05:00:00,3792.5077909739302,29031.01596931493,130.63641296544765
2023-01-06 06:00:00,4646.766945600376,30986.182615657384,149.96254954143188
2023-01-06 07:00:00,5365.003128203704,33912.7783870404,158.20004680754536
2023-01-06 08:00:00,5973.067020990505,36844.47091978289,162.11569529645186
2023-01-06 09:00:00,6297.720951789504,38702.59906913949,162.72087930164756
2023-01-06 10:00:00,6427.003614884961,39471.94847338884,162.82458463427292
2023-01-06 11:00:00,6376.936534102057,39377.747065935,161.9426455105308
2023-01-06 12:00:00,6044.897160432884,39161.51187409396,154.35811517868626
2023-01-06 13:00:00,5727.4417650509195,37970.87633810414,150.83775560121524
2023-01-06 14:00:00,5621.506594646167,36602.35730255489,153.58318449762191
2023-01-06 15:00:00,6290.158309585785,37053.68265489889,169.7579797444009
2023-01-06 16:00:00,7214.680304379097,39211.28600609856,183.99499325926195
2023-01-06 17:00:00,7586.194543386338,40127.8337647166,189.05068705843496
2023-01-06 18:00:00,7417.319106602666,39143.83299525969,189.48882976025627
2023-01-06 19:00:00,6329.7637264125715,36961.937012919,171.25086610585862
2023-01-06 20:00:00,5114.948306380149,34299.52414272497,149.1259262109922
2023-01-06 21:00:00,4187.561311511584,31698.263471978506,132.10696274303538
2023-01-06 22:00:00,3863.669940604393,29971.272931104668,128.9124405722059
2023-01-06 23:00:00,3881.335304658102,29708.279937965868,130.64826751204558
2023-01-07 00:00:00,4225.377775815659,30624.08630308436,137.97563571358185
2023-01-07 01:00:00,4229.24885377009,31237.28519103908,135.39105040355167
2023-01-07 02:00:00,3894.2425822007567,30663.055577222087,127.00112591171694
2023-01-07 03:00:00,3642.5905803441897,29563.560570273246,123.21217438223215
2023-01-07 04:00:00,3446.7431027829584,28614.421368099513,120.45475456042328
2023-01-07 05:00:00,3233.79203064041,27494.720271443526,117.6150184004265
2023-01-07 06:00:00,3138.5720864288487,26815.05865810628,117.04513223132734
2023-01-07 07:00:00,3212.8327519087297,27162.335700934436,118.28263913983663
2023-01-07 08:00:00,3539.3091753835565,28795.65476447433,122.91122408336622
2023-01-07 09:00:00,4019.919590322652,31037.149396966888,129.51961338032865
2023-01-07 10:00:00,4677.566948864227,32543.122617222394,143.73442290349777
2023-01-07 11:00:00,4926.351407713451,33817.271554360006,145.6756024741536
2023-01-07 12:00:00,4886.015767493716,34564.217012045614,141.36052223578338
2023-01-07 13:00:00,4559.0322624334985,34324.41055067294,132.82186610904867
2023-01-07 14:00:00,3939.97736723154,33175.39239645595,118.76204266546787
2023-01-07 15:00:00,4079.989579887654,33177.458119412026,122.9747488551712
2023-01-07 16:00:00,5113.9682350291805,35351.05277453595,144.66240277610265
2023-01-07 17:00:00,6086.373285026622,37681.324361919986,161.522276302406
2023-01-07 18:00:00,5735.853746258218,36991.37805524302,155.0592069776984
2023-01-07 19:00:00,4822.521055733345,34760.72982534038,138.7347469389942
2023-01-07 20:00:00,4600.248330274548,32401.299977719256,141.9772766351321
2023-01-07 21:00:00,4826.853907974731,32034.018393835675,150.67900157363852
2023-01-07 22:00:00,5014.995950810584,32376.68150201443,154.89530483531976
2023-01-07 23:00:00,4805.900171085643,31809.594389523914,151.0833527845424
2023-01-08 00:00:00,4582.2225104040845,31406.601865610934,145.89997765474425
2023-01-08 01:00:00,4478.0034579999465,31114.12538711322,143.9218812126609
2023-01-08 02:00:00,4595.559263946378,31204.63651232974,147.27168067253584
2023-01-08 03:00:00,4386.010918483197,30457.73196775606,144.00320165422784
2023-01-08 04:00:00,4299.549661540784,29906.136722495277,143.7681403464821
2023-01-08 05:00:00,4234.78440584306,29631.390309207378,142.91548123974405
2023-01-08 06:00:00,4808.855224986453,31147.425480805825,154.39013500328767
2023-01-08 07:00:00,4292.233211352621,29927.946840666253,143.4188998732219
2023-01-08 08:00:00,4054.6198313629993,29630.89241648183,136.83758741966426
2023-01-08 09:00:00,4411.899656349806,31640.95715977854,139.436352512058
2023-01-08 10:00:00,4536.9243427605315,33328.768783238826,136.12637095199776
2023-01-08 11:00:00,4798.7243599826115,35113.97879622007,136.66136748078182
2023-01-08 12:00:00,5103.181050251249,36574.37271434533,139.5288742231705
2023-01-08 13:00:00,4944.853244354618,36615.357011359716,135.0486147880657
2023-01-08 14:00:00,5060.627632006908,36487.732917210466,138.69394526344828
2023-01-08 15:00:00,5250.211470220762,36893.039673749656,142.3089969449284
2023-01-08 16:00:00,6563.228534275781,39478.6391179643,166.24758808591403
2023-01-08 17:00:00,7372.7189769624265,40842.7529952216,180.51474095845103
2023-01-08 18:00:00,6827.607629053331,39364.12931337756,173.4474443648631
2023-01-08 19:00:00,6114.979734249991,37102.71685732971,164.81218229284377
2023-01-08 20:00:00,5460.748992549334,34904.04994133978,156.45029736453915
2023-01-08 21:00:00,4426.210530668184,31713.659736797985,139.56795170922405
2023-01-08 22:00:00,3482.6488522400164,29069.151181987323,119.80566031793997
2023-01-08 23:00:00,2932.8486687256095,27097.32805437946,108.23386951067316
2023-01-09 00:00:00,3063.259663463995,26953.08044773731,113.65156088201982
2023-01-09 01:00:00,2803.403210393395,26663.44343996467,105.14032880657479
2023-01-09 02:00:00,2330.486669719745,25835.095794945322,90.20623295601283
2023-01-09 03:00:00,2531.980042288125,25392.71250976392,99.71286215738223
2023-01-09 04:00:00,2709.4990987815027,25303.257774164347,107.08103766575114
2023-01-09 05:00:00,3315.854479723005,26609.130506780544,124.61340962937734
2023-01-09 06:00:00,4219.217061279899,30123.67700697853,140.06314900742245
2023-01-09 07:00:00,5390.549823111252,35267.505348620776,152.8474943102848
2023-01-09 08:00:00,6214.5506596627065,38039.49745051556,163.3709979409436
2023-01-09 09:00:00,6685.532618896751,40067.9925999784,166.8546933619119
2023-01-09 10:00:00,6679.8210711064685,40798.01553286033,163.72906828584047
2023-01-09 11:00:00,6511.084607413507,41469.71418435121,157.0081862264316
2023-01-09 12:00:00,6024.1256779482965,41094.166746318166,146.59320664989585
2023-01-09 13:00:00,5698.2416212802955,40461.65671222802,140.830655101629
2023-01-09 14:00:00,5343.461445965862,39568.549628173314,135.04314654387153
2023-01-09 15:00:00,5727.281857411,39656.547119656214,144.42210110048154
2023-01-09 16:00:00,7037.766048252591,42124.160533129245,167.0719596350798
2023-01-09 17:00:00,8077.942842185727,44132.98596201428,183.03639933038968
2023-01-09 18:00:00,7838.183811093376,43544.5704368779,180.00370040291446
2023-01-09 19:00:00,7128.462448936431,41425.63065290947,172.0785498394283
2023-01-09 20:00:00,6136.823934418392,38573.47623907236,159.09439679180892
2023-01-09 21:00:00,5044.561604939671,35838.77283781945,140.75709644880237
2023-01-09 22:00:00,4350.113848730185,32410.479729764273,134.21936006504845
2023-01-09 23:00:00,3793.3465919066716,29823.064990278046,127.19506171291437
2023-01-10 00:00:00,4002.355318658266,29393.720333869518,136.16361839186683
2023-01-10 01:00:00,4026.801531456452,28820.61354970523,139.719493636444
2023-01-10 02:00:00,3890.0402702625415,28001.61620335349,138.92199085982287
2023-01-10 03:00:00,3637.264120372391,26917.860820112084,135.1245607769379
2023-01-10 04:00:00,3640.899943769857,26573.0710790935,137.01464662977378
2023-01-10 05:00:00,3970.1611313146223,27692.170682685508,143.36763906330248
2023-01-10 06:00:00,4889.200766882009,31014.93765520776,157.64019329121743
2023-01-10 07:00:00,6327.22630446877,36205.84454720714,174.75704222888626
2023-01-10 08:00:00,6558.487655097592,38722.00529924515,169.3736572890104
2023-01-10 09:00:00,6976.123650182793,40858.76376462474,170.73751155003563
2023-01-10 10:00:00,7270.639695121136,41681.56124158169,174.4329981542994
2023-01-10 11:00:00,7321.9273131056725,41906.1919840538,174.72184816725465
2023-01-10 12:00:00,7314.245275702068,42246.96823095362,173.1306548606498
2023-01-10 13:00:00,7072.587059902998,41569.25407831083,170.13985977663214
2023-01-10 14:00:00,6935.125014941056,41004.12447104468,169.1323764232142
2023-01-10 15:00:00,6929.639383571624,40394.1377182583,171.55062033764867
2023-01-10 16:00:00,7556.252083247338,42541.60652837659,177.6202804707688
2023-01-10 17:00:00,7959.477444634611,43879.055031770156,181.39582629734477
2023-01-10 18:00:00,7605.417940392971,42960.22023910405,177.03396067486233
2023-01-10 19:00:00,6770.766265641099,40726.02621305324,166.2515814879817
2023-01-10 20:00:00,6070.252031956221,39153.19697821493,155.03847707081863
2023-01-10 21:00:00,5573.477415399308,35697.17960470386,156.13215041405914
2023-01-10 22:00:00,5079.230013027266,33507.60607034839,151.58438959690372
2023-01-10 23:00:00,5264.588069574565,33142.05964544428,158.84915198075922
2023-01-11 00:00:00,5014.740823724858,32840.709402500586,152.69891896254293
2023-01-11 01:00:00,4410.069464929118,31493.18490698005,140.03250156994076
2023-01-11 02:00:00,4451.3168209600435,31497.42114870538,141.32321500050818
2023-01-11 03:00:00,4346.839166638515,31056.410640068363,139.9659225599725
2023-01-11 04:00:00,4517.824748672965,31190.87769736017,144.84442510751563
2023-01-11 05:00:00,4584.257518779057,30923.556971394108,148.24483234641255
2023-01-11 06:00:00,4888.309929249328,31759.92064287518,153.91442517177515
2023-01-11 07:00:00,5476.224381965548,35722.34045839389,153.29970857715082
2023-01-11 08:00:00,5966.0563428016285,38724.33935775646,154.06476757896274
2023-01-11 09:00:00,6370.108678185209,40482.08935700482,157.35622294611028
2023-01-11 10:00:00,6161.522998331578,41117.62416945045,149.85114346439946
2023-01-11 11:00:00,5799.718810851841,41287.07001491471,140.47300544109154
2023-01-11 12:00:00,5834.281920299532,40949.68153286594,142.4744149870122
2023-01-11 13:00:00,5772.837551651716,40839.61002744692,141.35388530331184
2023-01-11 14:00:00,6190.404345706667,40536.678931598835,152.7111867292407
2023-01-11 15:00:00,6674.685536580854,41109.72858818406,162.3626758387143
2023-01-11 16:00:00,7473.676443065427,42690.94662476228,175.06466906804138
2023-01-11 17:00:00,7863.904532163815,43692.11946707937,179.98450585783596
2023-01-11 18:00:00,7551.265214778161,42774.82729504047,176.53525898989878
2023-01-11 19:00:00,6896.820992329759,40883.61826675327,168.6939973690705
2023-01-11 20:00:00,5954.901960408545,38402.38175677698,155.06595393286162
2023-01-11 21:00:00,4792.466467994103,35315.123212195955,135.70578358732843
2023-01-11 22:00:00,4359.779698284157,32057.40197220749,135.99915869863423
2023-01-11 23:00:00,3634.3153504805614,29835.09088429638,121.81344995980801
2023-01-12 00:00:00,3328.5023607565236,29173.54458475889,114.09317613381235
2023-01-12 01:00:00,3160.5899798123396,28938.42190495364,109.2177724892218
2023-01-12 02:00:00,2833.1835740531565,28260.89918871303,100.25100599717247
2023-01-12 03:00:00,3003.9027485036427,27507.386531807537,109.20349503323946
2023-01-12 04:00:00,2406.8767106892983,26157.91044162908,92.01334013510757
2023-01-12 05:00:00,2705.791094222408,26586.19254406848,101.7742984346995
2023-01-12 06:00:00,3738.753913077297,30070.610223322332,124.332492267735
2023-01-12 07:00:00,5245.429972037864,34799.68455479892,150.7321126367656
2023-01-12 08:00:00,6155.889990961115,37182.3882667948,165.5592950832194
2023-01-12 09:00:00,6513.711522176264,38560.2969354815,168.92275319028033
2023-01-12 10:00:00,6566.520056690768,39240.72961212999,167.33939765128483
2023-01-12 11:00:00,6519.968695017387,39751.6322091389,164.01763481597231
2023-01-12 12:00:00,6656.732487815582,40185.24841754743,165.6511468748027
2023-01-12 13:00:00,6627.250773823675,40545.22615597827,163.45329406545946
2023-01-12 14:00:00,6108.667959485566,39803.28671402766,153.4714457972819
2023-01-12 15:00:00,5843.921802331261,39506.63560561195,147.92253789135935
2023-01-12 16:00:00,6814.705968630692,41396.71126669249,164.6195014074405
2023-01-12 17:00:00,7762.858485231036,42636.45185744256,182.07093102368373
2023-01-12 18:00:00,7568.201270402023,42024.78737501825,180.08898421936956
2023-01-12 19:00:00,6985.111681663891,40293.013952545014,173.35788506391177
2023-01-12 20:00:00,5957.755666477543,37678.705498076066,158.11996690761455
2023-01-12 21:00:00,5169.435466939715,34400.78945929235,150.27083820436414
2023-01-12 22:00:00,4771.587859337633,31633.438907699572,150.83999792941353
2023-01-12 23:00:00,4153.2241392039805,30277.971999314046,137.1698256177155
2023-01-13 00:00:00,4290.705576998596,30304.631737149943,141.58580160994637
2023-01-13 01:00:00,4439.3536331826135,30655.69834834312,144.8133258207948
2023-01-13 02:00:00,4464.88855667096,31461.165938361442,141.91745358129916
2023-01-13 03:00:00,5057.5802144607815,32956.368477345146,153.46291014853355
2023-01-13 04:00:00,4912.784842683456,32496.493193245497,151.17892301390216
2023-01-13 05:00:00,5148.586902945698,32756.190905554442,157.1790480092927
2023-01-13 06:00:00,5593.068782675464,33716.10050002731,165.88717852086523
2023-01-13 07:00:00,5610.281435288985,35522.66795555269,157.93524974837987
2023-01-13 08:00:00,5988.580860867555,37750.503379106754,158.63578826294463
2023-01-13 09:00:00,6223.313653476712,39500.34310174772,157.55087588597064
2023-01-13 10:00:00,6047.457503088295,40433.34357780296,149.56609985646156
2023-01-13 11:00:00,5635.976460860696,40406.89149168574,139.4805750405317
2023-01-13 12:00:00,5368.624646911009,40321.121794227955,133.14670842514948
2023-01-13 13:00:00,5186.317390052412,40014.94292996316,129.60951610326805
2023-01-13 14:00:00,5084.471426517829,38962.614551116276,130.49615599711234
2023-01-13 15:00:00,5343.9313681964,38396.847824017954,139.17630407290025
2023-01-13 16:00:00,6525.301708766978,40081.90372137818,162.79919621898168
2023-01-13 17:00:00,7543.87897082007,41298.14708847376,182.66870314202436
2023-01-13 18:00:00,7380.403471734825,40243.38193462514,183.39421581725404
2023-01-13 19:00:00,6957.093577255213,38412.11973683997,181.11714804905344
2023-01-13 20:00:00,6129.21801542245,35852.25613003226,170.95766562618647
2023-01-13 21:00:00,5208.555069661,33301.61036185798,156.40550150771753
2023-01-13 22:00:00,4163.303695863204,30711.428859115735,135.56203180782506
2023-01-13 23:00:00,3499.2973036641874,29639.569660108624,118.06167713608306
2023-01-14 00:00:00,3219.2327054846587,29424.197684747636,109.40766303896143
2023-01-14 01:00:00,2817.9436514481567,28648.758570179452,98.3618066571778
2023-01-14 02:00:00,2417.0513314585696,27789.965776918227,86.97568578749826
2023-01-14 03:00:00,2306.462084790205,27084.22113938899,85.15888542336124
2023-01-14 04:00:00,2456.758270753882,26346.11298327546,93.24936366565476
2023-01-14 05:00:00,2417.3399683251296,26069.110901396813,92.72813244258384
2023-01-14 06:00:00,2929.4615241472197,27284.391229892088,107.36767038209656
2023-01-14 07:00:00,3367.197389399286,28957.000835711715,116.28267058813053
2023-01-14 08:00:00,3788.9603625155214,31177.464961842667,121.52881471129025
2023-01-14 09:00:00,4733.808639270216,33659.51090681673,140.63806964917976
2023-01-14 10:00:00,5228.880641247235,35019.18668428069,149.3147367581315
2023-01-14 11:00:00,5451.079692272702,35739.36743950635,152.52311618271875
2023-01-14 12:00:00,5551.238937122097,36476.298568966115,152.18756164708742
2023-01-14 13:00:00,5345.978179585252,36838.88479987481,145.11780713848916
2023-01-14 14:00:00,4694.090965225374,35788.31118156154,131.16268441422883
2023-01-14 15:00:00,4719.66245144943,35663.79953887894,132.33762281285487
2023-01-14 16:00:00,5573.742836417365,37471.356967216714,148.74675719093312
2023-01-14 17:00:00,6470.2359152340205,39089.15152078034,165.52510513804202
2023-01-14 18:00:00,6305.1638984318915,38511.61063763349,163.7211166720328
2023-01-14 19:00:00,5610.817088153732,36609.72027809557,153.26031025456405
2023-01-14 20:00:00,4940.233978850288,34701.79013237541,142.36251098300667
2023-01-14 21:00:00,4645.03923453934,33713.34066645543,137.78044959991539
2023-01-14 22:00:00,4489.275870623325,32437.255675752618,138.3987571420579
2023-01-14 23:00:00,4131.2295526586595,31589.167515035508,130.77994381119152
2023-01-15 00:00:00,4293.842453908703,32034.391372812424,134.0385214108636
2023-01-15 01:00:00,4420.225099811697,32034.625727758277,137.9827296056571
2023-01-15 02:00:00,4502.39645934096,31653.272177808074,142.2411065133912
2023-01-15 03:00:00,4479.369674424877,31321.69370702671,143.0117322621023
2023-01-15 04:00:00,3922.377529300357,29991.384648674186,130.78347582974138
2023-01-15 05:00:00,3871.959430444527,29804.18562771083,129.9132772426609
2023-01-15 06:00:00,4012.003603307822,30081.002021450236,133.37333644826498
2023-01-15 07:00:00,3996.6956236115816,30596.35163328246,130.62654239023743
2023-01-15 08:00:00,4394.7997343465495,31991.49552460469,137.37400087990588
2023-01-15 09:00:00,4602.1007603656835,33851.51154221676,135.94963860406443
2023-01-15 10:00:00,5211.850599098738,35356.91620518819,147.40682046060238
2023-01-15 11:00:00,5332.865591006463,36323.79688617672,146.81465177545695
2023-01-15 12:00:00,5711.401260953179,37161.615932520726,153.6908747812293
2023-01-15 13:00:00,5653.255778640045,36978.1602059921,152.88093694082613
2023-01-15 14:00:00,5747.34492130826,36665.27943431479,156.75170106379602
2023-01-15 15:00:00,6182.893942535022,36893.379745580045,167.58816853247916
2023-01-15 16:00:00,7986.96410088669,39344.56736110048,203.00043021398955
2023-01-15 17:00:00,9507.89440649575,41150.28941588068,231.05291703796556
2023-01-15 18:00:00,9438.237525426668,40036.809079660925,235.73900474054966
2023-01-15 19:00:00,8818.933664090287,37685.22764293259,234.01566650066854
2023-01-15 20:00:00,8235.74987180837,35565.23688695767,231.56741224542634
2023-01-15 21:00:00,7183.56466638265,32735.72769791393,219.4411174443029
2023-01-15 22:00:00,5980.247087497736,29616.22801584224,201.92467063323517
2023-01-15 23:00:00,4993.561456765316,27121.779879837202,184.11628878669632
2023-01-16 00:00:00,4876.385889274939,26494.82419266121,184.0505094057445
2023-01-16 01:00:00,4647.349810998173,26319.868337982523,176.57192472697614
2023-01-16 02:00:00,4593.634576502298,26640.989413963514,172.42732637004113
2023-01-16 03:00:00,4431.302036830677,26855.08354220627,165.00794085657216
2023-01-16 04:00:00,4509.997821586161,26983.376072232077,167.13986454153482
2023-01-16 05:00:00,4652.373939191724,27842.093633228444,167.09856666954454
2023-01-16 06:00:00,5979.06557696228,31663.788557882985,188.82975945952424
2023-01-16 07:00:00,7783.092810563965,37144.414932581036,209.53601839443874
2023-01-16 08:00:00,9081.880179462843,40816.66136315687,222.50423910615572
2023-01-16 09:00:00,9691.043871115051,42501.99957418023,228.01383389506023
2023-01-16 10:00:00,9832.935613273668,43768.1255590408,224.65973782700786
2023-01-16 11:00:00,10191.353587731368,43915.70514575744,232.06626317181937
2023-01-16 12:00:00,10413.811092015609,44375.933681456634,234.6724953838487
2023-01-16 13:00:00,9798.397315456115,43906.769827765645,223.16370240608842
2023-01-16 14:00:00,8967.321996064707,43161.75487463921,207.76082951468882
2023-01-16 15:00:00,9134.66138316209,42960.04719579616,212.6315490653362
2023-01-16 16:00:00,10211.479273476272,44466.74729188065,229.6430455425019
2023-01-16 17:00:00,11582.011418665024,46526.15315601562,248.93550472198285
2023-01-16 18:00:00,11547.966870711158,45889.11810902316,251.64935275669387
2023-01-16 19:00:00,10674.15860273804,44138.44776056502,241.8335746794146
2023-01-16 20:00:00,9969.032882373169,41636.60795658798,239.42951579454524
2023-01-16 21:00:00,8979.202362641066,38158.36654237072,235.31411787951242
2023-01-16 22:00:00,7969.808040805653,34234.13380009849,232.8029704897258
2023-01-16 23:00:00,6659.34046019688,31881.655927785636,208.87686873231397
2023-01-17 00:00:00,6371.518283033024,31335.24847594103,203.3339000941712
2023-01-17 01:00:00,6428.937286640766,31215.078920258104,205.95614392211212
2023-01-17 02:00:00,6123.131972815849,30835.813174986215,198.57209336651735
2023-01-17 03:00:00,5851.674928734919,30028.671998799742,194.86958760509998
2023-01-17 04:00:00,6062.254245548426,29540.5743499686,205.21788688766202
2023-01-17 05:00:00,6528.30839142189,29685.944215505853,219.91243883062882
2023-01-17 06:00:00,8685.853109403359,34735.250052911884,250.05874712783927
2023-01-17 07:00:00,9855.838825220204,39224.275998666046,251.2688526247211
2023-01-17 08:00:00,10454.28391946872,42056.17513381619,248.57904662525345
2023-01-17 09:00:00,11295.030825749438,44724.45622826442,252.54708001595205
2023-01-17 10:00:00,11408.692631847109,45565.17599272173,250.3818405896085
2023-01-17 11:00:00,11251.509154862977,46439.293851758324,242.28424296845682
2023-01-17 12:00:00,10989.349871981145,46649.60349102251,235.57220318273426
2023-01-17 13:00:00,9977.142331529949,44939.714443740006,222.01169845038348
2023-01-17 14:00:00,9721.24119141825,43679.081862596984,222.56056622249395
2023-01-17 15:00:00,9934.89261226065,43373.04088024668,229.05686137365765
2023-01-17 16:00:00,10920.95226366283,45126.869335791955,242.00553737506843
2023-01-17 17:00:00,11661.661505489168,46276.07379184432,252.00196451291023
2023-01-17 18:00:00,11479.849074045485,45596.06359084618,251.77281041318156
2023-01-17 19:00:00,10628.559518012547,44834.441449843725,237.0623827198274
2023-01-17 20:00:00,9804.758489335798,42132.333001810955,232.71340063020872
2023-01-17 21:00:00,8367.166923441137,38827.91449419944,215.49359610058687
2023-01-17 22:00:00,7036.149832164959,35252.18578676441,199.59471094149043
2023-01-17 23:00:00,5704.081580165426,32212.43327007605,177.0770165774552
2023-01-18 00:00:00,5446.039215329931,31994.787554825245,170.21645185165778
2023-01-18 01:00:00,5517.027578408873,31654.780578699258,174.2873423081417
2023-01-18 02:00:00,5156.788716923284,31058.49350963377,166.03473427723543
2023-01-18 03:00:00,5120.523334663259,30531.15513610574,167.71469378856867
2023-01-18 04:00:00,5397.629160347054,31290.528571704966,172.50041487723408
2023-01-18 05:00:00,6042.866936851845,32817.76782353663,184.13400232900514
2023-01-18 06:00:00,8193.544510749018,38256.13134910203,214.17598230149693
2023-01-18 07:00:00,10398.5148529037,44295.862018340194,234.7513826144373
2023-01-18 08:00:00,11196.56937946019,46736.53703874231,239.56780045938748
2023-01-18 09:00:00,11447.9321862582,48208.18736317439,237.46862955073743
2023-01-18 10:00:00,11527.467049129138,48728.54363907379,236.56498200544718
2023-01-18 11:00:00,11104.652812056229,48645.489730386216,228.27713059531087
2023-01-18 12:00:00,11035.339874083202,48283.602519068125,228.5525374732578
2023-01-18 13:00:00,10479.20537519339,47206.52818117474,221.98636033929608
2023-01-18 14:00:00,10224.465846076264,46428.66213166846,220.21883415637498
2023-01-18 15:00:00,10235.187752589316,45298.246990226806,225.9510783010561
2023-01-18 16:00:00,10955.042616846173,46185.77901058357,237.19514646133396
2023-01-18 17:00:00,11670.148952915342,47324.51348751072,246.59839252220056
2023-01-18 18:00:00,11321.512456654455,46807.60724012463,241.87334333444366
2023-01-18 19:00:00,10536.210537739982,45008.732425387396,234.0925853712108
2023-01-18 20:00:00,9558.993629117753,42303.88265756798,225.96019628963515
2023-01-18 21:00:00,8953.756653514674,39852.523053107354,224.67226583328048
2023-01-18 22:00:00,7734.995596516497,36027.71799247372,214.69568508703097
2023-01-18 23:00:00,6656.40190523344,32665.097041273882,203.77719670701617
2023-01-19 00:00:00,6778.879775252901,32811.075751618606,206.60339900371878
2023-01-19 01:00:00,6656.926569874187,32257.40287771572,206.36895645659592
2023-01-19 02:00:00,6390.416758195367,31595.433156742216,202.2576087655789
2023-01-19 03:00:00,6382.432244502387,31309.90307668899,203.8470776760171
2023-01-19 04:00:00,6741.2364739334325,32137.551874084365,209.76197877006143
2023-01-19 05:00:00,7356.0112721360965,33458.75551713081,219.8531044697653
2023-01-19 06:00:00,9202.228398021274,38025.61746263018,242.00076190912085
2023-01-19 07:00:00,11001.73207641846,42680.031732114294,257.77234997087135
2023-01-19 08:00:00,11661.111525756563,44345.67525563313,262.95938574698505
2023-01-19 09:00:00,11988.480510558002,46601.9939942031,257.25252254333304
2023-01-19 10:00:00,12042.212257530713,47545.84705266564,253.27579597418426
2023-01-19 11:00:00,11441.257568316416,46989.5606599682,243.48509344679962
2023-01-19 12:00:00,11303.786168824052,47685.71012403203,237.0476635332167
2023-01-19 13:00:00,11117.320216493876,47669.38189768631,233.21720932642233
2023-01-19 14:00:00,10818.517216065766,47040.992615882584,229.98063209263742
2023-01-19 15:00:00,10683.508690090172,46186.43030158841,231.31271718400703
2023-01-19 16:00:00,11179.50087756181,46927.4659510893,238.2293748657508
2023-01-19 17:00:00,11891.170623880042,48795.995639640234,243.6915256673245
2023-01-19 18:00:00,11779.273736505924,48368.66133356769,243.53110902267514
2023-01-19 19:00:00,11054.640932348559,46248.32867606145,239.02790108976498
2023-01-19 20:00:00,10355.786649136107,44078.33906251745,234.94049161989128
2023-01-19 21:00:00,9059.696366170785,40733.89914393015,222.41171497378716
2023-01-19 22:00:00,8194.329759235085,38201.501649096834,214.50281809612622
2023-01-19 23:00:00,7128.835095743641,35704.057713215014,199.6645634231392
2023-01-20 00:00:00,6943.277156705477,35290.38896820337,196.74697161772198
2023-01-20 01:00:00,6638.465957460254,34351.07814738094,193.25349641074936
2023-01-20 02:00:00,6189.100681728903,32746.363238443824,189.0011613400469
2023-01-20 03:00:00,6157.848310631363,32197.5832415506,191.2518795101594
2023-01-20 04:00:00,6466.958208065718,32639.040685430442,198.13567041976412
2023-01-20 05:00:00,6726.241385770353,33063.245226910716,203.43560771511187
2023-01-20 06:00:00,8660.861167001593,37028.99740776689,233.8940228823199
2023-01-20 07:00:00,10740.757793932647,41137.98877643942,261.0909797341406
2023-01-20 08:00:00,11464.644277673213,42513.52457739013,269.6705199495604
2023-01-20 09:00:00,12116.034464921964,44680.468579752705,271.17071172374494
2023-01-20 10:00:00,11977.224914191256,45487.88569805608,263.305817150853
2023-01-20 11:00:00,11590.027575637472,45342.94221262593,255.60819413280555
2023-01-20 12:00:00,11560.650769219477,45176.97325461885,255.89697441799132
2023-01-20 13:00:00,11175.478419940071,43908.527301367874,254.51726821163328
2023-01-20 14:00:00,10685.816223659307,42004.27838507563,254.39828118690028
2023-01-20 15:00:00,10526.286687344216,40769.5492542997,258.1899206608
2023-01-20 16:00:00,11498.565244157122,41961.63235058633,274.02568966067525
2023-01-20 17:00:00,12664.390986905633,44423.410238093835,285.0837186751075
2023-01-20 18:00:00,12306.378435641052,43562.955298839355,282.49640896077887
2023-01-20 19:00:00,11482.520529415695,42116.58889650704,272.6365270851269
2023-01-20 20:00:00,10726.687577232933,39207.31460515229,273.5889383207929
2023-01-20 21:00:00,9687.384947038237,36609.9262389649,264.6108840483732
2023-01-20 22:00:00,8450.899374126317,33430.02103684877,252.7937198965917
2023-01-20 23:00:00,6837.366204375021,30663.421354674807,222.98119069262395
2023-01-21 00:00:00,6342.8330573806115,29773.060895044015,213.0393337702282
2023-01-21 01:00:00,6314.781940289745,30209.308707524833,209.03430798192335
2023-01-21 02:00:00,6173.315563270445,29547.589045263136,208.9278943812882
2023-01-21 03:00:00,6185.827427594017,29047.652045870927,212.95447280302028
2023-01-21 04:00:00,6083.561948107267,28439.557260605834,213.9119780368083
2023-01-21 05:00:00,6152.489593478885,28387.958122179713,216.72885267052374
2023-01-21 06:00:00,6503.1014399050555,29725.87110558204,218.7690788541392
2023-01-21 07:00:00,7734.6754256861,32138.015566467904,240.67059802398907
2023-01-21 08:00:00,8490.217412667122,35275.2517613269,240.68481410457713
2023-01-21 09:00:00,9092.741200568747,38986.94009299038,233.2253102931658
2023-01-21 10:00:00,9089.69616034055,40361.004580512796,225.20985923946157
2023-01-21 11:00:00,8866.297599744772,40333.7700856015,219.82317995385947
2023-01-21 12:00:00,8604.359820003605,40378.25855238956,213.09388092702685
2023-01-21 13:00:00,8316.51304359644,39148.252012101475,212.43638262637236
2023-01-21 14:00:00,7890.3400403742135,37963.161161410346,207.84201839320917
2023-01-21 15:00:00,8046.916311959034,37955.731740135656,212.00793511378828
2023-01-21 16:00:00,8999.612098088004,39335.142206935954,228.79317559709
2023-01-21 17:00:00,10401.176425702666,42151.58738623879,246.756458550321
2023-01-21 18:00:00,10244.283092062233,41765.180700174926,245.2828629092781
2023-01-21 19:00:00,9619.86657987549,40119.098444914,239.7827207678697
2023-01-21 20:00:00,8800.625412213141,38021.00775583809,231.46744212380364
2023-01-21 21:00:00,7968.4320651730095,35336.76334120872,225.4997716749132
2023-01-21 22:00:00,7566.257630317182,32891.34017129118,230.0379854063016
2023-01-21 23:00:00,6237.333249783136,30663.487640775544,203.41238814233532
2023-01-22 00:00:00,5725.295979910223,29752.7193613031,192.42933428655402
2023-01-22 01:00:00,5861.137663559123,29753.91617159821,196.98710010999858
2023-01-22 02:00:00,5793.583649142135,29601.09361538744,195.72194610169657
2023-01-22 03:00:00,5655.530769804081,28982.36323459065,195.13697775529104
2023-01-22 04:00:00,5569.489627094216,28367.963328663776,196.33026039153998
2023-01-22 05:00:00,5621.928476416192,28221.983987389478,199.2038716671463
2023-01-22 06:00:00,6095.736214756736,28940.031220999812,210.63336691680814
2023-01-22 07:00:00,6864.082082651102,30423.204086985163,225.6199597854819
2023-01-22 08:00:00,7625.037036127748,32575.157383170987,234.07521708757739
2023-01-22 09:00:00,8271.687937953442,36435.85397884392,227.02055900093097
2023-01-22 10:00:00,8859.26704541293,38522.14886151465,229.97852682781496
2023-01-22 11:00:00,8848.325271570991,39429.17489242486,224.41061208386924
2023-01-22 12:00:00,8970.238231995712,40071.59613079414,223.8552765084963
2023-01-22 13:00:00,8647.984415398056,39933.16837022788,216.56143923319516
2023-01-22 14:00:00,8462.939961212525,39053.323529303976,216.70217017156787
2023-01-22 15:00:00,8622.054317881755,39500.36942850741,218.27781467935387
2023-01-22 16:00:00,9596.993849944525,41226.12084927237,232.78915532781468
2023-01-22 17:00:00,10700.351060124989,43511.402221508484,245.92062112021776
2023-01-22 18:00:00,10406.365832410609,42252.648613755875,246.2890771070547
2023-01-22 19:00:00,9747.859874641996,40404.577375435176,241.25632559068455
2023-01-22 20:00:00,9046.992448366416,38196.41474515365,236.85449298652554
2023-01-22 21:00:00,8235.420185212732,35134.01286419593,234.40021545632248
2023-01-22 22:00:00,7393.121638542919,32031.73648398392,230.8061457186228
2023-01-22 23:00:00,6547.448456141489,29453.5962948392,222.2970801459895
2023-01-23 00:00:00,6668.340265981542,29465.47106654112,226.31032271374858
2023-01-23 01:00:00,6612.029082814135,29058.56908050386,227.54145479414933
2023-01-23 02:00:00,6517.586431801549,28801.23719119091,226.2953632351254
2023-01-23 03:00:00,6399.714076904452,28633.42080782134,223.50504747083318
2023-01-23 04:00:00,6626.174880837366,28851.37593699242,229.66581889571066
2023-01-23 05:00:00,7261.717598547624,30752.312225325524,236.13566177854312
2023-01-23 06:00:00,8942.776579791684,34783.909186084864,257.09521411035644
2023-01-23 07:00:00,11152.83721201426,40681.0161663506,274.15335856923247
2023-01-23 08:00:00,11526.65450944188,42062.04063306135,274.03935557947636
2023-01-23 09:00:00,11953.795550871528,44530.705815826994,268.43939101955436
2023-01-23 10:00:00,12168.614730682004,45317.040840903275,268.52182986534683
2023-01-23 11:00:00,11979.283989598433,45399.57533764911,263.8633489521698
2023-01-23 12:00:00,11640.613620985152,44890.14236183574,259.31335942658217
2023-01-23 13:00:00,11275.406214158269,44069.5364410788,255.8548858174069
2023-01-23 14:00:00,11141.293987493578,43568.89078474961,255.7167232587284
2023-01-23 15:00:00,10911.03774399223,43388.96527046519,251.47033758418203
2023-01-23 16:00:00,11523.727367310348,44220.17467020327,260.5988658628104
2023-01-23 17:00:00,12470.399644449097,45806.52692578042,272.2406713928495
2023-01-23 18:00:00,12409.166906889062,45233.80651605924,274.33390781479926
2023-01-23 19:00:00,11584.58860039801,43183.8785731163,268.26188344300044
2023-01-23 20:00:00,10728.05747293488,40938.15408674961,262.05523214851576
2023-01-23 21:00:00,9815.958229083652,37557.55842678699,261.3577303811811
2023-01-23 22:00:00,8869.903374413712,34116.795663900746,259.9864143688919
2023-01-23 23:00:00,7631.119354166516,31481.60710212141,242.39929459167567
2023-01-24 00:00:00,7431.465586256143,31223.821458169343,238.00627979544728
2023-01-24 01:00:00,7338.28008436129,30953.018581665434,237.0780111477726
2023-01-24 02:00:00,6913.513008975844,30159.828275650892,229.22919009314685
2023-01-24 03:00:00,6993.615836631719,29766.09775728837,234.95239092666415
2023-01-24 04:00:00,7084.275824004753,29798.718962972333,237.73759646539241
2023-01-24 05:00:00,8011.7041048500505,32035.64281830906,250.08719663559202
2023-01-24 06:00:00,9596.605298990855,35854.05618300651,267.6574513636002
2023-01-24 07:00:00,11275.597505567523,40132.47572783069,280.9594300146359
2023-01-24 08:00:00,11751.392797819375,41586.12988734724,282.5796204083609
2023-01-24 09:00:00,12247.642303119612,44041.87161101891,278.0908679651878
2023-01-24 10:00:00,11801.357464686133,44376.917712700735,265.93459106576404
2023-01-24 11:00:00,11327.671414649527,44432.61501964368,254.94046230773404
2023-01-24 12:00:00,11120.167142054728,44030.6443095839,252.55517643275243
2023-01-24 13:00:00,10585.722541572426,43466.367921658806,243.53823536973465
2023-01-24 14:00:00,10298.456140507196,42278.75659093524,243.5846503280381
2023-01-24 15:00:00,10457.802989707407,42202.31760475739,247.80162757053225
2023-01-24 16:00:00,11393.72466711096,43542.21426521831,261.67076845727416
2023-01-24 17:00:00,12327.670265398452,45144.614957445236,273.07067026751497
2023-01-24 18:00:00,12221.32222248816,44648.287762192966,273.724320349791
2023-01-24 19:00:00,11297.686057564595,43084.35083109833,262.2224970234416
2023-01-24 20:00:00,11071.248455874216,41028.945605556706,269.8399457375964
2023-01-24 21:00:00,10286.877781947715,39121.78856093262,262.9449767084597
2023-01-24 22:00:00,9469.055598569603,37087.37944880824,255.31746214746047
2023-01-24 23:00:00,7918.921602695007,33271.680439410215,238.0078642891468
2023-01-25 00:00:00,7775.674775685843,33458.54703399336,232.3972636285096
2023-01-25 01:00:00,7794.315425331232,33801.647365873236,230.58980945409533
2023-01-25 02:00:00,7538.906479782363,33461.90979616474,225.29815320482513
2023-01-25 03:00:00,7624.181135982672,33414.229167536076,228.1716899035941
2023-01-25 04:00:00,7737.049516690568,33782.90387941222,229.02263062725157
2023-01-25 05:00:00,8250.39780710717,35167.05423996227,234.6058828473551
2023-01-25 06:00:00,9837.02630894383,39261.51973603712,250.55133818252796
2023-01-25 07:00:00,11114.544867962875,42588.377514537584,260.9760107477425
2023-01-25 08:00:00,11492.248015784497,44040.00436232003,260.9502015766622
2023-01-25 09:00:00,11839.3962282425,45736.34927177905,258.8618553240721
2023-01-25 10:00:00,11945.072968736471,46048.387571592495,259.4026327233541
2023-01-25 11:00:00,11994.468926655358,46400.283576604794,258.4999056493486
2023-01-25 12:00:00,11932.608927686479,47254.365951364845,252.51865488932307
2023-01-25 13:00:00,11932.176275516671,47239.92240633565,252.58670352761564
2023-01-25 14:00:00,11892.157871061605,46447.84100480917,256.0325219385397
2023-01-25 15:00:00,11748.447155441045,45955.36280518896,255.64910030727665
2023-01-25 16:00:00,11947.841020946018,46119.40052774344,259.06323335141167
2023-01-25 17:00:00,12090.959773646231,47217.157385355116,256.07131905395823
2023-01-25 18:00:00,11366.85917372376,46508.517957775846,244.40381402915278
2023-01-25 19:00:00,10624.455254357357,44807.18413079972,237.11499529501305
2023-01-25 20:00:00,9713.36219983471,42739.67753683889,227.2680272672251
2023-01-25 21:00:00,8652.672358826241,39880.31241404811,216.96601242718148
2023-01-25 22:00:00,7627.8704126454,36107.89072806934,211.25217393869232
2023-01-25 23:00:00,6183.922184335354,32238.79619002747,191.8161629821726
2023-01-26 00:00:00,5999.2255492706345,31834.523305227856,188.4503025771849
2023-01-26 01:00:00,5837.149491857892,31223.11197427369,186.94963835339078
2023-01-26 02:00:00,5615.563390624186,30321.511420318955,185.2006423024514
2023-01-26 03:00:00,5638.953005183252,30367.216281144905,185.6921277530629
2023-01-26 04:00:00,5546.850286908462,29632.65734706122,187.1870693857486
2023-01-26 05:00:00,6205.995055966111,31374.01157733826,197.80687084493712
2023-01-26 06:00:00,7995.497487907119,36301.300373863676,220.2537486415705
2023-01-26 07:00:00,10254.116141807752,41535.57209970536,246.87552436241734
2023-01-26 08:00:00,10747.59659894457,42494.53767840278,252.91713208605816
2023-01-26 09:00:00,11101.761052011856,44117.651278593854,251.63989311005085
2023-01-26 10:00:00,11054.875188238484,44180.26749501611,250.22200667946532
2023-01-26 11:00:00,11009.181966819184,44650.62877836154,246.56275326976856
2023-01-26 12:00:00,10888.636062170266,44965.305552782665,242.15638987237853
2023-01-26 13:00:00,10720.67255951808,44006.48398883599,243.61574903911452
2023-01-26 14:00:00,10320.1939862992,42326.32262139729,243.82448904460267
2023-01-26 15:00:00,10645.302638978616,41897.29825425294,254.0808854637309
2023-01-26 16:00:00,11432.3924991738,43296.25957964636,264.05035008031473
2023-01-26 17:00:00,12323.384967538856,45143.81868252117,272.98056139655364
2023-01-26 18:00:00,12195.140922753117,44483.56914616366,274.14933551492794
2023-01-26 19:00:00,11328.084784007344,42990.33521398038,263.5030577831705
2023-01-26 20:00:00,10444.603153033007,40536.781130356096,257.65743756135424
2023-01-26 21:00:00,9374.616036123742,36996.89638713296,253.38925562913195
2023-01-26 22:00:00,8485.105859468415,33510.6920997727,253.20592705770966
2023-01-26 23:00:00,6867.093435121378,30302.335242613586,226.6192813240452
2023-01-27 00:00:00,6812.067604047822,30078.65045643727,226.47517427398208
2023-01-27 01:00:00,6550.619807753866,30254.977001083626,216.51379234296712
2023-01-27 02:00:00,6332.394686075643,30222.26775513024,209.52744967328658
2023-01-27 03:00:00,6281.2037362854735,29745.008255603956,211.16833057533597
2023-01-27 04:00:00,6268.620310880787,28887.8226620665,216.998712025199
2023-01-27 05:00:00,6624.492668888279,28077.114770122076,235.93922392402132
2023-01-27 06:00:00,8913.19494828085,33291.60642051975,267.7309960863612
2023-01-27 07:00:00,10839.338588251245,38410.834236837276,282.1948235077893
2023-01-27 08:00:00,11418.081547600668,40935.42198839622,278.92912770845015
2023-01-27 09:00:00,11252.340012473956,41413.70166282602,271.7057292797939
2023-01-27 10:00:00,11435.599809744775,43068.181084638985,265.5231663318022
2023-01-27 11:00:00,11120.329934640635,43395.84958166468,256.25330629174084
2023-01-27 12:00:00,10837.37560979609,43484.23151856331,249.22541416351447
2023-01-27 13:00:00,10621.662443955393,42251.84548293668,251.38931382878715
2023-01-27 14:00:00,10107.413851428853,40844.20343260425,247.46262632118123
2023-01-27 15:00:00,10210.986658511343,40576.933328591906,251.64510525777783
2023-01-27 16:00:00,10920.573742139615,42059.857233614086,259.6436236453017
2023-01-27 17:00:00,11877.103657106838,44432.25036364261,267.3081727777053
2023-01-27 18:00:00,11592.5500893895,43220.06796255153,268.2214683103688
2023-01-27 19:00:00,10683.916314370788,41150.057762977216,259.63308182724177
2023-01-27 20:00:00,9967.248497646042,38500.99468639915,258.88288286658394
2023-01-27 21:00:00,9231.494596717703,35636.31830502283,259.047371776802
2023-01-27 22:00:00,8519.54928885351,32712.735843137,260.43524239935675
2023-01-27 23:00:00,7206.833139060704,30229.344059930343,238.4052106712272
2023-01-28 00:00:00,7050.654480025155,29790.353853234326,236.67575466746825
2023-01-28 01:00:00,7039.573582143234,29678.81102079554,237.19190021496144
2023-01-28 02:00:00,6566.276065466759,28552.515503588304,229.97189388239892
2023-01-28 03:00:00,6307.478558119647,27847.859343435604,226.49778858519218
2023-01-28 04:00:00,6231.343298588313,27083.907377472435,230.07549138834204
2023-01-28 05:00:00,6231.608011948287,26897.838174977875,231.67690917797756
2023-01-28 06:00:00,7097.274674084804,28512.817471953313,248.9152354398527
2023-01-28 07:00:00,8541.545520002826,31543.374659161163,270.7873083428028
2023-01-28 08:00:00,9333.157875770674,33766.90358398585,276.3995772534198
2023-01-28 09:00:00,9695.853435128738,36618.78272020335,264.7781470294296
2023-01-28 10:00:00,10156.221614674954,38375.95172875282,264.65067723820124
2023-01-28 11:00:00,9925.17510134378,38501.2058461264,257.788681762609
2023-01-28 12:00:00,9647.330780438164,38592.17559415854,249.98152169214373
2023-01-28 13:00:00,9178.069912216519,38017.031854985355,241.41994954329803
2023-01-28 14:00:00,9238.68217737697,37319.93456476938,247.55354705520935
2023-01-28 15:00:00,9480.400012728545,37059.379445279345,255.81648032523023
2023-01-28 16:00:00,10203.94726654488,38536.51653074949,264.7864463411692
2023-01-28 17:00:00,11185.390568070028,41682.37134604941,268.34822988376266
2023-01-28 18:00:00,11052.156248588573,40931.343222212665,270.0169449262241
2023-01-28 19:00:00,10284.937997330167,38387.180461500524,267.92637212949757
2023-01-28 20:00:00,9606.163985519825,36096.59143241603,266.12385281600706
2023-01-28 21:00:00,8474.713549381795,33963.11795514648,249.5269592318926
2023-01-28 22:00:00,7146.581219902693,31185.27568795351,229.16524103916547
2023-01-28 23:00:00,5581.822132010047,28512.09559967254,195.77032184453518
2023-01-29 00:00:00,4925.7483792525,27645.949862278794,178.1725136517513
2023-01-29 01:00:00,4709.155616052084,27365.942036995002,172.0808883423765
2023-01-29 02:00:00,4334.432297253451,26834.530372804948,161.52443277509772
2023-01-29 03:00:00,3999.4384689801554,26273.753797473913,152.22181420321755
2023-01-29 04:00:00,3825.5231517949937,25476.881867725788,150.15664678498908
2023-01-29 05:00:00,4019.83213598094,25353.89149344035,158.54892086372482
2023-01-29 06:00:00,4257.389808557354,25855.451757314826,164.66120369963699
2023-01-29 07:00:00,4751.256068534246,27557.527717352386,172.4122757769189
2023-01-29 08:00:00,5191.8752810928,29777.005687244568,174.3585414740616
2023-01-29 09:00:00,6039.785179272671,32989.480599142866,183.08215435891393
2023-01-29 10:00:00,6372.143449417139,35241.39325823665,180.81417504479157
2023-01-29 11:00:00,6605.496149592567,36183.909225854826,182.55341368346902
2023-01-29 12:00:00,6180.377675232003,36956.662660600145,167.23311117107346
2023-01-29 13:00:00,6144.485141812283,36959.72161794478,166.24814454308543
2023-01-29 14:00:00,6039.591125066231,36384.059314499944,165.9955276804231
2023-01-29 15:00:00,6251.374506485381,36843.29791247812,169.67467248278444
2023-01-29 16:00:00,6948.571831336236,38363.815633180086,181.12306392502202
2023-01-29 17:00:00,7684.327083327886,40744.98382097603,188.59565921270286
2023-01-29 18:00:00,7749.190942584645,39605.335448213176,195.66027796222733
2023-01-29 19:00:00,7159.910326453597,37793.35063773544,189.44894288638852
2023-01-29 20:00:00,6606.325074288849,36182.27330171499,182.5845772375977
2023-01-29 21:00:00,5956.386218258208,34319.729515822895,173.55574482345654
2023-01-29 22:00:00,5489.245321270892,33034.9420790646,166.16482354148332
2023-01-29 23:00:00,4943.8125395561565,31595.925175664688,156.46994073032877
2023-01-30 00:00:00,5055.946646083933,31855.4656358608,158.71520146270532
2023-01-30 01:00:00,5071.638913717904,31902.396108968333,158.97360487891928
2023-01-30 02:00:00,4929.029334131351,31496.922603729214,156.49241026320956
2023-01-30 03:00:00,4937.439521603697,31329.081174160194,157.59924442584776
2023-01-30 04:00:00,4964.054480674363,31217.59630913064,159.01462852930985
2023-01-30 05:00:00,5156.435838128322,31687.155268775135,162.72952855473048
2023-01-30 06:00:00,6395.964029228444,34763.780079478696,183.98356032070362
2023-01-30 07:00:00,8533.72482347453,40455.681253505005,210.94008453349636
2023-01-30 08:00:00,8970.818487641765,41582.52870990692,215.73528031989295
2023-01-30 09:00:00,9109.198234198831,42879.577017461364,212.43675585907474
2023-01-30 10:00:00,9193.874698621967,43771.56809169485,210.04215977280464
2023-01-30 11:00:00,8446.887408451412,42875.14901682928,197.01126648296554
2023-01-30 12:00:00,7895.451406047849,42368.71983806332,186.3509550495012
2023-01-30 13:00:00,7585.976399558506,41321.97734534691,183.58212474100614
2023-01-30 14:00:00,7533.8397504715085,39902.90527024746,188.80429130279182
2023-01-30 15:00:00,7924.323156628146,39657.30988053939,199.81998729865347
2023-01-30 16:00:00,8260.200580627132,40314.66237880103,204.89320989503452
2023-01-30 17:00:00,9727.06710227166,42751.63575277421,227.52502754565262
2023-01-30 18:00:00,10441.06863212918,42635.046333000326,244.89403742121883
2023-01-30 19:00:00,9767.572426146537,40635.197203020514,240.37221666099086
2023-01-30 20:00:00,9426.067501145,39595.20936436966,238.0608071648988
2023-01-30 21:00:00,8173.103062825687,36608.706341305035,223.25571918951152
2023-01-30 22:00:00,7263.958161797966,34311.03273647729,211.709108775248
2023-01-30 23:00:00,5644.296525800811,30777.556399063164,183.39001487371547
2023-01-31 00:00:00,5720.852502440757,31705.637157054287,180.43644649380298
2023-01-31 01:00:00,5832.833209696446,32446.802569810847,179.7660400326604
2023-01-31 02:00:00,5577.052696499452,32073.221510944608,173.88501789869622
2023-01-31 03:00:00,5571.4528626751735,32329.461936084692,172.33360931555032
2023-01-31 04:00:00,5580.356193914704,32361.4899864338,172.4381725394608
2023-01-31 05:00:00,5948.918050489524,33491.89576180084,177.62261332708906
2023-01-31 06:00:00,7179.595428966046,36751.459592956446,195.35538203065116
2023-01-31 07:00:00,8874.714845660688,41268.989002189555,215.04560834261858
2023-01-31 08:00:00,9253.380238625365,42544.879782878364,217.49691821550914
2023-01-31 09:00:00,9533.094349456207,43898.762650758836,217.16088959722464
2023-01-31 10:00:00,9642.353904128673,44998.59804826186,214.2812070230958
2023-01-31 11:00:00,9400.443049950967,45026.66754214098,208.7750118560958
2023-01-31 12:00:00,8464.747526982113,43835.479273194636,193.1026571929898
2023-01-31 13:00:00,7861.076286188133,42510.822582974484,184.91941130625125
2023-01-31 14:00:00,7313.21668667022,40957.02874273781,178.55828196440993
2023-01-31 15:00:00,7997.760436032456,41674.04743917955,191.9122554079885
2023-01-31 16:00:00,9121.146076378098,43115.264156717145,211.55259638962616
2023-01-31 17:00:00,10301.936790813548,45495.79185791026,226.43713561438696
2023-01-31 18:00:00,10404.608971650676,45061.845062383196,230.8962040335151
2023-01-31 19:00:00,9668.017663654862,43139.04145863893,224.11294587814183
2023-01-31 20:00:00,8499.419397316162,40280.769439242235,211.00439528932827
2023-01-31 21:00:00,7054.427588742413,36666.890494155414,192.39230525606925
2023-01-31 22:00:00,6321.738969575552,34847.789751716664,181.41004105616574
2023-01-31 23:00:00,5612.76175491487,33083.835548112605,169.65269177306956
2023-02-01 00:00:00,5543.462941074939,32827.47980864064,168.8665402701984
2023-02-01 01:00:00,5618.077370038928,32865.15379498531,170.94328555663586
2023-02-01 02:00:00,5384.083285600881,32210.775581174752,167.15161893672476
2023-02-01 03:00:00,5092.641080727541,31338.847651699427,162.50249968752055
2023-02-01 04:00:00,5316.876538272043,31993.23145482191,166.1875433177195
2023-02-01 05:00:00,5564.215666510584,32743.29024139318,169.93453087608324
2023-02-01 06:00:00,6318.575800171666,34871.35231543752,181.1967526528771
2023-02-01 07:00:00,6971.220415874202,37011.932416133444,188.3506199431905
2023-02-01 08:00:00,7439.5908898564285,38507.964097674616,193.19616251293027
2023-02-01 09:00:00,7573.877048817662,40508.57470971597,186.96972438778673
2023-02-01 10:00:00,7227.997358392558,41226.346032967565,175.3247147494597
2023-02-01 11:00:00,6222.827381419918,41088.528540628504,151.4492633939607
2023-02-01 12:00:00,5905.131322375401,40528.65586701136,145.70261944418277
2023-02-01 13:00:00,5856.579603861753,39972.94487699151,146.51358867564468
2023-02-01 14:00:00,6032.875229123673,39182.9670334454,153.96677908475368
2023-02-01 15:00:00,6323.955669698066,39137.65644741295,161.58237982887928
2023-02-01 16:00:00,7040.192995823617,39937.4695947414,176.28039701219842
2023-02-01 17:00:00,7706.937467122269,42570.616243617835,181.03889835697854
2023-02-01 18:00:00,7639.652212279774,42052.56864143729,181.6690979668695
2023-02-01 19:00:00,7186.111823701406,40009.96156629114,179.60806615110047
2023-02-01 20:00:00,6298.779828650717,37511.50209402644,167.9159584935356
2023-02-01 21:00:00,5078.55054183105,34173.02951239509,148.61282755129977
2023-02-01 22:00:00,4296.645816618573,30882.15233505018,139.13038735133844
2023-02-01 23:00:00,3965.16457443645,28193.100728035963,140.64308189036427
2023-02-02 00:00:00,4231.733710664329,28657.047143260617,147.6681700493877
2023-02-02 01:00:00,4430.366322870987,28915.629149212742,153.21701284827856
2023-02-02 02:00:00,4345.334506693482,28673.278688731276,151.54648179111854
2023-02-02 03:00:00,4477.941101916658,28854.162318011044,155.1922059827564
2023-02-02 04:00:00,4752.129568074923,29391.494968966912,161.6838331324239
2023-02-02 05:00:00,4972.771032188338,30066.283174052296,165.39360729762308
2023-02-02 06:00:00,6159.47656454719,33494.17844626741,183.89692926573636
2023-02-02 07:00:00,7621.579516134684,37751.59426535168,201.8876199654898
2023-02-02 08:00:00,7697.663165809666,38745.95402429455,198.67011561989324
2023-02-02 09:00:00,7999.834633363151,40096.499698794316,199.5145385122907
2023-02-02 10:00:00,8029.5381681290755,40527.86365944803,198.12389410901494
2023-02-02 11:00:00,7972.508962859763,40927.745645913456,194.7947251195791
2023-02-02 12:00:00,7262.22658181921,40196.080664640365,180.67001711954558
2023-02-02 13:00:00,7043.57024593362,39930.054870542925,176.39771016517636
2023-02-02 14:00:00,7306.038329790785,39978.97183413805,182.74702911574522
2023-02-02 15:00:00,7700.599747077567,40275.09419568755,191.20004312496698
2023-02-02 16:00:00,7844.485257038085,40459.813396211386,193.88337707391983
2023-02-02 17:00:00,8414.334075212158,42320.37998391039,198.82463433483278
2023-02-02 18:00:00,8765.977667646303,42379.64004655752,206.8440802710017
2023-02-02 19:00:00,8190.336708013635,40914.84784621213,200.18006027540176
2023-02-02 20:00:00,6901.599875989541,37699.12475710462,183.07055987258417
2023-02-02 21:00:00,6004.286287633867,34792.166671560364,172.57580835119015
2023-02-02 22:00:00,5620.380889107026,33543.827589661945,167.55335610057816
2023-02-02 23:00:00,5405.828634697204,32940.707669795265,164.10784761779837
2023-02-03 00:00:00,5631.646422459744,33609.84990849463,167.55940409708253
2023-02-03 01:00:00,5429.260744189025,32989.90683588549,164.57338819408935
2023-02-03 02:00:00,5228.866504145165,32325.242496894658,161.75799778292392
2023-02-03 03:00:00,4796.245901282421,31129.010998616744,154.07639842767725
2023-02-03 04:00:00,4639.903645585622,30670.11546893574,151.2841922713057
2023-02-03 05:00:00,4855.906502960586,31119.05770136306,156.04285160433668
2023-02-03 06:00:00,5296.031359662571,31883.542428863984,166.10548754043415
2023-02-03 07:00:00,6407.284211232498,34621.38668961418,185.06723224793805
2023-02-03 08:00:00,6575.8098404488055,36363.848295340154,180.8337166914059
2023-02-03 09:00:00,6558.125897600031,38104.78629310124,172.10766771279228
2023-02-03 10:00:00,6399.003521335039,38443.93475205495,166.45027525422572
2023-02-03 11:00:00,6076.31219507755,38488.22499021338,157.8745758377428
2023-02-03 12:00:00,6167.57690043463,38635.63060269929,159.63443081484814
2023-02-03 13:00:00,5996.5789670724835,37976.82101401614,157.9010250715646
2023-02-03 14:00:00,5732.7755822885865,36655.4993786004,156.39605733036063
2023-02-03 15:00:00,6068.783830312872,36565.06389969612,165.97219266348137
2023-02-03 16:00:00,6735.197500168239,37776.968396209944,178.28845950602965
2023-02-03 17:00:00,8169.522166658058,40667.00415640415,200.88822218716444
2023-02-03 18:00:00,8550.02583371122,40573.32030995579,210.73024757141292
2023-02-03 19:00:00,8230.437781824567,38696.98956240811,212.68935581025045
2023-02-03 20:00:00,7421.200033288643,36208.59030940343,204.9568892319275
2023-02-03 21:00:00,6157.91377784675,32922.215624382756,187.04433043340177
2023-02-03 22:00:00,4935.5116406710995,29843.706404469394,165.37864210900952
2023-02-03 23:00:00,3825.1944353009794,26872.969689868583,142.3435697448474
2023-02-04 00:00:00,3667.9684349778254,26399.950651790754,138.93845800537588
2023-02-04 01:00:00,3515.19748849669,25715.282079210574,136.69682788891274
2023-02-04 02:00:00,3455.744447329405,24944.554247763583,138.5370294856735
2023-02-04 03:00:00,3300.850609613534,24289.987131825914,135.89346884785294
2023-02-04 04:00:00,3309.6711920896432,23959.540395754873,138.13583805956677
2023-02-04 05:00:00,3451.0372782278187,23933.64622244032,144.19187307081137
2023-02-04 06:00:00,4179.645083652764,25492.12840561315,163.9582626114672
2023-02-04 07:00:00,4941.6179002853805,28023.070719668707,176.3410566143624
2023-02-04 08:00:00,5840.327601253135,30864.61115082935,189.22407843444358
2023-02-04 09:00:00,6462.820038939298,33440.71445474633,193.26202039388582
2023-02-04 10:00:00,6575.505590276499,34684.61589734641,189.57988780206057
2023-02-04 11:00:00,6282.594818859794,35192.148899339714,178.5226255103072
2023-02-04 12:00:00,5959.771729112908,35644.881007560354,167.1985306347026
2023-02-04 13:00:00,5639.924193705603,35518.999505606975,158.78612213768278
2023-02-04 14:00:00,5587.719430943087,35140.396560293346,159.011279834471
2023-02-04 15:00:00,5938.605694989296,35136.843500835894,169.0136364937852
2023-02-04 16:00:00,6290.007486141647,36162.32001670363,173.93816224280545
2023-02-04 17:00:00,7066.7091006454675,38698.139055561034,182.61108345544488
2023-02-04 18:00:00,7093.504501812084,38602.25038803199,183.7588335008394
2023-02-04 19:00:00,6419.79007674605,36559.24616729111,175.59962936242704
2023-02-04 20:00:00,5378.677301927444,34030.020832456445,158.05683247767752
2023-02-04 21:00:00,4722.1041632294655,31852.02694387841,148.25129250171625
2023-02-04 22:00:00,4169.986443374527,29435.42842031907,141.6655597407923
2023-02-04 23:00:00,3752.2307943330293,27799.29067353377,134.97577468425584
2023-02-05 00:00:00,3634.0940073801294,27660.238289133693,131.3833224932043
2023-02-05 01:00:00,3442.3787650492645,27440.33526819619,125.44958840350026
2023-02-05 02:00:00,3411.0288720964486,26426.557268329856,129.07579437841864
2023-02-05 03:00:00,3364.912206868724,25772.423671218792,130.56250548241883
2023-02-05 04:00:00,3382.6875829007686,25394.90037055962,133.20342011746294
2023-02-05 05:00:00,3365.9006650438996,25315.400402297742,132.95861853081317
2023-02-05 06:00:00,3668.8889959371636,26088.586297482358,140.6319588996367
2023-02-05 07:00:00,4164.234787902627,27533.83051720097,151.2406632016254
2023-02-05 08:00:00,5053.727401791134,29815.8633520432,169.4979394733782
2023-02-05 09:00:00,5577.424299137974,32698.687813757326,170.5702788719058
2023-02-05 10:00:00,6054.219618853941,34534.22490415133,175.31071381092931
2023-02-05 11:00:00,5899.168555108447,35274.13516477138,167.2377941387491
2023-02-05 12:00:00,5878.376490618992,35862.65097603133,163.91360735010312
2023-02-05 13:00:00,5591.50286261028,35296.81949173891,158.41378750623554
2023-02-05 14:00:00,5434.205864002245,35041.87682755252,155.07747746346365
2023-02-05 15:00:00,6353.785011180471,35989.38010943469,176.5461086537251
2023-02-05 16:00:00,8185.750593419153,38472.29643985139,212.77000207713033
2023-02-05 17:00:00,9823.382308157683,41244.94199065015,238.17180565763806
2023-02-05 18:00:00,9863.00410456606,40916.264511564565,241.05338603865908
2023-02-05 19:00:00,8827.246667177187,38128.08542130457,231.51560246570492
2023-02-05 20:00:00,7988.988162712439,35900.47011704114,222.53157512052317
2023-02-05 21:00:00,7057.561279012678,33797.9774928134,208.8160831669101
2023-02-05 22:00:00,6179.166308197054,30844.342680277125,200.33386259024456
2023-02-05 23:00:00,5237.072166529844,28045.26391482057,186.73641946946714
2023-02-06 00:00:00,5139.679429628325,28166.21017469703,182.47678327152192
2023-02-06 01:00:00,5092.343903535197,27923.8065566801,182.36567758764164
2023-02-06 02:00:00,4902.799817001132,27288.24554623256,179.6670954420526
2023-02-06 03:00:00,4820.380526002184,26692.70142999581,180.58796104411155
2023-02-06 04:00:00,4835.313179297359,26380.678140352647,183.28995007528349
2023-02-06 05:00:00,5568.028287151833,27236.410178455244,204.43326600934722
2023-02-06 06:00:00,7553.7938063960055,31964.47829675851,236.31838243272782
2023-02-06 07:00:00,8921.748958246237,36976.50272525033,241.28157885937108
2023-02-06 08:00:00,10025.336709613468,40175.04633410988,249.54138512347257
2023-02-06 09:00:00,10275.71148688825,42580.60478560718,241.3237561708278
2023-02-06 10:00:00,9946.46813887655,42321.17770305202,235.02342511983673
2023-02-06 11:00:00,9828.878786601692,42147.23286886292,233.20341853006832
2023-02-06 12:00:00,9582.65084600343,42199.75550958119,227.078349869296
2023-02-06 13:00:00,9160.636911874313,41430.22237091147,221.11001070334777
2023-02-06 14:00:00,9125.537909600413,41108.460487335156,221.9868562679899
2023-02-06 15:00:00,8889.297612890196,39185.14531681599,226.85376157263923
2023-02-06 16:00:00,9135.152724564552,39432.0964198355,231.66794449126226
2023-02-06 17:00:00,10521.063912664838,41868.61979917863,251.28757439649917
2023-02-06 18:00:00,10950.490881393198,42011.109455922175,260.65702675342084
2023-02-06 19:00:00,10383.62217663963,40652.04171167988,255.42683071822876
2023-02-06 20:00:00,10231.195489471504,38910.12748971951,262.9442808218683
2023-02-06 21:00:00,9302.173953709615,36259.40791040533,256.5451144898639
2023-02-06 22:00:00,8090.088491445724,33066.35853918582,244.662214070486
2023-02-06 23:00:00,7518.4828096289075,31881.324054349952,235.82718198314822
2023-02-07 00:00:00,7035.010452083287,30458.0027733363,230.97412211945533
2023-02-07 01:00:00,6803.294006524741,29744.187009190427,228.72684348113611
2023-02-07 02:00:00,6528.85982577164,29106.0084401064,224.3131289955667
2023-02-07 03:00:00,6301.041545473475,28138.25926820095,223.93146233442673
2023-02-07 04:00:00,6117.2678698048885,27016.209986740345,226.42953518673664
2023-02-07 05:00:00,7181.253253910676,29328.5417288771,244.8554490126579
2023-02-07 06:00:00,8603.734083806297,33138.10665537911,259.63263904245133
2023-02-07 07:00:00,9821.839799620804,37222.11427594146,263.87108821406093
2023-02-07 08:00:00,10621.128608124916,40627.49810856141,261.42709008918104
2023-02-07 09:00:00,10968.481076892851,42195.158311361054,259.9464373603164
2023-02-07 10:00:00,10969.897731074765,42821.29005621074,256.1785905252919
2023-02-07 11:00:00,10602.071543539472,40118.91081046945,264.2661859297723
2023-02-07 12:00:00,9890.868478546945,41102.59903922194,240.63851702196825
2023-02-07 13:00:00,9462.068249019745,39868.42932700786,237.3323556694496
2023-02-07 14:00:00,9003.366932573206,38439.60575278031,234.22110493217008
2023-02-07 15:00:00,9221.72572517104,38620.572464488825,238.77755135945515
2023-02-07 16:00:00,10159.144975850688,39945.18506011505,254.3271475789084
2023-02-07 17:00:00,11497.601380343274,42435.849437816905,270.9407619421218
2023-02-07 18:00:00,11858.008910310426,42938.78942427168,276.1607644114797
2023-02-07 19:00:00,11122.735784333445,42071.280349139,264.37835245394604
2023-02-07 20:00:00,10020.382887321739,39354.68290049909,254.61729453281058
2023-02-07 21:00:00,9215.680320631189,36186.018086085634,254.6751703574379
2023-02-07 22:00:00,8467.539943819853,32954.96670166022,256.9427552598095
2023-02-07 23:00:00,7305.750971866751,30067.30601846685,242.9798987438275
2023-02-08 00:00:00,6892.1748699800955,29695.77582333131,232.09277006209976
2023-02-08 01:00:00,6892.595037921931,29391.93845813286,234.50631021632137
2023-02-08 02:00:00,6757.994336001407,28836.103688061197,234.3587888678376
2023-02-08 03:00:00,6908.287032764618,29212.171828364786,236.4865944700738
2023-02-08 04:00:00,7193.895527519959,30374.405545321028,236.8407018463652
2023-02-08 05:00:00,7754.844039195988,32068.441859823946,241.82166608198787
2023-02-08 06:00:00,8961.458368388085,35454.890540251974,252.75662205793958
2023-02-08 07:00:00,10506.76586541024,39816.444001777854,263.8800658577421
2023-02-08 08:00:00,10921.412476949807,41596.10323966152,262.55854818958943
2023-02-08 09:00:00,10866.078370166952,43161.722342736146,251.75265907792593
2023-02-08 10:00:00,10407.079617808376,43191.9245970472,240.94966165318442
2023-02-08 11:00:00,9664.214281212267,42749.268522522776,226.06736010279573
2023-02-08 12:00:00,8825.301393316486,42147.98363325758,209.38846019558414
2023-02-08 13:00:00,8364.314192328251,41691.2992789074,200.62493462658654
2023-02-08 14:00:00,8237.10463820564,41559.769846832336,198.19899553253822
2023-02-08 15:00:00,8856.818188289495,42722.58507023354,207.30997840438218
2023-02-08 16:00:00,9753.509932208091,44143.00279769654,220.95257037468792
2023-02-08 17:00:00,10823.176101659667,45908.36566236917,235.75607507481718
2023-02-08 18:00:00,11014.711308225325,45710.70731729183,240.96567204197663
2023-02-08 19:00:00,9902.115908194417,42769.26059097763,231.52413138241891
2023-02-08 20:00:00,8916.43800745412,40513.02467805704,220.08818344988956
2023-02-08 21:00:00,7400.367635029352,36630.34098977519,202.02835777846164
2023-02-08 22:00:00,6550.409526699829,33685.408520370125,194.4583668248728
2023-02-08 23:00:00,5227.147817367371,30092.389835223934,173.70331322934203
2023-02-09 00:00:00,5096.995615156326,29358.342434967137,173.61319449307769
2023-02-09 01:00:00,5080.716131318578,29392.05296955999,172.8601992035209
2023-02-09 02:00:00,5176.486373623426,29525.065129689898,175.32514664694304
2023-02-09 03:00:00,5078.979925237963,28776.752818005072,176.49593605502776
2023-02-09 04:00:00,5207.555139206952,28630.794796716422,181.8865028435812
2023-02-09 05:00:00,6051.84759915589,30279.26201902376,199.8677377062114
2023-02-09 06:00:00,8171.110252143174,35481.9367527639,230.28929646876387
2023-02-09 07:00:00,9121.68397767454,37998.16724855236,240.0558931700069
2023-02-09 08:00:00,9606.059707699374,39689.223962265976,242.03193584314505
2023-02-09 09:00:00,9381.883474278247,41118.23396404597,228.16844425959107
2023-02-09 10:00:00,9421.7815361528,42236.71178350017,223.0709053405391
2023-02-09 11:00:00,9403.566097521889,42885.921257197704,219.2693038147957
2023-02-09 12:00:00,9021.07328668239,42545.3819550872,212.03413560149573
2023-02-09 13:00:00,8777.791506925707,42361.4884507721,207.21159307530704
2023-02-09 14:00:00,8058.464384751719,40152.92646241823,200.69432279846816
2023-02-09 15:00:00,8084.9615197246985,39543.3016112948,204.45843392640188
2023-02-09 16:00:00,8674.856536087684,39764.834393315374,218.15397117675315
2023-02-09 17:00:00,9789.409432260072,41828.00178146264,234.03961497865643
2023-02-09 18:00:00,9870.704779342852,42093.998893048054,234.49197127652863
2023-02-09 19:00:00,8944.14803910667,40462.20791059167,221.04943108567707
2023-02-09 20:00:00,8511.692485779058,38239.07024352085,222.5915125962369
2023-02-09 21:00:00,8197.578151270425,35609.07272262451,230.21037967276325
2023-02-09 22:00:00,7479.772887292184,32893.620391191595,227.39281351028032
2023-02-09 23:00:00,6087.532209975117,29148.107115161645,208.84828595983285
2023-02-10 00:00:00,5916.54458060753,28757.55307063413,205.73880420477184
2023-02-10 01:00:00,6294.03054094806,29830.205266277088,210.99521390365467
2023-02-10 02:00:00,6404.730719266746,30097.645012619185,212.79840055862854
2023-02-10 03:00:00,6235.591965595548,29742.031420534066,209.65588656094485
2023-02-10 04:00:00,6674.221483919346,31049.445379094162,214.95461198843674
2023-02-10 05:00:00,6808.660491358271,31561.67742021641,215.72555858507937
2023-02-10 06:00:00,8124.9712188150315,35375.18854713739,229.6799410125693
2023-02-10 07:00:00,9143.225272355432,38620.48582713915,236.74547527132248
2023-02-10 08:00:00,9322.05785914738,40723.37117728613,228.91174256091188
2023-02-10 09:00:00,9237.468487634085,42419.57308789303,217.76429641321758
2023-02-10 10:00:00,9100.885201098079,42391.94324999946,214.68431271072237
2023-02-10 11:00:00,8470.54551527309,41917.01131040799,202.07894719750345
2023-02-10 12:00:00,8012.10685640621,41726.26485425982,192.01591334356536
2023-02-10 13:00:00,7728.227463247451,40644.91241962823,190.14009388086018
2023-02-10 14:00:00,7690.129019718804,39835.91161765554,193.04513709962364
2023-02-10 15:00:00,8255.613936728563,39888.19402614779,206.96885728435802
2023-02-10 16:00:00,8954.542547453235,40997.808354554174,218.41515209821048
2023-02-10 17:00:00,9526.20070171149,41943.66767540663,227.11892473096984
2023-02-10 18:00:00,9354.99836538312,41557.79962990389,225.10812527840167
2023-02-10 19:00:00,8797.05651845149,39818.48855500656,220.92894124544557
2023-02-10 20:00:00,7968.645263498307,37561.39612383965,212.14986890332142
2023-02-10 21:00:00,7037.612135687171,35010.159476746005,201.01628329804103
2023-02-10 22:00:00,6397.095896244458,32820.69067881088,194.91045934552616
2023-02-10 23:00:00,4729.043009848389,28457.010231201006,166.18200476532647
2023-02-11 00:00:00,4552.374994939156,27997.26013987051,162.600732078643
2023-02-11 01:00:00,4396.935617549703,27464.697269701843,160.09408639651235
2023-02-11 02:00:00,4200.575571326048,26872.244342246282,156.31651446106628
2023-02-11 03:00:00,3855.4983403429983,26129.174590113897,147.5553055472998
2023-02-11 04:00:00,3713.7015321930717,24940.07087461495,148.90501117112032
2023-02-11 05:00:00,3879.0442007014976,24719.01760997486,156.9255001111447
2023-02-11 06:00:00,4669.006704963011,26104.91490537655,178.85546541281332
2023-02-11 07:00:00,6100.462544454244,29688.131024121332,205.48489696093282
2023-02-11 08:00:00,6729.171150435379,31272.376082772567,215.17940090719128
2023-02-11 09:00:00,6754.379540600863,33582.095341600994,201.13037831304229
2023-02-11 10:00:00,6298.378896851909,34334.97620473742,183.43915135676957
2023-02-11 11:00:00,6070.755034753951,34411.5613758389,176.41614597053302
2023-02-11 12:00:00,6113.638422043001,34432.94797819137,177.55198962096324
2023-02-11 13:00:00,6554.474739211169,34880.71557077468,187.91113175163565
2023-02-11 14:00:00,6789.631091669319,33930.225767410135,200.10568565655512
2023-02-11 15:00:00,6825.813496173965,32943.21436568309,207.1993770979558
2023-02-11 16:00:00,7619.090833117119,34267.521561374015,222.34146170948284
2023-02-11 17:00:00,8995.42927105938,36336.246247535535,247.56077470906848
2023-02-11 18:00:00,9245.065596512723,36634.765623370644,252.35771102122078
2023-02-11 19:00:00,8703.865452625108,34999.609433533995,248.6846451573748
2023-02-11 20:00:00,7817.792227336618,33139.035731165284,235.90886261015893
2023-02-11 21:00:00,7450.253199468731,30851.575484207242,241.48696079662042
2023-02-11 22:00:00,6677.556191197459,28482.057038213392,234.4478203325839
2023-02-11 23:00:00,5309.832531629294,26163.688249588966,202.94663661239397
2023-02-12 00:00:00,5266.381982701989,25862.23489384363,203.63213018205258
2023-02-12 01:00:00,5217.8249617979645,25823.672758697438,202.05588146018448
2023-02-12 02:00:00,5205.88609122324,25390.466534555595,205.03310107115203
2023-02-12 03:00:00,5101.319113419581,24741.958731458482,206.1808916904159
2023-02-12 04:00:00,4900.446323152973,24262.91803589277,201.9726694004247
2023-02-12 05:00:00,4847.08110152099,23701.380190494958,204.50628033319472
2023-02-12 06:00:00,4904.392782792092,23769.457671435353,206.33170729367896
2023-02-12 07:00:00,5539.563347365362,25421.64888760082,217.90731875253118
2023-02-12 08:00:00,6488.7603599972745,28058.47900254175,231.25844987568547
2023-02-12 09:00:00,6958.416448769328,30999.45316724777,224.4690063152852
2023-02-12 10:00:00,7303.042727784458,32533.97688293478,224.4743319902942
2023-02-12 11:00:00,7258.158576094643,33612.90718332246,215.93367501683656
2023-02-12 12:00:00,7201.55415011069,34473.57742505383,208.90069113851027
2023-02-12 13:00:00,7292.849391457493,34341.891312699096,212.36015585317256
2023-02-12 14:00:00,7295.979056674107,33806.05213442044,215.81872463734183
2023-02-12 15:00:00,7718.584153837526,34347.582560804905,224.7198660975181
2023-02-12 16:00:00,8708.757443207734,35949.1598254288,242.25204387245668
2023-02-12 17:00:00,9739.867306683225,37975.9489079761,256.47462635588175
2023-02-12 18:00:00,9754.50802467947,37899.96633847027,257.3751105097468
2023-02-12 19:00:00,9005.577760290653,35893.7600106537,250.89535778970185
2023-02-12 20:00:00,8312.129776430129,33814.30361170282,245.8169735470577
2023-02-12 21:00:00,7362.708211572837,31359.273681640643,234.7856741300533
2023-02-12 22:00:00,6811.631300292031,28870.73125295453,235.93553071486375
2023-02-12 23:00:00,6097.4525027422005,26829.182815777793,227.26940826376534
2023-02-13 00:00:00,5897.550876125881,26713.691197344957,220.7688496718129
2023-02-13 01:00:00,5754.964740593414,26419.69434858432,217.82858895571553
2023-02-13 02:00:00,5680.9696711158895,25738.675157771613,220.71725278371838
2023-02-13 03:00:00,5715.56572195606,25134.0562270651,227.40323608416887
2023-02-13 04:00:00,5964.316623279453,25465.33972603699,234.21311820086376
2023-02-13 05:00:00,7115.5051229350975,28220.926490389724,252.13577326591997
2023-02-13 06:00:00,8288.903863621626,30975.434306914754,267.5960498726975
2023-02-13 07:00:00,9151.160943317604,33641.36168994626,272.0211217268424
2023-02-13 08:00:00,10129.445522336924,36986.03337171564,273.8721781958707
2023-02-13 09:00:00,10140.903363176898,38950.582479153156,260.35306066615146
2023-02-13 10:00:00,9926.965696681274,39638.54500658909,250.437186708824
2023-02-13 11:00:00,9798.86510389265,39617.03729621197,247.33967435847555
2023-02-13 12:00:00,9591.879872611571,39752.55329785931,241.28965505036118
2023-02-13 13:00:00,9419.044192665351,38783.07864120615,242.86478852810382
2023-02-13 14:00:00,8987.98406920997,37308.418541270454,240.91034733266676
2023-02-13 15:00:00,9161.975925044304,37009.96984948584,247.55426611544746
2023-02-13 16:00:00,9469.870513170627,37397.53221647459,253.22180240007657
2023-02-13 17:00:00,10491.975158449293,39317.84832771044,266.8501864852751
2023-02-13 18:00:00,11240.005837103543,40672.01211742,276.35726023717916
2023-02-13 19:00:00,10732.754808254162,39803.77359341536,269.64164046068373
2023-02-13 20:00:00,10110.570170213516,37321.72092691716,270.9031073355884
2023-02-13 21:00:00,8989.49837191146,34576.45217574667,259.98903317839705
2023-02-13 22:00:00,8180.291491413237,32224.078433282542,253.8564914540503
2023-02-13 23:00:00,6451.3037697384825,28012.42496988672,230.30151001470298
2023-02-14 00:00:00,6201.856604917344,27683.449232259965,224.0275968823358
2023-02-14 01:00:00,6184.327377169257,27509.484994746763,224.8070939296109
2023-02-14 02:00:00,6154.542516446549,27421.98365613529,224.4382679831973
2023-02-14 03:00:00,6295.425222729874,27016.446911282823,233.02195301265647
2023-02-14 04:00:00,6301.9052293050445,26985.73297024435,233.52729519164075
2023-02-14 05:00:00,6871.868232510738,28432.28871130637,241.69240479673644
2023-02-14 06:00:00,8464.70512883472,32813.57704250799,257.96349839791037
2023-02-14 07:00:00,9426.02770994426,35690.49371185135,264.10471611980705
2023-02-14 08:00:00,9598.4850258276,38207.30261963939,251.22121604297104
2023-02-14 09:00:00,9599.40396727713,39902.98521433404,240.5685668807759
2023-02-14 10:00:00,9196.269687432574,39848.64275906391,230.779997778991
2023-02-14 11:00:00,8801.234620674419,40253.20683781829,218.64679393457843
2023-02-14 12:00:00,8240.997957395375,39787.70475670334,207.12423618773715
2023-02-14 13:00:00,8110.489748710749,39166.810065158636,207.07557585664975
2023-02-14 14:00:00,8216.922820363083,38537.635047309624,213.2181388472804
2023-02-14 15:00:00,8467.446942773766,37633.218115978474,224.9992790060816
2023-02-14 16:00:00,8791.802220012958,37668.05818122427,233.4020558669322
2023-02-14 17:00:00,10196.992021258497,40504.35474610211,251.75051140000676
2023-02-14 18:00:00,10636.839210595059,41740.1416402825,254.83476559000644
2023-02-14 19:00:00,9782.589089443769,40360.04236931739,242.38302328643525
2023-02-14 20:00:00,8990.651756133364,37871.436192723086,237.399281885721
2023-02-14 21:00:00,8147.25873414699,34695.7981211958,234.8197526884328
2023-02-14 22:00:00,7109.374501882336,31901.344441771613,222.85501210956247
2023-02-14 23:00:00,5455.85230735381,28786.261950691074,189.52972486317665
2023-02-15 00:00:00,5152.542479596096,28434.20836658293,181.20928190325773
2023-02-15 01:00:00,5198.675973737493,28994.48999805991,179.2987555251135
2023-02-15 02:00:00,5013.208460549626,28318.36159528619,177.03031454277755
2023-02-15 03:00:00,4841.699718247775,27773.966951730403,174.32510547241515
2023-02-15 04:00:00,4970.4774887142685,27708.76162072801,179.3828810088726
2023-02-15 05:00:00,5739.459320928233,29593.771772215434,193.94146055815744
2023-02-15 06:00:00,6615.972496160183,32398.431565954706,204.20656730532772
2023-02-15 07:00:00,7387.378312724306,35533.71341951877,207.89772871490538
2023-02-15 08:00:00,8078.625652152911,38935.299321090846,207.48846915315232
2023-02-15 09:00:00,7851.0720028040905,40429.81003149207,194.19017790804955
2023-02-15 10:00:00,7736.480589239716,40278.90361205987,192.07276999772515
2023-02-15 11:00:00,7252.291282628698,39685.58236152725,182.74372835358344
2023-02-15 12:00:00,7147.1320694754395,39755.52433184001,179.77707977935876
2023-02-15 13:00:00,7370.950268958112,39142.31975453939,188.31153378699003
2023-02-15 14:00:00,7449.521871233842,38613.08023471307,192.92741801356578
2023-02-15 15:00:00,7378.986309124348,37546.65498764724,196.5284606991493
2023-02-15 16:00:00,7839.91902573999,38366.46758685621,204.3429984267259
2023-02-15 17:00:00,8821.90591121694,40963.9773696371,215.3576502499443
2023-02-15 18:00:00,9257.738585210833,41606.8723325663,222.5050350147244
2023-02-15 19:00:00,8231.826283393748,39393.19776828302,208.9656780801255
2023-02-15 20:00:00,7524.170348659117,36469.05039356182,206.31659633197964
2023-02-15 21:00:00,6570.854000923482,32912.29978567133,199.64736720659562
2023-02-15 22:00:00,5702.230653387354,29823.485772507487,191.1993352113087
2023-02-15 23:00:00,4044.4310629749393,26796.552415798724,150.93102277554263
2023-02-16 00:00:00,4049.5902097100193,26864.146134188893,150.74330631920856
2023-02-16 01:00:00,3975.1801170635927,26898.425175795976,147.7848643957261
2023-02-16 02:00:00,3790.7287571662787,26395.812833764234,143.61098788810034
2023-02-16 03:00:00,3837.8037855093244,25938.81609746515,147.95601198947435
2023-02-16 04:00:00,4144.302111112245,25431.481605709716,162.9595229788654
2023-02-16 05:00:00,4812.360066727357,25338.583322114202,189.92222278375675
2023-02-16 06:00:00,6433.052763611227,29533.20872745865,217.82437604316473
2023-02-16 07:00:00,8222.219788812785,33785.27476574944,243.3669652184756
2023-02-16 08:00:00,9373.315721928362,37517.37462098175,249.83932955389412
2023-02-16 09:00:00,9842.504491603859,39145.79842289082,251.43195152837595
2023-02-16 10:00:00,9928.883058464102,39333.73591387018,252.42664668836855
2023-02-16 11:00:00,10046.977367243453,40174.74105431571,250.08194461440524
2023-02-16 12:00:00,9596.678243834893,39982.240741572874,240.02352208980687
2023-02-16 13:00:00,8540.887961953491,38660.40629315491,220.92080194888467
2023-02-16 14:00:00,8139.245112269236,37947.5145011538,214.48690959777517
2023-02-16 15:00:00,8184.1189433773925,37244.801956037554,219.73855447097387
2023-02-16 16:00:00,8260.89346540458,37640.96118060924,219.4655292081166
2023-02-16 17:00:00,8754.097072584587,39787.60233182132,220.02072403300457
2023-02-16 18:00:00,8867.587231344773,40019.11959879952,221.5837659659754
2023-02-16 19:00:00,7475.597179784293,38268.11796123213,195.34791826860982
2023-02-16 20:00:00,6223.642548697957,35750.08974235083,174.08746645257253
2023-02-16 21:00:00,5504.648055775182,33113.73839589018,166.234569771753
2023-02-16 22:00:00,5281.919765161293,30691.701670613227,172.0960219751725
2023-02-16 23:00:00,5157.65053506873,30741.167151550548,167.77666604661053
2023-02-17 00:00:00,5587.572608862826,31877.655934302507,175.28179049232477
2023-02-17 01:00:00,5299.383963794864,31225.54339287328,169.7131062578838
2023-02-17 02:00:00,5262.294684458881,31117.05402446885,169.11288196886773
2023-02-17 03:00:00,5205.511275868819,31115.07991997235,167.2986631966666
2023-02-17 04:00:00,5262.906225869253,30958.450629687282,169.99901864670332
2023-02-17 05:00:00,5345.4291266307,31181.712857021987,171.42833529194445
2023-02-17 06:00:00,5707.192585879968,32512.454674075514,175.53865566572298
2023-02-17 07:00:00,6478.987694816461,34614.223089437415,187.17703638980515
2023-02-17 08:00:00,6657.328256092653,37124.562823760185,179.32408491102498
2023-02-17 09:00:00,6762.874025326857,39170.953710501104,172.65022637204362
2023-02-17 10:00:00,6434.635885037516,39028.50465319899,164.87016200632476
2023-02-17 11:00:00,6398.034237879378,38973.957217140516,164.1617812179863
2023-02-17 12:00:00,5975.89295536663,38667.13162227852,154.5470973575798
2023-02-17 13:00:00,5677.4717003703645,37907.702280956066,149.7709267180404
2023-02-17 14:00:00,5471.677867617599,36336.76466875599,150.58241749085596
2023-02-17 15:00:00,5644.645953146908,35313.534238465654,159.8436994447986
2023-02-17 16:00:00,6386.208454525503,35409.294159509125,180.35401738756474
2023-02-17 17:00:00,7680.937216010101,37898.39875700284,202.67181379505706
2023-02-17 18:00:00,8472.037513991618,38061.53620882036,222.58790258781806
2023-02-17 19:00:00,8138.3627502942,36202.53003757381,224.80093910142668
2023-02-17 20:00:00,7461.363231962759,33802.605181329825,220.73337815050687
2023-02-17 21:00:00,6344.846161831594,31451.962182619944,201.7313299879807
2023-02-17 22:00:00,5132.22214768571,28571.39838709819,179.62796493724423
2023-02-17 23:00:00,3612.8135082268955,25672.509368432,140.72693309323952
2023-02-18 00:00:00,3863.4477842416427,25427.63207709142,151.9389525744455
2023-02-18 01:00:00,4466.376770387521,25464.364610761797,175.39714179634126
2023-02-18 02:00:00,4381.274925648404,26763.400381745778,163.70397121274218
2023-02-18 03:00:00,4039.143443561798,26473.975502594272,152.57033999921882
2023-02-18 04:00:00,4133.145320391808,26616.725493132926,155.283764017409
2023-02-18 05:00:00,3724.8931725874427,25679.15449041443,145.0551331033068
2023-02-18 06:00:00,3792.082278853848,26141.46198525413,145.06006898133262
2023-02-18 07:00:00,3688.7769111166876,26612.641264186586,138.60995135724403
2023-02-18 08:00:00,4131.3530773083585,29081.299236840343,142.06219067663724
2023-02-18 09:00:00,4980.112593899327,31463.609702455287,158.28166701135694
2023-02-18 10:00:00,5536.977848511029,32284.718492091433,171.50460363677587
2023-02-18 11:00:00,5618.606701356679,32937.728746322304,170.58269999822105
2023-02-18 12:00:00,5623.030235361765,33058.75995398894,170.09198902765493
2023-02-18 13:00:00,5454.175270886198,32424.729232670452,168.21035672337052
2023-02-18 14:00:00,5189.305180895281,31933.16833386816,162.50517727022816
2023-02-18 15:00:00,5116.855034587018,31242.086564609588,163.7808353166555
2023-02-18 16:00:00,5901.817566538274,32282.74425749356,182.8164767983852
2023-02-18 17:00:00,7229.856830190378,34934.41139763779,206.95516371800812
2023-02-18 18:00:00,7394.748228237621,35317.17974217028,209.38105143791998
2023-02-18 19:00:00,6563.708847515341,33843.610525966564,193.94233491959508
2023-02-18 20:00:00,5885.398957007108,32464.58369610374,181.28675273028216
2023-02-18 21:00:00,5094.444421336238,30264.524786688988,168.33056052401284
2023-02-18 22:00:00,4428.689969265612,27906.94997750127,158.69487610921453
2023-02-18 23:00:00,4123.601121312881,26783.879683703566,153.95832007944142
2023-02-19 00:00:00,4003.3402686028085,26511.953247597037,151.0013325391504
2023-02-19 01:00:00,3762.0321753670614,25995.942955379047,144.71612673656168
2023-02-19 02:00:00,3301.039348166375,24500.758178807588,134.73213049470743
2023-02-19 03:00:00,3106.0472837043117,23524.22777558248,132.03609968988252
2023-02-19 04:00:00,3121.2451607264907,23354.303108703974,133.6475400785231
2023-02-19 05:00:00,3182.874997386816,22677.757197412087,140.3522830621908
2023-02-19 06:00:00,3539.054696171603,23032.05369815864,153.65779980161048
2023-02-19 07:00:00,3809.7318440904987,24684.269875766713,154.33844562810532
2023-02-19 08:00:00,4896.880334661195,27543.605182809617,177.7864699323171
2023-02-19 09:00:00,5717.643767845697,30645.986439853546,186.5707204128431
2023-02-19 10:00:00,5981.290761936373,32347.83435791967,184.90544670641864
2023-02-19 11:00:00,5577.109214313249,33051.94305135718,168.73771099167624
2023-02-19 12:00:00,4995.291834871691,33378.95947689032,149.65391112117038
2023-02-19 13:00:00,4782.256182021657,32713.0393439662,146.18807294968533
2023-02-19 14:00:00,4609.554376121033,32181.78730980588,143.23487790612825
2023-02-19 15:00:00,5030.5022178934905,32359.30576828727,155.45766815626428
2023-02-19 16:00:00,5633.56607701074,33684.81619671747,167.24348573289
2023-02-19 17:00:00,6542.310857914881,35831.50103835173,182.58545325557012
2023-02-19 18:00:00,6944.421974586648,36980.84096415536,187.7843173257663
2023-02-19 19:00:00,6555.254053172122,35182.29659979009,186.32251691071335
2023-02-19 20:00:00,6188.563728328294,33094.368660740416,186.99748563778277
2023-02-19 21:00:00,5873.730769756579,31871.60740031089,184.2935216910109
2023-02-19 22:00:00,5141.712749958625,30105.150353827947,170.79179773320223
2023-02-19 23:00:00,5217.566583519934,30100.97136679996,173.33548874355196
2023-02-20 00:00:00,5265.34682969041,30215.502407582597,174.25978091196885
2023-02-20 01:00:00,5242.225660129214,30209.111926973557,173.5312733721397
2023-02-20 02:00:00,4948.395044719246,29457.087681024168,167.98656738584958
2023-02-20 03:00:00,4794.798095245376,29087.40262283906,164.84105361406733
2023-02-20 04:00:00,4697.248953560891,28882.625252615006,162.63234080965708
2023-02-20 05:00:00,4806.5888224331775,29210.06018784638,164.55251346702414
2023-02-20 06:00:00,5845.010201212943,32154.545314955114,181.77866127357186
2023-02-20 07:00:00,6789.473734732566,34838.53008909284,194.88404698389377
2023-02-20 08:00:00,7303.443560880332,36430.24661337315,200.47746693538213
2023-02-20 09:00:00,7258.299996937691,37965.83645943459,191.17977302285902
2023-02-20 10:00:00,7398.641905983101,38345.39880478791,192.947319276786
2023-02-20 11:00:00,7072.203183054447,38564.428468488506,183.38669763596357
2023-02-20 12:00:00,7016.677885465307,38460.76733830285,182.4372827444199
2023-02-20 13:00:00,6738.022417420953,37620.50074874425,179.10506993041196
2023-02-20 14:00:00,6588.814743782109,36792.8018353247,179.07890715341497
2023-02-20 15:00:00,7002.42456270874,36688.10294676737,190.86363153932797
2023-02-20 16:00:00,7602.111416396888,37748.81303929727,201.38676700861927
2023-02-20 17:00:00,8320.392307813998,39916.33919412172,208.4457762358954
2023-02-20 18:00:00,8276.953629881802,40663.22138915057,203.54889128607485
2023-02-20 19:00:00,7807.928019257703,39034.42293059595,200.02673110193965
2023-02-20 20:00:00,7257.429179913762,36161.06209539364,200.69734569102292
2023-02-20 21:00:00,6657.155109851425,32712.5178135396,203.50482184822994
2023-02-20 22:00:00,5969.55524650779,29635.47583608872,201.4327449818889
2023-02-20 23:00:00,5179.327907317186,26980.100747765846,191.96844206543867
2023-02-21 00:00:00,5007.194375752941,26347.66480124526,190.04319409423667
2023-02-21 01:00:00,4669.924391161437,26170.40023347301,178.44298709610152
2023-02-21 02:00:00,4152.752381072871,25337.90966679985,163.89482935580136
2023-02-21 03:00:00,4095.5953729796092,24705.151615720235,165.77900175174494
2023-02-21 04:00:00,4254.718521477912,24124.311820187773,176.36642044717175
2023-02-21 05:00:00,5176.188349441527,24759.443700116764,209.0591538378189
2023-02-21 06:00:00,6922.308401045277,29051.930117550335,238.273614628568
2023-02-21 07:00:00,7923.839718578004,32782.304315360896,241.7108828699729
2023-02-21 08:00:00,8628.788962160328,35549.753210633964,242.72429997008268
2023-02-21 09:00:00,8738.665109639633,36925.21187394135,236.65849608317708
2023-02-21 10:00:00,8760.989744877314,37297.55901970642,234.89445355521482
2023-02-21 11:00:00,8576.735185100275,37816.94372673111,226.79609560932772
2023-02-21 12:00:00,8487.088274993244,38439.316034438794,220.79186495902889
2023-02-21 13:00:00,8539.950274795247,38390.5017934116,222.4495611115152
2023-02-21 14:00:00,8236.851001622315,37637.60176697264,218.84632959930596
2023-02-21 15:00:00,8418.483313334595,37067.58038846899,227.11175709632838
2023-02-21 16:00:00,8502.655745733262,37018.849485286664,229.6844948980029
2023-02-21 17:00:00,9744.488414767395,39200.27913929544,248.5821180033193
2023-02-21 18:00:00,10201.647168767697,39894.448388686826,255.7159600096302
2023-02-21 19:00:00,9480.641071199767,38561.76725311509,245.85597980948097
2023-02-21 20:00:00,8813.83525632869,36230.810187814044,243.26906328175778
2023-02-21 21:00:00,8466.910502558656,33650.06215630071,251.61648924245134
2023-02-21 22:00:00,7927.228671917034,31620.574981830017,250.69843532169227
2023-02-21 23:00:00,6344.483934902744,27749.76693990608,228.63197188798506
2023-02-22 00:00:00,5949.170895832171,26923.888834870486,220.96254119602142
2023-02-22 01:00:00,5917.775434558783,27298.66881316066,216.77890138385902
2023-02-22 02:00:00,5769.035827672444,26522.442851647862,217.51525151515253
2023-02-22 03:00:00,5649.621506004958,26062.38689607739,216.77298892586364
2023-02-22 04:00:00,5750.764527404655,25986.41112225619,221.29891274133598
2023-02-22 05:00:00,5952.69658438804,27167.918272757615,219.10757109266822
2023-02-22 06:00:00,6735.405296538819,29514.398789294424,228.20743680477446
2023-02-22 07:00:00,7913.763255260385,33736.02622708475,234.57899878281668
2023-02-22 08:00:00,8765.033966001212,36786.62729064694,238.26685433132212
2023-02-22 09:00:00,9217.562632604631,38594.48688552029,238.83107087149375
2023-02-22 10:00:00,9379.407661483316,39041.513391295615,240.24190782456895
2023-02-22 11:00:00,9032.386802294337,38606.53141582532,233.9600702536008
2023-02-22 12:00:00,8607.303512494344,38581.51584668962,223.09396931673098
2023-02-22 13:00:00,7986.543357382221,37692.44369752485,211.88712043912062
2023-02-22 14:00:00,8504.79996121976,37478.56476168706,226.92437704855496
2023-02-22 15:00:00,8831.208426341504,37916.18664668473,232.91394012360882
2023-02-22 16:00:00,9233.497437033759,38354.6775389542,240.73980097097498
2023-02-22 17:00:00,10320.433662454474,40050.58498283746,257.68496682075937
2023-02-22 18:00:00,10865.927903840524,40782.53729493992,266.4357988630764
2023-02-22 19:00:00,9738.416362571123,38908.02643746881,250.29324934335224
2023-02-22 20:00:00,9006.500902395148,36722.09490534889,245.26108670023817
2023-02-22 21:00:00,7709.457698731846,33495.04983213206,230.16707654920705
2023-02-22 22:00:00,6813.268447399317,30042.03830034883,226.79115109576986
2023-02-22 23:00:00,5071.72700526821,27157.40624542121,186.75299693332502
2023-02-23 00:00:00,4646.012559260522,26983.856695011727,172.1774841814732
2023-02-23 01:00:00,4536.055292041784,27277.552674425486,166.29260499218597
2023-02-23 02:00:00,4350.217714731657,26489.55749926139,164.22387255253147
2023-02-23 03:00:00,4234.223994745664,25776.906681502212,164.26424035527074
2023-02-23 04:00:00,4194.898875232237,24866.043946539325,168.6998898679278
2023-02-23 05:00:00,5280.673009507725,27207.724977280963,194.08726800631806
2023-02-23 06:00:00,6987.833595416655,31416.75300071401,222.42380029718038
2023-02-23 07:00:00,8814.527959560699,35836.384717690926,245.96588157536257
2023-02-23 08:00:00,9379.988771494807,38538.49789587041,243.39269259635364
2023-02-23 09:00:00,9684.457543744249,40270.43316936804,240.4855568107172
2023-02-23 10:00:00,9879.354634153768,40243.46639852776,245.48965380664094
2023-02-23 11:00:00,9742.468532516581,39518.47211791121,246.52948381830126
2023-02-23 12:00:00,9574.320168196953,40073.85228295326,238.91689026037827
2023-02-23 13:00:00,9032.132239274557,39346.62927045685,229.5528843701047
2023-02-23 14:00:00,8696.960472300714,39030.69113569988,222.82363492010873
2023-02-23 15:00:00,8842.787458506355,38705.76235517529,228.46178244371924
2023-02-23 16:00:00,8717.424640383459,39605.703571174854,220.10528419770392
2023-02-23 17:00:00,9439.96066728578,41679.20437995025,226.49090374255962
2023-02-23 18:00:00,10024.861483752315,42601.419824453464,235.31754399410852
2023-02-23 19:00:00,9569.733041712681,41126.85702017996,232.68816863435597
2023-02-23 20:00:00,8841.543555299437,38970.16022599076,226.87983585457926
2023-02-23 21:00:00,7558.7081185003235,35846.4355983505,210.8635905447777
2023-02-23 22:00:00,6478.428409110569,32628.24776475867,198.5527526889701
2023-02-23 23:00:00,5107.146757038336,30065.606093737348,169.8667487731821
2023-02-24 00:00:00,4669.179598358325,29360.508964198794,159.02924585032787
2023-02-24 01:00:00,4672.67282066127,29260.118917682288,159.6942525697498
2023-02-24 02:00:00,4513.325213446383,28936.40232264418,155.97395844591506
2023-02-24 03:00:00,4386.804194845205,28190.23652641908,155.61430961155708
2023-02-24 04:00:00,4471.272725995813,27396.087595441466,163.20844027158842
2023-02-24 05:00:00,5046.587003266443,28324.549790257108,178.1700694498712
2023-02-24 06:00:00,6666.792159832065,32403.22505008682,205.74471058133773
2023-02-24 07:00:00,7784.4512475826605,35282.23578792112,220.63372895001368
2023-02-24 08:00:00,8262.227681858862,37748.39500787316,218.87626427919955
2023-02-24 09:00:00,8385.952222604057,39438.37084125779,212.63434679789648
2023-02-24 10:00:00,8886.049618732786,40080.473683173645,221.7052046084794
2023-02-24 11:00:00,8260.589733811381,39913.14625907018,206.96413357626946
2023-02-24 12:00:00,7950.149635171055,39568.087664494444,200.92327186954114
2023-02-24 13:00:00,7765.343330046512,38527.13830886756,201.55515490905825
2023-02-24 14:00:00,7379.284660248943,38096.88813813106,193.6978325760691
2023-02-24 15:00:00,7401.332064578809,36819.591848185184,201.01613551546242
2023-02-24 16:00:00,8004.13502498034,37464.50124882327,213.64584495120548
2023-02-24 17:00:00,8717.76801741124,38989.318194139196,223.5937539097998
2023-02-24 18:00:00,9158.653438842379,40086.52456437184,228.47212469455187
2023-02-24 19:00:00,8649.732387963433,38693.13891000611,223.54692929103763
2023-02-24 20:00:00,7925.9310603054455,35895.01329302817,220.80869550325215
2023-02-24 21:00:00,7304.352995263878,33501.59550529589,218.0300037981539
2023-02-24 22:00:00,6469.885317736139,30674.016180041326,210.92397160388475
2023-02-24 23:00:00,5283.759870202047,28030.516918793648,188.50026510425997
2023-02-25 00:00:00,5120.89746758202,27800.060092558244,184.2045466999845
2023-02-25 01:00:00,4912.015466904295,27069.09748049953,181.46210712946345
2023-02-25 02:00:00,4791.21454526804,27058.57559082834,177.0682469661134
2023-02-25 03:00:00,4661.837236044934,27022.536992204616,172.51663814503306
2023-02-25 04:00:00,4669.839850150834,26460.953931317054,176.4804043827002
2023-02-25 05:00:00,4782.96809134943,26272.131218272563,182.05481891103003
2023-02-25 06:00:00,5045.04725644359,26997.19818802998,186.87299405315562
2023-02-25 07:00:00,5924.52112618658,29376.78144923565,201.67359506092964
2023-02-25 08:00:00,6624.429491129007,32793.530298648795,202.00415846664595
2023-02-25 09:00:00,6889.208842776854,35384.51660683606,194.69557601490317
2023-02-25 10:00:00,6650.923814819779,35983.81747019716,184.83096798521356
2023-02-25 11:00:00,6276.640233619631,36592.60093713285,171.5275786053875
2023-02-25 12:00:00,6332.5670466124175,36475.30963084386,173.61242743934213
2023-02-25 13:00:00,6163.548765878929,35729.370009183825,172.50650555256527
2023-02-25 14:00:00,6078.972533867634,35040.607691020654,173.4836503827359
2023-02-25 15:00:00,5798.543256041254,34430.13405799081,168.41477428681355
2023-02-25 16:00:00,6424.5925062804245,35347.54575450176,181.75498097947033
2023-02-25 17:00:00,7723.858900738011,37356.88824503022,206.7586264165232
2023-02-25 18:00:00,8551.61112126264,38345.11819580228,223.01694514528327
2023-02-25 19:00:00,7984.2480090766785,36586.16313370138,218.23135648028585
2023-02-25 20:00:00,7251.129640138835,34499.049056845535,210.18346413522423
2023-02-25 21:00:00,6650.083044593316,32341.762118976952,205.61906986172818
2023-02-25 22:00:00,5958.131740306424,29988.707387998318,198.67917823930313
2023-02-25 23:00:00,5168.657885414726,27588.95319743319,187.345197493597
2023-02-26 00:00:00,4867.827161948957,27233.37847780094,178.74488712140234
2023-02-26 01:00:00,4808.946994832056,26605.950323519413,180.74704854954913
2023-02-26 02:00:00,4514.35132911423,26004.332787332478,173.59996759129737
2023-02-26 03:00:00,4492.295352887926,25763.88609264302,174.36404340301436
2023-02-26 04:00:00,4203.953713970579,25278.316860105555,166.30671010399797
2023-02-26 05:00:00,4339.055269062627,25163.89612225105,172.43177479284853
2023-02-26 06:00:00,4421.850287959664,25934.789447373114,170.49879263267144
2023-02-26 07:00:00,4899.030194890188,26819.925613989926,182.66382485172645
2023-02-26 08:00:00,5973.260337467714,30061.45844290708,198.7016148538558
2023-02-26 09:00:00,6619.366750626813,32891.62047244178,201.24781496165096
2023-02-26 10:00:00,7073.134964477671,34356.224055722676,205.8763778291144
2023-02-26 11:00:00,6719.0803394382365,34137.11309833664,196.82626120384003
2023-02-26 12:00:00,7203.641268337606,34874.21769619369,206.56065552758875
2023-02-26 13:00:00,7575.145063662105,34753.70276558095,217.96656070743364
2023-02-26 14:00:00,7729.54320518953,34413.67909359679,224.60670898240969
2023-02-26 15:00:00,8331.306212309108,35225.229039603764,236.51531698891753
2023-02-26 16:00:00,9064.42101526488,36405.39762784458,248.98563416134698
2023-02-26 17:00:00,10113.531477092414,38384.02938487836,263.4827984233647
2023-02-26 18:00:00,10796.042935696396,39640.29444286634,272.35022058821386
2023-02-26 19:00:00,10037.446657950793,38228.503359745,262.5644682841632
2023-02-26 20:00:00,9390.557840530671,35819.10413598996,262.16618385760574
2023-02-26 21:00:00,8708.366821027033,33403.07883825373,260.7055135005721
2023-02-26 22:00:00,7482.750680106771,30129.449975457574,248.35337804712552
2023-02-26 23:00:00,6692.794891167492,28297.7962135429,236.51293693197283
2023-02-27 00:00:00,6637.317750428204,28349.83432129755,234.12192378993836
2023-02-27 01:00:00,6357.480775599451,27784.28997227991,228.8156646055106
2023-02-27 02:00:00,6440.337784702808,27029.303281115986,238.2724303960268
2023-02-27 03:00:00,6247.814275769059,26581.219049412866,235.0461904758677
2023-02-27 04:00:00,6104.171921209465,25935.247902436677,235.36200402526183
2023-02-27 05:00:00,6851.762438922033,27295.909728226387,251.01791833069785
2023-02-27 06:00:00,8315.811471616033,31424.026526840662,264.63226997702304
2023-02-27 07:00:00,9776.349461706042,36141.67755882843,270.5007105935498
2023-02-27 08:00:00,10519.321700015294,39373.76718253053,267.1657413741843
2023-02-27 09:00:00,10788.226920325833,41415.85052162023,260.4854611085212
2023-02-27 10:00:00,10412.880460762786,41340.219660004244,251.88256246342638
2023-02-27 11:00:00,10219.65659338575,41346.59616712017,247.17044547218788
2023-02-27 12:00:00,10107.80052831855,40898.71881427487,247.1422289343359
2023-02-27 13:00:00,10344.984398369701,40839.72563700528,253.30690245862007
2023-02-27 14:00:00,10228.000324600614,40176.6801598864,254.5755469067491
2023-02-27 15:00:00,10494.848960225063,40379.17003577025,259.9074956451088
2023-02-27 16:00:00,10858.39613579396,40983.325791043644,264.9466807832105
2023-02-27 17:00:00,11522.24744673681,41873.1285692631,275.1704455920377
2023-02-27 18:00:00,11917.083889011594,42816.9535648903,278.32629126569964
2023-02-27 19:00:00,11440.366219547188,41578.02121122102,275.1541772858511
2023-02-27 20:00:00,10670.682692218079,38823.21749255263,274.8531260775852
2023-02-27 21:00:00,10069.094991170665,36054.731326426576,279.2725010209811
2023-02-27 22:00:00,9495.693694600475,33528.697866296396,283.21092970764323
2023-02-27 23:00:00,8419.703872983484,30426.464803966384,276.72304118242135
2023-02-28 00:00:00,8330.451484225077,30031.489470193355,277.39055342203915
2023-02-28 01:00:00,8199.409814335422,29677.53682603829,276.2833675314144
2023-02-28 02:00:00,7785.97701250469,28784.961979670516,270.4876601193208
2023-02-28 03:00:00,7794.103750074101,28932.349869697788,269.39062278647583
2023-02-28 04:00:00,8127.6773685811995,30233.922703121672,268.82642548206326
2023-02-28 05:00:00,8731.959941891007,32129.434786860158,271.7744647491303
2023-02-28 06:00:00,10142.828462764897,35877.33865467789,282.70849631268334
2023-02-28 07:00:00,11070.600392952196,38682.20219236634,286.1936437304725
2023-02-28 08:00:00,11324.630358786644,39883.52675834108,283.94255170571785
2023-02-28 09:00:00,11330.711349721156,41301.2277529098,274.34320881472763
2023-02-28 10:00:00,10952.4980650216,42169.56288988545,259.72519785469734
2023-02-28 11:00:00,10896.696486358362,42374.83510274151,257.150180288333
2023-02-28 12:00:00,11154.267069189842,42448.188967008835,262.7736857715897
2023-02-28 13:00:00,11001.153347815967,42011.07010575662,261.8632022493643
2023-02-28 14:00:00,10782.026413563352,41468.79494978388,260.00336944007444
2023-02-28 15:00:00,10872.293573840692,41651.47688246747,261.03020559199456
2023-02-28 16:00:00,11356.734431904135,42062.052871367654,269.9995282359329
2023-02-28 17:00:00,11765.136994754215,43428.34823698607,270.9091520255967
2023-02-28 18:00:00,12449.22292380849,44556.32172324828,279.404188728461
2023-02-28 19:00:00,11741.469595767101,43023.201542021816,272.9101781116619
2023-02-28 20:00:00,10708.51746035685,40197.19986134254,266.3995874661703
2023-02-28 21:00:00,9972.43538381066,38275.41272908138,260.5441632830174
2023-02-28 22:00:00,9131.190927454405,35207.41561244737,259.35419480849737
2023-02-28 23:00:00,7894.875370528818,32255.60095040646,244.7598289260623
2023-03-01 00:00:00,7670.409571003277,31616.513560904372,242.6076979116438
2023-03-01 01:00:00,7537.456419899944,31222.86359338448,241.40823590239125
2023-03-01 02:00:00,7327.399047965535,30604.912679576868,239.41904767646082
2023-03-01 03:00:00,7104.932387889291,30053.917662137745,236.40619728056828
2023-03-01 04:00:00,7077.18609855349,30281.947283338304,233.70974238659647
2023-03-01 05:00:00,7347.060071730387,31251.94392173275,235.0912983246846
2023-03-01 06:00:00,8839.51545527131,35291.21850655559,250.47351237332055
2023-03-01 07:00:00,10146.924213128006,38722.23813996487,262.04384613438594
2023-03-01 08:00:00,10747.23971327754,40636.508309525365,264.4725189333834
2023-03-01 09:00:00,11010.800796358675,41781.03849754832,263.53583329444484
2023-03-01 10:00:00,10402.25420675574,42178.27865623003,246.6258590479309
2023-03-01 11:00:00,10220.639537590188,42344.47816081622,241.36888636988644
2023-03-01 12:00:00,10293.930557593321,42185.82853544898,244.01394769201406
2023-03-01 13:00:00,10292.336774486235,41664.7974638874,247.02716444036548
2023-03-01 14:00:00,9950.273261188682,40903.407663965845,243.26269691105585
2023-03-01 15:00:00,9842.045659886304,40459.96999811187,243.25390405246466
2023-03-01 16:00:00,10646.421197237785,41190.922111382526,258.4652309664075
2023-03-01 17:00:00,11530.481682779582,42463.795129539634,271.5367679126373
2023-03-01 18:00:00,12005.874894703555,43427.640201748945,276.45699464508425
2023-03-01 19:00:00,11329.744482267395,41787.605532545385,271.12691282211574
2023-03-01 20:00:00,10374.026727320272,39573.901138411704,262.14314052679805
2023-03-01 21:00:00,9692.49822173611,37097.38233250542,261.2717559115583
2023-03-01 22:00:00,9152.276667855569,35531.043647905164,257.5853599615605
2023-03-01 23:00:00,8116.657627671303,32498.91879262556,249.75162033738428
2023-03-02 00:00:00,7950.073179649369,31716.65032255705,250.65929405525006
2023-03-02 01:00:00,8003.460654759858,31265.344047973715,255.98504985198
2023-03-02 02:00:00,7666.37744806265,30113.39332703433,254.58364538346967
2023-03-02 03:00:00,7503.739656604681,29570.073797712437,253.76127594193477
2023-03-02 04:00:00,7881.706318257098,30394.406408633877,259.3143689760696
2023-03-02 05:00:00,8344.349716264724,31761.080372070053,262.7224772744994
2023-03-02 06:00:00,9598.946121425995,35021.53665837564,274.08694869847585
2023-03-02 07:00:00,10987.291881422212,38425.788327017064,285.93536684053083
2023-03-02 08:00:00,11650.185985120595,40499.235625982954,287.6643424264093
2023-03-02 09:00:00,11822.566256119873,42220.9952557416,280.0162853695906
2023-03-02 10:00:00,11262.496232648951,42404.93187341949,265.5940178436786
2023-03-02 11:00:00,11199.328385498658,42442.396585030605,263.8712534307889
2023-03-02 12:00:00,11200.751275465891,42406.33882764903,264.1291746733622
2023-03-02 13:00:00,11008.373593487056,41842.184779824755,263.0927053979986
2023-03-02 14:00:00,10783.126515640857,40797.96113621157,264.3055244755831
2023-03-02 15:00:00,10856.702588280134,40593.8806383766,267.4467781239036
2023-03-02 16:00:00,11259.109062325686,40534.50104264931,277.7660702047166
2023-03-02 17:00:00,12056.335275460677,41792.12848265425,288.48339898420437
2023-03-02 18:00:00,12949.747708298584,42954.40323073948,301.47660622209156
2023-03-02 19:00:00,12034.647405141226,41659.54060399804,288.88094373240085
2023-03-02 20:00:00,11499.486417613265,39361.448010421766,292.15100050609254
2023-03-02 21:00:00,10876.99105467433,37226.85495261803,292.1813048273473
2023-03-02 22:00:00,9854.759592143953,34222.09478303806,287.9648266601258
2023-03-02 23:00:00,8851.97204455813,31652.477182001596,279.66127243878356
2023-03-03 00:00:00,8570.819093500722,30889.09745968846,277.4706870178383
2023-03-03 01:00:00,8512.13334961143,30589.190050622616,278.2725968070597
2023-03-03 02:00:00,8440.629803089672,30465.24310324927,277.05768749271647
2023-03-03 03:00:00,8329.004929680877,30348.724668352897,274.44332573112086
2023-03-03 04:00:00,8355.909948608545,30559.808238494163,273.428088402831
2023-03-03 05:00:00,8792.087602080326,31827.421632742262,276.2425339863384
2023-03-03 06:00:00,9322.559493994357,33523.960910569025,278.08645639648313
2023-03-03 07:00:00,10001.674878545997,35771.93442812212,279.5955834773972
2023-03-03 08:00:00,10690.030040194497,38878.75364863691,274.95814646746754
2023-03-03 09:00:00,10681.38890224581,40651.67241958595,262.75398443630877
2023-03-03 10:00:00,10574.582035366626,41307.12220699706,255.9990013919533
2023-03-03 11:00:00,10514.249956610021,41291.47595162642,254.63487836878545
2023-03-03 12:00:00,10650.895943391866,41281.60706322296,258.0058457288248
2023-03-03 13:00:00,10381.341282702122,40497.41808148648,256.34575670511657
2023-03-03 14:00:00,10372.679493665957,40216.355564230435,257.9219162984453
2023-03-03 15:00:00,10544.484301842278,39444.882446302756,267.3219857150476
2023-03-03 16:00:00,10933.911570789462,39878.17364544104,274.18285671764835
2023-03-03 17:00:00,11327.86615463187,41079.378949653335,275.75553584963495
2023-03-03 18:00:00,11502.318706713457,41669.041046879625,276.039918791815
2023-03-03 19:00:00,10963.425690246644,40011.97293472797,274.003626567763
2023-03-03 20:00:00,10559.048423838933,37752.55164013235,279.69098683688117
2023-03-03 21:00:00,10220.183033402485,36830.61318344279,277.4915253921695
2023-03-03 22:00:00,9367.231387126421,34505.329070331085,271.47202010545965
2023-03-03 23:00:00,8056.200707742426,31403.0760378901,256.5417699215845
2023-03-04 00:00:00,7859.319971283545,30594.12387707339,256.88985253711274
2023-03-04 01:00:00,7728.520710628517,30075.136832924316,256.9737505622196
2023-03-04 02:00:00,7541.664946875643,29762.09012974853,253.39836395890137
2023-03-04 03:00:00,7345.410838044756,29437.03576743143,249.52956867252163
2023-03-04 04:00:00,7271.447652692845,29698.585050177942,244.84155189236117
2023-03-04 05:00:00,7335.039651350739,29849.091917758073,245.73744727513522
2023-03-04 06:00:00,7775.958183694604,31012.658374286566,250.7349769841679
2023-03-04 07:00:00,7924.591180741417,31218.555659322163,253.842338743018
2023-03-04 08:00:00,8259.847078156656,32383.071178636383,255.06682280357046
2023-03-04 09:00:00,8525.75285570233,34861.03179342995,244.56398497387926
2023-03-04 10:00:00,8351.698085739401,36437.995931420395,229.20300286157482
2023-03-04 11:00:00,7849.3440186821945,36259.314418433525,216.47800419226186
2023-03-04 12:00:00,8061.890504471661,36678.8843464196,219.79650275973074
2023-03-04 13:00:00,8186.466688465415,36398.87636373429,224.9098737735193
2023-03-04 14:00:00,8237.629385784367,35809.796056099905,230.03843341858837
2023-03-04 15:00:00,8674.713843319561,35213.293232139586,246.34770131076658
2023-03-04 16:00:00,9154.93631898768,35913.85678685516,254.91376137409117
2023-03-04 17:00:00,10560.861713442286,37633.25356762923,280.62579533453777
2023-03-04 18:00:00,11140.165628343293,38251.97608525389,291.2311145315659
2023-03-04 19:00:00,10604.449438833219,37097.71120080135,285.8518516528899
2023-03-04 20:00:00,9727.884430499758,34761.50237434131,279.8464901125865
2023-03-04 21:00:00,9376.947745457483,33228.59634955026,282.1951203359933
2023-03-04 22:00:00,8908.672058914804,31339.089106418447,284.2671026162739
2023-03-04 23:00:00,7246.713125752003,27834.31037618447,260.35181140871447
2023-03-05 00:00:00,6703.564449155683,27458.25532345499,244.13657642076998
2023-03-05 01:00:00,6456.565085224086,26928.3005497166,239.76875456004356
2023-03-05 02:00:00,6182.572648584059,26436.78627403152,233.86248935473338
2023-03-05 03:00:00,5898.74501893057,25926.73612641668,227.51591215218005
2023-03-05 04:00:00,5891.817227252683,25371.793781802797,232.21918315757486
2023-03-05 05:00:00,5968.093762909513,25551.319731636504,233.5728183746253
2023-03-05 06:00:00,6116.792647422775,25947.773722062302,235.73477682295047
2023-03-05 07:00:00,6659.367261116731,26873.309841829556,247.8059941373919
2023-03-05 08:00:00,7542.752935840696,30141.25729848963,250.2467916697908
2023-03-05 09:00:00,8290.673009235848,33465.842705579365,247.73537251621764
2023-03-05 10:00:00,8486.232680622568,35448.35275727939,239.39709522552928
2023-03-05 11:00:00,8627.65776076212,36472.83472840854,236.55023869153973
2023-03-05 12:00:00,8663.127003895697,36773.8776260141,235.57828445503227
2023-03-05 13:00:00,8801.370350916726,36623.336574173176,240.3213681279784
2023-03-05 14:00:00,8860.467488163213,36562.37079745841,242.33842868797603
2023-03-05 15:00:00,9175.569633833604,36420.833944539736,251.9318928228226
2023-03-05 16:00:00,9829.260633635182,37158.48371366728,264.5226513917164
2023-03-05 17:00:00,10700.324913853,38434.71015203207,278.4026436397431
2023-03-05 18:00:00,11489.248227789734,38825.702623286794,295.91861708894714
2023-03-05 19:00:00,11104.710802622081,37337.87566900543,297.4114248240486
2023-03-05 20:00:00,10217.145496639154,35533.52779725567,287.5353540727877
2023-03-05 21:00:00,9540.685525853096,32830.41989996967,290.60504114545034
2023-03-05 22:00:00,8881.559219904128,30659.367085295053,289.6850151927608
2023-03-05 23:00:00,8144.058254919653,29311.736432176003,277.8429136657963
2023-03-06 00:00:00,8071.029124692548,29036.23655201155,277.9640229970991
2023-03-06 01:00:00,7662.486565407678,28892.706465245472,265.2048735768229
2023-03-06 02:00:00,7196.299201478769,28399.7550298905,253.39300264754837
2023-03-06 03:00:00,6834.757748650773,28162.314271997202,242.6916226642218
2023-03-06 04:00:00,7013.220830051664,28664.51100613363,244.66563649214092
2023-03-06 05:00:00,7889.782776195945,31094.654987335063,253.7343726569558
2023-03-06 06:00:00,9333.196494344931,35600.884300736376,262.1619287741086
2023-03-06 07:00:00,10269.471486033772,39495.76387192251,260.0145048298288
2023-03-06 08:00:00,10208.259509490472,41100.16475718951,248.37514812406624
2023-03-06 09:00:00,10356.42224029507,43493.19119289731,238.11594312229576
2023-03-06 10:00:00,10326.856312151574,44367.09583112667,232.75934831205586
2023-03-06 11:00:00,10140.074912970222,44208.823925651675,229.36766945040935
2023-03-06 12:00:00,10251.784366064878,44478.59714892702,230.48803296873282
2023-03-06 13:00:00,9902.72604353132,43721.07222851969,226.49778559345745
2023-03-06 14:00:00,9660.40264275913,43275.590614981316,223.22982784236928
2023-03-06 15:00:00,9775.321606974256,42330.95219586573,230.9260978053068
2023-03-06 16:00:00,10510.904890036261,43286.33437201894,242.82270703963093
2023-03-06 17:00:00,11299.422293355574,44557.29702539984,253.5930823387772
2023-03-06 18:00:00,11963.016770503515,45561.0994849967,262.5708533316441
2023-03-06 19:00:00,11460.015003557834,44036.386914254865,260.2396746552373
2023-03-06 20:00:00,10598.693743147092,41715.48769623082,254.07095370251974
2023-03-06 21:00:00,9567.031396672039,39061.77714758154,244.92053601469
2023-03-06 22:00:00,8792.017742692096,35841.2012799741,245.30477296263354
2023-03-06 23:00:00,7754.006806677454,33174.85263917365,233.7314619303339
2023-03-07 00:00:00,7318.779773598748,32138.60579405941,227.72549066056786
2023-03-07 01:00:00,7171.694986159275,31412.396579393728,228.30779460055103
2023-03-07 02:00:00,7256.2368221057595,31302.905203598984,231.80713658716536
2023-03-07 03:00:00,7058.515980907074,30494.982101311714,231.4648343605179
2023-03-07 04:00:00,7018.326708565417,30271.621426407833,231.84508717603381
2023-03-07 05:00:00,7387.995246589354,31008.23310792936,238.25914946118328
2023-03-07 06:00:00,9349.36149354947,35771.60847894446,261.3626250285223
2023-03-07 07:00:00,11076.978124048554,39960.14292707754,277.20066327747395
2023-03-07 08:00:00,11560.76263185353,41222.46677679309,280.44810356574453
2023-03-07 09:00:00,11806.633056258577,42585.96125282175,277.24237539610004
2023-03-07 10:00:00,11593.81829451054,42807.709334870124,270.83482098553907
2023-03-07 11:00:00,11423.066223203665,43302.06985189604,263.79954266097263
2023-03-07 12:00:00,11105.44816694475,42983.35064232287,258.3662744060243
2023-03-07 13:00:00,10707.263765477572,42539.67305415217,251.70065956659883
2023-03-07 14:00:00,10476.537859192516,42239.513025808184,248.02695648482953
2023-03-07 15:00:00,10364.344517263615,41403.74966299598,250.3238137034386
2023-03-07 16:00:00,10789.981194128275,41187.46371078425,261.9724601129809
2023-03-07 17:00:00,11351.55193326969,41203.0677858688,275.5025910270417
2023-03-07 18:00:00,12816.60789232506,43035.16535713487,297.81709413602084
2023-03-07 19:00:00,12117.373608267528,42031.552995869446,288.29231243152816
2023-03-07 20:00:00,11365.743920327277,39136.205962826294,290.4150681116887
2023-03-07 21:00:00,10409.952616960672,35841.52115539387,290.44393991615095
2023-03-07 22:00:00,9598.087014104542,32312.48712185259,297.03956176166514
2023-03-07 23:00:00,7861.990402511439,28907.43474197399,271.97122375911556
2023-03-08 00:00:00,7733.85473577688,28919.0140322875,267.43148044889034
2023-03-08 01:00:00,7640.340450248097,28939.54647514918,264.0103726853139
2023-03-08 02:00:00,7381.27142844962,28881.54977888134,255.57047613306838
2023-03-08 03:00:00,7185.472624649132,28443.52991147846,252.6223941617533
2023-03-08 04:00:00,7012.086275291255,27476.547057750387,255.20260098742415
2023-03-08 05:00:00,7498.875880187163,28015.515785876883,267.6686710857374
2023-03-08 06:00:00,8943.230290288817,32252.515980432072,277.28783378371986
2023-03-08 07:00:00,10516.194935197622,37509.289205151894,280.3624157653519
2023-03-08 08:00:00,11313.886365685665,40321.64643354102,280.59088272433144
2023-03-08 09:00:00,11763.395459497719,42131.52040664492,279.2065262767591
2023-03-08 10:00:00,11649.958570178105,43146.68716231959,270.00818223541677
2023-03-08 11:00:00,11245.319916533228,43572.170668774655,258.08491392401567
2023-03-08 12:00:00,11258.537497173642,43949.750827444164,256.1684033517504
2023-03-08 13:00:00,11119.071400800278,43227.70313185805,257.22096237414286
2023-03-08 14:00:00,11116.471131106739,42561.27522097602,261.1874544028715
2023-03-08 15:00:00,11127.367306212982,42103.30601584971,264.2872581555497
2023-03-08 16:00:00,11620.786171830001,43232.725907820044,268.79605502108774
2023-03-08 17:00:00,11990.409617882011,44488.874314650806,269.51478999173963
2023-03-08 18:00:00,12297.138292581136,45409.25118130607,270.8068944691953
2023-03-08 19:00:00,10817.876790451148,43501.5469329669,248.67797936291333
2023-03-08 20:00:00,10008.68374775317,40802.49585124823,245.29587072911823
2023-03-08 21:00:00,8691.82164574655,37110.88331391339,234.212200561873
2023-03-08 22:00:00,7683.038101557554,33007.35842808862,232.76743330721789
2023-03-08 23:00:00,6080.961098327389,29897.61060743756,203.39287905551362
2023-03-09 00:00:00,5899.465970094214,29443.135367870636,200.36812983347943
2023-03-09 01:00:00,5908.673981623717,29129.636995123743,202.84063212366223
2023-03-09 02:00:00,5636.486289653406,28488.5889042621,197.85066605423012
2023-03-09 03:00:00,5425.088369601459,27980.521328454888,193.88803753575516
2023-03-09 04:00:00,5104.628516958306,27596.416111268743,184.97432769445297
2023-03-09 05:00:00,5702.473144573222,27742.47081156818,205.55029807205852
2023-03-09 06:00:00,8108.351887373843,32544.230562137924,249.14867389143714
2023-03-09 07:00:00,9588.800101808787,37606.768585885045,254.97537976202918
2023-03-09 08:00:00,9991.578388774202,40289.12893580151,247.99688284885053
2023-03-09 09:00:00,10300.439201752059,42253.65005064858,243.77631729815374
2023-03-09 10:00:00,10475.497579315843,43030.1253016221,243.44566756167336
2023-03-09 11:00:00,9893.16692303787,43470.17517164978,227.5851634821559
2023-03-09 12:00:00,9733.056569536597,44215.897027284926,220.12572906822365
2023-03-09 13:00:00,9505.227906308657,43600.346923935824,218.00807968090854
2023-03-09 14:00:00,9574.608092760474,41363.37071784445,231.47552838651808
2023-03-09 15:00:00,9331.767656632881,41863.90736948943,222.90723066700426
2023-03-09 16:00:00,10084.53403942559,43120.79158867695,233.8670898164513
2023-03-09 17:00:00,10830.045253584987,45148.78949366609,239.87454315036135
2023-03-09 18:00:00,10470.318555718095,44583.71359278042,234.84626362335118
2023-03-09 19:00:00,9718.541494490177,42813.79067298355,226.99558580835478
2023-03-09 20:00:00,7741.665235445219,39991.53019150696,193.58262107933356
2023-03-09 21:00:00,6117.225088573395,36436.53804185294,167.88711050283717
2023-03-09 22:00:00,5218.064262760318,33080.10451180169,157.74025928179026
2023-03-09 23:00:00,4040.4858423913397,30402.395856185623,132.9002444907403
2023-03-10 00:00:00,3809.993794760562,30155.857672559552,126.34340684753536
2023-03-10 01:00:00,3892.554699069124,30065.932811650742,129.46728523123468
2023-03-10 02:00:00,3697.929533609682,29579.60723817103,125.01618104102768
2023-03-10 03:00:00,3507.662225414278,28117.441120423733,124.75040706554229
2023-03-10 04:00:00,3062.8634692735177,27155.54202316637,112.78962749705352
2023-03-10 05:00:00,3385.533521711671,27861.920356566934,121.51113341739617
2023-03-10 06:00:00,5160.153220654711,32035.94088923417,161.07387757070074
2023-03-10 07:00:00,7755.84113427977,37538.74843374497,206.60894296912033
2023-03-10 08:00:00,8692.737347673292,40836.29729322664,212.86791222168722
2023-03-10 09:00:00,9268.996940053468,43007.31555573356,215.5214018889808
2023-03-10 10:00:00,9279.442713766704,43536.29190047385,213.14269793532202
2023-03-10 11:00:00,9305.030133104507,44010.84545579266,211.42584371506976
2023-03-10 12:00:00,9224.588317932676,44256.92938918125,208.43263292883705
2023-03-10 13:00:00,9063.803707502053,42737.44860573508,212.08106714834986
2023-03-10 14:00:00,8998.864771495013,41176.99258046334,218.54108830096
2023-03-10 15:00:00,8666.522973554704,40396.76135367434,214.53509348631061
2023-03-10 16:00:00,9382.012762223856,40366.50547009134,232.42073231172435
2023-03-10 17:00:00,9956.313025305706,41325.04041801436,240.92687931082006
2023-03-10 18:00:00,11030.194175433637,42361.89205191669,260.38011149066625
2023-03-10 19:00:00,10445.612056856111,40905.57500206682,255.35913029772422
2023-03-10 20:00:00,9710.712541550249,38638.50076136458,251.32218771956565
2023-03-10 21:00:00,8805.67306249416,36086.909126142644,244.01294751273159
2023-03-10 22:00:00,7811.305360064567,32690.832269921797,238.94483002354144
2023-03-10 23:00:00,6484.8204535666755,29483.12788126142,219.95021965387298
2023-03-11 00:00:00,6182.779336399567,29009.145293516547,213.13207520737947
2023-03-11 01:00:00,6049.218924009235,28557.16968873122,211.8283775999091
2023-03-11 02:00:00,6140.0275998536545,28512.668083332053,215.34384582700608
2023-03-11 03:00:00,5988.9788977192775,27893.62366669143,214.70781169500353
2023-03-11 04:00:00,5595.415402095467,26840.096196720126,208.47225587735522
2023-03-11 05:00:00,5793.351770651474,26714.06648701484,216.86521494088157
2023-03-11 06:00:00,6251.918421677692,27791.555831506255,224.9574820345295
2023-03-11 07:00:00,7072.260380176908,30632.143867308856,230.87709468890762
2023-03-11 08:00:00,8150.665382939338,34005.624280011354,239.68580361367847
2023-03-11 09:00:00,8699.905255720434,36308.67855873039,239.60952590571628
2023-03-11 10:00:00,8767.8292789728,37251.19635921341,235.37040782327077
2023-03-11 11:00:00,8722.759662786992,37613.13653855287,231.90726606504356
2023-03-11 12:00:00,8364.369248403462,37116.61784974047,225.35375616024638
2023-03-11 13:00:00,7848.739864789,35784.51380373798,219.33342193318094
2023-03-11 14:00:00,7898.5725233150715,35217.9877261562,224.27665614321418
2023-03-11 15:00:00,7748.481432433205,35235.91524272855,219.90294218431626
2023-03-11 16:00:00,8083.267929004179,36078.42204206715,224.0471581484122
2023-03-11 17:00:00,8544.261959420573,37540.02086726207,227.6040812452467
2023-03-11 18:00:00,8653.80367512279,38473.1977358523,224.93070980316529
2023-03-11 19:00:00,8189.0199431991205,37995.91154161859,215.5237132350234
2023-03-11 20:00:00,7448.387820072584,36545.69512359387,203.8102653372137
2023-03-11 21:00:00,6113.425137274694,34651.18904468037,176.42757163085642
2023-03-11 22:00:00,5570.918831449084,31423.646985940984,177.28428638284814
2023-03-11 23:00:00,4234.608945039512,29711.159931493996,142.5258709119196
2023-03-12 00:00:00,3784.9905661628136,29195.724588422545,129.64194653568342
2023-03-12 01:00:00,3565.93245938414,29257.245022957813,121.88203149633519
2023-03-12 02:00:00,3264.2216670127127,28081.881108452882,116.2394233636348
2023-03-12 03:00:00,3239.8498803178472,26887.73512069544,120.49545511269712
2023-03-12 04:00:00,2961.89910846076,26243.751642677544,112.86111638261828
2023-03-12 05:00:00,2864.8639264858966,26047.685058907693,109.98535647244326
2023-03-12 06:00:00,3220.0772390164425,26890.302452885433,119.74864338764311
2023-03-12 07:00:00,3756.907366000168,28030.942507430296,134.0271510672289
2023-03-12 08:00:00,4486.836548145005,30852.452692748935,145.42884459878027
2023-03-12 09:00:00,4905.778225321071,33714.58255953266,145.50908992150585
2023-03-12 10:00:00,4892.25832699647,35140.56175372478,139.2196960675481
2023-03-12 11:00:00,4900.005027065734,35864.80464707964,136.62433338988578
2023-03-12 12:00:00,4897.922647268892,37065.608854747836,132.1419719951937
2023-03-12 13:00:00,4599.552801462084,35503.111639000505,129.55351204792518
2023-03-12 14:00:00,4529.333923152193,34575.08280316069,130.99994435120033
2023-03-12 15:00:00,5062.518123485296,35300.252838876375,143.41308394000836
2023-03-12 16:00:00,5688.403489975919,36583.683831869836,155.49017742768902
2023-03-12 17:00:00,6173.95354840316,37659.13657494891,163.94304569664808
2023-03-12 18:00:00,6306.202919467734,37796.71000339536,166.84528676970123
2023-03-12 19:00:00,5671.6657072062235,35802.94539222032,158.41338317485548
2023-03-12 20:00:00,4816.416693808701,33761.81831082255,142.6586876769244
2023-03-12 21:00:00,3772.8337838524353,30931.908161906704,121.97222893926602
2023-03-12 22:00:00,2972.5225483485797,28147.204982075255,105.60631331748733
2023-03-12 23:00:00,2647.188164553151,26546.397843623963,99.71929826965075
2023-03-13 00:00:00,2826.496456833161,26356.240604083665,107.242019045585
2023-03-13 01:00:00,3073.255435318489,27068.372790853187,113.53676333129964
2023-03-13 02:00:00,3243.387941327059,26903.934119693782,120.55441136963262
2023-03-13 03:00:00,3460.185058855686,26923.64048481292,128.51846914266687
2023-03-13 04:00:00,3834.1823540716678,28181.964838734115,136.05092391577523
2023-03-13 05:00:00,4600.627216012903,30439.937913325703,151.13786464061363
2023-03-13 06:00:00,5074.866527279169,32104.273864452258,158.07448406108819
2023-03-13 07:00:00,5269.452457882307,35051.52555588583,150.33446830953875
2023-03-13 08:00:00,5668.084014585005,37660.272133573875,150.50565738031264
2023-03-13 09:00:00,5830.161635865071,39124.442458449856,149.01583944759597
2023-03-13 10:00:00,5880.292030593451,39666.07960500624,148.24485023852225
2023-03-13 11:00:00,5606.3945563251145,40438.6467642535,138.6395194925512
2023-03-13 12:00:00,5361.109343048524,40695.102717643495,131.73843988663035
2023-03-13 13:00:00,4947.036297857312,39847.09603858885,124.15048497051048
2023-03-13 14:00:00,4631.3980538606265,38819.98222984242,119.30448670582575
2023-03-13 15:00:00,4697.26887692467,38586.53413056239,121.7333710519548
2023-03-13 16:00:00,5367.032198135587,38992.65928399444,137.64211768799842
2023-03-13 17:00:00,6188.603107291166,40152.78749923608,154.12636314250676
2023-03-13 18:00:00,6959.548329579069,40891.54696060577,170.1952811001203
2023-03-13 19:00:00,6747.682948856346,39767.27888339107,169.67927246524624
2023-03-13 20:00:00,5774.6589488785285,36787.68847740226,156.9725956667746
2023-03-13 21:00:00,4798.934601923838,33618.96239392867,142.74487551675568
2023-03-13 22:00:00,4025.359668288017,30004.285119334552,134.15949262840803
2023-03-13 23:00:00,3197.3525159648057,28471.8038193041,112.29890934402182
2023-03-14 00:00:00,3436.033139341166,28832.768664524585,119.17111323300738
2023-03-14 01:00:00,3308.7504491127897,28713.998387275667,115.23126819492443
2023-03-14 02:00:00,3085.321382240979,28029.0672817018,110.07577780710412
2023-03-14 03:00:00,3042.2814770836335,27890.908107009665,109.0778925308292
2023-03-14 04:00:00,3131.6353841872165,27990.364531172178,111.88262234668618
2023-03-14 05:00:00,3768.7197516754622,28866.38997775406,130.55736289088568
2023-03-14 06:00:00,4979.754856894952,31908.47598482812,156.06370104491145
2023-03-14 07:00:00,6677.524746100927,36134.04582444908,184.79870143914988
2023-03-14 08:00:00,7463.119707060496,38541.46109036032,193.63873335168165
2023-03-14 09:00:00,7661.049310643653,40267.03899631397,190.25608789722392
2023-03-14 10:00:00,6723.116140495954,39820.40573730039,168.83595272356322
2023-03-14 11:00:00,6198.773392273704,39674.006038052794,156.24268913827945
2023-03-14 12:00:00,6084.670970533581,40023.49511132372,152.02747670110563
2023-03-14 13:00:00,5500.202764159508,39236.43145623901,140.18101443027427
2023-03-14 14:00:00,5041.437224416009,38081.36252214977,132.38594657645692
2023-03-14 15:00:00,5441.182941889376,37926.87887736033,143.46508605371633
2023-03-14 16:00:00,6823.295849620609,39236.07152043129,173.9036449168346
2023-03-14 17:00:00,8326.330096220643,40706.26286621491,204.5466596524947
2023-03-14 18:00:00,9832.364409858144,42152.63189854404,233.2562396939622
2023-03-14 19:00:00,9593.34121220342,41698.36533283404,230.06516288180373
2023-03-14 20:00:00,9017.787105235895,39325.851477979915,229.30939232899527
2023-03-14 21:00:00,8092.823516905406,35798.7512272054,226.06440837956472
2023-03-14 22:00:00,7491.338435940541,32284.220016111896,232.04334601244454
2023-03-14 23:00:00,6500.1658306056715,30013.6150669237,216.57390541298489
2023-03-15 00:00:00,6407.4064644451855,30241.788503465996,211.87260349072398
2023-03-15 01:00:00,6060.331752005225,29913.77811464617,202.5933243463489
2023-03-15 02:00:00,5981.708205425372,29406.940016854016,203.4114464815813
2023-03-15 03:00:00,5778.769634408281,28512.708063110953,202.67347533658904
2023-03-15 04:00:00,5995.199522683172,28136.9984383286,213.07175091272103
2023-03-15 05:00:00,6809.561328597893,27358.938448138164,248.89713252238042
2023-03-15 06:00:00,8259.268522756194,31514.17137224942,262.0810944129439
2023-03-15 07:00:00,9643.561550384118,36217.742351593464,266.26622545289143
2023-03-15 08:00:00,10649.821325905818,39260.98142540684,271.2571346730021
2023-03-15 09:00:00,10810.790243200567,40581.0058798605,266.4002532417693
2023-03-15 10:00:00,10127.1454067132,40990.10373850592,247.06318069646176
2023-03-15 11:00:00,9364.82952611827,41054.83359161571,228.1054070093898
2023-03-15 12:00:00,8968.407570223535,40900.58713635055,219.27332095076036
2023-03-15 13:00:00,8665.382323036527,40149.64856326877,215.82710268014955
2023-03-15 14:00:00,8499.466617704911,39697.93977869257,214.10346897314068
2023-03-15 15:00:00,8998.924647018872,39742.34280712008,226.4316598216917
2023-03-15 16:00:00,9578.165716096168,40523.476172365314,236.36091028705795
2023-03-15 17:00:00,9990.89428581493,41311.10864106885,241.84522310017658
2023-03-15 18:00:00,10146.998562450692,41998.30978138543,241.60492684751
2023-03-15 19:00:00,9191.321831940386,41190.922215635794,223.13950107316177
2023-03-15 20:00:00,8035.100745039983,38468.58693376935,208.87434100123994
2023-03-15 21:00:00,6360.540397728362,35496.64019934593,179.18711072394856
2023-03-15 22:00:00,5453.420208291167,32230.064831808606,169.2028929122432
2023-03-15 23:00:00,4307.358082554991,30053.3464624713,143.3237422639021
2023-03-16 00:00:00,4062.9944619358007,29750.473575369564,136.56906844331903
2023-03-16 01:00:00,4009.9030685788466,29648.19799413161,135.24947011526783
2023-03-16 02:00:00,3944.983296178257,28853.841558145534,136.72298325435892
2023-03-16 03:00:00,3736.172465087892,27991.511537477134,133.47519515284569
2023-03-16 04:00:00,3861.4800523234267,27707.004864099552,139.36836808105568
2023-03-16 05:00:00,4090.5181815250485,28111.691073577673,145.5095024635408
2023-03-16 06:00:00,5224.48161443432,30921.171723592022,168.9613078422957
2023-03-16 07:00:00,6165.384834927631,34110.126643851094,180.74939736522623
2023-03-16 08:00:00,6495.679084162659,36980.97305564296,175.64922032714003
2023-03-16 09:00:00,6360.209094992351,38209.02059200015,166.45831263008066
2023-03-16 10:00:00,6378.163258737688,38638.33104663795,165.0734668389015
2023-03-16 11:00:00,6043.949659999763,39180.31509886068,154.2598533153582
2023-03-16 12:00:00,5933.168033571978,38934.320810110294,152.38914947326575
2023-03-16 13:00:00,5979.122104415775,38705.95761165772,154.47549869209132
2023-03-16 14:00:00,5765.448918475526,37787.545544219734,152.5753746490013
2023-03-16 15:00:00,5727.619552678297,37024.34610977656,154.69873622334887
2023-03-16 16:00:00,6390.828291548127,38117.36682840278,167.66185136340698
2023-03-16 17:00:00,6956.702648024497,39070.739995602366,178.05402838050966
2023-03-16 18:00:00,7697.068803607392,39899.08437377356,192.9134195537285
2023-03-16 19:00:00,7367.822571793098,39288.645552612164,187.53058213540876
2023-03-16 20:00:00,6667.039184054385,36977.79218597154,180.29846537413596
2023-03-16 21:00:00,5297.22947664301,33182.30894725683,159.64017106413354
2023-03-16 22:00:00,4364.725227335404,29804.03938944424,146.4474385603338
2023-03-16 23:00:00,3615.452984141667,27236.028205965034,132.74523571501652
2023-03-17 00:00:00,3521.616640134766,27183.465391403082,129.54995212819688
2023-03-17 01:00:00,3132.4534504910343,26481.585588944716,118.28798694738059
2023-03-17 02:00:00,2939.9863261772152,25650.376548475844,114.61766733213554
2023-03-17 03:00:00,2854.640701630055,24752.984037084512,115.32511382681292
2023-03-17 04:00:00,2709.1764004699685,24228.24494745612,111.8189289544236
2023-03-17 05:00:00,3272.1187021780347,24469.01534979282,133.72498465516472
2023-03-17 06:00:00,4917.537556818879,27766.200313087396,177.10516748310837
2023-03-17 07:00:00,6811.751022187982,32666.017937081448,208.52713162982423
2023-03-17 08:00:00,7935.157940540778,35836.89999863025,221.42422868172397
2023-03-17 09:00:00,7872.669958979234,37270.65909671877,211.22969514838354
2023-03-17 10:00:00,7921.533633653052,37168.92952809968,213.1224583065912
2023-03-17 11:00:00,7774.292793226886,37383.33076836095,207.96147998151596
2023-03-17 12:00:00,7777.437518118408,37648.02862720487,206.58286241575868
2023-03-17 13:00:00,7588.321292936044,37071.513756481116,204.69413099186968
2023-03-17 14:00:00,7115.377676182682,35700.979187033874,199.30483247828937
2023-03-17 15:00:00,6821.556303931125,34882.5200910076,195.55801261301818
2023-03-17 16:00:00,7096.582101732163,35024.908904635944,202.6152907650489
2023-03-17 17:00:00,8111.886140521154,36246.0115134193,223.80079357194666
2023-03-17 18:00:00,8861.259593464361,37078.176983122954,238.98854567466415
2023-03-17 19:00:00,8775.389629550435,36685.71751062958,239.20452494919283
2023-03-17 20:00:00,7920.648566138748,34678.71905912466,228.40084008393234
2023-03-17 21:00:00,6891.618073443158,32096.63157691728,214.71468297001476
2023-03-17 22:00:00,6135.537680179149,29525.614706415632,207.8038930327827
2023-03-17 23:00:00,4975.352180272547,27005.75538910722,184.23303138853717
2023-03-18 00:00:00,4761.346797144993,26556.764116222195,179.28941855670303
2023-03-18 01:00:00,4673.967861387865,26235.8154776668,178.15218533483636
2023-03-18 02:00:00,4365.001863037705,25299.121143085984,172.53571135338115
2023-03-18 03:00:00,4458.220564233881,25214.149293527393,176.81423681338836
2023-03-18 04:00:00,4474.97191456785,24800.633710362203,180.43780521213523
2023-03-18 05:00:00,4449.29221105904,24671.043472490823,180.3447112409402
2023-03-18 06:00:00,4726.595820386325,25164.658025943994,187.8267455696536
2023-03-18 07:00:00,5563.69826856276,27207.296121469437,204.49287734154564
2023-03-18 08:00:00,6587.721168346592,30377.39398968896,216.8626173325688
2023-03-18 09:00:00,7074.370991085899,32763.442051974103,215.92270372152933
2023-03-18 10:00:00,7092.368337399138,33373.87598940843,212.51257539429884
2023-03-18 11:00:00,6638.237893857117,33101.23231241494,200.54352754013274
2023-03-18 12:00:00,6549.714242348961,33099.70284278794,197.87833967748358
2023-03-18 13:00:00,6092.178063672122,32498.108100908226,187.462545350505
2023-03-18 14:00:00,5639.992552995329,31762.422558953618,177.5680851335268
2023-03-18 15:00:00,5381.942678949309,31098.447372835115,173.0614591277153
2023-03-18 16:00:00,5812.705179041518,31140.960532456986,186.6578641009858
2023-03-18 17:00:00,6601.169377461708,32748.945192067535,201.5689158458956
2023-03-18 18:00:00,6996.091523925255,33592.61498320328,208.26278416918083
2023-03-18 19:00:00,6898.219820810412,33295.113484319256,207.18415103343057
2023-03-18 20:00:00,6293.2701570565205,31810.434400379203,197.8366619533338
2023-03-18 21:00:00,5175.057911113879,29790.829790655785,173.71311734113198
2023-03-18 22:00:00,4001.04026920496,27145.43944077806,147.39272421556643
2023-03-18 23:00:00,2879.7803230020613,24984.980742368472,115.260457980608
2023-03-19 00:00:00,2839.478080118345,25182.12142343596,112.75769949531575
2023-03-19 01:00:00,2732.588694351112,25587.1442146422,106.7953762806946
2023-03-19 02:00:00,2849.601186679413,25767.519715828614,110.58888158835653
2023-03-19 03:00:00,2982.0958875252304,25118.67453852523,118.72027255862983
2023-03-19 04:00:00,3141.8894117819755,24639.009480844394,127.51687174050718
2023-03-19 05:00:00,3106.6441732229955,24499.497863169,126.80440189320485
2023-03-19 06:00:00,2867.0503196155887,24532.839817353426,116.86581500391839
2023-03-19 07:00:00,3474.939776266968,26064.109798487487,133.32278766215987
2023-03-19 08:00:00,4331.8585825796945,28266.483447070517,153.2507073506747
2023-03-19 09:00:00,5249.580762439766,30654.85593966243,171.2479345123151
2023-03-19 10:00:00,6289.3601809411875,31557.886068264634,199.29599109827316
2023-03-19 11:00:00,6609.471500929923,31539.32948235757,209.56284136056604
2023-03-19 12:00:00,6978.732074624957,32500.87966304944,214.72440583074876
2023-03-19 13:00:00,6925.677791260401,31937.906849052528,216.8482056132573
2023-03-19 14:00:00,6987.232619561133,31303.92981904926,223.20624470954505
2023-03-19 15:00:00,7276.558024877854,31552.4511410025,230.61783670498886
2023-03-19 16:00:00,8078.785535131859,32441.15780689034,249.02889049835224
2023-03-19 17:00:00,8680.637202255208,33628.277606749405,258.1350524034258
2023-03-19 18:00:00,9283.154653410831,34231.52094044359,271.1873267203574
2023-03-19 19:00:00,8964.923434680062,34667.977835241865,258.59378003774816
2023-03-19 20:00:00,8115.156824023326,32660.52445128796,248.46988713015924
2023-03-19 21:00:00,6855.889434666422,29864.976627257012,229.56285954060397
2023-03-19 22:00:00,6164.988835655117,26851.50131008387,229.59568496603595
2023-03-19 23:00:00,4485.8811821657355,24532.551231603557,182.85424698866586
2023-03-20 00:00:00,4162.243162352257,24337.39108729396,171.02256965107804
2023-03-20 01:00:00,4188.646291931081,24282.973838187336,172.49313530717671
2023-03-20 02:00:00,4187.62427822136,24275.43835856257,172.5045791704222
2023-03-20 03:00:00,4238.270269480817,24080.551301995147,176.0038720180656
2023-03-20 04:00:00,4106.414076086081,22961.08919639846,178.84230320964863
2023-03-20 05:00:00,4828.991954014881,24570.406764071722,196.5369153381748
2023-03-20 06:00:00,6135.5840265365405,28064.454862172595,218.62473569036064
2023-03-20 07:00:00,8089.086575004314,32523.079405713375,248.71834779529803
2023-03-20 08:00:00,8514.793384161332,35251.95930651457,241.5409966329956
2023-03-20 09:00:00,8747.876663556459,36936.85163048552,236.8333054227197
2023-03-20 10:00:00,9048.115477520629,37748.84007308801,239.6925431351527
2023-03-20 11:00:00,8957.807719340459,37481.30674102387,238.994007899303
2023-03-20 12:00:00,8608.828457711814,37689.24860232668,228.41602783188313
2023-03-20 13:00:00,7633.976889832885,34638.12789112937,220.3923062420444
2023-03-20 14:00:00,8379.242209066675,35523.71073189338,235.87744738456465
2023-03-20 15:00:00,8301.12219437209,36198.05345824826,229.32509904011312
2023-03-20 16:00:00,9339.010029933539,37802.678789426325,247.04624986908934
2023-03-20 17:00:00,9910.807611168593,37972.91431584633,260.9967601836858
2023-03-20 18:00:00,10476.751319926068,39273.67478066899,266.76269481874056
2023-03-20 19:00:00,9407.668930171163,38212.02023336086,246.19658611919797
2023-03-20 20:00:00,8230.470058626446,35657.87432234424,230.81774264566855
2023-03-20 21:00:00,6364.642286190184,31587.8443379861,201.49023839959716
2023-03-20 22:00:00,5302.228212993721,28993.426085815823,182.87691138329043
2023-03-20 23:00:00,3854.679636582055,26539.564984668334,145.2427588322894
2023-03-21 00:00:00,3681.172285432467,26922.619498319276,136.7315793941327
2023-03-21 01:00:00,4102.900728949425,27912.820928764013,146.9898273420802
2023-03-21 02:00:00,3667.397082470994,26992.597667830352,135.86677086813992
2023-03-21 03:00:00,3360.8536341991958,25709.347584259143,130.7249677645231
2023-03-21 04:00:00,3499.041165963601,25625.422550369272,136.54569633284655
2023-03-21 05:00:00,4169.285388659408,27752.412079992464,150.2314601210887
2023-03-21 06:00:00,5351.4765433295115,30909.466207802496,173.13390361877669
2023-03-21 07:00:00,6196.780492975826,33633.619551034164,184.243640015405
2023-03-21 08:00:00,6197.5134060021255,35579.42658151609,174.1881194122955
2023-03-21 09:00:00,6093.113863008184,37438.967083161755,162.7479158138573
2023-03-21 10:00:00,6124.79392339932,37227.67795785235,164.52258801458314
2023-03-21 11:00:00,5445.851158762794,36598.16994378518,148.80118779511722
2023-03-21 12:00:00,5441.181067283885,36786.295197856125,147.9132660143768
2023-03-21 13:00:00,5155.314820327414,36440.84415974272,141.4707847526387
2023-03-21 14:00:00,4724.1998173733045,35382.77369577489,133.51694409241378
2023-03-21 15:00:00,4940.122690928338,35573.8659427285,138.8694357504354
2023-03-21 16:00:00,6064.5962308639955,35993.16746192527,168.49298515556654
2023-03-21 17:00:00,7166.3381436780155,37111.677974718514,193.10197045145523
2023-03-21 18:00:00,7853.456814134588,38101.860690260306,206.11740927765527
2023-03-21 19:00:00,7643.038262241373,37719.70186598608,202.62721824780698
2023-03-21 20:00:00,6774.0022394252455,35776.6002968625,189.34169773586075
2023-03-21 21:00:00,5658.206437848581,33158.54089376169,170.640995813935
2023-03-21 22:00:00,4844.626238126319,30494.619506877403,158.86823041139166
2023-03-21 23:00:00,4464.444993634592,29602.598997877405,150.81260243246567
2023-03-22 00:00:00,4495.096701731974,30008.116565783475,149.79602908026135
2023-03-22 01:00:00,4468.532265378721,30272.95120344981,147.60808205806842
2023-03-22 02:00:00,4077.8652924284456,29404.983044773646,138.67939614926024
2023-03-22 03:00:00,3839.0095347996617,28802.36524486012,133.28799569628214
2023-03-22 04:00:00,4265.278940486756,29566.408706397062,144.26097477181628
2023-03-22 05:00:00,4467.304402088215,29755.251567343606,150.1349901874492
2023-03-22 06:00:00,4933.750795681856,30905.213692391837,159.64137458452308
2023-03-22 07:00:00,5496.818568711986,33965.580048930635,161.83496824706947
2023-03-22 08:00:00,5632.037314282855,36933.35915339359,152.49187843682395
2023-03-22 09:00:00,5371.385570267239,37623.283715000085,142.76759070143876
2023-03-22 10:00:00,5068.780382483649,37674.09277955155,134.54286509680313
2023-03-22 11:00:00,4803.772781591724,38201.8892984348,125.74699497358482
2023-03-22 12:00:00,4605.136675249267,37316.84569443467,123.40637558056157
2023-03-22 13:00:00,4174.782361511671,36250.66411412007,115.1643001178989
2023-03-22 14:00:00,4213.376990113636,35740.759134281434,117.88717117852973
2023-03-22 15:00:00,3924.5919399467075,35668.83891384987,110.02858684090292
2023-03-22 16:00:00,4633.301503669012,36196.26877699325,128.0049480297259
2023-03-22 17:00:00,5558.282019971071,36938.604439671275,150.47352503663063
2023-03-22 18:00:00,6133.875514417891,37828.018995525475,162.15164519039294
2023-03-22 19:00:00,5927.70136973855,37572.389967686075,157.76748231445052
2023-03-22 20:00:00,5079.861635341273,35298.42267332789,143.91185924519243
2023-03-22 21:00:00,4142.96300129776,32422.417465283514,127.78081726120085
2023-03-22 22:00:00,3331.8103976650755,28970.62251952455,115.0065172199743
2023-03-22 23:00:00,3206.4782965016498,28279.920395445115,113.38356868282058
2023-03-23 00:00:00,2894.9918840070222,27592.192719377606,104.92068946640512
2023-03-23 01:00:00,2745.3767926651203,27202.48653040134,100.9237442171657
2023-03-23 02:00:00,2562.9440638626684,27013.28491046739,94.87717144942827
2023-03-23 03:00:00,2649.215437868139,26164.86810061348,101.25086156295295
2023-03-23 04:00:00,2810.5055732037777,25748.73258560506,109.15121992353919
2023-03-23 05:00:00,2793.976889778128,26176.773863600567,106.73495917933647
2023-03-23 06:00:00,3315.685083461924,28676.008970055358,115.62575137022365
2023-03-23 07:00:00,4443.048036159599,33408.34685415684,132.9921547916033
2023-03-23 08:00:00,4702.522353310168,35496.69529292927,132.47775080197067
2023-03-23 09:00:00,4765.869377042063,37033.29788213078,128.6914655079012
2023-03-23 10:00:00,4759.680481977951,37544.393658999594,126.77473300563025
2023-03-23 11:00:00,5194.588596166017,38754.59478056004,134.03800570175775
2023-03-23 12:00:00,4941.37380184686,37706.308186291935,131.0489952353195
2023-03-23 13:00:00,4329.998313081592,37256.90569772445,116.22001967130771
2023-03-23 14:00:00,3971.5915541520817,36106.841897153114,109.9955395009284
2023-03-23 15:00:00,4481.257999885379,36145.51444678562,123.97826033110705
2023-03-23 16:00:00,5195.388577194506,36125.2356004514,143.81604689464191
2023-03-23 17:00:00,6304.167784329441,37836.61918984187,166.61551479266265
2023-03-23 18:00:00,6868.737343869234,38266.47236749683,179.4975318839024
2023-03-23 19:00:00,6488.286382269474,37987.52475125101,170.8004515891971
2023-03-23 20:00:00,5426.12982261494,35485.23283513074,152.91233533186846
2023-03-23 21:00:00,4239.328657398457,32162.329234989287,131.81037438005285
2023-03-23 22:00:00,2992.6571999957364,29009.43082581901,103.16152764128718
2023-03-23 23:00:00,2283.800571869767,27222.022140176145,83.8953315117313
2023-03-24 00:00:00,2368.2322619415713,27822.5506585346,85.1191643428678
2023-03-24 01:00:00,2223.8394110177273,26877.40503843773,82.74010857214026
2023-03-24 02:00:00,2601.444921655987,25899.286868559422,100.4446545134038
2023-03-24 03:00:00,2611.0580087966255,25637.58234311677,101.84493895921693
2023-03-24 04:00:00,2832.489087000844,25427.350584833148,111.39536844591119
2023-03-24 05:00:00,3059.798410147678,25840.006542957668,118.41322118324243
2023-03-24 06:00:00,3495.749182378662,28780.326332454395,121.46315305801967
2023-03-24 07:00:00,4462.955150810218,33062.52057370456,134.98532699166668
2023-03-24 08:00:00,4676.357572833618,35067.65010776304,133.35246469219214
2023-03-24 09:00:00,4314.70693071413,35975.48128090344,119.93465485629152
2023-03-24 10:00:00,4436.077858308491,36678.71305200484,120.94420684877376
2023-03-24 11:00:00,4222.116925969594,36803.83300062017,114.71948929608632
2023-03-24 12:00:00,4155.844518368584,36534.35012992595,113.75170226346674
2023-03-24 13:00:00,3549.260718415125,35013.114811630134,101.36946505645321
2023-03-24 14:00:00,3616.512165162274,34670.463543753016,104.31104160457362
2023-03-24 15:00:00,3507.8912089817277,34232.388346517844,102.47287374380801
2023-03-24 16:00:00,3929.4540045494664,34294.45849691136,114.57985274511223
2023-03-24 17:00:00,4852.488478125329,35191.69677544541,137.88731214321825
2023-03-24 18:00:00,5578.980170451949,36113.64186476478,154.48400887796438
2023-03-24 19:00:00,5756.799181100419,35935.75029903953,160.19699416862554
2023-03-24 20:00:00,5037.336199616689,34031.197214723354,148.02112802065398
2023-03-24 21:00:00,4233.102633952365,31373.093929298568,134.92780289670998
2023-03-24 22:00:00,3487.7318281654498,28565.071586845574,122.09778006548305
2023-03-24 23:00:00,3144.397923625255,27886.092965621294,112.75864021187017
2023-03-25 00:00:00,3287.5934516342877,27592.667623436988,119.1473581496641
2023-03-25 01:00:00,3100.65757338293,27540.67583714349,112.58465811507583
2023-03-25 02:00:00,2780.966858172474,27220.67197910629,102.16378421175843
2023-03-25 03:00:00,2683.4388193311484,27324.212403776935,98.2073620156834
2023-03-25 04:00:00,2498.2084391794456,26766.738655154575,93.33256738389964
2023-03-25 05:00:00,2530.01165419145,26530.660309432646,95.36180497143283
2023-03-25 06:00:00,3002.866752203257,27553.75198239915,108.98213623035568
2023-03-25 07:00:00,3414.40657638629,28643.324089495556,119.2042713240278
2023-03-25 08:00:00,3491.3206422762314,30266.82147168634,115.35141361117988
2023-03-25 09:00:00,3500.68890808053,32082.516112634974,109.11516091164255
2023-03-25 10:00:00,3757.1132770050226,33003.33912066942,113.84039849022452
2023-03-25 11:00:00,4047.29844427847,33246.4397236597,121.73629651532961
2023-03-25 12:00:00,3936.019836661218,33178.4581519533,118.63178869357719
2023-03-25 13:00:00,3987.0474947940475,32525.404297350833,122.5825652571147
2023-03-25 14:00:00,3867.7681634435976,31800.82819061968,121.62476210555035
2023-03-25 15:00:00,4209.639360863788,30962.270841664315,135.96029123287352
2023-03-25 16:00:00,5256.442221389989,31958.17047791355,164.4788216216176
2023-03-25 17:00:00,6859.9648142050655,33823.61817447156,202.81581878140517
2023-03-25 18:00:00,7690.444026394828,34216.829387546975,224.7561847210111
2023-03-25 19:00:00,7958.817457882076,33869.93925934453,234.9817458171639
2023-03-25 20:00:00,7492.661163601409,32335.531347388503,231.71603655143073
2023-03-25 21:00:00,6668.742258285854,30069.527905815787,221.77741796192433
2023-03-25 22:00:00,5842.320415164134,27537.776095489604,212.15658065144353
2023-03-25 23:00:00,4802.258067993053,25171.696304873545,190.780073374049
2023-03-26 00:00:00,4407.440426301171,24450.014155604906,180.26330775317004
2023-03-26 01:00:00,4016.241610964547,23968.95134289749,167.56017205377844
2023-03-26 02:00:00,3524.2135450393084,23484.5932172337,150.06491755850956
2023-03-26 03:00:00,3543.443363731314,23676.9395041094,149.6579979484388
2023-03-26 04:00:00,3608.4236806093577,24331.645528660585,148.30167061076673
2023-03-26 05:00:00,3563.198563276436,24693.624001863507,144.29629944181295
2023-03-26 06:00:00,3381.485128318738,25219.975953385638,134.07963332593079
2023-03-26 07:00:00,3753.2055983907303,26916.74151997961,139.43759112167504
2023-03-26 08:00:00,4711.5883341073395,29630.03604230801,159.01392517308372
2023-03-26 09:00:00,5114.850110583173,31441.889794582883,162.67629407773097
2023-03-26 10:00:00,5853.7463218603125,32480.18616567571,180.2251468634257
2023-03-26 11:00:00,6078.7231501679535,33592.25548205092,180.95608832863124
2023-03-26 12:00:00,5907.435992241175,33642.307357159494,175.59544681420314
2023-03-26 13:00:00,5939.437356156278,33681.27089980092,176.34243594387004
2023-03-26 14:00:00,5813.643123706428,33893.75462312093,171.52549749506358
2023-03-26 15:00:00,6071.892723792744,34741.796519306714,174.771984529311
2023-03-26 16:00:00,6805.000132128683,36089.48723904929,188.5590694889559
2023-03-26 17:00:00,6934.785632961588,35460.95897540577,195.56114198071361
2023-03-26 18:00:00,7447.1030358480175,35475.51027193551,209.92236556324832
2023-03-26 19:00:00,7350.721944833931,34446.1441113267,213.3975263262294
2023-03-26 20:00:00,6796.361898300044,32734.64283506707,207.61985803674096
2023-03-26 21:00:00,5855.103690472837,29908.612861657522,195.76647427801672
2023-03-26 22:00:00,4981.408005833996,26444.52056692844,188.37202940497824
2023-03-26 23:00:00,4317.010766904727,25329.048501986286,170.43714715798302
2023-03-27 00:00:00,4408.617334202053,25543.722961811567,172.59102523124895
2023-03-27 01:00:00,4342.7684666090445,25838.213296499798,168.07541670063316
2023-03-27 02:00:00,4272.04644307816,25774.644633297223,165.74608511029774
2023-03-27 03:00:00,4268.9367684231265,25597.512593851032,166.7715467575783
2023-03-27 04:00:00,4939.407219881917,25018.984374235795,197.42636815299545
2023-03-27 05:00:00,7012.805258730469,29366.3526259881,238.80409487844958
2023-03-27 06:00:00,9049.358734900059,34795.44879245866,260.07305693557714
2023-03-27 07:00:00,10071.487771345612,38667.89310059615,260.4612499870167
2023-03-27 08:00:00,10122.551628700327,40001.93240311039,253.05156577668825
2023-03-27 09:00:00,10030.732762130734,39937.99970221986,251.15761522661333
2023-03-27 10:00:00,9384.10716641812,39274.26355054336,238.93782640485162
2023-03-27 11:00:00,8874.749925064976,38334.65701288103,231.50722131367775
2023-03-27 12:00:00,8510.569207135453,37511.145707546035,226.88107885287548
2023-03-27 13:00:00,8497.004253226103,36372.6334118677,233.6098174968462
2023-03-27 14:00:00,8286.67757926495,35383.0631156528,234.1989881480634
2023-03-27 15:00:00,8785.919836740868,35759.09270315404,245.69750439909592
2023-03-27 16:00:00,9746.957599597716,36683.882432489365,265.7013640128027
2023-03-27 17:00:00,10345.106975000885,36447.05126833901,283.83933994648066
2023-03-27 18:00:00,10567.436542040288,36296.44235156557,291.14248828258735
2023-03-27 19:00:00,9874.771430492574,36121.15755885191,273.3791522158084
2023-03-27 20:00:00,8740.526977486496,33705.13322014303,259.32331791713375
2023-03-27 21:00:00,7604.827624451177,30085.552355328262,252.77340879880288
2023-03-27 22:00:00,5199.424815478871,26305.13235256491,197.6581887439884
2023-03-27 23:00:00,4371.31072821659,24994.97697717807,174.88756769841646
2023-03-28 00:00:00,4512.35846631237,25531.629587292744,176.73601486675963
2023-03-28 01:00:00,4670.466129992305,26428.407172753265,176.72143839252584
2023-03-28 02:00:00,4507.235034978128,26147.10672595661,172.37987675721425
2023-03-28 03:00:00,4372.199502126262,25658.363324883707,170.40056089181903
2023-03-28 04:00:00,4715.10091744387,26599.919374855413,177.2599702652106
2023-03-28 05:00:00,6517.427282044576,31495.276200124194,206.9334855370748
2023-03-28 06:00:00,7752.490999054296,34796.29067555563,222.79647768606597
2023-03-28 07:00:00,7833.183132890829,36466.62318910853,214.80418113488395
2023-03-28 08:00:00,7879.654008720235,38352.4441059316,205.45376422311415
2023-03-28 09:00:00,8093.728693592744,39415.81066495423,205.34218520562152
2023-03-28 10:00:00,8178.666547806368,40073.84902069781,204.0898677734239
2023-03-28 11:00:00,7669.536987291511,40066.0533332871,191.42232262042182
2023-03-28 12:00:00,7013.716697638415,39598.42384114823,177.12110779394698
2023-03-28 13:00:00,6875.133327263813,39322.03910099132,174.84172958595346
2023-03-28 14:00:00,6620.135276511709,38439.96274097178,172.22012729620948
2023-03-28 15:00:00,7244.511778130679,38873.934602659305,186.35910802903632
2023-03-28 16:00:00,8142.24196227764,39613.171037733904,205.5438064910701
2023-03-28 17:00:00,9161.871845772761,39510.00594027749,231.88738213863232
2023-03-28 18:00:00,8755.407643099292,39097.59504435661,223.9372430239301
2023-03-28 19:00:00,8277.921338507864,37435.04755392609,221.12757641307437
2023-03-28 20:00:00,7230.6255347396645,34208.01944662459,211.37223527429714
2023-03-28 21:00:00,5848.406206794239,30116.385156317814,194.1934988690819
2023-03-28 22:00:00,4605.188983816063,27004.6647929326,170.53309193533443
2023-03-28 23:00:00,4242.25529580111,25658.581703259697,165.33475407419613
2023-03-29 00:00:00,4345.77345108999,26086.16433954555,166.59304122001473
2023-03-29 01:00:00,4255.102336871587,26139.623676428866,162.78361117756188
2023-03-29 02:00:00,4004.26982049217,25259.466267209038,158.5255119064164
2023-03-29 03:00:00,3738.1632124196594,24108.68923975969,155.05460190074277
2023-03-29 04:00:00,4600.30340117333,25051.49403656545,183.6338940287822
2023-03-29 05:00:00,6368.050235651288,29504.37982391032,215.834065100078
2023-03-29 06:00:00,7519.4329137236355,33600.80290799252,223.78729860455243
2023-03-29 07:00:00,7605.261130214705,35821.9107071403,212.30752296802433
2023-03-29 08:00:00,7753.158559277008,37518.96592394189,206.64638185908805
2023-03-29 09:00:00,7661.931858888743,37718.768141455985,203.13314130923746
2023-03-29 10:00:00,7670.697500249137,37828.47077690989,202.77577556561585
2023-03-29 11:00:00,7466.5313113172415,38733.162141511486,192.76844178221992
2023-03-29 12:00:00,7065.807402055061,38557.412160567124,183.2541917655278
2023-03-29 13:00:00,6618.57572273889,38132.720193799025,173.56683942561153
2023-03-29 14:00:00,6564.057347833191,37891.48785312346,173.23303252902232
2023-03-29 15:00:00,6378.352362794526,38214.056463747635,166.91115660137913
2023-03-29 16:00:00,6765.20541562545,38856.14564911506,174.1090193741212
2023-03-29 17:00:00,7030.773089143125,38219.57986269878,183.95736202231146
2023-03-29 18:00:00,6890.228066260962,38023.36765350283,181.21035803692715
2023-03-29 19:00:00,6062.469349423494,36603.79029489713,165.62408702982466
2023-03-29 20:00:00,5288.8898942511005,33742.86148486126,156.74100125218962
2023-03-29 21:00:00,4272.050759922368,30357.373498681332,140.72530879879773
2023-03-29 22:00:00,3463.9167365467824,27284.18655023171,126.95693639865416
2023-03-29 23:00:00,3066.8597407867583,26396.68189291473,116.18353220409684
2023-03-30 00:00:00,3068.901138001726,26264.059846638465,116.84793424633148
2023-03-30 01:00:00,2937.6523267498847,26011.091876103084,112.9384472110056
2023-03-30 02:00:00,2540.919367019912,25650.946666775664,99.05752797463154
2023-03-30 03:00:00,2398.77216650587,25544.114004305182,93.9070412111997
2023-03-30 04:00:00,2346.9949668855966,24906.91144920035,94.23067053787386
2023-03-30 05:00:00,3539.3173100030513,27368.245843164645,129.32203730868682
2023-03-30 06:00:00,5888.46843107055,32315.043235337864,182.2206576728717
2023-03-30 07:00:00,6862.028426215608,34768.89304878421,197.3611416557755
2023-03-30 08:00:00,6824.45642900894,35456.434534376305,192.47441313909837
2023-03-30 09:00:00,6624.345318948868,36104.39130606868,183.4775516028545
2023-03-30 10:00:00,6866.2495724463515,36048.85492657086,190.4706706061108
2023-03-30 11:00:00,6497.053936774458,36780.341277214706,176.64474311986226
2023-03-30 12:00:00,6188.536826804932,36811.295415536944,168.11516022315632
2023-03-30 13:00:00,5335.883700965104,35291.69759275036,151.19373861066984
2023-03-30 14:00:00,5175.597394523774,34231.59686840793,151.19357167063077
2023-03-30 15:00:00,5075.371636530644,34587.11477015277,146.74168892834263
2023-03-30 16:00:00,5877.000328915279,34803.24240643145,168.86358633726732
2023-03-30 17:00:00,6673.454824360676,35210.324803987605,189.53119181692128
2023-03-30 18:00:00,7084.361247069436,35109.88772679215,201.77681290798893
2023-03-30 19:00:00,7010.040439459606,34135.56205304263,205.35886969040766
2023-03-30 20:00:00,6161.6470778643,31820.82318722698,193.6356907428345
2023-03-30 21:00:00,4885.574336485924,29164.37214239764,167.51858440948678
2023-03-30 22:00:00,3501.08648750016,26520.456433665353,132.0145637861588
2023-03-30 23:00:00,2937.4522295245956,25205.566821736924,116.53982036188047
2023-03-31 00:00:00,2915.882103333349,25581.755427065364,113.98287782269863
2023-03-31 01:00:00,2854.013034985918,25592.959075515613,111.51555498388258
2023-03-31 02:00:00,2797.767073098665,25418.10416422768,110.06985631273473
2023-03-31 03:00:00,2762.0168849867323,25361.22955745291,108.90705747249774
2023-03-31 04:00:00,2798.8858547399795,25014.412529755882,111.89092893589111
2023-03-31 05:00:00,3888.4740119000185,27608.66932101536,140.84250011065046
2023-03-31 06:00:00,6212.613340988896,33213.848034874645,187.04888799592365
2023-03-31 07:00:00,6978.739947730089,35736.88651293051,195.28114026399595
2023-03-31 08:00:00,7129.818062052164,36668.95590121152,194.4374440674107
2023-03-31 09:00:00,7278.609463066533,36731.495508016094,198.15717716906153
2023-03-31 10:00:00,7526.932186244123,36738.9014680002,204.876354095675
2023-03-31 11:00:00,7579.635860759173,36888.644565003575,205.4734173656792
2023-03-31 12:00:00,7178.432461434323,36275.48655025754,197.88659351237175
2023-03-31 13:00:00,6721.188882701695,35585.857504944965,188.87247221084183
2023-03-31 14:00:00,6383.663849209867,34969.61594863625,182.54886924083644
2023-03-31 15:00:00,6761.336654929077,35745.92191282206,189.14987481421724
2023-03-31 16:00:00,7000.875385671783,36085.39507119489,194.00855586752937
2023-03-31 17:00:00,7133.512368170891,35557.62808234884,200.6183413485906
2023-03-31 18:00:00,6930.500496751452,35483.01325422191,195.31882614075437
2023-03-31 19:00:00,6489.034596247569,34495.50757683089,188.1124544056852
2023-03-31 20:00:00,5578.080865311901,32146.801244300008,173.51900187272778
2023-03-31 21:00:00,4550.933539772848,29358.886032370337,155.01042971300438
2023-03-31 22:00:00,3945.510608358644,27092.99467367274,145.6284421815002
2023-03-31 23:00:00,3528.3300828357956,25782.243098671508,136.85116804354394
2023-04-01 00:00:00,3811.1295214606353,25726.697369877507,148.13908939291034
2023-04-01 01:00:00,3684.1077956492827,25249.40291065596,145.90870955187955
2023-04-01 02:00:00,3399.3220505728755,24741.04228275674,137.39607295938504
2023-04-01 03:00:00,3346.775790762242,24419.877751047614,137.0512917747373
2023-04-01 04:00:00,3253.3187249977886,24181.253602228768,134.53887786437727
2023-04-01 05:00:00,3355.214845161443,24382.312707592584,137.60855606271664
2023-04-01 06:00:00,4289.464045647257,26426.597034411814,162.31617109314766
2023-04-01 07:00:00,5616.114087659819,29536.92945309592,190.13872435786195
2023-04-01 08:00:00,6177.12983509976,31611.46886093641,195.40787118352142
2023-04-01 09:00:00,6416.242474765545,32555.42076926811,197.08676230111558
2023-04-01 10:00:00,6527.822600983808,32676.382042824513,199.7718900589629
2023-04-01 11:00:00,6496.029542238605,32543.310021613892,199.61182614565686
2023-04-01 12:00:00,6236.184157145481,32200.81818272525,193.66539451755304
2023-04-01 13:00:00,5826.442419190968,31839.757086687136,182.99267809512043
2023-04-01 14:00:00,5574.418692075363,31692.209979471158,175.8923942409264
2023-04-01 15:00:00,5553.938321095371,31619.18710304841,175.6508889047282
2023-04-01 16:00:00,6343.701390868351,32603.829826129604,194.56920934436772
2023-04-01 17:00:00,6812.570023007582,32718.855646876265,208.2154124378122
2023-04-01 18:00:00,7336.957136402754,32734.92629982907,224.1323859782469
2023-04-01 19:00:00,7336.288763119394,32192.117753743194,227.89084021247265
2023-04-01 20:00:00,6792.280318501141,30984.17577696104,219.21771834097615
2023-04-01 21:00:00,5753.6187123234395,28327.104566255442,203.11354797544033
2023-04-01 22:00:00,4825.349927806759,25563.727582141346,188.7576806747744
2023-04-01 23:00:00,4283.426181157331,23882.945846143295,179.3508308711856
2023-04-02 00:00:00,4397.869168581034,23825.128503551892,184.5895256315361
2023-04-02 01:00:00,4278.244903971525,23478.63538568558,182.2186355251242
2023-04-02 02:00:00,4094.1306617088017,22949.443385084956,178.39781963381355
2023-04-02 03:00:00,4136.131068905708,22934.481141703964,180.34552616865548
2023-04-02 04:00:00,4225.307111736317,23065.538552772963,183.18701304411323
2023-04-02 05:00:00,4354.214336138231,23277.491247704882,187.05685633401535
2023-04-02 06:00:00,5282.5525230340645,25509.850080696007,207.07893250346913
2023-04-02 07:00:00,6314.313440099053,27973.798726540557,225.7224162447503
2023-04-02 08:00:00,6928.355703450008,30186.41525340409,229.5189953920979
2023-04-02 09:00:00,7180.237087108158,31505.415786273494,227.90485089349292
2023-04-02 10:00:00,7666.740600742687,32465.441063358925,236.150822216782
2023-04-02 11:00:00,7733.002383231955,33011.90849549272,234.24887368410646
2023-04-02 12:00:00,7715.5712466013365,33645.45133645246,229.31989140065608
2023-04-02 13:00:00,7529.335818910588,33368.903491288685,225.63929380766749
2023-04-02 14:00:00,7340.348951203257,32457.804627797635,226.1505063382139
2023-04-02 15:00:00,7431.55097147821,32698.31594363782,227.27626047433134
2023-04-02 16:00:00,7934.620191595905,33478.447024580935,237.00681772275925
2023-04-02 17:00:00,7947.938427264076,32846.90975192149,241.96913765378292
2023-04-02 18:00:00,8154.237512516052,32431.9383740648,251.42615339442182
2023-04-02 19:00:00,8136.783197788019,32366.56703423076,251.3946934558301
2023-04-02 20:00:00,7300.096642691667,30494.517021223044,239.3904660831674
2023-04-02 21:00:00,6223.382680328269,28405.43475126534,219.09126668272677
2023-04-02 22:00:00,5012.989892424091,25953.721325913917,193.15110266745407
2023-04-02 23:00:00,4650.81718565135,24711.581172275914,188.2039499305343
2023-04-03 00:00:00,4841.609391500261,25022.17924418353,193.49271477326283
2023-04-03 01:00:00,4805.217701459667,25349.631941193253,189.55769111784102
2023-04-03 02:00:00,4963.137688440477,25230.134913959828,196.71467098237252
2023-04-03 03:00:00,4843.136191897912,23982.14083341145,201.94761700133748
2023-04-03 04:00:00,5514.421534534952,25116.832166247772,219.55083738407433
2023-04-03 05:00:00,6862.332830587245,28600.03095170984,239.94144769192926
2023-04-03 06:00:00,8110.703312825723,32614.08449974476,248.68713738965133
2023-04-03 07:00:00,8897.814967075683,35934.576391293864,247.61151683511767
2023-04-03 08:00:00,8876.303757204738,37969.11717061022,233.77693290365443
2023-04-03 09:00:00,8655.24202470979,38289.64164793987,226.04656643934604
2023-04-03 10:00:00,8635.582226842378,38153.197102853104,226.33967485248064
2023-04-03 11:00:00,8034.095546045406,38458.02877136192,208.90554723460139
2023-04-03 12:00:00,7397.11798853878,37412.94825365836,197.7154523719062
2023-04-03 13:00:00,7185.924114124255,36151.46075623119,198.77271799828074
2023-04-03 14:00:00,7046.050889116262,34911.92693915644,201.8236031885587
2023-04-03 15:00:00,6979.016180300189,34492.88395174714,202.3320575357888
2023-04-03 16:00:00,7438.0057453687905,35414.035109309014,210.02988567698173
2023-04-03 17:00:00,7906.548345022755,35262.604056256714,224.21907163773065
2023-04-03 18:00:00,8250.291320703522,35103.78378696241,235.02569896091057
2023-04-03 19:00:00,7943.670621410401,35047.18904526862,226.65642631567334
2023-04-03 20:00:00,7115.987994971205,32942.33826014968,216.0134456387211
2023-04-03 21:00:00,6276.213356488281,29813.91815315205,210.51286597916462
2023-04-03 22:00:00,5468.431735339533,27336.280821367425,200.0430040601986
2023-04-03 23:00:00,4901.103158863569,25753.502149886554,190.30822023113305
2023-04-04 00:00:00,5054.001385502366,25971.77791927162,194.5958956376332
2023-04-04 01:00:00,5157.971544525915,26165.21254288285,197.13088651859337
2023-04-04 02:00:00,5246.155634484731,25601.322841954363,204.91736567172825
2023-04-04 03:00:00,5554.833731102844,25629.808920512394,216.7333259615964
2023-04-04 04:00:00,6759.216120561996,27998.553181505707,241.41305005098476
2023-04-04 05:00:00,7995.917480529539,31054.115953334676,257.48333948855867
2023-04-04 06:00:00,9039.460587691234,33936.19374994443,266.3663654886469
2023-04-04 07:00:00,10018.98017804222,36886.431940698516,271.616951028213
2023-04-04 08:00:00,9653.917412135073,37572.99048414636,256.9376908183146
2023-04-04 09:00:00,8968.698687365257,38058.38751112602,235.65629743885867
2023-04-04 10:00:00,7619.222609545654,37733.213439182575,201.92350227011866
2023-04-04 11:00:00,7094.003993347349,37740.214438558825,187.96936103520045
2023-04-04 12:00:00,6477.937649058017,36791.39290926065,176.07209558590742
2023-04-04 13:00:00,6070.265718825635,35736.814128223705,169.86029300333038
2023-04-04 14:00:00,5913.4955284398875,34834.57776126885,169.7593571814401
2023-04-04 15:00:00,6077.9043055263755,34663.72504579136,175.33904095700512
2023-04-04 16:00:00,7386.458294626892,35823.060571456335,206.19283156706024
2023-04-04 17:00:00,7974.172499289219,35654.86946786861,223.64890457600384
2023-04-04 18:00:00,8770.590109093791,35516.7466920101,246.94238425466025
2023-04-04 19:00:00,8956.23040534204,35551.04147213944,251.92596431699022
2023-04-04 20:00:00,7981.446479685803,33727.32362598993,236.64630399357813
2023-04-04 21:00:00,7254.868970396064,32076.515880589017,226.17384623079718
2023-04-04 22:00:00,6240.185436287817,29490.050762467323,211.60307544230633
2023-04-04 23:00:00,5975.397269025982,28762.755894714155,207.74773081198745
2023-04-05 00:00:00,6084.552204560826,28975.562794338068,209.98909487099831
2023-04-05 01:00:00,5929.608985054539,28705.708612548653,206.56549765374612
2023-04-05 02:00:00,5923.574582882493,28793.806008434512,205.7239178852324
2023-04-05 03:00:00,6078.41869941629,29078.216014871534,209.03685068945052
2023-04-05 04:00:00,6352.828994898719,29599.771217719874,214.62426003805072
2023-04-05 05:00:00,7239.480352585467,31947.119451269667,226.60823501249186
2023-04-05 06:00:00,7831.7839018342165,33632.518062665404,232.86344148367763
2023-04-05 07:00:00,8466.726997596796,36244.461778099554,233.60057184551025
2023-04-05 08:00:00,8285.871504661722,37641.17964838292,220.12783823627288
2023-04-05 09:00:00,8369.332736538197,38511.45171005015,217.32062451320402
2023-04-05 10:00:00,8024.104535096876,38736.69658665116,207.14478110304373
2023-04-05 11:00:00,7916.747462579516,38907.60274888336,203.47559097062916
2023-04-05 12:00:00,7498.46377906669,38168.761919216384,196.45551498204415
2023-04-05 13:00:00,7275.746151822213,37340.20605131863,194.85018753840745
2023-04-05 14:00:00,7470.183676052653,36675.50218410488,203.68320080672873
2023-04-05 15:00:00,7721.4673515800105,37012.98218708627,208.61511003223103
2023-04-05 16:00:00,8497.984116514139,37278.60644516312,227.95873898920243
2023-04-05 17:00:00,9256.18427820286,37012.38434217387,250.08343673919632
2023-04-05 18:00:00,9685.442897021943,37025.88054882524,261.58575443600745
2023-04-05 19:00:00,9025.760264095126,35501.58914969163,254.2353872114912
2023-04-05 20:00:00,8450.354487413351,32620.111926846897,259.0535098826123
2023-04-05 21:00:00,7521.147095313998,29543.038707736727,254.5827181055807
2023-04-05 22:00:00,6071.5002294809065,26410.305630107065,229.89132782164978
2023-04-05 23:00:00,5673.9653352087125,24738.798693581975,229.35492565694864
2023-04-06 00:00:00,5685.770856745833,25353.78034077623,224.2573210118676
2023-04-06 01:00:00,5512.10563489954,25705.240108201935,214.4350961787265
2023-04-06 02:00:00,5277.00587130868,25170.7690313056,209.6481782000986
2023-04-06 03:00:00,5577.202911677591,26447.92721646395,210.87485858648907
2023-04-06 04:00:00,5988.870755980077,27838.45922402463,215.1293901643692
2023-04-06 05:00:00,6771.948105792692,30389.734041535103,222.83670191180835
2023-04-06 06:00:00,7490.718279290038,32557.58806546838,230.0759584594331
2023-04-06 07:00:00,7993.96124504865,34934.52730342842,228.82694749569822
2023-04-06 08:00:00,8167.46798026492,36576.799528288044,223.29640880548615
2023-04-06 09:00:00,7748.117273906023,36670.63904442511,211.2893987072183
2023-04-06 10:00:00,7690.311301767628,37530.012268953375,204.91097222820312
2023-04-06 11:00:00,7076.879355474225,37536.90027811719,188.53126664803005
2023-04-06 12:00:00,6491.376522453977,37840.38004644297,171.54628242334925
2023-04-06 13:00:00,5429.687202403345,36895.25407805033,147.16492237503158
2023-04-06 14:00:00,5111.607974060261,35818.09956807359,142.7101950047759
2023-04-06 15:00:00,5701.921992206972,36776.92905112883,155.04073176637237
2023-04-06 16:00:00,6362.496592305721,36755.77114665838,173.1019753855487
2023-04-06 17:00:00,6951.930550156108,35828.500870093325,194.0335314436504
2023-04-06 18:00:00,7123.8217610520505,35010.33156850851,203.47770049284156
2023-04-06 19:00:00,7352.157306887414,34595.83906607689,212.5156523258488
2023-04-06 20:00:00,6402.1031300429695,32264.558509429404,198.4252512915042
2023-04-06 21:00:00,5545.130418497794,29539.52049151225,187.71903965371092
2023-04-06 22:00:00,4962.147746367306,26794.755912737186,185.19100388626768
2023-04-06 23:00:00,4552.444283327571,25434.87151792313,178.98436326362454
2023-04-07 00:00:00,4382.669307686511,25281.940809532105,173.3517747195304
2023-04-07 01:00:00,4413.359528562406,24994.669367232935,176.57203076861475
2023-04-07 02:00:00,4581.568143572904,24351.70754873628,188.14155575758227
2023-04-07 03:00:00,4796.596447027302,23882.725730900576,200.83957338342012
2023-04-07 04:00:00,4951.135894442868,23556.234425849165,210.18367388167084
2023-04-07 05:00:00,5725.152613683797,25248.23400480243,226.75457668028682
2023-04-07 06:00:00,6723.884260469944,27719.915372097952,242.56510780108684
2023-04-07 07:00:00,7680.897636387546,30644.83873452136,250.6424557468801
2023-04-07 08:00:00,7457.830843688769,31767.35461683754,234.7639875476418
2023-04-07 09:00:00,6803.853933743598,31703.309503890676,214.61021073868073
2023-04-07 10:00:00,6283.848909818173,31894.646363104883,197.0189240626668
2023-04-07 11:00:00,6264.824956789596,32293.644678063993,193.99559942037402
2023-04-07 12:00:00,6005.474856325315,31790.625151958884,188.90710162569005
2023-04-07 13:00:00,5783.66895046239,30709.51948104051,188.33472643663868
2023-04-07 14:00:00,5549.573537623449,29025.033174516684,191.19955881724357
2023-04-07 15:00:00,5925.453358496455,29203.438705463515,202.90259028255784
2023-04-07 16:00:00,6968.856882095612,30201.036466886486,230.74893107514768
2023-04-07 17:00:00,7499.703700929685,30711.46798079428,244.19880240240218
2023-04-07 18:00:00,7915.508681137558,30578.43650094965,258.85916962732
2023-04-07 19:00:00,7960.0759801080985,30540.126384415853,260.6431905327674
2023-04-07 20:00:00,7534.6944339489355,28974.324727359384,260.0472834086174
2023-04-07 21:00:00,7229.479875153673,26641.01311621576,271.36655215087364
2023-04-07 22:00:00,6163.832495605291,24211.33903337573,254.58453525054298
2023-04-07 23:00:00,5620.696948674911,22523.812315596828,249.54465389426133
2023-04-08 00:00:00,5503.62531190602,22546.82051282798,244.09762382127187
2023-04-08 01:00:00,5316.397415216999,22613.279929637134,235.10067675982242
2023-04-08 02:00:00,5050.375976712948,22223.240456129675,227.256505939481
2023-04-08 03:00:00,5027.81959171814,22273.738517021036,225.7285901006697
2023-04-08 04:00:00,5002.861750222513,22559.773931799806,221.76027850928858
2023-04-08 05:00:00,5370.808733430309,23588.805696437066,227.6846400172576
2023-04-08 06:00:00,6097.363919170344,25541.233317800536,238.7262918475001
2023-04-08 07:00:00,6814.962409879204,28204.21563516324,241.62921238563848
2023-04-08 08:00:00,7044.4966783159225,29963.79453647333,235.10028643872297
2023-04-08 09:00:00,6646.9837157261545,30949.26204784008,214.77034591169007
2023-04-08 10:00:00,6202.960817910382,30669.245518363434,202.25345335594622
2023-04-08 11:00:00,5881.705841104608,30498.7012394412,192.85102650529694
2023-04-08 12:00:00,5400.317417341504,29510.18697461339,182.99841414041916
2023-04-08 13:00:00,5411.562515102559,28440.695849614036,190.27532039712727
2023-04-08 14:00:00,5393.092969336586,28072.66807824342,192.11187744268182
2023-04-08 15:00:00,5585.965976412019,28348.639575114288,197.0452924773022
2023-04-08 16:00:00,6137.880955662452,29299.718290449546,209.48600579764408
2023-04-08 17:00:00,6274.204179872914,29441.745388776475,213.10571425105496
2023-04-08 18:00:00,6436.97514348183,29675.6901143049,216.91071441600423
2023-04-08 19:00:00,6504.441989610474,29457.953218181934,220.80427453445154
2023-04-08 20:00:00,6237.929810276618,28303.276983117652,220.3960274281109
2023-04-08 21:00:00,5811.725373193095,26267.850662898712,221.24860719578032
2023-04-08 22:00:00,4894.375506345527,24113.97823087503,202.96839698058912
2023-04-08 23:00:00,4535.765049283735,22850.820071276386,198.49462886389873
2023-04-09 00:00:00,4433.472586610909,22999.57391646386,192.76324868945863
2023-04-09 01:00:00,4290.632822428498,22539.586199636968,190.3598754842094
2023-04-09 02:00:00,4044.4191196079973,21778.40217302217,185.70779837181954
2023-04-09 03:00:00,4098.603859307792,22012.127689755343,186.19753242733194
2023-04-09 04:00:00,4104.0242696046735,21913.81963421082,187.28018839753818
2023-04-09 05:00:00,4351.7418080964335,22394.869725213804,194.31869269580613
2023-04-09 06:00:00,4279.386349346675,24014.539422164424,178.19980946197032
2023-04-09 07:00:00,4594.33648899573,26502.018998481464,173.35798035836368
2023-04-09 08:00:00,4566.91564750594,29152.986561387355,156.65344056223535
2023-04-09 09:00:00,4438.706845038629,30942.643801009755,143.44950203944046
2023-04-09 10:00:00,4528.568273091963,32227.60132973285,140.51831617123653
2023-04-09 11:00:00,4354.777787606628,32711.33672690032,133.1274788298534
2023-04-09 12:00:00,4035.047958676547,32576.899336558407,123.86224720129641
2023-04-09 13:00:00,4012.436657804761,31108.743792543544,128.9809927576215
2023-04-09 14:00:00,3409.5914150881936,30171.344045875605,113.00760781170044
2023-04-09 15:00:00,3809.1923974562073,30333.61101774878,125.57662176215604
2023-04-09 16:00:00,4834.897781741497,31064.174189372592,155.64224409337658
2023-04-09 17:00:00,5457.352395621032,31596.318088420798,172.72114998807425
2023-04-09 18:00:00,5726.859524432905,32124.312627091844,178.27181521086285
2023-04-09 19:00:00,5628.719710704801,31977.34119279777,176.02213006916764
2023-04-09 20:00:00,5230.684042182547,31178.200918388116,167.76734667514512
2023-04-09 21:00:00,4330.970229565097,29013.053924906704,149.27660634329533
2023-04-09 22:00:00,4117.508041330636,27697.914312995603,148.65769295122482
2023-04-09 23:00:00,3648.635560916286,27138.668126181838,134.44416446495734
2023-04-10 00:00:00,3099.712091568182,26309.46001018866,117.81739687427186
2023-04-10 01:00:00,3033.6845174356677,26473.36474390423,114.59383976244294
2023-04-10 02:00:00,2840.001539384079,25751.61747890065,110.28439443506832
2023-04-10 03:00:00,2630.3130895744603,24899.646098706282,105.636565240625
2023-04-10 04:00:00,2576.5515450255975,24482.65489232758,105.2398751833504
2023-04-10 05:00:00,2508.066517414215,23959.7717921855,104.67823062622922
2023-04-10 06:00:00,2781.9548629011615,25139.915529882903,110.65887869011942
2023-04-10 07:00:00,3504.8850709986723,27688.021592413977,126.58488651131897
2023-04-10 08:00:00,3822.8979511478387,29965.406088140568,127.57704467288464
2023-04-10 09:00:00,4333.502064062207,31357.13431607661,138.1982811433265
2023-04-10 10:00:00,4643.175942170668,31929.031428498514,145.42175989799566
2023-04-10 11:00:00,4217.7839851927965,33349.21679852771,126.47325454968411
2023-04-10 12:00:00,3378.0705899524537,32626.704142107268,103.53698538593096
2023-04-10 13:00:00,2897.3336148793865,32572.98382621507,88.94897778899772
2023-04-10 14:00:00,2148.9584154765253,32329.478872970118,66.47055536899533
2023-04-10 15:00:00,2823.8443364306545,32177.8284845256,87.75745503736054
2023-04-10 16:00:00,3259.610389737009,32340.960174876884,100.78891820500557
2023-04-10 17:00:00,3809.9146901935605,32114.34606311055,118.63591065209246
2023-04-10 18:00:00,4106.830451947613,31075.01372079396,132.15860462193498
2023-04-10 19:00:00,4233.949066978798,31349.716902904638,135.05541629265912
2023-04-10 20:00:00,3858.198953226879,30027.126740429063,128.49044754029464
2023-04-10 21:00:00,3700.791032927733,28631.028913587576,129.25805230741915
2023-04-10 22:00:00,3001.584567942871,26769.26580411032,112.1280123970374
2023-04-10 23:00:00,3269.65732547301,26968.73255698069,121.23882049572552
2023-04-11 00:00:00,3443.7970734629025,27613.81956100815,124.71281149115951
2023-04-11 01:00:00,3346.7185997546426,27533.162921204,121.55227531731373
2023-04-11 02:00:00,3371.277637394023,27214.27620246638,123.87901160084832
2023-04-11 03:00:00,2983.928439593622,25735.392615183024,115.94648988697392
2023-04-11 04:00:00,3404.146138179725,26647.08822286193,127.74927263006283
2023-04-11 05:00:00,4458.616741510996,29515.334801468787,151.06102544664745
2023-04-11 06:00:00,6094.084410874711,33503.78133274255,181.8924362701439
2023-04-11 07:00:00,6770.7143422426225,35234.98403370869,192.1588593814942
2023-04-11 08:00:00,6336.423539923401,36321.28993742536,174.45480462945693
2023-04-11 09:00:00,5579.943718461294,36741.02631982783,151.8722876679685
2023-04-11 10:00:00,5449.710870515973,36401.60144358812,149.71074497811412
2023-04-11 11:00:00,5060.05433996678,36383.57508627474,139.07523732805532
2023-04-11 12:00:00,5054.835215162166,35235.10652515592,143.46019392770367
2023-04-11 13:00:00,4716.716454193863,34765.49041368116,135.67236929693095
2023-04-11 14:00:00,4666.203103458163,35215.89255840356,132.5027640778813
2023-04-11 15:00:00,5419.789204240895,35524.45986851735,152.56499956088132
2023-04-11 16:00:00,6553.422175565877,36966.03524032602,177.28225742794265
2023-04-11 17:00:00,7195.49939332475,37902.44162834764,189.84263504394292
2023-04-11 18:00:00,7323.79000488346,37957.36288415093,192.94780902551858
2023-04-11 19:00:00,7364.879243882428,38382.55916141918,191.88088039958913
2023-04-11 20:00:00,6530.50582139034,36290.76432745921,179.9495255174074
2023-04-11 21:00:00,5674.192604577777,33597.62110196366,168.88673716979744
2023-04-11 22:00:00,4756.418344404652,30753.203865313,154.6641567895138
2023-04-11 23:00:00,4535.81846935795,30335.364638795996,149.52246407340286
2023-04-12 00:00:00,3816.894690612762,28920.895291886623,131.9770585277677
2023-04-12 01:00:00,3839.968008905358,29035.080163586354,132.25270904266907
2023-04-12 02:00:00,4236.333563786917,29782.38976349296,142.24290251482049
2023-04-12 03:00:00,4468.032689248118,29645.875845548795,150.7134655938652
2023-04-12 04:00:00,4450.027966088128,29203.296360410648,152.3810158678112
2023-04-12 05:00:00,4974.673695436247,31181.388329430858,159.53983969151406
2023-04-12 06:00:00,5348.2640764709095,33162.05858370358,161.27660057566933
2023-04-12 07:00:00,6098.031473705237,35953.57065650688,169.60850792719845
2023-04-12 08:00:00,6135.038253020528,37641.78588711216,162.98478163123102
2023-04-12 09:00:00,5920.8432843747205,38175.55100774098,155.09516242932898
2023-04-12 10:00:00,5485.208636681955,37921.14867711759,144.64774480821157
2023-04-12 11:00:00,4977.55683956478,38651.85738992407,128.77924052525222
2023-04-12 12:00:00,4521.463301095668,38624.55585593748,117.0618846197196
2023-04-12 13:00:00,4437.9125877508595,37829.04261179053,117.31495912528472
2023-04-12 14:00:00,4433.889402206426,36849.11608494238,120.32552943700708
2023-04-12 15:00:00,4911.44089838917,36898.494208475015,133.10681109748612
2023-04-12 16:00:00,6176.469885799266,37245.14788483947,165.8328731811367
2023-04-12 17:00:00,6588.526288931701,37096.04074053804,177.6072636703747
2023-04-12 18:00:00,6582.221213449289,36619.08014686,179.74840403012416
2023-04-12 19:00:00,6041.761486485244,35186.683744601534,171.70590813100404
2023-04-12 20:00:00,5346.867917607707,32743.52117999717,163.29544669966887
2023-04-12 21:00:00,4297.621329770378,29932.694574024525,143.57615947813255
2023-04-12 22:00:00,3575.9382834912267,27439.43484188065,130.32113467706313
2023-04-12 23:00:00,3179.9908674189996,26493.092735136386,120.0309416197961
2023-04-13 00:00:00,3280.869145958369,26573.536012802964,123.4637778117924
2023-04-13 01:00:00,3193.4613435417737,26522.905133656794,120.40390475511539
2023-04-13 02:00:00,2685.014899504321,25973.768485684268,103.37409840948558
2023-04-13 03:00:00,2943.992095117353,25877.39510272001,113.76694151135429
2023-04-13 04:00:00,3566.1612072075923,27043.71837345893,131.86652656120953
2023-04-13 05:00:00,5007.615348028853,30467.017072309583,164.36185190509187
2023-04-13 06:00:00,6342.459835380822,34037.56071573257,186.33708473854477
2023-04-13 07:00:00,6662.656059389913,36063.59259367504,184.747430308938
2023-04-13 08:00:00,6297.269578783585,36968.5393162769,170.34131440543436
2023-04-13 09:00:00,5900.336589849948,37288.49591297038,158.23477041340203
2023-04-13 10:00:00,5627.68837460956,37587.916547233974,149.7206786531426
2023-04-13 11:00:00,5153.662510347027,37723.84021453533,136.6155322745025
2023-04-13 12:00:00,4912.709620476658,36817.86221364098,133.43277760044697
2023-04-13 13:00:00,4710.347324975711,35753.36132649159,131.74558000188813
2023-04-13 14:00:00,4771.300267516772,34918.913761345815,136.63942412774756
2023-04-13 15:00:00,5406.91398758072,34975.43101525152,154.5917757303108
2023-04-13 16:00:00,6634.749235918032,36460.18345194021,181.97245893355392
2023-04-13 17:00:00,7409.4775035770035,36148.87519255834,204.97117722496463
2023-04-13 18:00:00,7670.1406844178755,34924.7331351278,219.61916372392085
2023-04-13 19:00:00,7798.56694304133,34886.09519527548,223.54370414311853
2023-04-13 20:00:00,7318.926451127008,32369.22286625484,226.10757389412163
2023-04-13 21:00:00,6678.459838920063,30107.613675515724,221.81963376098304
2023-04-13 22:00:00,6343.91242159787,28773.95937436043,220.47408697082994
2023-04-13 23:00:00,6057.527305188007,27821.148964048687,217.73102588306915
2023-04-14 00:00:00,6114.820485369053,27351.111449116732,223.56753204508342
2023-04-14 01:00:00,5962.720426093025,26585.485933693642,224.28480114918844
2023-04-14 02:00:00,5735.7038086411385,25646.01616545476,223.64891964651974
2023-04-14 03:00:00,6129.19373508423,26178.735542558134,234.12871584726273
2023-04-14 04:00:00,7313.315367461129,28568.170532303047,255.9952293477002
2023-04-14 05:00:00,8653.017185335546,31487.64086004047,274.80677970754857
2023-04-14 06:00:00,9486.59200705832,33313.67952523952,284.76566210198945
2023-04-14 07:00:00,10315.958526508985,35794.310317499265,288.20106980705475
2023-04-14 08:00:00,10354.49673005101,37328.86917639427,277.3857595610987
2023-04-14 09:00:00,10148.577652377458,38030.95652252611,266.8504444889877
2023-04-14 10:00:00,9205.605288132689,37723.15348068601,244.03064003771306
2023-04-14 11:00:00,8892.280280362242,38403.06702794262,231.55130484479514
2023-04-14 12:00:00,8634.25262219931,37461.20293068096,230.48519392653571
2023-04-14 13:00:00,8266.529923108521,36069.617743365015,229.182631818413
2023-04-14 14:00:00,8363.306167428487,34945.66195300895,239.32315772625893
2023-04-14 15:00:00,8439.907755377,35165.091220171395,240.00812915667063
2023-04-14 16:00:00,8996.061054481163,35743.30422201319,251.68521070698236
2023-04-14 17:00:00,9128.871281531321,35255.8704336026,258.9319500343561
2023-04-14 18:00:00,9015.242931912142,34572.37184838552,260.76437484381455
2023-04-14 19:00:00,8776.413728569332,33730.365406065146,260.19325977984283
2023-04-14 20:00:00,8517.07904354036,31958.93468225161,266.5007181315815
2023-04-14 21:00:00,8004.733899420932,30436.959236841027,262.9938765279801
2023-04-14 22:00:00,6141.680286427703,26567.113814019784,231.17604454220637
2023-04-14 23:00:00,5746.264785896053,24769.130012917016,231.9930002749146
2023-04-15 00:00:00,5559.565549556823,24906.615586931064,223.21641935462412
2023-04-15 01:00:00,5398.22896617789,24440.664709721517,220.87079178459047
2023-04-15 02:00:00,5430.501794560741,24016.678422160512,226.1137738993059
2023-04-15 03:00:00,5285.075818084931,23301.18931934258,226.8157108057025
2023-04-15 04:00:00,5532.074954544425,23534.25712317676,235.06477921057407
2023-04-15 05:00:00,5746.469067918036,25070.274810782244,229.21444265328074
2023-04-15 06:00:00,6526.66677784363,28086.65751652911,232.37605877462138
2023-04-15 07:00:00,7182.144697134617,30612.14529440872,234.61749015174146
2023-04-15 08:00:00,7248.087660963019,32269.764659065022,224.60925071937055
2023-04-15 09:00:00,7326.235828921446,33603.24269745622,218.02169198022207
2023-04-15 10:00:00,7422.120002165353,33807.74705707918,219.53903020021554
2023-04-15 11:00:00,7079.576911950158,33495.158819144825,211.36119849963765
2023-04-15 12:00:00,6149.19984437093,31837.10064760218,193.14572367738702
2023-04-15 13:00:00,5373.260918101587,30345.577489669497,177.06899530683833
2023-04-15 14:00:00,5125.253169086845,29756.434525662557,172.24016421277634
2023-04-15 15:00:00,5824.567688651712,30366.9784692152,191.80596760907315
2023-04-15 16:00:00,6163.549496439463,30728.481886766214,200.5809958055204
2023-04-15 17:00:00,6809.058404100241,31312.49802533212,217.45497272659773
2023-04-15 18:00:00,6884.175528374802,30949.948842318972,222.42930233738616
2023-04-15 19:00:00,6995.272469613739,31343.39796670971,223.181688119569
2023-04-15 20:00:00,6559.261597009022,29884.333782908263,219.4882992760728
2023-04-15 21:00:00,6049.59242676913,27311.14240859372,221.50638505936556
2023-04-15 22:00:00,5090.414063098394,25545.191176420263,199.2709323622972
2023-04-15 23:00:00,5044.350298892337,24435.322075720025,206.43682466148536
2023-04-16 00:00:00,5336.396658740083,24863.353758113837,214.62899617870812
2023-04-16 01:00:00,5198.406404069463,24752.78679130647,210.01297542364875
2023-04-16 02:00:00,4960.9815204203,23606.54845416184,210.15276884095599
2023-04-16 03:00:00,4752.406829260684,23185.830072768957,204.97031222713218
2023-04-16 04:00:00,4626.896287739459,22916.961570655836,201.8983307832569
2023-04-16 05:00:00,4755.278116143524,23514.286187847567,202.22932042908886
2023-04-16 06:00:00,5208.58142368045,25457.10428230972,204.6022739239797
2023-04-16 07:00:00,5710.500163236019,27607.318654206087,206.84733040403404
2023-04-16 08:00:00,6391.229229393482,30011.52470383324,212.95916460309522
2023-04-16 09:00:00,6559.798641472749,31401.5663138856,208.9003642653342
2023-04-16 10:00:00,7017.511070751092,32328.62804903284,217.0680135299163
2023-04-16 11:00:00,6744.375333131385,32664.60785256892,206.4734823565614
2023-04-16 12:00:00,6397.178752652887,31819.15841702311,201.04801858085673
2023-04-16 13:00:00,6459.281853470665,31755.195067723496,203.40866556464601
2023-04-16 14:00:00,6748.290640296034,31605.220662007916,213.5182257533812
2023-04-16 15:00:00,7299.516841639771,32601.347221294516,223.9023066160861
2023-04-16 16:00:00,8133.382072404094,33373.524545696855,243.70761503680626
2023-04-16 17:00:00,8435.016613525819,32835.612149168315,256.8862299629601
2023-04-16 18:00:00,8430.873326058083,32092.58181463015,262.7047388943532
2023-04-16 19:00:00,8203.997643923713,31686.457702711985,258.9117950922469
2023-04-16 20:00:00,7741.980574931341,29640.64345984227,261.19475393374404
2023-04-16 21:00:00,7029.175033289756,27154.111479726544,258.8622735285516
2023-04-16 22:00:00,6760.432255577217,25754.10714113176,262.4991896838141
2023-04-16 23:00:00,6370.2572568979185,24297.520570390996,262.17725542995225
2023-04-17 00:00:00,6386.118631148312,23847.56431144117,267.7891355170595
2023-04-17 01:00:00,6341.806598090428,23309.008869934714,272.075343635501
2023-04-17 02:00:00,6303.150996385542,23172.489756368563,272.01008880166745
2023-04-17 03:00:00,6776.117424787989,24735.036658370333,273.94814563555343
2023-04-17 04:00:00,7314.430153875463,26479.109286993647,276.2339954338366
2023-04-17 05:00:00,8654.918285817394,30054.252142637604,287.9764981254937
2023-04-17 06:00:00,9657.635882342945,32965.98212247981,292.9576266364992
2023-04-17 07:00:00,9722.804349824084,34176.371326506836,284.48907746631306
2023-04-17 08:00:00,9418.257691481718,35398.294366927774,266.0652966455098
2023-04-17 09:00:00,9541.468480625648,36177.36775118147,263.7413685332053
2023-04-17 10:00:00,9549.903703384702,36566.91776436781,261.1623917805424
2023-04-17 11:00:00,9578.319363587018,37762.86708409284,253.64385978049242
2023-04-17 12:00:00,9144.517778740399,36086.36936568984,253.40642296464478
2023-04-17 13:00:00,8684.691562273196,35061.249459051454,247.70057246294584
2023-04-17 14:00:00,8597.22005870297,34959.75779882801,245.9176092744894
2023-04-17 15:00:00,8691.382356383876,35949.206458318826,241.76840638919435
2023-04-17 16:00:00,8814.22397407692,36132.75154024597,243.94001559109935
2023-04-17 17:00:00,8962.656608255938,35561.794479218544,252.03049338507083
2023-04-17 18:00:00,9163.278835811783,34502.87629050749,265.5801434830755
2023-04-17 19:00:00,8719.398039454207,33567.71558198646,259.7554789856872
2023-04-17 20:00:00,8327.905438961407,31956.358124512277,260.60245684170894
2023-04-17 21:00:00,7519.0396232922,29071.84875977076,258.63644536074185
2023-04-17 22:00:00,5986.868915491064,25899.53270351221,231.1574105998905
2023-04-17 23:00:00,5283.683193189517,24379.455174921186,216.7268774170462
2023-04-18 00:00:00,5215.950191928053,24218.007814378216,215.37486617009625
2023-04-18 01:00:00,5190.883097315454,24340.99865947453,213.25678415807093
2023-04-18 02:00:00,5067.1579668786635,24000.985988610006,211.12290842065207
2023-04-18 03:00:00,5170.125165550892,23823.97025853228,217.01358377490718
2023-04-18 04:00:00,5973.074642614187,26046.655621752405,229.32213368789962
2023-04-18 05:00:00,7231.734212786931,29405.319120110227,245.9328594002969
2023-04-18 06:00:00,8348.812255605755,32863.27959500846,254.04683764044776
2023-04-18 07:00:00,8764.713153881276,35505.801669847715,246.85298575653502
2023-04-18 08:00:00,8817.913579547348,36694.4698905586,240.30633514659868
2023-04-18 09:00:00,8051.026688745074,37049.358873088444,217.30542534686344
2023-04-18 10:00:00,7294.255145057181,36944.23132924846,197.4396240660819
2023-04-18 11:00:00,6622.594388772621,37596.61256815972,176.14869894904427
2023-04-18 12:00:00,6021.880894862604,37048.33888037791,162.54118475611338
2023-04-18 13:00:00,5439.994922856013,35662.49509448199,152.5410633340048
2023-04-18 14:00:00,5554.40970924989,35277.12021137336,157.45076910952457
2023-04-18 15:00:00,5722.642387756884,35483.16067051023,161.27769566235193
2023-04-18 16:00:00,6349.195162207415,35881.00493182806,176.95143082727301
2023-04-18 17:00:00,6518.158293484129,34738.67773345729,187.63403556970744
2023-04-18 18:00:00,6687.509208959068,34421.59352731776,194.28238276219574
2023-04-18 19:00:00,6631.837577383949,33865.62105503996,195.82802177481352
2023-04-18 20:00:00,5755.124735274738,32288.593684112915,178.24017953765681
2023-04-18 21:00:00,4909.141756642672,29423.14267812651,166.8462750681008
2023-04-18 22:00:00,3301.9547176678934,26164.606202811614,126.19928968443905
2023-04-18 23:00:00,3184.9028057568016,24983.92604737597,127.4780752919859
2023-04-19 00:00:00,3186.010381476287,24784.691340767844,128.5475109482474
2023-04-19 01:00:00,3172.8274812422974,24370.128238886486,130.19330264251695
2023-04-19 02:00:00,3005.640982382817,23604.852390395605,127.33148814799448
2023-04-19 03:00:00,2952.807249029589,23118.353217959422,127.72567410795116
2023-04-19 04:00:00,3587.546887006004,24188.871496522046,148.31394211680495
2023-04-19 05:00:00,5157.902404644363,28527.505019409324,180.80453937822705
2023-04-19 06:00:00,6423.04711493066,32436.526326882227,198.01895709182244
2023-04-19 07:00:00,6488.8072352968575,34832.508882625974,186.28595652302823
2023-04-19 08:00:00,6042.24148715115,36113.95967595732,167.3104124102387
2023-04-19 09:00:00,5635.37635899727,36730.259423842894,153.42598847366568
2023-04-19 10:00:00,5097.138906463851,36728.27915115217,138.77968214865172
2023-04-19 11:00:00,5111.717495353235,37498.007595174204,136.31970931733144
2023-04-19 12:00:00,4820.710454603069,37564.66348827636,128.3309900036127
2023-04-19 13:00:00,4723.216791964487,36682.79217894019,128.75837719561912
2023-04-19 14:00:00,4412.899145789234,35626.713695692146,123.86489485059707
2023-04-19 15:00:00,4586.150160624605,35071.67964747685,130.76505621408253
2023-04-19 16:00:00,4773.231023365265,35173.86666777369,135.70390393668322
2023-04-19 17:00:00,5821.377142367794,34510.6616217235,168.68344067629812
2023-04-19 18:00:00,5971.192504625518,33470.94627685437,178.3992736636395
2023-04-19 19:00:00,5973.038360683756,33098.3739375742,180.4631965289085
2023-04-19 20:00:00,5555.923125116002,31857.586631101207,174.39874493480903
2023-04-19 21:00:00,4571.999358941114,28692.94889707155,159.3422612413233
2023-04-19 22:00:00,3105.1312449276948,25665.58552849934,120.98423554295006
2023-04-19 23:00:00,3056.25076975235,23812.073551996727,128.34878756268887
2023-04-20 00:00:00,3150.0214814709334,23640.790869042925,133.24518197890808
2023-04-20 01:00:00,2702.9962790561794,23274.256900139477,116.13673814178708
2023-04-20 02:00:00,2592.326740493441,22865.390940064935,113.37338369977937
2023-04-20 03:00:00,2863.6939237743813,22299.57378681679,128.4192223201754
2023-04-20 04:00:00,3584.5225580097513,23288.562530933505,153.91772477363241
2023-04-20 05:00:00,5332.471894274214,27479.513074743587,194.05263403940324
2023-04-20 06:00:00,6675.00064522664,31883.86214834906,209.35357875307682
2023-04-20 07:00:00,7228.987180592168,34762.11467967004,207.95590967945066
2023-04-20 08:00:00,7251.474228905392,35685.69074005494,203.20397555780164
2023-04-20 09:00:00,6718.03168689661,35994.15256803656,186.64230736362273
2023-04-20 10:00:00,6301.354022584121,36004.85132299958,175.01402702804305
2023-04-20 11:00:00,6120.206429395805,36714.07198946034,166.69920000028213
2023-04-20 12:00:00,5566.502714945267,36365.87528284156,153.06940013545335
2023-04-20 13:00:00,5257.743284281878,35492.127112740185,148.13829747596526
2023-04-20 14:00:00,4817.580607404645,33927.14954329564,141.99780035327632
2023-04-20 15:00:00,5316.157111867708,34312.67016694454,154.93277223843344
2023-04-20 16:00:00,6240.113319071758,35165.99722636082,177.44735856357573
2023-04-20 17:00:00,6688.228238447236,35232.71993067441,189.83002878027344
2023-04-20 18:00:00,6822.786975041515,34714.99328687255,196.53718261329885
2023-04-20 19:00:00,6851.700211574143,33546.08566275322,204.24738315092603
2023-04-20 20:00:00,5977.762808226187,31902.36566467638,187.37678801183745
2023-04-20 21:00:00,5400.227992635052,29737.576303943224,181.5961037792773
2023-04-20 22:00:00,4362.340849518768,26520.479271360447,164.48951788852753
2023-04-20 23:00:00,3903.918604275716,24986.44065960117,156.24148543044345
2023-04-21 00:00:00,3883.042806517754,24422.138177762205,158.9968404180717
2023-04-21 01:00:00,3785.6054087308007,23834.43836774553,158.82922644629014
2023-04-21 02:00:00,3688.336239115735,23624.758293594296,156.1216497235362
2023-04-21 03:00:00,4045.323727922082,24424.13985830107,165.6280938199423
2023-04-21 04:00:00,4931.996057146516,26356.1017154724,187.12919347443474
2023-04-21 05:00:00,6220.821263312786,29879.008409342492,208.20039199720148
2023-04-21 06:00:00,6941.699981821822,32309.708817021325,214.84873234650792
2023-04-21 07:00:00,7309.143540903078,35282.8600569364,207.15847664016525
2023-04-21 08:00:00,7276.637342211865,36255.6049468964,200.703790568933
2023-04-21 09:00:00,6527.501049229863,37286.66287450595,175.06262416669415
2023-04-21 10:00:00,6054.358106611359,36729.68023915634,164.83557894296615
2023-04-21 11:00:00,5837.470382455741,37542.788043442335,155.48846227672166
2023-04-21 12:00:00,5415.599989766872,37179.61484323519,145.66046508553964
2023-04-21 13:00:00,4705.354912786325,35916.310170083714,131.00886172615873
2023-04-21 14:00:00,4511.286923397857,35038.32961139101,128.75291069615463
2023-04-21 15:00:00,4875.112087997578,35599.10104649355,136.94480884869895
2023-04-21 16:00:00,6250.157825704586,35319.259438339825,176.96174622845868
2023-04-21 17:00:00,6906.569874787993,34592.002548946315,199.65799508182477
2023-04-21 18:00:00,6709.896738659581,33762.43944845133,198.73850492658525
2023-04-21 19:00:00,6594.861373652022,32801.11932509777,201.05598556833291
2023-04-21 20:00:00,6191.404148380828,31144.12085630316,198.79848838718365
2023-04-21 21:00:00,5772.91943981837,28568.386237084167,202.0736975448979
2023-04-21 22:00:00,4731.356813669127,26316.932393742718,179.78375073814018
2023-04-21 23:00:00,4092.641246859258,24471.942805307768,167.23810117648677
2023-04-22 00:00:00,4210.489278865157,24242.648269724443,173.68107774444132
2023-04-22 01:00:00,4294.225037198118,23913.59890022862,179.5725124902494
2023-04-22 02:00:00,4128.303749357634,23071.272087911948,178.9369798781331
2023-04-22 03:00:00,4013.8046919225176,22573.892938608504,177.80737699245665
2023-04-22 04:00:00,4043.479129603475,23033.114967021218,175.5506858448335
2023-04-22 05:00:00,4352.673827669731,24612.558816236007,176.84767602458427
2023-04-22 06:00:00,5064.8974023066885,27490.028494498267,184.2448945922466
2023-04-22 07:00:00,5924.881250931064,30529.47553709147,194.07084945605078
2023-04-22 08:00:00,6341.935106802569,32803.377436635914,193.331772591187
2023-04-22 09:00:00,6353.656121329106,33451.91634073969,189.93399530870087
2023-04-22 10:00:00,5955.82184766384,33625.55046130771,177.12191372203984
2023-04-22 11:00:00,5557.664516534003,33318.48733418309,166.8042267582814
2023-04-22 12:00:00,4994.849015606008,32569.16678682596,153.3612771950431
2023-04-22 13:00:00,4551.468226569789,31815.519721306388,143.05811334968504
2023-04-22 14:00:00,4359.547393592131,30705.26651116047,141.98044469041042
2023-04-22 15:00:00,4946.586448700728,31626.625930670667,156.40575948709278
2023-04-22 16:00:00,5644.172941481722,32211.944411397184,175.21987711753002
2023-04-22 17:00:00,5813.026790804178,32127.863192655688,180.93412425053575
2023-04-22 18:00:00,6201.110747052833,31476.05784088883,197.01040004435717
2023-04-22 19:00:00,6550.448317313435,31473.08672139059,208.1285631530206
2023-04-22 20:00:00,6342.265386141431,29969.927642612576,211.6209775936768
2023-04-22 21:00:00,5703.108301832525,27896.588603961438,204.43748096936338
2023-04-22 22:00:00,4177.926485037488,25393.815577888578,164.52535351463206
2023-04-22 23:00:00,3538.976070888649,23865.19433623699,148.2902682889557
2023-04-23 00:00:00,3305.3701637849726,23408.931730451106,141.2012389905533
2023-04-23 01:00:00,3170.595746446519,23294.619157184454,136.10850321494325
2023-04-23 02:00:00,3320.8898524514716,23276.833473176855,142.66931351630416
2023-04-23 03:00:00,3556.532524335819,23476.687371392898,151.49209375550865
2023-04-23 04:00:00,3609.1193451411364,23561.15835371015,153.1808959033125
2023-04-23 05:00:00,3779.237119396952,24109.204988897996,156.75494572041035
2023-04-23 06:00:00,4494.269228196768,25944.243665866194,173.2279917687367
2023-04-23 07:00:00,4991.593809905552,28271.989715353237,176.55615540899987
2023-04-23 08:00:00,5450.065604669135,30410.237330146694,179.21812136817167
2023-04-23 09:00:00,5595.516051936933,31845.12998319233,175.7102594616575
2023-04-23 10:00:00,5876.419430592726,32736.069033020045,179.50901266322876
2023-04-23 11:00:00,5912.812697485924,33385.49121322747,177.107254756918
2023-04-23 12:00:00,5685.616634491197,33244.84886059394,171.02248406460706
2023-04-23 13:00:00,5260.16233837207,32909.296620610825,159.8381879446695
2023-04-23 14:00:00,5219.697983655803,33291.519253657825,156.78761740746634
2023-04-23 15:00:00,5649.874496934371,34514.91076258901,163.6937303937148
2023-04-23 16:00:00,5804.331005330489,34880.32617040156,166.4070162926365
2023-04-23 17:00:00,5825.039477292531,34613.6675103536,168.28726616589103
2023-04-23 18:00:00,6093.785051765685,34351.31563830053,177.39597271701945
2023-04-23 19:00:00,6426.101001488115,33795.90381985449,190.14437476629627
2023-04-23 20:00:00,5920.542879546463,32050.99431102396,184.72259618822773
2023-04-23 21:00:00,4943.999982847718,29257.3565215357,168.98314033287824
2023-04-23 22:00:00,3669.830009671808,26844.66823274994,136.70610408940317
2023-04-23 23:00:00,3333.793842546803,25273.02673817848,131.91114293843705
2023-04-24 00:00:00,3310.611050659808,25608.706512798577,129.2767773727755
2023-04-24 01:00:00,3387.115670736151,25762.767420999295,131.47328527972135
2023-04-24 02:00:00,3360.9185263049676,24862.966787596106,135.17769440056114
2023-04-24 03:00:00,3328.417634578919,23957.15103298795,138.9321138392388
2023-04-24 04:00:00,4111.073006553633,24685.926255113023,166.5350922654618
2023-04-24 05:00:00,5525.9383983027155,28301.910253477097,195.24966155328025
2023-04-24 06:00:00,6925.9471123835865,33207.35448414816,208.56666301706602
2023-04-24 07:00:00,7256.882088956065,36077.66264835165,201.14612633553253
2023-04-24 08:00:00,7100.405170921753,37865.2287851949,187.51782040461282
2023-04-24 09:00:00,6923.990057996156,38124.68735543603,181.6143433110382
2023-04-24 10:00:00,6486.16341741893,38021.33760590373,170.59272045210204
2023-04-24 11:00:00,6662.891505662527,38251.413004026545,174.1868072941817
2023-04-24 12:00:00,6353.524612101325,37752.88286239647,168.29243571302774
2023-04-24 13:00:00,6209.713878083676,37407.844051252585,166.00031452162094
2023-04-24 14:00:00,6015.138864200892,36556.429516636876,164.54393778975037
2023-04-24 15:00:00,6545.30266041375,37264.34024891499,175.64520441507958
2023-04-24 16:00:00,7401.080173521118,37992.14002860684,194.8055615700602
2023-04-24 17:00:00,7641.018509168663,37458.7158492458,203.98506291353573
2023-04-24 18:00:00,7629.395397270524,36382.65612468763,209.69869190208902
2023-04-24 19:00:00,7789.6241421877785,35181.20190971067,221.4143838001651
2023-04-24 20:00:00,7455.227597982218,33514.81086131938,222.44576073638407
2023-04-24 21:00:00,6811.422635063366,30812.32776292304,221.06160519490703
2023-04-24 22:00:00,5306.096554321253,27164.583024945947,195.33141920303086
2023-04-24 23:00:00,4594.456275926422,25289.01629588169,181.67793567655013
2023-04-25 00:00:00,4710.297746519071,25301.10652515015,186.16963419512408
2023-04-25 01:00:00,4587.15041413549,25283.56949154751,181.4281174052188
2023-04-25 02:00:00,4582.367908472758,24787.10659399137,184.869012084838
2023-04-25 03:00:00,4888.632245504264,24731.211857752238,197.6705498146414
2023-04-25 04:00:00,5759.721880850366,26964.926428315117,213.60050420171896
2023-04-25 05:00:00,6960.457408639949,29974.555012818866,232.21220150435101
2023-04-25 06:00:00,8346.734941204568,35053.524641394964,238.11399927948605
2023-04-25 07:00:00,8494.655501609877,36894.50534078005,230.2417507200078
2023-04-25 08:00:00,8136.232515140861,37127.59140585167,219.14248156314582
2023-04-25 09:00:00,7954.277571200362,37051.672586507804,214.68066124758093
2023-04-25 10:00:00,7827.49164218002,37288.66549841185,209.91611090274597
2023-04-25 11:00:00,7397.4775796753875,37668.00985630401,196.38620696700724
2023-04-25 12:00:00,7040.67740595885,37274.461909920276,188.88743244567223
2023-04-25 13:00:00,6800.823765286471,35866.91118394188,189.6127528353012
2023-04-25 14:00:00,7361.246441184941,35454.0052376592,207.62806322840598
2023-04-25 15:00:00,7941.164247397127,35969.51204664289,220.77486725701334
2023-04-25 16:00:00,8441.574509672177,35751.144676021635,236.12039799480763
2023-04-25 17:00:00,8734.997615883976,35647.6555864871,245.0370851090454
2023-04-25 18:00:00,8878.488738642302,34433.63547145135,257.8434898633746
2023-04-25 19:00:00,8991.551306491097,33966.60172071603,264.7174239101818
2023-04-25 20:00:00,8521.816515091075,32353.676252218585,263.3956168893391
2023-04-25 21:00:00,7788.838285488193,29088.169516109312,267.7665324101834
2023-04-25 22:00:00,6941.584303555608,26335.06885171716,263.5870953154158
2023-04-25 23:00:00,6883.598417026029,25472.111317791634,270.2405910191672
2023-04-26 00:00:00,6898.824438586945,25551.15885445141,270.00045195151927
2023-04-26 01:00:00,6681.471725091823,25404.58977379695,263.0025434216337
2023-04-26 02:00:00,6601.370519470275,24833.596171832658,265.8241872740862
2023-04-26 03:00:00,6669.117641058794,24605.577487596125,271.04089080700305
2023-04-26 04:00:00,7347.308507831122,26310.24182687254,279.256593541713
2023-04-26 05:00:00,8052.948237615798,28364.317942160258,283.9112244488709
2023-04-26 06:00:00,9274.590954820014,33146.26753200265,279.80800389864163
2023-04-26 07:00:00,9941.782432092556,36385.309195187925,273.2361673432581
2023-04-26 08:00:00,9871.680765437235,37587.92919594766,262.6290135318627
2023-04-26 09:00:00,9543.926834961892,37983.90259142032,251.26240812121404
2023-04-26 10:00:00,8862.754919394234,37141.2918641562,238.62268851093407
2023-04-26 11:00:00,8897.257916300554,37097.74467896756,239.8328521934333
2023-04-26 12:00:00,8711.039511675703,36336.29830052114,239.73381767263749
2023-04-26 13:00:00,8245.415199118619,35289.69561657001,233.64937143994652
2023-04-26 14:00:00,8090.900272236699,34838.63627072844,232.23929344888577
2023-04-26 15:00:00,8566.680596014328,35765.71062598188,239.52216930903342
2023-04-26 16:00:00,9101.121240631066,36320.39711553591,250.57879217785577
2023-04-26 17:00:00,9334.569982228488,35564.9454097832,262.4654663369942
2023-04-26 18:00:00,9227.440479413846,34581.959103646055,266.82815891830074
2023-04-26 19:00:00,9050.356558044537,33861.47446693231,267.2759146056305
2023-04-26 20:00:00,8424.848485867062,32087.529201873516,262.55834261539695
2023-04-26 21:00:00,7701.311263763421,29437.59851094355,261.6147937781143
2023-04-26 22:00:00,6470.078898718888,26298.85121903998,246.02135069818738
2023-04-26 23:00:00,6332.465278282355,25426.403949187752,249.05076199281598
2023-04-27 00:00:00,6572.238569875344,25419.00995155154,258.5560406326598
2023-04-27 01:00:00,6451.2241358862975,25003.93210021925,258.0083848423876
2023-04-27 02:00:00,6381.621185185349,24915.89590664717,256.1264988863127
2023-04-27 03:00:00,6424.026252374248,25499.926045834123,251.92332875113294
2023-04-27 04:00:00,6733.94641255723,26855.93618368929,250.74331300530238
2023-04-27 05:00:00,7477.557066619088,29195.4897471299,256.1202819813693
2023-04-27 06:00:00,8163.604102556143,33025.460505589646,247.19122693760565
2023-04-27 07:00:00,8752.953967665337,35821.56908847374,244.3487035994122
2023-04-27 08:00:00,8529.434163434702,37004.08923366635,230.49977286495718
2023-04-27 09:00:00,8152.70323778841,37537.07713538167,217.19067812298687
2023-04-27 10:00:00,7764.514088708479,37628.52612098519,206.34648467876764
2023-04-27 11:00:00,7568.965579648152,38211.50762060474,198.0807890334782
2023-04-27 12:00:00,6986.544248814561,37870.9626595383,184.48287970981661
2023-04-27 13:00:00,6666.10434843454,37135.916382505515,179.50558375273857
2023-04-27 14:00:00,7005.575480808115,36988.028485456256,189.40115944710914
2023-04-27 15:00:00,7488.289999170867,37163.06527428458,201.4981795474357
2023-04-27 16:00:00,8200.786051728333,37584.76001150577,218.19445033619579
2023-04-27 17:00:00,8367.353119661406,37822.561943011686,221.2265031720678
2023-04-27 18:00:00,8270.776444895955,37309.82582262951,221.67823790481182
2023-04-27 19:00:00,8461.207995032448,37015.514877643494,228.58544648105973
2023-04-27 20:00:00,7974.726380375955,35366.29197534459,225.48946850112222
2023-04-27 21:00:00,7138.748359060518,32546.162944673386,219.34224231581408
2023-04-27 22:00:00,5629.071746748717,27511.56861023857,204.60744447169867
2023-04-27 23:00:00,5126.1317877416495,26265.000823052767,195.16967931112524
2023-04-28 00:00:00,4932.790229856884,25668.014243701484,192.17654248681555
2023-04-28 01:00:00,4882.279526636657,25806.922782655216,189.1848775522368
2023-04-28 02:00:00,4834.629939111151,25035.427018401955,193.11154291706393
2023-04-28 03:00:00,4656.007188887337,24324.384787487113,191.41315307931112
2023-04-28 04:00:00,5093.3656686209515,24774.537381768565,205.5887296757004
2023-04-28 05:00:00,6769.336415055743,28109.34099724835,240.8215979064895
2023-04-28 06:00:00,7749.697363204099,32159.63558171755,240.97590731437668
2023-04-28 07:00:00,8338.73479248659,34343.6976511908,242.80247506189716
2023-04-28 08:00:00,8565.666512660866,35358.385443553845,242.25276140889133
2023-04-28 09:00:00,8509.58159812023,36029.87003902753,236.18130148409242
2023-04-28 10:00:00,8663.785773327814,36022.80869471802,240.50833589214753
2023-04-28 11:00:00,8412.871396956638,35573.256647635244,236.49427097127722
2023-04-28 12:00:00,7994.594126517944,34437.2231528539,232.1497900987238
2023-04-28 13:00:00,7938.677392765805,34079.25627898595,232.947495326093
2023-04-28 14:00:00,7614.3673365220075,33394.677964920695,228.0114018323665
2023-04-28 15:00:00,7685.916622269038,33585.20634971881,228.8482774896927
2023-04-28 16:00:00,7872.241276575542,33819.868306855395,232.76972001040622
2023-04-28 17:00:00,7903.555326165227,33304.30460664281,237.31332689615144
2023-04-28 18:00:00,7911.171514385997,32922.75999743744,240.29490586456808
2023-04-28 19:00:00,7773.388693630014,32161.702710122463,241.69705079648799
2023-04-28 20:00:00,7473.988884441449,30960.89473890327,241.40093325695022
2023-04-28 21:00:00,6726.167349594743,28043.386541726224,239.84861242014284
2023-04-28 22:00:00,5884.785621699687,25507.98614521428,230.7036544632815
2023-04-28 23:00:00,5476.801644965417,24025.795344244216,227.95506107053714
2023-04-29 00:00:00,5504.596475546931,23973.800301201965,229.60883991642115
2023-04-29 01:00:00,5599.65173773004,23837.480480621478,234.9095468492251
2023-04-29 02:00:00,5323.131628452696,23048.078631244567,230.9577172839267
2023-04-29 03:00:00,5175.607223893431,22396.609272397513,231.08887425526768
2023-04-29 04:00:00,5215.953592309167,22274.061631888944,234.17164226759976
2023-04-29 05:00:00,5538.097281186712,23406.233054838776,236.60779879493765
2023-04-29 06:00:00,6201.547228102852,26074.622765796237,237.8384256526166
2023-04-29 07:00:00,6890.843187699234,28995.231538825723,237.65435976850645
2023-04-29 08:00:00,7441.144338355212,31236.498290218155,238.2195427035251
2023-04-29 09:00:00,7618.302998170488,32274.955245816953,236.04379743200016
2023-04-29 10:00:00,7150.226763190042,32216.9243879452,221.9400796019339
2023-04-29 11:00:00,7031.440058105802,32540.863929535644,216.08031284392945
2023-04-29 12:00:00,6800.218657540589,31824.843919619005,213.67641816928034
2023-04-29 13:00:00,6646.32986428288,31099.311428199355,213.7130874948025
2023-04-29 14:00:00,6314.756981883288,30002.734747170543,210.47271307422437
2023-04-29 15:00:00,6448.028334879503,29884.694128952367,215.76357138059635
2023-04-29 16:00:00,7066.34318664967,30631.845282056696,230.68617386850482
2023-04-29 17:00:00,7245.139918742385,30310.408669642235,239.03141649155145
2023-04-29 18:00:00,7023.582213730632,29403.418843807933,238.86957673324198
2023-04-29 19:00:00,7258.300763463836,29128.95998728182,249.17816381473722
2023-04-29 20:00:00,6906.081837043056,28369.374668306315,243.43440480407875
2023-04-29 21:00:00,6074.636989725955,26586.95948909963,228.48182366308157
2023-04-29 22:00:00,4697.841502068106,24074.555968801364,195.1372024537491
2023-04-29 23:00:00,3893.315918104232,22509.38392434645,172.96412603692673
2023-04-30 00:00:00,3733.1152350703064,22584.881195573274,165.29266648531282
2023-04-30 01:00:00,3563.924364754822,22388.957481675297,159.1822382829477
2023-04-30 02:00:00,3496.277189935973,21910.012865576,159.5744015024821
2023-04-30 03:00:00,3419.186208270186,21245.472308124703,160.93717092665526
2023-04-30 04:00:00,3314.6463071973153,20993.90717623035,157.88610854439773
2023-04-30 05:00:00,3736.893070512467,22063.17652752231,169.3723959399476
2023-04-30 06:00:00,4180.041128033682,24350.338311165782,171.66254836455127
2023-04-30 07:00:00,4548.77536751707,26907.427665973395,169.05277695011188
2023-04-30 08:00:00,4953.448371259277,29269.353239870597,169.23668694228985
2023-04-30 09:00:00,5052.219388476259,30454.368843525044,165.89473301629167
2023-04-30 10:00:00,5482.814689240262,31082.943610896153,176.39303271515948
2023-04-30 11:00:00,5379.385294299489,31186.35763384901,172.49161820875221
2023-04-30 12:00:00,4891.165001034354,30510.7025407309,160.30981241761938
2023-04-30 13:00:00,4837.320373966527,30078.094936784502,160.82535759439492
2023-04-30 14:00:00,4788.382011790183,29559.493852308657,161.99133976092088
2023-04-30 15:00:00,5010.961835627936,29836.00234507006,167.95017568618474
2023-04-30 16:00:00,5573.22400770939,30540.32270511568,182.4873974490074
2023-04-30 17:00:00,5773.979833101204,30080.363175325987,191.95179923350878
2023-04-30 18:00:00,5692.700777381764,28961.322002092977,196.5621865248542
2023-04-30 19:00:00,5949.751846973868,28648.12244548126,207.68383192638643
2023-04-30 20:00:00,5895.348073191908,28084.574721054447,209.91409454287668
2023-04-30 21:00:00,5455.657019274951,25860.460963053316,210.965188403618
2023-04-30 22:00:00,3629.447509634289,23862.600842983884,152.09773375149192
2023-04-30 23:00:00,2692.82830827134,21779.87275270566,123.63838571723595
2023-05-01 00:00:00,2710.8532789300734,21933.397956304892,123.59477014599197
2023-05-01 01:00:00,2681.6211457453724,21955.648952673226,122.13809537243807
2023-05-01 02:00:00,2800.3277557166693,21572.07315133793,129.81263952106474
2023-05-01 03:00:00,2877.9709379031456,21130.555393010945,136.1994933107651
2023-05-01 04:00:00,2945.6003367616063,21059.895338100097,139.86775762520676
2023-05-01 05:00:00,3232.2286223407104,22131.082685987745,146.0492768565358
2023-05-01 06:00:00,4114.744682578311,24638.972678992584,167.0014710510467
2023-05-01 07:00:00,4723.375281807228,27160.32928365892,173.90714348404674
2023-05-01 08:00:00,5130.581308166987,29542.894402997845,173.6654925607548
2023-05-01 09:00:00,5331.554631773791,31054.39134410041,171.68440278532967
2023-05-01 10:00:00,5607.489709232261,31424.821552411133,178.44141771433593
2023-05-01 11:00:00,5430.611572795356,32228.207065623155,168.50492370666265
2023-05-01 12:00:00,4748.679471494476,31266.90611856122,151.8755790383584
2023-05-01 13:00:00,4406.986593135418,30332.73163847894,145.28815425066708
2023-05-01 14:00:00,4753.14261223747,30641.811822708518,155.11950271540195
2023-05-01 15:00:00,5674.106013899467,31489.93430663699,180.1879279469809
2023-05-01 16:00:00,6071.742108564,32191.044519497776,188.61587746512572
2023-05-01 17:00:00,6317.170326014597,32282.672093264628,195.68300628164528
2023-05-01 18:00:00,6352.581328635154,31292.79805434913,203.0045800826769
2023-05-01 19:00:00,6403.125526296033,30551.777441779926,209.58274975974658
2023-05-01 20:00:00,6360.669119105564,29793.02779916972,213.4952231771094
2023-05-01 21:00:00,5814.390896202243,26856.465093112474,216.4987415895394
2023-05-01 22:00:00,5462.3159142232025,23936.926095867027,228.19621418166685
2023-05-01 23:00:00,5200.994716727541,22562.737301767775,230.51257687249
2023-05-02 00:00:00,5125.270807593779,22970.130509473616,223.1276311416669
2023-05-02 01:00:00,5063.914391594239,22690.525796634574,223.17307395077248
2023-05-02 02:00:00,5041.819966195266,22288.470440113884,226.20753540454723
2023-05-02 03:00:00,5076.209307265134,21568.02678915292,235.3580768834209
2023-05-02 04:00:00,5744.741912808153,22177.30927034497,259.03692115120117
2023-05-02 05:00:00,6754.099892189008,25397.3624870992,265.9370592367538
2023-05-02 06:00:00,8049.960061704212,30268.13860623971,265.954909432215
2023-05-02 07:00:00,8781.233839121223,33721.21954363433,260.4067693269085
2023-05-02 08:00:00,8965.80203184855,34990.32973136141,256.23656880868464
2023-05-02 09:00:00,8894.386859356573,35631.809476394024,249.6192865324193
2023-05-02 10:00:00,8878.680946838856,36046.291152598504,246.31330056265193
2023-05-02 11:00:00,8621.739265357744,35634.15713151417,241.95154198646227
2023-05-02 12:00:00,8356.261500255438,34749.577853155235,240.47087810871622
2023-05-02 13:00:00,8130.311794898227,34217.03908352693,237.6100332659232
2023-05-02 14:00:00,8302.913098846846,33821.52667464429,245.49196666132372
2023-05-02 15:00:00,8373.635678105466,34225.97603815234,244.65732310369225
2023-05-02 16:00:00,8574.906886403967,34401.993273278786,249.256106129885
2023-05-02 17:00:00,8456.423517671594,33910.95910370104,249.37140503196974
2023-05-02 18:00:00,8211.314830806368,32733.915318509127,250.85037188213616
2023-05-02 19:00:00,8125.4742642032115,31925.324658249076,254.51500810669748
2023-05-02 20:00:00,7905.843152938916,30781.527336806477,256.83726042682883
2023-05-02 21:00:00,6991.145098079712,27723.996739813705,252.1694531885409
2023-05-02 22:00:00,5821.236578192848,24876.236444804395,234.00792925847355
2023-05-02 23:00:00,5388.081643631895,23380.143510748214,230.4554564070537
2023-05-03 00:00:00,5329.6280238707295,23093.68826734629,230.78288587651227
2023-05-03 01:00:00,5115.208110071092,22427.654039679288,228.07593255278513
2023-05-03 02:00:00,4901.352869209105,22301.55489610411,219.77628430138427
2023-05-03 03:00:00,5008.255860043696,22179.558005829294,225.80503447036284
2023-05-03 04:00:00,5535.0215271360785,23295.143574674337,237.6040958662972
2023-05-03 05:00:00,6297.573685650222,26539.188728016918,237.29337585221631
2023-05-03 06:00:00,7579.143148201404,31558.50328231672,240.1616794180556
2023-05-03 07:00:00,7920.5492570741135,34094.50255378872,232.31162398038714
2023-05-03 08:00:00,7943.181222859921,34976.60098922139,227.09986099872145
2023-05-03 09:00:00,7493.322117250499,34725.56932019676,215.78687589413556
2023-05-03 10:00:00,6851.387470131121,34831.427048775426,196.70131403278225
2023-05-03 11:00:00,6349.8098033026545,35257.824903878114,180.09646994997186
2023-05-03 12:00:00,5870.862053727898,34556.78886434842,169.89026604218873
2023-05-03 13:00:00,5425.44561458706,33320.1969531229,162.82753737080074
2023-05-03 14:00:00,5342.169579473247,32733.1303717726,163.20374858128645
2023-05-03 15:00:00,5615.526311955951,32934.589020680374,170.505431491185
2023-05-03 16:00:00,6022.360329286304,33186.66958214403,181.46925874498154
2023-05-03 17:00:00,6491.404328721822,33213.21389400868,195.4464373558502
2023-05-03 18:00:00,6985.856890246778,33005.78666973815,211.65551847463965
2023-05-03 19:00:00,6705.306563230038,31912.76253495732,210.11363575575848
2023-05-03 20:00:00,6204.775945851218,31052.171220189713,199.81778091629724
2023-05-03 21:00:00,5089.117038828949,28471.863641530592,178.7419714741008
2023-05-03 22:00:00,3247.7395630559217,25452.24984197291,127.60127624160458
2023-05-03 23:00:00,2782.4991213389953,24668.841037703227,112.79407561491416
2023-05-04 00:00:00,2591.1820031078714,24099.27111841758,107.52117731592271
2023-05-04 01:00:00,2729.571455930208,25167.35251775614,108.45683724596908
2023-05-04 02:00:00,2909.369274335654,25487.54308102618,114.14867510323074
2023-05-04 03:00:00,3360.3441214746344,25084.406427358717,133.9614764736717
2023-05-04 04:00:00,3710.481320704995,25725.591836379077,144.2330790406901
2023-05-04 05:00:00,4038.1678212317956,28138.281214486247,143.51153115751976
2023-05-04 06:00:00,4793.3417537952455,32075.98990337619,149.4370639295755
2023-05-04 07:00:00,5291.491846545175,34379.31216792477,153.91500041359274
2023-05-04 08:00:00,5171.493100450243,35457.87568899172,145.84892636576615
2023-05-04 09:00:00,4727.847519116198,35763.792046733804,132.19648277056731
2023-05-04 10:00:00,4747.8008103520915,36139.997375417384,131.3724724723298
2023-05-04 11:00:00,4764.111564586159,36308.580820722316,131.21172617870945
2023-05-04 12:00:00,4583.317090570072,36022.622413941775,127.23440947475822
2023-05-04 13:00:00,4304.734112052291,34864.18430645985,123.47152809350779
2023-05-04 14:00:00,4118.075712340127,34713.53089521127,118.63027488535359
2023-05-04 15:00:00,4364.934270387076,34881.34878799735,125.13662521814659
2023-05-04 16:00:00,5484.733904236198,36104.98673983396,151.9107026339105
2023-05-04 17:00:00,6269.028604083055,35899.53680900164,174.62700528523604
2023-05-04 18:00:00,6174.59790213682,35625.03852475953,173.32185894607392
2023-05-04 19:00:00,6104.675037287929,34118.03660936714,178.9280874272784
2023-05-04 20:00:00,5686.604519504282,32092.37010462984,177.19490648289317
2023-05-04 21:00:00,4431.480447718666,28952.580206402148,153.05994892775578
2023-05-04 22:00:00,3601.8050873212205,26186.03664077262,137.5467825365018
2023-05-04 23:00:00,3185.6560335918693,24678.51762040523,129.08619887921614
2023-05-05 00:00:00,3281.7709204179628,24809.46486248492,132.2789886282642
2023-05-05 01:00:00,3110.231030007499,24414.892982704776,127.39072959323435
2023-05-05 02:00:00,3087.3341007793783,24149.626681475685,127.84189757879619
2023-05-05 03:00:00,3414.725381606909,23617.61228893462,144.58385292431888
2023-05-05 04:00:00,3986.4492785747207,23979.952197694965,166.2409184851466
2023-05-05 05:00:00,5084.555617746272,26978.58930493452,188.46632639966393
2023-05-05 06:00:00,6073.913062494727,31124.1818958082,195.15093064382714
2023-05-05 07:00:00,6627.358137078257,33975.225592240036,195.0644336145909
2023-05-05 08:00:00,6599.502077450041,35183.96844606425,187.57128228917207
2023-05-05 09:00:00,6246.899042497674,34993.01910779818,178.51843601301482
2023-05-05 10:00:00,6327.650019961759,35341.49805350863,179.04306179611885
2023-05-05 11:00:00,6118.432454817194,35103.01915508034,174.29932245391188
2023-05-05 12:00:00,5817.675346743336,34531.46688511939,168.47460798864412
2023-05-05 13:00:00,5334.860158443078,33300.35182171039,160.20431817074615
2023-05-05 14:00:00,5304.7628165014685,32393.83283582446,163.75841794907674
2023-05-05 15:00:00,5618.6698095973225,32951.34006709539,170.5141520240636
2023-05-05 16:00:00,6361.673745351078,33263.48963891773,191.25094253213965
2023-05-05 17:00:00,6958.278538347823,32677.07681746083,212.9406671599738
2023-05-05 18:00:00,7117.806384599732,31535.56973357015,225.70723930897327
2023-05-05 19:00:00,7219.79220973816,30457.053573086658,237.04828152247535
2023-05-05 20:00:00,7040.857619025885,29877.705209666427,235.65590361163126
2023-05-05 21:00:00,6385.791444883955,27654.18054381851,230.91595264468464
2023-05-05 22:00:00,5514.805065616991,24716.55912169872,223.12187705672721
2023-05-05 23:00:00,5041.4343667235935,22845.006170081615,220.67993018649216
2023-05-06 00:00:00,4744.393262096235,22740.938139016547,208.6278601653771
2023-05-06 01:00:00,4598.534334945608,22199.89371255168,207.14217799815978
2023-05-06 02:00:00,4710.930860438859,21647.861478247185,217.6164544092556
2023-05-06 03:00:00,4775.828501556258,21090.44795950132,226.44509546345267
2023-05-06 04:00:00,4848.9037496196715,20944.974359067968,231.50678852563863
2023-05-06 05:00:00,5178.546840670978,21970.55764451552,235.7039327112251
2023-05-06 06:00:00,5746.590152279799,24772.79099318175,231.97184983562983
2023-05-06 07:00:00,6382.695972345075,27998.434263663414,227.96617525961398
2023-05-06 08:00:00,6934.017458020892,30471.570278291605,227.55694552967583
2023-05-06 09:00:00,7008.12388881061,31125.133898250144,225.15963824350348
2023-05-06 10:00:00,7054.541059792906,31224.13287129354,225.93232897361335
2023-05-06 11:00:00,6783.728154473024,31263.593174788904,216.98491649844814
2023-05-06 12:00:00,6726.686775383439,31460.148694053176,213.81611513663844
2023-05-06 13:00:00,6226.455048953838,30711.604543680824,202.73949021771264
2023-05-06 14:00:00,5949.106429471594,30428.583349054166,195.51046334388468
2023-05-06 15:00:00,5645.225092617645,30151.06338702883,187.23137622556473
2023-05-06 16:00:00,5799.468307176555,30572.659780337926,189.69459474070175
2023-05-06 17:00:00,6018.681494210987,30470.218098715442,197.5266955658818
2023-05-06 18:00:00,6194.821022326557,29845.745531042583,207.5612758905057
2023-05-06 19:00:00,6364.103056555137,28977.802540172328,219.619933144775
2023-05-06 20:00:00,6048.702758192891,28247.121209942736,214.13519321975372
2023-05-06 21:00:00,5482.355663121913,26073.269821569276,210.26728525574492
2023-05-06 22:00:00,4127.059769797892,24047.109205985496,171.62394591573766
2023-05-06 23:00:00,3494.8441187061258,22461.58758277442,155.59203488297902
2023-05-07 00:00:00,3221.557673303959,21830.658143577635,147.5703413115701
2023-05-07 01:00:00,3200.1380274556727,21468.604009166644,149.06130021725124
2023-05-07 02:00:00,3103.838420940442,20906.661181610692,148.46169811517058
2023-05-07 03:00:00,2951.8517531017574,20361.184653062166,144.9744601504717
2023-05-07 04:00:00,2906.10460886293,20274.67870364119,143.3366541261645
2023-05-07 05:00:00,3407.095511398761,21200.859007667303,160.70554075976747
2023-05-07 06:00:00,4158.124718610628,22869.303804696505,181.8212200126837
2023-05-07 07:00:00,5212.314359490389,25561.40145658327,203.91348136148346
2023-05-07 08:00:00,5708.665690412869,27456.981938940426,207.91308029076004
2023-05-07 09:00:00,5711.326700513121,28482.89216315837,200.51779390228228
2023-05-07 10:00:00,5907.916620783058,29221.36183289828,202.17800438485207
2023-05-07 11:00:00,6111.304918169398,30276.32887784638,201.8509226407937
2023-05-07 12:00:00,5868.024063712985,30117.765184044245,194.83597231914604
2023-05-07 13:00:00,5562.087313192172,29575.65251283315,188.06304647982762
2023-05-07 14:00:00,5006.755887696608,28643.418875071813,174.79602939626582
2023-05-07 15:00:00,5139.411700932673,28658.83270684123,179.33081062669484
2023-05-07 16:00:00,5360.980667287803,28602.97130794448,187.42740429204255
2023-05-07 17:00:00,5539.91850932032,28372.991553592652,195.25323929470676
2023-05-07 18:00:00,5760.871005581833,27863.94900736007,206.74998378945278
2023-05-07 19:00:00,5697.775293280174,27260.46066142499,209.0124361450293
2023-05-07 20:00:00,5671.646840327292,27244.206850167157,208.1780861347591
2023-05-07 21:00:00,5248.67580225501,25833.188793874167,203.17568396742527
2023-05-07 22:00:00,3879.1127525936326,24321.484889786196,159.49325340011066
2023-05-07 23:00:00,3518.4853598862233,23349.351480488785,150.68878306219102
2023-05-08 00:00:00,3133.4273832636804,22697.467453838308,138.05185048227904
2023-05-08 01:00:00,2788.720886323838,21685.697258557746,128.59724329238873
2023-05-08 02:00:00,2686.897417438572,21055.29364695623,127.6114910811036
2023-05-08 03:00:00,2700.3822930389783,20727.699526623153,130.27891925828732
2023-05-08 04:00:00,3084.6435585316062,21047.363374867058,146.55724346998355
2023-05-08 05:00:00,3718.098751583891,23241.140767718996,159.97918470285157
2023-05-08 06:00:00,4521.447598659126,25369.014519245884,178.22716744590088
2023-05-08 07:00:00,4551.050539797133,27780.39202398081,163.8224016374045
2023-05-08 08:00:00,4606.6701906192375,29842.67212743502,154.36520466222677
2023-05-08 09:00:00,4712.102298763825,30975.135561938278,152.1253164281217
2023-05-08 10:00:00,4925.577274841159,31458.506756885385,156.57377868906917
2023-05-08 11:00:00,4774.109896838215,31810.745388322946,150.07852970935696
2023-05-08 12:00:00,4484.474062065195,31464.419952186723,142.52524180899547
2023-05-08 13:00:00,4226.738064348715,30673.205075783186,137.79903514829522
2023-05-08 14:00:00,4571.849133751351,31107.778991625102,146.96803442580048
2023-05-08 15:00:00,5132.480419050602,31385.53224324737,163.53013800347009
2023-05-08 16:00:00,5741.858486457255,32468.647712343798,176.84316690141483
2023-05-08 17:00:00,5864.868891477598,32177.68404879411,182.26510281424027
2023-05-08 18:00:00,5672.910165344592,31342.675201975308,180.99636131210232
2023-05-08 19:00:00,5563.749136362681,30338.262144428707,183.39050239185843
2023-05-08 20:00:00,5186.555953189445,29189.980391258727,177.68274879494672
2023-05-08 21:00:00,4311.733323911544,26774.39347894697,161.03943969083414
2023-05-08 22:00:00,3895.795835340294,23596.732861499535,165.09895069824182
2023-05-08 23:00:00,3395.6993191944043,22408.632096129793,151.53532373718062
2023-05-09 00:00:00,3360.3703892417525,22453.60706839753,149.658376892652
2023-05-09 01:00:00,3283.989881884108,22044.094351985255,148.97368108880175
2023-05-09 02:00:00,3133.857327954142,21394.473975895453,146.47975601012533
2023-05-09 03:00:00,3313.106193965493,20868.14731036064,158.76379175838952
2023-05-09 04:00:00,4075.1262308011405,21550.03781127795,189.10065339507074
2023-05-09 05:00:00,5646.050264034276,25502.999244407234,221.3876967930525
2023-05-09 06:00:00,7380.453463222753,30721.38420781084,240.23831131106036
2023-05-09 07:00:00,8255.224039511497,33296.40339865271,247.93140390188609
2023-05-09 08:00:00,8619.143721846674,34639.02576658415,248.82754439824515
2023-05-09 09:00:00,8658.126115065437,35133.59143729183,246.43441677515062
2023-05-09 10:00:00,8282.166862167302,34353.48690978747,241.08664380755113
2023-05-09 11:00:00,8529.400993549209,35480.065315174834,240.39981092991906
2023-05-09 12:00:00,8021.680814052035,34736.557534424755,230.9290667649596
2023-05-09 13:00:00,7702.272800476947,33493.03104020721,229.9664306652521
2023-05-09 14:00:00,7847.565873986825,33011.6339126317,237.7212195784105
2023-05-09 15:00:00,7832.027899703872,33080.55178468485,236.7562654541279
2023-05-09 16:00:00,8215.304534625951,33433.687266743706,245.7193688833019
2023-05-09 17:00:00,8634.323746320273,33354.4104088522,258.8660282248233
2023-05-09 18:00:00,8549.139533173355,32940.312640566946,259.53425598774805
2023-05-09 19:00:00,8111.731502530686,31381.758369649284,258.4855637144892
2023-05-09 20:00:00,7765.102307134588,30132.956701666957,257.694669129665
2023-05-09 21:00:00,7075.063832896735,27294.04746243134,259.21636732826624
2023-05-09 22:00:00,5136.9210108236875,24356.619813080313,210.90451180196155
2023-05-09 23:00:00,4697.551875754188,23387.86194291328,200.85426736399842
2023-05-10 00:00:00,4471.6305336886835,23432.431078646885,190.83084118248047
2023-05-10 01:00:00,4142.875331651978,22958.85383119591,180.44782906465235
2023-05-10 02:00:00,4021.697602889601,22401.26255105981,179.52995255168477
2023-05-10 03:00:00,4120.297133374404,21639.542008289838,190.40593057819663
2023-05-10 04:00:00,4701.881532916839,22798.80598024943,206.23367456129375
2023-05-10 05:00:00,6226.780114043763,26814.40918968891,232.2176882583779
2023-05-10 06:00:00,7382.688533782077,30735.508765307724,240.2006288607522
2023-05-10 07:00:00,7653.251293561029,32999.9261568511,231.9172248199756
2023-05-10 08:00:00,7643.922475480386,34073.03209647835,224.33936768047215
2023-05-10 09:00:00,7539.407820959306,34264.60169408659,220.03488872484
2023-05-10 10:00:00,7453.666779247279,34607.59108602567,215.3766426770173
2023-05-10 11:00:00,7291.902880935845,34685.52175578907,210.22900944884344
2023-05-10 12:00:00,6688.591835253076,33990.50909701715,196.778218771664
2023-05-10 13:00:00,6591.894416978915,34051.016919162576,193.58876807198246
2023-05-10 14:00:00,5761.403978822194,32918.88650817739,175.01819137749396
2023-05-10 15:00:00,6093.0284616863655,34001.92957030328,179.19654968663647
2023-05-10 16:00:00,6995.465080314889,34796.438445172185,201.0396866144061
2023-05-10 17:00:00,7342.819438334438,34428.72379160423,213.27596929762043
2023-05-10 18:00:00,7341.347007864562,33318.646196174384,220.33749404582616
2023-05-10 19:00:00,7469.170690902516,32045.651885561383,233.07906849814643
2023-05-10 20:00:00,7401.023122791442,30857.81333080686,239.84276019333618
2023-05-10 21:00:00,6608.582325002265,27386.303706252944,241.30975818738798
2023-05-10 22:00:00,5916.3432535689335,24880.218563760962,237.79305790288856
2023-05-10 23:00:00,5707.889411321956,23821.158335922875,239.61426773753155
2023-05-11 00:00:00,5690.964866003305,24599.67879113838,231.34305591231458
2023-05-11 01:00:00,5437.185915436235,24102.11345524878,225.58959095150078
2023-05-11 02:00:00,5426.840839297465,23643.58869269822,229.52695167520912
2023-05-11 03:00:00,5779.184604039862,23645.639383494447,244.40804963277722
2023-05-11 04:00:00,6183.8557246407845,23414.745527585168,264.1009152696328
2023-05-11 05:00:00,7203.800684115823,26488.77299947981,271.956752555405
2023-05-11 06:00:00,8454.40962910067,29862.97056828316,283.10678637174567
2023-05-11 07:00:00,8865.123598088421,32374.97347698435,273.82643585455645
2023-05-11 08:00:00,8666.44928319714,33269.04416987894,260.49589038219364
2023-05-11 09:00:00,8597.549439144936,33578.55089045374,256.04289676446956
2023-05-11 10:00:00,8157.427764689886,33732.05092603532,241.83017458905115
2023-05-11 11:00:00,8102.93571152322,34355.969539008045,235.85233717019923
2023-05-11 12:00:00,7842.3304720878095,34351.95807127994,228.2935504233866
2023-05-11 13:00:00,7141.266626124451,32954.80013177051,216.69882983874686
2023-05-11 14:00:00,6856.914011567772,32298.767665577237,212.29645918892447
2023-05-11 15:00:00,7302.220391942167,33210.36467491015,219.87775393080423
2023-05-11 16:00:00,7426.213293260312,32946.3823920215,225.40299584025618
2023-05-11 17:00:00,7919.5422908313785,32402.531895980228,244.41121811884878
2023-05-11 18:00:00,7766.8253946238065,31858.482771931016,243.79144010796347
2023-05-11 19:00:00,7619.216259866512,30478.385543726377,249.9875280117926
2023-05-11 20:00:00,7298.302739862585,29555.597576016735,246.93470402996982
2023-05-11 21:00:00,6554.2935476688735,27260.33583898949,240.43333825310035
2023-05-11 22:00:00,5388.88788325883,24510.90217750101,219.85677410949748
2023-05-11 23:00:00,4683.285349324684,22350.123950410656,209.5418065562287
2023-05-12 00:00:00,4648.402722924027,21828.768013786095,212.94846873576648
2023-05-12 01:00:00,4542.0690055833775,21577.829609199533,210.49702809993937
2023-05-12 02:00:00,4701.188481873607,22054.456442027185,213.16274532683457
2023-05-12 03:00:00,4576.391369984371,22253.324441991517,205.64978423398279
2023-05-12 04:00:00,5017.336634803241,23615.888771585967,212.45597332080817
2023-05-12 05:00:00,5640.909280516173,25899.972502336517,217.7959563473393
2023-05-12 06:00:00,6898.967900817741,30173.191911823422,228.64561101055958
2023-05-12 07:00:00,7681.820668432814,32984.836075961844,232.88946019747078
2023-05-12 08:00:00,7469.418499610134,34150.738713225546,218.7190901588742
2023-05-12 09:00:00,7670.325688721907,34390.322355667726,223.0373303685475
2023-05-12 10:00:00,7687.276771180939,34835.76129178686,220.67199010785936
2023-05-12 11:00:00,7345.370509422837,34909.144757092916,210.4139348166182
2023-05-12 12:00:00,6702.036658707863,34283.05347066969,195.49124072164932
2023-05-12 13:00:00,6352.85206724486,33599.98510037434,189.0730620346044
2023-05-12 14:00:00,6283.4101810137945,32805.51085388257,191.53520300294744
2023-05-12 15:00:00,6536.648357620569,32729.057444302027,199.72003070190976
2023-05-12 16:00:00,6911.773985093437,33343.666841360486,207.28895888918447
2023-05-12 17:00:00,7029.698600200484,32516.75314086196,216.18697813240954
2023-05-12 18:00:00,7004.896794319094,31737.7114506774,220.7120953004185
2023-05-12 19:00:00,6927.375151933944,30275.7065572358,228.8096939649563
2023-05-12 20:00:00,6772.883827625655,29126.91646047296,232.5300667105246
2023-05-12 21:00:00,6281.9368906047475,27309.503019507643,230.02750676632428
2023-05-12 22:00:00,4917.660510923506,24517.082118213068,200.58098623695153
2023-05-12 23:00:00,4474.035690220975,23175.494673162983,193.05027803362785
2023-05-13 00:00:00,4056.816617029076,22276.314584822947,182.11345514904076
2023-05-13 01:00:00,3870.206712425403,22056.722372039065,175.46608454081098
2023-05-13 02:00:00,3796.5808378882175,21572.184375112745,175.99426983705143
2023-05-13 03:00:00,4021.4612880597642,21754.833697070342,184.85369017559174
2023-05-13 04:00:00,3861.767142889758,21616.610519950867,178.6481344670374
2023-05-13 05:00:00,4387.679001911839,22537.15523469422,194.68646136657674
2023-05-13 06:00:00,5292.030915455024,25174.441477179775,210.2144319766603
2023-05-13 07:00:00,5707.347129158591,27976.9306459104,204.0019043330215
2023-05-13 08:00:00,5981.601647308191,29670.601466164204,201.60028282977333
2023-05-13 09:00:00,5835.834524343815,30357.053243176244,192.23982240949599
2023-05-13 10:00:00,5843.673498452246,30695.55535327905,190.3752328699274
2023-05-13 11:00:00,5741.631225186608,30945.486455261114,185.54018316976433
2023-05-13 12:00:00,5268.07429468684,30464.901817327413,172.9227399541638
2023-05-13 13:00:00,4833.609643903711,29908.799163402473,161.61162531119928
2023-05-13 14:00:00,4590.968621703011,29167.630059694013,157.39943945761817
2023-05-13 15:00:00,4752.434407179801,29433.16582632054,161.46528155425088
2023-05-13 16:00:00,5240.669714886824,29948.430889585437,174.989792761038
2023-05-13 17:00:00,5694.8465619831,29853.42602427161,190.76023493427667
2023-05-13 18:00:00,5880.034873909485,28783.311258399473,204.2862553624225
2023-05-13 19:00:00,5984.109640258895,27992.23651913916,213.77747491406677
2023-05-13 20:00:00,5897.200372645555,27040.99812733524,218.08367963622564
2023-05-13 21:00:00,5605.168481525147,25672.18227121657,218.33626850685047
2023-05-13 22:00:00,4984.754611809404,23849.909336699155,209.00518075090082
2023-05-13 23:00:00,4430.850014558271,22067.63666620985,200.78498126366316
2023-05-14 00:00:00,4162.731623144436,21181.157450629802,196.5299409556422
2023-05-14 01:00:00,3953.278148274343,20980.210548065523,188.42890728943874
2023-05-14 02:00:00,3608.825029629293,20640.073321259493,174.8455527971485
2023-05-14 03:00:00,3450.967810140804,20216.958777373326,170.6966833212868
2023-05-14 04:00:00,3285.7779214883562,19850.910905321587,165.52277813143135
2023-05-14 05:00:00,3622.497717972447,20879.793728226123,173.4929839405172
2023-05-14 06:00:00,4324.439362017189,22925.589715940827,188.62936201856044
2023-05-14 07:00:00,5059.23175195346,25052.780125377667,201.94292715755805
2023-05-14 08:00:00,5627.271164813776,27071.686380316165,207.86555686849886
2023-05-14 09:00:00,5687.727092023194,28715.88688193453,198.06900324577487
2023-05-14 10:00:00,5713.963497841665,29909.75044073153,191.04015960160964
2023-05-14 11:00:00,5580.874589645796,30689.739828697002,181.84822096234575
2023-05-14 12:00:00,5235.2396825971055,30112.699802016996,173.85487575067714
2023-05-14 13:00:00,4346.269768541193,28817.389171095572,150.82108038088995
2023-05-14 14:00:00,4415.1880931510495,28674.220066959824,153.97761762449807
2023-05-14 15:00:00,4755.80633214587,29277.228563383796,162.44045510830293
2023-05-14 16:00:00,5378.12374425408,30088.75052080275,178.74200992612685
2023-05-14 17:00:00,5722.521881857102,30024.88863830306,190.59260971102563
2023-05-14 18:00:00,5393.135471399786,28960.99474373534,186.2206570983338
2023-05-14 19:00:00,5430.338989906477,28443.650916013517,190.91568118104155
2023-05-14 20:00:00,5445.708822048361,27887.955905520306,195.2709922698352
2023-05-14 21:00:00,5017.2397263202365,25743.501894419493,194.8934432812282
2023-05-14 22:00:00,4498.426683293984,24061.463544830473,186.9556552498427
2023-05-14 23:00:00,3793.6718423087164,22695.75641023591,167.1533556201612
2023-05-15 00:00:00,3598.0963376620684,22780.528033504408,157.94613418838128
2023-05-15 01:00:00,3205.8539886528292,22558.83391818416,142.11080237035938
2023-05-15 02:00:00,3228.515615549004,22208.272157846477,145.3744619393241
2023-05-15 03:00:00,3540.8806151901545,22784.8719399098,155.40489428812526
2023-05-15 04:00:00,3915.6343676587653,24522.95403353885,159.6722141347059
2023-05-15 05:00:00,4620.594468450578,27056.983190297873,170.77271460579672
2023-05-15 06:00:00,5847.158648730025,31706.98471563408,184.41232117057498
2023-05-15 07:00:00,6313.032530749724,33044.63319093184,191.04562287839698
2023-05-15 08:00:00,6389.083360203762,34639.70351010484,184.44393897135944
2023-05-15 09:00:00,6130.8577975509015,34590.778185516145,177.23966094865176
2023-05-15 10:00:00,6270.137068026264,34972.62397995544,179.28700664897187
2023-05-15 11:00:00,6350.584397441848,35288.08108961908,179.96400488067454
2023-05-15 12:00:00,5837.649113166296,34709.42035567918,168.1863036992819
2023-05-15 13:00:00,5442.986247467104,33962.353321313596,160.26528538737256
2023-05-15 14:00:00,4989.827219773846,33233.76002340368,150.14332462712434
2023-05-15 15:00:00,4986.126854270033,33373.53083646533,149.40363603427838
2023-05-15 16:00:00,5184.062284577136,33975.64228502537,152.58173020210984
2023-05-15 17:00:00,5571.425627950794,33704.795845639535,165.30067867690647
2023-05-15 18:00:00,5821.7887853773245,32663.779237900864,178.2337782463981
2023-05-15 19:00:00,6101.659259836038,31002.660867649618,196.8108249122237
2023-05-15 20:00:00,5908.715961767597,29751.685926862378,198.60104655221238
2023-05-15 21:00:00,5488.793084422509,27758.101642573027,197.7366159652742
2023-05-15 22:00:00,4600.99810741324,25333.07916246516,181.62016855141417
2023-05-15 23:00:00,4056.29688729468,24208.610555071376,167.5559560953382
2023-05-16 00:00:00,3842.915382620828,24237.92318431954,158.5496972408494
2023-05-16 01:00:00,3622.161132259578,24385.835108026,148.5354557764328
2023-05-16 02:00:00,3202.1109374907105,23993.75391107004,133.45602148621467
2023-05-16 03:00:00,3407.690693563714,23893.008768644435,142.6229206442906
2023-05-16 04:00:00,3533.1168638664426,24400.864156652948,144.79474338219825
2023-05-16 05:00:00,4655.481211556693,27214.549610270507,171.0658922607986
2023-05-16 06:00:00,5580.044382745311,31253.60539162655,178.54082154119456
2023-05-16 07:00:00,5945.718751537286,33911.19526164319,175.33203137379425
2023-05-16 08:00:00,5629.199026981295,35347.197967688655,159.2544628891665
2023-05-16 09:00:00,5355.519725593336,35696.567968267525,150.02898122738654
2023-05-16 10:00:00,5897.421633086758,36319.019494834174,162.37832725428
2023-05-16 11:00:00,6184.536991397402,36718.79758393851,168.42972532691633
2023-05-16 12:00:00,5841.7676984960335,35638.51140049866,163.91727569222476
2023-05-16 13:00:00,5772.982526804087,34622.35566537686,166.74147139494613
2023-05-16 14:00:00,5764.9662764702525,33728.534895557,170.92252285259093
2023-05-16 15:00:00,6027.614884793619,34417.22426356728,175.13367256563498
2023-05-16 16:00:00,6446.626423845697,34770.47907113643,185.40516541795802
2023-05-16 17:00:00,7035.994279007654,34386.17546892404,204.6169480338493
2023-05-16 18:00:00,7053.325389294782,33252.67275980336,212.1130364540505
2023-05-16 19:00:00,6923.328213067917,31524.386540216718,219.61817414703992
2023-05-16 20:00:00,6961.104636076426,30959.053313451834,224.84875637498251
2023-05-16 21:00:00,6458.767447273657,28329.571667551885,227.98676672797697
2023-05-16 22:00:00,5622.058817136814,25467.167566999153,220.75712983574923
2023-05-16 23:00:00,5252.9086469935855,23744.307285343864,221.22812781470088
2023-05-17 00:00:00,5014.581225525538,23719.57569572384,211.41108466074144
2023-05-17 01:00:00,4901.501333265519,23557.61953577561,208.06437279547237
2023-05-17 02:00:00,4649.942837000366,22971.975419015955,202.41806602105248
2023-05-17 03:00:00,4877.991685349864,22603.779185922816,215.80425313957147
2023-05-17 04:00:00,5759.40376607088,23095.681287595595,249.3714601597046
2023-05-17 05:00:00,6826.179722416294,26944.48389836258,253.34238162309435
2023-05-17 06:00:00,8148.2023322235655,31120.063387989183,261.83116115915016
2023-05-17 07:00:00,8616.26995433237,33514.16133579481,257.0934080074909
2023-05-17 08:00:00,8597.431581607934,34461.75034741749,249.47750752457682
2023-05-17 09:00:00,8221.948965140602,34562.670391430154,237.8852349087946
2023-05-17 10:00:00,7935.100010295273,35157.72039696575,225.70007158314235
2023-05-17 11:00:00,7372.898204588107,34400.58018210141,214.3248214291519
2023-05-17 12:00:00,6925.281674968949,33457.2047168371,206.98924891008156
2023-05-17 13:00:00,6708.819737791432,33345.715481500316,201.1898572550762
2023-05-17 14:00:00,6942.347292750484,33704.231442225086,205.9785076141218
2023-05-17 15:00:00,6877.2663492345555,33453.42855883116,205.577324821586
2023-05-17 16:00:00,6839.166173731694,33175.10781255024,206.15354778574124
2023-05-17 17:00:00,7046.292629888083,33048.21505266528,213.2125023593313
2023-05-17 18:00:00,6973.9547851724255,32174.66683469941,216.75297590498204
2023-05-17 19:00:00,6893.00266150978,30872.65336796948,223.27211656712674
2023-05-17 20:00:00,6815.262328114046,30220.301168402068,225.5193384783336
2023-05-17 21:00:00,6179.645179218173,27771.848820614672,222.5147205407191
2023-05-17 22:00:00,4740.902164278642,24797.036859822572,191.18825330134885
2023-05-17 23:00:00,4280.2969158886135,23360.494074865175,183.22801316492777
2023-05-18 00:00:00,4161.065603650485,22928.039747423543,181.4837050829027
2023-05-18 01:00:00,3836.281242939584,22600.98323772278,169.73957294639004
2023-05-18 02:00:00,3669.6609148889834,22102.238132234987,166.0311907298189
2023-05-18 03:00:00,3813.418734146233,22024.845548582824,173.1416788251487
2023-05-18 04:00:00,4465.2831843968825,23314.107706323655,191.5270891189085
2023-05-18 05:00:00,5043.845986583127,25562.034597925252,197.31786087921623
2023-05-18 06:00:00,6665.589371725875,30245.636898756457,220.3818485964807
2023-05-18 07:00:00,7202.039517641845,32322.654016655615,222.81708407764688
2023-05-18 08:00:00,7147.681579259956,33626.26763132989,212.5624424817341
2023-05-18 09:00:00,6772.8753964838415,34220.75031649255,197.9172091156541
2023-05-18 10:00:00,6538.155896055529,34474.69724330426,189.650857552502
2023-05-18 11:00:00,6307.65099132713,34280.111382513045,184.00322335430877
2023-05-18 12:00:00,5981.254862804559,33721.103885537945,177.37423078162502
2023-05-18 13:00:00,5681.650916104686,32871.13219046303,172.84621908317217
2023-05-18 14:00:00,5885.3515456614805,32433.6367692516,181.45826777097756
2023-05-18 15:00:00,6169.4361144559625,32579.63740710997,189.36478750096782
2023-05-18 16:00:00,6900.360157740742,33267.775205755126,207.41874426718564
2023-05-18 17:00:00,7139.959156254654,33130.835214497456,215.50797346425895
2023-05-18 18:00:00,7226.366645431044,32353.79218851002,223.354548466111
2023-05-18 19:00:00,6868.608338359067,31049.210262306893,221.21684514138568
2023-05-18 20:00:00,6308.795447207086,29513.123910153896,213.7623745426883
2023-05-18 21:00:00,5706.156748682504,26828.840244336876,212.68741759670286
2023-05-18 22:00:00,4886.650032507029,24391.72015210277,200.34052547482014
2023-05-18 23:00:00,4590.626900500216,23330.60189885039,196.764186385025
2023-05-19 00:00:00,4601.560720158776,23088.139119233572,199.30409706884723
2023-05-19 01:00:00,4626.405288525256,22888.6992148557,202.12617786171657
2023-05-19 02:00:00,4552.322792243397,22636.1107914037,201.10887573373205
2023-05-19 03:00:00,4679.829092052664,22920.653945516846,204.1751995024563
2023-05-19 04:00:00,4877.967451795575,23596.716959527454,206.7222936208521
2023-05-19 05:00:00,5776.999875816525,26197.64717173675,220.51598137595437
2023-05-19 06:00:00,7183.881487273148,29904.757774945603,240.22536953273203
2023-05-19 07:00:00,7657.556141658989,32180.786619148814,237.9542872051004
2023-05-19 08:00:00,7674.393380913362,33189.37482006498,231.2304290912322
2023-05-19 09:00:00,7397.846627693272,33416.35368713914,221.3840174471358
2023-05-19 10:00:00,7638.268133838638,34142.43749156193,223.71771598692638
2023-05-19 11:00:00,7394.874771332054,34187.881404163585,216.3010536953444
2023-05-19 12:00:00,6918.543221980269,33526.84674383834,206.35830368544214
2023-05-19 13:00:00,6731.01125346167,33210.82973351855,202.67519081790033
2023-05-19 14:00:00,6563.872213498871,32217.77234370414,203.7345147105292
2023-05-19 15:00:00,6414.7674226660265,32533.26514146769,197.17564144797774
2023-05-19 16:00:00,6318.842738330434,32434.30523071292,194.81973464154711
2023-05-19 17:00:00,6290.4852077864,32172.382726479016,195.52438068595728
2023-05-19 18:00:00,6342.969187132638,31275.46896257849,202.80972268464092
2023-05-19 19:00:00,6157.362385815448,30312.040364087206,203.13256091828467
2023-05-19 20:00:00,5845.591816016385,29285.804505993136,199.60495928394678
2023-05-19 21:00:00,5170.395067231867,27183.152317819644,190.20586747190708
2023-05-19 22:00:00,4083.5104010877985,24476.31532176363,166.83517708471663
2023-05-19 23:00:00,3213.309619677678,22068.22728237313,145.60796291255755
2023-05-20 00:00:00,3239.252502796895,21772.07643294506,148.78013646393984
2023-05-20 01:00:00,3242.245440852719,21419.114291510065,151.37159252835463
2023-05-20 02:00:00,3133.8522948715854,21185.657298703984,147.92329785601208
2023-05-20 03:00:00,3019.878891598044,20918.030960864442,144.36726368977736
2023-05-20 04:00:00,3031.4028659418404,20829.581520078667,145.5335462702273
2023-05-20 05:00:00,3531.4766024410214,22680.770709105644,155.70355380486433
2023-05-20 06:00:00,4330.153645178181,25189.220363484776,171.90502852781154
2023-05-20 07:00:00,4545.743538579843,27411.925847808543,165.8308709799481
2023-05-20 08:00:00,4673.860856387035,29155.85799116332,160.3060646612975
2023-05-20 09:00:00,4505.167451321422,30083.836635954078,149.75375334730956
2023-05-20 10:00:00,4461.285054579757,30653.8731895002,145.53740165232597
2023-05-20 11:00:00,4154.1620071185525,30675.2368027229,135.42395887062253
2023-05-20 12:00:00,3931.8316559417162,30239.152849886395,130.0245306295506
2023-05-20 13:00:00,3430.3594028777775,28973.00953254417,118.39844939216958
2023-05-20 14:00:00,3279.3873261776835,27999.950216039073,117.12118417621929
2023-05-20 15:00:00,3432.4166502267512,27916.15487764852,122.95449230993363
2023-05-20 16:00:00,4033.46917645146,28602.13937108571,141.0198420517085
2023-05-20 17:00:00,4560.304131473952,28779.63407773944,158.45594558831692
2023-05-20 18:00:00,4747.811083613599,28068.15288589792,169.1529579062186
2023-05-20 19:00:00,4788.234934618654,27139.219990417932,176.43229747609695
2023-05-20 20:00:00,4725.766437386758,26668.005063361874,177.20734738719935
2023-05-20 21:00:00,4356.672254058903,25469.67015885768,171.05334411029924
2023-05-20 22:00:00,3525.2737053005103,23278.510922205118,151.43896948914332
2023-05-20 23:00:00,3061.273368504436,21988.647187500264,139.22063246549595
2023-05-21 00:00:00,2825.974132759311,21338.491916536146,132.43551342863822
2023-05-21 01:00:00,2588.8526016842366,20664.24051638559,125.28176874593677
2023-05-21 02:00:00,2221.7852620252734,20061.636184713916,110.74795901832653
2023-05-21 03:00:00,2085.8625958434036,19879.763781728696,104.92391251451892
2023-05-21 04:00:00,2231.760780302895,19775.272881423858,112.85613066807926
2023-05-21 05:00:00,2923.498788924547,21278.56446023683,137.39173027333106
2023-05-21 06:00:00,3502.073239373391,22959.72335169369,152.53116014200802
2023-05-21 07:00:00,4124.335235455446,24816.836366692576,166.191015426561
2023-05-21 08:00:00,4241.5828350988795,26930.176109159904,157.5029742808168
2023-05-21 09:00:00,4279.19459452823,28220.06962251729,151.63657112715924
2023-05-21 10:00:00,4222.225621922538,28613.456548342943,147.5608378452639
2023-05-21 11:00:00,4184.192602012424,29223.920133301803,143.17697909543534
2023-05-21 12:00:00,3962.6260280282795,28837.996344631945,137.4098942475906
2023-05-21 13:00:00,3681.8535010655223,28062.71493213881,131.2009016222761
2023-05-21 14:00:00,3757.8068178521635,28028.713476786714,134.0699001744895
2023-05-21 15:00:00,4214.503950748045,28694.212613315143,146.87644534955334
2023-05-21 16:00:00,4709.305111679081,29851.373191400555,157.75840801305972
2023-05-21 17:00:00,4970.322625119198,29447.386197542502,168.78654668284247
2023-05-21 18:00:00,5037.938310902547,28358.731431019583,177.65034106539431
2023-05-21 19:00:00,4842.730090460009,27165.207185268817,178.26958054956896
2023-05-21 20:00:00,4744.651643698251,26889.30227582519,176.45127400586838
2023-05-21 21:00:00,4289.794504660782,25750.45550082458,166.59101445888652
2023-05-21 22:00:00,3577.0101456201537,23131.68718970668,154.6368025939707
2023-05-21 23:00:00,3445.465298274055,21852.183159710967,157.67144514084455
2023-05-22 00:00:00,3237.8255447440265,21272.169672894157,152.20946403364732
2023-05-22 01:00:00,3300.097776966005,21131.10935628733,156.17248111889106
2023-05-22 02:00:00,3181.75114963584,20727.92073180359,153.50073896963363
2023-05-22 03:00:00,3196.577450635108,20407.167030434128,156.63994153955363
2023-05-22 04:00:00,3666.1438487233604,22010.791398461937,166.5612009289017
2023-05-22 05:00:00,4638.67800711351,24895.62252322894,186.32504581017713
2023-05-22 06:00:00,5665.677512772861,28583.055196095018,198.21805170592467
2023-05-22 07:00:00,5822.441955081466,31207.912647262394,186.5694133693437
2023-05-22 08:00:00,5803.169933510592,33075.416005346044,175.4526664932231
2023-05-22 09:00:00,5312.540736135981,32780.901134115054,162.06207127744958
2023-05-22 10:00:00,5654.59579186829,34080.46876300718,165.9189558450587
2023-05-22 11:00:00,5616.666903406714,34171.930219283975,164.36492955955717
2023-05-22 12:00:00,5389.406669254637,33275.01617645093,161.96556120891609
2023-05-22 13:00:00,5354.551166432098,33680.98989615456,158.978438072672
2023-05-22 14:00:00,5257.860556142235,33284.9749003655,157.96498485821294
2023-05-22 15:00:00,5210.456692041228,33669.46940947893,154.7531571903635
2023-05-22 16:00:00,5185.668223964104,33875.426002501794,153.0805316981439
2023-05-22 17:00:00,5472.388503406724,33701.41565807981,162.37859438687218
2023-05-22 18:00:00,5284.521740392631,32145.771350611056,164.3924385187347
2023-05-22 19:00:00,5498.440583647126,30966.30919048061,177.56202554928336
2023-05-22 20:00:00,5322.967047159037,30024.697195302797,177.28628577116132
2023-05-22 21:00:00,4591.61700339393,27638.50195208541,166.13118219482507
2023-05-22 22:00:00,3387.3341388082463,24324.976766112486,139.25333501354854
2023-05-22 23:00:00,2757.4055811235694,22363.825514849035,123.29758069757426
2023-05-23 00:00:00,2804.4065660514416,21822.466833292463,128.510062014301
2023-05-23 01:00:00,2866.7977011384014,21971.059083390955,130.4806331937617
2023-05-23 02:00:00,2764.757424845352,21709.520179402443,127.35230451884877
2023-05-23 03:00:00,2737.4214507430233,21622.2743780774,126.60191998666276
2023-05-23 04:00:00,2927.0483883079182,21994.127375383945,133.08317890274208
2023-05-23 05:00:00,4642.3491832870795,25545.34707597785,181.72973612296772
2023-05-23 06:00:00,5954.307771521055,30017.135954190366,198.36362072011198
2023-05-23 07:00:00,6146.428376644229,32422.455163519375,189.57319381414328
2023-05-23 08:00:00,5982.42341026984,33753.86440045228,177.2366961985449
2023-05-23 09:00:00,5800.344227627046,34232.253131139936,169.44091308879305
2023-05-23 10:00:00,5835.837438503311,34024.642252447076,171.51796616123403
2023-05-23 11:00:00,5382.8724867922965,33702.480239743425,159.71739909054466
2023-05-23 12:00:00,5322.355306817571,33504.39037176615,158.85545887450834
2023-05-23 13:00:00,5319.934711863252,33043.69795265395,160.99695377574938
2023-05-23 14:00:00,5046.630012782511,32720.010820103154,154.23680757714982
2023-05-23 15:00:00,5608.237029915047,32865.32575662955,170.64297708303593
2023-05-23 16:00:00,6110.343901138238,33534.066384527854,182.2130316995336
2023-05-23 17:00:00,6179.342115564475,33057.00735607781,186.92987084411166
2023-05-23 18:00:00,6064.261883341576,31993.666125481217,189.5457013134147
2023-05-23 19:00:00,5942.929497690037,30609.499432555072,194.1531095856265
2023-05-23 20:00:00,5787.6517786633285,29540.13312443756,195.92504049602263
2023-05-23 21:00:00,5418.832903967207,27636.524440188576,196.07504972974206
2023-05-23 22:00:00,3963.885806322872,24620.330845899,161.00050934056134
2023-05-23 23:00:00,3358.5822085214777,23100.738313742084,145.38852234534582
2023-05-24 00:00:00,3153.2499728170505,22498.622026386554,140.15302666620627
2023-05-24 01:00:00,3055.4680722390476,22274.331101156866,137.17440305448073
2023-05-24 02:00:00,3027.8388865232655,21923.10302798776,138.1117847531814
2023-05-24 03:00:00,2996.8621409071657,21530.556481122094,139.1911139656238
2023-05-24 04:00:00,3527.2480061672873,22338.821109772685,157.89767905989467
2023-05-24 05:00:00,5365.547987792427,26693.890607579735,201.00284618192296
2023-05-24 06:00:00,6372.35572584873,30241.92849570828,210.71261135853322
2023-05-24 07:00:00,6380.33413834279,32413.197066097866,196.84371539567172
2023-05-24 08:00:00,6350.041080267459,33519.522262459504,189.44306635835457
2023-05-24 09:00:00,6492.770786572425,33758.941381997094,192.32744039879395
2023-05-24 10:00:00,6208.563255782415,34564.36694085946,179.6232306642685
2023-05-24 11:00:00,5981.752075949981,34621.84829438899,172.77390926929274
2023-05-24 12:00:00,5826.458602016037,34368.58668719583,169.52860631265673
2023-05-24 13:00:00,5319.824808972773,33656.57699485261,158.06196838693313
2023-05-24 14:00:00,4970.448580599713,33117.725231573706,150.08423875263622
2023-05-24 15:00:00,5197.89795072593,33408.61619766267,155.58555074452875
2023-05-24 16:00:00,5873.205979748703,34105.165109154914,172.20869510384358
2023-05-24 17:00:00,6044.998447251229,33731.70635580786,179.20820202475207
2023-05-24 18:00:00,6169.219862955013,32685.168046435323,188.74676899903025
2023-05-24 19:00:00,5978.967710758966,30695.815677742525,194.7811966793345
2023-05-24 20:00:00,5759.661741603784,29319.964180081563,196.44163636177274
2023-05-24 21:00:00,5482.091928911871,27854.87806168949,196.80904424606783
2023-05-24 22:00:00,3916.8074467608985,24297.4929771333,161.20212280530583
2023-05-24 23:00:00,3276.309587229559,22405.19446639455,146.22991075322648
2023-05-25 00:00:00,3137.887385011374,21935.040228576665,143.05364167617884
2023-05-25 01:00:00,3139.2227161465207,21569.83968033199,145.5376007735911
2023-05-25 02:00:00,3110.4039951053423,21640.111651303778,143.7332692744192
2023-05-25 03:00:00,3142.783456285682,21373.03784118402,147.04430318416442
2023-05-25 04:00:00,3609.3053693614197,22081.623969817145,163.4528952351917
2023-05-25 05:00:00,5189.814855542845,25791.952571216396,201.2183777561159
2023-05-25 06:00:00,6594.223616150854,29700.76085106228,222.02204344926753
2023-05-25 07:00:00,6981.015374699433,31807.76271807709,219.4752091360377
2023-05-25 08:00:00,6916.086751651732,33048.28110101981,209.272207849815
2023-05-25 09:00:00,6512.538517043597,33458.246885667395,194.64673505752003
2023-05-25 10:00:00,5853.362821627116,33306.70679827937,175.74126607826332
2023-05-25 11:00:00,5593.952647395462,33356.16235792438,167.70372404865435
2023-05-25 12:00:00,5381.207105755951,32708.163225517263,164.52183721395286
2023-05-25 13:00:00,5280.916389940326,32240.655572083797,163.79680550022408
2023-05-25 14:00:00,5279.885705152537,32203.649585812153,163.9530231219097
2023-05-25 15:00:00,5505.5304451839065,32376.134384147295,170.04903611592505
2023-05-25 16:00:00,5943.276971562928,32775.236349437095,181.334374165848
2023-05-25 17:00:00,6200.887005051376,32593.76612926098,190.24763755313762
2023-05-25 18:00:00,6197.868082813363,31331.693971050285,197.81465019223157
2023-05-25 19:00:00,6139.79317165828,30076.14999928697,204.14159298327212
2023-05-25 20:00:00,5946.517694291729,29206.67584566422,203.60131792178942
2023-05-25 21:00:00,5482.292939945778,27435.950838515128,199.82150326095595
2023-05-25 22:00:00,4465.508586181058,24751.577391626488,180.4130910740157
2023-05-25 23:00:00,3884.602843507641,22896.34866334811,169.66036378219616
2023-05-26 00:00:00,3307.299769928165,22043.82246660907,150.03295253978322
2023-05-26 01:00:00,3009.517879831882,21395.656618526216,140.66022527329122
2023-05-26 02:00:00,2881.0706057739453,20920.189965092188,137.71722965142058
2023-05-26 03:00:00,3066.3418765463434,20847.177687647258,147.08666671763763
2023-05-26 04:00:00,3919.911229111798,21764.153088901712,180.1086039553129
2023-05-26 05:00:00,5363.733225777118,24943.701971656636,215.0335676665754
2023-05-26 06:00:00,6690.463439621703,29529.86057450474,226.56603551315322
2023-05-26 07:00:00,7151.003819855111,31984.275627316576,223.5787329742652
2023-05-26 08:00:00,7099.525083049478,33117.25590177371,214.3754030861367
2023-05-26 09:00:00,6635.06022262586,33162.654784829945,200.0762684916597
2023-05-26 10:00:00,6329.334814304677,33380.0859448966,189.61409580409884
2023-05-26 11:00:00,6069.556426250481,33700.51128948721,180.10279945348677
2023-05-26 12:00:00,5427.502843247112,32835.47344190581,165.29388110848245
2023-05-26 13:00:00,4756.7809934823335,31519.598617813077,150.9150243681743
2023-05-26 14:00:00,4546.628915154398,30866.526114378492,147.299663664984
2023-05-26 15:00:00,4591.627165275789,30724.81833850405,149.44359034733836
2023-05-26 16:00:00,5139.630509858976,31202.883634342426,164.7165233216526
2023-05-26 17:00:00,5619.352990154811,30968.279431922703,181.45512418627536
2023-05-26 18:00:00,5997.393161448598,29941.245500931942,200.30540016319378
2023-05-26 19:00:00,5922.260356817353,28586.687044183385,207.16847488007087
2023-05-26 20:00:00,5859.109360312926,27963.3111694292,209.5284540808736
2023-05-26 21:00:00,5467.870431468376,26427.75674945077,206.8987725029674
2023-05-26 22:00:00,3838.6199721848925,23851.87788162203,160.93575488001997
2023-05-26 23:00:00,3308.3861031058937,22084.068622228042,149.80872228299177
2023-05-27 00:00:00,2863.2753435179816,21094.94207755286,135.7327900210162
2023-05-27 01:00:00,2551.502134789965,20483.52674362282,124.56361478788459
2023-05-27 02:00:00,2328.049883834088,19859.12888894155,117.22819751325802
2023-05-27 03:00:00,2248.7750540506204,19842.670274474447,113.33026366634928
2023-05-27 04:00:00,2281.4464197867956,20004.133299378427,114.04875110773658
2023-05-27 05:00:00,2809.29160720999,21257.285654514366,132.15664750750463
2023-05-27 06:00:00,3619.2763483696644,23919.818219569675,151.3086895204163
2023-05-27 07:00:00,4131.815339069406,26689.65568469274,154.8096156759009
2023-05-27 08:00:00,4299.196688714026,28885.039514978842,148.83817924100822
2023-05-27 09:00:00,4096.230651899996,29947.728245048565,136.77934494337646
2023-05-27 10:00:00,4114.196862881404,30423.94854794254,135.22889234440385
2023-05-27 11:00:00,4476.291527101321,31216.599846910092,143.39458970719377
2023-05-27 12:00:00,4022.2975563880436,30731.53387543061,130.8850242455294
2023-05-27 13:00:00,3746.1448500365086,29851.239657925886,125.49377824722463
2023-05-27 14:00:00,3878.7196689539055,29474.26710836291,131.5968147636612
2023-05-27 15:00:00,3786.7298673755704,28976.256782175944,130.68388701279343
2023-05-27 16:00:00,3640.3833879360586,29226.107195952118,124.55929773775208
2023-05-27 17:00:00,4592.5994593581045,29909.594181415545,153.54937387320808
2023-05-27 18:00:00,4867.449035222844,28849.85341499803,168.7165950275653
2023-05-27 19:00:00,4884.197833187554,27200.830842832092,179.56061200515234
2023-05-27 20:00:00,4560.081990039463,26527.705969529423,171.898843996436
2023-05-27 21:00:00,4378.127866633723,25376.937832661097,172.5238835159577
2023-05-27 22:00:00,3176.568862830662,23306.71141836073,136.29416891171533
2023-05-27 23:00:00,2857.454708711854,21873.845395030847,130.6333960539463
2023-05-28 00:00:00,2603.083394969045,20578.620313555748,126.49455382848562
2023-05-28 01:00:00,2441.9448932003716,20070.33952812945,121.66933647424747
2023-05-28 02:00:00,2367.005599948494,19705.691714575067,120.11786412946712
2023-05-28 03:00:00,2319.983789965421,19280.398484679066,120.32862245087763
2023-05-28 04:00:00,2151.288867564117,18686.36041429293,115.12615725417706
2023-05-28 05:00:00,2760.0683850931796,20038.260253852073,137.73992103743612
2023-05-28 06:00:00,3293.956959528241,21875.56279832778,150.57701554448872
2023-05-28 07:00:00,3663.3359635153356,24098.133915639628,152.01741248262545
2023-05-28 08:00:00,3825.8368499315807,26363.08881560026,145.12096350666073
2023-05-28 09:00:00,3690.6716812773143,27442.56082825613,134.48714587441955
2023-05-28 10:00:00,3636.053488493767,28045.96635323016,129.64621873601405
2023-05-28 11:00:00,3896.188037309176,28766.898626442307,135.4399752265206
2023-05-28 12:00:00,3967.9060039721808,28204.93183092807,140.68128325065405
2023-05-28 13:00:00,3825.843049668737,27882.500240042205,137.2130553835493
2023-05-28 14:00:00,3809.9986178687063,27594.54108729481,138.07073673796017
2023-05-28 15:00:00,3618.366905571384,27695.558091377472,130.64791450069745
2023-05-28 16:00:00,3645.359222903264,28103.81358695879,129.7104825871335
2023-05-28 17:00:00,3779.16123322394,27419.933178885578,137.8253261439033
2023-05-28 18:00:00,4124.297685130865,26903.438687739945,153.30001985992712
2023-05-28 19:00:00,3999.9329672323493,25952.750910896473,154.12366037670964
2023-05-28 20:00:00,3578.254684206514,25331.279289225607,141.25834875337253
2023-05-28 21:00:00,3088.2324657780205,24310.570296895217,127.03249771859235
2023-05-28 22:00:00,2776.979707444559,22222.08971366224,124.96483198595222
2023-05-28 23:00:00,2328.1771959784105,21177.491109956387,109.93640294264324
2023-05-29 00:00:00,2248.7064780878814,20476.675488092067,109.81794771302529
2023-05-29 01:00:00,2295.8542214370905,19958.143862704168,115.0334538738023
2023-05-29 02:00:00,2305.1577156473413,19479.951066348243,118.33488224872998
2023-05-29 03:00:00,2169.657167841175,18819.205902599937,115.28951747860039
2023-05-29 04:00:00,2402.4599294375007,19348.32264003692,124.16889950274864
2023-05-29 05:00:00,2945.783346247565,20981.05260473339,140.4020761848234
2023-05-29 06:00:00,3779.1967627686113,23270.574475885463,162.4023836061662
2023-05-29 07:00:00,4067.636236930508,25631.833609167086,158.69470358436394
2023-05-29 08:00:00,3737.818523655533,26918.775773825342,138.85544257514218
2023-05-29 09:00:00,3841.286665281611,28235.07910949226,136.0466053728966
2023-05-29 10:00:00,4054.296604790913,29156.551876973735,139.05267748731208
2023-05-29 11:00:00,4094.5003923985896,30064.47048517052,136.1906704599446
2023-05-29 12:00:00,4037.6431298439884,29852.998216838776,135.25084149057196
2023-05-29 13:00:00,3642.352104173572,29161.097968589846,124.90449118537448
2023-05-29 14:00:00,3443.2038201180962,28360.53318924887,121.4082893696573
2023-05-29 15:00:00,3638.2641105623716,28146.54662427608,129.26147420957176
2023-05-29 16:00:00,3926.432576208017,28969.328906172523,135.53757454738306
2023-05-29 17:00:00,4439.821719795606,29141.714597911323,152.35279670585416
2023-05-29 18:00:00,4839.700541423273,28812.791929683615,167.97055117859995
2023-05-29 19:00:00,4721.399451760859,27331.462758764803,172.74594826604275
2023-05-29 20:00:00,4470.993063005205,26588.70642261407,168.15383915039064
2023-05-29 21:00:00,4001.2212243321765,25270.088983571542,158.33823248241941
2023-05-29 22:00:00,3187.206933774894,22852.969932762848,139.4657649816271
2023-05-29 23:00:00,2610.8041921659706,21282.405399791118,122.6743003491323
2023-05-30 00:00:00,2581.549232667137,20502.654657069736,125.9129257087187
2023-05-30 01:00:00,2510.3196604632885,20795.282008359332,120.71582676561852
2023-05-30 02:00:00,2411.615460901136,20533.98307194089,117.445088585689
2023-05-30 03:00:00,2469.2181559602177,20073.29041064092,123.01013463399488
2023-05-30 04:00:00,2782.1193585138553,20810.081174654875,133.6909421527038
2023-05-30 05:00:00,3861.095916230367,23707.34168073876,162.864987910785
2023-05-30 06:00:00,5213.383920355966,27734.975672945202,187.9714618045076
2023-05-30 07:00:00,5874.422733595605,30826.17947904868,190.56603292627344
2023-05-30 08:00:00,6140.62859626662,32473.03312036634,189.099323537331
2023-05-30 09:00:00,6071.568815834142,33184.380583866114,182.9646571371012
2023-05-30 10:00:00,6037.03025806433,33256.7493328305,181.52797189064646
2023-05-30 11:00:00,5897.866498926976,33964.223011889844,173.64938679334168
2023-05-30 12:00:00,5496.794072135051,33638.83067139633,163.406217232428
2023-05-30 13:00:00,5220.390672908858,33059.3122554465,157.9098389153211
2023-05-30 14:00:00,5066.295036152291,32387.80179653114,156.42602322874873
2023-05-30 15:00:00,5345.927048143093,32307.26928489339,165.47133714711086
2023-05-30 16:00:00,5675.336962366432,32826.8566907753,172.88700577784113
2023-05-30 17:00:00,5815.2856117518795,32644.42329721631,178.14024646126208
2023-05-30 18:00:00,5755.265067885635,31560.964499069283,182.35390328630024
2023-05-30 19:00:00,5517.828789985724,29903.76814191274,184.5195148584638
2023-05-30 20:00:00,5352.764605529454,28387.974881309474,188.55746589566317
2023-05-30 21:00:00,4779.469022949115,26620.790007207735,179.5389626549417
2023-05-30 22:00:00,3964.1385945070856,24328.28435365979,162.9436148016227
2023-05-30 23:00:00,3339.835271419324,22871.77444257723,146.02431830571103
2023-05-31 00:00:00,3325.8149738686625,22199.0265441743,149.81805473544324
2023-05-31 01:00:00,3286.312919418433,22423.410200616723,146.5572314833739
2023-05-31 02:00:00,3267.9617875550366,22194.339727524937,147.24302807270186
2023-05-31 03:00:00,3494.453332275619,21920.326247163404,159.41611875999416
2023-05-31 04:00:00,3869.4137463716843,23170.51767200775,166.9972937655301
2023-05-31 05:00:00,4767.402678531541,24983.77010991695,190.81998663761274
2023-05-31 06:00:00,5832.737932024608,27836.196408978718,209.537892545665
2023-05-31 07:00:00,6290.468624837654,30951.633191737452,203.23543464959698
2023-05-31 08:00:00,6460.94946326456,32288.090913397922,200.10317366219982
2023-05-31 09:00:00,6342.738634279049,32579.997226822044,194.68198815736176
2023-05-31 10:00:00,6160.622070020037,33068.05407025135,186.30131839424592
2023-05-31 11:00:00,6101.803247004704,33681.44242113531,181.1621714625792
2023-05-31 12:00:00,5796.010153587668,33236.534765136,174.38671614068164
2023-05-31 13:00:00,5574.321795157607,33112.02512143047,168.34735340756444
2023-05-31 14:00:00,5395.6303203274965,32383.46494467077,166.6168314461185
2023-05-31 15:00:00,5665.251396260794,32413.97107744083,174.77807278614011
2023-05-31 16:00:00,6006.455025994479,32755.07090349365,183.3748137407888
2023-05-31 17:00:00,6115.054317448319,32060.62904131235,190.73407167303694
2023-05-31 18:00:00,5958.512134418919,30972.045871740338,192.38354996289132
2023-05-31 19:00:00,5837.088878276168,29631.547207643045,196.98900085684934
2023-05-31 20:00:00,5742.551878212253,28734.600592886247,199.8479797778683
2023-05-31 21:00:00,5101.421148542055,27054.815996209116,188.5587079674413
2023-05-31 22:00:00,4411.392290145051,24677.393921391762,178.76248619271772
2023-05-31 23:00:00,3908.5605146207754,22903.00727147031,170.6570874423801
2023-06-01 00:00:00,3453.211773043505,22261.535342850293,155.120108288154
2023-06-01 01:00:00,3472.386986507962,22033.75217497116,157.59399302186748
2023-06-01 02:00:00,3360.302789838196,21870.00064976149,153.64895701888528
2023-06-01 03:00:00,3445.274514442869,21779.52157988441,158.1887141921854
2023-06-01 04:00:00,3855.085483825067,22424.70441114015,171.91243251839418
2023-06-01 05:00:00,4238.841793411001,23890.458381116732,177.42823204938696
2023-06-01 06:00:00,5374.132218323259,27856.363235241515,192.92296603615367
2023-06-01 07:00:00,5906.846663782447,30765.959403980625,191.99292914032105
2023-06-01 08:00:00,6001.360780226295,32269.386684266927,185.97690867029348
2023-06-01 09:00:00,5905.829182018842,33197.367149164704,177.90052914384333
2023-06-01 10:00:00,5816.335823030232,33344.85640560349,174.4297756835689
2023-06-01 11:00:00,5621.459327585209,33939.83016264761,165.6301549137359
2023-06-01 12:00:00,5181.483534017505,33487.8786797224,154.72713525909302
2023-06-01 13:00:00,4732.883101777068,32801.89956351439,144.28686035736365
2023-06-01 14:00:00,4394.515186105016,31798.345752710567,138.19949063640888
2023-06-01 15:00:00,4641.253752379383,31345.84142835462,148.06601261566476
2023-06-01 16:00:00,5156.159943469631,31930.393733187157,161.48125157976136
2023-06-01 17:00:00,5370.904305169998,31576.937467627737,170.08946199029526
2023-06-01 18:00:00,5300.816090553365,30998.85295100831,171.00039472205515
2023-06-01 19:00:00,5343.189443737064,29786.290285793842,179.38418623031495
2023-06-01 20:00:00,5095.125015939215,28798.24517104013,176.92484336034946
2023-06-01 21:00:00,4755.336627895941,26890.43195375876,176.8412138590149
2023-06-01 22:00:00,4560.726915399162,24829.558953961845,183.6813502751101
2023-06-01 23:00:00,4118.569583062181,23488.604100316334,175.34330969487937
2023-06-02 00:00:00,3768.7212751742477,22196.37502996904,169.7899440825723
2023-06-02 01:00:00,3741.695689164222,22455.332653045847,166.62837941332825
2023-06-02 02:00:00,3843.1932009723537,22464.36497573006,171.07953886630867
2023-06-02 03:00:00,3796.982605269533,22078.12831886161,171.97937028138952
2023-06-02 04:00:00,3946.1129734137216,22773.74410953992,173.27466904138507
2023-06-02 05:00:00,4453.26140512194,24908.832440919763,178.78242248746292
2023-06-02 06:00:00,4741.453432039006,27214.325171773336,174.2263826904235
2023-06-02 07:00:00,5805.945009800118,30772.302138409592,188.6743794366042
2023-06-02 08:00:00,6288.526726466339,32703.293192027508,192.29032041333903
2023-06-02 09:00:00,6116.307072496767,33139.72682111093,184.56117956290782
2023-06-02 10:00:00,6186.793217536372,33584.68830413217,184.21469812406048
2023-06-02 11:00:00,5968.2267413138525,33764.61934907108,176.7597815811908
2023-06-02 12:00:00,5394.1758864602325,32949.27893904161,163.71150022553823
2023-06-02 13:00:00,5134.275691352307,31838.792313369246,161.25849375249084
2023-06-02 14:00:00,4777.88365956475,30742.73724139801,155.41503744601104
2023-06-02 15:00:00,4713.271860227117,30347.222102478485,155.31147609857112
2023-06-02 16:00:00,5605.117524814053,30399.2585533571,184.3833630013012
2023-06-02 17:00:00,5868.990773429667,30072.82567840303,195.15927223441844
2023-06-02 18:00:00,5966.429592002757,29011.372143874443,205.65830400622843
2023-06-02 19:00:00,5888.77670167659,27927.880014200302,210.8565597776259
2023-06-02 20:00:00,5649.093966805408,27304.220237745827,206.89453562918465
2023-06-02 21:00:00,5354.893113778128,26431.482761050716,202.59525968286079
2023-06-02 22:00:00,4056.3733707833453,23593.746517711184,171.92578413684052
2023-06-02 23:00:00,3240.3456312921912,21517.937882864506,150.58811159932722
2023-06-03 00:00:00,3089.5975061771737,20728.505876809373,149.05066117832217
2023-06-03 01:00:00,2816.75052504065,19938.57508039209,141.27140548828322
2023-06-03 02:00:00,2728.781314155066,19644.479001627493,138.90830670179616
2023-06-03 03:00:00,2830.4811680411813,19504.091265236348,145.12243249631257
2023-06-03 04:00:00,2874.6426263763765,19476.76755858465,147.59341444773463
2023-06-03 05:00:00,3373.8071438370766,20668.67280437771,163.2328875573709
2023-06-03 06:00:00,4170.971872922004,23289.19253639658,179.0947396052297
2023-06-03 07:00:00,4510.806145927233,26009.933470833195,173.42628542228005
2023-06-03 08:00:00,4729.369608260514,27731.241312049424,170.54301879395385
2023-06-03 09:00:00,4588.918324227061,28672.089065666234,160.04827251049943
2023-06-03 10:00:00,4612.803453265659,29057.170714499196,158.7492291864439
2023-06-03 11:00:00,4284.970085968133,28884.5699180148,148.3480660480831
2023-06-03 12:00:00,4122.657459016765,28661.271492408938,143.84070365156927
2023-06-03 13:00:00,3924.446274191396,27839.483781615487,140.9669196805655
2023-06-03 14:00:00,3470.932261025774,26742.875285508537,129.7890456418726
2023-06-03 15:00:00,3702.524106723473,26827.1160972151,138.01424250398009
2023-06-03 16:00:00,4276.152877949979,27659.9846308577,154.5970807655283
2023-06-03 17:00:00,4674.209920817328,27711.633323162532,168.6732018394033
2023-06-03 18:00:00,4833.907833798061,26975.630472531986,179.19536074310483
2023-06-03 19:00:00,4994.132011558675,26098.35461914532,191.3581175686479
2023-06-03 20:00:00,4757.136529726671,25469.808281981634,186.7755138577961
2023-06-03 21:00:00,4412.378497892678,24258.41251052306,181.89065323127107
2023-06-03 22:00:00,3439.356473538494,22146.089243919338,155.30310727357156
2023-06-03 23:00:00,2867.2704308949124,20739.648586027037,138.25067570463483
2023-06-04 00:00:00,2644.7169635351147,20152.022082889664,131.23829224962225
2023-06-04 01:00:00,2529.6906400665694,19487.010724976924,129.81419653165224
2023-06-04 02:00:00,2665.88078577118,19004.714778458794,140.27470640037527
2023-06-04 03:00:00,2643.5467807902533,18684.847724656724,141.48077735211086
2023-06-04 04:00:00,2834.5625425712788,18664.43789097239,151.86969782477613
2023-06-04 05:00:00,3134.1558941011003,19897.557553905594,157.5146037703463
2023-06-04 06:00:00,4015.492956569647,21967.89862306416,182.78912450705545
2023-06-04 07:00:00,4428.096650264724,24245.56329932304,182.63533808630302
2023-06-04 08:00:00,4655.266285299696,26369.7416473693,176.53818332968444
2023-06-04 09:00:00,4771.106468460873,27845.203507064587,171.3439252562977
2023-06-04 10:00:00,4966.0312095114505,28651.842286003728,173.3232774332745
2023-06-04 11:00:00,4714.368994496681,29164.378835854175,161.64818805264315
2023-06-04 12:00:00,4302.899922949681,28610.554971295984,150.3955420391753
2023-06-04 13:00:00,4148.2536949337655,28291.21025018571,146.6269437839456
2023-06-04 14:00:00,4032.6008323317624,27440.85969051061,146.95606762372265
2023-06-04 15:00:00,4213.009832339383,27624.370059492467,152.51062099393218
2023-06-04 16:00:00,4353.818915571479,28457.794952282053,152.99213881019065
2023-06-04 17:00:00,4955.741527775469,28631.356256267296,173.08790695832565
2023-06-04 18:00:00,5283.814132225828,28299.389303336142,186.7112422670878
2023-06-04 19:00:00,5086.09515628695,27101.199296935643,187.67048279158774
2023-06-04 20:00:00,4882.113133747344,26284.540030693024,185.74086242507556
2023-06-04 21:00:00,4652.748082008763,25102.623441189484,185.34907687673513
2023-06-04 22:00:00,4282.7112571039015,22914.792468660413,186.8972308154736
2023-06-04 23:00:00,3827.5610258355164,20831.301160209176,183.7408521147357
2023-06-05 00:00:00,3683.2223045256724,20739.746973877882,177.59244166116218
2023-06-05 01:00:00,3685.8733687998883,20165.352271042764,182.78249342029915
2023-06-05 02:00:00,3552.197152228915,19964.262475120395,177.92779255710988
2023-06-05 03:00:00,3618.152291519428,20233.78849216532,178.81734272948464
2023-06-05 04:00:00,3839.091810569484,20718.103727419984,185.3013123729333
2023-06-05 05:00:00,4938.360140136968,23915.86390388532,206.4888878772509
2023-06-05 06:00:00,5925.851049720225,27386.431223245425,216.37908938972674
2023-06-05 07:00:00,6583.132673219984,30159.680210939612,218.27594414718396
2023-06-05 08:00:00,6617.583078757304,31673.65518800401,208.9301989138162
2023-06-05 09:00:00,6680.044186443505,32694.100345676918,204.31955967024476
2023-06-05 10:00:00,6593.843508028585,33180.53195888404,198.72627467815784
2023-06-05 11:00:00,6602.174093540705,33854.45547412591,195.01640186139093
2023-06-05 12:00:00,6251.186834478645,33374.464000758635,187.30448627838786
2023-06-05 13:00:00,6114.200588532639,32446.94510617035,188.43686419557315
2023-06-05 14:00:00,6119.704734513857,31880.411041734456,191.95815030435423
2023-06-05 15:00:00,6224.861710336904,31905.88643471959,195.1007292360662
2023-06-05 16:00:00,6466.033346691653,32225.05837293751,200.652339302566
2023-06-05 17:00:00,6340.66275134231,31486.453534307468,201.37748268262598
2023-06-05 18:00:00,6165.2330561644285,30910.894819224348,199.45178204061884
2023-06-05 19:00:00,6052.375877598138,29602.274429967256,204.45644782858776
2023-06-05 20:00:00,5705.8896346432875,28103.188173486073,203.0335348224478
2023-06-05 21:00:00,5162.715636733347,25859.26229750872,199.6466711747892
2023-06-05 22:00:00,4345.74853455433,23201.290332269633,187.3063296186602
2023-06-05 23:00:00,3881.2511699907677,21924.905845497324,177.02475884464758
2023-06-06 00:00:00,3884.7717043975936,21512.041523649084,180.5859151083779
2023-06-06 01:00:00,3888.0104595608436,21542.983881396285,180.47687734280785
2023-06-06 02:00:00,3988.7111490557095,21428.100916773335,186.1439408255472
2023-06-06 03:00:00,4156.504771050644,21820.203440501893,190.4888184193318
2023-06-06 04:00:00,4256.803698934601,21686.119944935082,196.29162384711432
2023-06-06 05:00:00,5252.265214548211,24979.962496078126,210.2591313086567
2023-06-06 06:00:00,6174.672456035418,28289.877205110974,218.26437814724324
2023-06-06 07:00:00,6867.738188602941,31015.00926037537,221.43273055143436
2023-06-06 08:00:00,7015.271932999378,32153.992305889584,218.1773220028545
2023-06-06 09:00:00,6904.703647368322,32759.95712923505,210.76656541795504
2023-06-06 10:00:00,6930.189798017578,33323.92359381289,207.96440066572103
2023-06-06 11:00:00,6911.686751937401,33539.35128941267,206.07693608311396
2023-06-06 12:00:00,6592.838285913976,33142.357518353725,198.92484360121225
2023-06-06 13:00:00,6395.535601026334,32318.81972927222,197.88889738549722
2023-06-06 14:00:00,6500.198698867694,31950.89124381981,203.4434235109173
2023-06-06 15:00:00,6529.921936336427,32229.37909266498,202.60774858745444
2023-06-06 16:00:00,6897.052050940243,32516.99796435189,212.10605168722597
2023-06-06 17:00:00,7001.476819943011,32249.44114900337,217.10381856212052
2023-06-06 18:00:00,6861.740357610686,31465.419738990047,218.0724240938071
2023-06-06 19:00:00,6876.4784022684225,30684.31718541714,224.10400598832618
2023-06-06 20:00:00,6529.559715262416,29156.716642649513,223.94701691860547
2023-06-06 21:00:00,6026.960771702514,27475.781432338856,219.35539072999072
2023-06-06 22:00:00,5264.538627925892,24715.03033532219,213.00959604334074
2023-06-06 23:00:00,5049.8311991805995,23523.128925562218,214.6751486658319
2023-06-07 00:00:00,4893.936500950947,22751.357495623244,215.1052525939347
2023-06-07 01:00:00,4809.615684381489,22519.356727191353,213.57695704398353
2023-06-07 02:00:00,4758.263426120447,22320.85267949423,213.1757014144795
2023-06-07 03:00:00,4843.671679795797,22275.264403055797,217.44620365230438
2023-06-07 04:00:00,5025.629750005054,22634.554248153792,222.033519852284
2023-06-07 05:00:00,5973.386768554557,25745.686073998935,232.0150549255394
2023-06-07 06:00:00,6681.171329267835,29277.368668049614,228.20258900380608
2023-06-07 07:00:00,7311.911996622522,31229.400507394632,234.13552222660104
2023-06-07 08:00:00,7428.255737932422,32551.432783526005,228.20057683272844
2023-06-07 09:00:00,7249.888084087826,32868.94912520743,220.5695124742469
2023-06-07 10:00:00,7170.70471370616,33389.90604135524,214.75666043578698
2023-06-07 11:00:00,7103.8026013454,33912.864811226915,209.4722059279897
2023-06-07 12:00:00,7115.265589544298,34427.952084285665,206.6711831166977
2023-06-07 13:00:00,6685.779324836045,33251.30619546466,201.06817114294165
2023-06-07 14:00:00,6819.7310387755715,32659.45533027371,208.81337333430713
2023-06-07 15:00:00,6819.5361593011685,32837.37453029452,207.67604770015103
2023-06-07 16:00:00,6693.2080742527,32898.94495140355,203.44749912617334
2023-06-07 17:00:00,6886.837656856758,32586.43566785827,211.34062427237512
2023-06-07 18:00:00,6415.208522467946,31320.322651475053,204.82574824834435
2023-06-07 19:00:00,6343.394013323756,30038.680871881068,211.17418705498977
2023-06-07 20:00:00,6137.2300985982365,28804.153723766405,213.06753732307666
2023-06-07 21:00:00,5871.862867950861,27602.249844519953,212.73131360763472
2023-06-07 22:00:00,4963.069694606567,25039.981774452277,198.2058029958422
2023-06-07 23:00:00,4267.883334308024,23267.509624143604,183.42673553165488
2023-06-08 00:00:00,4202.613340312385,22265.153753040537,188.7529449347941
2023-06-08 01:00:00,4015.9720753684123,21620.659740629744,185.74697181055768
2023-06-08 02:00:00,3902.8656631704757,21397.685799583127,182.39662455677856
2023-06-08 03:00:00,4008.7616714097903,21494.189258368777,186.50443723291292
2023-06-08 04:00:00,4087.622571228933,22014.111590448952,185.68192290813997
2023-06-08 05:00:00,4937.033062871723,25234.364842678464,195.64720941665234
2023-06-08 06:00:00,5729.199135346043,28811.737132168313,198.8494865500279
2023-06-08 07:00:00,6575.535979112832,32021.052229969686,205.3504029751572
2023-06-08 08:00:00,6528.714295656097,33274.57338546314,196.2073027962046
2023-06-08 09:00:00,6347.134084554517,33652.13783562987,188.61012978005706
2023-06-08 10:00:00,5885.38301137024,33982.19564391962,173.1901926832471
2023-06-08 11:00:00,6001.653764879072,33849.20886141409,177.30558458400395
2023-06-08 12:00:00,5785.357012004668,33543.71547441483,172.4721585006705
2023-06-08 13:00:00,5673.1133567839,32765.726773444207,173.1416915000895
2023-06-08 14:00:00,5725.373722644336,31809.857155816924,179.98740750702692
2023-06-08 15:00:00,5766.227020614241,31978.785038859744,180.31413681311784
2023-06-08 16:00:00,6177.927980460322,32460.41128335254,190.32192557673164
2023-06-08 17:00:00,6084.272144255493,31700.609089982405,191.92918744826773
2023-06-08 18:00:00,6076.618202924994,32114.336985190752,189.21823625775534
2023-06-08 19:00:00,6056.423699558254,31096.51723338117,194.76212252659815
2023-06-08 20:00:00,5792.899133520044,29937.20108374409,193.50169434061056
2023-06-08 21:00:00,5429.6159263920135,29295.515043190357,185.33949372069873
2023-06-08 22:00:00,4595.48178868985,26372.61728124233,174.2520182840712
2023-06-08 23:00:00,3668.671777749295,23949.867258968286,153.18129900596927
2023-06-09 00:00:00,3375.5267726269662,22849.005718981036,147.73188882450415
2023-06-09 01:00:00,3064.529581557369,21574.419965826506,142.04458735908216
2023-06-09 02:00:00,2999.894727419155,21240.252375059357,141.236303337981
2023-06-09 03:00:00,2887.7039520732487,21401.03858541928,134.93288844592186
2023-06-09 04:00:00,3114.239934247514,22311.212394610207,139.58183352688764
2023-06-09 05:00:00,3739.5363962144697,24773.684173234986,150.94793209056056
2023-06-09 06:00:00,4729.161466143283,27822.54746988846,169.97586117020802
2023-06-09 07:00:00,5484.087584605963,30693.66756676271,178.67162901524756
2023-06-09 08:00:00,5422.194604760995,32196.81967003947,168.40777009434203
2023-06-09 09:00:00,5242.381684186047,32545.311328338692,161.07947566693778
2023-06-09 10:00:00,5317.257208058966,33058.80958479385,160.84236773319142
2023-06-09 11:00:00,5215.187788193517,33740.77471326666,154.56633205706854
2023-06-09 12:00:00,4850.496529732397,33432.75379511417,145.0821717964867
2023-06-09 13:00:00,4397.194822595475,32220.205051587567,136.47321038321
2023-06-09 14:00:00,4339.999872059421,31114.682889027896,139.4839821295384
2023-06-09 15:00:00,4409.355385358215,31210.165159833647,141.27946336640653
2023-06-09 16:00:00,4845.73339739439,31066.7930015172,155.9779085391189
2023-06-09 17:00:00,5077.126628578195,30894.851815937087,164.33568475506212
2023-06-09 18:00:00,5034.00521289097,29902.790509636587,168.34566697943097
2023-06-09 19:00:00,4952.372904880434,28562.769004579703,173.38560221827163
2023-06-09 20:00:00,4631.5662650071845,27651.995489077075,167.49482932747904
2023-06-09 21:00:00,4148.575648074817,26574.869001482693,156.10897829236168
2023-06-09 22:00:00,2951.5001305938968,24177.087199672038,122.07840035560336
2023-06-09 23:00:00,2199.5993687021123,21878.47050833794,100.53716359486096
2023-06-10 00:00:00,1936.229068863285,21067.720345975544,91.90501093931373
2023-06-10 01:00:00,2024.4611272634274,20718.121049084515,97.71451390148546
2023-06-10 02:00:00,1914.9039235927426,19844.59521738245,96.49498529027305
2023-06-10 03:00:00,1880.0139045496471,19311.40144319097,97.35253601765517
2023-06-10 04:00:00,2207.7997109776124,19429.63625444822,113.6305220573627
2023-06-10 05:00:00,2811.5388101216504,21140.135420055787,132.99530746876505
2023-06-10 06:00:00,3395.649018312443,23608.91020215494,143.82913015622802
2023-06-10 07:00:00,4058.1860972856057,26496.761549429,153.15781476597311
2023-06-10 08:00:00,4327.661343678858,28626.811181877463,151.1751104998567
2023-06-10 09:00:00,4584.674415046909,29662.690297582783,154.5603035008768
2023-06-10 10:00:00,4917.125491814344,30781.506195070386,159.74284886039186
2023-06-10 11:00:00,4915.353897625904,31551.93222495688,155.78614528519964
2023-06-10 12:00:00,4519.089944374029,31281.406467851888,144.4656891952198
2023-06-10 13:00:00,4091.7929355918122,30456.294699672206,134.3496632121783
2023-06-10 14:00:00,4220.471372860912,30678.956960027506,137.56893294514168
2023-06-10 15:00:00,3899.193376057617,29737.32103632154,131.1212052792211
2023-06-10 16:00:00,3657.5890679038316,29372.672594515578,124.52353649925514
2023-06-10 17:00:00,3903.8806285676687,29148.923124116285,133.92881143309899
2023-06-10 18:00:00,3897.260176187132,28103.57161315202,138.67490687067252
2023-06-10 19:00:00,4027.310722599552,26861.911485244487,149.92643858616663
2023-06-10 20:00:00,4093.566409017204,26584.8231709259,153.98132922298586
2023-06-10 21:00:00,3986.00523016707,26017.02334070372,153.20758174248746
2023-06-10 22:00:00,3501.647960893948,24214.4262742056,144.60999080635148
2023-06-10 23:00:00,3026.6830925557515,22409.72348357325,135.06115302022212
2023-06-11 00:00:00,2792.4180281723243,21408.47408675405,130.4351733269987
2023-06-11 01:00:00,2803.8298886166203,20614.90560676971,136.00983395703122
2023-06-11 02:00:00,2808.276542235769,19728.768734581554,142.34423749482573
2023-06-11 03:00:00,2877.416435793773,19218.562862684874,149.7206870437029
2023-06-11 04:00:00,3039.5654905026868,19032.2798452839,159.70580062986383
2023-06-11 05:00:00,3407.2828886509483,20061.058683749852,169.84561694198945
2023-06-11 06:00:00,3782.0514821798165,21920.920312507995,172.53160124038186
2023-06-11 07:00:00,4621.204648032661,24479.51106586134,188.77847010912342
2023-06-11 08:00:00,5174.753509702258,26913.999097420212,192.26995924950722
2023-06-11 09:00:00,5410.303273938636,28513.681882071545,189.7441128899055
2023-06-11 10:00:00,5617.346510728527,29800.605520699883,188.49773058559654
2023-06-11 11:00:00,5714.825782736903,30534.43544803112,187.16002765020497
2023-06-11 12:00:00,5614.908479547798,30525.38770163074,183.94224946233314
2023-06-11 13:00:00,5306.320001003208,30131.296856348585,176.1065919698435
2023-06-11 14:00:00,5148.367551756741,29524.667357302875,174.37512468648697
2023-06-11 15:00:00,5249.004181766415,29172.09817270666,179.93235010697205
2023-06-11 16:00:00,5540.230090538764,29386.216157350547,188.53159116754654
2023-06-11 17:00:00,5973.930748212737,29310.27087919991,203.81697504038246
2023-06-11 18:00:00,6196.807521606614,28795.27057599771,215.20226751305336
2023-06-11 19:00:00,6160.406468388243,27804.236562577775,221.5635899415288
2023-06-11 20:00:00,6008.108314863296,26818.757933906807,224.02634490642382
2023-06-11 21:00:00,5871.443562447484,25807.615219685802,227.50817975497412
2023-06-11 22:00:00,5374.355093587839,23611.521948073747,227.61578459055175
2023-06-11 23:00:00,4872.627667693341,22007.705113770306,221.40553240349078
2023-06-12 00:00:00,4681.817772112925,21426.199250521866,218.50901867249706
2023-06-12 01:00:00,4618.7780485653175,21172.289503850498,218.15203536326686
2023-06-12 02:00:00,4627.471803340607,20749.19102086854,223.01938416232798
2023-06-12 03:00:00,4672.974026740894,20182.559968871126,231.53524795409135
2023-06-12 04:00:00,5106.198223346054,20958.533540431567,243.63337317926252
2023-06-12 05:00:00,6276.007335280018,24531.656928198885,255.83299789529556
2023-06-12 06:00:00,7719.570362972915,28890.449681867125,267.2014609664607
2023-06-12 07:00:00,8370.060895427965,31489.037297130475,265.80872627029186
2023-06-12 08:00:00,8476.933128226263,33172.13450293202,255.54379467130772
2023-06-12 09:00:00,8412.400973750735,34432.644786619974,244.31469106955362
2023-06-12 10:00:00,8326.72798508985,35111.60822572626,237.15028749349227
2023-06-12 11:00:00,8151.25778152776,35447.5277678888,229.9527864087554
2023-06-12 12:00:00,7758.988920170017,35049.90253374139,221.36977164774405
2023-06-12 13:00:00,7702.520720250433,35008.90562314542,220.0160382950694
2023-06-12 14:00:00,7684.523457392421,34778.37392036909,220.9569508622635
2023-06-12 15:00:00,7664.098670593466,34625.83097506228,221.340497968502
2023-06-12 16:00:00,7625.905051802106,34061.35793355854,223.88728795479923
2023-06-12 17:00:00,7628.1929776234365,33304.84953503356,229.0415084926085
2023-06-12 18:00:00,7582.843728426872,31884.278516058064,237.82390825020175
2023-06-12 19:00:00,7476.571746182526,30397.74603665642,245.95809627353893
2023-06-12 20:00:00,7298.918305381309,29607.214687923984,246.52499001732673
2023-06-12 21:00:00,6440.399630723222,27833.90199872887,231.38687601247375
2023-06-12 22:00:00,5530.947683216984,24660.257761162222,224.28588284781634
2023-06-12 23:00:00,5074.759495887555,23097.750198237656,219.70795650369257
2023-06-13 00:00:00,4806.042556620194,22560.673262510187,213.02744384878588
2023-06-13 01:00:00,4486.854567232731,22123.62064869273,202.808330448292
2023-06-13 02:00:00,4507.567237211319,21842.78795016635,206.3640981863302
2023-06-13 03:00:00,4449.534465318346,21567.633351303186,206.30610660160775
2023-06-13 04:00:00,4967.890963098196,22317.674184104908,222.59895552361937
2023-06-13 05:00:00,5680.546643886454,25245.504022185105,225.0122096550156
2023-06-13 06:00:00,7154.77756129009,29427.271208539834,243.13425157864327
2023-06-13 07:00:00,7705.683747478817,32129.364502349996,239.8330582266951
2023-06-13 08:00:00,7772.479297326696,33721.41179742665,230.49092202954057
2023-06-13 09:00:00,7588.660328762948,34823.91793768785,217.91517951373854
2023-06-13 10:00:00,7542.943532484308,35277.46497467573,213.81761807145395
2023-06-13 11:00:00,7288.445969835615,36037.87316390192,202.24406520016942
2023-06-13 12:00:00,6896.311955163556,35586.35072463573,193.79092867730816
2023-06-13 13:00:00,6614.949226340107,35159.808095984765,188.1395145355054
2023-06-13 14:00:00,6604.279102954611,33978.317772072165,194.3674535995679
2023-06-13 15:00:00,6530.8205683506785,33498.22986605038,194.96016937209873
2023-06-13 16:00:00,6727.310934521078,33300.58017796012,202.017829676539
2023-06-13 17:00:00,6905.494773378835,32358.12250431047,213.40838834079275
2023-06-13 18:00:00,6720.863704680104,31426.251123795468,213.8614522682017
2023-06-13 19:00:00,6750.6499088551955,30777.19507441206,219.33934825879044
2023-06-13 20:00:00,6114.293638752864,29291.662973808572,208.73835822227028
2023-06-13 21:00:00,5786.145290333964,28081.40459357174,206.04899840581695
2023-06-13 22:00:00,4855.24628384758,25852.24809892821,187.80750769790387
2023-06-13 23:00:00,4279.283469583047,23963.607411512116,178.57426038148495
2023-06-14 00:00:00,4209.95198269779,23209.635811034692,181.38811039405576
2023-06-14 01:00:00,4227.932370163145,22601.138855995876,187.0672268818663
2023-06-14 02:00:00,4243.735779493203,22416.061628479576,189.31674304916893
2023-06-14 03:00:00,4176.965763140447,22011.00660573439,189.76713959334546
2023-06-14 04:00:00,4553.965715997305,22418.151548804362,203.13743111617887
2023-06-14 05:00:00,5683.742156739839,25570.20818906684,222.27985453673622
2023-06-14 06:00:00,6554.510754442714,28798.272018646447,227.60083487643865
2023-06-14 07:00:00,7063.885406032434,31785.768481008396,222.23421812982178
2023-06-14 08:00:00,7109.427446044513,33555.35046319646,211.87164931691416
2023-06-14 09:00:00,6936.083152220115,34553.37361816386,200.73533857701196
2023-06-14 10:00:00,6945.928697270934,35320.36397839098,196.65507132147496
2023-06-14 11:00:00,6769.182742684936,35913.32644589866,188.4866541917891
2023-06-14 12:00:00,6305.117640386997,35143.27837673183,179.41176610778518
2023-06-14 13:00:00,6228.180153271007,34574.782708844956,180.13649444216776
2023-06-14 14:00:00,6170.530437292406,33966.24845810394,181.66652831570485
2023-06-14 15:00:00,6287.672762157665,34082.657822512934,184.48305278599517
2023-06-14 16:00:00,6677.719349742619,34066.27578020135,196.02140817587048
2023-06-14 17:00:00,6806.996726419853,32967.41179933969,206.47652802869385
2023-06-14 18:00:00,6904.410034043572,32422.328336230425,212.9523198470672
2023-06-14 19:00:00,6719.353591141188,31345.254608439966,214.3658960527935
2023-06-14 20:00:00,6403.476862640426,29853.791009162025,214.49459670549783
2023-06-14 21:00:00,5900.25331512496,28638.97653641558,206.02179367766712
2023-06-14 22:00:00,5579.098781512234,26650.847493556226,209.3403890011819
2023-06-14 23:00:00,5411.980133960376,25294.205972367487,213.96125815819892
2023-06-15 00:00:00,5284.30429709523,24336.730265443784,217.13287855265096
2023-06-15 01:00:00,5057.069519319725,23057.70986794497,219.32228084585745
2023-06-15 02:00:00,5134.748305555518,22864.19014686159,224.57599733793015
2023-06-15 03:00:00,5331.765408030891,22716.679178127608,234.70707871617506
2023-06-15 04:00:00,5766.497096951782,23665.781413727058,243.6639211755329
2023-06-15 05:00:00,6247.638726763094,26137.64209403889,239.02839836451696
2023-06-15 06:00:00,6883.729494961475,29123.675612832816,236.3619752696423
2023-06-15 07:00:00,7712.621681376376,32159.271271052025,239.82576024099296
2023-06-15 08:00:00,7742.784175692641,33743.87511737736,229.45746891130696
2023-06-15 09:00:00,7600.389995471348,34141.4073268593,222.61501767362896
2023-06-15 10:00:00,7592.7080838508455,35253.39384657391,215.37523782518713
2023-06-15 11:00:00,7405.439066414656,35734.86796603765,207.2328649276883
2023-06-15 12:00:00,7064.708932637339,35300.77506019802,200.1290034167796
2023-06-15 13:00:00,6858.309076548573,34348.80446455495,199.6666021848232
2023-06-15 14:00:00,6949.595247323525,34006.77824762451,204.3591191355793
2023-06-15 15:00:00,7169.1732682799775,33828.257856726595,211.92853911199626
2023-06-15 16:00:00,7248.339669361555,33889.2780867097,213.88297652183164
2023-06-15 17:00:00,7359.316092396442,33000.87426315625,223.00367056071403
2023-06-15 18:00:00,7603.951476144823,32527.87020374771,233.7672718353608
2023-06-15 19:00:00,7518.386202918289,31188.272222218133,241.064530582181
2023-06-15 20:00:00,7044.699723044489,29106.676004504065,242.03037550403792
2023-06-15 21:00:00,6514.361442945493,27625.878085193344,235.80649356579178
2023-06-15 22:00:00,5901.562416506788,25415.290949136546,232.2051881411685
2023-06-15 23:00:00,5531.178401483813,23972.618352973044,230.72900590343087
2023-06-16 00:00:00,5611.663096614265,23300.15110597348,240.8423478067315
2023-06-16 01:00:00,5396.702698010468,22139.61411379217,243.75775793890284
2023-06-16 02:00:00,5410.335769735351,21821.654475343425,247.93426070642633
2023-06-16 03:00:00,5529.0543614311255,21975.610323265086,251.59958154052447
2023-06-16 04:00:00,5918.979050851286,23019.497791956346,257.1289393168057
2023-06-16 05:00:00,6275.988671562506,25416.88817195979,246.92199253904934
2023-06-16 06:00:00,7053.036900190215,28193.65958023842,250.16393775052353
2023-06-16 07:00:00,7919.584299242871,31512.6976664286,251.31406974655286
2023-06-16 08:00:00,8032.143752346797,32826.91746299703,244.68163242560755
2023-06-16 09:00:00,7798.046867304464,33806.8860069465,230.66445296683503
2023-06-16 10:00:00,7608.548177007315,34230.296579641974,222.27526306425284
2023-06-16 11:00:00,7214.79274692662,34291.16724734101,210.39799243013712
2023-06-16 12:00:00,6890.540482508753,33389.21812336788,206.37022577316114
2023-06-16 13:00:00,6518.679806134207,32679.126729024665,199.4753366632806
2023-06-16 14:00:00,6390.388869604574,31780.063771211564,201.08168805480503
2023-06-16 15:00:00,6532.209276631817,31536.051625352276,207.13465827093214
2023-06-16 16:00:00,6854.581641513091,31349.6745466364,218.6492121733538
2023-06-16 17:00:00,6809.446836443751,30605.611352697757,222.49014267259608
2023-06-16 18:00:00,6913.12499265662,29539.587093400445,234.02916807192298
2023-06-16 19:00:00,6712.303225733859,27623.496601889732,242.992526343485
2023-06-16 20:00:00,6570.872141571741,26842.974866701792,244.78926699450085
2023-06-16 21:00:00,6306.73723829695,25914.707839734383,243.36516843253716
2023-06-16 22:00:00,5942.126815362046,24165.682601219047,245.89112227528358
2023-06-16 23:00:00,5539.242770685152,22288.618181188755,248.52338200849914
2023-06-17 00:00:00,5106.819329583282,21210.546255938167,240.7679306304316
2023-06-17 01:00:00,4950.518021306751,20394.065828936284,242.74306373389598
2023-06-17 02:00:00,4809.033342524748,20134.983457302933,238.8396967259746
2023-06-17 03:00:00,4762.122457982527,19432.435442723618,245.06050577235706
2023-06-17 04:00:00,4969.271461567339,19825.49985744347,250.65050048166276
2023-06-17 05:00:00,5347.400317277997,21222.35635989636,251.9701500905393
2023-06-17 06:00:00,5977.910804297264,23823.359758955245,250.9264379492131
2023-06-17 07:00:00,6463.469358185666,27038.409166516558,239.0476939075915
2023-06-17 08:00:00,6299.884639655814,28822.415400350674,218.57587409482568
2023-06-17 09:00:00,5927.425795046719,29718.41191099723,199.45297927758006
2023-06-17 10:00:00,5777.371738200178,30062.92031168856,192.17599881518888
2023-06-17 11:00:00,5383.707713455429,30432.88577578348,176.90427891460214
2023-06-17 12:00:00,4721.528905428021,29385.98295321456,160.6728253039951
2023-06-17 13:00:00,4636.350354899577,28923.82600924751,160.29519585055053
2023-06-17 14:00:00,4653.893212454303,28741.841007391064,161.92049810788174
2023-06-17 15:00:00,5321.072834950764,28903.899260543756,184.09532869547724
2023-06-17 16:00:00,6059.402996190898,29271.508249338156,207.00685952278883
2023-06-17 17:00:00,6146.2509213884505,29426.937618148455,208.86478236858318
2023-06-17 18:00:00,6242.644334957117,28576.834214181035,218.45122129935768
2023-06-17 19:00:00,6286.527176723184,27685.790570870682,227.06691942318918
2023-06-17 20:00:00,6232.358595785272,26936.30807346306,231.37389796656012
2023-06-17 21:00:00,5955.410881122823,26191.11439235492,227.38287466153724
2023-06-17 22:00:00,5165.869043176709,23883.369417443206,216.2956554783187
2023-06-17 23:00:00,4549.049028751649,22337.316083706148,203.65244471200958
2023-06-18 00:00:00,4033.037528383034,20774.192314611304,194.1369111879474
2023-06-18 01:00:00,3759.1389002418373,20261.790355768353,185.5284668450655
2023-06-18 02:00:00,3589.9858062723297,19743.577020564822,181.83056710205128
2023-06-18 03:00:00,3621.456395452831,19340.82419445179,187.24416079908843
2023-06-18 04:00:00,3564.0745040913166,19158.76806406531,186.02837573759186
2023-06-18 05:00:00,3973.0168024338172,20194.403561018364,196.73850680606415
2023-06-18 06:00:00,4238.400749893913,22083.479391493416,191.92631173539394
2023-06-18 07:00:00,4520.445213550674,25083.904068992266,180.212984434854
2023-06-18 08:00:00,4614.647301432192,27529.930117271535,167.62292100905432
2023-06-18 09:00:00,4734.548850143315,28972.074239693353,163.41766940720868
2023-06-18 10:00:00,4781.868077886611,30274.541780696614,157.95013885018017
2023-06-18 11:00:00,4765.723170043788,30574.14263589746,155.87430289699427
2023-06-18 12:00:00,4408.009577080511,29795.02652355572,147.94447568608715
2023-06-18 13:00:00,4075.687355912694,28993.36300160785,140.57311515351543
2023-06-18 14:00:00,4168.329910905141,28504.932021517772,146.23188393357884
2023-06-18 15:00:00,4815.734451974085,29292.63323173412,164.40087218778842
2023-06-18 16:00:00,6051.769174591575,30363.826522382547,199.30851502298444
2023-06-18 17:00:00,6547.425958800945,30071.96876683999,217.72521811144986
2023-06-18 18:00:00,6204.7240374679695,29240.25729052322,212.19799729597193
2023-06-18 19:00:00,5790.131650178749,27948.767296019996,207.16948224772992
2023-06-18 20:00:00,5751.334631104275,27287.5364487544,210.76782222188504
2023-06-18 21:00:00,5418.404685453938,25985.956218692783,208.51280745082815
2023-06-18 22:00:00,4657.251415005315,23952.14726444928,194.43982886318466
2023-06-18 23:00:00,4213.225678305517,22780.926243363116,184.94531931215826
2023-06-19 00:00:00,4143.953236713724,22069.74034205647,187.76628870512525
2023-06-19 01:00:00,4194.364406247612,21978.209877144483,190.8419488981859
2023-06-19 02:00:00,3929.7393160840666,21058.808546900593,186.60786565071083
2023-06-19 03:00:00,4020.0399259612054,21038.976477070562,191.07583158061263
2023-06-19 04:00:00,3826.774127281126,21237.690503088685,180.18786584749327
2023-06-19 05:00:00,4573.360735279604,24620.389938496035,185.75500821490942
2023-06-19 06:00:00,5775.108745086204,29222.053574214817,197.62843601731294
2023-06-19 07:00:00,6476.219810559608,32204.136930947763,201.09900241841424
2023-06-19 08:00:00,6607.058088431791,33879.541015898234,195.01616286157414
2023-06-19 09:00:00,6971.341450349667,34422.626957894725,202.52206372502928
2023-06-19 10:00:00,7320.720757189928,34756.71046722199,210.62754958050132
2023-06-19 11:00:00,7237.412289853851,35480.11870490158,203.9850077743399
2023-06-19 12:00:00,6979.826171087757,35567.39811566351,196.2422482631338
2023-06-19 13:00:00,6799.798125571912,35115.66598077606,193.64001609123508
2023-06-19 14:00:00,6237.768763878477,33589.64474668871,185.70511271910374
2023-06-19 15:00:00,6246.164422853065,33226.60489979226,187.98683891089084
2023-06-19 16:00:00,6470.279233645782,33592.018825748695,192.6135867930103
2023-06-19 17:00:00,6668.542893767763,32680.22064821478,204.05440237234276
2023-06-19 18:00:00,7057.838435068107,32514.659716872633,217.06634781128054
2023-06-19 19:00:00,7138.736937397761,30638.501232907238,232.99889518519956
2023-06-19 20:00:00,6908.431346477437,29393.442065876192,235.03308428439078
2023-06-19 21:00:00,6411.10283514565,28116.96449377501,228.01546861735534
2023-06-19 22:00:00,5748.9115993013065,26321.53517319971,218.4109536724432
2023-06-19 23:00:00,5555.797311466326,25157.348213951143,220.84192913406227
2023-06-20 00:00:00,5654.306864694545,24824.47261230708,227.7714799021085
2023-06-20 01:00:00,5545.213282926463,24331.332114615045,227.9042206487179
2023-06-20 02:00:00,5635.275601488752,23831.395614819823,236.46435536424863
2023-06-20 03:00:00,5691.197251888169,23650.707159642527,240.63539468281127
2023-06-20 04:00:00,5670.946261218556,24131.87964989286,234.9981163296467
2023-06-20 05:00:00,5892.963323799289,26108.26588232333,225.71255212277947
2023-06-20 06:00:00,6312.645430460283,28898.187363588193,218.444338775872
2023-06-20 07:00:00,7490.43679293538,31681.886774902603,236.42647441278874
2023-06-20 08:00:00,8238.205250357802,34010.534276042796,242.22510541861257
2023-06-20 09:00:00,8247.36780415798,34708.07051987381,237.62103973586045
2023-06-20 10:00:00,8046.805022303908,34956.02099844551,230.19796854629848
2023-06-20 11:00:00,8082.575747489481,35373.04019330848,228.49536549076328
2023-06-20 12:00:00,7610.428093897268,35158.47413526511,216.46070488206303
2023-06-20 13:00:00,7555.600104146105,34710.02911037998,217.677723061506
2023-06-20 14:00:00,7368.832963714132,34155.0476938727,215.74652829532062
2023-06-20 15:00:00,7345.019438142753,34333.99194887727,213.92850120892908
2023-06-20 16:00:00,7471.356225308492,34540.0253988795,216.31009644685633
2023-06-20 17:00:00,7343.179227719915,32901.44559579785,223.18713037514013
2023-06-20 18:00:00,6962.203201346785,31291.303311044347,222.49642759013676
2023-06-20 19:00:00,7173.647837401922,29966.800004052933,239.38651562501514
2023-06-20 20:00:00,6946.301349117365,28893.748708328134,240.40845025814224
2023-06-20 21:00:00,6570.775335277087,27126.39677801336,242.2280920333241
2023-06-20 22:00:00,5842.821369268279,24796.750271341807,235.6285120159865
2023-06-20 23:00:00,5945.922750280712,24773.856829323133,240.00795642134034
2023-06-21 00:00:00,5763.987100587703,24404.33649871652,236.18700311278056
2023-06-21 01:00:00,5845.206782920075,24577.345209838262,237.82905488833066
2023-06-21 02:00:00,5795.339791922261,24435.3065647817,237.17074212095264
2023-06-21 03:00:00,5666.110804747222,24392.7025225132,232.2871276570399
2023-06-21 04:00:00,5278.016366264803,24208.101772170467,218.02685794771352
2023-06-21 05:00:00,5973.064874373054,26639.544569817106,224.21798010543327
2023-06-21 06:00:00,6739.7148162089,28968.085863247317,232.6599985938242
2023-06-21 07:00:00,7652.627406030295,32256.107654908486,237.24584155973875
2023-06-21 08:00:00,7694.318096798514,33730.45796343277,228.11187755410657
2023-06-21 09:00:00,7632.454520695196,34158.07510929085,223.44510035400683
2023-06-21 10:00:00,7500.264600061761,34688.37370791686,216.21839822228364
2023-06-21 11:00:00,7377.244313290529,35274.27085500714,209.1395267563224
2023-06-21 12:00:00,7143.895592832775,34905.10823581248,204.66619225386535
2023-06-21 13:00:00,7048.918994594391,34991.02200947089,201.4493601440531
2023-06-21 14:00:00,7152.367392546138,34933.91628243732,204.7399247974359
2023-06-21 15:00:00,7426.7696623134225,34999.0816581617,212.19898667202656
2023-06-21 16:00:00,7468.3825540652915,33952.69756864053,219.96433535116978
2023-06-21 17:00:00,7623.002384146647,32766.330830971245,232.64742163139204
2023-06-21 18:00:00,7757.480296576775,32262.68178200116,240.44747268668007
2023-06-21 19:00:00,7412.526714126067,30073.529721407675,246.48010335978293
2023-06-21 20:00:00,7135.680356833976,28345.492954867408,251.73950469641267
2023-06-21 21:00:00,6881.262999978211,27230.164416567644,252.70736139189248
2023-06-21 22:00:00,6268.8233885043965,25010.036526596774,250.6523083977848
2023-06-21 23:00:00,6148.099601862196,24008.508846244968,256.08002734512957
2023-06-22 00:00:00,5997.166701461531,23135.521547115648,259.2189974731393
2023-06-22 01:00:00,6004.969122304951,23025.042569416524,260.8016512543248
2023-06-22 02:00:00,5948.344787539961,22837.488779102223,260.4640486121697
2023-06-22 03:00:00,5929.500493935768,23028.385501561464,257.48659164723955
2023-06-22 04:00:00,6134.988303926767,23319.41682333083,263.0849798005573
2023-06-22 05:00:00,6591.157226818682,25644.194906622997,257.0233634090972
2023-06-22 06:00:00,7602.855332488387,29130.311060032036,260.994649759158
2023-06-22 07:00:00,8268.430374879888,32120.38967495132,257.4199895628265
2023-06-22 08:00:00,8414.33353643545,33800.940526497274,248.9378521831153
2023-06-22 09:00:00,8272.510036707541,34569.905141810166,239.29802534235048
2023-06-22 10:00:00,8456.636687850058,34631.014017280446,244.19258077832492
2023-06-22 11:00:00,8511.002451953265,35366.981787618985,240.6482550041275
2023-06-22 12:00:00,8470.141590547675,35381.04396861988,239.397729418612
2023-06-22 13:00:00,8017.512474235943,34135.46330633461,234.87340430349778
2023-06-22 14:00:00,7402.817058578149,33572.23913875313,220.50412032341697
2023-06-22 15:00:00,7311.477912381837,33801.16264132722,216.3084740594813
2023-06-22 16:00:00,7550.406401743797,33534.15527800518,225.15570585122376
2023-06-22 17:00:00,7279.875487579979,32464.549706994763,224.24076579788408
2023-06-22 18:00:00,7475.3498990951175,31373.007931606386,238.27329261483277
2023-06-22 19:00:00,7207.761014417996,29759.836160152114,242.1976040334879
2023-06-22 20:00:00,6952.614324634688,28413.24560376213,244.6962385639643
2023-06-22 21:00:00,6751.2554102853965,27097.88808057404,249.1432317607527
2023-06-22 22:00:00,5852.30453034605,24688.81000432936,237.0427950686893
2023-06-22 23:00:00,5270.195288854214,22854.75700807995,230.5951136120597
2023-06-23 00:00:00,4986.773404567307,22053.654831789387,226.1200441651553
2023-06-23 01:00:00,4891.890990210439,21373.158543563633,228.88011522674992
2023-06-23 02:00:00,4769.280193461905,20796.615954153887,229.32962766518247
2023-06-23 03:00:00,4790.217908571585,21107.94333546465,226.93911161507
2023-06-23 04:00:00,5320.615541653048,22706.42688530766,234.3220079728082
2023-06-23 05:00:00,5920.663746119714,25471.67909191198,232.44104657394578
2023-06-23 06:00:00,6348.969535719089,28492.061153871975,222.83293235372992
2023-06-23 07:00:00,6639.988984164887,30924.606757442005,214.71538947110378
2023-06-23 08:00:00,6805.212922710474,32150.704220491923,211.66606106167436
2023-06-23 09:00:00,6900.737725271749,33530.39176846395,205.80546069736172
2023-06-23 10:00:00,7019.028324533645,34519.27017551222,203.33652156739123
2023-06-23 11:00:00,6328.792967143163,35052.94303010823,180.54954648764115
2023-06-23 12:00:00,6071.023198290316,34894.37118543396,173.98288010487366
2023-06-23 13:00:00,5660.477454378255,34923.7447516858,162.08105673161006
2023-06-23 14:00:00,5122.8229089562055,33312.613731029975,153.78027525304648
2023-06-23 15:00:00,5175.997293427894,32839.0479250746,157.61715459100466
2023-06-23 16:00:00,5587.582423086042,32682.78508127875,170.9640842783225
2023-06-23 17:00:00,5929.873091530575,32323.72679571833,183.45264235793687
2023-06-23 18:00:00,6145.358942743241,31835.677756363464,193.03370858862516
2023-06-23 19:00:00,6070.313825125615,30221.267705518254,200.8623160443136
2023-06-23 20:00:00,5804.145873319928,29032.51894807907,199.9187836129513
2023-06-23 21:00:00,5489.816633873821,28131.1628791471,195.1507179940748
2023-06-23 22:00:00,4774.7970442824,26315.624228234446,181.443427025358
2023-06-23 23:00:00,3803.929883693496,24194.796447110053,157.2209913817174
2023-06-24 00:00:00,3044.3448449534176,22650.823122613074,134.4032765817745
2023-06-24 01:00:00,2379.4254863249967,20895.455817107144,113.87286820405023
2023-06-24 02:00:00,1926.7902300986739,20200.234831742186,95.38454607819509
2023-06-24 03:00:00,1681.7291776417667,19549.47623608784,86.02425749582676
2023-06-24 04:00:00,1957.7213788260076,20441.832781225552,95.7703450457751
2023-06-24 05:00:00,2482.672637480567,21912.383725181422,113.29997998472035
2023-06-24 06:00:00,3033.5427211926176,23813.74901561314,127.3861885083159
2023-06-24 07:00:00,3214.689411015744,26452.088488086432,121.52875613067698
2023-06-24 08:00:00,3627.576100991165,28620.74276931876,126.74639963851328
2023-06-24 09:00:00,3629.331594570164,29307.448081483188,123.8364931835611
2023-06-24 10:00:00,3915.895615152321,30139.4448876718,129.92593691578156
2023-06-24 11:00:00,3778.3574912429863,29994.887517104835,125.96671646420899
2023-06-24 12:00:00,3826.031836420359,29558.9708109872,129.4372480315927
2023-06-24 13:00:00,3981.492608728242,29342.856990829387,135.6886485175111
2023-06-24 14:00:00,4011.048306966241,28641.83365602444,140.0416033113358
2023-06-24 15:00:00,3987.7945873201256,28350.945850325024,140.65825557895482
2023-06-24 16:00:00,4588.852795953921,29024.19174640704,158.10441289969714
2023-06-24 17:00:00,4868.072070283373,28966.16184859917,168.06065283097897
2023-06-24 18:00:00,5278.143336117932,28633.12336738916,184.3369746427774
2023-06-24 19:00:00,5338.914609389182,27538.40336200343,193.8716104636494
2023-06-24 20:00:00,5401.105850160202,27009.363504145338,199.97160796963067
2023-06-24 21:00:00,5274.857823262529,26946.69022443435,195.75160360434415
2023-06-24 22:00:00,4104.401253008551,25240.840513742816,162.6095315951875
2023-06-24 23:00:00,3460.2982860623083,23955.958067297797,144.44416192170377
2023-06-25 00:00:00,2904.2419721210695,22645.253322493503,128.24948039933338
2023-06-25 01:00:00,2768.0362284969515,22356.464703042726,123.81368276533546
2023-06-25 02:00:00,2926.3216488587723,22151.49367776989,132.10493574054013
2023-06-25 03:00:00,2875.933008720037,21917.403985416586,131.21686357716575
2023-06-25 04:00:00,3182.568746203035,23052.587364259733,138.0568999008426
2023-06-25 05:00:00,3277.718829554239,23873.277225040703,137.29655960750276
2023-06-25 06:00:00,3913.7374876861895,25904.24134664327,151.0848140778823
2023-06-25 07:00:00,4379.882601722512,28291.63354193565,154.81193743126826
2023-06-25 08:00:00,4406.5621553181745,29993.162405423172,146.91889090432852
2023-06-25 09:00:00,4445.044329107786,31507.628155019807,141.07835433495174
2023-06-25 10:00:00,4522.623246638618,32531.643926774723,139.02227802623696
2023-06-25 11:00:00,4061.457349396525,32485.914369208826,125.02210352577
2023-06-25 12:00:00,3540.602377372029,32213.921370859138,109.90907740201024
2023-06-25 13:00:00,3572.789175330538,30562.69959517106,116.90031386805381
2023-06-25 14:00:00,3418.419843553268,29760.510830148643,114.86428653940528
2023-06-25 15:00:00,3472.4893140809786,29845.123652349397,116.35030749177766
2023-06-25 16:00:00,3715.5770884577382,30687.132696237193,121.07931768135953
2023-06-25 17:00:00,4017.569627855391,30484.16797341119,131.79200532419267
2023-06-25 18:00:00,4550.917759509119,29955.252819311263,151.92386413695286
2023-06-25 19:00:00,4629.310011513782,28969.700487113525,159.7983387357774
2023-06-25 20:00:00,4343.113843441653,27298.77964434663,159.09553100997613
2023-06-25 21:00:00,4130.484217043271,26086.633062145855,158.3371915878631
2023-06-25 22:00:00,2975.825431273932,23895.53043303089,124.53481372233679
2023-06-25 23:00:00,2634.2879290719698,22234.53239987937,118.47732534668738
2023-06-26 00:00:00,2084.0599984159207,21300.390173351298,97.84140015534867
2023-06-26 01:00:00,1945.5877641294232,21244.853056116193,91.57925258368905
2023-06-26 02:00:00,1973.994836717085,21452.475946563707,92.01710989603896
2023-06-26 03:00:00,2021.819452957944,21210.937705095206,95.31966389549437
2023-06-26 04:00:00,2297.351212462716,22666.80414306352,101.35311524124806
2023-06-26 05:00:00,3308.2237087664985,25771.502331526146,128.36751487008056
2023-06-26 06:00:00,4452.69718519485,28646.444350247144,155.43629536544682
2023-06-26 07:00:00,4812.6409156326745,31470.47100064568,152.92560812114738
2023-06-26 08:00:00,4693.2865936203925,32895.82931384996,142.6711741735723
2023-06-26 09:00:00,4338.969122078443,33361.64763816185,130.05859809858933
2023-06-26 10:00:00,4665.86808253737,33939.763591694624,137.47497297474257
2023-06-26 11:00:00,4718.414378640717,34355.50170463749,137.34086665961277
2023-06-26 12:00:00,4685.0433539764035,34577.75073708882,135.4930050135137
2023-06-26 13:00:00,4478.665279520445,33429.34333441815,133.9740728591969
2023-06-26 14:00:00,4611.865902842879,33190.51827778902,138.9513072451515
2023-06-26 15:00:00,4457.316073397039,33618.58616143061,132.58487587769997
2023-06-26 16:00:00,4839.929156598195,33354.78609407194,145.10448794208824
2023-06-26 17:00:00,4896.666054904777,32064.56965356441,152.7126703339506
2023-06-26 18:00:00,4745.799947077703,30799.342718427808,154.0877021456112
2023-06-26 19:00:00,5130.254409749888,29550.561137980414,173.60937363575582
2023-06-26 20:00:00,5130.72067491514,28478.25576635499,180.16274300677915
2023-06-26 21:00:00,5120.683513480808,27116.520329864856,188.83999315506307
2023-06-26 22:00:00,4238.522362163982,25051.369256889637,169.19324124362188
2023-06-26 23:00:00,3726.69944514576,23243.569971079534,160.33248979320518
2023-06-27 00:00:00,3486.390160822612,22331.210579042825,156.121861306278
2023-06-27 01:00:00,3328.1092700752956,21977.68229425449,151.43131225194506
2023-06-27 02:00:00,3295.8667411696297,21609.589296281454,152.51871268727805
2023-06-27 03:00:00,3383.462933022412,20941.930828585388,161.56403918611178
2023-06-27 04:00:00,4062.3371093636306,22653.34630797791,179.32613814026155
2023-06-27 05:00:00,4693.426156237941,24524.190855386852,191.37944994450277
2023-06-27 06:00:00,5454.687951600024,27854.170215962284,195.83020816301777
2023-06-27 07:00:00,6042.8338598269065,30874.09782173316,195.72503445179805
2023-06-27 08:00:00,6354.962085467113,32999.19025209434,192.5793341266544
2023-06-27 09:00:00,6202.3562423013755,33335.95098851898,186.05607634944894
2023-06-27 10:00:00,6130.964126437942,33842.59179143618,181.16118777845418
2023-06-27 11:00:00,5860.122197337485,35373.6661769741,165.6634109684688
2023-06-27 12:00:00,5240.59065179195,34706.56931363267,150.99708082450707
2023-06-27 13:00:00,4960.517957135216,34028.79328289766,145.77413650540157
2023-06-27 14:00:00,4860.029804544112,33391.41468398946,145.5472866465404
2023-06-27 15:00:00,5217.47961872094,33534.436078997365,155.58572705472304
2023-06-27 16:00:00,5683.494259239318,34268.689257816106,165.85093805252586
2023-06-27 17:00:00,5796.84331121807,32673.363578768134,177.41801505202193
2023-06-27 18:00:00,5667.672228878012,32053.35688916487,176.81992711327777
2023-06-27 19:00:00,5829.182329092753,31065.341770303494,187.64262669934902
2023-06-27 20:00:00,5875.763484712023,30485.16292025994,192.74174456870253
2023-06-27 21:00:00,5790.41929153866,30096.9470875974,192.39224744907182
2023-06-27 22:00:00,4680.285373412137,26933.954217071492,173.7689659561997
2023-06-27 23:00:00,4159.192080440889,25391.217202091833,163.80435988307948
2023-06-28 00:00:00,3810.2235936707934,24515.246953963317,155.42260703414226
2023-06-28 01:00:00,3549.111527863157,23498.29105102282,151.03700605958207
2023-06-28 02:00:00,3609.9849045424344,22771.824578411455,158.52857517464082
2023-06-28 03:00:00,3725.730218301756,22394.882560970695,166.36524921076727
2023-06-28 04:00:00,4170.079772327221,23330.376569701828,178.74035422740357
2023-06-28 05:00:00,4926.660788766479,25499.78016474939,193.2040494834163
2023-06-28 06:00:00,5944.539285878043,28499.58297729435,208.58337789061912
2023-06-28 07:00:00,6774.979822979718,31660.68116510865,213.9871782179475
2023-06-28 08:00:00,7117.432121225088,33214.280511279634,214.288312486793
2023-06-28 09:00:00,7269.237468998108,33914.32070462131,214.34123750582953
2023-06-28 10:00:00,7374.0228721836675,34085.8491697103,216.33678056454121
2023-06-28 11:00:00,7394.872948427443,34765.87238335208,212.70494428808115
2023-06-28 12:00:00,6686.461177540036,33875.34548423894,197.38429474176203
2023-06-28 13:00:00,6139.7903272455915,32993.807880507564,186.08917010979272
2023-06-28 14:00:00,6121.88775542095,32666.33222332453,187.40664588752875
2023-06-28 15:00:00,6559.357484768585,33203.333040746125,197.55117586295145
2023-06-28 16:00:00,6869.080936019729,32952.9416055485,208.4512216919396
2023-06-28 17:00:00,6650.247671090892,31958.98746613142,208.08693260819044
2023-06-28 18:00:00,6779.880725261831,31624.96565698185,214.38381305451426
2023-06-28 19:00:00,6771.266048902192,30366.42624479345,222.98527967423155
2023-06-28 20:00:00,6724.350383630438,29034.48834717311,231.5987216039625
2023-06-28 21:00:00,6201.688846633893,27759.547199821944,223.4074209493472
2023-06-28 22:00:00,5113.76166129847,24828.628448457333,205.9623096746692
2023-06-28 23:00:00,4608.358664552487,23375.276587691427,197.14670101397138
2023-06-29 00:00:00,4735.187244196489,23031.184027222745,205.59894960673844
2023-06-29 01:00:00,4731.388494412958,22818.479504346877,207.34898192982743
2023-06-29 02:00:00,4733.0147806279265,23108.76207795496,204.8147263216265
2023-06-29 03:00:00,4645.951868572425,22964.22940269255,202.31255258352755
2023-06-29 04:00:00,4714.674882356641,23311.71067322149,202.2449123724094
2023-06-29 05:00:00,5386.784590143645,26024.070511602993,206.99239143783882
2023-06-29 06:00:00,6448.072060794625,29049.16494520969,221.9709954815047
2023-06-29 07:00:00,6858.702220560047,32189.66332570799,213.07157366515247
2023-06-29 08:00:00,6823.5918349053045,33291.665223522876,204.96396888203606
2023-06-29 09:00:00,6909.787162370395,33759.3277888068,204.67786579155157
2023-06-29 10:00:00,7110.65397985829,34354.87228989092,206.97658020258842
2023-06-29 11:00:00,6867.0777920306045,34713.30498621964,197.82264450926442
2023-06-29 12:00:00,6763.02808323479,34507.597033781545,195.98664249539192
2023-06-29 13:00:00,6719.46707941092,33504.471434858875,200.55433772400363
2023-06-29 14:00:00,6552.600971975448,33202.74537705366,197.35117977635474
2023-06-29 15:00:00,6154.660081755783,32493.237127433324,189.4135711261449
2023-06-29 16:00:00,6130.153887973053,32390.180369295478,189.25964036261374
2023-06-29 17:00:00,6264.6540759515165,32004.028368355877,195.7457981178932
2023-06-29 18:00:00,6269.638216026796,31280.232469800005,200.43451473961764
2023-06-29 19:00:00,6147.178848906924,30283.317495485862,202.9889509239945
2023-06-29 20:00:00,5871.6747540978695,28974.908693629226,202.6468768610438
2023-06-29 21:00:00,5249.572982360058,27267.517701566856,192.52111761014478
2023-06-29 22:00:00,4188.9580368985025,25805.922493089623,162.32545215232017
2023-06-29 23:00:00,3829.82784412723,24594.78457722786,155.71707213379054
2023-06-30 00:00:00,3583.248953835099,23586.983079252343,151.91637445939443
2023-06-30 01:00:00,3229.6464270582787,22650.13011158018,142.5884271369849
2023-06-30 02:00:00,3168.6367678448837,22059.381784518657,143.64123159918483
2023-06-30 03:00:00,3298.7326623224517,22006.473484951617,149.89828627372663
2023-06-30 04:00:00,3625.483068527336,22909.82607066075,158.25013500081855
2023-06-30 05:00:00,4576.767564487273,25707.044813513487,178.0355384171343
2023-06-30 06:00:00,5322.062207500192,27791.5788492048,191.49909533306246
2023-06-30 07:00:00,5845.775241395839,30431.39051065156,192.09688230807944
2023-06-30 08:00:00,5745.089165718226,32225.629867414926,178.27701706235368
2023-06-30 09:00:00,5772.7583313159275,32223.626199150953,179.14676317428334
2023-06-30 10:00:00,5614.228755713198,31919.12447666031,175.88918392227197
2023-06-30 11:00:00,5260.647780783148,32327.373365754607,162.73044275090768
2023-06-30 12:00:00,5129.964077146449,31936.132050441407,160.6319785077274
2023-06-30 13:00:00,4558.714377726006,31133.658955157665,146.4239839041084
2023-06-30 14:00:00,4035.7477692885122,30646.206950429572,131.6883285365905
2023-06-30 15:00:00,4082.3875062351412,31508.715075253353,129.563757090222
2023-06-30 16:00:00,4081.3513070977824,31645.55041997145,128.9707795545894
2023-06-30 17:00:00,4325.190488909338,31720.319038655507,136.35394031310048
2023-06-30 18:00:00,4617.96658081694,30883.38566789559,149.5291555944103
2023-06-30 19:00:00,4512.673574531782,29701.36020520809,151.93491285764384
2023-06-30 20:00:00,4182.582486349201,27744.352911538484,150.7543715178783
2023-06-30 21:00:00,3739.5867676994726,26440.794435479413,141.43246629085894
2023-06-30 22:00:00,3028.273174761032,24213.923718245765,125.06329870359492
2023-06-30 23:00:00,2206.9384326417676,22478.440258953193,98.18022990997969
2023-07-01 00:00:00,2164.5892134028195,22823.78460436352,94.8391886325893
2023-07-01 01:00:00,2324.000050041987,23558.436357171355,98.64831497335538
2023-07-01 02:00:00,2221.325420026872,23439.860367541216,94.7670073625052
2023-07-01 03:00:00,1913.9764674055425,23070.59305670364,82.96173673131462
2023-07-01 04:00:00,1860.8829434467748,22501.137689748753,82.70172686844055
2023-07-01 05:00:00,2121.6280994782855,23206.997647549822,91.4219121189201
2023-07-01 06:00:00,2676.9402314591207,25170.29173342548,106.3531666541717
2023-07-01 07:00:00,2889.2819467710374,26970.206880916427,107.12865346299716
2023-07-01 08:00:00,3164.064115287416,28861.04874151958,109.63094735831915
2023-07-01 09:00:00,3246.8360494817157,29843.90820985987,108.79392962376896
2023-07-01 10:00:00,3697.4364257849325,31329.152169682457,118.01903880957812
2023-07-01 11:00:00,3350.0861358388743,31219.544054250695,107.3073370327695
2023-07-01 12:00:00,3625.995711268049,31714.947554703234,114.33081215139278
2023-07-01 13:00:00,3667.634766671456,32533.555578149677,112.73390508643723
2023-07-01 14:00:00,3709.4974508257665,32745.954382519496,113.28109138287864
2023-07-01 15:00:00,3417.580770958371,32295.33795809036,105.82272820285588
2023-07-01 16:00:00,3236.1783480189547,31673.946459831546,102.1716176771035
2023-07-01 17:00:00,3194.948866862404,30336.233657817615,105.31791463964642
2023-07-01 18:00:00,3161.7179450540584,29242.0077825806,108.12246438623434
2023-07-01 19:00:00,3470.4054704246005,28244.436989686135,122.87040707137726
2023-07-01 20:00:00,3390.019659821076,27522.42050199734,123.1730203226514
2023-07-01 21:00:00,3388.542602198195,26637.318221629772,127.21035105728714
2023-07-01 22:00:00,2954.4006241276998,25246.09421285631,117.02406713760904
2023-07-01 23:00:00,2760.1143955939638,24558.57267381677,112.38903955263947
2023-07-02 00:00:00,2627.6793483933425,24306.08720835741,108.10787132738669
2023-07-02 01:00:00,1279.3848041771398,22191.851324688287,57.65110740237488
2023-07-02 02:00:00,1170.9341548059504,22141.96383022889,52.88303078191082
2023-07-02 03:00:00,881.4626124400984,21383.59869234674,41.22143447985567
2023-07-02 04:00:00,1163.4801086707798,20961.471097003316,55.50565145387686
2023-07-02 05:00:00,1932.2030451319838,22336.004901506756,86.50620617484016
2023-07-02 06:00:00,2676.4048821410224,23863.865436001473,112.15303276489935
2023-07-02 07:00:00,2786.3370494548108,25599.686549675025,108.84262368010056
2023-07-02 08:00:00,2698.064958129866,27087.880069802486,99.60413849947835
2023-07-02 09:00:00,2994.256119481606,28637.169039514647,104.55838408293845
2023-07-02 10:00:00,3495.225475216181,30045.822991563993,116.32982981353317
2023-07-02 11:00:00,3326.2736152294515,30872.175813426253,107.74341385367666
2023-07-02 12:00:00,2137.8501557199775,30544.55444311058,69.99120447809237
2023-07-02 13:00:00,2060.1975469214917,30575.8887239075,67.37980915369465
2023-07-02 14:00:00,2208.412530645615,29962.745813977435,73.70527869363042
2023-07-02 15:00:00,2724.89773580922,29812.2223908433,91.40203303481867
2023-07-02 16:00:00,3166.1437877130525,30258.418583539686,104.63678988945598
2023-07-02 17:00:00,3265.561178674986,29394.832713034622,111.09303497505294
2023-07-02 18:00:00,3201.568489373135,28579.140884954755,112.02465820302433
2023-07-02 19:00:00,3193.5348567095707,27593.306683711406,115.735851933786
2023-07-02 20:00:00,3126.0897026431935,26729.970092210897,116.95073701388596
2023-07-02 21:00:00,3060.0202237314056,25859.14805160325,118.33414688005108
2023-07-02 22:00:00,3200.2268471493335,25544.835732549865,125.27881880530259
2023-07-02 23:00:00,2970.469503361925,24138.18065915967,123.06103534918762
2023-07-03 00:00:00,2969.088817775995,24001.246268702173,123.70561030606613
2023-07-03 01:00:00,3089.981336423412,24168.49632031893,127.85161705842677
2023-07-03 02:00:00,2903.3568811451205,23693.213350188587,122.53959976779642
2023-07-03 03:00:00,2798.709356797625,23584.96651260563,118.66497055663734
2023-07-03 04:00:00,2978.660471187876,24483.527822163436,121.65977439294826
2023-07-03 05:00:00,3228.2055571092596,25641.32821920138,125.89853105549479
2023-07-03 06:00:00,3920.44021517585,28010.091721337645,139.96527587909753
2023-07-03 07:00:00,3846.093443530467,30953.715673668958,124.25304554962297
2023-07-03 08:00:00,3923.7700633684117,32482.463679631986,120.79656586605522
2023-07-03 09:00:00,3661.6771377922682,32483.596465617946,112.72388331963016
2023-07-03 10:00:00,4258.828322137148,33138.69953082274,128.51525202960832
2023-07-03 11:00:00,4369.587443735367,34154.597033177146,127.93555841079987
2023-07-03 12:00:00,4639.186490502257,34028.80129965164,136.3311757487546
2023-07-03 13:00:00,4190.27684862676,33100.45580739236,126.59272346609016
2023-07-03 14:00:00,4109.59987655361,32530.13174426974,126.33210061553241
2023-07-03 15:00:00,4310.461632578914,33332.04648704785,129.31884138148763
2023-07-03 16:00:00,4125.602435506445,33209.35665798446,124.23012219101612
2023-07-03 17:00:00,4231.353173396844,32330.290635550646,130.87890922774488
2023-07-03 18:00:00,4089.0944531535138,31381.036129736214,130.304634819841
2023-07-03 19:00:00,4091.930820646102,29067.740902577094,140.77223387811742
2023-07-03 20:00:00,3728.480130739845,27747.304379290024,134.37269724559985
2023-07-03 21:00:00,3513.4942012183296,26858.636070798115,130.81431953420577
2023-07-03 22:00:00,3147.50285735588,25539.202673610413,123.24201728537854
2023-07-03 23:00:00,2851.316756919284,24690.607931415474,115.48183685227805
2023-07-04 00:00:00,2807.0757024713603,24611.10680864673,114.0572719584126
2023-07-04 01:00:00,2627.6773489011057,23871.906471312777,110.07404674858392
2023-07-04 02:00:00,2682.1070846441876,23759.00581951864,112.88801833790397
2023-07-04 03:00:00,2939.852092631933,23952.12519886939,122.73867426054964
2023-07-04 04:00:00,3369.564691303618,24863.885660039796,135.52043865448766
2023-07-04 05:00:00,4204.728533821119,27025.50739501909,155.58370366049323
2023-07-04 06:00:00,5039.693471226175,29009.549752611245,173.72532542572588
2023-07-04 07:00:00,4957.6024025273555,31371.660999833868,158.02804966410955
2023-07-04 08:00:00,5011.951378215299,32631.94049235949,153.5903566442458
2023-07-04 09:00:00,4886.0467119645855,32486.54147444346,150.4021816483095
2023-07-04 10:00:00,5251.782160210449,32788.121381950354,160.17331700807722
2023-07-04 11:00:00,5351.613016360431,32992.98516857325,162.20457133590912
2023-07-04 12:00:00,5232.128728795377,32513.52732119444,160.9215966360172
2023-07-04 13:00:00,5513.363582768094,32776.534280323045,168.21069413912892
2023-07-04 14:00:00,5775.3524988994595,32589.53346575499,177.21494862662541
2023-07-04 15:00:00,6158.770915625188,32859.502798544774,187.42739211190792
2023-07-04 16:00:00,6509.512487396291,32508.037565543575,200.24316983981694
2023-07-04 17:00:00,6960.445248025475,32250.1187033736,215.82696522904152
2023-07-04 18:00:00,6744.103324889629,31386.535478892238,214.87249936919946
2023-07-04 19:00:00,6560.690705796601,30353.51558421088,216.14269647267164
2023-07-04 20:00:00,5935.205513507107,28207.117279192513,210.415174821332
2023-07-04 21:00:00,5528.227339295964,26263.30223031719,210.4924693329091
2023-07-04 22:00:00,4081.054994781591,23668.64546889054,172.42452679202216
2023-07-04 23:00:00,3355.0121590382064,22151.607282252433,151.45682732133827
2023-07-05 00:00:00,3027.0990565415314,21283.210950266912,142.22943444083884
2023-07-05 01:00:00,3031.5117059315576,21350.41513667507,141.9884197344773
2023-07-05 02:00:00,3019.68374731813,21383.82855827171,141.213428600467
2023-07-05 03:00:00,2839.5932607347304,21144.786540329078,134.2928317256277
2023-07-05 04:00:00,2958.988629044419,21270.043415196633,139.11530744362915
2023-07-05 05:00:00,4122.649991043852,24920.339598942282,165.43313844803438
2023-07-05 06:00:00,5265.648343389311,29174.62956941204,180.48723912196803
2023-07-05 07:00:00,5683.775711841162,32144.163719474873,176.82139008014036
2023-07-05 08:00:00,5496.315119813744,33044.652025379,166.3299439677094
2023-07-05 09:00:00,4781.405531601495,33135.54543714024,144.29838013899777
2023-07-05 10:00:00,4554.544901477711,33268.4731454023,136.90273315435124
2023-07-05 11:00:00,4311.672792948272,33477.99491488305,128.79124941355033
2023-07-05 12:00:00,4456.110051684232,34046.20065213195,130.884209290037
2023-07-05 13:00:00,3819.58823906967,32090.29848311892,119.02626088314392
2023-07-05 14:00:00,3872.0829746006298,31322.359200143303,123.62041281305893
2023-07-05 15:00:00,4315.268202852917,31823.417049002106,135.60040382238688
2023-07-05 16:00:00,5262.962428996753,32446.555854306036,162.20403954826216
2023-07-05 17:00:00,5217.561799283502,31649.396771398184,164.8550156254054
2023-07-05 18:00:00,5429.489378340425,30812.53559556569,176.21040506389863
2023-07-05 19:00:00,5709.776055252477,29440.526170670175,193.94273125936124
2023-07-05 20:00:00,5578.675852966786,28339.083016584984,196.85449418747802
2023-07-05 21:00:00,5067.720792889035,26661.26091475158,190.07806154003327
2023-07-05 22:00:00,4598.159997536155,24192.367374161568,190.06655803545613
2023-07-05 23:00:00,3854.4875244776385,22590.185164575327,170.6266458816828
2023-07-06 00:00:00,3566.2066284681105,21798.693769451467,163.5972625784471
2023-07-06 01:00:00,3369.822323177512,21420.75833919439,157.31573410319547
2023-07-06 02:00:00,3364.478905250052,21294.290938274808,157.99910478365197
2023-07-06 03:00:00,3394.458829134746,21330.784479955317,159.13427058083784
2023-07-06 04:00:00,3590.6380041172592,21642.88558391563,165.903848181211
2023-07-06 05:00:00,4510.578383263543,24265.386724418695,185.88528732264
2023-07-06 06:00:00,5697.451493354963,27917.304000891985,204.08315549284143
2023-07-06 07:00:00,6331.83114308547,31226.291481090262,202.7724344698391
2023-07-06 08:00:00,6278.192606970875,32343.325502953332,194.1109180748158
2023-07-06 09:00:00,6018.231479235026,33150.83294566622,181.54088282182317
2023-07-06 10:00:00,5687.272166623263,32835.354146807,173.20575076472286
2023-07-06 11:00:00,5378.594662852797,32911.77464800767,163.42463207703062
2023-07-06 12:00:00,5418.481120128438,32887.95474302506,164.75579471166722
2023-07-06 13:00:00,5190.744222273852,32482.40386548757,159.80172661386672
2023-07-06 14:00:00,5140.321084866992,31879.91587420278,161.24010819697736
2023-07-06 15:00:00,4893.731512499015,32447.06457832844,150.82201043750388
2023-07-06 16:00:00,5490.489261248846,32996.28069163506,166.39721647903028
2023-07-06 17:00:00,5478.518462651084,32301.554116562307,169.60541411975055
2023-07-06 18:00:00,5471.01484646207,31524.605573701363,173.54744799808475
2023-07-06 19:00:00,5480.750057756969,30613.175217716518,179.03239434585467
2023-07-06 20:00:00,5456.687381743672,30676.26062717786,177.8798090178331
2023-07-06 21:00:00,5002.327958003833,29675.224153020485,168.56917178482956
2023-07-06 22:00:00,3883.9430973246413,26990.22421036784,143.90184635193546
2023-07-06 23:00:00,3363.1830459607386,25646.228523381655,131.13752936009777
2023-07-07 00:00:00,2944.384141847037,24624.35621695696,119.57202518941222
2023-07-07 01:00:00,2745.635123734441,24448.28455441892,112.30379446962792
2023-07-07 02:00:00,2667.6862357583673,23839.06738934048,111.9039680617376
2023-07-07 03:00:00,2832.4868701146656,23649.659825871793,119.76860939944841
2023-07-07 04:00:00,3449.623369872589,24896.44083799366,138.55889652340304
2023-07-07 05:00:00,4091.9166128776183,26632.909128351286,153.64136877265457
2023-07-07 06:00:00,5358.524301926732,30000.159210909518,178.61652880755753
2023-07-07 07:00:00,5837.2828255031245,31754.449309892003,183.82566702817047
2023-07-07 08:00:00,5740.483444793372,32906.36553556957,174.44902684826423
2023-07-07 09:00:00,5368.424403905122,33627.411616711506,159.64429451469363
2023-07-07 10:00:00,4864.7647561451595,34490.261968159684,141.04748640750122
2023-07-07 11:00:00,4871.796804542774,34990.60744824112,139.23155840461598
2023-07-07 12:00:00,4685.2463994983345,34115.33702833857,137.33548625377622
2023-07-07 13:00:00,4292.324956203192,33440.80980473433,128.35589153691825
2023-07-07 14:00:00,4362.02181827025,32530.643292686036,134.08962678739823
2023-07-07 15:00:00,4608.59370958059,32010.742265781926,143.9702232243135
2023-07-07 16:00:00,5216.052963711737,32995.94883233678,158.0816175408748
2023-07-07 17:00:00,5322.551319121566,32888.037356261535,161.8385208416278
2023-07-07 18:00:00,5592.365850791634,31800.308481226057,175.8588553973682
2023-07-07 19:00:00,5663.728041559018,30764.63593057119,184.09865321796002
2023-07-07 20:00:00,5659.925467924016,30293.833342803526,186.83424457633268
2023-07-07 21:00:00,5068.60670967042,29330.27322865616,172.81143854869745
2023-07-07 22:00:00,3828.5139917496426,26400.649345109432,145.01590251449073
2023-07-07 23:00:00,3352.18929765134,25068.46599071829,133.7213572977502
2023-07-08 00:00:00,3099.9786197152357,24950.170062124387,124.24679318804161
2023-07-08 01:00:00,3073.8525211183332,25258.409888424303,121.69620077814366
2023-07-08 02:00:00,2975.106751526832,25316.419787986077,117.51688336826642
2023-07-08 03:00:00,3228.746598040593,26016.83570602851,124.10220191737007
2023-07-08 04:00:00,3417.824435018318,26066.87035691318,131.11755988427967
2023-07-08 05:00:00,3630.9308517854492,26174.44048650936,138.72047632333832
2023-07-08 06:00:00,3696.9707595819154,26341.17732097556,140.34948835176044
2023-07-08 07:00:00,3843.3663106042554,27760.97014384422,138.44495673925474
2023-07-08 08:00:00,3983.6291117706323,29155.990639200718,136.63158151843336
2023-07-08 09:00:00,3806.252040530882,29850.080195778166,127.51228859576791
2023-07-08 10:00:00,3688.8848953025017,30133.040908934807,122.41993453135701
2023-07-08 11:00:00,3568.1099949107893,30005.23018569614,118.91626802489091
2023-07-08 12:00:00,3567.5341345992015,29716.50141313357,120.05229300049723
2023-07-08 13:00:00,3496.168291132873,28951.837913538096,120.7580776589675
2023-07-08 14:00:00,3455.7165256170088,28226.3664209992,122.42867091267209
2023-07-08 15:00:00,3869.782602897632,28426.927236633197,136.13087938364026
2023-07-08 16:00:00,4615.3934891545205,29249.630338577055,157.79322458880182
2023-07-08 17:00:00,4936.465567736954,29283.205953756373,168.5766775513771
2023-07-08 18:00:00,4916.771923477805,28664.28169354961,171.5295703566937
2023-07-08 19:00:00,4737.50206408043,27199.383917492098,174.17681512387904
2023-07-08 20:00:00,4576.261698911009,26306.669560494036,173.95823094928735
2023-07-08 21:00:00,4517.260547930418,25249.976486736,178.90157443526212
2023-07-08 22:00:00,3972.5157142910966,23563.276612258454,168.58927472864502
2023-07-08 23:00:00,3672.5352131508944,22441.090198760616,163.6522637992749
2023-07-09 00:00:00,3362.027457837463,21271.612534956384,158.05230808489603
2023-07-09 01:00:00,3183.182289413193,20264.18177838083,157.0841756270279
2023-07-09 02:00:00,2968.4039023984537,19566.669907013274,151.70715898541783
2023-07-09 03:00:00,2621.875729054065,18761.141552585974,139.75033031466435
2023-07-09 04:00:00,2708.1349011862935,18820.665275019062,143.89156077180968
2023-07-09 05:00:00,2953.3546508319337,19690.955871520684,149.9853369283821
2023-07-09 06:00:00,3277.6685995113507,21570.91994523437,151.9484847114961
2023-07-09 07:00:00,3841.4043207633886,24424.400843085587,157.2773205550657
2023-07-09 08:00:00,3822.4322292307443,25882.394957298508,147.68464184002676
2023-07-09 09:00:00,4356.9994241114155,27580.381034125894,157.97459138510055
2023-07-09 10:00:00,5019.648707499643,28918.142053609325,173.58130056191254
2023-07-09 11:00:00,5118.947155815667,29815.274077631133,171.6887506211506
2023-07-09 12:00:00,4693.663104900682,29823.063963242897,157.3836648939106
2023-07-09 13:00:00,4543.045923007116,29255.92791778355,155.28633840547485
2023-07-09 14:00:00,4593.053589993157,28844.648013202954,159.2341701618545
2023-07-09 15:00:00,4589.5131875856905,28575.620997469625,160.60939456021245
2023-07-09 16:00:00,5359.418064181927,29560.868169097183,181.30110501235689
2023-07-09 17:00:00,5413.873315590506,28742.90485685717,188.3551207698801
2023-07-09 18:00:00,5290.774791407442,27814.812629777953,190.2142884019736
2023-07-09 19:00:00,5290.234449518174,26776.798781982972,197.56784567831758
2023-07-09 20:00:00,5322.277798545843,25912.372098313157,205.39523662105458
2023-07-09 21:00:00,4772.741054982854,24740.560992871397,192.91159389465923
2023-07-09 22:00:00,4712.456283490766,23150.606872254033,203.55649031121672
2023-07-09 23:00:00,4300.770228057968,21782.076746085844,197.44537117337995
2023-07-10 00:00:00,4126.743272090993,21365.09540317832,193.15351484351854
2023-07-10 01:00:00,3977.7065547591064,20718.993166008375,191.98358351142952
2023-07-10 02:00:00,3971.038481839277,20963.65980370764,189.4248675575702
2023-07-10 03:00:00,3966.6321282834774,20901.10575850116,189.78097016087867
2023-07-10 04:00:00,4538.290752292528,22415.68331353827,202.46051341881525
2023-07-10 05:00:00,5259.054084417324,24181.632591182006,217.48134930869278
2023-07-10 06:00:00,6176.753063650075,27496.739867513723,224.63583295369708
2023-07-10 07:00:00,6931.751547154909,30594.840144088386,226.56603252409147
2023-07-10 08:00:00,6922.694614423366,32568.848575788707,212.5557063619871
2023-07-10 09:00:00,6722.9876026452785,33295.405102873796,201.91938142434566
2023-07-10 10:00:00,6741.668674703964,34632.43314202361,194.66344299452362
2023-07-10 11:00:00,6487.040040968422,34406.89646301204,188.5389473573152
2023-07-10 12:00:00,6636.629089363011,34095.960665410224,194.645610795057
2023-07-10 13:00:00,6571.708625367701,33790.471310750974,194.48407703259255
2023-07-10 14:00:00,6360.34625544405,33259.898065321024,191.23168215827363
2023-07-10 15:00:00,6160.590550642354,32863.88780475985,187.45775263236152
2023-07-10 16:00:00,6461.419525520589,33781.032180218885,191.27359670508216
2023-07-10 17:00:00,6623.893506044475,34245.56233604516,193.42341179991362
2023-07-10 18:00:00,6023.461500469396,32889.411877215134,183.1428765876559
2023-07-10 19:00:00,6015.768230622547,32607.58835734707,184.48982380100142
2023-07-10 20:00:00,5774.458474619152,31538.474683587883,183.09250946825554
2023-07-10 21:00:00,5443.804571172173,30244.12884696709,179.9954165887004
2023-07-10 22:00:00,4985.83796726521,29100.33975640226,171.33263765995358
2023-07-10 23:00:00,4422.271944082946,27717.73303761298,159.54666776254467
2023-07-11 00:00:00,4265.186244444725,26872.556676277138,158.7190342856359
2023-07-11 01:00:00,4120.677080251326,25608.923157420115,160.90786226820987
2023-07-11 02:00:00,4281.390231989135,25456.875329783474,168.18207955711233
2023-07-11 03:00:00,4491.929450773511,25956.02438124484,173.05922450971596
2023-07-11 04:00:00,4568.748990350914,26257.14935867469,174.00019049826963
2023-07-11 05:00:00,5389.49025031462,28389.834034000713,189.8387374811691
2023-07-11 06:00:00,6164.360272623699,30803.352060787296,200.11978762762436
2023-07-11 07:00:00,6935.879697132503,32887.65864131089,210.89612285199885
2023-07-11 08:00:00,7515.622132676228,34870.49644838902,215.52954211018815
2023-07-11 09:00:00,7534.966535832044,35606.53232801085,211.61753316552137
2023-07-11 10:00:00,7614.513153172547,36261.9968171187,209.9860410769729
2023-07-11 11:00:00,7385.074008302582,36282.45503256815,203.54394435750098
2023-07-11 12:00:00,7284.091689045267,36331.69409401145,200.4886331531098
2023-07-11 13:00:00,6886.583502689992,35959.82678632652,191.50769394997667
2023-07-11 14:00:00,6369.614736682328,35210.50170122317,180.90099342325064
2023-07-11 15:00:00,6222.881918799205,34688.189285282024,179.39483285279275
2023-07-11 16:00:00,6420.1936939368225,34730.25191634595,184.85882882165706
2023-07-11 17:00:00,6856.632165536215,34520.5776912364,198.62449078529994
2023-07-11 18:00:00,6420.511513004306,32384.934746265062,198.2561201159987
2023-07-11 19:00:00,6329.824075369656,31131.256394249347,203.3269712988172
2023-07-11 20:00:00,6395.2147210843605,30785.3679877501,207.73552954212207
2023-07-11 21:00:00,6149.845906083293,29589.892276271275,207.8360356524507
2023-07-11 22:00:00,5136.033801033493,26835.86043131324,191.38696201596528
2023-07-11 23:00:00,4509.292115109468,25539.353946900887,176.5624974102626
2023-07-12 00:00:00,4146.126353628053,24766.099777968127,167.4113562813164
2023-07-12 01:00:00,3857.9444680788715,24072.611427867938,160.26281484412104
2023-07-12 02:00:00,3795.6668550080453,23954.181484791974,158.45529338657792
2023-07-12 03:00:00,3995.34345438797,24622.5198365562,162.26379269501987
2023-07-12 04:00:00,4234.994742327829,25359.440279722006,166.99874664482357
2023-07-12 05:00:00,5179.002079681395,27461.25863103439,188.59303389060707
2023-07-12 06:00:00,5772.919773116659,29422.204983403775,196.20962386649805
2023-07-12 07:00:00,6543.907065700266,32206.35835100944,203.18680536246225
2023-07-12 08:00:00,6763.824818506225,34105.45324653092,198.32091864060527
2023-07-12 09:00:00,6605.409728854479,35111.994489212535,188.12402499333555
2023-07-12 10:00:00,6509.59872922613,35592.99136755152,182.88990273407111
2023-07-12 11:00:00,6473.095367979523,36588.501504655316,176.91611030191885
2023-07-12 12:00:00,6331.376770598638,36694.50757102528,172.54290055109013
2023-07-12 13:00:00,5850.392970368097,35668.929334427485,164.0193041825151
2023-07-12 14:00:00,5640.069547279296,35121.37389419773,160.5879532010868
2023-07-12 15:00:00,5880.375820343497,35586.641865080295,165.24109924835778
2023-07-12 16:00:00,6065.625258435838,34910.1337626448,173.74969971974994
2023-07-12 17:00:00,6396.223289728175,33932.053811985024,188.50091789813754
2023-07-12 18:00:00,6716.539431697142,32797.52089133364,204.78802205662774
2023-07-12 19:00:00,6612.363179277042,31126.385116013025,212.43594958527
2023-07-12 20:00:00,6167.100798122387,29404.29550769538,209.7346898349732
2023-07-12 21:00:00,5833.000779638949,28403.358258864628,205.36306751045828
2023-07-12 22:00:00,5384.7591406495485,27739.78703327438,194.1168161886186
2023-07-12 23:00:00,5302.091874580656,27009.427146387763,196.3052324599101
2023-07-13 00:00:00,5214.712468231607,26259.005562866678,198.58758381946586
2023-07-13 01:00:00,4897.117309441419,25146.88908249316,194.74048234661
2023-07-13 02:00:00,4544.311051144896,23930.56425886191,189.8956916346867
2023-07-13 03:00:00,4714.653333691194,24205.464780684488,194.77640179226802
2023-07-13 04:00:00,4956.336109008089,24614.75049065174,201.3563416330554
2023-07-13 05:00:00,5312.831951692801,25152.384843931824,211.2257738046878
2023-07-13 06:00:00,6404.84374472878,28227.908775879776,226.89756423620017
2023-07-13 07:00:00,7189.474967578604,31369.566746171324,229.18630103350358
2023-07-13 08:00:00,7355.207345578303,32976.641235125244,223.04295010323443
2023-07-13 09:00:00,7172.2062172588,33342.612940519124,215.1063034577857
2023-07-13 10:00:00,7083.9341171978285,33741.96130598335,209.94434949878442
2023-07-13 11:00:00,7002.245544574722,34001.33328828483,205.94032255162614
2023-07-13 12:00:00,6712.82064567232,33999.0008125492,197.44170373367515
2023-07-13 13:00:00,5989.554217900408,32806.745657879015,182.57081273350653
2023-07-13 14:00:00,6342.746954524886,32662.25672777585,194.19193864614505
2023-07-13 15:00:00,6675.247396103627,32907.22202597047,202.8505290065355
2023-07-13 16:00:00,7134.449886996289,33339.02252437594,213.99697252011245
2023-07-13 17:00:00,7052.582002940647,32069.375542223526,219.91641195679037
2023-07-13 18:00:00,7157.007814718528,31337.329047286632,228.38601860161478
2023-07-13 19:00:00,7453.298933834205,29704.92493672274,250.9112192577891
2023-07-13 20:00:00,7391.192870116899,28790.89903932188,256.71976620188883
2023-07-13 21:00:00,6986.922177293595,27715.923835901067,252.0905389501495
2023-07-13 22:00:00,6577.831746443349,27043.251035822563,243.23376422938549
2023-07-13 23:00:00,6116.362040228018,25990.66062183323,235.32922572541383
2023-07-14 00:00:00,5736.657443554387,24779.610460334374,231.50716807018674
2023-07-14 01:00:00,5303.805074352623,23158.582096602535,229.02114871405334
2023-07-14 02:00:00,5176.747650876272,22305.002908803664,232.08908207911676
2023-07-14 03:00:00,5346.587633882539,22245.513500944853,240.34453660309745
2023-07-14 04:00:00,5234.8389913536375,22405.49402487684,233.64086440323035
2023-07-14 05:00:00,5802.453666361235,24678.895218575293,235.11804782873136
2023-07-14 06:00:00,6559.417629425322,28090.871014407352,233.5070929648676
2023-07-14 07:00:00,6762.867973778188,31450.785266589606,215.03017862521958
2023-07-14 08:00:00,6863.071970637027,32938.828041095374,208.3581104365484
2023-07-14 09:00:00,6605.742977816106,33384.786755759655,197.8668615181872
2023-07-14 10:00:00,6529.562221405301,33410.25819190764,195.4358503876165
2023-07-14 11:00:00,6061.053231247518,33754.20478847275,179.56439113971962
2023-07-14 12:00:00,5217.342674464676,33321.64246716674,156.57519522351126
2023-07-14 13:00:00,4698.862509152218,33033.81022954826,142.24403653409482
2023-07-14 14:00:00,4003.9850777447386,33132.09691564642,120.84912971064873
2023-07-14 15:00:00,4194.22218052904,33814.407446041165,124.03654232953534
2023-07-14 16:00:00,4322.095227395903,34022.80351637443,127.03524638455421
2023-07-14 17:00:00,4757.940094732834,33529.27266790271,141.90406519875305
2023-07-14 18:00:00,5094.6879864048005,33000.42491432463,154.38249657789493
2023-07-14 19:00:00,5131.422420189354,32706.00118483126,156.89543919448215
2023-07-14 20:00:00,5041.039183927347,32003.783114034606,157.51385284562505
2023-07-14 21:00:00,4647.443487597458,30594.374605320954,151.9051638594102
2023-07-14 22:00:00,3387.606586392945,27342.403935958424,123.8957113766376
2023-07-14 23:00:00,2961.6618476535764,26197.13358111815,113.0528971226159
2023-07-15 00:00:00,2972.9305425821617,25656.491405441357,115.87439980010859
2023-07-15 01:00:00,2788.601184330497,25075.905899940917,111.20639850291779
2023-07-15 02:00:00,3105.02287969096,25421.915531126466,122.1396112298928
2023-07-15 03:00:00,3086.689699160736,25220.868047610016,122.38633869912488
2023-07-15 04:00:00,2789.17848382474,24374.88726283093,114.42836447813795
2023-07-15 05:00:00,2971.1287281430377,24772.068436991853,119.93866138793176
2023-07-15 06:00:00,3103.9410487995474,26213.11043886092,118.41177932848277
2023-07-15 07:00:00,3408.1914801288344,27856.403422086696,122.34858278318006
2023-07-15 08:00:00,3858.823864053153,30283.39269451508,127.4237633470989
2023-07-15 09:00:00,4091.1320907894556,31572.530652649224,129.57884611147483
2023-07-15 10:00:00,4548.429083219997,32914.64584375436,138.18860773442205
2023-07-15 11:00:00,4273.017987463286,33198.53754193413,128.7110307815789
2023-07-15 12:00:00,3949.314619750438,33620.620714341145,117.46703468998793
2023-07-15 13:00:00,3627.48803475647,32827.28239430456,110.50223381835072
2023-07-15 14:00:00,2850.2415504482337,30678.204361627948,92.90770466387833
2023-07-15 15:00:00,3445.1320014149373,30497.47558515728,112.9644973989794
2023-07-15 16:00:00,3441.7076456071727,30377.86710808819,113.29655348616653
2023-07-15 17:00:00,3438.2172457369957,29627.60829775839,116.04774881532133
2023-07-15 18:00:00,3245.7107355174007,27968.4885829227,116.04884282160323
2023-07-15 19:00:00,3219.9513422870377,27151.968250970254,118.58997891145424
2023-07-15 20:00:00,3472.5623051641514,27338.70844847654,127.01998383386182
2023-07-15 21:00:00,3208.3676739551,26230.00197381251,122.31671492660458
2023-07-15 22:00:00,2965.7362717763713,24843.00420008934,119.37913176240198
2023-07-15 23:00:00,1821.005394261519,21770.66560219929,83.64491134701731
2023-07-16 00:00:00,1921.8309270275643,22240.958783941533,86.40953592410634
2023-07-16 01:00:00,1914.971588848065,22120.188585317937,86.57121441175727
2023-07-16 02:00:00,1856.2062766400277,22467.95028709501,82.61573721329546
2023-07-16 03:00:00,1738.9731816775075,22705.19106162998,76.58923357911037
2023-07-16 04:00:00,2131.1097815636863,23607.0893430909,90.27414394851687
2023-07-16 05:00:00,2300.7354257715083,24158.39381423139,95.23544667179718
2023-07-16 06:00:00,2655.3265992324327,25368.472811478925,104.67033703467281
2023-07-16 07:00:00,2882.964864360369,26776.577908561292,107.66741269946213
2023-07-16 08:00:00,3269.198947401843,28932.75686739532,112.99299829550439
2023-07-16 09:00:00,3857.919055078908,31354.120519972894,123.04344663794267
2023-07-16 10:00:00,4140.595059759666,32809.75977846651,126.20010288759242
2023-07-16 11:00:00,4018.2911355073456,33327.14181759179,120.57112960662842
2023-07-16 12:00:00,3839.4452562295764,33405.18164417303,114.93561978278608
2023-07-16 13:00:00,3442.618580449966,32608.458409431936,105.57440456780976
2023-07-16 14:00:00,3750.9347124916117,32623.43824389998,114.97668285141502
2023-07-16 15:00:00,4115.865815947133,32027.097582810045,128.5119828702882
2023-07-16 16:00:00,4095.635564650073,31864.118263639382,128.53440759801796
2023-07-16 17:00:00,3851.272568059537,31408.8713137691,122.61735003419899
2023-07-16 18:00:00,4847.830024043086,30671.119110924476,158.05846557181476
2023-07-16 19:00:00,4992.082240997196,29561.359039902196,168.87187880160846
2023-07-16 20:00:00,4994.6368241788205,29019.198029435916,172.11491575723286
2023-07-16 21:00:00,4748.900785827898,28159.993411058855,168.63998213731588
2023-07-16 22:00:00,3568.8029760543614,25016.266725392008,142.6592950590807
2023-07-16 23:00:00,3369.490028841618,24475.51209374126,137.66780510807962
2023-07-17 00:00:00,3257.6766751434093,24255.11824111392,134.30883505739612
2023-07-17 01:00:00,3001.57196897299,23492.8283550076,127.76545776503711
2023-07-17 02:00:00,2768.0639474152035,22419.100811288637,123.46899952478944
2023-07-17 03:00:00,2803.1817360876357,22259.33710608132,125.93284888622303
2023-07-17 04:00:00,3302.078661485279,23180.537320459865,142.4504797207941
2023-07-17 05:00:00,4395.929428781735,25677.47045670529,171.19791593933283
2023-07-17 06:00:00,5083.663166132008,27645.943569352858,183.8845960666557
2023-07-17 07:00:00,5567.097209439127,30453.521444913036,182.8063535939308
2023-07-17 08:00:00,5766.889375681798,32519.262163581305,177.33764519848805
2023-07-17 09:00:00,5250.691784297058,33148.72580612488,158.39799740739625
2023-07-17 10:00:00,5414.26423798974,33754.255337314484,160.40241989887437
2023-07-17 11:00:00,4688.330217341182,34721.63243626839,135.02620379230788
2023-07-17 12:00:00,4498.777819567684,34723.61055382643,129.5596208981192
2023-07-17 13:00:00,4324.381276802592,34363.14772330612,125.84357264423903
2023-07-17 14:00:00,4544.234480579977,32314.138770460264,140.6268170369453
2023-07-17 15:00:00,5303.478999577839,32944.07541290811,160.98430243089584
2023-07-17 16:00:00,6131.466782641321,33741.80721514362,181.71720155787816
2023-07-17 17:00:00,6767.457520173637,33878.70270404863,199.75550950966317
2023-07-17 18:00:00,6576.61074497036,31198.24221214252,210.80068230288657
2023-07-17 19:00:00,6650.4064746554095,29472.02535384775,225.6514913654266
2023-07-17 20:00:00,6368.76355136375,27769.53369121763,229.34355406111587
2023-07-17 21:00:00,6053.033532420152,26415.58667071115,229.1462842705509
2023-07-17 22:00:00,5572.479288708965,25119.314948203213,221.8404164364986
2023-07-17 23:00:00,5435.878510520841,24398.863949932904,222.79227925018984
2023-07-18 00:00:00,5396.874035715739,24101.397156575433,223.9237003836246
2023-07-18 01:00:00,5193.118395510589,23563.92744448304,220.38424654572768
2023-07-18 02:00:00,5259.852283276207,23360.878130888785,225.1564454814478
2023-07-18 03:00:00,5417.237082104582,22958.93827542375,235.95329266177043
2023-07-18 04:00:00,5644.575421220596,22801.511451162467,247.5526867291433
2023-07-18 05:00:00,6470.389592727718,24472.94187830324,264.38952966517337
2023-07-18 06:00:00,7396.781777459666,27592.024812604304,268.07680218092383
2023-07-18 07:00:00,7637.631308597284,30411.512502493355,251.14276404276492
2023-07-18 08:00:00,7829.410903475638,32236.61799213671,242.8732103778821
2023-07-18 09:00:00,7744.05505537033,32744.18574153387,236.50168358126248
2023-07-18 10:00:00,7826.367761958989,33133.300245655664,236.20851843713208
2023-07-18 11:00:00,7743.602506594985,32958.38409381251,234.95091520730054
2023-07-18 12:00:00,7652.829782540164,32956.36104419104,232.211006921502
2023-07-18 13:00:00,7593.369422683182,32357.4031009441,234.67178126113677
2023-07-18 14:00:00,7112.886692334342,31933.33166305285,222.74176610779438
2023-07-18 15:00:00,7207.850334231208,32346.307447033254,222.8337916479026
2023-07-18 16:00:00,7646.698549143023,32238.430830052373,237.1920205872688
2023-07-18 17:00:00,7521.170109069432,31256.469714013052,240.62762614862757
2023-07-18 18:00:00,7526.0046291207545,29857.99999211361,252.05990458532372
2023-07-18 19:00:00,7601.641770998383,28907.479915618427,262.9645265926931
2023-07-18 20:00:00,7533.8010151880335,27903.570092556078,269.994161686065
2023-07-18 21:00:00,6945.652593958876,26123.166811436833,265.8809570866439
2023-07-18 22:00:00,6131.9663526330805,23767.060868136006,258.00272009460275
2023-07-18 23:00:00,6060.415333419028,23260.61717700789,260.5440469313723
2023-07-19 00:00:00,5704.9173315448215,22499.129008596137,253.56169696014325
2023-07-19 01:00:00,5601.366379570934,22187.649462463025,252.45424888505218
2023-07-19 02:00:00,5493.462218114251,22076.134871527527,248.841667714188
2023-07-19 03:00:00,5459.182701844846,22175.623600481704,246.1794446099031
2023-07-19 04:00:00,5678.759863646126,23296.710546853566,243.75801262694122
2023-07-19 05:00:00,6376.7222737347565,25310.186896865613,251.94291530594916
2023-07-19 06:00:00,6948.603104518596,27809.75777793028,249.86205057970628
2023-07-19 07:00:00,7437.6292048000705,30698.705894434494,242.27826509613462
2023-07-19 08:00:00,7677.807186201129,32731.80671258074,234.5671674533658
2023-07-19 09:00:00,7501.113330109635,33114.831335353265,226.51824054744546
2023-07-19 10:00:00,7706.531387710519,34045.4899759475,226.35983189418155
2023-07-19 11:00:00,7629.746901583426,34145.985498978014,223.4449171722334
2023-07-19 12:00:00,7521.278978041009,34127.06595034278,220.39043699171168
2023-07-19 13:00:00,7412.267447194763,33716.127088481546,219.84338318996961
2023-07-19 14:00:00,6953.906815941951,32737.08093307874,212.41682574439525
2023-07-19 15:00:00,6796.740212837748,32591.003368424375,208.54651622731978
2023-07-19 16:00:00,6907.585292933791,32933.07689579754,209.74612590223055
2023-07-19 17:00:00,6959.743734494576,32106.115557372148,216.77314784648533
2023-07-19 18:00:00,7308.252469737451,31074.11450508683,235.187794926259
2023-07-19 19:00:00,7235.578450522776,29252.03443689157,247.352999195076
2023-07-19 20:00:00,6944.7708867620995,27794.483154818437,249.86148683099933
2023-07-19 21:00:00,6485.238945068744,26155.13164497563,247.95283132572382
2023-07-19 22:00:00,5900.021900746107,24692.04989835043,238.94419155293633
2023-07-19 23:00:00,5758.907151404048,24339.02969789387,236.61202697420526
2023-07-20 00:00:00,5758.489137339116,24320.60302867356,236.77411002309273
2023-07-20 01:00:00,5687.772053966223,24013.073042228592,236.86148140905982
2023-07-20 02:00:00,5705.096904536344,24038.568367016338,237.3309765137423
2023-07-20 03:00:00,5644.161809444169,23923.54480551671,235.92497915035733
2023-07-20 04:00:00,5775.722340241604,24054.557568380103,240.10927342242346
2023-07-20 05:00:00,6482.7220986580905,25551.05729078792,253.71639321537376
2023-07-20 06:00:00,7581.399721182659,28205.294358921594,268.79349758619315
2023-07-20 07:00:00,8027.139950041311,30705.823593426732,261.4207668332889
2023-07-20 08:00:00,7827.183117471476,32670.718142230802,239.5779328570653
2023-07-20 09:00:00,7648.7466988869055,33364.722002241484,229.2465286650089
2023-07-20 10:00:00,7699.527519927975,33338.29759313278,230.95143051077596
2023-07-20 11:00:00,7564.40576002241,33643.217943249154,224.84192126871986
2023-07-20 12:00:00,7274.699271525559,33609.22132327978,216.44950359164264
2023-07-20 13:00:00,7023.517805553624,32944.1606378605,213.19461991336848
2023-07-20 14:00:00,6824.20854360564,32426.221357778788,210.45340029940206
2023-07-20 15:00:00,7113.161291279169,32240.493962451354,220.628173363704
2023-07-20 16:00:00,7094.164976275118,32105.004738669835,220.96757293825715
2023-07-20 17:00:00,6996.8553238101,30595.967058836395,228.68554245581018
2023-07-20 18:00:00,7137.876152654845,30539.885967191105,233.72307808624566
2023-07-20 19:00:00,6988.113859679894,29318.69427808111,238.3501050012402
2023-07-20 20:00:00,6820.42253644026,27886.094277073622,244.5814917167381
2023-07-20 21:00:00,6258.386147315216,25955.708220934266,241.11791109855324
2023-07-20 22:00:00,5760.841893132809,23980.596102091113,240.22930325032505
2023-07-20 23:00:00,5752.90493176173,24053.064246902864,239.17555254950477
2023-07-21 00:00:00,5511.402133820155,23152.058067052454,238.05236311424926
2023-07-21 01:00:00,5308.900605337821,22429.558739983397,236.69215551147087
2023-07-21 02:00:00,5224.837408769353,22356.583415539197,233.70464581532482
2023-07-21 03:00:00,5133.671692147981,22482.502947792087,228.34075476690364
2023-07-21 04:00:00,5325.896902969519,23748.504550005906,224.26241162912274
2023-07-21 05:00:00,5862.54506804227,25588.004146743733,229.1130263392709
2023-07-21 06:00:00,6507.919804603923,28007.548257957405,232.36306672273307
2023-07-21 07:00:00,7040.403116532896,30594.562973924032,230.11942097468375
2023-07-21 08:00:00,7254.162208417339,32215.13136364814,225.1787250696424
2023-07-21 09:00:00,7025.193169347353,32926.11879551623,213.36232226386855
2023-07-21 10:00:00,7335.228199593117,33699.69367848295,217.6645363478961
2023-07-21 11:00:00,6850.60776470429,33038.03127026189,207.35520554067162
2023-07-21 12:00:00,6479.829867025777,32342.532645637224,200.3501067162055
2023-07-21 13:00:00,6475.881876985943,32256.466409629207,200.7622842114151
2023-07-21 14:00:00,6363.892006054589,31390.422904785817,202.73355428685045
2023-07-21 15:00:00,6385.553836420551,31325.341392789753,203.84626479730346
2023-07-21 16:00:00,6632.747839294313,31080.445912058247,213.40581335485322
2023-07-21 17:00:00,6686.6232429519,29678.475592710816,225.30211236975285
2023-07-21 18:00:00,6662.692863229722,29487.859853691483,225.94697941077072
2023-07-21 19:00:00,6532.962824158513,27658.861825516084,236.1978184558437
2023-07-21 20:00:00,6640.452395648386,26628.541443888407,249.37349308602313
2023-07-21 21:00:00,6301.083446165464,25550.358113545753,246.61429081202925
2023-07-21 22:00:00,4940.657198967119,22629.054187071044,218.33246578153188
2023-07-21 23:00:00,3929.7817561471056,21069.68192480564,186.51357766917764
2023-07-22 00:00:00,3278.5094377605883,20107.619093533853,163.04811735840377
2023-07-22 01:00:00,2869.350358465862,19333.713924426178,148.4117521176689
2023-07-22 02:00:00,2589.3701855595077,18807.37119706409,137.67847502067272
2023-07-22 03:00:00,2549.9530131120714,18523.104568951403,137.66337082533812
2023-07-22 04:00:00,2491.0569502379235,18633.834364456197,133.68461377920065
2023-07-22 05:00:00,2847.2839432844034,19675.26135703882,144.71390705393543
2023-07-22 06:00:00,3098.4203085816353,22214.35911310116,139.47826686363
2023-07-22 07:00:00,3762.142700001755,25359.61006583571,148.3517566017345
2023-07-22 08:00:00,4233.882792148803,27612.635414313234,153.3313545998632
2023-07-22 09:00:00,4248.943390222434,28980.94369283884,146.61162987844122
2023-07-22 10:00:00,4643.204063664496,29302.927530415727,158.45529627867262
2023-07-22 11:00:00,4567.517727731056,29563.70983215105,154.49744817762354
2023-07-22 12:00:00,4703.187355162192,29735.226288587266,158.1688771935572
2023-07-22 13:00:00,4743.672349461945,29440.539257455104,161.12722351920658
2023-07-22 14:00:00,4916.13170759285,29503.521767620892,166.62864000826292
2023-07-22 15:00:00,4994.7501390644165,29520.90905872364,169.19364268657006
2023-07-22 16:00:00,5177.421017341163,30279.831846139467,170.9857915872561
2023-07-22 17:00:00,5151.59844759385,30459.29364687913,169.13059466570016
2023-07-22 18:00:00,4750.212645905124,28726.527655321217,165.35979227636338
2023-07-22 19:00:00,4531.211486633281,27541.741464550632,164.52160414276884
2023-07-22 20:00:00,4322.88782763904,26503.32445244738,163.1073805625865
2023-07-22 21:00:00,3912.6975028722054,25121.2996206745,155.75219283846712
2023-07-22 22:00:00,2783.768535870417,22669.50433688547,122.79794452060237
2023-07-22 23:00:00,2353.4458474839025,22110.76587751703,106.43891127611121
2023-07-23 00:00:00,2131.704233896356,21488.362687307592,99.20272963167537
2023-07-23 01:00:00,2065.3069247458366,21519.722697690635,95.97274805810916
2023-07-23 02:00:00,2045.8436232574177,21316.399777266462,95.97510107871364
2023-07-23 03:00:00,2314.5046597766527,22147.38916862389,104.5046277082448
2023-07-23 04:00:00,2623.5621171187936,22822.193095594674,114.95661727729465
2023-07-23 05:00:00,3028.4199994411906,24042.472766684514,125.96125318846782
2023-07-23 06:00:00,3271.493903612867,24976.141413756093,130.98476059280432
2023-07-23 07:00:00,3546.110652837182,26786.038625600144,132.38652801194976
2023-07-23 08:00:00,3605.1445347389513,28904.977863711832,124.72400261772754
2023-07-23 09:00:00,3914.963656409676,30574.96493008527,128.04474724212733
2023-07-23 10:00:00,3913.303734365959,31515.329179842527,124.17143771637775
2023-07-23 11:00:00,3876.8500928213152,32290.12202059769,120.0630363164405
2023-07-23 12:00:00,3534.434811993836,31623.967642840205,111.76443297411627
2023-07-23 13:00:00,3184.69540975023,31249.963489492406,101.91037217758871
2023-07-23 14:00:00,3360.6976695080602,29789.66165073274,112.8142275971569
2023-07-23 15:00:00,3829.138120354852,29692.29605792992,128.96066080185147
2023-07-23 16:00:00,3715.0461253190115,29895.824760912088,124.26638686270081
2023-07-23 17:00:00,3859.2196227906647,28948.358966035426,133.31393421363248
2023-07-23 18:00:00,3906.966889168585,28183.490454658237,138.626083077046
2023-07-23 19:00:00,3871.3405984383535,26738.670630103676,144.7843332226028
2023-07-23 20:00:00,3700.5192361096233,25825.139306041543,143.29135623457887
2023-07-23 21:00:00,3289.7792688588193,24546.24196441526,134.02374480085462
2023-07-23 22:00:00,2735.593554191919,22386.98258546784,122.19572440136201
2023-07-23 23:00:00,2513.783060383084,20819.711245830676,120.74053432832746
2023-07-24 00:00:00,2533.9730122458914,20334.275579471698,124.61584885787832
2023-07-24 01:00:00,2529.1607057105307,20267.668948349594,124.78794241981545
2023-07-24 02:00:00,2156.930420382174,20320.104836060567,106.147602966813
2023-07-24 03:00:00,2253.406793914344,19978.91032666242,112.78927414310023
2023-07-24 04:00:00,2692.559116292712,20777.058947568872,129.59289007589638
2023-07-24 05:00:00,3970.363205836002,23547.30370207753,168.61222227688452
2023-07-24 06:00:00,5464.711540583401,26934.559706614586,202.8884674599443
2023-07-24 07:00:00,6139.376466361245,30093.440462663093,204.01045450347775
2023-07-24 08:00:00,6523.232883029872,32077.898742830763,203.35599084362656
2023-07-24 09:00:00,6556.051358982719,32791.413222225216,199.93195519061032
2023-07-24 10:00:00,6938.43795708616,33637.979073669274,206.2679788785928
2023-07-24 11:00:00,6719.253626391559,33759.936065635455,199.0304014002902
2023-07-24 12:00:00,6665.535991057941,33238.56250783493,200.53622925139294
2023-07-24 13:00:00,6469.324286294423,33351.57806923286,193.9735586983344
2023-07-24 14:00:00,6109.767514654707,32230.503571766683,189.56475504797103
2023-07-24 15:00:00,5982.977091832514,31694.99972397937,188.767223345517
2023-07-24 16:00:00,6346.14049458693,32340.12422040303,196.23117250066772
2023-07-24 17:00:00,6828.774991618154,32179.793222474844,212.2069257688342
2023-07-24 18:00:00,6583.104980822664,31046.700263407878,212.0387971980911
2023-07-24 19:00:00,6392.404757521429,29662.11654227569,215.5073711078812
2023-07-24 20:00:00,6048.828921987808,28257.764694417147,214.0590024512048
2023-07-24 21:00:00,5595.832717095932,25958.832361730478,215.56565561652636
2023-07-24 22:00:00,5090.211156773502,23450.140067571425,217.065277312037
2023-07-24 23:00:00,4965.286726757534,21935.159085036066,226.36201121261985
2023-07-25 00:00:00,4965.73737918119,21769.25202918041,228.10785471751205
2023-07-25 01:00:00,4780.653670084241,21357.75722713504,223.8368766553081
2023-07-25 02:00:00,4659.702351384529,21429.214580255022,217.44625002159438
2023-07-25 03:00:00,4660.131332656579,21548.201706809614,216.26544043273432
2023-07-25 04:00:00,4750.815598223436,21928.708902134334,216.64821305375784
2023-07-25 05:00:00,5690.942234091722,24552.87312600172,231.78314834629117
2023-07-25 06:00:00,6625.092051189902,27185.377731231816,243.70057008914358
2023-07-25 07:00:00,7388.7495554255165,30533.46388027347,241.98857962522592
2023-07-25 08:00:00,7622.114457233608,31852.5356406957,239.29380515299948
2023-07-25 09:00:00,7377.756178887522,32122.026235164973,229.67904094452373
2023-07-25 10:00:00,7472.819629153985,32382.079548093032,230.7702202403507
2023-07-25 11:00:00,7652.51486931845,33252.0751246415,230.13646037529676
2023-07-25 12:00:00,7394.841152012885,32688.54909522069,226.22114950626752
2023-07-25 13:00:00,7355.123423479059,32937.18902026543,223.30756334287165
2023-07-25 14:00:00,7129.981541522284,32322.265258127034,220.59040369175668
2023-07-25 15:00:00,6731.475724320479,31745.131816240184,212.04749639366085
2023-07-25 16:00:00,6919.262911700734,31959.432715453066,216.50143083907503
2023-07-25 17:00:00,7215.643793066529,31553.83326039884,228.67724924319776
2023-07-25 18:00:00,6969.198391078508,30077.389240526645,231.7088872091373
2023-07-25 19:00:00,7007.90736539969,28665.299755987315,244.47354205448175
2023-07-25 20:00:00,6980.251834982061,27912.181962628554,250.0790459279707
2023-07-25 21:00:00,6773.1159320101,26089.26105470547,259.6131763873204
2023-07-25 22:00:00,5886.595736123166,23596.68647510015,249.46704878817872
2023-07-25 23:00:00,5272.568981057789,21854.548155129167,241.2572862926173
2023-07-26 00:00:00,5023.94473127995,21501.53100878855,233.65520944654872
2023-07-26 01:00:00,4717.803538613288,21522.48471983509,219.20347952508322
2023-07-26 02:00:00,4703.122621603703,21660.979757248468,217.12418710099598
2023-07-26 03:00:00,4785.866159889156,21342.5504938479,224.2405921105215
2023-07-26 04:00:00,4916.631421288456,21503.100921125155,228.6475536399609
2023-07-26 05:00:00,5662.432209356578,23526.581434046173,240.68232034605188
2023-07-26 06:00:00,6654.442540797359,26925.536661630435,247.14242930132963
2023-07-26 07:00:00,7481.557799976179,30347.0919621845,246.53293993701095
2023-07-26 08:00:00,7661.185167848745,32084.221739588414,238.78357499305278
2023-07-26 09:00:00,7602.95833742133,32814.26145189571,231.6967684482839
2023-07-26 10:00:00,7385.486048488339,33653.782316601006,219.45485886277834
2023-07-26 11:00:00,7316.931189527636,33955.26353698998,215.48739215517386
2023-07-26 12:00:00,7180.138726041086,33335.799011401825,215.38822944022633
2023-07-26 13:00:00,6908.488519756129,32632.216413153004,211.70760920093488
2023-07-26 14:00:00,6619.114901635211,31811.153684329438,208.0752860244697
2023-07-26 15:00:00,6700.2986106002545,31878.116874151085,210.18489382706622
2023-07-26 16:00:00,6820.232210286225,32684.786368528257,208.6668743490193
2023-07-26 17:00:00,6573.820163836431,31829.252447016224,206.53391639591214
2023-07-26 18:00:00,6590.0034484101625,30918.891716956357,213.13841093457148
2023-07-26 19:00:00,6399.4661471900445,30023.95064185338,213.14537262358775
2023-07-26 20:00:00,6065.0280247232595,29605.762589568407,204.85971291481857
2023-07-26 21:00:00,5379.473026527666,28078.4578612407,191.58719660147187
2023-07-26 22:00:00,3634.23278753778,23887.109993449896,152.14200414090803
2023-07-26 23:00:00,3231.337558903228,22323.099889261623,144.7530842460478
2023-07-27 00:00:00,3436.1736635319603,22161.72110126939,155.0499461585202
2023-07-27 01:00:00,3247.610578914995,22284.143292746052,145.7363891557886
2023-07-27 02:00:00,3278.781846609904,22580.555226166674,145.20377438772647
2023-07-27 03:00:00,3480.7867398536014,22294.09347431263,156.13044521698905
2023-07-27 04:00:00,3561.476786799334,22182.03746715964,160.55679249807764
2023-07-27 05:00:00,4788.282161231527,24798.39279183164,193.08840703615047
2023-07-27 06:00:00,6113.140457355259,27751.89895429219,220.27827599919183
2023-07-27 07:00:00,6645.139969180645,30381.76354909921,218.72133783286145
2023-07-27 08:00:00,6821.212775279847,32430.241200394357,210.33493809466023
2023-07-27 09:00:00,6932.773382356739,33095.7248746322,209.47640242412984
2023-07-27 10:00:00,7207.610287266345,33907.70747647068,212.5655440512417
2023-07-27 11:00:00,7248.312433907744,34448.67632940789,210.40902601299828
2023-07-27 12:00:00,7157.396813184035,34276.71400792486,208.81222195129988
2023-07-27 13:00:00,7031.8833786166,33725.69365453794,208.5022609363122
2023-07-27 14:00:00,6919.680295671782,33234.64911575616,208.20681065626903
2023-07-27 15:00:00,7083.903720384124,32953.61374923017,214.9659146426577
2023-07-27 16:00:00,7280.311534311755,32848.63569018804,221.63208246990908
2023-07-27 17:00:00,7369.812286250891,32400.60805104468,227.45907344208834
2023-07-27 18:00:00,7140.338496491275,31137.554784610806,229.31596735464476
2023-07-27 19:00:00,7077.883114818086,29772.971729528534,237.72847329842836
2023-07-27 20:00:00,7052.025658267197,28497.012507797142,247.4654371695164
2023-07-27 21:00:00,6447.58041326998,26785.19946558975,240.7142952791156
2023-07-27 22:00:00,5830.527633714392,24501.64387210278,237.9647530651177
2023-07-27 23:00:00,5512.464341580103,22936.539057516526,240.33548948936195
2023-07-28 00:00:00,5450.924876566377,22027.05478829336,247.46498925781762
2023-07-28 01:00:00,5382.257773508202,21671.52355177085,248.3562247319894
2023-07-28 02:00:00,5329.606404091985,21645.967548922465,246.21705599652404
2023-07-28 03:00:00,5340.634312761348,21197.424159091912,251.9473249522473
2023-07-28 04:00:00,5512.251852168219,21712.92143292316,253.86965403052702
2023-07-28 05:00:00,5995.230006016422,23687.61021799216,253.09560360220235
2023-07-28 06:00:00,6606.142927730207,26890.33941850858,245.66974871217906
2023-07-28 07:00:00,7153.203821070131,29130.38277705356,245.55818149786953
2023-07-28 08:00:00,7413.992018408604,30513.89289704095,242.97103104558536
2023-07-28 09:00:00,7484.6527983331835,30897.95496205401,242.23780530216763
2023-07-28 10:00:00,7456.261147008251,32080.549557710703,232.42311150546067
2023-07-28 11:00:00,7134.822899387679,32163.03371830619,221.83301991586578
2023-07-28 12:00:00,6913.980545925869,32724.150456672713,211.28067343047107
2023-07-28 13:00:00,6437.6374768626,31371.857640224225,205.2042168076276
2023-07-28 14:00:00,6160.091272008174,30430.847491963228,202.42917235989077
2023-07-28 15:00:00,6321.5511751204585,30545.895856881754,206.95255443609003
2023-07-28 16:00:00,5963.262823065109,30993.768957117227,192.40198993919842
2023-07-28 17:00:00,6106.846899779505,30642.836608155805,199.29117456946284
2023-07-28 18:00:00,6074.586806027039,29373.90649442556,206.80214281950703
2023-07-28 19:00:00,6009.644637251669,28420.28140949394,211.45619744792947
2023-07-28 20:00:00,5864.03948421822,27432.303570400738,213.7640198231649
2023-07-28 21:00:00,5374.101409720965,26314.58180597833,204.22522574537132
2023-07-28 22:00:00,3715.873224985058,23486.798366486593,158.21114342631105
2023-07-28 23:00:00,3219.1632260126867,22500.273359899376,143.07218292511817
2023-07-29 00:00:00,2751.4407836608434,21505.0959357454,127.94366469611725
2023-07-29 01:00:00,2448.667436377282,20798.019863567177,117.73560427580523
2023-07-29 02:00:00,2207.6288168585124,20665.153814712983,106.82856932266071
2023-07-29 03:00:00,2062.5868292091077,20035.93612004767,102.944370397813
2023-07-29 04:00:00,1989.3958765553014,19895.047156980647,99.99452933476836
2023-07-29 05:00:00,2470.817331568278,20778.07177222103,118.91465958220458
2023-07-29 06:00:00,2660.8270422708597,22142.21662435347,120.16985866466082
2023-07-29 07:00:00,3656.731070812546,25101.38619812115,145.6784514588383
2023-07-29 08:00:00,4010.2499923245605,26678.5904017637,150.3171618864633
2023-07-29 09:00:00,3896.7602189570584,27842.092978908007,139.9593134721976
2023-07-29 10:00:00,4117.971698113144,28832.870950785757,142.8221180312577
2023-07-29 11:00:00,3876.130500758695,29939.184492351087,129.46680300356795
2023-07-29 12:00:00,3876.2828786957098,30870.062129089045,125.56770577546281
2023-07-29 13:00:00,3901.7630634805887,30673.788802261373,127.20186243157994
2023-07-29 14:00:00,3508.4300217550926,29375.46012301085,119.4340448477542
2023-07-29 15:00:00,2968.8598641282983,28011.83740017176,105.98590237818867
2023-07-29 16:00:00,2495.805292240459,27976.38648517467,89.2111385994415
2023-07-29 17:00:00,2820.044932101912,28089.641128856645,100.39448062598649
2023-07-29 18:00:00,3333.71556245237,27448.58491302115,121.45309395789329
2023-07-29 19:00:00,3623.823678869026,26481.31132882197,136.84457064348229
2023-07-29 20:00:00,3587.214280648712,25927.647326514445,138.35479306987915
2023-07-29 21:00:00,3413.7629998724465,24589.143044724457,138.8321257745036
2023-07-29 22:00:00,2572.3452844902927,22174.96501469536,116.00222515731583
2023-07-29 23:00:00,2452.320898297271,21920.95677482285,111.8710703865748
2023-07-30 00:00:00,2298.8028571895175,21957.501140319317,104.69328192215625
2023-07-30 01:00:00,2141.357534815118,22210.16149186579,96.41341579616001
2023-07-30 02:00:00,1998.4336353465874,22358.70429401896,89.3805655760283
2023-07-30 03:00:00,2141.4705089501995,22784.558611200522,93.98779873214166
2023-07-30 04:00:00,2219.324031967816,22339.948421349483,99.34329256762689
2023-07-30 05:00:00,2588.4563368432905,23211.367087404942,111.51675500612157
2023-07-30 06:00:00,3297.222159280878,24983.855515037434,131.9741125342454
2023-07-30 07:00:00,3799.8737666204624,27391.27599351427,138.72569381288406
2023-07-30 08:00:00,4273.895913910838,29267.234900050735,146.03005471840558
2023-07-30 09:00:00,4858.264319262235,30989.95680134765,156.76899294841758
2023-07-30 10:00:00,5146.6285658222705,31445.77999588096,163.66674849523278
2023-07-30 11:00:00,5250.049446395572,32040.774363612152,163.8552610126025
2023-07-30 12:00:00,4803.760697510217,31265.77722867929,153.64277249131845
2023-07-30 13:00:00,4468.339370598141,30703.847696243072,145.53027408173628
2023-07-30 14:00:00,4276.157530747811,29866.620255704776,143.17513980950116
2023-07-30 15:00:00,4185.406323469719,29072.836797928183,143.96277709535326
2023-07-30 16:00:00,3905.902146246164,29316.878943900374,133.2304899754283
2023-07-30 17:00:00,4115.296769494136,28896.027119224003,142.41739020089386
2023-07-30 18:00:00,4165.0654723952775,27871.579302852468,149.43772748353055
2023-07-30 19:00:00,4282.861521560097,26673.84771483469,160.56406887178028
2023-07-30 20:00:00,4139.210698107042,25789.92920688876,160.49717177980526
2023-07-30 21:00:00,3534.6188277549213,24352.167295533007,145.1459652383091
2023-07-30 22:00:00,3116.4219190399695,22710.616110542524,137.22313405638042
2023-07-30 23:00:00,3019.487012508196,21328.08018336564,141.57331492326148
2023-07-31 00:00:00,2859.8990502774495,21289.5774560002,134.33329318950024
2023-07-31 01:00:00,2879.7554311836357,20437.5773895973,140.90493096551785
2023-07-31 02:00:00,2928.272867340627,20310.700248913046,144.17390003563946
2023-07-31 03:00:00,2756.15667668787,19985.01538703758,137.91116110300982
2023-07-31 04:00:00,3194.1691281071594,21448.715205663153,148.9212336253966
2023-07-31 05:00:00,4007.5258665660162,23562.547610405174,170.08032971767028
2023-07-31 06:00:00,4907.100406484889,26403.452999371864,185.85070697388062
2023-07-31 07:00:00,5661.817670934752,29918.464863970148,189.24158363997807
2023-07-31 08:00:00,5819.193700658368,30970.08208454694,187.8972643589458
2023-07-31 09:00:00,5585.290747202404,31489.518567561456,177.36983610019442
2023-07-31 10:00:00,5410.987006678321,31762.437597875847,170.3580523379033
2023-07-31 11:00:00,5473.627803466699,32474.495373125363,168.55158919563883
2023-07-31 12:00:00,5219.02955331012,32509.224427354475,160.53995889605517
2023-07-31 13:00:00,4891.550302064289,32292.611683300245,151.4758344737381
2023-07-31 14:00:00,4767.920443938338,32498.46361123954,146.71218002716168
2023-07-31 15:00:00,4329.01519755163,32396.33684601457,133.6266880458798
2023-07-31 16:00:00,4722.597935424555,32570.834359256274,144.99468706678815
2023-07-31 17:00:00,4872.369417147825,32153.714658382418,151.53363985823663
2023-07-31 18:00:00,4713.667927770164,30805.883505437698,153.01193770138525
2023-07-31 19:00:00,4511.254261743561,29294.922959740543,153.99440605948314
2023-07-31 20:00:00,4203.195128061956,27919.30543078819,150.54798331146364
2023-07-31 21:00:00,3679.3280030922956,25698.48630587232,143.17294642570207
2023-07-31 22:00:00,2408.93838670571,23857.93635401933,100.97010701010934
2023-07-31 23:00:00,2007.4288020450392,22544.31376239316,89.04368627949505
2023-08-01 00:00:00,2308.490230217964,22263.5434480285,103.6892548397271
2023-08-01 01:00:00,2086.32615743302,21773.70615572862,95.81860536333689
2023-08-01 02:00:00,2191.3154920535103,21644.477878216658,101.24131911996291
2023-08-01 03:00:00,2381.7666292159006,21272.836657672768,111.96281283703817
2023-08-01 04:00:00,2687.228201285355,22194.91642445479,121.07404010426978
2023-08-01 05:00:00,3594.904212432448,24393.64134712395,147.37054469550495
2023-08-01 06:00:00,5307.599484606907,28490.47145272141,186.29384541475972
2023-08-01 07:00:00,5945.879079344288,31182.42732166817,190.68044376431823
2023-08-01 08:00:00,5821.16630080458,31998.91696080567,181.91760389686684
2023-08-01 09:00:00,5939.55132848715,32595.36411240176,182.22073875306987
2023-08-01 10:00:00,6417.20829614051,33124.92277186447,193.72749456162163
2023-08-01 11:00:00,6539.523631944463,34081.660217235374,191.87808311748182
2023-08-01 12:00:00,6373.512118529557,33360.17395014639,191.0515253323968
2023-08-01 13:00:00,6677.149741219185,32837.6748563091,203.3380795210689
2023-08-01 14:00:00,6709.174912037273,32167.1437564752,208.57229236234957
2023-08-01 15:00:00,6944.691430062782,31792.10370361157,218.44076424781755
2023-08-01 16:00:00,7184.027689076169,31205.170678493323,230.21914422751155
2023-08-01 17:00:00,7364.996348440889,30316.677632936153,242.93547062160695
2023-08-01 18:00:00,7422.877636905412,29465.65956737419,251.91622199845082
2023-08-01 19:00:00,7273.580316617707,28477.78799783534,255.41240482479145
2023-08-01 20:00:00,6945.414366211066,27547.72839643654,252.12294336071267
2023-08-01 21:00:00,6094.302685021859,25342.192077870954,240.4804867035738
2023-08-01 22:00:00,4467.379975889977,22953.53645680061,194.62708869710548
2023-08-01 23:00:00,3415.709086008285,21384.700354677225,159.7267686409834
2023-08-02 00:00:00,3088.031592338369,20965.12251456865,147.29375371846731
2023-08-02 01:00:00,2878.91005277074,20844.545902910144,138.113349467057
2023-08-02 02:00:00,3057.1039607421408,21681.50794507029,141.00052304882385
2023-08-02 03:00:00,3110.176422406973,22080.185687178113,140.85825483854703
2023-08-02 04:00:00,2998.116917257592,22334.718649190214,134.23571455493996
2023-08-02 05:00:00,3263.8953976215034,24369.468818533467,133.93379321995093
2023-08-02 06:00:00,4210.637006602851,28049.879772086933,150.11247965465262
2023-08-02 07:00:00,5070.434123909701,30859.204444700634,164.30864680895664
2023-08-02 08:00:00,5413.286183383868,31858.90750982427,169.91436952803807
2023-08-02 09:00:00,5353.445020853594,32327.749498916626,165.5990628433012
2023-08-02 10:00:00,5622.308446370738,33233.65521180399,169.17514521164668
2023-08-02 11:00:00,5402.262203030225,33265.799606821456,162.3968840936095
2023-08-02 12:00:00,5489.840280710797,32989.696282010045,166.41075546077454
2023-08-02 13:00:00,5344.0658683731945,32523.38374795994,164.31457162597377
2023-08-02 14:00:00,5144.920193400957,32345.97033951626,159.05907720182185
2023-08-02 15:00:00,5086.126570947571,32083.15394785442,158.52950676900983
2023-08-02 16:00:00,4956.330289697753,31783.455022756116,155.94057619441156
2023-08-02 17:00:00,5340.648232545406,31744.131952203366,168.2404874257307
2023-08-02 18:00:00,5287.219650707679,30637.070784981202,172.57588650738637
2023-08-02 19:00:00,5004.206770102495,29600.57798675537,169.05773841110815
2023-08-02 20:00:00,4536.6118588234,28832.612887721316,157.34307107335965
2023-08-02 21:00:00,3804.519797432996,26485.225137738773,143.64687397019478
2023-08-02 22:00:00,2864.192241620766,23857.831839846138,120.05249516584895
2023-08-02 23:00:00,2676.643453823526,23050.246003393644,116.1221209278829
2023-08-03 00:00:00,2996.7446831058655,23335.50445750102,128.41996574634084
2023-08-03 01:00:00,2848.993801233862,22999.410903370037,123.87246843858976
2023-08-03 02:00:00,2672.7298376029676,22412.233553610615,119.25316730301476
2023-08-03 03:00:00,2608.2601274792096,22444.107856809915,116.21135240124147
2023-08-03 04:00:00,2977.1938335982973,22365.424534876463,133.11590973628446
2023-08-03 05:00:00,3120.341776175671,24091.17157758239,129.52220966618532
2023-08-03 06:00:00,4705.711970537846,27535.01502122324,170.8991975094552
2023-08-03 07:00:00,5284.685503086371,30663.57090872344,172.34409908804642
2023-08-03 08:00:00,5586.660212858356,32785.12366084326,170.40229192518663
2023-08-03 09:00:00,5509.560005534826,33589.08825011365,164.02826907682388
2023-08-03 10:00:00,5308.633236159439,32705.454464199014,162.31644914063273
2023-08-03 11:00:00,4714.882932772189,32334.31291906575,145.8167039013247
2023-08-03 12:00:00,4256.126863370329,31889.19624355135,133.46610654167884
2023-08-03 13:00:00,4115.268661088573,31390.593854017356,131.09878329243213
2023-08-03 14:00:00,4130.349723221884,31385.538201698215,131.60041088600477
2023-08-03 15:00:00,4412.006025992399,31441.99204519741,140.32208963255906
2023-08-03 16:00:00,5236.433080988712,32155.65830160449,162.8463964840498
2023-08-03 17:00:00,5117.610763152801,31091.562551308445,164.59805629606203
2023-08-03 18:00:00,5024.05313832558,29705.057922940567,169.13123520441326
2023-08-03 19:00:00,4993.256385037743,28741.414022718207,173.73036626141288
2023-08-03 20:00:00,4846.615035324499,28297.585110087177,171.27309685506827
2023-08-03 21:00:00,4419.9004427425825,27079.671554529315,163.21839184210174
2023-08-03 22:00:00,3754.0905187009707,24618.07676395726,152.49324935883072
2023-08-03 23:00:00,3294.019933917675,23095.309386046098,142.6272269774347
2023-08-04 00:00:00,3350.6456452927673,22770.39834287258,147.14918882135242
2023-08-04 01:00:00,3130.2043399052927,22900.57130383302,136.6867358187422
2023-08-04 02:00:00,2832.6349051391217,22561.458774412924,125.55193941411396
2023-08-04 03:00:00,2921.2310394255546,22627.617589746988,129.1002478647695
2023-08-04 04:00:00,3036.1375752840563,22753.839862063032,133.4340750259977
2023-08-04 05:00:00,4018.340955117326,24820.06959676588,161.89885928607254
2023-08-04 06:00:00,4915.515932559158,27695.547139593742,177.4839799258525
2023-08-04 07:00:00,5544.625140003301,29971.617555104305,184.99585915939412
2023-08-04 08:00:00,6074.964121801166,31826.234782081676,190.8791336266205
2023-08-04 09:00:00,6275.255940182175,32457.202407468223,193.33939695117635
2023-08-04 10:00:00,6434.045041243706,32832.70571294326,195.9645086060418
2023-08-04 11:00:00,6386.522023826887,32615.190525744954,195.81434052288168
2023-08-04 12:00:00,6405.595014014071,31808.71495873383,201.37861659372896
2023-08-04 13:00:00,6441.603140050418,31243.73220160245,206.17265243747153
2023-08-04 14:00:00,6518.608791463065,31504.30855762815,206.91166033811308
2023-08-04 15:00:00,6511.983281047692,30852.2752197147,211.06979095293804
2023-08-04 16:00:00,6928.888496803484,30779.84904216528,225.11119165372148
2023-08-04 17:00:00,7064.6726926891615,29697.427503073122,237.88837238370567
2023-08-04 18:00:00,6965.245107829871,28169.42126410218,247.26262717743728
2023-08-04 19:00:00,6938.837325931921,26812.84475271038,258.78780822875973
2023-08-04 20:00:00,7011.4490270037695,26473.60903328537,264.846739188006
2023-08-04 21:00:00,6466.94058158354,25054.61855555935,258.1137113400034
2023-08-04 22:00:00,5788.343508388495,22361.142011155927,258.85724018481267
2023-08-04 23:00:00,5234.235548958407,20696.468537051336,252.90476680057506
2023-08-05 00:00:00,4759.498385980729,20239.730031458395,235.15621891117578
2023-08-05 01:00:00,4557.428904907231,19846.658359604913,229.63205303030952
2023-08-05 02:00:00,4468.601095550177,19365.271151500117,230.75334502631117
2023-08-05 03:00:00,4549.3543052984505,19799.38241269608,229.77253585350422
2023-08-05 04:00:00,4465.615465735024,20359.499811294623,219.33817171960592
2023-08-05 05:00:00,4322.867617046177,21228.939180112706,203.63088237097801
2023-08-05 06:00:00,4394.083299011854,22840.543751073772,192.38085340263763
2023-08-05 07:00:00,4713.981183315163,25062.582565879486,188.08840513239193
2023-08-05 08:00:00,5351.066529934308,27168.284954623803,196.96004141857338
2023-08-05 09:00:00,5684.720296970331,28212.85089429609,201.49400421350663
2023-08-05 10:00:00,6226.237582136997,28796.908851321634,216.2120113059025
2023-08-05 11:00:00,6120.255805799173,29456.421485178173,207.7732289673663
2023-08-05 12:00:00,5226.221403263294,28744.328723588107,181.81747966772184
2023-08-05 13:00:00,4466.355486414376,27738.760267978494,161.01496401662615
2023-08-05 14:00:00,4484.219862699544,28326.34629942643,158.30562174516464
2023-08-05 15:00:00,4762.492783113115,28730.400896299805,165.7649261596791
2023-08-05 16:00:00,5060.4073388501965,28781.44402951409,175.82187098260167
2023-08-05 17:00:00,5235.428569656949,28216.37109204087,185.54577952562198
2023-08-05 18:00:00,5125.435844859578,27150.91865787431,188.77577990802527
2023-08-05 19:00:00,5193.734572437042,26654.935968246955,194.85076154841065
2023-08-05 20:00:00,5135.9666287759,26844.852353592985,191.32035300944722
2023-08-05 21:00:00,4753.04249799251,25593.626616339825,185.711957482337
2023-08-05 22:00:00,3390.3270917794034,23098.479106038136,146.77707030906393
2023-08-05 23:00:00,2895.814918943007,21868.8624693657,132.41726326641438
2023-08-06 00:00:00,2918.7437900777236,21642.72474775884,134.86027402256582
2023-08-06 01:00:00,2783.0853026250816,20985.6502707636,132.6184924801863
2023-08-06 02:00:00,2587.8227728643496,20306.61493061394,127.43742774001134
2023-08-06 03:00:00,2521.826768759296,19966.71501878745,126.30153565002617
2023-08-06 04:00:00,2504.206931457708,20030.54904434368,125.01938543541111
2023-08-06 05:00:00,2811.5236560422136,20692.04800124206,135.87459568397722
2023-08-06 06:00:00,3491.811761925885,22159.82028420221,157.57401085130667
2023-08-06 07:00:00,4156.8730183429925,25121.66000826993,165.4696790329369
2023-08-06 08:00:00,3960.776511963201,27286.003859240816,145.15780809808192
2023-08-06 09:00:00,3989.9113351209066,28737.484768035083,138.83996345981242
2023-08-06 10:00:00,4798.858682570536,29306.018775130247,163.74993544476115
2023-08-06 11:00:00,4546.678522690536,29408.323072461066,154.6051609773084
2023-08-06 12:00:00,4180.10618869729,28665.37721291923,145.82421705629446
2023-08-06 13:00:00,3662.3905924911364,27759.652034943636,131.93215058607174
2023-08-06 14:00:00,3613.9887554377237,27798.743463263054,130.00547165787287
2023-08-06 15:00:00,3926.506926162068,28379.74247175966,138.35597451489517
2023-08-06 16:00:00,4821.011357362688,29532.42571264697,163.24467906129829
2023-08-06 17:00:00,5091.480259366582,29227.988336919683,174.198791948169
2023-08-06 18:00:00,5094.842690467016,27904.417386656743,182.58194105508377
2023-08-06 19:00:00,5126.76768633198,26724.909930520218,191.8347975600524
2023-08-06 20:00:00,5068.397634833499,26223.405330150355,193.27763007980164
2023-08-06 21:00:00,4582.814124576824,24980.567697957584,183.45516322879706
2023-08-06 22:00:00,3463.299724510987,22384.306236159406,154.71999390878614
2023-08-06 23:00:00,2892.6825574560803,21190.216403173206,136.51028863598134
2023-08-07 00:00:00,2891.7299872594317,20460.107257368152,141.33503558335715
2023-08-07 01:00:00,2832.0360757212643,20011.74585193763,141.51869090657343
2023-08-07 02:00:00,2643.972243650135,19561.71795553667,135.16053393980133
2023-08-07 03:00:00,2288.9174865132204,19219.525799618525,119.0933382216252
2023-08-07 04:00:00,2589.015905542013,19700.422410833125,131.4193092691419
2023-08-07 05:00:00,3749.3322359816852,22690.336834175723,165.2391616476366
2023-08-07 06:00:00,5668.5045967557035,26582.721120403574,213.24019354831367
2023-08-07 07:00:00,6476.151381444954,29715.986766869584,217.9349261477404
2023-08-07 08:00:00,6475.3370447183615,31316.360378566762,206.77169908768033
2023-08-07 09:00:00,6065.047563759154,31960.70359572892,189.7657711318239
2023-08-07 10:00:00,6269.44817650452,32376.34090955883,193.64288861480085
2023-08-07 11:00:00,6140.418316717546,33015.83819156527,185.9840201872043
2023-08-07 12:00:00,5960.876266710139,32688.110790295155,182.3560959197396
2023-08-07 13:00:00,5843.290090363632,32263.665280037618,181.1105477212792
2023-08-07 14:00:00,5591.880737533791,31564.410187216185,177.1577768875448
2023-08-07 15:00:00,5433.191758638625,31279.661139097858,173.6972703916998
2023-08-07 16:00:00,6189.777804716339,32286.30207804888,191.7152912016116
2023-08-07 17:00:00,6327.902439367856,31360.670937717092,201.7782863107487
2023-08-07 18:00:00,5940.908615616143,30044.193893200078,197.73899199075376
2023-08-07 19:00:00,5633.564886530725,27945.506400568876,201.59108250820762
2023-08-07 20:00:00,5416.109410417164,27922.16854782647,193.97166094532324
2023-08-07 21:00:00,4820.465664241531,25800.18999359933,186.83837853277132
2023-08-07 22:00:00,3009.7522014518095,23388.589079406946,128.68464152469204
2023-08-07 23:00:00,2376.665585430335,22233.89678499579,106.89379412043469
2023-08-08 00:00:00,2099.5903142961583,21661.42920193958,96.92759857729793
2023-08-08 01:00:00,1956.2484184093767,20858.28439863365,93.78759925900346
2023-08-08 02:00:00,2140.2329138194495,20408.037060755516,104.87206130839009
2023-08-08 03:00:00,2180.0105186433734,20409.43385066908,106.81386532296712
2023-08-08 04:00:00,2580.2608816879033,21181.85474034106,121.814681165468
2023-08-08 05:00:00,4215.089879299444,23591.60352050156,178.66907078344417
2023-08-08 06:00:00,5609.646463677565,27386.318718621635,204.83389977723525
2023-08-08 07:00:00,6321.370791518395,31028.37275148049,203.72872409871306
2023-08-08 08:00:00,6560.007522431438,32701.40569825224,200.60322736468922
2023-08-08 09:00:00,6546.623144136775,33059.17805799903,198.02740203193733
2023-08-08 10:00:00,6329.0409926159155,33442.17187021745,189.25328824867267
2023-08-08 11:00:00,6113.829212050933,33538.371241559435,182.2935636324198
2023-08-08 12:00:00,6008.710521994978,33555.0254334979,179.0703611267866
2023-08-08 13:00:00,5722.873525127264,32732.06492510903,174.83997841936338
2023-08-08 14:00:00,6168.478008990802,32866.31110670605,187.68391709564824
2023-08-08 15:00:00,6277.624927854581,32949.02012184718,190.52539057731005
2023-08-08 16:00:00,6735.850684290105,33116.08990796042,203.40114738820498
2023-08-08 17:00:00,6687.951024363385,32194.177427113504,207.73790662937958
2023-08-08 18:00:00,6310.140640269315,30901.190253025845,204.20380537450092
2023-08-08 19:00:00,6228.420229809291,29396.141555414717,211.87883512086393
2023-08-08 20:00:00,5687.909430346297,28847.300263974805,197.17302410615852
2023-08-08 21:00:00,5081.220388410196,26475.195006551203,191.9238134847681
2023-08-08 22:00:00,3966.9730246408617,24082.785529501303,164.72234990347513
2023-08-08 23:00:00,3327.2767335054955,22861.55410697392,145.54026895706576
2023-08-09 00:00:00,3002.597031459568,22274.81822065134,134.7978242388444
2023-08-09 01:00:00,2796.8916509099663,21934.270400702546,127.51240865619961
2023-08-09 02:00:00,2762.8538085303076,21351.662299979795,129.3975977005276
2023-08-09 03:00:00,3041.2563997207308,20916.927218173056,145.39690117955874
2023-08-09 04:00:00,3611.372717734468,21720.858190474093,166.26289284086727
2023-08-09 05:00:00,4772.797070774392,24673.205598270848,193.4404936466334
2023-08-09 06:00:00,5940.825622950048,28039.925515794108,211.87023551841273
2023-08-09 07:00:00,6764.257946756071,31046.702041851364,217.873638805106
2023-08-09 08:00:00,6862.017337380275,32341.72640522316,212.1722647518305
2023-08-09 09:00:00,6787.384219993374,32999.232146507195,205.68309559020406
2023-08-09 10:00:00,6987.4869955630675,33445.7365693908,208.9201109703754
2023-08-09 11:00:00,7076.605520534899,33789.75852650853,209.43048512711937
2023-08-09 12:00:00,7010.802479264221,33871.29224004127,206.98361401683795
2023-08-09 13:00:00,6764.740430363287,33042.725869745744,204.7270693413691
2023-08-09 14:00:00,7117.279237320319,32516.55214468426,218.88173154557032
2023-08-09 15:00:00,7486.307262954729,32626.73881214854,229.4531275729957
2023-08-09 16:00:00,8015.310819731163,33016.379585370385,242.7677086461279
2023-08-09 17:00:00,8220.19604754132,32016.97939656459,256.7448960667209
2023-08-09 18:00:00,7899.264192782869,30807.389710455456,256.4080977656476
2023-08-09 19:00:00,7636.405738396772,29231.269567831278,261.2409878632354
2023-08-09 20:00:00,7433.4131638095605,28438.43339689597,261.38616920511913
2023-08-09 21:00:00,6670.383887575458,25997.94377709275,256.57351768922786
2023-08-09 22:00:00,5754.721886246197,23746.727696305097,242.3374689701609
2023-08-09 23:00:00,5191.17348361445,22517.65150127586,230.53796188826863
2023-08-10 00:00:00,5019.098025841037,21908.666697429984,229.09189751970655
2023-08-10 01:00:00,4955.556589066643,21532.60730516079,230.14196649928823
2023-08-10 02:00:00,4869.042967531836,21349.042761510427,228.06844418851855
2023-08-10 03:00:00,5112.52348373512,21381.517342164367,239.1094795528482
2023-08-10 04:00:00,5243.906434812241,21959.50380306166,238.7989492768557
2023-08-10 05:00:00,5870.266795141204,24685.041711237423,237.80663868470882
2023-08-10 06:00:00,6781.684292683206,27203.029794748592,249.29885912900687
2023-08-10 07:00:00,7689.84078586792,30792.023000387202,249.73483508281421
2023-08-10 08:00:00,7876.27411266512,32721.61194191287,240.70556568689267
2023-08-10 09:00:00,7781.988231510458,33347.18361795145,233.36268275805034
2023-08-10 10:00:00,7790.804857644519,34167.204871205395,228.0199649638377
2023-08-10 11:00:00,7415.099864778302,34826.45168148449,212.91574383159295
2023-08-10 12:00:00,7088.909922458226,34409.411980018405,206.01659588297431
2023-08-10 13:00:00,6750.32189109902,33270.393595904454,202.89275723897586
2023-08-10 14:00:00,6722.3867331494985,32718.4055456432,205.46192948710654
2023-08-10 15:00:00,6430.637370411567,32042.948463885117,200.68806644492759
2023-08-10 16:00:00,6579.367921994084,32794.464312271746,200.62434499142202
2023-08-10 17:00:00,6872.915558786155,32581.005453168178,210.94854081975032
2023-08-10 18:00:00,7018.0256027877995,31778.990943299777,220.83852867793675
2023-08-10 19:00:00,7030.745205089782,30636.975051802252,229.4856196867318
2023-08-10 20:00:00,6849.8378226473405,30501.06317642275,224.5770182838167
2023-08-10 21:00:00,6336.916120434702,29550.057175458798,214.44683111129424
2023-08-10 22:00:00,4811.18234947242,25844.367387139613,186.1598033104307
2023-08-10 23:00:00,3811.6220231509633,23859.7469436648,159.7511504271431
2023-08-11 00:00:00,3450.172814602759,23199.075785549707,148.72027000109247
2023-08-11 01:00:00,3226.4071333064126,23440.41412737056,137.64292370325694
2023-08-11 02:00:00,2810.28516078793,23383.0879861497,120.18451807787413
2023-08-11 03:00:00,2840.6505000540606,23353.85825074987,121.63516921075986
2023-08-11 04:00:00,3181.998173732792,23760.297661393193,133.920804321532
2023-08-11 05:00:00,3726.6189665857646,25217.15072574641,147.78112749990152
2023-08-11 06:00:00,4266.046614701188,27638.377100267553,154.3522833929309
2023-08-11 07:00:00,5024.520372992169,31134.002540960457,161.38369508969555
2023-08-11 08:00:00,5125.662141007042,32607.893891661555,157.19083722600584
2023-08-11 09:00:00,4778.276414217055,33192.62193490897,143.9559798435718
2023-08-11 10:00:00,5004.940321798777,34179.38786863407,146.43153765757575
2023-08-11 11:00:00,4720.599988383731,34507.65237803575,136.79864212925742
2023-08-11 12:00:00,4362.038657794796,33938.06164874788,128.5293987305763
2023-08-11 13:00:00,4239.035084373722,32301.31946803347,131.23411532983417
2023-08-11 14:00:00,4208.238913470442,31141.132452805636,135.13442132677815
2023-08-11 15:00:00,4274.3005893339505,31012.09820509298,137.82687521065571
2023-08-11 16:00:00,5043.808187784303,31719.19512387828,159.01438129454027
2023-08-11 17:00:00,5525.700481960311,31257.78348380561,176.77838496843927
2023-08-11 18:00:00,5838.187981791456,30561.1762200724,191.0328300112012
2023-08-11 19:00:00,5974.024868747697,29326.22947515041,203.70927240441154
2023-08-11 20:00:00,5897.835311680048,28825.265564997582,204.60645187747267
2023-08-11 21:00:00,5448.670152630665,27715.018570592318,196.59630170380282
2023-08-11 22:00:00,3918.821627094678,24790.61995975331,158.076790070468
2023-08-11 23:00:00,3766.378539874539,24483.656227504256,153.83235677208594
2023-08-12 00:00:00,2986.4039186076698,22996.826468458774,129.8615668863555
2023-08-12 01:00:00,2624.6944067890827,22254.523973373078,117.9398134927288
2023-08-12 02:00:00,2172.1451828465833,21902.531564240042,99.17324746117542
2023-08-12 03:00:00,2203.510532705608,21883.011550403095,100.6950312862682
2023-08-12 04:00:00,2178.552020090953,21640.014809869528,100.67239044112688
2023-08-12 05:00:00,2237.5344466148263,22476.76812434221,99.5487622703012
2023-08-12 06:00:00,2683.987796485237,24558.987872685397,109.28739451312563
2023-08-12 07:00:00,2715.4168165138335,26269.703622782003,103.36686151871655
2023-08-12 08:00:00,2775.6518994400553,28248.81281438106,98.25729377296207
2023-08-12 09:00:00,2506.6100604428507,29074.17478575385,86.21431490021422
2023-08-12 10:00:00,3284.1089963041536,30267.660346575514,108.50224162356565
2023-08-12 11:00:00,3102.8470567308186,31023.95719445502,100.01454802436993
2023-08-12 12:00:00,2141.639564937945,30189.89886389918,70.93894466466395
2023-08-12 13:00:00,2253.99911295636,29849.490188244683,75.51214773658108
2023-08-12 14:00:00,2274.032654141986,29752.441728659665,76.43179927486342
2023-08-12 15:00:00,2038.894823867114,29059.807664503678,70.16202059580758
2023-08-12 16:00:00,2739.291265279049,29595.59361923609,92.55740231203224
2023-08-12 17:00:00,3306.0645363361286,28888.238957618905,114.44327018986377
2023-08-12 18:00:00,3358.8109533772904,27798.87389000824,120.8254322339492
2023-08-12 19:00:00,3690.2043643807424,27243.17679024323,135.45426044815517
2023-08-12 20:00:00,3765.8514759982972,26971.483840606536,139.6234444590947
2023-08-12 21:00:00,3436.189367470741,25801.054992847898,133.1801885009454
2023-08-12 22:00:00,2827.1903968961105,24550.569774368803,115.15783229795927
2023-08-12 23:00:00,2550.230702730459,23736.67229120715,107.43842571711913
2023-08-13 00:00:00,2395.311184243555,23138.725781849113,103.51958041365127
2023-08-13 01:00:00,2043.1967628603543,22728.148065147027,89.897195187387
2023-08-13 02:00:00,1905.7769027051575,22202.799802693607,85.8349811573742
2023-08-13 03:00:00,2000.4351675059695,21786.822096526375,91.81858458489513
2023-08-13 04:00:00,1869.0063597916521,21043.10926439394,88.81797534331632
2023-08-13 05:00:00,2228.177753226496,20928.126683853658,106.4680937231504
2023-08-13 06:00:00,2576.9798867250174,22477.948254809788,114.64480020651352
2023-08-13 07:00:00,3342.193169998655,25468.029728556132,131.23092777967065
2023-08-13 08:00:00,3811.522487733432,27441.804820984795,138.89474517429534
2023-08-13 09:00:00,3534.4100589831232,28036.700040215837,126.06369700832715
2023-08-13 10:00:00,3907.118884232095,29446.31365202524,132.68618036211717
2023-08-13 11:00:00,3917.128038344585,30006.311613915637,130.54346994543604
2023-08-13 12:00:00,3440.9881147462834,30812.80102736496,111.67397964535354
2023-08-13 13:00:00,3103.705151988676,30148.335851576452,102.94781003066156
2023-08-13 14:00:00,2376.9665051814786,28552.365543788826,83.24937215923796
2023-08-13 15:00:00,3077.8832615107326,29369.04912407952,104.80023539431494
2023-08-13 16:00:00,3659.06424272385,30143.986932076932,121.38620717189049
2023-08-13 17:00:00,4821.330422047886,30048.580312004535,160.45118844172958
2023-08-13 18:00:00,5369.774823553464,28566.78935518079,187.97264042483712
2023-08-13 19:00:00,5685.01427704236,27974.41954463482,203.22188519306317
2023-08-13 20:00:00,5423.7314048654425,27026.170560416103,200.68442152175692
2023-08-13 21:00:00,5055.520189889557,25378.99119547517,199.20099073090452
2023-08-13 22:00:00,4313.140575355407,22916.584028422352,188.21044925395617
2023-08-13 23:00:00,3871.858859824138,21879.11667763456,176.96595876661053
2023-08-14 00:00:00,3632.6654404182673,21449.11560867134,169.36201504502458
2023-08-14 01:00:00,3492.4667389572933,21358.439261976364,163.51694504077375
2023-08-14 02:00:00,3705.1756849229178,21440.98347538113,172.80810319066092
2023-08-14 03:00:00,3898.0976078432673,21764.506353534216,179.10342391984815
2023-08-14 04:00:00,4237.882115798381,22561.654712830157,187.83560734968702
2023-08-14 05:00:00,4808.346016605271,24989.73469651217,192.41284771528106
2023-08-14 06:00:00,5510.982843483635,27711.200412330138,198.87203590904403
2023-08-14 07:00:00,6333.364790795523,30743.255628532657,206.00826624612782
2023-08-14 08:00:00,6586.899676837029,32846.85187951728,200.533667609848
2023-08-14 09:00:00,6384.790825200584,33291.362320751294,191.78520733652263
2023-08-14 10:00:00,6559.56491746946,33748.385514544825,194.3667768830728
2023-08-14 11:00:00,6412.401190970683,34205.39390094153,187.46754414058
2023-08-14 12:00:00,6124.771208288099,34108.934076926074,179.56501350862703
2023-08-14 13:00:00,6211.0763379878945,34186.93113952719,181.6798446353262
2023-08-14 14:00:00,5722.670975039648,32621.95014684717,175.42393846104045
2023-08-14 15:00:00,5585.7216499157985,33311.95167349054,167.6792072906639
2023-08-14 16:00:00,6302.633444275158,34156.8206683851,184.5204946170167
2023-08-14 17:00:00,6559.912448926401,33942.3399374567,193.26635880183622
2023-08-14 18:00:00,6458.95441647136,31844.255556219745,202.82949950167108
2023-08-14 19:00:00,6355.9369761501885,30214.279279795945,210.36202509719814
2023-08-14 20:00:00,6226.040120852428,29610.49690869355,210.26462811654073
2023-08-14 21:00:00,6089.355718155025,28804.065473039158,211.40611987063812
2023-08-14 22:00:00,4987.105320009508,25680.886632161466,194.19521574320981
2023-08-14 23:00:00,4538.701734654406,24400.329510246604,186.00985420088023
2023-08-15 00:00:00,4420.405137339782,23822.402375541424,185.5566482194186
2023-08-15 01:00:00,4131.148258178401,22960.327601098175,179.92549278699366
2023-08-15 02:00:00,3905.539289264618,22455.834112476285,173.9209182657228
2023-08-15 03:00:00,3797.159868812114,22303.33743422364,170.25074745026785
2023-08-15 04:00:00,3970.587218846304,22606.361160027674,175.64026296576444
2023-08-15 05:00:00,4809.981161606383,25128.957677265946,191.4118851797005
2023-08-15 06:00:00,5498.020722330543,27611.838408058466,199.11824200470315
2023-08-15 07:00:00,6481.57369402267,31198.424654740764,207.7532364454742
2023-08-15 08:00:00,6712.30722912986,33039.51596336507,203.1599747578812
2023-08-15 09:00:00,6838.294470972327,33575.057808044614,203.67185992852902
2023-08-15 10:00:00,6511.387770390103,33292.03560385568,195.58394830131667
2023-08-15 11:00:00,6461.986760217526,34109.466490589104,189.44848527608625
2023-08-15 12:00:00,6565.509905587939,33999.53623138814,193.10586653022358
2023-08-15 13:00:00,6416.646523950408,33010.47200774648,194.38215007784893
2023-08-15 14:00:00,6625.719471256367,32978.48524199101,200.91036391264987
2023-08-15 15:00:00,7044.872496840563,32856.54139610268,214.41308785093858
2023-08-15 16:00:00,7378.906182487147,33005.66480348933,223.56484035149796
2023-08-15 17:00:00,7456.947641444282,32220.64347502961,231.43385225137655
2023-08-15 18:00:00,7684.02366109486,31345.161296519476,245.14225938751454
2023-08-15 19:00:00,7868.102853921706,29926.105633088435,262.91769969635374
2023-08-15 20:00:00,7745.174416985779,29302.320062157716,264.3194941750784
2023-08-15 21:00:00,7133.227855325444,26718.310877042513,266.9789975927936
2023-08-15 22:00:00,6624.966077950819,24181.310783538884,273.97051124543174
2023-08-15 23:00:00,6215.254027475404,22779.771749681004,272.8409264049118
2023-08-16 00:00:00,6119.127532015581,22451.819682674686,272.5448368328695
2023-08-16 01:00:00,6086.46184763137,22770.248828033207,267.2988729107837
2023-08-16 02:00:00,6109.9908826805895,22974.239777867468,265.94964367729494
2023-08-16 03:00:00,6061.563357062994,22646.709474664567,267.657575765884
2023-08-16 04:00:00,6223.052387504885,23015.21640092569,270.38861069560005
2023-08-16 05:00:00,6805.849026579619,25325.255483639914,268.73762560761486
2023-08-16 06:00:00,7765.000084414893,28673.137034284067,270.81097108873684
2023-08-16 07:00:00,8486.832651125236,31272.192986492497,271.38591319102505
2023-08-16 08:00:00,8725.953919355134,32700.318522682926,266.8461444282961
2023-08-16 09:00:00,8643.881053900637,33031.895455290956,261.6828654474348
2023-08-16 10:00:00,8068.671105110973,33398.26636600368,241.5895189495263
2023-08-16 11:00:00,7776.593499868606,33864.189459219495,229.64062108244067
2023-08-16 12:00:00,7795.394338325672,34112.66320499271,228.51907784159002
2023-08-16 13:00:00,7939.213296080094,33753.710862591906,235.21008781522906
2023-08-16 14:00:00,7662.591559046834,33125.08440435281,231.32292933991525
2023-08-16 15:00:00,7408.564996551109,32493.466456739177,228.001681704679
2023-08-16 16:00:00,7708.112522070955,32791.0636234464,235.0674748030884
2023-08-16 17:00:00,7607.702535908321,32310.549913093022,235.45568108159912
2023-08-16 18:00:00,7518.592834790203,31294.01158047974,240.25660038676773
2023-08-16 19:00:00,7715.569136718779,30238.51063957465,255.15704886010582
2023-08-16 20:00:00,7487.013631257282,29667.655104532972,252.3628377395195
2023-08-16 21:00:00,6734.77166959075,27172.640077790933,247.8512080648098
2023-08-16 22:00:00,5533.859235993993,24467.001072945684,226.17644146478753
2023-08-16 23:00:00,5154.507485388212,23200.48237350858,222.1724273834011
2023-08-17 00:00:00,4851.387363340635,22371.99338610399,216.85092068523485
2023-08-17 01:00:00,4635.382775471916,22419.504534948705,206.7567000977224
2023-08-17 02:00:00,4077.2030447458965,22176.895399389337,183.8491353870103
2023-08-17 03:00:00,4396.099867453783,22353.494192833165,196.66276017210916
2023-08-17 04:00:00,4825.210988319989,23173.080845698358,208.22483727776307
2023-08-17 05:00:00,5702.286476924297,25805.662112439506,220.9703611586674
2023-08-17 06:00:00,6572.7750491975985,29225.619434133918,224.8977156501586
2023-08-17 07:00:00,6749.277082967771,31171.620209078967,216.5199318385765
2023-08-17 08:00:00,6911.665561948384,32875.7134307867,210.2362151470728
2023-08-17 09:00:00,6834.174674452231,33813.487648733535,202.11386490054068
2023-08-17 10:00:00,6991.828354612801,34958.844660981995,200.0016997820431
2023-08-17 11:00:00,6552.505859499448,35536.247056641725,184.38936022296662
2023-08-17 12:00:00,6489.359156118671,35624.58423115911,182.15957592686067
2023-08-17 13:00:00,6638.000002438769,35730.188100524145,185.78127783047952
2023-08-17 14:00:00,6132.060255413697,34751.15752905828,176.45628783116592
2023-08-17 15:00:00,6184.321551482439,34533.93792951465,179.07953515480693
2023-08-17 16:00:00,6611.641622665329,35203.172425781864,187.8138010602459
2023-08-17 17:00:00,6766.709459363069,34794.31444083212,194.47744748268826
2023-08-17 18:00:00,6884.521893444307,34289.284198199566,200.77764976516465
2023-08-17 19:00:00,6939.577849380196,33833.60556994096,205.10902496142995
2023-08-17 20:00:00,6519.970396976111,32846.26029348896,198.49962640247819
2023-08-17 21:00:00,5584.878782245591,30615.887799743068,182.41766558513646
2023-08-17 22:00:00,4182.499827803324,26564.173149131468,157.44889947534742
2023-08-17 23:00:00,3587.3332517865924,24643.774152707945,145.5675266928383
2023-08-18 00:00:00,3348.935666053911,23877.121117540875,140.25709588555378
2023-08-18 01:00:00,3132.18937538516,23543.784248285436,133.03678552071594
2023-08-18 02:00:00,3103.183428306068,23191.516897712652,133.80683298952863
2023-08-18 03:00:00,3240.0556022519327,23283.279693676202,139.15804151645955
2023-08-18 04:00:00,3689.843272661223,24563.621237692663,150.21576977417283
2023-08-18 05:00:00,4442.809541255047,26899.499564520676,165.16327861782713
2023-08-18 06:00:00,5357.627710988861,29903.06509106532,179.16650666655758
2023-08-18 07:00:00,5525.401678980996,31124.41092229608,177.5263054062448
2023-08-18 08:00:00,5503.705265808176,32536.616792194556,169.15419636157435
2023-08-18 09:00:00,5940.498503600002,33257.987864587645,178.61869839471888
2023-08-18 10:00:00,5925.964104728724,33399.904885590644,177.42458025038562
2023-08-18 11:00:00,5900.605135147295,33816.7715124353,174.48753595468128
2023-08-18 12:00:00,5718.456049472468,33946.18459497214,168.45651780021973
2023-08-18 13:00:00,5473.4456980220475,32922.67188122441,166.25156420380083
2023-08-18 14:00:00,5687.961381645497,33177.539790040886,171.44011935908787
2023-08-18 15:00:00,6130.0824924481285,34325.22463702001,178.58827020863222
2023-08-18 16:00:00,6194.730601750442,34631.02713700712,178.87804994183034
2023-08-18 17:00:00,6061.870649640525,33930.79553584271,178.6539500153211
2023-08-18 18:00:00,5877.353165771162,33183.9729790328,177.11421020878817
2023-08-18 19:00:00,5696.7168995650545,32156.080459853856,177.1583109041314
2023-08-18 20:00:00,5297.624893060402,31093.045320123696,170.3797372858725
2023-08-18 21:00:00,4262.7988424492905,28504.450121437792,149.54853801032633
2023-08-18 22:00:00,3828.490710943505,26669.39143265522,143.5537335229827
2023-08-18 23:00:00,3504.339109381123,25782.585032550694,135.91884230991076
2023-08-19 00:00:00,3304.3246653800916,25329.4704782296,130.45376010604414
2023-08-19 01:00:00,2983.4789000467954,24545.33209360341,121.54974675711556
2023-08-19 02:00:00,2823.344491532139,24381.53276042968,115.79848237081804
2023-08-19 03:00:00,2725.0186570375026,23938.89384659809,113.83227121936338
2023-08-19 04:00:00,2658.879460638952,23979.973011481583,110.87916818613114
2023-08-19 05:00:00,3076.5758620576707,25195.645743850062,122.10744242618286
2023-08-19 06:00:00,3701.424629796392,27158.414990502846,136.29015651652574
2023-08-19 07:00:00,4007.8557363596265,28731.88641183871,139.49156275058314
2023-08-19 08:00:00,4029.136043775553,30365.71422421219,132.68701714128989
2023-08-19 09:00:00,4402.373250922013,32259.0905076391,136.46923027416136
2023-08-19 10:00:00,4217.975689667251,32329.706401868698,130.4674913293814
2023-08-19 11:00:00,4185.251177149878,32899.46654175396,127.21334468564154
2023-08-19 12:00:00,4408.46870802331,33520.06925403662,131.51729116706477
2023-08-19 13:00:00,4195.085529946077,33026.07765678489,127.02342595879645
2023-08-19 14:00:00,4021.7230159329847,31982.694489102654,125.74684779305545
2023-08-19 15:00:00,4078.8475524825194,31727.99968897099,128.5567193793302
2023-08-19 16:00:00,4619.830036394312,32436.722210421485,142.42592104173897
2023-08-19 17:00:00,4662.15659093649,31278.893732093344,149.0511982574671
2023-08-19 18:00:00,5001.021791956911,29972.680954980624,166.85266825041492
2023-08-19 19:00:00,5156.777356232189,29417.348352682595,175.29715100110093
2023-08-19 20:00:00,4960.348905690362,28653.60446423044,173.11430790086408
2023-08-19 21:00:00,4334.072621852518,26823.10654981992,161.579816036693
2023-08-19 22:00:00,2995.1687104616385,23228.676681893492,128.94271815304663
2023-08-19 23:00:00,2545.895389298299,21749.086470174534,117.05757815573523
2023-08-20 00:00:00,2109.463644998691,21142.833433818407,99.77204103706174
2023-08-20 01:00:00,2054.8313737375415,20431.065452621908,100.57387259135065
2023-08-20 02:00:00,1877.8600106229528,19792.797189593035,94.87592848222197
2023-08-20 03:00:00,1779.2643514591523,19112.152036911986,93.09597098342431
2023-08-20 04:00:00,1671.202920287894,18681.570126134146,89.45730519459944
2023-08-20 05:00:00,1824.8070098255557,19041.16844584209,95.83482311055486
2023-08-20 06:00:00,2513.4725691741132,21065.950423336144,119.31446332417899
2023-08-20 07:00:00,3074.299436497091,23882.64675994966,128.72524002040598
2023-08-20 08:00:00,3479.365651146158,26141.478026341865,133.0975106931644
2023-08-20 09:00:00,3804.1219456085805,27922.49538611002,136.23860951557117
2023-08-20 10:00:00,4255.966309272703,28576.461938400997,148.93258369236898
2023-08-20 11:00:00,3989.381071550685,29041.20113458672,137.36969945087836
2023-08-20 12:00:00,3858.241116123372,29381.037240615893,131.31738966620958
2023-08-20 13:00:00,3422.503001571515,28415.70199866048,120.44407707164343
2023-08-20 14:00:00,2748.682503816574,27609.173151317314,99.55685701820542
2023-08-20 15:00:00,3494.971230053736,27944.374342469462,125.06886671433284
2023-08-20 16:00:00,5074.43432202982,29563.68132787413,171.6441963283303
2023-08-20 17:00:00,5719.791719614183,29415.27936615339,194.44968203142906
2023-08-20 18:00:00,5734.393146887473,28578.74266594816,200.65239447080563
2023-08-20 19:00:00,6153.871218041445,28153.21842228208,218.58499890623222
2023-08-20 20:00:00,5916.814671323166,27614.377742087017,214.26572514452718
2023-08-20 21:00:00,5175.170295491228,25780.712359826204,200.7380643040585
2023-08-20 22:00:00,4648.1375772709835,24323.275832956653,191.09833762494367
2023-08-20 23:00:00,4201.429035748121,23615.361604350317,177.9108491387298
2023-08-21 00:00:00,4020.1552248782605,23252.933982341845,172.88808491569904
2023-08-21 01:00:00,3701.4915945401062,22510.652356774914,164.43288874416328
2023-08-21 02:00:00,3526.8685916684317,22043.445573592748,159.99624831308103
2023-08-21 03:00:00,3711.780561252489,22452.28007290171,165.31864689022572
2023-08-21 04:00:00,4135.860819583744,23860.880770395554,173.33227802366585
2023-08-21 05:00:00,4922.987629235142,25406.799430381718,193.766540438312
2023-08-21 06:00:00,5882.277245771761,27816.567077629337,211.46668563937968
2023-08-21 07:00:00,5948.300000386366,29670.402990922863,200.4792453343537
2023-08-21 08:00:00,6092.960100807152,31272.96210408797,194.8315634613546
2023-08-21 09:00:00,6278.526196819879,32531.134410997976,193.000530430235
2023-08-21 10:00:00,6320.509505888714,33042.34602973849,191.28513151578835
2023-08-21 11:00:00,6614.484366558875,34794.83049677974,190.09962894261108
2023-08-21 12:00:00,6613.272391446628,35954.882077081005,183.93252903093727
2023-08-21 13:00:00,6395.898046924377,36079.005601223245,177.27478738237525
2023-08-21 14:00:00,6354.320428089258,36009.585932072936,176.46191322710007
2023-08-21 15:00:00,6646.936910775762,36275.31033394603,183.23583863473203
2023-08-21 16:00:00,7059.332011174802,36226.79718016735,194.864922120123
2023-08-21 17:00:00,6810.159889675923,35571.98159058705,191.44730164478685
2023-08-21 18:00:00,6847.326162251957,34809.72532834403,196.7072735468119
2023-08-21 19:00:00,6867.173396774158,34152.902766546555,201.07144167847105
2023-08-21 20:00:00,6501.907426680665,32512.579245983725,199.98128655030789
2023-08-21 21:00:00,5208.187894393216,29571.369253549416,176.1226492333656
2023-08-21 22:00:00,4610.18628505627,27344.061629465523,168.59917694481817
2023-08-21 23:00:00,4115.704528225639,25828.434663540207,159.34781111746685
2023-08-22 00:00:00,3921.1085056893676,25016.35638057989,156.74179109205969
2023-08-22 01:00:00,3815.4362746653924,25031.616045583112,152.42468835082005
2023-08-22 02:00:00,3583.972538849674,24478.90897432982,146.4106322143712
2023-08-22 03:00:00,3496.862124343228,24198.657491169633,144.50645146819707
2023-08-22 04:00:00,3543.661013886415,24095.31772485163,147.06844932912108
2023-08-22 05:00:00,4644.415143548151,26895.986716723786,172.680600732907
2023-08-22 06:00:00,5516.300288424125,29292.631404772696,188.31699386096616
2023-08-22 07:00:00,6516.392639677874,32365.802289257743,201.33573644922976
2023-08-22 08:00:00,6835.24314512875,34324.424163701224,199.1364257861945
2023-08-22 09:00:00,6945.272366954163,35602.410998807376,195.07870877584156
2023-08-22 10:00:00,7212.0203649202795,35997.381350521086,200.3484724262
2023-08-22 11:00:00,6849.376260703948,36063.30509057588,189.9264707852259
2023-08-22 12:00:00,6629.015381808659,35769.65887224154,185.32509369143017
2023-08-22 13:00:00,6208.482494898818,35107.924463285555,176.83991833215313
2023-08-22 14:00:00,6020.607564340005,34644.43545402657,173.78281635818246
2023-08-22 15:00:00,6588.616831113738,35450.710980728785,185.85288274459006
2023-08-22 16:00:00,6709.680681356988,34765.35255826692,192.99906911950706
2023-08-22 17:00:00,6926.809580364653,33798.590420159446,204.9437415660122
2023-08-22 18:00:00,7158.737572710828,32443.381890965844,220.65324745643252
2023-08-22 19:00:00,7041.439898451372,31021.56172210779,226.9853452746458
2023-08-22 20:00:00,6757.176097146973,29774.575542984956,226.9444979120449
2023-08-22 21:00:00,6109.21698879705,27716.447715207392,220.41846962390713
2023-08-22 22:00:00,6063.300960260856,27401.922509255968,221.27283070057447
2023-08-22 23:00:00,5800.102005842697,26359.79445897565,220.0359344557685
2023-08-23 00:00:00,5644.870236476853,25767.445266404764,219.06984484164428
2023-08-23 01:00:00,5476.778766623182,25152.141561713914,217.7460218719437
2023-08-23 02:00:00,5288.69983088497,24488.592248261837,215.9658577867151
2023-08-23 03:00:00,5318.555704525965,24328.564089859166,218.61362984192272
2023-08-23 04:00:00,5586.02120896598,24690.100148493704,226.24538480483938
2023-08-23 05:00:00,6490.403655174088,26507.15465656946,244.8547850293515
2023-08-23 06:00:00,7631.531633568062,28749.157076884458,265.452361373897
2023-08-23 07:00:00,8104.154067880963,30257.591763368753,267.83870082126725
2023-08-23 08:00:00,8417.736443890155,32504.079196547893,258.9747703046504
2023-08-23 09:00:00,8859.503913791583,33224.22617022877,266.65794617453923
2023-08-23 10:00:00,8976.31832477861,34309.7816083555,261.6256328076596
2023-08-23 11:00:00,8904.015809476141,35065.762803982,253.92334566482094
2023-08-23 12:00:00,8531.102192326554,35776.85638086768,238.45309664738224
2023-08-23 13:00:00,8177.742253404162,35193.9906989027,232.36189164700588
2023-08-23 14:00:00,8190.489200247778,34804.08813906681,235.33123946592178
2023-08-23 15:00:00,7950.680039602086,33263.4858840248,239.02125193140083
2023-08-23 16:00:00,8006.498794273615,32639.11631890945,245.3037856798548
2023-08-23 17:00:00,7781.338304957954,31642.745111325417,245.9122392062279
2023-08-23 18:00:00,7408.894635622101,30412.549391364595,243.61307367825597
2023-08-23 19:00:00,7881.246363603853,30467.191234266695,258.67978124415197
2023-08-23 20:00:00,7477.628190214121,29569.315204622668,252.88472656428374
2023-08-23 21:00:00,6661.159021199828,27788.208037833796,239.71171556404875
2023-08-23 22:00:00,5926.424278187955,26186.193720301897,226.3186601874581
2023-08-23 23:00:00,5957.340537383112,26443.736726577947,225.28361248565662
2023-08-24 00:00:00,5882.85615552312,26171.258200289703,224.78308495913274
2023-08-24 01:00:00,5457.86652827641,25060.735752715904,217.7855663190146
2023-08-24 02:00:00,5243.074442062221,24750.704199162803,211.8353643545855
2023-08-24 03:00:00,5045.237821854394,24208.129564785067,208.41088975306747
2023-08-24 04:00:00,5484.542840695227,25076.72898957036,218.71045633488714
2023-08-24 05:00:00,6413.938037014491,27006.332655115995,237.49755729234323
2023-08-24 06:00:00,7774.8719741626055,29991.35859629287,259.2370715451227
2023-08-24 07:00:00,8387.224615977238,31347.93182842422,267.5527260261636
2023-08-24 08:00:00,8476.267812808597,32482.50409931146,260.9487183282853
2023-08-24 09:00:00,8403.064454669257,33322.55643632687,252.17346306325356
2023-08-24 10:00:00,8750.053467589385,34484.61809468321,253.73786781006734
2023-08-24 11:00:00,8190.508107850433,33849.03338388163,241.9716987177135
2023-08-24 12:00:00,8109.493620666152,33326.646212969164,243.33362465708652
2023-08-24 13:00:00,8274.8976798927,33313.18094708152,248.39710422842828
2023-08-24 14:00:00,7710.572562906459,32886.57000861516,234.45961560863753
2023-08-24 15:00:00,7406.923014100522,32436.457902643495,228.35178354961116
2023-08-24 16:00:00,7526.094416646424,32266.079828282393,233.25096995667658
2023-08-24 17:00:00,7541.687142612103,31512.411803013663,239.32433955724267
2023-08-24 18:00:00,7694.133763578098,30602.087186832632,251.4251304691631
2023-08-24 19:00:00,7730.382260818515,29957.02319026642,258.04907956709985
2023-08-24 20:00:00,7277.213457356746,28794.150713545438,252.73235282238682
2023-08-24 21:00:00,6761.198256590016,27759.24960624318,243.56559894433863
2023-08-24 22:00:00,6012.220821474139,26143.053263897367,229.97393459687447
2023-08-24 23:00:00,5595.340056490226,25653.590547854023,218.11138078518556
2023-08-25 00:00:00,5411.221334464115,25034.551349129233,216.150122245044
2023-08-25 01:00:00,5413.15089801948,24416.075711431826,221.70437878700525
2023-08-25 02:00:00,5366.60235772363,23917.577237852503,224.37901232029148
2023-08-25 03:00:00,5371.665386482039,23926.958064774397,224.50264559080247
2023-08-25 04:00:00,5452.263233287886,24124.957721360744,226.00094459275826
2023-08-25 05:00:00,6354.140782581774,25950.528370620734,244.85593094032959
2023-08-25 06:00:00,7555.605810894779,28669.58677040098,263.54079922405185
2023-08-25 07:00:00,8025.433118149377,30205.22641129527,265.6968369933576
2023-08-25 08:00:00,8009.609289040018,31421.80239724425,254.90610588724454
2023-08-25 09:00:00,7931.955899335969,32195.79354055017,246.36621828704972
2023-08-25 10:00:00,8040.2025316009385,33112.403292651106,242.81543265044016
2023-08-25 11:00:00,7942.1119638889195,33000.796826824524,240.66424836848836
2023-08-25 12:00:00,7855.979263942244,33186.37294560975,236.72304523358636
2023-08-25 13:00:00,7435.522789994875,31828.359397232947,233.6131340354695
2023-08-25 14:00:00,7145.426746354706,31033.775699054953,230.2467742129199
2023-08-25 15:00:00,7200.963822340508,31064.252212942018,231.80869679330107
2023-08-25 16:00:00,7117.416472455467,31208.71374318447,228.0586291067445
2023-08-25 17:00:00,7562.981801876277,31035.798694592915,243.68574742669364
2023-08-25 18:00:00,7445.952140081971,30268.2195671355,245.9990130429279
2023-08-25 19:00:00,7487.694106930458,29660.31038058291,252.4482721472891
2023-08-25 20:00:00,7143.757081727466,28644.429484672713,249.39428748441313
2023-08-25 21:00:00,6476.444109631115,26965.886176323602,240.1717513484692
2023-08-25 22:00:00,5712.05510475791,24330.151503974674,234.77268950934257
2023-08-25 23:00:00,4752.820001655107,22180.725552601012,214.2770303155286
2023-08-26 00:00:00,4501.358175926158,21179.220012572394,212.53654163156455
2023-08-26 01:00:00,4262.631054502452,21010.098889183082,202.8848639402188
2023-08-26 02:00:00,4114.176199289127,20376.990584548228,201.9030328457278
2023-08-26 03:00:00,4027.567329637625,20057.761622575155,200.79844428425994
2023-08-26 04:00:00,3973.2852773521568,19821.8030610491,200.45024486999745
2023-08-26 05:00:00,4066.1362877328497,20393.030999331648,199.38852090530884
2023-08-26 06:00:00,4502.496265528497,22231.53483302418,202.52745927555995
2023-08-26 07:00:00,5432.322785347282,25092.96218724165,216.4879038517545
2023-08-26 08:00:00,5612.222076859861,27083.506630228938,207.21918152931661
2023-08-26 09:00:00,5607.9677712904895,28460.151944626166,197.04630467896652
2023-08-26 10:00:00,5464.287559477048,28906.63631724552,189.03228654857665
2023-08-26 11:00:00,4920.744726219022,28631.616561235856,171.86402017136479
2023-08-26 12:00:00,4911.595566726908,27921.9769545675,175.90429125841194
2023-08-26 13:00:00,4531.958806884872,27306.95284941272,165.96354898610883
2023-08-26 14:00:00,4069.430371115632,26255.98654941131,154.99057190090136
2023-08-26 15:00:00,4784.108849850926,26755.69674803296,178.80711143142432
2023-08-26 16:00:00,5623.499447278107,27894.512495203762,201.5987713800348
2023-08-26 17:00:00,5836.971755151982,28164.514051987306,207.24560503255412
2023-08-26 18:00:00,5625.37308512441,27035.91345314502,208.07039106977257
2023-08-26 19:00:00,5657.4639950737765,25750.466392195493,219.70336027732893
2023-08-26 20:00:00,5458.790838828853,25182.22334326426,216.77159972806652
2023-08-26 21:00:00,4985.958924924239,23301.953017033084,213.9717182194832
2023-08-26 22:00:00,4359.245778553599,21620.99124347607,201.62099551605712
2023-08-26 23:00:00,3969.8087164590843,21193.577215976344,187.31187642388778
2023-08-27 00:00:00,3326.3166180191247,20425.812588518296,162.84868000252314
2023-08-27 01:00:00,2945.261488519532,19772.839738072675,148.95490620137988
2023-08-27 02:00:00,2720.500402583853,19585.79441505896,138.90171340163448
2023-08-27 03:00:00,2638.6284545053786,19801.75782813828,133.2522333323302
2023-08-27 04:00:00,2574.13790890647,20278.254820012084,126.94080095916932
2023-08-27 05:00:00,2612.9918147092408,20848.75188339235,125.33085094607948
2023-08-27 06:00:00,3224.0476409433227,22044.26891245149,146.2533256942012
2023-08-27 07:00:00,3763.863676622339,24001.711558375246,156.8164698366672
2023-08-27 08:00:00,4113.175926302405,25997.456572515905,158.21455129002078
2023-08-27 09:00:00,4253.487352288555,27386.457546338348,155.3135284142384
2023-08-27 10:00:00,4423.590567730824,28408.191489664296,155.71531786316814
2023-08-27 11:00:00,4506.354847330139,28593.331400058232,157.60160242541593
2023-08-27 12:00:00,3646.2803957729366,28308.16875287633,128.8066503914156
2023-08-27 13:00:00,3591.79791769802,28081.13499695376,127.90786120602526
2023-08-27 14:00:00,3720.459339708243,27647.9139066465,134.56564398566982
2023-08-27 15:00:00,3920.3657068498133,27415.30622164568,142.99915803072443
2023-08-27 16:00:00,4668.76084529789,28146.056427764302,165.8761985814984
2023-08-27 17:00:00,5160.153766990734,28263.582513029163,182.57253002558917
2023-08-27 18:00:00,5162.614494354583,27262.374331248946,189.36775027834025
2023-08-27 19:00:00,5269.913029607163,26734.520645462293,197.12016158784715
2023-08-27 20:00:00,5080.01984166348,25647.68891862052,198.06930198593165
2023-08-27 21:00:00,4718.613921953194,24700.857264394675,191.03037078615455
2023-08-27 22:00:00,3653.7668919640396,22751.681192225566,160.59327049697592
2023-08-27 23:00:00,3051.8579424143136,21327.752590755063,143.0932738659582
2023-08-28 00:00:00,2978.770586928065,20994.47770561097,141.88352902591905
2023-08-28 01:00:00,2792.5225041113636,20880.041026255683,133.74123645637937
2023-08-28 02:00:00,2647.69541748674,20857.297543511875,126.94335936682097
2023-08-28 03:00:00,2843.9985603103637,21244.770519058173,133.8681704167659
2023-08-28 04:00:00,3170.2707865906964,21673.862047062317,146.27161415472773
2023-08-28 05:00:00,3899.265869451965,22526.18860327926,173.09922855233165
2023-08-28 06:00:00,5080.4321824341005,24968.101691472915,203.476910067583
2023-08-28 07:00:00,5462.892387471788,26837.131284302388,203.55724051128934
2023-08-28 08:00:00,5471.585934082647,27827.197393297,196.6272728349079
2023-08-28 09:00:00,5514.091001670385,28811.18954644626,191.38713425147432
2023-08-28 10:00:00,5806.723804584746,29041.644944890057,199.9447281861509
2023-08-28 11:00:00,5913.297839771482,29412.611681578273,201.04633698595026
2023-08-28 12:00:00,5675.658563173354,29284.146944862387,193.8133480158995
2023-08-28 13:00:00,5531.598300372387,29982.2683875659,184.49565686185454
2023-08-28 14:00:00,5345.553795407449,29835.97731772938,179.164695645179
2023-08-28 15:00:00,5591.570972987727,30058.292872381877,186.02423619757087
2023-08-28 16:00:00,6617.662757736602,31306.243417104393,211.38476020795883
2023-08-28 17:00:00,6858.798697102669,30730.09634372897,223.1948322056703
2023-08-28 18:00:00,6805.312817036347,29789.169673382956,228.44922808026402
2023-08-28 19:00:00,6851.401083376353,29182.65591871542,234.7764748506805
2023-08-28 20:00:00,6587.397220223552,28081.779879353428,234.57904906757017
2023-08-28 21:00:00,6149.209688142593,26193.70962420733,234.7590233061034
2023-08-28 22:00:00,5215.564635134522,24273.719534349064,214.86466578614463
2023-08-28 23:00:00,4545.334390979292,22976.10993932909,197.82871874228232
2023-08-29 00:00:00,4364.029382541838,22805.233552830003,191.3608721626219
2023-08-29 01:00:00,4210.282564564232,22933.703880765082,183.5849362341978
2023-08-29 02:00:00,4048.2331315549836,22935.172559013663,176.50763782738593
2023-08-29 03:00:00,3839.5153872223646,22306.55614518445,172.12497358321448
2023-08-29 04:00:00,4185.665337923632,23434.183700106223,178.61366077388305
2023-08-29 05:00:00,4972.701354242006,25350.934885348863,196.15455511725108
2023-08-29 06:00:00,6066.467178989532,27549.868216824685,220.199499004672
2023-08-29 07:00:00,6399.452513123221,29305.52722242032,218.37015469993975
2023-08-29 08:00:00,6516.265419100991,31043.4887014162,209.90763898271908
2023-08-29 09:00:00,6636.012496684586,32147.303696815216,206.4251658325549
2023-08-29 10:00:00,6806.569982290219,33345.95756504243,204.11979380150566
2023-08-29 11:00:00,6737.050466178346,33694.62634236105,199.9443590121815
2023-08-29 12:00:00,6753.174681173875,33925.81919283212,199.05708518899058
2023-08-29 13:00:00,6769.997797263133,33801.13830660427,200.28904754193945
2023-08-29 14:00:00,6592.280799461478,33846.24423773605,194.77141254306656
2023-08-29 15:00:00,6581.6705834944705,34359.63955617073,191.55237565093876
2023-08-29 16:00:00,6929.638046657987,34735.154492484806,199.49927236273737
2023-08-29 17:00:00,7040.513624765835,34137.04689741633,206.24260926620155
2023-08-29 18:00:00,6802.4403679784755,33022.14985694967,205.9962902914048
2023-08-29 19:00:00,6735.034684164021,32374.119693533816,208.03761609336456
2023-08-29 20:00:00,6310.906904326241,30918.189723226176,204.11631343297566
2023-08-29 21:00:00,5644.703725543347,28967.751758844148,194.86164382156312
2023-08-29 22:00:00,4390.573788574985,25857.795543824035,169.79691022515044
2023-08-29 23:00:00,3947.4720094290724,24593.98142500068,160.50561075143054
2023-08-30 00:00:00,3517.0064729241158,24060.381616851315,146.17417665814946
2023-08-30 01:00:00,3256.533034880648,23191.363776486647,140.42007474275377
2023-08-30 02:00:00,3034.2277033379205,22396.09336023717,135.48022213217763
2023-08-30 03:00:00,3019.4734365755544,22386.966448410705,134.8763997808159
2023-08-30 04:00:00,3665.2146038999795,23646.278407724574,155.00175294826337
2023-08-30 05:00:00,4773.736773671723,26101.80005993895,182.88917862789302
2023-08-30 06:00:00,5949.813354769643,29371.831717740162,202.5686859419136
2023-08-30 07:00:00,6200.650376689551,31342.969027093895,197.83225932838414
2023-08-30 08:00:00,6305.556581521992,33128.10580855635,190.33857890822685
2023-08-30 09:00:00,6168.110194463229,33640.28146237033,183.35489259692469
2023-08-30 10:00:00,6570.556771518965,34036.79120160471,193.04277928552756
2023-08-30 11:00:00,6586.131218904177,34023.73183796712,193.57462756494883
2023-08-30 12:00:00,6539.266441370432,33649.21801774708,194.33635687823502
2023-08-30 13:00:00,6060.674632757988,32861.18467046575,184.43262753716445
2023-08-30 14:00:00,5909.6600876995135,32808.64764787097,180.12507406970204
2023-08-30 15:00:00,6333.327394287268,33377.22883476876,189.749946756811
2023-08-30 16:00:00,6585.186161996822,33847.779229356376,194.55297546627378
2023-08-30 17:00:00,6879.043141553512,33588.31572650903,204.80464687678105
2023-08-30 18:00:00,7135.458494031223,32341.873684483926,220.6260083643352
2023-08-30 19:00:00,7294.661464588151,31211.941623667768,233.71379943427382
2023-08-30 20:00:00,6714.476896124494,28873.00134744647,232.55209305486085
2023-08-30 21:00:00,6135.926768833034,26803.42090496567,228.92327030152617
2023-08-30 22:00:00,5254.828552817252,24041.805194294087,218.5704655016669
2023-08-30 23:00:00,4977.781368274206,22948.810876918553,216.90803044094793
2023-08-31 00:00:00,4822.409680729578,22220.341389047826,217.02680423742245
2023-08-31 01:00:00,4804.366798368259,21614.87151008445,222.27135591006288
2023-08-31 02:00:00,4684.881036724073,21331.40157296023,219.62368579956075
2023-08-31 03:00:00,4795.76603816185,21300.89733983074,225.1438501228868
2023-08-31 04:00:00,5478.293967300989,22899.89762425956,239.22788028088937
2023-08-31 05:00:00,6539.992195656156,25729.04893455745,254.1870946062098
2023-08-31 06:00:00,7242.572046802033,27282.2215472906,265.468559231801
2023-08-31 07:00:00,7918.818592431141,30669.140344070496,258.2015179946884
2023-08-31 08:00:00,8091.151343808128,32662.15660603011,247.72250777569093
2023-08-31 09:00:00,8234.961554757514,33657.273013438215,244.67108643857068
2023-08-31 10:00:00,8391.991812367763,34255.27644426295,244.98391732504172
2023-08-31 11:00:00,8233.192721635422,34523.19844968626,238.48290689619589
2023-08-31 12:00:00,8003.310584358775,34174.75139999771,234.1878216079521
2023-08-31 13:00:00,7729.317809212875,33046.1842696496,233.89441111092705
2023-08-31 14:00:00,7698.62834053759,32765.18630032165,234.96366753336648
2023-08-31 15:00:00,7667.597682105317,32584.12271904926,235.31699006346741
2023-08-31 16:00:00,7722.67216203038,32717.718672990144,236.03944514645428
2023-08-31 17:00:00,7813.06537947854,32683.283904077172,239.0538662641509
2023-08-31 18:00:00,7769.604117198286,31948.77426499415,243.18942732370607
2023-08-31 19:00:00,7520.50177728481,31019.808535544737,242.44191477414427
2023-08-31 20:00:00,7086.563591696842,29240.341603121917,242.35570459068194
2023-08-31 21:00:00,6431.793427127977,27007.764665530045,238.14608527513062
2023-08-31 22:00:00,5315.328031949501,24620.55044103687,215.88989428481887
2023-08-31 23:00:00,4900.1131662501175,22925.51608784835,213.74058265355333
2023-09-01 00:00:00,4851.835517246193,22367.056982623923,216.91881596293118
2023-09-01 01:00:00,4857.363595133822,22609.673607817153,214.8356353739852
2023-09-01 02:00:00,4706.8719671067065,22378.684060412845,210.32836222184343
2023-09-01 03:00:00,4851.876876660736,22587.478914472624,214.80382538628342
2023-09-01 04:00:00,5248.937023065768,22765.00743715024,230.5704066891725
2023-09-01 05:00:00,5902.480745877024,25041.140523609847,235.7113383199106
2023-09-01 06:00:00,6928.714134923338,28583.244851629755,242.40474343934667
2023-09-01 07:00:00,7593.175590321789,30752.740641746223,246.91053323599417
2023-09-01 08:00:00,7625.682299587916,32119.299125115907,237.41745639851027
2023-09-01 09:00:00,7626.5221048020285,32687.43532910071,233.31662542556066
2023-09-01 10:00:00,7636.672216527248,33408.84706461714,228.58233334891537
2023-09-01 11:00:00,7351.16694605413,34265.77531667777,214.53379875739114
2023-09-01 12:00:00,7145.805143971976,33586.74023325893,212.7567335902373
2023-09-01 13:00:00,7270.704493650566,33166.25312229922,219.21995429631852
2023-09-01 14:00:00,7153.153728300213,32910.63557442773,217.3508230226452
2023-09-01 15:00:00,7153.113037460302,32306.595483719102,221.41339656371747
2023-09-01 16:00:00,7399.134065562608,32522.53034840691,227.50794560869858
2023-09-01 17:00:00,7680.383545221606,32712.488015896113,234.78445117012947
2023-09-01 18:00:00,7813.128402698647,31764.49821762604,245.97046517684834
2023-09-01 19:00:00,7676.604956435944,30636.4573897134,250.57090833920853
2023-09-01 20:00:00,6930.349359714335,28194.947964258987,245.8011048113838
2023-09-01 21:00:00,6404.682516843413,26867.78507542287,238.37776351360108
2023-09-01 22:00:00,5749.62365296775,24434.65513527073,235.3061101594322
2023-09-01 23:00:00,5447.692511100814,23411.5541220945,232.69247665876182
2023-09-02 00:00:00,4808.517061228386,21792.065624698087,220.6544870064379
2023-09-02 01:00:00,4745.57469979454,21713.538491016516,218.55372406288888
2023-09-02 02:00:00,4627.954678377196,21485.48960785415,215.39907923184674
2023-09-02 03:00:00,4560.919175911556,21248.87283983195,214.64287589701752
2023-09-02 04:00:00,4693.760018842683,21214.915125285228,221.2481167670746
2023-09-02 05:00:00,4753.803136176558,21802.372356685788,218.04063605577238
2023-09-02 06:00:00,5175.48987077773,23134.773717134154,223.7104167975778
2023-09-02 07:00:00,6076.229573383107,25930.73526479616,234.32538689453438
2023-09-02 08:00:00,6564.758512992428,28374.749488982725,231.35917078462228
2023-09-02 09:00:00,6562.345131588471,29536.699839840185,222.1759765705761
2023-09-02 10:00:00,6419.807729698101,29868.668648644052,214.93451232181187
2023-09-02 11:00:00,5865.628799149105,29788.655238177347,196.90814346099367
2023-09-02 12:00:00,5297.142262778994,29648.192601393715,178.66661668037003
2023-09-02 13:00:00,4828.0913315769985,28738.063290626465,168.00336483188775
2023-09-02 14:00:00,4746.035939839984,27769.979666416177,170.9052724147161
2023-09-02 15:00:00,5472.412075103175,28912.981126413477,189.2718032490897
2023-09-02 16:00:00,6122.678180452887,29771.97895667581,205.65237498530445
2023-09-02 17:00:00,6389.782778281371,29579.723803549456,216.019014265259
2023-09-02 18:00:00,6320.877635684517,29217.094812679272,216.34175732425874
2023-09-02 19:00:00,6391.550268146419,28866.11934614068,221.42048924220745
2023-09-02 20:00:00,6285.972920294776,27712.3646563751,226.82917889681843
2023-09-02 21:00:00,5911.539203431268,26228.7587499064,225.38387194751883
2023-09-02 22:00:00,3871.373752540231,22631.275286739292,171.06299594210884
2023-09-02 23:00:00,2917.9140229211544,21231.81231752277,137.43122722090845
2023-09-03 00:00:00,2681.4908322158963,20625.96125229398,130.00561764934307
2023-09-03 01:00:00,2385.477524941122,20024.226415310965,119.12957212255317
2023-09-03 02:00:00,2251.0348561016403,20203.250721106553,111.41943874160607
2023-09-03 03:00:00,2578.9866969846335,20273.666857250584,127.20869466503521
2023-09-03 04:00:00,2580.1904448983205,20268.733441526765,127.29904669879386
2023-09-03 05:00:00,2823.229436686149,20700.122319639777,136.38708955876731
2023-09-03 06:00:00,3200.8728522499587,22094.78291593352,144.87007473341902
2023-09-03 07:00:00,3754.6044316738257,24508.39121863752,153.1966908059889
2023-09-03 08:00:00,4271.8200388569985,27014.52535470388,158.1304865722237
2023-09-03 09:00:00,4264.720332639557,28340.76806390187,150.480054846206
2023-09-03 10:00:00,4260.629797705935,29461.356803116814,144.6175689116663
2023-09-03 11:00:00,4139.250245240353,30768.610754394034,134.52834378130743
2023-09-03 12:00:00,4003.5992921731427,30760.367143462816,130.1544703124256
2023-09-03 13:00:00,3791.191642661141,29992.508423626743,126.40462041763107
2023-09-03 14:00:00,3678.407175173888,29784.743476292446,123.49970977932927
2023-09-03 15:00:00,3988.7310559194557,30071.548450968407,132.64135907145163
2023-09-03 16:00:00,4807.533967619738,31472.77571743675,152.75214397299686
2023-09-03 17:00:00,5125.380653604337,30783.21000318081,166.49922646386568
2023-09-03 18:00:00,5275.838103496062,29441.814903258317,179.19541036555415
2023-09-03 19:00:00,5742.0509188171845,29740.979345290663,193.06865628573894
2023-09-03 20:00:00,5268.236712160719,28315.767457651553,186.05311404819878
2023-09-03 21:00:00,4512.215044558162,25958.292497211663,173.82557211892293
2023-09-03 22:00:00,3562.9696928563085,23619.405785912266,150.84925188852264
2023-09-03 23:00:00,3269.7500737548116,22547.76244882416,145.0143925001891
2023-09-04 00:00:00,3114.522760308833,22034.221264138047,141.34934577324483
2023-09-04 01:00:00,3097.7303540966764,21927.094331815373,141.27409255507183
2023-09-04 02:00:00,3038.690726006765,21563.6416388429,140.917326344968
2023-09-04 03:00:00,3068.3358448474205,21589.959209450804,142.11864946480702
2023-09-04 04:00:00,3585.2420966317973,23012.667617980467,155.79428496288466
2023-09-04 05:00:00,4736.498528597409,25930.34476398766,182.66238153437544
2023-09-04 06:00:00,5833.443801028667,28983.11500887099,201.27042242502915
2023-09-04 07:00:00,6490.272173638865,31784.157426485086,204.1983396492573
2023-09-04 08:00:00,6730.664450866473,33541.67875931159,200.6657001029788
2023-09-04 09:00:00,6455.110660228099,34114.2255084112,189.22049567376308
2023-09-04 10:00:00,6486.801419563907,34999.271991465816,185.341038554906
2023-09-04 11:00:00,6292.718432007925,35544.779086479095,177.03636353170123
2023-09-04 12:00:00,6063.494764435919,35329.83200168023,171.62534948220383
2023-09-04 13:00:00,5952.137776132518,34928.36153886847,170.40987649847094
2023-09-04 14:00:00,5926.7949882648845,34181.420819500745,173.39229459073877
2023-09-04 15:00:00,6277.150270798787,34295.51933347585,183.03120619817122
2023-09-04 16:00:00,7204.252137403099,35352.30487333159,203.78451032305134
2023-09-04 17:00:00,7646.780591313928,34861.83375938232,219.3453346169996
2023-09-04 18:00:00,7794.949897034387,33842.823423311034,230.32800187898042
2023-09-04 19:00:00,7709.773594822663,33128.918862200524,232.72035006307948
2023-09-04 20:00:00,7056.146011757355,31303.446941885555,225.4111512018788
2023-09-04 21:00:00,6070.54142836069,28697.787612477943,211.53342934774483
2023-09-04 22:00:00,5347.463497765229,26273.66006344698,203.52944678632133
2023-09-04 23:00:00,4858.792104644126,24689.638673177575,196.79478379416867
2023-09-05 00:00:00,4801.979736935614,24146.198211156814,198.8710477294453
2023-09-05 01:00:00,4632.779687626328,24125.735715955692,192.0264626194348
2023-09-05 02:00:00,4539.177439606678,23717.293925238657,191.3868189986182
2023-09-05 03:00:00,4733.947715962015,23538.708816836755,201.11331308775607
2023-09-05 04:00:00,5021.315669060743,24089.295587342152,208.44593196403883
2023-09-05 05:00:00,5891.452772845846,26244.95785234046,224.47941452191972
2023-09-05 06:00:00,6766.991413936446,29113.54733090241,232.43445180428637
2023-09-05 07:00:00,7354.123067777905,32317.551304530134,227.55817724182077
2023-09-05 08:00:00,7574.024684141301,34314.313064207505,220.72493976403092
2023-09-05 09:00:00,7558.637868684407,35069.886614713294,215.53071875382798
2023-09-05 10:00:00,7422.45744449105,36008.409194675056,206.13122352510612
2023-09-05 11:00:00,7137.19558569379,36798.85844728658,193.95154868506697
2023-09-05 12:00:00,6645.070995029806,36656.33159409234,181.2803056403153
2023-09-05 13:00:00,6326.1376913501435,35589.842382661336,177.75121404954893
2023-09-05 14:00:00,6567.511011132837,35821.861746583214,183.33807041057165
2023-09-05 15:00:00,7103.470277703302,36469.89245603757,194.77628803721157
2023-09-05 16:00:00,7897.49759205867,37157.6362875293,212.54036534905202
2023-09-05 17:00:00,8269.76034472208,36633.77767119352,225.74140234587097
2023-09-05 18:00:00,8224.659410038797,35375.40799205574,232.49652447501975
2023-09-05 19:00:00,8173.394029650138,35292.23329889953,231.59186216489724
2023-09-05 20:00:00,7608.317390113859,33684.61185634338,225.86923140339186
2023-09-05 21:00:00,6705.90453286356,30925.893002986453,216.83786244154646
2023-09-05 22:00:00,6265.289321280278,28768.30035758502,217.78447956270657
2023-09-05 23:00:00,5693.137386775116,26737.34875074123,212.92826898617943
2023-09-06 00:00:00,5526.226750269549,25764.38185707919,214.49095037190372
2023-09-06 01:00:00,5422.377820468614,25171.46049625592,215.4176878721501
2023-09-06 02:00:00,5378.136208384764,24648.88327032798,218.18985263559173
2023-09-06 03:00:00,5568.129211834074,24540.873845379734,226.89205147771767
2023-09-06 04:00:00,6196.64856804815,25914.01220649632,239.12347183716798
2023-09-06 05:00:00,6634.323961796988,27547.966067532918,240.82808674633782
2023-09-06 06:00:00,7560.902681265546,30298.58857093308,249.546366279223
2023-09-06 07:00:00,8142.002653965259,32571.067136797774,249.9765396008987
2023-09-06 08:00:00,8444.440812373678,34374.18626510424,245.6622753844285
2023-09-06 09:00:00,8443.085058322473,35161.27315109533,240.12455470655954
2023-09-06 10:00:00,8364.68551316584,35846.77899656765,233.34552635724296
2023-09-06 11:00:00,8220.134289349877,36244.71738658422,226.79537549360265
2023-09-06 12:00:00,8193.089604258954,36350.853789104585,225.38919310650863
2023-09-06 13:00:00,7934.162104557636,35393.36618747082,224.17088169947263
2023-09-06 14:00:00,8023.299921229577,35112.34446450412,228.50367993343525
2023-09-06 15:00:00,8472.505844077943,35684.939676047514,237.42525336997747
2023-09-06 16:00:00,8822.449572163085,35684.52517387755,247.23460741524616
2023-09-06 17:00:00,9118.486463591715,34995.55104623269,260.5613053940846
2023-09-06 18:00:00,9216.92803632634,34050.07160315015,270.6874788326035
2023-09-06 19:00:00,8752.46909201224,32784.95658921487,266.9660113227511
2023-09-06 20:00:00,8240.514582075903,30598.995504981198,269.3067025920649
2023-09-06 21:00:00,7348.678723730894,28139.404054800863,261.1526068362893
2023-09-06 22:00:00,5931.612232120635,25131.6470662071,236.02162709409086
2023-09-06 23:00:00,5496.274630487926,23949.610326767564,229.49328007833802
2023-09-07 00:00:00,5662.617807291608,23870.187717024095,237.22552476003605
2023-09-07 01:00:00,5749.4213621398785,23756.736510674553,242.01225448438618
2023-09-07 02:00:00,5774.999116667941,23804.6984546889,242.59912922906267
2023-09-07 03:00:00,5821.492886876991,23682.69228031745,245.81212380634614
2023-09-07 04:00:00,5869.704739695991,24171.745997940692,242.8332955424924
2023-09-07 05:00:00,6528.131283460014,26779.308140199988,243.7752032010212
2023-09-07 06:00:00,6996.363408117284,29175.38134508895,239.8036661582479
2023-09-07 07:00:00,7785.06290912549,31940.36154896317,243.73746982141483
2023-09-07 08:00:00,8041.421070289282,33923.52729926868,237.04554657152764
2023-09-07 09:00:00,8031.02630543869,34790.580010303536,230.83910366140003
2023-09-07 10:00:00,7842.23836065441,35859.510280472416,218.6934037670047
2023-09-07 11:00:00,7744.710909202867,36211.45131217529,213.8746343645962
2023-09-07 12:00:00,7434.6740841795445,36156.45048081409,205.62510935979873
2023-09-07 13:00:00,7225.380802568207,35754.92170463859,202.08073345132897
2023-09-07 14:00:00,7429.537739779062,35256.032927430126,210.7309621326875
2023-09-07 15:00:00,7808.00407663656,35261.10194380982,221.43392140946054
2023-09-07 16:00:00,7944.205573146297,35180.151596848606,225.81498977559633
2023-09-07 17:00:00,8307.765261349461,34615.68320414968,240.0000373343357
2023-09-07 18:00:00,8383.505698363488,33837.15656232801,247.76034838864425
2023-09-07 19:00:00,8524.53539072442,33307.218121773236,255.93657685725046
2023-09-07 20:00:00,7916.794097241993,31383.22441151192,252.261972620569
2023-09-07 21:00:00,7122.628962978686,28407.137782689948,250.73377745641451
2023-09-07 22:00:00,6326.654407137491,26003.90456726657,243.29632462585693
2023-09-07 23:00:00,6210.886036987986,24942.872194546042,249.0044445782008
2023-09-08 00:00:00,6371.065919277547,24750.955487654206,257.4068674825681
2023-09-08 01:00:00,6371.525324414211,24420.943879203413,260.90413851039256
2023-09-08 02:00:00,6404.977474456824,24168.443547116825,265.01406521980624
2023-09-08 03:00:00,6547.218318058994,24347.878473354882,268.90303092419106
2023-09-08 04:00:00,6927.237527979231,25202.449923508655,274.86365607327554
2023-09-08 05:00:00,7636.798319167153,27010.699494815075,282.7323417015949
2023-09-08 06:00:00,8380.409501123358,29411.42380873753,284.9372256039407
2023-09-08 07:00:00,8949.135271514706,32086.681743878093,278.90497817594166
2023-09-08 08:00:00,9126.93775610469,33760.1543572664,270.34644627269734
2023-09-08 09:00:00,9017.094235280349,34523.27735619945,261.18882463692637
2023-09-08 10:00:00,9214.239945399187,35839.346062282,257.0984395024
2023-09-08 11:00:00,8901.999052433446,36008.28075146117,247.22088549235204
2023-09-08 12:00:00,8567.727560739853,35551.747145889356,240.99315078894767
2023-09-08 13:00:00,8232.928265750808,34756.69983232115,236.87312965469744
2023-09-08 14:00:00,8023.197637249303,33700.27974336049,238.07510496496712
2023-09-08 15:00:00,8033.703724059522,33737.04099276002,238.1270996998094
2023-09-08 16:00:00,8318.738841546467,33503.19590476851,248.29687487701617
2023-09-08 17:00:00,8604.02116599707,32902.19854647315,261.5029252177238
2023-09-08 18:00:00,8723.934901318144,32140.202701215,271.4337237514794
2023-09-08 19:00:00,8404.206075431905,31386.21511854244,267.76742731451054
2023-09-08 20:00:00,8027.609312703327,29926.255256909677,268.24636907585796
2023-09-08 21:00:00,7609.95012231078,28161.792499500105,270.22250527717165
2023-09-08 22:00:00,6825.302502008617,26199.083063326812,260.5168465442441
2023-09-08 23:00:00,6285.306041207467,24536.013839043946,256.16655103143586
2023-09-09 00:00:00,5541.49460567096,23373.35114190547,237.08601184430756
2023-09-09 01:00:00,5032.033778636096,22592.817975455284,222.7271420547393
2023-09-09 02:00:00,4864.070154131369,22658.38678931136,214.66974676352055
2023-09-09 03:00:00,4747.735112035845,22683.86585225372,209.30008769048254
2023-09-09 04:00:00,4823.404935719949,22716.310355570284,212.33223442631822
2023-09-09 05:00:00,4824.195508481644,22912.32248216295,210.55026229825629
2023-09-09 06:00:00,5256.536704259143,24449.34888022351,214.9970017610992
2023-09-09 07:00:00,6233.92562126328,27704.24346624403,225.01699527940357
2023-09-09 08:00:00,6640.057243047735,30052.408674113958,220.94925285530394
2023-09-09 09:00:00,6297.645429160496,31188.460546677306,201.92229173143406
2023-09-09 10:00:00,6177.856253451896,31710.475305747794,194.8206765709408
2023-09-09 11:00:00,5530.654659852409,32136.27131682339,172.10007363104077
2023-09-09 12:00:00,5155.70037927861,31714.07091274993,162.56823015445414
2023-09-09 13:00:00,4815.244126612691,31064.203763162604,155.00941737714308
2023-09-09 14:00:00,4842.807363886914,30525.664421630787,158.64707470397443
2023-09-09 15:00:00,5277.165786601949,30719.952792182674,171.7830044304245
2023-09-09 16:00:00,6525.314442114375,32325.094834664527,201.86528378307528
2023-09-09 17:00:00,7127.031194254726,31889.0773902305,223.49443061774357
2023-09-09 18:00:00,7485.279172665246,31379.914355732384,238.53727221208487
2023-09-09 19:00:00,7528.388352593286,30120.08046775946,249.94582470161973
2023-09-09 20:00:00,7414.462416257305,28775.13142856812,257.6691069044496
2023-09-09 21:00:00,7074.330851754157,27559.09771744207,256.69675126108484
2023-09-09 22:00:00,5999.825675513544,25178.87332902777,238.28809165168533
2023-09-09 23:00:00,5229.830370244471,23423.688262841857,223.27100290780453
2023-09-10 00:00:00,5019.923307609103,22717.75808043885,220.96913303833065
2023-09-10 01:00:00,4918.627896615726,22752.845494143607,216.17638540558542
2023-09-10 02:00:00,4874.836100372215,22469.321335325094,216.95519983099143
2023-09-10 03:00:00,4864.451645036711,22266.799231026707,218.46209662044967
2023-09-10 04:00:00,5094.744768240407,22240.752719431926,229.07249734354033
2023-09-10 05:00:00,5092.776016638129,22293.78920042451,228.43922900917866
2023-09-10 06:00:00,5262.852222438029,22921.34229882293,229.60488761202654
2023-09-10 07:00:00,6129.21939962458,25903.639374813956,236.61614921893965
2023-09-10 08:00:00,6782.430265863706,28428.23015917985,238.5808130821528
2023-09-10 09:00:00,6890.770645687895,29623.264536201197,232.6134797624012
2023-09-10 10:00:00,6787.560463569202,30485.228011006027,222.6508019267135
2023-09-10 11:00:00,6823.133922315031,31428.23241244614,217.10205756315293
2023-09-10 12:00:00,6674.936491206629,31602.772673921096,211.21363495788614
2023-09-10 13:00:00,6564.221704499056,31066.747982940156,211.2941370015201
2023-09-10 14:00:00,6410.4013102038025,31004.139326770433,206.75953112714728
2023-09-10 15:00:00,6454.407842784459,31251.11489196953,206.53368256129068
2023-09-10 16:00:00,7075.610402146448,32555.30391681854,217.34124860960324
2023-09-10 17:00:00,7211.652083684368,32396.79170489144,222.6038969962422
2023-09-10 18:00:00,7714.925710737407,32366.406076399628,238.36213673296405
2023-09-10 19:00:00,7697.733374442258,31211.924335401374,246.62796473946622
2023-09-10 20:00:00,7507.447915051251,29861.949758788232,251.405148548341
2023-09-10 21:00:00,6490.270895364252,27761.779952229557,233.7843937432051
2023-09-10 22:00:00,5465.113103581278,24516.548090786524,222.9152767895209
2023-09-10 23:00:00,5246.6339356660665,24369.709510882385,215.29324891308872
2023-09-11 00:00:00,4641.2203720707,24441.801079462275,189.88864024307034
2023-09-11 01:00:00,3988.358175218674,24079.577805126766,165.63239636076656
2023-09-11 02:00:00,3662.019604597913,23838.033810603338,153.62087467838975
2023-09-11 03:00:00,3971.4370617899685,24676.312292913542,160.94127090985438
2023-09-11 04:00:00,4659.309716170171,26470.066613040133,176.02183569401456
2023-09-11 05:00:00,5906.856167192042,29798.29847253336,198.22796837331833
2023-09-11 06:00:00,6871.851080355402,32086.4169281374,214.166982114145
2023-09-11 07:00:00,7223.625730541496,32940.843402219514,219.2908554993093
2023-09-11 08:00:00,7723.922689191248,34313.18544017986,225.10071828384466
2023-09-11 09:00:00,7828.900830798403,34944.42278013245,224.03863643870235
2023-09-11 10:00:00,8003.2554366449785,35327.935293098286,226.5418392058849
2023-09-11 11:00:00,7906.301714901781,35786.90247838774,220.92724341472467
2023-09-11 12:00:00,7765.713872182367,35576.39566233966,218.28276101625914
2023-09-11 13:00:00,7473.611546021509,34999.374020153155,213.53557757113293
2023-09-11 14:00:00,7078.674441445647,34165.83511713024,207.18575785365496
2023-09-11 15:00:00,7425.041122885654,34530.752840441055,215.02691114772736
2023-09-11 16:00:00,8130.8519947579725,35421.700895938906,229.54436938656931
2023-09-11 17:00:00,8710.5493951911,35240.61087360836,247.1736209804018
2023-09-11 18:00:00,8824.828986963214,34364.99992447181,256.7970029494726
2023-09-11 19:00:00,8503.719378053082,33271.36883343957,255.5867004036928
2023-09-11 20:00:00,8031.490550140465,31094.904185215993,258.2896059849903
2023-09-11 21:00:00,7346.0040924799705,28970.370929671462,253.56955595470788
2023-09-11 22:00:00,6558.403582915779,27065.233747095604,242.31837951961407
2023-09-11 23:00:00,6124.858014494768,25979.136539067295,235.76064605858772
2023-09-12 00:00:00,5989.584500746254,25745.15651348983,232.64898380430736
2023-09-12 01:00:00,5723.273799903739,25390.13788844158,225.41326183616988
2023-09-12 02:00:00,5581.968515048246,24804.070351851795,225.04244004579328
2023-09-12 03:00:00,5823.436722539654,25208.10448137915,231.01446310020413
2023-09-12 04:00:00,6388.640244597636,26817.212514126564,238.2290941399028
2023-09-12 05:00:00,7160.591008790186,28880.8254420507,247.93581551738862
2023-09-12 06:00:00,7980.804544644011,30837.356581082222,258.8031345572594
2023-09-12 07:00:00,8213.67416125213,31769.331330047284,258.5409833125343
2023-09-12 08:00:00,8429.88838819738,33321.34478564244,252.98764027764165
2023-09-12 09:00:00,8503.806760407597,34201.36254733904,248.63941454488094
2023-09-12 10:00:00,8716.23006821617,34441.414797011494,253.07410045688604
2023-09-12 11:00:00,8745.314284956403,34932.851413779266,250.34641980318884
2023-09-12 12:00:00,8610.859492986727,34707.43001776756,248.0984471791378
2023-09-12 13:00:00,8183.8057849031775,34213.91725930224,239.19522932376668
2023-09-12 14:00:00,8223.735747784098,34734.47478553224,236.76004311455677
2023-09-12 15:00:00,8294.211893942553,35716.37169807734,232.22436937481646
2023-09-12 16:00:00,8693.309451118994,36278.02621577171,239.6301661896814
2023-09-12 17:00:00,8810.210094778999,36052.58644323585,244.37109688788948
2023-09-12 18:00:00,9016.045809104955,36087.67560133666,249.8372549317365
2023-09-12 19:00:00,8775.265990445245,35077.9830334314,250.16449725977387
2023-09-12 20:00:00,8147.2078162782145,33343.449454797614,244.34208066334168
2023-09-12 21:00:00,7285.37352556429,30897.36326994061,235.79272645093553
2023-09-12 22:00:00,5193.807901890248,25604.060105473476,202.85094943906762
2023-09-12 23:00:00,4367.839452091337,23765.966487796602,183.785475517444
2023-09-13 00:00:00,4782.333745818999,24438.54892898296,195.68812206142806
2023-09-13 01:00:00,4615.66833946541,23795.55492985528,193.97187218669677
2023-09-13 02:00:00,4315.213550284503,23215.524436957283,185.87620374472453
2023-09-13 03:00:00,4536.720312942095,23403.035441753313,193.85179004806105
2023-09-13 04:00:00,5130.144689615088,24913.656059833593,205.91697490301448
2023-09-13 05:00:00,6391.937264214797,27950.31246925746,228.6892953789081
2023-09-13 06:00:00,7201.970114542636,30347.881770758584,237.31376604617023
2023-09-13 07:00:00,7615.887995453123,32269.698802295137,236.00740874939478
2023-09-13 08:00:00,7886.115133996365,33486.824575773004,235.49904279971054
2023-09-13 09:00:00,7718.009707768412,33982.83276634049,227.11496009870578
2023-09-13 10:00:00,7563.620576604621,33700.62895731448,224.43559098510508
2023-09-13 11:00:00,7481.374331227274,33727.09311553782,221.82090539491705
2023-09-13 12:00:00,7240.457928324682,33376.1548599254,216.93505314533002
2023-09-13 13:00:00,6718.796191004,31999.074025121205,209.96845676625955
2023-09-13 14:00:00,7145.619653913813,32194.357997781142,221.95254380926912
2023-09-13 15:00:00,7639.730963903928,33898.1285627999,225.37323704317512
2023-09-13 16:00:00,8645.40970522548,35447.933726798896,243.89037092702213
2023-09-13 17:00:00,8464.344742255127,35341.750841263856,239.4998702886117
2023-09-13 18:00:00,8464.572466080836,34536.29636499611,245.09207289117464
2023-09-13 19:00:00,8218.027516872127,33667.409069773516,244.09444456628069
2023-09-13 20:00:00,7992.639851817141,33242.455371919816,240.43470202169817
2023-09-13 21:00:00,6960.168116684731,31001.26710224685,224.51237537256293
2023-09-13 22:00:00,5256.56334100743,27106.697991941288,193.92119772648755
2023-09-13 23:00:00,4870.357991976721,26165.622823536683,186.13575624867994
2023-09-14 00:00:00,4824.448769451141,26423.314831519834,182.58302564279916
2023-09-14 01:00:00,4415.825016793176,25928.479165749028,170.30790693757262
2023-09-14 02:00:00,3854.457587113139,25260.936621500718,152.58569564805595
2023-09-14 03:00:00,3697.6483313395174,24960.314546607464,148.1410951146083
2023-09-14 04:00:00,4138.310836451122,25722.152293972787,160.8850919299164
2023-09-14 05:00:00,5303.606732904507,28365.508144253825,186.9737959895808
2023-09-14 06:00:00,6249.144852628199,31275.14850830015,199.81183625618056
2023-09-14 07:00:00,6728.704175129754,32073.36391279142,209.7910338755028
2023-09-14 08:00:00,6940.749359487651,33459.52350014598,207.43718479605275
2023-09-14 09:00:00,7084.182720010624,34778.57766202574,203.69385973325032
2023-09-14 10:00:00,7244.388149674208,35160.473134878695,206.03784601771687
2023-09-14 11:00:00,6987.723970306239,35173.861389727186,198.66240708923306
2023-09-14 12:00:00,6859.393465494044,34830.58243692305,196.93593921135724
2023-09-14 13:00:00,6722.037211461712,34424.02375111955,195.27168758832545
2023-09-14 14:00:00,7075.477383312079,34527.55154402573,204.9226506632018
2023-09-14 15:00:00,7473.090407965731,35224.01808264943,212.15894195917443
2023-09-14 16:00:00,7505.50603364913,34610.01238666902,216.85938594289777
2023-09-14 17:00:00,7465.987237139843,33793.0584736196,220.9325694200817
2023-09-14 18:00:00,7684.906093544718,34039.48252208172,225.76448066034638
2023-09-14 19:00:00,7539.21366138666,32416.034622334733,232.57667846245826
2023-09-14 20:00:00,6992.858610347702,30176.464666817614,231.73220215014547
2023-09-14 21:00:00,6227.1572268897,27737.334112585922,224.50453246925787
2023-09-14 22:00:00,4674.403549176236,24330.05451516183,192.12466401434793
2023-09-14 23:00:00,4341.424698001462,23144.12082852558,187.58218254074146
2023-09-15 00:00:00,4432.844600713538,23194.153700722018,191.1190491324349
2023-09-15 01:00:00,4297.9551996638365,23497.69658648328,182.90963898717524
2023-09-15 02:00:00,4171.56448194356,23613.12661338882,176.66294473592717
2023-09-15 03:00:00,4416.775853597999,23744.078679730075,186.01588687324085
2023-09-15 04:00:00,4623.394264429693,23750.026234397053,194.6690171539117
2023-09-15 05:00:00,5664.147243471968,26326.60991211698,215.14913095077276
2023-09-15 06:00:00,6715.222119419293,29131.746534699232,230.51217033694488
2023-09-15 07:00:00,7500.889606979955,31619.628500389175,237.22257226670558
2023-09-15 08:00:00,7850.902816303867,33162.70113196082,236.73894309946596
2023-09-15 09:00:00,8042.201259735398,34035.74964099552,236.28688495371625
2023-09-15 10:00:00,8120.941992263838,34866.68876102882,232.91405868574404
2023-09-15 11:00:00,7894.799416325785,35125.076664102206,224.7624821384166
2023-09-15 12:00:00,7540.556537821649,34765.031812937246,216.90060801312288
2023-09-15 13:00:00,7159.8339963537965,33507.9696920765,213.67555426811955
2023-09-15 14:00:00,7247.408844065256,32657.60250974612,221.9210317690157
2023-09-15 15:00:00,7198.390605176531,32385.532362829978,222.27180101687563
2023-09-15 16:00:00,7714.563809910129,34261.05800173654,225.17004026901654
2023-09-15 17:00:00,7769.852813866922,33632.53370562457,231.02192900107084
2023-09-15 18:00:00,7803.1612537239025,33058.471322868754,236.04120037837123
2023-09-15 19:00:00,7441.330786867752,31884.96339604931,233.38056545455424
2023-09-15 20:00:00,6288.9345191362745,28742.264118686453,218.8044231020616
2023-09-15 21:00:00,4954.508270045275,26216.331772575195,188.98556491523226
2023-09-15 22:00:00,3865.8541598431893,24047.70861961829,160.75769300902948
2023-09-15 23:00:00,3250.5784429906316,22265.763004199864,145.98998661655986
2023-09-16 00:00:00,3118.9073092427047,21716.708749332087,143.61786333477576
2023-09-16 01:00:00,3152.833210500185,21867.496719997856,144.1789726035223
2023-09-16 02:00:00,3211.712108167359,22382.094359517585,143.4947086085193
2023-09-16 03:00:00,3295.8632120461366,22591.845348019422,145.88729522863335
2023-09-16 04:00:00,3607.3587048201703,23200.039978883397,155.489331402169
2023-09-16 05:00:00,3782.651498282619,24100.76394558466,156.9515185005417
2023-09-16 06:00:00,3956.1276236568438,25012.210310398346,158.16785380267493
2023-09-16 07:00:00,4543.518643436672,27278.310964885168,166.56158254392855
2023-09-16 08:00:00,4996.283824520342,29080.364507931285,171.80953227589947
2023-09-16 09:00:00,5106.299629717462,30032.937831326853,170.02331434892682
2023-09-16 10:00:00,5118.707410165422,30386.154188777113,168.45525690302645
2023-09-16 11:00:00,5034.800725954855,30509.771615981637,165.02256356837245
2023-09-16 12:00:00,4901.86393960727,30248.097624443282,162.0552803177317
2023-09-16 13:00:00,4388.423902316312,29489.77606065596,148.8117065823082
2023-09-16 14:00:00,4280.574833200616,28477.686300634734,150.31329399485685
2023-09-16 15:00:00,4650.05546174785,29441.91609090815,157.93997399455318
2023-09-16 16:00:00,5237.308755096069,31391.37483931184,166.83910092836445
2023-09-16 17:00:00,5623.909298171831,31885.45676636617,176.37850821394275
2023-09-16 18:00:00,5753.111872858826,31879.072727199433,180.4667256820878
2023-09-16 19:00:00,5533.27800451429,30779.56775958934,179.77114063891958
2023-09-16 20:00:00,5373.303068021001,29144.839714482263,184.36550417365896
2023-09-16 21:00:00,4423.68764958592,26391.35590688204,167.61880917351277
2023-09-16 22:00:00,3197.648099872261,23384.864973114218,136.74007113355688
2023-09-16 23:00:00,2651.6355818917364,22352.121536498347,118.63015229055246
2023-09-17 00:00:00,2634.7068121107536,22120.286607431026,119.108167939635
2023-09-17 01:00:00,2394.8136283424915,22147.831352321216,108.12858334734888
2023-09-17 02:00:00,2265.2315268721763,21882.95848435662,103.51578048697176
2023-09-17 03:00:00,2289.76105812177,21823.435549035115,104.92211700476315
2023-09-17 04:00:00,2274.7915416422316,22042.925600191058,103.19825883831477
2023-09-17 05:00:00,2387.6974365156325,22589.81062959362,105.69798373553635
2023-09-17 06:00:00,2438.0478268939364,23938.897346738308,101.84461680003496
2023-09-17 07:00:00,2963.3448914695905,25915.02495635731,114.34852547740425
2023-09-17 08:00:00,3328.6483627468724,27636.103662983805,120.44564614965284
2023-09-17 09:00:00,3611.255337923386,29335.98708548248,123.09984073147108
2023-09-17 10:00:00,4150.0769337105985,29554.370150372444,140.42176884822902
2023-09-17 11:00:00,4281.032001968228,30298.76150471744,141.29396019377498
2023-09-17 12:00:00,4100.975131644813,30467.066919804096,134.60354232455214
2023-09-17 13:00:00,4159.266575388418,29988.71655470463,138.69438419617566
2023-09-17 14:00:00,4375.989412675071,29835.415352379994,146.67097343848425
2023-09-17 15:00:00,5021.625432332017,31249.440409783085,160.69489137987654
2023-09-17 16:00:00,5743.875177392811,32389.845522215106,177.3356768081305
2023-09-17 17:00:00,5850.338125203965,32235.44459583836,181.48774426890492
2023-09-17 18:00:00,5637.556797012249,32096.990542010422,175.64128916178245
2023-09-17 19:00:00,4995.320946660637,30689.727595528228,162.76850066888508
2023-09-17 20:00:00,4431.728768685872,29150.5352613704,152.0290700993986
2023-09-17 21:00:00,3670.5444011717605,26394.70945316772,139.06364105596342
2023-09-17 22:00:00,3393.556501119342,24241.68658313188,139.98846530260334
2023-09-17 23:00:00,3056.9613535018307,23239.598709474147,131.5410559243259
2023-09-18 00:00:00,2686.075450579938,22092.154025169642,121.58504089368951
2023-09-18 01:00:00,2738.5994027145384,22235.847739139605,123.16145688900575
2023-09-18 02:00:00,2875.827007142033,22048.47744709497,130.43199985316636
2023-09-18 03:00:00,2637.04079194809,22205.065140942614,118.75852537292518
2023-09-18 04:00:00,2675.925439402785,23096.695455320238,115.85750197811936
2023-09-18 05:00:00,3429.687893211063,25332.554926469635,135.3865768046724
2023-09-18 06:00:00,4174.184628192824,29117.238748507698,143.35784599103707
2023-09-18 07:00:00,5190.281989654236,32719.720476010185,158.6285553221552
2023-09-18 08:00:00,5375.308823084499,34186.20169444741,157.23621100490868
2023-09-18 09:00:00,4919.935086856475,34798.847334199454,141.3821279655227
2023-09-18 10:00:00,4834.235799903719,35004.4551688344,138.10344359274004
2023-09-18 11:00:00,4413.043655680411,34886.094585006045,126.4986438916876
2023-09-18 12:00:00,4353.766949216848,35360.54995059856,123.1249784095383
2023-09-18 13:00:00,4178.489160431886,35764.43933313661,116.83362687473802
2023-09-18 14:00:00,3763.2388713185146,34924.21491685535,107.75442999299251
2023-09-18 15:00:00,3770.089584196038,34868.07282526384,108.12440375151449
2023-09-18 16:00:00,3939.380599807559,34417.51315175998,114.45860665287825
2023-09-18 17:00:00,4290.855803440453,33482.74944003166,128.1512383302175
2023-09-18 18:00:00,4450.1078737396065,33436.08338191588,133.09297691686209
2023-09-18 19:00:00,4331.914277509543,32539.665828618065,133.1271900678126
2023-09-18 20:00:00,3684.1567007036865,30308.096385793,121.55684916030043
2023-09-18 21:00:00,3513.3914093013636,28714.525472435213,122.35589310622869
2023-09-18 22:00:00,3222.0884722161063,27625.852967295144,116.6330855387732
2023-09-18 23:00:00,3075.4104262119536,26892.537972978374,114.35924825325621
2023-09-19 00:00:00,3022.5001018017397,26363.890887227804,114.64544875908335
2023-09-19 01:00:00,2869.8488677314945,25853.389019931838,111.00474547143378
2023-09-19 02:00:00,2990.2427767760723,25970.179374442054,115.14139866584249
2023-09-19 03:00:00,3037.808989689201,26052.726427702986,116.60234479178992
2023-09-19 04:00:00,3146.3157301611845,26503.3411387776,118.71392794162632
2023-09-19 05:00:00,3291.6844490328776,27223.81875927114,120.9119292976444
2023-09-19 06:00:00,3704.659125052736,30176.06457016666,122.76813354632462
2023-09-19 07:00:00,4220.997794000567,32813.085367964304,128.63763790166357
2023-09-19 08:00:00,4459.35050764121,34225.156307660305,130.29452568615775
2023-09-19 09:00:00,4553.935900011645,35040.399415862696,129.96244266411216
2023-09-19 10:00:00,4407.638882868954,34880.320801547925,126.36463144780913
2023-09-19 11:00:00,4465.867627957483,35034.201197633876,127.47165556208247
2023-09-19 12:00:00,4228.0996323722775,34420.03336073534,122.83833626946692
2023-09-19 13:00:00,4055.0899837748043,34012.066579916354,119.2250395678479
2023-09-19 14:00:00,3975.0653371828107,34037.049021461324,116.78642689254346
2023-09-19 15:00:00,4180.021034648382,34303.068816926716,121.85560006181625
2023-09-19 16:00:00,4626.793702009718,34775.66807859268,133.0468674693239
2023-09-19 17:00:00,5000.305584086253,34130.09823737817,146.50721334901053
2023-09-19 18:00:00,5287.593181194476,34103.08801236647,155.0473429056362
2023-09-19 19:00:00,4797.054611119171,32460.827423397903,147.7798008211409
2023-09-19 20:00:00,3944.5719643011407,30121.01892210702,130.9574544772807
2023-09-19 21:00:00,3790.6071229712124,28900.130971142167,131.16228181651744
2023-09-19 22:00:00,2913.917586992238,26453.743419528128,110.15142699392733
2023-09-19 23:00:00,2869.295695487994,26226.271857986543,109.40539742076315
2023-09-20 00:00:00,2785.309101793679,25737.0468452439,108.22178311838417
2023-09-20 01:00:00,2790.562875438073,25701.449130092842,108.57609083881228
2023-09-20 02:00:00,2708.2293386827964,25612.602981021057,105.73815323220349
2023-09-20 03:00:00,3097.5080484717896,26500.38331120498,116.88540547117637
2023-09-20 04:00:00,3580.1676895271257,27876.48892408368,128.42964905935722
2023-09-20 05:00:00,4278.145101082006,29677.245302034367,144.15573472342257
2023-09-20 06:00:00,4307.276588059469,30534.025725728377,141.06481165469444
2023-09-20 07:00:00,4383.122318151426,33338.11624135492,131.47480458761785
2023-09-20 08:00:00,4482.993430787125,34597.453576359374,129.5758203965155
2023-09-20 09:00:00,4615.157067033376,35498.7304488635,130.0090738084728
2023-09-20 10:00:00,4565.296803528461,35369.60480595662,129.0740122366201
2023-09-20 11:00:00,4756.6485055778885,35494.95799336534,134.0091318453453
2023-09-20 12:00:00,4801.3790963048605,35574.44450894233,134.967085574532
2023-09-20 13:00:00,5106.629465079182,36318.96648908196,140.60503254172482
2023-09-20 14:00:00,4910.57126577971,35985.36984545857,136.4602138832661
2023-09-20 15:00:00,5113.771866627323,36366.462619634156,140.61779723019887
2023-09-20 16:00:00,5459.311919954681,36543.621687065126,149.3916494294008
2023-09-20 17:00:00,5541.581003150138,36209.94851588124,153.04028948617997
2023-09-20 18:00:00,5520.8223803298415,35623.1995315601,154.97828530081108
2023-09-20 19:00:00,4980.903852933105,33754.89932056886,147.5609156949239
2023-09-20 20:00:00,4208.559901579301,30910.942817325045,136.15113348210383
2023-09-20 21:00:00,3179.728223991691,28080.345757415278,113.23679029671523
2023-09-20 22:00:00,3098.9696720382003,25365.85286095903,122.17092360446007
2023-09-20 23:00:00,2947.5778703518104,24290.43518640563,121.34726478681823
2023-09-21 00:00:00,2918.033513033813,23941.52584545488,121.88168506343467
2023-09-21 01:00:00,2965.853003383174,23842.05209580838,124.39587798336345
2023-09-21 02:00:00,2559.749668661263,22671.787864194102,112.90462331397845
2023-09-21 03:00:00,2435.8732295968584,22278.64694836221,109.33667718882403
2023-09-21 04:00:00,2995.097500219017,23851.6682230594,125.57182467108971
2023-09-21 05:00:00,4203.085700198941,26813.95864763592,156.74991355927634
2023-09-21 06:00:00,5633.37427588377,31410.251951371334,179.34826771225002
2023-09-21 07:00:00,6294.48209539956,33439.630289140776,188.23420118504234
2023-09-21 08:00:00,6598.2732356252,34926.15217569301,188.9207033867674
2023-09-21 09:00:00,6479.5252579527605,35486.33252628781,182.59213608937506
2023-09-21 10:00:00,6510.567418672614,35146.258208591134,185.242121082499
2023-09-21 11:00:00,6737.814107960031,35745.84543845331,188.4922296651538
2023-09-21 12:00:00,6430.513162375094,35339.30775487115,181.964887568821
2023-09-21 13:00:00,6378.004465227208,35244.58332262221,180.9641046638052
2023-09-21 14:00:00,6046.356267988049,34078.95614842884,177.42199149684947
2023-09-21 15:00:00,6372.94508114029,34416.72559455822,185.17000008123796
2023-09-21 16:00:00,7099.8709565550325,34971.34194131368,203.0196887631453
2023-09-21 17:00:00,7595.723835630584,34310.43637352472,221.38231507576347
2023-09-21 18:00:00,7394.202203582296,34181.25664079299,216.32329909011656
2023-09-21 19:00:00,6946.519372188508,33213.513896444434,209.14737880029446
2023-09-21 20:00:00,6020.960026756854,30664.559476418333,196.3491447313011
2023-09-21 21:00:00,4900.898230622999,27727.368583641222,176.75309562244084
2023-09-21 22:00:00,3970.2977450143444,24806.71107761163,160.0493403818287
2023-09-21 23:00:00,3280.409571409301,22682.72325538195,144.62150485528474
2023-09-22 00:00:00,3023.117353904805,21918.905790179346,137.92282255528
2023-09-22 01:00:00,2829.182509127109,21151.04506413695,133.76088512638944
2023-09-22 02:00:00,2756.095409613192,20918.491522947745,131.75402282663327
2023-09-22 03:00:00,2692.422415834689,20745.710285917772,129.7821274243047
2023-09-22 04:00:00,3338.7965670413346,22062.8872669822,151.33089910847468
2023-09-22 05:00:00,4634.513345378991,25706.46859818392,180.28588126283532
2023-09-22 06:00:00,5446.868281048189,28231.34344473195,192.9369139556336
2023-09-22 07:00:00,6168.589377863505,31114.733535082207,198.25300354600026
2023-09-22 08:00:00,6105.928139964161,32642.279188783104,187.0558150872733
2023-09-22 09:00:00,5890.062588727577,33739.76928400539,174.57329180729784
2023-09-22 10:00:00,5476.39372629398,33811.683899098665,161.96749450978888
2023-09-22 11:00:00,5242.193592116198,34173.64388123419,153.398730622193
2023-09-22 12:00:00,4806.367820641627,33359.9630854634,144.07593342739642
2023-09-22 13:00:00,4566.023874233318,32897.8865782632,138.79383599219565
2023-09-22 14:00:00,4173.342337656828,32142.054807012875,129.84055819437756
2023-09-22 15:00:00,4501.7969061870235,32836.79811702526,137.09609841201072
2023-09-22 16:00:00,5290.366535274043,33555.32735490621,157.66100206143645
2023-09-22 17:00:00,5640.29228851814,33140.63585686668,170.19263941942387
2023-09-22 18:00:00,6058.63689919519,33349.665718307275,181.67009379855062
2023-09-22 19:00:00,5909.032780731423,32721.650950121923,180.58479964041686
2023-09-22 20:00:00,5323.855410828783,30410.517945438212,175.0662524190055
2023-09-22 21:00:00,4306.967883452281,28099.45683635693,153.2758411856432
2023-09-22 22:00:00,3730.1995886837035,25371.98248255159,147.0204226748531
2023-09-22 23:00:00,3255.2736979215224,23895.203321546116,136.2312617355412
2023-09-23 00:00:00,3082.549173949294,22895.271276897416,134.63693601480736
2023-09-23 01:00:00,2779.9198534249736,23088.860838968405,120.40090989388018
2023-09-23 02:00:00,2493.7846793099907,22376.354352370636,111.44731800539213
2023-09-23 03:00:00,2239.0780093153166,21690.72013387854,103.22746296551587
2023-09-23 04:00:00,2546.9121064789397,21883.310470474757,116.3860518231584
2023-09-23 05:00:00,3201.2743297368,23236.293364713143,137.77043866205813
2023-09-23 06:00:00,4130.403438872051,24827.95860350505,166.3609765439575
2023-09-23 07:00:00,5539.927343401968,27932.86103116097,198.3301079406728
2023-09-23 08:00:00,5886.572759677028,29615.44202066959,198.7670066031294
2023-09-23 09:00:00,5795.4978051640155,30160.979005399582,192.15217795571138
2023-09-23 10:00:00,5526.684160227354,30197.028207792413,183.02079668890002
2023-09-23 11:00:00,5252.918552210946,29832.044728657478,176.08308783356202
2023-09-23 12:00:00,4943.359446477596,29100.143155572714,169.87405938348232
2023-09-23 13:00:00,4761.460563922441,28166.568639568828,169.04652550518588
2023-09-23 14:00:00,4707.151547697818,28048.641714573154,167.82101591936043
2023-09-23 15:00:00,4895.134587930123,28479.89761353501,171.88034361484927
2023-09-23 16:00:00,6044.592100556631,29867.814826874685,202.37811622957375
2023-09-23 17:00:00,5990.963709466571,29684.853912598155,201.818871236689
2023-09-23 18:00:00,6443.718889013004,30593.38960689866,210.62454902218408
2023-09-23 19:00:00,6392.198270247285,30454.036464267483,209.8965855559876
2023-09-23 20:00:00,5869.330893347774,29675.336347642187,197.7848144529662
2023-09-23 21:00:00,4730.721591217909,27949.44088220541,169.25997236065714
2023-09-23 22:00:00,3121.6944241838637,25212.93823256978,123.81319445550757
2023-09-23 23:00:00,3074.7911651737177,25643.173835212376,119.90680970042462
2023-09-24 00:00:00,3088.701914723866,26353.96010332168,117.20067506418373
2023-09-24 01:00:00,3023.09339070094,26573.247960477587,113.76454226435507
2023-09-24 02:00:00,2806.616050055487,26004.07558854448,107.92985278399512
2023-09-24 03:00:00,2735.6404435161,25549.93161696019,107.07036263455852
2023-09-24 04:00:00,2790.2772843368457,25346.70822457668,110.08440463410301
2023-09-24 05:00:00,3011.2806750661507,25212.014260207015,119.43832190428981
2023-09-24 06:00:00,3100.3159669026786,25430.825741785706,121.91173021206743
2023-09-24 07:00:00,3579.5769015013097,27124.071852963996,131.97048440609223
2023-09-24 08:00:00,4019.408250094131,29327.594472668337,137.0520945330171
2023-09-24 09:00:00,4734.941008279598,31480.786997884305,150.4073264940236
2023-09-24 10:00:00,4770.7900076191,32222.890765743934,148.0559283865032
2023-09-24 11:00:00,4906.025221328079,34035.103457823694,144.14603520766806
2023-09-24 12:00:00,4635.546160272649,33640.92779867593,137.79483693238384
2023-09-24 13:00:00,4407.226264663174,33217.623846950315,132.67734877634234
2023-09-24 14:00:00,3843.871060157758,32540.154979643925,118.1270053127393
2023-09-24 15:00:00,3624.9827849138874,32704.811223892437,110.83943460482853
2023-09-24 16:00:00,3771.071266436,33084.15667504891,113.98420408521491
2023-09-24 17:00:00,4217.285596605584,32210.62998115968,130.92837982592445
2023-09-24 18:00:00,4648.3636809662075,32496.842252998387,143.04047281816486
2023-09-24 19:00:00,4345.693064745368,31314.917341212255,138.7738954375646
2023-09-24 20:00:00,4448.84986415959,30667.017916681067,145.06952962451805
2023-09-24 21:00:00,4328.628121400676,30064.779577406694,143.97671236058505
2023-09-24 22:00:00,3953.556815248692,28683.325374209868,137.83467445526614
2023-09-24 23:00:00,3709.2870933774466,27468.46567850828,135.03801547531086
2023-09-25 00:00:00,3736.9184379339895,27092.994706315323,137.9293237400191
2023-09-25 01:00:00,3596.825932146534,26610.26279529456,135.16687000861015
2023-09-25 02:00:00,3462.7485668530817,26216.73856988598,132.08159198072752
2023-09-25 03:00:00,3537.560552460928,26261.36810049622,134.70587438261012
2023-09-25 04:00:00,3913.4776186937956,27137.86982152618,144.20725150614308
2023-09-25 05:00:00,4532.3860833593635,28731.930249133748,157.74735787185801
2023-09-25 06:00:00,4783.970919639605,29674.06956592294,161.21721724119075
2023-09-25 07:00:00,5150.6739429786385,31772.59233863356,162.1105979670324
2023-09-25 08:00:00,5056.6957327315795,33818.13170494167,149.5261706604765
2023-09-25 09:00:00,4991.092360087881,34462.43738172889,144.82702731682096
2023-09-25 10:00:00,5496.232731482008,35028.88954942873,156.90570846461912
2023-09-25 11:00:00,5138.585202531042,35069.64125557323,146.52517158881471
2023-09-25 12:00:00,4939.996271704927,34809.19496095339,141.91641826954864
2023-09-25 13:00:00,4434.592691350162,33625.73055225988,131.8809322063079
2023-09-25 14:00:00,4931.621535213097,33722.39047658186,146.24175408436145
2023-09-25 15:00:00,6024.824817893297,34869.089883516244,172.7841144698597
2023-09-25 16:00:00,6986.133176324655,35639.928284183196,196.01984382850353
2023-09-25 17:00:00,7685.728893981217,35381.14068651363,217.22671301298143
2023-09-25 18:00:00,8191.20620501787,35457.9970734285,231.01153141997952
2023-09-25 19:00:00,7831.849899504791,34223.02514065875,228.84738760864664
2023-09-25 20:00:00,7461.983404184917,32888.343002681744,226.8883964016205
2023-09-25 21:00:00,6788.532751591492,30780.12270178519,220.54924268374572
2023-09-25 22:00:00,5305.065615494538,26941.71904529946,196.9089502631465
2023-09-25 23:00:00,4895.520542850076,25772.110395423868,189.9541972984615
2023-09-26 00:00:00,4624.13377407401,25060.015690908636,184.52238143456432
2023-09-26 01:00:00,4645.724881838248,25097.80513129653,185.10482719642718
2023-09-26 02:00:00,4648.172966205426,25202.139006821064,184.43565305894782
2023-09-26 03:00:00,4620.361797495069,25245.171713015035,183.01962252500988
2023-09-26 04:00:00,5246.005662980006,27106.55952725684,193.53270036741165
2023-09-26 05:00:00,5779.868830235778,29314.077330177894,197.17041628615718
2023-09-26 06:00:00,5921.041820174033,31164.411642373158,189.99369820039857
2023-09-26 07:00:00,6279.9724411592315,33339.272481205575,188.3656112981906
2023-09-26 08:00:00,6465.226807099593,34991.35542196633,184.76640099059878
2023-09-26 09:00:00,6515.217057790313,35984.179546401225,181.057818739177
2023-09-26 10:00:00,6646.919810699299,36948.314772384016,179.89778022751264
2023-09-26 11:00:00,6468.493851459916,38011.59905380313,170.17157953034683
2023-09-26 12:00:00,6009.376501497719,37418.854015292454,160.59755595512863
2023-09-26 13:00:00,6042.916479872771,37168.36913074038,162.58223379714906
2023-09-26 14:00:00,5689.260407331121,36296.42239844109,156.7443850216894
2023-09-26 15:00:00,5843.045430916648,35948.41304189058,162.53973225765947
2023-09-26 16:00:00,6594.5376731441565,36473.965331998195,180.8012266590286
2023-09-26 17:00:00,7589.450739769205,37271.657574070014,203.6252539798285
2023-09-26 18:00:00,7937.423158988012,36944.77844161703,214.84560183603037
2023-09-26 19:00:00,6945.925726641755,34223.90321028048,202.95539301768704
2023-09-26 20:00:00,6620.175452274259,32679.96043137821,202.5759935106221
2023-09-26 21:00:00,5675.266603594806,29968.193102620906,189.37633590923667
2023-09-26 22:00:00,4916.96716288934,27389.118845551275,179.52264877948008
2023-09-26 23:00:00,4454.892749586751,25581.08623955459,174.14791177625608
2023-09-27 00:00:00,4187.414933815865,24386.54215705777,171.7100729922046
2023-09-27 01:00:00,3963.7788485567917,23381.94252124703,169.5230772616488
2023-09-27 02:00:00,3997.6034371942083,22602.588201829327,176.86485288754076
2023-09-27 03:00:00,4288.862952529805,22385.87944330976,191.5878696385803
2023-09-27 04:00:00,5353.295890550331,24541.042817353373,218.13644719143426
2023-09-27 05:00:00,5940.786742201818,26772.47073274054,221.89908438061047
2023-09-27 06:00:00,6592.371459411421,30397.935259160604,216.86905387512363
2023-09-27 07:00:00,6744.7465037678185,32454.021346773457,207.8246770007247
2023-09-27 08:00:00,7141.6464689889945,33931.71393988138,210.47113864163268
2023-09-27 09:00:00,6503.447908172618,34187.31643514451,190.229845051163
2023-09-27 10:00:00,6066.638761968406,34740.04889950524,174.6295400883793
2023-09-27 11:00:00,5494.637584540988,34703.529068008305,158.33080185514214
2023-09-27 12:00:00,4934.274739357066,34256.52745238768,144.0389644342993
2023-09-27 13:00:00,5156.115661488493,34496.67935023644,149.46701417663127
2023-09-27 14:00:00,5607.247198157162,34939.504436912495,160.48445129729086
2023-09-27 15:00:00,6274.422795004693,36475.516731559954,172.01737925143175
2023-09-27 16:00:00,6859.057187831698,37856.25561948958,181.1868890778633
2023-09-27 17:00:00,7275.060876346532,38654.274764270645,188.2084431983988
2023-09-27 18:00:00,7591.3322865323635,39018.90361688039,194.55524330130578
2023-09-27 19:00:00,6254.119061252441,35499.716733805595,176.17377367117922
2023-09-27 20:00:00,5324.697710036853,32852.50835312059,162.07887850764587
2023-09-27 21:00:00,5047.066864379905,31757.595992694885,158.92471412322485
2023-09-27 22:00:00,4348.06165722528,29734.558252372255,146.22923334932636
2023-09-27 23:00:00,3916.957777552232,28458.44105098139,137.63781967308978
2023-09-28 00:00:00,3501.5159924990357,27061.241243257547,129.392290657453
2023-09-28 01:00:00,3089.2248122507644,26265.678710705095,117.6145054645662
2023-09-28 02:00:00,2875.0916876869214,25629.485706918447,112.17906284053201
2023-09-28 03:00:00,3046.391161967325,25889.78133949663,117.6677053397839
2023-09-28 04:00:00,3591.2920370659085,27445.39163890174,130.8522787474283
2023-09-28 05:00:00,4586.300108507845,29794.56515818524,153.9307616727504
2023-09-28 06:00:00,5407.4878034215635,31539.71100423585,171.45013797670265
2023-09-28 07:00:00,5913.690222510554,32860.23252862541,179.9649536064294
2023-09-28 08:00:00,6430.91761650145,34081.09225608131,188.6945866693559
2023-09-28 09:00:00,5965.947159883998,34240.554352633255,174.23629005659453
2023-09-28 10:00:00,6058.519893373927,34178.10394079088,177.2631947011901
2023-09-28 11:00:00,5961.759527397562,34140.908607194215,174.62216943286896
2023-09-28 12:00:00,5715.435262528,34256.07836611416,166.84441229506479
2023-09-28 13:00:00,5443.801613167895,33390.60693426526,163.03392220108148
2023-09-28 14:00:00,6020.466231917141,33679.2490104013,178.7589215560542
2023-09-28 15:00:00,6646.310643550373,35137.17175132193,189.1532616964348
2023-09-28 16:00:00,7531.296973422061,37227.0830067249,202.30693261842643
2023-09-28 17:00:00,7375.608005310396,36167.87253973598,203.92706253891916
2023-09-28 18:00:00,7930.3007047673655,36993.81835918876,214.36826628083358
2023-09-28 19:00:00,7216.989878867852,35114.21617897294,205.5290040388121
2023-09-28 20:00:00,6687.359590821874,33861.670886481515,197.490537700892
2023-09-28 21:00:00,5100.461041560625,29825.703889610562,171.008907633436
2023-09-28 22:00:00,3911.8658728654705,25764.914765806014,151.82917965857646
2023-09-28 23:00:00,3431.185464484228,24357.11182078883,140.8699639649273
2023-09-29 00:00:00,3519.045903384425,24106.02933316803,145.98198047251566
2023-09-29 01:00:00,3630.2161847212305,23450.47813816626,154.80350393423151
2023-09-29 02:00:00,3559.3893532384905,23567.35396447005,151.03050425620953
2023-09-29 03:00:00,3812.108921211453,24223.939466473992,157.36948676277132
2023-09-29 04:00:00,3758.0525795177605,24493.396107682584,153.431258082623
2023-09-29 05:00:00,4419.022391308176,27218.21585100336,162.35532907441748
2023-09-29 06:00:00,5020.058621052761,30112.837557766943,166.70825562096348
2023-09-29 07:00:00,5556.793617092272,33184.23483766353,167.45281740790384
2023-09-29 08:00:00,5895.45065001251,34909.26986133974,168.87923103030653
2023-09-29 09:00:00,5550.201864023915,35368.9430418712,156.92303435399128
2023-09-29 10:00:00,5270.781403769444,35393.778618865064,148.91830173114354
2023-09-29 11:00:00,5000.098075069761,35599.82919327611,140.45286700460207
2023-09-29 12:00:00,4873.358879185706,35709.679923340256,136.47164829389644
2023-09-29 13:00:00,4561.945431417709,35095.89870754709,129.9851435471775
2023-09-29 14:00:00,4528.063126212065,34222.45029620738,132.31265111118813
2023-09-29 15:00:00,4782.445031375093,33742.22963599841,141.7347070115624
2023-09-29 16:00:00,5920.310763434446,34736.72521546526,170.43376215552536
2023-09-29 17:00:00,6339.737399933854,33944.35877486108,186.7685126115569
2023-09-29 18:00:00,6683.196683564309,34137.33036529753,195.77385261379857
2023-09-29 19:00:00,5961.929880667847,31826.22674893773,187.32757507507043
2023-09-29 20:00:00,5534.672260388583,29822.779322408336,185.5853943240603
2023-09-29 21:00:00,4719.008677685008,27046.851231933102,174.475344180304
2023-09-29 22:00:00,3978.7832927989193,24675.46670517772,161.24450006710674
2023-09-29 23:00:00,3665.9335676945757,23156.002020235115,158.31461598988724
2023-09-30 00:00:00,3359.704791940393,22467.34301699184,149.53725455651255
2023-09-30 01:00:00,3088.530696937873,21998.613596071937,140.39660651566513
2023-09-30 02:00:00,2922.972469589578,21216.026690297156,137.7719076365207
2023-09-30 03:00:00,2895.509885299475,20770.810223096418,139.40283764567687
2023-09-30 04:00:00,2986.3841492709194,20487.18017073256,145.76843296068571
2023-09-30 05:00:00,3525.7204615068867,22014.72223664283,160.1528478809709
2023-09-30 06:00:00,4302.864232929109,23697.394750323907,181.57541275166102
2023-09-30 07:00:00,5643.462951461388,26558.673912649723,212.49038901650295
2023-09-30 08:00:00,6091.611593078806,28255.133763787566,215.59308987897828
2023-09-30 09:00:00,5974.556308046201,28867.091621189244,206.9677259644928
2023-09-30 10:00:00,5769.539478973078,29057.55499695004,198.5555728821184
2023-09-30 11:00:00,5609.361624054482,28911.61300568479,194.01759503876633
2023-09-30 12:00:00,5594.8597807221695,28795.62497507419,194.29548014898586
2023-09-30 13:00:00,5335.85271824991,28648.523414439744,186.2522769868298
2023-09-30 14:00:00,5042.227557860502,28210.47497592924,178.73600363562875
2023-09-30 15:00:00,5558.872689817262,29159.509903662958,190.6366982223857
2023-09-30 16:00:00,6260.580969782546,30872.17433156719,202.79041257489348
2023-09-30 17:00:00,6583.198862437344,31613.413604955997,208.24068367628936
2023-09-30 18:00:00,6793.254828282523,31762.77649658571,213.8747168092422
2023-09-30 19:00:00,6356.512307903038,31288.209090142485,203.1599919825929
2023-09-30 20:00:00,5822.0765023684535,30675.35957935085,189.79652014536092
2023-09-30 21:00:00,4706.198281883987,28950.517862997538,162.56007247107348
2023-09-30 22:00:00,3081.574303073655,25191.061960155945,122.3280823947677
2023-09-30 23:00:00,3134.951041756601,25754.19577572473,121.72583718228658
2023-10-01 00:00:00,2862.629299346267,25102.70203037025,114.03669994899133
2023-10-01 01:00:00,2718.784581608495,24731.21056146443,109.93334009475616
2023-10-01 02:00:00,2400.910530921015,23526.036132816243,102.0533385805698
2023-10-01 03:00:00,2544.3274304538795,23604.853029124504,107.7883190933067
2023-10-01 04:00:00,2860.8155730676986,23984.714148777763,119.27661740398449
2023-10-01 05:00:00,3069.811385780152,24196.820264606413,126.8683799032255
2023-10-01 06:00:00,3663.872637355842,25776.925052129463,142.13769213924004
2023-10-01 07:00:00,3631.7522456940956,26144.964031159077,138.90829000054626
2023-10-01 08:00:00,4108.005825767962,29425.786754764966,139.6056411338856
2023-10-01 09:00:00,4516.784793302613,31526.272283846272,143.27050000189735
2023-10-01 10:00:00,4510.936324588783,31268.810167904085,144.26312675047163
2023-10-01 11:00:00,4580.869877229866,31659.715207863625,144.6908112455816
2023-10-01 12:00:00,4678.046551333534,31743.491723013696,147.3702575681679
2023-10-01 13:00:00,4458.551182420046,30901.972593253093,144.28047170663444
2023-10-01 14:00:00,4888.250627632066,31455.136904272003,155.4038897528429
2023-10-01 15:00:00,5428.156507884497,32012.429973593593,169.56402598497124
2023-10-01 16:00:00,6604.487954647195,32610.76305160407,202.52479048699632
2023-10-01 17:00:00,7012.341486440561,32588.36958038606,215.17926722732008
2023-10-01 18:00:00,7057.618640908761,32219.924969074546,219.04516064773063
2023-10-01 19:00:00,6419.652983041129,30283.88926790548,211.982448035319
2023-10-01 20:00:00,5963.654434126899,28361.89316283529,210.26997033969232
2023-10-01 21:00:00,5312.078230120307,26546.233383817755,200.10666497637598
2023-10-01 22:00:00,4627.748247727159,24484.531716417667,189.00701476859794
2023-10-01 23:00:00,4257.230701516661,23119.04099545018,184.14391420277693
2023-10-02 00:00:00,4265.910870864049,23109.658854796966,184.59428145035366
2023-10-02 01:00:00,4036.309390101029,22729.960172484098,177.57661515778676
2023-10-02 02:00:00,3959.221248192505,22913.396916554986,172.79067187685112
2023-10-02 03:00:00,4434.429882253291,23652.745200149522,187.48055858756126
2023-10-02 04:00:00,4918.739254585943,24530.792639239946,200.51285447327245
2023-10-02 05:00:00,6075.5615496908395,27065.64812707279,224.47500688570892
2023-10-02 06:00:00,6960.028207676009,29735.671213033453,234.06326219484686
2023-10-02 07:00:00,7563.471666973122,32371.6343821551,233.64503557912707
2023-10-02 08:00:00,7807.385591703283,34134.10562490379,228.72682464564474
2023-10-02 09:00:00,7915.602981925946,35018.502495940884,226.04059048051727
2023-10-02 10:00:00,7648.198234262293,35050.0821360214,218.2077121697283
2023-10-02 11:00:00,7920.6749300058345,35394.51532745933,223.78255096096527
2023-10-02 12:00:00,7886.825292617546,35280.36221119958,223.54717464079528
2023-10-02 13:00:00,7609.776786803645,34257.99499299705,222.13141161236143
2023-10-02 14:00:00,7520.629109123583,33915.5122995641,221.74599760417718
2023-10-02 15:00:00,7966.959286550549,34526.152773318216,230.75143468366417
2023-10-02 16:00:00,8491.133743283015,35227.63832550147,241.03613375456504
2023-10-02 17:00:00,8664.489238609365,35137.76191271585,246.5862584000779
2023-10-02 18:00:00,8298.499147572365,35397.84185040518,234.4351721396647
2023-10-02 19:00:00,7628.389565581792,32988.41803156277,231.24447975295683
2023-10-02 20:00:00,7213.056520565667,31347.61523133712,230.09905115062867
2023-10-02 21:00:00,6219.189493784278,28691.0633653664,216.7639942300499
2023-10-02 22:00:00,3826.7430884701716,24763.814337857213,154.5296308662802
2023-10-02 23:00:00,2713.816664827274,23427.145720551733,115.84068743152723
2023-10-03 00:00:00,2444.298861425565,22914.43356800613,106.67070840618001
2023-10-03 01:00:00,2697.1799625306344,22826.247838472245,118.16133696685367
2023-10-03 02:00:00,3019.1625730971473,23165.419887072505,130.33057841450977
2023-10-03 03:00:00,3335.86965338024,23552.20428242987,141.6372588050633
2023-10-03 04:00:00,3202.5070298799537,23702.207241993136,135.11429535583846
2023-10-03 05:00:00,3952.609989055754,26612.16869533415,148.526414149357
2023-10-03 06:00:00,4596.663459370536,30420.722857754317,151.10303199776973
2023-10-03 07:00:00,4955.4235432592095,32048.567741051636,154.62230896863795
2023-10-03 08:00:00,5339.978137355628,34050.03361860479,156.82739691739647
2023-10-03 09:00:00,4799.582778639111,35115.09879409401,136.6814545156954
2023-10-03 10:00:00,4962.1272641919895,36050.258548832375,137.64470669386384
2023-10-03 11:00:00,4819.007695491121,36353.34592401595,132.56022445811683
2023-10-03 12:00:00,4755.1276148378,36025.93872970855,131.99177544030286
2023-10-03 13:00:00,4383.235257402657,36098.13786850258,121.42552265077497
2023-10-03 14:00:00,4269.481747027883,35809.60228903537,119.22728749029324
2023-10-03 15:00:00,4306.070006799742,35608.24274599419,120.9290230219002
2023-10-03 16:00:00,4719.664438242211,35093.30540224224,134.48902530397308
2023-10-03 17:00:00,5315.616663841959,34751.9203653535,152.95893314550324
2023-10-03 18:00:00,5669.954118895966,34837.53174733197,162.75418591703757
2023-10-03 19:00:00,5073.486746982242,32993.60706486116,153.7718121273744
2023-10-03 20:00:00,4606.106879346342,30729.36627400511,149.89267394175926
2023-10-03 21:00:00,3931.6422357503843,27998.06350528857,140.42550603572045
2023-10-03 22:00:00,3839.9617047088204,26692.33633555551,143.86008240102242
2023-10-03 23:00:00,3762.1493517330177,26778.724923184447,140.4902347861914
2023-10-04 00:00:00,3800.2545166670766,26570.997784530027,143.0226500142811
2023-10-04 01:00:00,3689.4922609202813,26190.046340618443,140.8738347743282
2023-10-04 02:00:00,3520.4454148358304,25688.828125294294,137.0418844201559
2023-10-04 03:00:00,3510.2211222646984,25484.415156992287,137.73991283066903
2023-10-04 04:00:00,3858.1548688827866,26672.03333536304,144.6516964181903
2023-10-04 05:00:00,5114.603602300405,30177.250483619227,169.48540772714557
2023-10-04 06:00:00,5978.923396911477,32610.269546897245,183.34480149920594
2023-10-04 07:00:00,5731.602777293317,32976.22563374308,173.8101516211251
2023-10-04 08:00:00,5970.225369041599,34470.677038938586,173.19721809634157
2023-10-04 09:00:00,5616.9841392624585,34696.19395013336,161.8904986332332
2023-10-04 10:00:00,5599.511115019425,35161.90729645774,159.24935663497206
2023-10-04 11:00:00,4993.486050206419,35696.11609635231,139.8887777238233
2023-10-04 12:00:00,4645.573449023858,35248.9891412985,131.7930971127056
2023-10-04 13:00:00,4681.545926923798,34053.056036685004,137.4779967436819
2023-10-04 14:00:00,4951.626837278752,33916.197859365595,145.99592966790684
2023-10-04 15:00:00,5637.051916340089,34783.77169218536,162.05982393814205
2023-10-04 16:00:00,6738.727124486239,37254.792350054566,180.88215500351242
2023-10-04 17:00:00,7540.909591458604,38157.96423643211,197.62347762406998
2023-10-04 18:00:00,7541.821659876338,37222.99308115071,202.6119082749267
2023-10-04 19:00:00,6883.64003318311,35291.37470194507,195.05162639084506
2023-10-04 20:00:00,6146.613084776416,33107.052309047525,185.65872392984573
2023-10-04 21:00:00,4662.274497284524,29367.21467810869,158.75780350255485
2023-10-04 22:00:00,3568.3958579360874,25890.5382479778,137.82625234586612
2023-10-04 23:00:00,3659.0895588210506,25748.712759914728,142.1076693401728
2023-10-05 00:00:00,3491.950846320063,25057.967891872242,139.35490943991138
2023-10-05 01:00:00,3311.6863074801668,24100.895649673468,137.40926294268385
2023-10-05 02:00:00,3019.5454914142674,23005.03780563289,131.2558369573693
2023-10-05 03:00:00,3041.4528772123253,22653.03049364397,134.26251635805204
2023-10-05 04:00:00,3803.425621706867,24333.6245876407,156.30329168629757
2023-10-05 05:00:00,5786.467872083617,29423.427436709047,196.6619247377124
2023-10-05 06:00:00,6956.337955779825,32017.006201017077,217.27009427754817
2023-10-05 07:00:00,7006.093714236872,32095.44734579879,218.28933053191892
2023-10-05 08:00:00,7192.991301338289,33128.49668097269,217.12398756293624
2023-10-05 09:00:00,7109.365060509119,33698.630532879775,210.96896069923395
2023-10-05 10:00:00,6318.812260558936,34148.06063737371,185.04161415372576
2023-10-05 11:00:00,5951.460951265236,34534.27889600611,172.33488410709288
2023-10-05 12:00:00,6252.264043718978,35204.902033092425,177.59640512113575
2023-10-05 13:00:00,6169.90511430697,35010.88026413776,176.22822013495355
2023-10-05 14:00:00,6360.643427049707,35828.73464996991,177.52911145733268
2023-10-05 15:00:00,6874.172774801579,37264.266239206634,184.47090117580515
2023-10-05 16:00:00,7301.950900543189,38093.348021426624,191.68572151851842
2023-10-05 17:00:00,7466.808511561032,37904.37289529118,196.99068844082174
2023-10-05 18:00:00,7527.195645211282,37767.10845046208,199.30558504589953
2023-10-05 19:00:00,6733.177119976478,35893.95044668592,187.5852904510306
2023-10-05 20:00:00,6001.742815712087,34028.94167060701,176.37171540060498
2023-10-05 21:00:00,4779.132848421564,30875.286528019475,154.78829140855024
2023-10-05 22:00:00,4034.439983686845,28688.628354310415,140.62854221751866
2023-10-05 23:00:00,3831.2532043108918,28169.24442448962,136.0083766031047
2023-10-06 00:00:00,3644.131514453491,27666.586686750543,131.71597767781944
2023-10-06 01:00:00,3475.3481914120703,27145.95111595326,128.0245505698882
2023-10-06 02:00:00,3301.8301806006525,26653.79139931777,123.87844307527543
2023-10-06 03:00:00,3253.30439599102,26537.154848142363,122.59431783881517
2023-10-06 04:00:00,3525.655595512509,27242.41792422315,129.41786611303692
2023-10-06 05:00:00,4526.11410760822,29837.49193152847,151.6921770098779
2023-10-06 06:00:00,5025.329346027852,31465.84205778743,159.70744837524987
2023-10-06 07:00:00,5348.791717066573,32920.7803563052,162.47463332205422
2023-10-06 08:00:00,5519.784819075844,34495.57494233402,160.0142867107803
2023-10-06 09:00:00,5474.220431718437,35249.3482552813,155.29990489677357
2023-10-06 10:00:00,5421.590121749113,35512.30310032081,152.66793895156113
2023-10-06 11:00:00,5044.150575547018,36232.37668674801,139.21666301818718
2023-10-06 12:00:00,5075.1791517717475,35472.652820859425,143.07300830873655
2023-10-06 13:00:00,4268.081104936154,33327.79852830674,128.06369737596344
2023-10-06 14:00:00,4573.820992248317,33176.527519786454,137.86316212631036
2023-10-06 15:00:00,5375.241265197325,34445.44183095882,156.05087290145235
2023-10-06 16:00:00,6037.067983079632,34921.84715734742,172.87367291536455
2023-10-06 17:00:00,6130.110362151339,33883.05231367956,180.91966170581503
2023-10-06 18:00:00,6256.124162251102,33410.284846683404,187.25144640220387
2023-10-06 19:00:00,5872.083118232339,32015.179473885295,183.41559268853024
2023-10-06 20:00:00,5018.082964619359,29684.53618817091,169.04703960370557
2023-10-06 21:00:00,3901.216545480748,27014.80389919675,144.4103225786046
2023-10-06 22:00:00,3703.978533979197,26397.917232418677,140.31328689183198
2023-10-06 23:00:00,3219.3661432311246,25485.77843712893,126.3201024513732
2023-10-07 00:00:00,3234.212066264897,25842.533161173596,125.15073681414677
2023-10-07 01:00:00,2955.596680077365,25121.598933497036,117.65161476789538
2023-10-07 02:00:00,2595.5680640858805,24227.610459149964,107.13264803651408
2023-10-07 03:00:00,2684.067423963098,24262.8084667526,110.62476248951492
2023-10-07 04:00:00,2586.754612451863,24026.69332315358,107.66169849760846
2023-10-07 05:00:00,2628.4540081515333,24200.91082690153,108.60971419430072
2023-10-07 06:00:00,2913.235033988684,25430.426477273828,114.55706559196432
2023-10-07 07:00:00,3528.7335178431817,28663.560621776425,123.10869415024156
2023-10-07 08:00:00,3828.6546042601126,30805.718194101475,124.2838936633915
2023-10-07 09:00:00,3686.65357697561,31164.235086792494,118.29757947558373
2023-10-07 10:00:00,4073.6228152056683,31062.013930038647,131.14483897859097
2023-10-07 11:00:00,3937.8096743439605,31082.069698906584,126.69071630331253
2023-10-07 12:00:00,3299.094174008383,31035.06332727168,106.30215698994063
2023-10-07 13:00:00,3092.799106626978,30564.096504658693,101.19059485876058
2023-10-07 14:00:00,2922.606877452905,29648.824919957904,98.57412175163718
2023-10-07 15:00:00,3417.2228105651325,29932.847910714525,114.1629697500962
2023-10-07 16:00:00,4791.825919309561,30793.45225960587,155.61184497638695
2023-10-07 17:00:00,5203.850484906012,30823.383738878503,168.8280082741932
2023-10-07 18:00:00,5306.430083445888,30598.967039605483,173.4186018952065
2023-10-07 19:00:00,5187.629209180122,29476.065612949536,175.9946282281674
2023-10-07 20:00:00,4489.569176287444,27420.677833146972,163.7293287790396
2023-10-07 21:00:00,4099.420256687755,25698.069498269047,159.52249864387207
2023-10-07 22:00:00,3131.2287235113904,23256.25961237764,134.6402549550514
2023-10-07 23:00:00,2575.553190702503,21915.616334052374,117.52136702177165
2023-10-08 00:00:00,2591.5153521250336,21534.948868496303,120.3399816711981
2023-10-08 01:00:00,2479.9957073195033,20766.827514240766,119.4210192008797
2023-10-08 02:00:00,2394.6194342382933,20865.37829380611,114.76520581221077
2023-10-08 03:00:00,2522.707631249089,20848.6363658012,121.001085490041
2023-10-08 04:00:00,2818.7408431157296,20563.865326926487,137.07252008817858
2023-10-08 05:00:00,3315.733671703067,21923.57376415232,151.2405644888376
2023-10-08 06:00:00,4292.984684544698,24075.169265061693,178.31586716089066
2023-10-08 07:00:00,4718.663381549478,25263.910795669075,186.774859193945
2023-10-08 08:00:00,5110.806665569048,27687.350174844138,184.58995293137758
2023-10-08 09:00:00,4976.942983614548,28921.27870302183,172.08585535654527
2023-10-08 10:00:00,5165.274154528454,30769.191032285562,167.87162682010796
2023-10-08 11:00:00,5147.84102852309,31334.22279575688,164.28813511915746
2023-10-08 12:00:00,4993.8456795880675,30956.78497459333,161.31667689931584
2023-10-08 13:00:00,4686.122184765295,30251.30905233729,154.90642658332283
2023-10-08 14:00:00,4987.05881279434,30391.230949265162,164.09532148005752
2023-10-08 15:00:00,5521.872063116129,31106.150026757987,177.51705236315422
2023-10-08 16:00:00,6252.0098247481665,31757.20013559937,196.8690501068371
2023-10-08 17:00:00,6704.746764337218,31681.999475250115,211.62637697708905
2023-10-08 18:00:00,7199.301558286407,31625.314438425772,227.64363567999897
2023-10-08 19:00:00,6606.205551324068,30347.02796060176,217.68871600542303
2023-10-08 20:00:00,5681.2003724204715,28891.596714977164,196.6385045612721
2023-10-08 21:00:00,4168.602093484988,25122.61530356662,165.9302601705316
2023-10-08 22:00:00,3787.6525537308717,23495.474543376335,161.20774861296246
2023-10-08 23:00:00,3162.717648212238,22326.2287251018,141.65928725151574
2023-10-09 00:00:00,2844.1516057277186,21552.648823732583,131.96297257884592
2023-10-09 01:00:00,2762.6800357701195,21329.572529538233,129.5234600667325
2023-10-09 02:00:00,2653.888287759215,20794.486091724346,127.62461529719613
2023-10-09 03:00:00,3087.42570593456,21426.139966578867,144.09621661906527
2023-10-09 04:00:00,4237.20124634323,23458.285244368068,180.62706639482568
2023-10-09 05:00:00,5730.42707106279,26853.651821266147,213.3947036032063
2023-10-09 06:00:00,7286.085226008998,30745.779124644585,236.97838966678725
2023-10-09 07:00:00,7993.226353973811,32640.661287319985,244.8855519075823
2023-10-09 08:00:00,8579.587435309773,33561.2223432098,255.6398973664205
2023-10-09 09:00:00,8751.825984958217,34213.00206618519,255.80409366087707
2023-10-09 10:00:00,9218.70985083922,35338.66313049623,260.8675324473082
2023-10-09 11:00:00,9121.10177519045,36021.670938619405,253.21151233469215
2023-10-09 12:00:00,8683.935039251008,35598.1276122582,243.9435897819721
2023-10-09 13:00:00,8650.103474131154,35092.68093376396,246.49309325947144
2023-10-09 14:00:00,8552.194024476868,34529.26853896679,247.67955958364976
2023-10-09 15:00:00,8772.149240991092,35289.70296077438,248.5753209864535
2023-10-09 16:00:00,9028.998743101409,34445.722514393194,262.12249545146364
2023-10-09 17:00:00,9731.541861257696,34361.826881396526,283.2079299755261
2023-10-09 18:00:00,10113.429897966154,34720.94467772687,291.2774981163982
2023-10-09 19:00:00,9232.716414058452,33020.85709192102,279.60256720039393
2023-10-09 20:00:00,8709.827223249393,31962.50949533179,272.501357395654
2023-10-09 21:00:00,7319.686657490704,29567.303077559915,247.56017274520974
2023-10-09 22:00:00,5461.334874047859,26483.207315052183,206.2187864588371
2023-10-09 23:00:00,4867.95288305436,25617.634656697082,190.02351108094038
2023-10-10 00:00:00,4860.411129238424,25777.86960334923,188.54976008595094
2023-10-10 01:00:00,4813.665146061519,25709.367842247713,187.23389760487674
2023-10-10 02:00:00,4710.286955880606,25496.314260034564,184.74383818150432
2023-10-10 03:00:00,4670.788357082892,25413.261496745134,183.79334575694327
2023-10-10 04:00:00,5105.283770694199,26367.118060714332,193.6231240342043
2023-10-10 05:00:00,6131.11700262391,29171.621479463778,210.17402158944404
2023-10-10 06:00:00,7255.36412879674,32394.16178274546,223.9713494504205
2023-10-10 07:00:00,7520.051790520568,33100.935817478974,227.18547390885544
2023-10-10 08:00:00,7650.871714270024,34432.39718960626,222.19979840902602
2023-10-10 09:00:00,7425.92237116667,35601.61842716959,208.58384251148348
2023-10-10 10:00:00,6544.438631991644,35530.81346632976,184.19050940652915
2023-10-10 11:00:00,6125.27276269146,35877.633573807405,170.7267774528819
2023-10-10 12:00:00,5750.158870390709,36056.57036806463,159.4760347890335
2023-10-10 13:00:00,5724.018833578344,36147.57068432934,158.35141131793446
2023-10-10 14:00:00,5623.09224764649,35640.66851728723,157.77179501891365
2023-10-10 15:00:00,6481.377031350003,37071.471133340594,174.8346324869992
2023-10-10 16:00:00,6860.225744133594,37203.89699690044,184.39535365623496
2023-10-10 17:00:00,7351.883315417222,37582.89985825817,195.61777678530513
2023-10-10 18:00:00,7107.099741057742,36484.84687323942,194.79593173983127
2023-10-10 19:00:00,6059.798550590288,33905.42433902755,178.72652145559582
2023-10-10 20:00:00,5406.637773406303,32280.51334552817,167.48921293580625
2023-10-10 21:00:00,4678.2976949813,30260.051447852253,154.60309785141982
2023-10-10 22:00:00,3813.1483207516567,27918.974948022766,136.5790946068278
2023-10-10 23:00:00,3417.4175227960486,26883.32960110336,127.12032227792905
2023-10-11 00:00:00,3262.738950923031,26528.687354736052,122.98908375278313
2023-10-11 01:00:00,3432.115387804146,26914.568262598954,127.51887209625
2023-10-11 02:00:00,3339.49629317517,26513.1727959018,125.9561169416647
2023-10-11 03:00:00,3337.459322275435,26672.08509381626,125.12929943558116
2023-10-11 04:00:00,3598.8196174213376,27533.855760657174,130.705254240623
2023-10-11 05:00:00,4475.557024301,29999.947418819887,149.1854956216805
2023-10-11 06:00:00,5207.329946573363,31452.667550619233,165.5608363962389
2023-10-11 07:00:00,5683.822041136211,32194.529408868053,176.54620662262548
2023-10-11 08:00:00,5883.263866557797,33714.54614580848,174.50224129115932
2023-10-11 09:00:00,6231.287694805924,34816.42901630112,178.97549722541686
2023-10-11 10:00:00,6420.425650833178,35492.92028955622,180.8931358269324
2023-10-11 11:00:00,6472.956007329714,35558.77963830412,182.03538122430416
2023-10-11 12:00:00,6602.242578069562,35027.723617134936,188.48620167939956
2023-10-11 13:00:00,6698.619737388667,34930.51890345168,191.76983187406182
2023-10-11 14:00:00,6991.96703313421,35286.39765200542,198.1490743852352
2023-10-11 15:00:00,7259.13386687127,35416.31121379532,204.96583687246627
2023-10-11 16:00:00,7743.923619746831,35575.597672135606,217.67515169006472
2023-10-11 17:00:00,8138.930340075666,36220.7087408294,224.70378474127276
2023-10-11 18:00:00,7772.793113274842,35833.23655055676,216.91574252044705
2023-10-11 19:00:00,7026.720746492595,33420.77452668738,210.25008683989566
2023-10-11 20:00:00,5934.23446990946,30212.653409112132,196.4155345627371
2023-10-11 21:00:00,4805.871818263451,27231.83098940866,176.4799370315059
2023-10-11 22:00:00,4045.000263358353,24833.853337060584,162.88250592677184
2023-10-11 23:00:00,3686.3629390886067,23840.091719198263,154.62872301451776
2023-10-12 00:00:00,3796.378920271931,23591.58275331652,160.92090810389706
2023-10-12 01:00:00,3937.1950464239035,23398.42304770712,168.26753830360036
2023-10-12 02:00:00,3848.3310895515365,22494.220567590077,171.0808817753061
2023-10-12 03:00:00,3935.9396655555424,21656.149012323473,181.7469792674491
2023-10-12 04:00:00,4811.088485474284,22058.03424331087,218.11048221276803
2023-10-12 05:00:00,7514.065964019236,27493.152514971298,273.3068155762595
2023-10-12 06:00:00,8709.629752751642,31054.120606301556,280.466153370457
2023-10-12 07:00:00,9367.02248372588,33253.064542188826,281.68899957601656
2023-10-12 08:00:00,9534.44984010254,34935.5214087369,272.9156301562484
2023-10-12 09:00:00,9807.028301951981,35841.55512653352,273.62172950726216
2023-10-12 10:00:00,9636.091623764121,36058.04586500978,267.23832067435603
2023-10-12 11:00:00,9430.114489374051,36515.47487373124,258.2498111275544
2023-10-12 12:00:00,9270.27637828788,35926.43620677271,258.0349557894719
2023-10-12 13:00:00,8930.152063182335,35752.16047349139,249.77936843295493
2023-10-12 14:00:00,8902.88247333918,35140.214580335196,253.35310497282276
2023-10-12 15:00:00,8889.530144188484,34667.3844802976,256.423444613788
2023-10-12 16:00:00,9659.994444699108,36123.675561652126,267.414494635587
2023-10-12 17:00:00,10041.597148166431,36524.38204984964,274.9285979557803
2023-10-12 18:00:00,9390.766679319418,35623.07338453779,263.614724590144
2023-10-12 19:00:00,8606.306739282007,34025.943149208826,252.93367186155785
2023-10-12 20:00:00,7584.176053057685,31700.055686963446,239.24803564861415
2023-10-12 21:00:00,6806.197799598895,30057.865763717222,226.4364959608889
2023-10-12 22:00:00,4715.70730231515,25199.116201937886,187.13780533114482
2023-10-12 23:00:00,3516.9339507493073,23872.33015571485,147.32260855178313
2023-10-13 00:00:00,3296.361823696084,23303.01001895065,141.4564822748388
2023-10-13 01:00:00,3147.106461122003,23226.878607808372,135.49416235653868
2023-10-13 02:00:00,3107.513281621558,23984.50191538171,129.56338608093634
2023-10-13 03:00:00,3302.0452208055276,23939.179362706793,137.93477089484352
2023-10-13 04:00:00,3327.9575178440537,23847.08538442306,139.55405720222225
2023-10-13 05:00:00,3787.8079941941596,26250.29264869685,144.2958387125714
2023-10-13 06:00:00,4588.178048010424,30523.12653388391,150.31808890603193
2023-10-13 07:00:00,5390.23636574602,33319.29771892362,161.77520940618888
2023-10-13 08:00:00,5966.937886459631,35203.34316277828,169.49918247448392
2023-10-13 09:00:00,6045.3937863164165,35957.96314726119,168.12392185726117
2023-10-13 10:00:00,6050.258922307386,36579.0821522582,165.40215244121083
2023-10-13 11:00:00,5891.727593714596,37432.410635797336,157.39642447927795
2023-10-13 12:00:00,5626.270796436351,36773.522412320635,152.99787530147833
2023-10-13 13:00:00,5384.581024102994,35765.8320589545,150.55097880086606
2023-10-13 14:00:00,5728.64163618356,35027.35209430231,163.54766471529555
2023-10-13 15:00:00,5614.942325383871,35319.87665235301,158.97400720423536
2023-10-13 16:00:00,5704.550822131009,35654.11801647749,159.99696919987363
2023-10-13 17:00:00,5915.184200076439,35762.92496592889,165.39989963661523
2023-10-13 18:00:00,5646.677072677377,35277.898770849206,160.06273812836417
2023-10-13 19:00:00,4721.753239413923,32923.08881285792,143.4176867867231
2023-10-13 20:00:00,4254.601189015904,31313.850784119277,135.8696258198181
2023-10-13 21:00:00,4171.055796667834,29689.828620161272,140.487702035283
2023-10-13 22:00:00,3100.4322109910777,26738.821177976133,115.95246440949309
2023-10-13 23:00:00,2958.1478211557514,25437.045489833563,116.29290132527521
2023-10-14 00:00:00,2677.483561397123,24881.15197902605,107.61091623306466
2023-10-14 01:00:00,2644.593807881295,24775.635256820435,106.74171541790317
2023-10-14 02:00:00,2613.1639625850025,24085.73453569439,108.49426072982602
2023-10-14 03:00:00,2606.4582625941516,23975.62490036093,108.71283953707976
2023-10-14 04:00:00,2863.1985256999646,24322.41268950943,117.71852415508512
2023-10-14 05:00:00,3253.624106401438,25328.907813087753,128.45497051871502
2023-10-14 06:00:00,3462.800577523432,26662.8548745475,129.87358607382436
2023-10-14 07:00:00,4261.137462951462,28950.99350867104,147.18449857947775
2023-10-14 08:00:00,4830.442027631427,31401.00277747165,153.83082068630563
2023-10-14 09:00:00,4958.587397602019,32688.457498311836,151.69230294387862
2023-10-14 10:00:00,4745.517496473563,33145.60067267707,143.1718659540069
2023-10-14 11:00:00,4542.343358495661,33578.79342785349,135.2741684496562
2023-10-14 12:00:00,4012.905233561699,33285.26766843549,120.56100234901064
2023-10-14 13:00:00,3711.107987358878,31933.609085885935,116.21323406877674
2023-10-14 14:00:00,3360.550540605304,30593.55878199355,109.84503517724859
2023-10-14 15:00:00,3842.465566781309,31227.406790174635,123.04785961254711
2023-10-14 16:00:00,4041.1562932006123,32005.177738504364,126.26570382512925
2023-10-14 17:00:00,4927.46940298932,32916.229113219044,149.69726289243943
2023-10-14 18:00:00,5302.76404991913,33088.18519915115,160.26155614165168
2023-10-14 19:00:00,4818.8134663017845,31784.248534019276,151.61011156655533
2023-10-14 20:00:00,4389.227875746411,29846.487491966207,147.060114759831
2023-10-14 21:00:00,3863.107266887757,27148.32305042724,142.29634956502267
2023-10-14 22:00:00,3421.8268887871664,25420.02868222309,134.6114487738616
2023-10-14 23:00:00,3815.0264967832727,25242.6957244014,151.13387803091862
2023-10-15 00:00:00,4126.731755710769,25866.436548682897,159.54001812131713
2023-10-15 01:00:00,3892.766596380834,25170.644811338418,154.65502078148154
2023-10-15 02:00:00,3569.850654802969,24256.722973346557,147.16953558506415
2023-10-15 03:00:00,3525.8881015138672,23990.16836065012,146.97221163721412
2023-10-15 04:00:00,3553.6869647548574,24024.734039738745,147.9178482840554
2023-10-15 05:00:00,3232.0350999504617,23518.357443332035,137.42605569875008
2023-10-15 06:00:00,3420.2031746310786,24795.865577061006,137.9344134610552
2023-10-15 07:00:00,4004.7950333620424,27490.926458220045,145.6769759814541
2023-10-15 08:00:00,4550.298037508038,30191.613631370274,150.71397286232158
2023-10-15 09:00:00,4606.072782810063,31956.478045276832,144.1358079661986
2023-10-15 10:00:00,4453.931467415773,32829.129179427066,135.67010696728764
2023-10-15 11:00:00,4330.293624461469,33207.13738640862,130.4024967305318
2023-10-15 12:00:00,4005.369596416692,32335.097328428114,123.8706522431056
2023-10-15 13:00:00,3683.86993125469,31748.756894012462,116.03194240179639
2023-10-15 14:00:00,3982.2580975822625,31497.601496091796,126.43051878335493
2023-10-15 15:00:00,4827.710706464825,32297.00763783458,149.47857586686658
2023-10-15 16:00:00,6112.49109536546,33487.347414283075,182.53136086730925
2023-10-15 17:00:00,7482.013468592657,34559.03322509917,216.49950158787135
2023-10-15 18:00:00,7657.177618697158,33829.7974075664,226.34417600693484
2023-10-15 19:00:00,6940.011801125426,31735.823440237542,218.68069105546675
2023-10-15 20:00:00,6161.5633557836745,29418.230792714316,209.4471077883324
2023-10-15 21:00:00,5438.5819618659725,27189.742854452234,200.02329521757218
2023-10-15 22:00:00,4748.557721455627,24618.632526979152,192.88470698978756
2023-10-15 23:00:00,4502.847217992791,23950.064379057225,188.0098168725692
2023-10-16 00:00:00,4567.971885921064,23682.04905533678,192.88752739458016
2023-10-16 01:00:00,4540.230445329024,23436.026183130092,193.72868121291012
2023-10-16 02:00:00,4479.826440317189,23102.969237066518,193.9069560431104
2023-10-16 03:00:00,4476.0281943225145,22570.58617804072,198.31244784760233
2023-10-16 04:00:00,5557.4349368806,23349.858546673167,238.00722071921973
2023-10-16 05:00:00,7712.116240007631,28445.921940117594,271.1150039799255
2023-10-16 06:00:00,9001.894496252757,32680.891256836734,275.4482558479671
2023-10-16 07:00:00,10162.640629829053,35586.89455456145,285.5725613890754
2023-10-16 08:00:00,10650.020370923841,37220.44670785073,286.1335989467715
2023-10-16 09:00:00,10783.133359898842,38207.48084697162,282.22570870577374
2023-10-16 10:00:00,10713.07201566853,38425.962489793346,278.79775343334916
2023-10-16 11:00:00,10281.261073432763,38340.88901814907,268.15395617368233
2023-10-16 12:00:00,9968.51578377119,38022.44352470849,262.1745174608058
2023-10-16 13:00:00,9580.196076962317,37137.449598731524,257.965912588934
2023-10-16 14:00:00,9338.855266374147,36470.94301744677,256.06289538240554
2023-10-16 15:00:00,9699.57327232008,36546.956371674314,265.40030238572007
2023-10-16 16:00:00,10185.346250571982,37140.00955342567,274.24188558488186
2023-10-16 17:00:00,10743.677202850686,38064.1077861778,282.2521747574504
2023-10-16 18:00:00,10544.73668821616,37525.11364330891,281.0047902438901
2023-10-16 19:00:00,9515.291783923649,35257.076463205485,269.8831763278464
2023-10-16 20:00:00,8404.331830459652,32452.068577362716,258.9767678576331
2023-10-16 21:00:00,7512.408534328073,29242.11857706423,256.90370260041135
2023-10-16 22:00:00,5645.790799823968,25686.511928735326,219.79593085614945
2023-10-16 23:00:00,5072.947146191996,24139.003844497718,210.15561283604217
2023-10-17 00:00:00,4838.650020545257,24165.02122565813,200.23363420047968
2023-10-17 01:00:00,4699.172529532271,24288.038169093517,193.4768257862819
2023-10-17 02:00:00,4438.269618145024,23578.538291526867,188.23345040603942
2023-10-17 03:00:00,4579.328737322639,24058.543976002195,190.34105895562124
2023-10-17 04:00:00,5229.94233408727,25051.16085599054,208.7704583493033
2023-10-17 05:00:00,6931.485730211249,29356.265474975702,236.11605965751627
2023-10-17 06:00:00,8013.127807477621,32756.291816319364,244.62866103437986
2023-10-17 07:00:00,8455.919200111244,34888.263785152536,242.3714533971692
2023-10-17 08:00:00,8799.298533821559,36804.30712739823,239.08339052173318
2023-10-17 09:00:00,8893.533720744483,37080.8751136144,239.8415272966194
2023-10-17 10:00:00,8520.462058013029,38233.910767451074,222.85091655511698
2023-10-17 11:00:00,7563.43238382385,37669.33527947605,200.78486460430716
2023-10-17 12:00:00,6789.675384408303,36873.83737518452,184.13259556700334
2023-10-17 13:00:00,6359.455878362994,35778.82780977717,177.7435502407702
2023-10-17 14:00:00,5830.684050863949,34942.27357652059,166.86618969127036
2023-10-17 15:00:00,6235.447200135521,35987.330045769384,173.2678471063332
2023-10-17 16:00:00,7215.086023332764,37363.50089146379,193.10519226481668
2023-10-17 17:00:00,8129.583656706033,38549.98645595362,210.8842156402498
2023-10-17 18:00:00,7428.45850266348,37909.864109443006,195.9505441965728
2023-10-17 19:00:00,6163.884904698421,35489.951120039346,173.67972370122519
2023-10-17 20:00:00,5065.082499052809,32901.3678982131,153.94747460721524
2023-10-17 21:00:00,4460.0615628453,30462.888776262684,146.40967229347837
2023-10-17 22:00:00,3770.0034014228745,27906.41882703272,135.09448936424985
2023-10-17 23:00:00,3709.8753491758875,26951.797022751503,137.64853401219136
2023-10-18 00:00:00,3854.00778427447,27237.980821623525,141.49388713919913
2023-10-18 01:00:00,3806.0834818799617,27238.999525851963,139.72919520291808
2023-10-18 02:00:00,3808.9016939569474,27256.691990639563,139.7418914688911
2023-10-18 03:00:00,3994.7029812595424,27809.820466496527,143.643609136999
2023-10-18 04:00:00,4284.290056714512,28718.801012331638,149.18067278905096
2023-10-18 05:00:00,4640.285675572494,30428.541331720025,152.49780214522673
2023-10-18 06:00:00,5416.069422037853,34793.68611063408,155.66242118803635
2023-10-18 07:00:00,5376.16587411751,34960.31574841409,153.77909950259502
2023-10-18 08:00:00,5572.218900138476,36398.53422650932,153.08910148585568
2023-10-18 09:00:00,5737.76184920759,37097.47161325654,154.66719427739218
2023-10-18 10:00:00,6003.174773536227,37545.80609294404,159.88935644837306
2023-10-18 11:00:00,5984.448027323372,38548.553755715366,155.24442409038738
2023-10-18 12:00:00,5836.117660045006,37762.850361780795,154.54653460035559
2023-10-18 13:00:00,5518.367889990445,36852.795881836166,149.74082041656743
2023-10-18 14:00:00,5675.079661062108,37055.77569418951,153.1496657335386
2023-10-18 15:00:00,5917.756457358303,37712.95974095655,156.91572599992932
2023-10-18 16:00:00,6394.816822157175,38788.25029441137,164.86479213728654
2023-10-18 17:00:00,6817.439895212727,39513.05908954669,172.53637284227136
2023-10-18 18:00:00,6401.648636962368,38217.390585463436,167.50616771301316
2023-10-18 19:00:00,5872.830378836062,35922.3285981415,163.48690655705158
2023-10-18 20:00:00,5315.329583097091,33086.919310685706,160.64746110649412
2023-10-18 21:00:00,4852.6144195416155,30680.05958200752,158.16835057215653
2023-10-18 22:00:00,4589.4161315716965,29565.481474139415,155.22886497167332
2023-10-18 23:00:00,4388.743942605099,28879.52335553658,151.9673260730503
2023-10-19 00:00:00,4231.160491519025,28637.552788658148,147.74867541037824
2023-10-19 01:00:00,4076.540023573376,28280.09384665315,144.1487445437109
2023-10-19 02:00:00,4142.819622954237,27731.13108535603,149.39237819772646
2023-10-19 03:00:00,4115.214719854138,27669.104622226256,148.7295948329472
2023-10-19 04:00:00,4317.239797923513,28331.809833670315,152.38136297218767
2023-10-19 05:00:00,4991.019218025488,30985.76189002168,161.0746005129776
2023-10-19 06:00:00,6172.931465410593,34282.418984977885,180.061140613079
2023-10-19 07:00:00,6815.591865622333,35744.17320286854,190.67700424737671
2023-10-19 08:00:00,6734.120318878381,36668.15358144785,183.6503794476712
2023-10-19 09:00:00,6769.346050209949,37246.907177231,181.74250060547428
2023-10-19 10:00:00,6921.052450410389,37948.24544350101,182.38135569969242
2023-10-19 11:00:00,6525.081387216069,37509.37517945932,173.9586798233125
2023-10-19 12:00:00,6603.460584251843,37661.0715913114,175.33915805452796
2023-10-19 13:00:00,6132.242493471955,36301.255135794236,168.92645916877296
2023-10-19 14:00:00,5896.954749436906,36665.27074787927,160.83216158380577
2023-10-19 15:00:00,6218.3672057393,36982.66571617228,168.14275243063528
2023-10-19 16:00:00,6633.070942743578,37119.32062378115,178.69591445307822
2023-10-19 17:00:00,7037.296802632968,37521.29418623331,187.55474605177602
2023-10-19 18:00:00,6674.288685266008,36113.946712744575,184.81194366138493
2023-10-19 19:00:00,6054.378101131025,34079.55653323023,177.65425131713593
2023-10-19 20:00:00,5408.800213743257,32042.902719935464,168.79869657932633
2023-10-19 21:00:00,4326.693145031408,28857.60196160869,149.9325256058183
2023-10-19 22:00:00,3470.005580499144,26812.71945362996,129.4163983067882
2023-10-19 23:00:00,3558.9168743836844,26133.40934694187,136.18264755035298
2023-10-20 00:00:00,3841.478281007877,27046.318530746987,142.03331505693762
2023-10-20 01:00:00,4157.125364261062,27356.738709522033,151.95983002221297
2023-10-20 02:00:00,4218.196713090869,27034.818376430405,156.02829855769969
2023-10-20 03:00:00,4192.2489118625645,26676.483589455787,157.15148129641807
2023-10-20 04:00:00,4397.007476913369,27304.404562136035,161.03656341991254
2023-10-20 05:00:00,5109.7239747158355,29716.221791422126,171.9506608404305
2023-10-20 06:00:00,5791.622329516103,32824.08460744876,176.44429079377312
2023-10-20 07:00:00,5953.075095227211,34849.215407273725,170.8237911716281
2023-10-20 08:00:00,6200.159810758314,36130.50468066646,171.60457252278675
2023-10-20 09:00:00,6415.968012141632,37088.82378560467,172.98925544874976
2023-10-20 10:00:00,6735.018429648452,37221.07084445472,180.94639076328053
2023-10-20 11:00:00,6478.344307781064,37170.04950585594,174.28936452614724
2023-10-20 12:00:00,6177.00014239946,37048.064503918824,166.72936157693414
2023-10-20 13:00:00,5607.724858095501,35966.02068498229,155.91730058802477
2023-10-20 14:00:00,5671.983498461628,35892.30979370609,158.02782075218354
2023-10-20 15:00:00,6185.1150886577025,36795.96489989836,168.09221080311409
2023-10-20 16:00:00,6781.248576705163,37936.80374349886,178.75118374639692
2023-10-20 17:00:00,7121.869546063461,38275.0346376916,186.07088441535078
2023-10-20 18:00:00,6176.659947888296,35980.2903427651,171.6678739678457
2023-10-20 19:00:00,5366.843856214535,33790.8722705247,158.82525355511336
2023-10-20 20:00:00,4913.976183248071,31578.421536962018,155.61183694683228
2023-10-20 21:00:00,4481.286374114049,29366.301533244474,152.59961725316194
2023-10-20 22:00:00,3833.7119517833844,26908.73595782426,142.47090453420776
2023-10-20 23:00:00,3579.107902240787,25745.404535815425,139.01929166666432
2023-10-21 00:00:00,3597.9196028506867,25803.321281309643,139.43629828214404
2023-10-21 01:00:00,3437.656087574725,25671.132599028973,133.91135254019747
2023-10-21 02:00:00,3188.9131066581,25042.845812916003,127.3382877681337
2023-10-21 03:00:00,3117.374909058768,24919.456137045556,125.0980315105851
2023-10-21 04:00:00,3123.297888167946,24938.12896150407,125.24186930740666
2023-10-21 05:00:00,3286.400659780294,25486.301561842167,128.94772714691015
2023-10-21 06:00:00,3705.3690110029247,26899.570439556348,137.74825956157673
2023-10-21 07:00:00,4446.8291019771805,28874.954694980574,154.0029810938608
2023-10-21 08:00:00,5093.341759005418,30641.05309080645,166.22606748896712
2023-10-21 09:00:00,5490.9152343773685,32083.132290699676,171.14648235169628
2023-10-21 10:00:00,6334.277617585215,33051.24957583869,191.65017053442162
2023-10-21 11:00:00,6507.083862805786,33228.6673017022,195.82741022154835
2023-10-21 12:00:00,6443.863049373414,33068.621502811984,194.86337066773288
2023-10-21 13:00:00,6391.329335569024,32722.690653236703,195.31796462882974
2023-10-21 14:00:00,6201.008008540285,31809.017287451676,194.9449727573482
2023-10-21 15:00:00,6692.51791342412,32441.812693530355,206.2929706378202
2023-10-21 16:00:00,7450.3878708765815,33935.32827179995,219.54665684103045
2023-10-21 17:00:00,7999.502114503092,34720.497797717326,230.39710320711512
2023-10-21 18:00:00,7624.380639171717,33368.056777516475,228.49339684380584
2023-10-21 19:00:00,6928.031665675472,31596.199030315685,219.26788279274405
2023-10-21 20:00:00,5904.8799939737055,29387.66688939946,200.93054736862004
2023-10-21 21:00:00,4891.453581214016,27451.260914520895,178.18684527626135
2023-10-21 22:00:00,3983.9329398918817,24992.815437145233,159.40312726715916
2023-10-21 23:00:00,3764.2366794471,24330.14594656096,154.71492393489615
2023-10-22 00:00:00,3709.0985297202956,24177.620832251818,153.41040193551763
2023-10-22 01:00:00,3565.6071399063308,23442.48687489335,152.10020843501283
2023-10-22 02:00:00,3509.6015340485224,22732.042632404533,154.39006475579913
2023-10-22 03:00:00,3471.792754691459,22155.26484968535,156.7028324078358
2023-10-22 04:00:00,3452.8276302976687,21784.772662411153,158.49729918253402
2023-10-22 05:00:00,3658.8480133572525,22362.511093907353,163.61525760647257
2023-10-22 06:00:00,3931.1989735760712,23672.94932476049,166.06291508697953
2023-10-22 07:00:00,4947.563995476349,25895.07558952136,191.06196382289838
2023-10-22 08:00:00,6108.751055216183,29194.015296356065,209.2466895425195
2023-10-22 09:00:00,6346.587747219365,31018.04349960271,204.60954435442244
2023-10-22 10:00:00,6516.721896738642,31965.56510515138,203.86693854157596
2023-10-22 11:00:00,6424.213346725723,32706.055636386893,196.42274868445188
2023-10-22 12:00:00,6035.709332844821,32101.53106580842,188.01936021280616
2023-10-22 13:00:00,5713.813933540275,30836.983102672915,185.29095127483492
2023-10-22 14:00:00,6322.543729745398,30988.525265679214,204.02854526116536
2023-10-22 15:00:00,7151.772106544485,31821.11549627514,224.74925831502182
2023-10-22 16:00:00,8196.00523571032,32947.8344223,248.7570239263749
2023-10-22 17:00:00,9108.036879950927,33890.00718092235,268.7528754811861
2023-10-22 18:00:00,8887.886977196795,32635.594178417323,272.3372195587161
2023-10-22 19:00:00,8202.921644720162,30890.005721335972,265.55261008107675
2023-10-22 20:00:00,7315.822944858581,28447.43165036456,257.1698926909919
2023-10-22 21:00:00,6351.256835991701,25974.421786634957,244.51966200301396
2023-10-22 22:00:00,5333.479685807406,23527.89106055549,226.6875374456738
2023-10-22 23:00:00,4897.929967901876,22327.18946322089,219.37064564127667
2023-10-23 00:00:00,5030.397529606185,22484.81735824531,223.7241890586899
2023-10-23 01:00:00,5096.924777117065,22557.32946466862,225.9542640054241
2023-10-23 02:00:00,4753.028484496754,21868.229613572064,217.3485722660825
2023-10-23 03:00:00,4704.13021629639,21756.977164373497,216.21249040051782
2023-10-23 04:00:00,5581.139216183867,23975.465492524207,232.78543717635526
2023-10-23 05:00:00,7129.554349592401,27739.72787926818,257.01601618524927
2023-10-23 06:00:00,8304.673696721424,31831.312604594612,260.8963632722675
2023-10-23 07:00:00,8967.479314874736,34230.92640307455,261.97010297884594
2023-10-23 08:00:00,9416.599845513552,35899.45050951909,262.3048462264527
2023-10-23 09:00:00,9311.17132607195,36827.37012078469,252.83291463749936
2023-10-23 10:00:00,9085.30326437285,36830.896093427815,246.676139546712
2023-10-23 11:00:00,8708.347868221756,36735.842258642704,237.0531702229578
2023-10-23 12:00:00,8371.759912382142,36254.89540543311,230.91391710724838
2023-10-23 13:00:00,8148.901901154014,35764.37935757687,227.84966627493358
2023-10-23 14:00:00,7795.547286487743,36077.272122137685,216.07917749702173
2023-10-23 15:00:00,8432.942921324675,37639.63774205179,224.04421049736126
2023-10-23 16:00:00,9088.709917307795,39180.364231528336,231.9710420148196
2023-10-23 17:00:00,9313.69446363507,39071.9008667114,238.37321085061873
2023-10-23 18:00:00,8434.305704165328,37249.197978311306,226.42918940365595
2023-10-23 19:00:00,7418.06259706041,34684.59995831765,213.87193757388275
2023-10-23 20:00:00,5885.987854578428,31432.450899238873,187.2583170000579
2023-10-23 21:00:00,4735.990963504309,28215.93566788484,167.8480919168942
2023-10-23 22:00:00,3596.1028505368326,26379.830073230936,136.32016736097157
2023-10-23 23:00:00,3471.707784633753,25157.691323542076,137.99786872275504
2023-10-24 00:00:00,3408.7250622701804,24625.797558551978,138.42090004051087
2023-10-24 01:00:00,3565.7522999866796,24475.19984056874,145.68838347445424
2023-10-24 02:00:00,3493.3067930948596,24174.55233456378,144.50347393197734
2023-10-24 03:00:00,3648.9886035547843,23920.401467182746,152.5471304719096
2023-10-24 04:00:00,3961.961867984703,24020.92146553197,164.93796350276526
2023-10-24 05:00:00,5800.022811343944,28051.865450940804,206.7606812633355
2023-10-24 06:00:00,7214.773690529371,31642.837202695104,228.00653570707215
2023-10-24 07:00:00,7786.735647806953,34369.707530058564,226.55810035616224
2023-10-24 08:00:00,8118.400634488581,35932.332436527315,225.93581000702733
2023-10-24 09:00:00,8343.436136365355,36976.64714663764,225.6406889266606
2023-10-24 10:00:00,8359.900247882726,36902.0723979772,226.5428390504425
2023-10-24 11:00:00,8408.264118805033,37194.30046828498,226.06324122091323
2023-10-24 12:00:00,8565.288660151711,36817.164101037764,232.64390045485013
2023-10-24 13:00:00,8577.687466459849,36743.65334898522,233.4467774608685
2023-10-24 14:00:00,8827.455940555988,36198.22875280425,243.86430620233403
2023-10-24 15:00:00,9157.699721125393,36171.03108521124,253.17773495457746
2023-10-24 16:00:00,9848.246781335796,37110.716594258876,265.3747403751116
2023-10-24 17:00:00,10574.074972381439,38644.09416235938,273.62719198321736
2023-10-24 18:00:00,10067.361197888893,37417.28378478118,269.0564407559593
2023-10-24 19:00:00,9009.9969024702,34807.16074753981,258.8546927978615
2023-10-24 20:00:00,7737.784478203792,31933.5356110462,242.3090437730045
2023-10-24 21:00:00,6548.057427133521,29274.485409667905,223.67796856203742
2023-10-24 22:00:00,4942.098420230995,26064.33031646042,189.61156339819362
2023-10-24 23:00:00,4707.802827897453,25215.28294441885,186.70434269068863
2023-10-25 00:00:00,4896.24373293404,25252.365472008994,193.89247864170528
2023-10-25 01:00:00,4967.449476802752,24929.865208794807,199.2569729197864
2023-10-25 02:00:00,5011.088813521548,24525.817366861225,204.3189321099825
2023-10-25 03:00:00,4990.687001201189,24150.270745967093,206.65138928244085
2023-10-25 04:00:00,5008.649311305968,24462.2124981606,204.75046203128952
2023-10-25 05:00:00,6097.541523530697,27489.35189447275,221.81467016531306
2023-10-25 06:00:00,8067.458481751203,32787.04714962665,246.0562686519048
2023-10-25 07:00:00,8885.163119896753,34908.98678742154,254.52366102754576
2023-10-25 08:00:00,9612.596559807585,36733.23003308513,261.686667661669
2023-10-25 09:00:00,9669.70791320039,37190.437769320415,260.0052189000378
2023-10-25 10:00:00,9546.855687376225,37521.708229187316,254.43552913590256
2023-10-25 11:00:00,9539.114420674334,38283.57983519333,249.16986503715663
2023-10-25 12:00:00,9361.212007360804,38423.80244622392,243.63054698873958
2023-10-25 13:00:00,8734.784885473855,36970.871780397385,236.26126366068524
2023-10-25 14:00:00,8553.386904144036,36000.81764224123,237.58868448887665
2023-10-25 15:00:00,8339.641995897657,35348.031597954374,235.92945968680985
2023-10-25 16:00:00,9196.462723423416,36877.33728221599,249.37979260933216
2023-10-25 17:00:00,10009.929873469868,38176.157064956016,262.2037062671908
2023-10-25 18:00:00,9644.854008979348,36957.63582363953,260.9705354261358
2023-10-25 19:00:00,8757.303570304997,34932.49715163966,250.69217159855822
2023-10-25 20:00:00,7520.334059204935,32271.75763805816,233.03143707103786
2023-10-25 21:00:00,6138.396537825823,28959.296864138345,211.9663528649857
2023-10-25 22:00:00,4945.237151497049,26411.47608575122,187.23819658701186
2023-10-25 23:00:00,4388.729141458299,25367.1137462987,173.00861206957987
2023-10-26 00:00:00,4076.854208927794,24834.558983397827,164.1605237142812
2023-10-26 01:00:00,4121.095605085089,24677.079011448386,167.00094866062543
2023-10-26 02:00:00,4025.5019029386985,24457.799860656804,164.58969841413182
2023-10-26 03:00:00,4171.065959783382,24578.5974183869,169.7031725928782
2023-10-26 04:00:00,4770.137330285864,24657.92200975733,193.45252728102082
2023-10-26 05:00:00,7006.966364348613,29246.491948775914,239.58313963332904
2023-10-26 06:00:00,8491.708135698374,33271.56265246826,255.22420525891394
2023-10-26 07:00:00,9026.343631742975,35718.90054797589,252.7049683295607
2023-10-26 08:00:00,9398.864799987554,37737.55761061453,249.05864065097614
2023-10-26 09:00:00,9046.212819369386,37670.97845788015,240.1374530126405
2023-10-26 10:00:00,9224.49742609247,38691.03961650059,238.41430774474446
2023-10-26 11:00:00,8645.145159816457,38707.18528663416,223.34729574877358
2023-10-26 12:00:00,8288.05655484416,38581.228871012536,214.82095820621393
2023-10-26 13:00:00,7720.900218277846,37837.41624471594,204.05463650959737
2023-10-26 14:00:00,8094.460580313952,38606.63517814716,209.66501076726126
2023-10-26 15:00:00,8495.533767220208,38791.69420511265,219.00393734544642
2023-10-26 16:00:00,9090.416004895536,38213.45563509456,237.8852122587694
2023-10-26 17:00:00,9454.122377525313,38673.22986918893,244.46167050188478
2023-10-26 18:00:00,8928.328139851303,37494.76937329758,238.1219644521866
2023-10-26 19:00:00,7642.009377805008,35775.52085640338,213.6100102771021
2023-10-26 20:00:00,6296.7028996440695,32899.23629105068,191.3935887124806
2023-10-26 21:00:00,5232.779800172448,30104.0466458635,173.82313619592625
2023-10-26 22:00:00,4339.212502854867,27222.3905524076,159.39865731119997
2023-10-26 23:00:00,3941.7694451920197,25854.717947589965,152.4584198977676
2023-10-27 00:00:00,3785.1531456538337,25347.09926414574,149.33279371371896
2023-10-27 01:00:00,3687.947619244703,24900.658962968428,148.10642661020808
2023-10-27 02:00:00,3573.467990090326,24568.808253257925,145.44734743560343
2023-10-27 03:00:00,3661.5662596370157,24591.029807662937,148.89845151974953
2023-10-27 04:00:00,4097.156597746799,25529.109012771904,160.48960407106418
2023-10-27 05:00:00,5649.412182115985,28872.78575025924,195.66564276068374
2023-10-27 06:00:00,6964.104396815727,32319.39687519364,215.47754816430196
2023-10-27 07:00:00,7515.879824512438,34748.37172496098,216.29444637008748
2023-10-27 08:00:00,7910.924159434356,36165.54908324311,218.74198954440294
2023-10-27 09:00:00,8138.411772008857,37475.04024215639,217.16886011115744
2023-10-27 10:00:00,7916.940249642479,37783.07217150239,209.53669976084618
2023-10-27 11:00:00,7713.507647895783,37606.13751359623,205.11299904455808
2023-10-27 12:00:00,7042.319117621799,36760.6286050998,191.5723257421343
2023-10-27 13:00:00,6534.5720693357935,35918.33994863785,181.9285657043181
2023-10-27 14:00:00,6658.964480759639,35814.49408106361,185.92931860736428
2023-10-27 15:00:00,6590.654259066437,35187.226444929984,187.30246526765006
2023-10-27 16:00:00,7202.999190680049,35820.55639546148,201.08563114314663
2023-10-27 17:00:00,7958.503752349781,37039.81385734005,214.86349210614816
2023-10-27 18:00:00,7659.857407864069,35915.331720371796,213.27541862906602
2023-10-27 19:00:00,6821.293144551868,33819.12373396906,201.69928701317392
2023-10-27 20:00:00,5878.651164899125,31633.070516382366,185.8387778655457
2023-10-27 21:00:00,4802.8959222107105,28817.35598181019,166.66677974351109
2023-10-27 22:00:00,3808.5115414263573,26029.351433437492,146.31603676970283
2023-10-27 23:00:00,3399.9754169504395,24916.285346511104,136.45595118481495
2023-10-28 00:00:00,3297.642884194532,24932.704715579788,132.2617390215961
2023-10-28 01:00:00,3165.270175684182,24845.628242980216,127.39746987796474
2023-10-28 02:00:00,2933.518078852509,24560.553196171142,119.44022821561808
2023-10-28 03:00:00,2994.4959320533235,24698.14539099059,121.24375675372201
2023-10-28 04:00:00,3046.5696376282203,24602.80629209216,123.8301680490591
2023-10-28 05:00:00,3152.647130308618,25263.57994979239,124.79019745317314
2023-10-28 06:00:00,3852.0016280901905,26954.388569064246,142.9081434446323
2023-10-28 07:00:00,4728.2236609266065,29289.82072665493,161.4289040910288
2023-10-28 08:00:00,5488.431189578706,31606.474337345615,173.64895340742513
2023-10-28 09:00:00,5599.645308268294,33080.46583701293,169.27347201994314
2023-10-28 10:00:00,5533.609994370955,33342.0161630573,165.96506843824739
2023-10-28 11:00:00,5184.484967077659,33713.21400622506,153.78198489531007
2023-10-28 12:00:00,4847.013916468806,33017.26597656878,146.80240089862576
2023-10-28 13:00:00,4669.049624292438,32380.571473612905,144.19293458416172
2023-10-28 14:00:00,4886.357805722658,32335.154986188336,151.11595437875033
2023-10-28 15:00:00,5279.474575549326,32478.527858447353,162.55276712537898
2023-10-28 16:00:00,6194.91649101659,34329.29170011046,180.45570369273472
2023-10-28 17:00:00,6365.608442770245,35092.78433455396,181.39365580354865
2023-10-28 18:00:00,5568.896964468224,33885.804396536725,164.34306529365995
2023-10-28 19:00:00,4635.997270871109,31846.90986768664,145.57133769436788
2023-10-28 20:00:00,3722.3207515315476,30099.27923101714,123.66810258020122
2023-10-28 21:00:00,3461.3840024801157,29488.129199667754,117.38228556456255
2023-10-28 22:00:00,3392.7581398207976,27690.13907979556,122.52586128382302
2023-10-28 23:00:00,3139.495982760456,26459.48453864988,118.65295327936317
2023-10-29 00:00:00,2961.241633844161,26168.69056890965,113.15971756578206
2023-10-29 01:00:00,2870.371008498599,25630.57529452887,111.99011241512444
2023-10-29 02:00:00,3413.760936794338,25218.6871796142,135.36632230221278
2023-10-29 03:00:00,3330.650040674271,24444.526496909493,136.25340793962047
2023-10-29 04:00:00,3508.2859797554443,24872.647826767694,141.04995994756388
2023-10-29 05:00:00,3045.423984537297,24724.604739410526,123.17381881874748
2023-10-29 06:00:00,3251.9236021401034,25766.626363130188,126.20680551309287
2023-10-29 07:00:00,3288.6607684390597,27651.717361309813,118.93151971242634
2023-10-29 08:00:00,4205.2559353215065,30841.7371825059,136.34951593150916
2023-10-29 09:00:00,4472.069699128421,32738.83163598059,136.59832912954454
2023-10-29 10:00:00,4337.06429818847,32779.36839841835,132.3107951768143
2023-10-29 11:00:00,4357.570679363875,33456.191627678985,130.24706242293186
2023-10-29 12:00:00,4382.238323182837,33571.77206427874,130.53342298381847
2023-10-29 13:00:00,4494.388341152906,33851.06227070749,132.76949199440804
2023-10-29 14:00:00,4537.488511708895,33602.11391423061,135.03580528566843
2023-10-29 15:00:00,5066.977235582157,34181.10278919245,148.2391386501508
2023-10-29 16:00:00,5755.868246017879,35365.461358974004,162.7539419772711
2023-10-29 17:00:00,6608.323028898877,37120.03379132204,178.0257816048588
2023-10-29 18:00:00,6302.926882022123,36440.76960180621,172.96360507462262
2023-10-29 19:00:00,5453.808397011365,34228.02104610485,159.3375319497768
2023-10-29 20:00:00,4753.164497035155,32227.76286478189,147.48664116023258
2023-10-29 21:00:00,4111.758084139231,30205.977489997076,136.12398689964158
2023-10-29 22:00:00,3612.565697747486,28270.774322568723,127.78446237546292
2023-10-29 23:00:00,3253.2371794820956,27052.504014291226,120.25641610711835
2023-10-30 00:00:00,3177.39820175034,26298.081069563857,120.82243542201674
2023-10-30 01:00:00,3036.9193197347254,25620.02514603456,118.53693750978915
2023-10-30 02:00:00,2887.3859389893228,24572.224343980684,117.50608730286271
2023-10-30 03:00:00,3089.078771402382,23890.510397366703,129.30149754116894
2023-10-30 04:00:00,3338.1987585065726,23282.812749554574,143.37609439265177
2023-10-30 05:00:00,4120.775910353476,24905.45474578062,165.45676248098226
2023-10-30 06:00:00,4774.035507532227,28081.14628579333,170.00856941326083
2023-10-30 07:00:00,6331.1767273828345,32332.425617596593,195.8150867572755
2023-10-30 08:00:00,7176.585028174415,35252.82263716162,203.57476341792977
2023-10-30 09:00:00,7736.214074070302,36953.39122469865,209.35058509324645
2023-10-30 10:00:00,7646.277607510654,37561.832797726755,203.56508290440522
2023-10-30 11:00:00,7430.531366608437,37660.05480773804,197.30537845849548
2023-10-30 12:00:00,7454.914517743711,37981.249049650425,196.27881400104522
2023-10-30 13:00:00,7615.36280046756,37268.09500454132,204.34000717073374
2023-10-30 14:00:00,7778.9262755258305,36991.12917660821,210.29166853454504
2023-10-30 15:00:00,8445.402336164178,36992.91967705119,228.29780427964812
2023-10-30 16:00:00,9089.891398346597,38894.409195801825,233.70688966083432
2023-10-30 17:00:00,9788.496262888206,40801.19891874139,239.907074357857
2023-10-30 18:00:00,9504.757228161825,40236.59241826737,236.22172398094716
2023-10-30 19:00:00,8400.953922412547,38240.16063406862,219.6892947915087
2023-10-30 20:00:00,7535.47103634586,35375.647334066074,213.01295111819323
2023-10-30 21:00:00,6275.139899267861,32129.656943579932,195.30678183981496
2023-10-30 22:00:00,5141.485279320064,29449.697924275053,174.58533165740883
2023-10-30 23:00:00,4037.9944698745003,27058.635319540783,149.2312683987579
2023-10-31 00:00:00,3802.6409660678364,26185.66437355392,145.21842607546344
2023-10-31 01:00:00,3905.1828099830245,26054.770257071104,149.88360179162132
2023-10-31 02:00:00,3780.357244571654,25522.85214384696,148.11656719498023
2023-10-31 03:00:00,3658.0630390154497,25414.99505212282,143.9332579649629
2023-10-31 04:00:00,3507.097832972987,25240.51824161743,138.94714044303433
2023-10-31 05:00:00,3927.905178682835,25917.290165253118,151.55539617135253
2023-10-31 06:00:00,5283.246034989657,29105.991595554733,181.5174727047111
2023-10-31 07:00:00,6815.568711096511,33624.33683045169,202.69749097100495
2023-10-31 08:00:00,7702.515022301507,36534.24117939239,210.83002612481275
2023-10-31 09:00:00,8065.860613354764,37927.2712917282,212.66651511293665
2023-10-31 10:00:00,8069.686877583571,38322.94170318828,210.5706534765366
2023-10-31 11:00:00,7813.667423269989,38254.79752160269,204.25326833471198
2023-10-31 12:00:00,7448.82882853605,38117.62937107164,195.41689636630812
2023-10-31 13:00:00,7184.436031833699,37451.98611464682,191.83057501519238
2023-10-31 14:00:00,7133.294006100633,36677.85894861311,194.48501658983457
2023-10-31 15:00:00,7454.976460811316,36681.9921028799,203.23259543545964
2023-10-31 16:00:00,8080.457811522616,37560.058465378585,215.13432464358038
2023-10-31 17:00:00,8714.401270724808,38803.038934504875,224.58038107359909
2023-10-31 18:00:00,8507.593869891416,38187.965484877954,222.78206659792696
2023-10-31 19:00:00,7928.631652176393,36870.093778633855,215.04235112011077
2023-10-31 20:00:00,7123.642762749946,34659.395105492695,205.53280693640892
2023-10-31 21:00:00,5938.07939800978,31524.114616933406,188.36625453772768
2023-10-31 22:00:00,4838.263671846288,28216.189288794067,171.47119415476075
2023-10-31 23:00:00,3679.9205209337583,25761.335648114888,142.8466509345388
2023-11-01 00:00:00,3342.4604129398635,25580.505100873423,130.6643633407277
2023-11-01 01:00:00,3336.3735055746947,25787.16567123864,129.38116379714708
2023-11-01 02:00:00,3223.896796605713,25321.412605542864,127.318994671727
2023-11-01 03:00:00,3361.6713934742475,25966.86610095962,129.46003496933406
2023-11-01 04:00:00,3345.3087796257237,26859.206967220107,124.5497971592554
2023-11-01 05:00:00,3520.4392614969634,28506.15737146896,123.4975032103231
2023-11-01 06:00:00,3916.003787987378,31541.722115301112,124.15313829956345
2023-11-01 07:00:00,4925.577271684509,35169.9024298456,140.0509222767876
2023-11-01 08:00:00,5685.189039126014,37492.72937408094,151.6344404378369
2023-11-01 09:00:00,5777.537185641551,38649.80213889333,149.48426294342167
2023-11-01 10:00:00,5432.129431673375,38664.310103518175,140.4946685232356
2023-11-01 11:00:00,5111.207949131437,38829.432664449705,131.6323108117674
2023-11-01 12:00:00,4946.57031022318,38790.74381109708,127.51934673673587
2023-11-01 13:00:00,4847.1347772938,38794.7058640296,124.94320215449956
2023-11-01 14:00:00,4855.374060929512,38215.7415722918,127.0516771667172
2023-11-01 15:00:00,4938.6759053005,37889.992738070854,130.34248751223038
2023-11-01 16:00:00,5815.743966868979,39083.07627319731,148.80466230999696
2023-11-01 17:00:00,7280.567527074048,41160.27939008882,176.88333594808321
2023-11-01 18:00:00,7174.460749767131,40357.90892574636,177.77087417901822
2023-11-01 19:00:00,6743.521623600633,38741.14894715024,174.0661236660788
2023-11-01 20:00:00,5956.731236421407,36299.813434977004,164.09812262786306
2023-11-01 21:00:00,4903.627047031149,33283.92974691825,147.32716612241902
2023-11-01 22:00:00,4032.8874595462066,30625.334503064954,131.68468279563115
2023-11-01 23:00:00,3132.966685832226,28315.84897626014,110.64357238445824
2023-11-02 00:00:00,3030.1428306956655,28099.438160130976,107.83642055146134
2023-11-02 01:00:00,2965.596689270046,28284.81880216315,104.84764671864346
2023-11-02 02:00:00,2566.14551156266,26990.837489090798,95.07469016475865
2023-11-02 03:00:00,2698.423656809665,26786.784303158664,100.7371256762414
2023-11-02 04:00:00,2858.1570663282664,26435.253521449806,108.1191471838593
2023-11-02 05:00:00,3196.620414553124,27183.231755797282,117.59530446086092
2023-11-02 06:00:00,4007.9140771122075,29734.740958864484,134.78893536206755
2023-11-02 07:00:00,5019.593291928674,33249.27929423263,150.96848408378483
2023-11-02 08:00:00,6074.423021861929,36270.06142205427,167.47760504668824
2023-11-02 09:00:00,6575.642362249735,37823.57545713461,173.850364032927
2023-11-02 10:00:00,6655.5933814654645,38665.57192280493,172.1322885059926
2023-11-02 11:00:00,6635.6888182665625,38861.32203863069,170.7530385011157
2023-11-02 12:00:00,6548.086238610115,38784.974972299366,168.83048766402007
2023-11-02 13:00:00,6432.7103157023075,38832.27821585188,165.6536935573454
2023-11-02 14:00:00,6385.011492808987,38748.21826885657,164.7820668425641
2023-11-02 15:00:00,6658.9567145103465,39019.09396698354,170.65892714333398
2023-11-02 16:00:00,7391.4970863830695,40414.866691913005,182.89054725156635
2023-11-02 17:00:00,7796.918568548628,42089.17168422649,185.2476125461655
2023-11-02 18:00:00,7321.219581894361,41239.51028555658,177.52925607505313
2023-11-02 19:00:00,6500.982655911071,39106.29215419228,166.23878915132974
2023-11-02 20:00:00,5501.403859295401,36533.27975129316,150.5860929198581
2023-11-02 21:00:00,4409.36462335586,33586.27340225057,131.28472368894595
2023-11-02 22:00:00,3776.251344419683,31421.19469824372,120.18166020373363
2023-11-02 23:00:00,3661.0774328653256,29889.101742849674,122.48870723393885
2023-11-03 00:00:00,3294.5809478053006,28904.43615487264,113.98184452215679
2023-11-03 01:00:00,3114.73382394973,27885.2230794469,111.69836493958256
2023-11-03 02:00:00,2973.6903021604476,27391.231586513008,108.5635851300912
2023-11-03 03:00:00,2868.6813066226514,26843.368208489304,106.8674126265355
2023-11-03 04:00:00,3160.1738411263755,26860.7214643541,117.65037083311886
2023-11-03 05:00:00,3683.2325990937047,27732.524291951482,132.81274219103994
2023-11-03 06:00:00,4528.015097256316,29750.01314068259,152.2021209148422
2023-11-03 07:00:00,5864.002869857138,33791.79858113452,173.5333162506161
2023-11-03 08:00:00,6317.336238899573,36089.11037882132,175.04826726365812
2023-11-03 09:00:00,6429.54640297794,37171.45230770616,172.97000799845006
2023-11-03 10:00:00,5659.806685506063,33287.968517720634,170.02559595948614
2023-11-03 11:00:00,5917.760975272116,34921.5191636822,169.45886424742054
2023-11-03 12:00:00,6058.704100978379,38349.3086348264,157.98730972365564
2023-11-03 13:00:00,5579.082964170682,37800.60303357847,147.59243283009943
2023-11-03 14:00:00,5004.114111907187,36096.61147030815,138.63113206688118
2023-11-03 15:00:00,5685.618267020762,36225.8303358667,156.94928768524343
2023-11-03 16:00:00,6692.969369828103,38003.8857701985,176.1127641078357
2023-11-03 17:00:00,8101.890962162704,40262.6744602838,201.22585175395216
2023-11-03 18:00:00,8171.343789521252,39142.25880933247,208.76014921175178
2023-11-03 19:00:00,7160.812244627968,37214.222543050484,192.4213850321375
2023-11-03 20:00:00,6598.106220703482,34630.738340552445,190.52744864457966
2023-11-03 21:00:00,6073.3022102622035,32473.27448880321,187.02463197409546
2023-11-03 22:00:00,5262.44193269329,29703.266664766277,177.16711067794935
2023-11-03 23:00:00,4307.406574091197,27216.413150940494,158.26503478627382
2023-11-04 00:00:00,4521.86295622487,26867.561307929293,168.30194986436504
2023-11-04 01:00:00,4406.070214647738,25849.529863726577,170.45069051064516
2023-11-04 02:00:00,4084.9403838740054,24516.415869418237,166.6206188388882
2023-11-04 03:00:00,4120.729081310837,23910.970337890772,172.33633863787114
2023-11-04 04:00:00,4264.942609279619,24147.16637460127,176.62290237771404
2023-11-04 05:00:00,4308.025762170159,24820.158193595857,173.56963354414574
2023-11-04 06:00:00,4347.40548080697,25686.056643235625,169.2515726018167
2023-11-04 07:00:00,4594.11538605368,27183.214764748373,169.005595026656
2023-11-04 08:00:00,5739.781052544801,30373.13401296664,188.97559435567047
2023-11-04 09:00:00,6585.419317727247,32429.607404661096,203.06811721626724
2023-11-04 10:00:00,7131.506011039093,33923.1273696981,210.22548815500204
2023-11-04 11:00:00,6971.930192213851,34487.585634501345,202.15767685515044
2023-11-04 12:00:00,6648.499236156226,34893.616358006504,190.53626221894012
2023-11-04 13:00:00,6311.6461688498,34728.57817664394,181.7421414935605
2023-11-04 14:00:00,6202.492542525494,34348.59407694664,180.57485929790505
2023-11-04 15:00:00,6267.617569391497,34104.008040317356,183.77950069628162
2023-11-04 16:00:00,7130.360578079273,35558.69886560328,200.5236638446473
2023-11-04 17:00:00,7980.849090456718,36917.48648163891,216.1807276458551
2023-11-04 18:00:00,7704.635684895304,35850.49762978565,214.91014614240854
2023-11-04 19:00:00,6949.167322709331,33333.901929860105,208.47146359677595
2023-11-04 20:00:00,6587.981990530054,32064.45350196614,205.46060422099785
2023-11-04 21:00:00,6147.83662020492,30451.05563634088,201.89239721686275
2023-11-04 22:00:00,5058.010297052093,28517.897061272826,177.36266759728395
2023-11-04 23:00:00,4257.295111639579,26014.44887374981,163.65117448001956
2023-11-05 00:00:00,4148.268345764872,25145.595646072034,164.96997741283843
2023-11-05 01:00:00,3845.707452155131,24184.21748590455,159.01723735310227
2023-11-05 02:00:00,3627.467746126056,23559.104163071064,153.97307643862442
2023-11-05 03:00:00,3357.1429246008047,22652.37445132094,148.20269423919214
2023-11-05 04:00:00,3256.524558697318,22612.45760017121,144.01462310194276
2023-11-05 05:00:00,3309.120828268079,23585.724837448208,140.30184999928545
2023-11-05 06:00:00,3610.5728234497515,24580.620945307386,146.88696560934665
2023-11-05 07:00:00,4562.057225604266,26861.926824487753,169.83358101643788
2023-11-05 08:00:00,5491.604925899264,29285.94619585423,187.51673205889674
2023-11-05 09:00:00,5990.395700945925,31554.571510022663,189.84240362900184
2023-11-05 10:00:00,6085.819827561608,33226.00854009757,183.1643370649581
2023-11-05 11:00:00,5855.891783866847,34478.48596796703,169.84190632115883
2023-11-05 12:00:00,5801.776226169731,34351.984430955185,168.8920253742793
2023-11-05 13:00:00,5866.503071682859,34169.939612490976,171.6860825103224
2023-11-05 14:00:00,5916.545955075102,33597.45552725795,176.10101307448562
2023-11-05 15:00:00,6455.878470055108,34076.45243827176,189.45277480834295
2023-11-05 16:00:00,7936.995026235805,36677.72937661552,216.3982111525193
2023-11-05 17:00:00,9050.889285976886,38314.3563975904,236.2270996295816
2023-11-05 18:00:00,8430.078298880077,36649.93551038672,230.0161836980849
2023-11-05 19:00:00,7612.434843800385,34665.352015767625,219.59779437225532
2023-11-05 20:00:00,6998.168061474507,33365.84479673446,209.74047275312577
2023-11-05 21:00:00,5823.696017587448,30447.27343418643,191.27151172257538
2023-11-05 22:00:00,5109.756954845884,28078.059278687324,181.98397916783549
2023-11-05 23:00:00,4256.023436206424,25156.724067714833,169.18035212972902
2023-11-06 00:00:00,3800.9843994846824,24548.247621791816,154.83730073304687
2023-11-06 01:00:00,3957.888595395794,24957.939147569152,158.582348165605
2023-11-06 02:00:00,3688.343155553829,24503.26423414339,150.52456359730272
2023-11-06 03:00:00,3529.9136299519346,24199.208146280365,145.8689725967134
2023-11-06 04:00:00,3372.0315935344065,24103.548434515626,139.89772512937344
2023-11-06 05:00:00,3563.7359858401405,24814.15888160189,143.61703746816994
2023-11-06 06:00:00,4615.3600934821725,27701.703697420147,166.60925060403414
2023-11-06 07:00:00,6920.325150145674,32996.437485000104,209.72946407598076
2023-11-06 08:00:00,7666.33626256511,36393.87062013506,210.64910469631877
2023-11-06 09:00:00,7674.71479939855,38196.324772707645,200.92809570208576
2023-11-06 10:00:00,7777.284602575206,38547.25894115095,201.75973120290018
2023-11-06 11:00:00,7257.747679454304,38678.72611885813,187.6418488331685
2023-11-06 12:00:00,6930.549987356811,38545.70551145026,179.8008337218797
2023-11-06 13:00:00,6546.648911790627,37706.21875975501,173.6225250668217
2023-11-06 14:00:00,6395.747335135064,36609.05989416705,174.70394906682932
2023-11-06 15:00:00,6964.1203175490655,36470.274607865606,190.95332822218734
2023-11-06 16:00:00,8264.083390343409,38416.04583201217,215.1206146119529
2023-11-06 17:00:00,9640.31070276942,40974.31512807917,235.27692098416648
2023-11-06 18:00:00,9346.398983720352,40940.19117331519,228.29397508559592
2023-11-06 19:00:00,8161.1647087374895,39030.87068752526,209.09512303925868
2023-11-06 20:00:00,6980.18114951771,36505.22984743845,191.21044241302056
2023-11-06 21:00:00,5283.795565030545,32950.80055494387,160.354087792801
2023-11-06 22:00:00,3988.0229734733516,29719.616105402616,134.18823982549304
2023-11-06 23:00:00,3561.10483556816,28189.4213481697,126.32770256560721
2023-11-07 00:00:00,3263.038416770081,27396.67170399599,119.10346088843137
2023-11-07 01:00:00,3201.7241210523757,26796.82550674686,119.4814706781686
2023-11-07 02:00:00,2931.4983022620763,25975.148613662284,112.85780673917611
2023-11-07 03:00:00,2958.954917077941,25501.711667064566,116.0296593306491
2023-11-07 04:00:00,2904.7342968949356,25023.322371907514,116.08108043062826
2023-11-07 05:00:00,3358.252309301275,25231.007805368925,133.10020492271696
2023-11-07 06:00:00,5433.7872810624685,30045.685017721367,180.85083691244
2023-11-07 07:00:00,6518.353164355141,33486.2826006095,194.65741366694724
2023-11-07 08:00:00,7218.841609088479,36995.03499906728,195.13001161562576
2023-11-07 09:00:00,7470.075356589491,38680.55575344189,193.1222344426834
2023-11-07 10:00:00,7346.531748391839,38951.03883208487,188.60939191024426
2023-11-07 11:00:00,7037.167802247513,39162.47964610295,179.69157892553875
2023-11-07 12:00:00,6739.897547854897,38738.93528702301,173.98251908365347
2023-11-07 13:00:00,6999.324174009149,37870.492917646836,184.8226319427602
2023-11-07 14:00:00,7154.6800071972575,36812.96991858059,194.3521542277435
2023-11-07 15:00:00,7808.9210515566665,37151.48290942923,210.19136895810755
2023-11-07 16:00:00,9118.540080862973,39212.240774479316,232.54320336617016
2023-11-07 17:00:00,10354.628446398956,41578.967356456946,249.0352479807546
2023-11-07 18:00:00,10471.49864358152,41572.42905844626,251.88565789263234
2023-11-07 19:00:00,9781.14483472188,39537.21016182981,247.3908703898596
2023-11-07 20:00:00,8664.02035027698,36510.55414334371,237.30180364453685
2023-11-07 21:00:00,7278.099280332353,33486.49208355584,217.34433281849786
2023-11-07 22:00:00,5637.379839594867,29631.296455584426,190.2508669522769
2023-11-07 23:00:00,3989.5589869412147,26361.765948703916,151.33883650679186
2023-11-08 00:00:00,3600.072925897819,25640.665975441712,140.40481356240593
2023-11-08 01:00:00,3546.641873006328,25675.086921036796,138.13553519464034
2023-11-08 02:00:00,3447.5938905349094,25636.787948265774,134.47838697624854
2023-11-08 03:00:00,3577.0268322598777,25622.184744749575,139.6066287045593
2023-11-08 04:00:00,3482.1591144710333,25472.754286033665,136.70131919657584
2023-11-08 05:00:00,4222.530272782763,27547.205202034795,153.28343626201553
2023-11-08 06:00:00,5381.568283289269,32169.758653249894,167.28656068874815
2023-11-08 07:00:00,6122.1123929422965,35990.78232315562,170.10223167623323
2023-11-08 08:00:00,6842.483432080161,39368.067106594106,173.8079599781533
2023-11-08 09:00:00,6723.496620509956,40008.14512285817,168.0531951647158
2023-11-08 10:00:00,6832.122885143951,39680.77538333,172.17715176034952
2023-11-08 11:00:00,6897.1899335323105,40390.201954906996,170.76393777957756
2023-11-08 12:00:00,6927.518871900213,40544.50094885881,170.86210730866568
2023-11-08 13:00:00,6580.2449082198555,39327.17273981378,167.3205687007902
2023-11-08 14:00:00,6813.044927957716,38954.900583435934,174.89570826564247
2023-11-08 15:00:00,7233.170338802908,39043.2199457436,185.26059963431504
2023-11-08 16:00:00,8218.208441129429,39900.849840837494,205.9657494492336
2023-11-08 17:00:00,8674.833187429318,41529.544456164396,208.88341784210633
2023-11-08 18:00:00,8504.79591195828,41389.98805879174,205.47954495366798
2023-11-08 19:00:00,8221.098909483902,40193.91785059564,204.53589371512518
2023-11-08 20:00:00,7274.637139476588,37434.89866123581,194.32768351553048
2023-11-08 21:00:00,5889.392104918176,33875.923314043626,173.8518549094916
2023-11-08 22:00:00,4696.205469382177,29960.859546489708,156.74468424696437
2023-11-08 23:00:00,3805.126470972795,27315.49776645106,139.3028420535048
2023-11-09 00:00:00,3686.727421197921,27055.5083875545,136.265316784578
2023-11-09 01:00:00,3416.108365222454,26663.789165463622,128.11788842251954
2023-11-09 02:00:00,3181.704035036041,26063.314390793934,122.07595654679592
2023-11-09 03:00:00,3073.138934198867,25791.284382509486,119.15416419831091
2023-11-09 04:00:00,3058.885542992093,25518.31767510911,119.87018822858252
2023-11-09 05:00:00,4011.148574063572,26738.43539226823,150.0143338687442
2023-11-09 06:00:00,6154.012778462989,31230.41388300978,197.05191232867216
2023-11-09 07:00:00,7297.746064857513,35612.7425701762,204.91951863794372
2023-11-09 08:00:00,7640.717336526338,37760.4972156062,202.3468412743377
2023-11-09 09:00:00,8055.189488884,39300.88081296104,204.96205994007843
2023-11-09 10:00:00,8608.220699290288,39757.40723706287,216.51866400547078
2023-11-09 11:00:00,8099.500799672719,39598.74083224178,204.53935224824133
2023-11-09 12:00:00,7808.737287192037,39611.708290897324,197.1320507019503
2023-11-09 13:00:00,7522.847284142101,38811.1471871237,193.83212889512168
2023-11-09 14:00:00,7962.988414655353,38776.235287571646,205.35744008154415
2023-11-09 15:00:00,8654.336456654628,38882.287960797425,222.57786026841458
2023-11-09 16:00:00,9685.30511125744,40618.49160903067,238.44571099494286
2023-11-09 17:00:00,10477.153054533443,42018.64926688246,249.34530826984832
2023-11-09 18:00:00,10535.429963864812,41857.17865600242,251.69947670025311
2023-11-09 19:00:00,9607.276133197349,40071.03115923481,239.75614939929608
2023-11-09 20:00:00,8593.905929830513,37764.511855229335,227.5656564230287
2023-11-09 21:00:00,7300.8063986482175,34475.470445943305,211.76814425478844
2023-11-09 22:00:00,6244.492357398206,31170.418252917672,200.3339290069904
2023-11-09 23:00:00,5214.983560959308,28132.30960018045,185.37345973634024
2023-11-10 00:00:00,4935.731054055248,27025.224497002586,182.63422953628668
2023-11-10 01:00:00,4671.7357056260225,26586.733663166164,175.71679788925508
2023-11-10 02:00:00,4404.801309167425,26004.661006196995,169.38506939651114
2023-11-10 03:00:00,4184.601068004583,25259.376136109215,165.6652581384439
2023-11-10 04:00:00,4226.418887047809,24792.34347799033,170.47274658806893
2023-11-10 05:00:00,4902.294033799135,25567.86521255513,191.73654089008016
2023-11-10 06:00:00,6673.084529724793,29526.16455126507,226.00580302729773
2023-11-10 07:00:00,8537.25190973732,34379.76526110618,248.32199536264756
2023-11-10 08:00:00,9272.839206753077,36802.73551234818,251.9605968866586
2023-11-10 09:00:00,9655.585495048113,38636.78263888676,249.90656145706234
2023-11-10 10:00:00,9711.452263206373,39367.26282408846,246.68853170213364
2023-11-10 11:00:00,9562.159596286716,39913.73075879845,239.57067942537208
2023-11-10 12:00:00,9114.36627103572,39842.82327710542,228.758042763326
2023-11-10 13:00:00,8383.780600867622,39677.695728586026,211.29706367568815
2023-11-10 14:00:00,7931.717740733806,38904.1021956687,203.8786989824653
2023-11-10 15:00:00,7738.751961724827,38829.97909895196,199.29838082075352
2023-11-10 16:00:00,8518.035120196564,40442.13887869633,210.6227651743613
2023-11-10 17:00:00,9636.24411538475,42294.50395289193,227.83679236710523
2023-11-10 18:00:00,9380.43443193385,41597.12565183135,225.50679367724217
2023-11-10 19:00:00,8663.351260857109,39255.16187743995,220.693301123182
2023-11-10 20:00:00,7675.083505396136,36873.44016025793,208.14666253105167
2023-11-10 21:00:00,6710.020120271424,33926.67895056402,197.78004590572732
2023-11-10 22:00:00,5365.722737953202,30795.114953054323,174.23941252153108
2023-11-10 23:00:00,4452.858913183596,28604.166744715112,155.67168772732398
2023-11-11 00:00:00,4370.529166883817,28101.546237378647,155.52628776954825
2023-11-11 01:00:00,4190.772170532862,27756.781276426445,150.9819214554262
2023-11-11 02:00:00,3947.1365509115667,26957.285090680158,146.42188698283255
2023-11-11 03:00:00,3833.2256981179175,26189.30358727709,146.36607977541337
2023-11-11 04:00:00,3433.93480347415,25221.74985794978,136.14974467728254
2023-11-11 05:00:00,3303.6513353781734,24541.95442706674,134.61239793252386
2023-11-11 06:00:00,4032.9191717058034,26040.391139514293,154.87168184605946
2023-11-11 07:00:00,5521.509330247669,28422.039085940287,194.2685854998711
2023-11-11 08:00:00,6953.055699260335,32158.001762150747,216.2154150835307
2023-11-11 09:00:00,7715.7309221811565,34881.15696695696,221.2005447379597
2023-11-11 10:00:00,7912.149524919602,35851.70939232737,220.69099797547958
2023-11-11 11:00:00,7833.368253566591,35822.728456685305,218.67034117845688
2023-11-11 12:00:00,7687.35013925946,35322.20334139474,217.63506837215084
2023-11-11 13:00:00,7785.3851456873,34418.67364087677,226.19654745908386
2023-11-11 14:00:00,7886.251954753289,33486.12981250652,235.50801477834273
2023-11-11 15:00:00,8239.677956063422,33168.703309370445,248.41724680071053
2023-11-11 16:00:00,9673.207137164649,35994.48254885554,268.7413862398256
2023-11-11 17:00:00,10889.392816531481,38188.31810190922,285.1498405211794
2023-11-11 18:00:00,10677.522808311127,37555.1871027086,284.31552688339633
2023-11-11 19:00:00,9760.633077939907,35444.49972295901,275.3779332260543
2023-11-11 20:00:00,8935.91649374661,33457.45826378753,267.08294525225017
2023-11-11 21:00:00,8035.883058219553,31228.429414344384,257.32587930049317
2023-11-11 22:00:00,7200.492119356233,29087.78216284917,247.543524598884
2023-11-11 23:00:00,5923.705135740958,26106.10188909577,226.9088338391579
2023-11-12 00:00:00,5648.62909323457,25566.200896690843,220.94127774634282
2023-11-12 01:00:00,5413.987523594735,25123.729163379026,215.49299024789272
2023-11-12 02:00:00,5094.542857371714,24494.1542881075,207.99015134175244
2023-11-12 03:00:00,4835.105193994692,23894.050281462027,202.35603160783347
2023-11-12 04:00:00,4522.842423851741,23356.85506370763,193.6408994924761
2023-11-12 05:00:00,4290.762098067313,23210.770240843573,184.86082338262673
2023-11-12 06:00:00,4561.007854587764,24091.792424585037,189.31791268188815
2023-11-12 07:00:00,5312.403835389728,26026.332977132137,204.11649386248288
2023-11-12 08:00:00,6235.650488207547,28817.661529796813,216.382945637696
2023-11-12 09:00:00,7369.76857596104,32035.475459544352,230.0502324452113
2023-11-12 10:00:00,7936.082378837196,33743.168246626636,235.19078946093273
2023-11-12 11:00:00,8165.991896033424,34773.62043579511,234.83295077401704
2023-11-12 12:00:00,8476.135748011593,35739.6923778114,237.16308630775765
2023-11-12 13:00:00,8461.470260739485,36230.08968551136,233.5481455935584
2023-11-12 14:00:00,8082.081687349905,35956.67911492257,224.77275116309946
2023-11-12 15:00:00,7826.508307464295,36520.240971269435,214.30604232927786
2023-11-12 16:00:00,8689.542241186591,39771.66137740403,218.4857745501044
2023-11-12 17:00:00,9539.482034848368,40996.28797231858,232.69136077123846
2023-11-12 18:00:00,8862.046830073481,40271.71043603526,220.05638037523462
2023-11-12 19:00:00,7784.036356833302,38043.53203896779,204.60866643139641
2023-11-12 20:00:00,6803.466746285451,35083.701939679595,193.92100520015944
2023-11-12 21:00:00,5984.168513072882,32588.270068483747,183.6295237672096
2023-11-12 22:00:00,5142.54954219476,29789.76005416754,172.6280954544085
2023-11-12 23:00:00,3978.760276162518,26770.734784878434,148.6234990609947
2023-11-13 00:00:00,3806.917827200932,25742.26800934015,147.88587492833406
2023-11-13 01:00:00,3861.5167740692154,26147.12685630486,147.68417177499896
2023-11-13 02:00:00,3561.713552026159,26039.491717958295,136.7812240962369
2023-11-13 03:00:00,3739.928905998964,26707.48576464508,140.03298322262214
2023-11-13 04:00:00,3833.910335995981,27260.90545056875,140.63767408415237
2023-11-13 05:00:00,4001.1255076533726,29163.16111155519,137.1979358598415
2023-11-13 06:00:00,5057.279338220841,33168.43463030335,152.47265644548713
2023-11-13 07:00:00,6522.549384860953,37389.94195534356,174.44663039731697
2023-11-13 08:00:00,7125.557018975923,39395.78028892889,180.8710721482617
2023-11-13 09:00:00,7480.914082576486,41248.23620802257,181.3632477483119
2023-11-13 10:00:00,7130.831315279264,40536.71475251682,175.9104396795384
2023-11-13 11:00:00,6311.777381058669,40572.86505336341,155.5664696776309
2023-11-13 12:00:00,6014.225875185595,39078.91609224037,153.8995058355725
2023-11-13 13:00:00,5873.317593848121,38674.587580816515,151.8650349295883
2023-11-13 14:00:00,6108.864400949914,38529.594650108185,158.54992652856163
2023-11-13 15:00:00,6505.573119140438,39332.272218143,165.40038884759826
2023-11-13 16:00:00,7622.728613176702,42060.43965692313,181.2327373501909
2023-11-13 17:00:00,8626.217937326166,43738.78454339486,197.22125402839617
2023-11-13 18:00:00,8473.39297265591,42475.95626725549,199.48680894532347
2023-11-13 19:00:00,7238.288479603513,39795.39966258092,181.88756843695123
2023-11-13 20:00:00,6243.14991707155,37003.429671908416,168.718142410759
2023-11-13 21:00:00,5161.385456009514,33850.3351179423,152.4766427873186
2023-11-13 22:00:00,4114.229596633605,30796.019437000028,133.596148848073
2023-11-13 23:00:00,3314.4066485633875,27884.959046025913,118.86001493108692
2023-11-14 00:00:00,3452.2358288556097,27796.06787114242,124.19871202141091
2023-11-14 01:00:00,3170.861221376435,26702.54016593204,118.74754992118396
2023-11-14 02:00:00,2879.106396809697,25512.468704234125,112.85095261407893
2023-11-14 03:00:00,2831.328156096133,25025.53723686868,113.13755741974245
2023-11-14 04:00:00,2863.5421127827885,24777.49048329579,115.57030421274096
2023-11-14 05:00:00,3083.120263437111,25252.05839652276,122.09381964131926
2023-11-14 06:00:00,4922.879757561618,29565.33704141961,166.5084944123891
2023-11-14 07:00:00,6918.602729089874,34244.49187570183,202.03549096895685
2023-11-14 08:00:00,7930.265652227949,36819.495592471634,215.38224586241822
2023-11-14 09:00:00,8472.025282229673,38458.56520421479,220.2896867640085
2023-11-14 10:00:00,9258.036773043865,38915.13125958306,237.90326470411233
2023-11-14 11:00:00,9528.57448711372,39215.11086939748,242.98221465821703
2023-11-14 12:00:00,9199.183582716445,38359.54062209686,239.81474839188488
2023-11-14 13:00:00,8987.331754538278,38266.49547459873,234.86163661117237
2023-11-14 14:00:00,8664.582322521175,38099.94400579179,227.41719308574372
2023-11-14 15:00:00,8585.58024353296,38059.40196425865,225.58368761536573
2023-11-14 16:00:00,9402.2481957094,39673.629647199836,236.98986655164813
2023-11-14 17:00:00,10476.191701426756,41540.784024297864,252.19051463494446
2023-11-14 18:00:00,10265.16919380312,41043.54648465821,250.10434216838863
2023-11-14 19:00:00,9279.312620439396,38769.09575376399,239.3481828767825
2023-11-14 20:00:00,8078.503971102523,36234.45046916079,222.95091733150895
2023-11-14 21:00:00,6627.061102172085,32733.824349120903,202.45300492516577
2023-11-14 22:00:00,5139.386863056805,28960.774360339696,177.46027088608977
2023-11-14 23:00:00,3896.496710016846,26921.201547885114,144.73710258013907
2023-11-15 00:00:00,3956.7339726835353,26951.633612659563,146.80868809469868
2023-11-15 01:00:00,3737.486033326906,26955.285632792235,138.65503353376073
2023-11-15 02:00:00,3752.0273762677484,26401.340841218138,142.11503115819147
2023-11-15 03:00:00,3567.642349524144,25769.843256007134,138.44253199687202
2023-11-15 04:00:00,3572.3070024777066,25505.374323604894,140.06095174896464
2023-11-15 05:00:00,4563.719436746637,27551.45785677651,165.64348284111406
2023-11-15 06:00:00,6466.713079708202,32030.540414964802,201.8921003495441
2023-11-15 07:00:00,8211.81701258727,36336.24376900979,225.9952092128716
2023-11-15 08:00:00,8813.560042572022,38224.29179897735,230.5748420120584
2023-11-15 09:00:00,9035.836297750442,40116.97427244001,225.2372334061589
2023-11-15 10:00:00,9030.494982746759,41073.487240321636,219.8619009364651
2023-11-15 11:00:00,8782.819649007162,41169.291584634026,213.33424285311847
2023-11-15 12:00:00,8562.622079293806,40904.26695019421,209.3332240795273
2023-11-15 13:00:00,8331.380706142389,39921.62419566848,208.69343054049259
2023-11-15 14:00:00,8887.756731383848,40121.149892464695,221.52298115097372
2023-11-15 15:00:00,9800.219610792084,40752.34130974208,240.48236974422096
2023-11-15 16:00:00,10833.052265185428,41475.02318473185,261.1946042063549
2023-11-15 17:00:00,11447.417178096634,42050.43513428473,272.2306473533559
2023-11-15 18:00:00,11376.922523869902,41113.243622754555,276.72159920686056
2023-11-15 19:00:00,10783.164135701916,39049.242713423395,276.14272099558906
2023-11-15 20:00:00,10177.813664618361,36596.72500632278,278.10722579301705
2023-11-15 21:00:00,9340.390710139824,34065.66554405545,274.18782404413486
2023-11-15 22:00:00,8570.860424397448,31161.08007084141,275.05017171781293
2023-11-15 23:00:00,7930.320495414785,28667.47144598057,276.6313209854678
2023-11-16 00:00:00,7923.764129686493,27978.488797228336,283.20915354339843
2023-11-16 01:00:00,7897.576124227644,27645.019343280266,285.67808277360905
2023-11-16 02:00:00,7704.925721949582,26953.94232261747,285.85524261080946
2023-11-16 03:00:00,7528.742281406069,26511.374858253566,283.9815860799165
2023-11-16 04:00:00,7485.066242640599,26365.36015386718,283.89774305975925
2023-11-16 05:00:00,8067.985602944079,27604.83756627217,292.26709208394743
2023-11-16 06:00:00,9533.814555188475,30720.020325872436,310.3453205452174
2023-11-16 07:00:00,11017.494762513637,35325.730087484655,311.88300242425737
2023-11-16 08:00:00,11781.567906741417,37911.83239704906,310.762291396352
2023-11-16 09:00:00,12115.326108300591,39004.46137538072,310.6138549562866
2023-11-16 10:00:00,12467.246653792772,39689.95836843229,314.1158914318411
2023-11-16 11:00:00,12375.79534643524,39755.75909913042,311.29566198387437
2023-11-16 12:00:00,12296.688647382525,39712.72823003713,309.64099409523317
2023-11-16 13:00:00,12049.162928515248,39049.50849554957,308.5611930272689
2023-11-16 14:00:00,11835.219676623245,38652.21571771702,306.19770320691686
2023-11-16 15:00:00,11878.787024916044,38385.6453993574,309.45909340148546
2023-11-16 16:00:00,12753.859477096692,40443.621173520914,315.34909849879733
2023-11-16 17:00:00,13191.418889791697,41275.10903756273,319.59743286896577
2023-11-16 18:00:00,12903.376978549391,40887.825784939916,315.57992460685085
2023-11-16 19:00:00,12149.690014667545,39329.61746408448,308.91960812389175
2023-11-16 20:00:00,11348.959442713827,36999.62961568047,306.73170408992775
2023-11-16 21:00:00,10397.615861890185,34676.08843447681,299.8497330959717
2023-11-16 22:00:00,9167.812601319487,31324.397138864995,292.6732336037441
2023-11-16 23:00:00,7561.640371507415,28278.973716029715,267.3944410939198
2023-11-17 00:00:00,7505.302364698376,28616.58097607214,262.2711067745641
2023-11-17 01:00:00,7043.161820532068,28066.120481458292,250.9488913932757
2023-11-17 02:00:00,6818.943927697329,27588.60319774633,247.16524714286214
2023-11-17 03:00:00,7064.529169445418,27154.573686627537,260.15982614834405
2023-11-17 04:00:00,7082.032235908547,26509.578235508623,267.14994003270937
2023-11-17 05:00:00,7587.239881250038,27487.951574127343,276.02056343810733
2023-11-17 06:00:00,9090.073315905169,30384.808000679994,299.1650734045033
2023-11-17 07:00:00,10915.550370798479,35184.24803670997,310.23969474662607
2023-11-17 08:00:00,11811.544803056939,38115.93062590217,309.8847282251651
2023-11-17 09:00:00,12050.740640982567,40309.98478724183,298.9517536309427
2023-11-17 10:00:00,11774.382060517359,40191.761122505835,292.9551164635122
2023-11-17 11:00:00,11630.062752874397,40322.071518557634,288.4291980763398
2023-11-17 12:00:00,11538.912997237601,39758.75026207639,290.22323189680117
2023-11-17 13:00:00,11146.60471599024,38732.49530085297,287.7843172615003
2023-11-17 14:00:00,10798.774465710103,37047.19002162041,291.48700507131673
2023-11-17 15:00:00,11068.139679403364,36606.111259566955,302.35770199465594
2023-11-17 16:00:00,12125.055978375407,38812.497318584734,312.4008197372428
2023-11-17 17:00:00,12620.432569141773,39830.52475753581,316.8532839064348
2023-11-17 18:00:00,12108.858131448324,39288.37865741658,308.2045771609489
2023-11-17 19:00:00,11205.10549442246,37319.08099188858,300.25137802449973
2023-11-17 20:00:00,10161.62107536221,35011.09128026851,290.24005547319456
2023-11-17 21:00:00,8589.33719877894,32156.84552510145,267.10758031518213
2023-11-17 22:00:00,6955.230078669362,29192.253591937337,238.2560173631247
2023-11-17 23:00:00,4678.124479045271,26616.528032156613,175.76013195235006
2023-11-18 00:00:00,3798.163439335523,26788.07522444877,141.78560450916754
2023-11-18 01:00:00,3560.087559886685,26369.503138249125,135.00776033670337
2023-11-18 02:00:00,3455.697988943307,26406.561373340908,130.865126287592
2023-11-18 03:00:00,3377.1514354802266,26267.43285584086,128.56800487563743
2023-11-18 04:00:00,3525.11254293716,26672.060686300018,132.1649865901744
2023-11-18 05:00:00,3768.303788156865,27683.804906946178,136.11943158909327
2023-11-18 06:00:00,3986.2567512439746,28412.05661318804,140.3015911700553
2023-11-18 07:00:00,4228.173312875123,29061.686422210612,145.48960619311168
2023-11-18 08:00:00,4758.271389140305,31082.517111626366,153.08513696146187
2023-11-18 09:00:00,5320.377746258009,33056.09069206966,160.9499984683427
2023-11-18 10:00:00,5948.010408301445,34350.44140697974,173.1567387396907
2023-11-18 11:00:00,6054.534511583976,34959.35752223162,173.187808378164
2023-11-18 12:00:00,5941.155334693,34954.91153125476,169.9662529364649
2023-11-18 13:00:00,5584.198826255135,34226.164458861975,163.15584625227416
2023-11-18 14:00:00,5272.9888985418465,33521.69504482093,157.30078361167236
2023-11-18 15:00:00,5320.969791518753,33576.46627093771,158.47319216329643
2023-11-18 16:00:00,5967.967874515742,35135.094965332224,169.85774139515865
2023-11-18 17:00:00,6474.629185738225,36573.279148542126,177.0316836902035
2023-11-18 18:00:00,6253.742465431759,36009.71905365626,173.66818264017485
2023-11-18 19:00:00,5425.521444676554,33993.16497143124,159.60624582136754
2023-11-18 20:00:00,4857.959820109292,32643.266603112475,148.8196594775259
2023-11-18 21:00:00,4183.374620513088,30913.085999862342,135.3269816068094
2023-11-18 22:00:00,4006.284842802374,29488.689204297152,135.8583562343819
2023-11-18 23:00:00,3720.2785128131654,27819.65474509508,133.72842139491658
2023-11-19 00:00:00,3582.314514191228,27218.76159367584,131.61195823925962
2023-11-19 01:00:00,3720.7890039588224,27631.779419767197,134.65614890140037
2023-11-19 02:00:00,3274.6239939020975,26649.19334093247,122.8789161461169
2023-11-19 03:00:00,3187.457850322603,26437.322291436383,120.5665920014558
2023-11-19 04:00:00,2974.7322284856796,25824.48879506633,115.19036260861013
2023-11-19 05:00:00,2971.475488490343,25214.596191767705,117.84743510826075
2023-11-19 06:00:00,3118.378316918083,25169.141483925803,123.89688853350941
2023-11-19 07:00:00,2844.1353172083163,25676.190909469813,110.7693632297831
2023-11-19 08:00:00,3593.9972025149227,28137.447250247707,127.73003785847287
2023-11-19 09:00:00,4244.554069877542,30783.972686166722,137.8819463345256
2023-11-19 10:00:00,4692.170603386258,31969.473932607892,146.77034139746624
2023-11-19 11:00:00,5148.192228473471,33112.94987498138,155.47368168376954
2023-11-19 12:00:00,5658.326656700484,34096.60236820737,165.94986783716803
2023-11-19 13:00:00,5628.634990753218,33792.80876766218,166.56310013920788
2023-11-19 14:00:00,5705.617259175849,33758.94469063685,169.010533695928
2023-11-19 15:00:00,6109.48425729797,34762.059416467186,175.7515049411554
2023-11-19 16:00:00,7367.800400487013,37340.363014348775,197.31464307553168
2023-11-19 17:00:00,8111.5831849931465,38505.601974077465,210.65982010757767
2023-11-19 18:00:00,7521.37756776384,37103.605347498546,202.71284952827142
2023-11-19 19:00:00,6691.035099522689,35172.069217306445,190.23717536158946
2023-11-19 20:00:00,5975.695919013705,33422.0895357355,178.79480313833713
2023-11-19 21:00:00,4905.376259513846,30693.053311456802,159.82040658310183
2023-11-19 22:00:00,4055.7060938573413,28187.91893297891,143.88100460698794
2023-11-19 23:00:00,3564.8154262411854,26560.958231902405,134.2126061536244
2023-11-20 00:00:00,3568.719400751796,26242.567595692413,135.98971928865618
2023-11-20 01:00:00,3369.6258620400963,25578.925848439907,131.73445523106727
2023-11-20 02:00:00,3275.65765200146,24593.404372781893,133.19252602647842
2023-11-20 03:00:00,3382.463973054675,23938.341882382978,141.29900849749092
2023-11-20 04:00:00,3263.359064807809,22849.34820976695,142.8206631912978
2023-11-20 05:00:00,3917.5751182304857,24026.05667659026,163.05526832655679
2023-11-20 06:00:00,5925.345621103278,28509.48424849509,207.8376995338334
2023-11-20 07:00:00,8030.838655788243,33357.61518940978,240.74978412539025
2023-11-20 08:00:00,8624.501576671826,35787.590194715376,240.99140315810857
2023-11-20 09:00:00,9136.924866034133,38164.58540492834,239.40846649035646
2023-11-20 10:00:00,9556.386903684659,39156.62270433143,244.05544308160034
2023-11-20 11:00:00,8742.613608687125,38934.58553035681,224.546209741224
2023-11-20 12:00:00,8073.060006494402,38819.86018542569,207.9621092897523
2023-11-20 13:00:00,8236.880976536431,38780.85669474155,212.39553941193108
2023-11-20 14:00:00,8311.406116267288,37855.767560045024,219.55455276621007
2023-11-20 15:00:00,9043.237765173948,38871.03694453428,232.64719637085813
2023-11-20 16:00:00,9970.357497030236,41222.36359337004,241.86768122713391
2023-11-20 17:00:00,10473.554109247583,42168.815241513905,248.37202679900503
2023-11-20 18:00:00,10229.379609544589,41593.68831309776,245.93586249294896
2023-11-20 19:00:00,9204.29713938274,39024.43628113096,235.85983595189526
2023-11-20 20:00:00,8356.448983034072,36969.25218363706,226.03781492590525
2023-11-20 21:00:00,6741.498488528013,33260.36277289138,202.68866381766057
2023-11-20 22:00:00,5653.709657577242,29923.663667980898,188.93774907739186
2023-11-20 23:00:00,4618.687368395426,27065.65933596383,170.6475098597834
2023-11-21 00:00:00,4136.702330313943,26370.93660844844,156.8659616355329
2023-11-21 01:00:00,3816.2655063511,25986.188161481343,146.85745683962423
2023-11-21 02:00:00,4007.8431094058897,26013.06670573229,154.07038142575914
2023-11-21 03:00:00,4051.587652356381,25754.222956927577,157.31741000815376
2023-11-21 04:00:00,4099.109732898561,24893.93108626409,164.6630143987326
2023-11-21 05:00:00,5228.835475041436,26647.99532226963,196.2187178362238
2023-11-21 06:00:00,7480.858397907026,32301.02458340281,231.59817666436828
2023-11-21 07:00:00,10062.84631415456,38378.35812316177,262.20106347075637
2023-11-21 08:00:00,11059.393119159184,39978.40082850552,276.63420471970414
2023-11-21 09:00:00,11447.879326958366,41061.86027838807,278.79592520516377
2023-11-21 10:00:00,11807.61989733209,41418.65980770081,285.0797189516196
2023-11-21 11:00:00,11412.598809151526,41007.74078735705,278.30352489620947
2023-11-21 12:00:00,11223.909317820218,41179.81193801227,272.5585375357105
2023-11-21 13:00:00,11508.427682929127,41281.27050680043,278.7808500475609
2023-11-21 14:00:00,11321.259681498046,40347.4091620124,280.594464840066
2023-11-21 15:00:00,11686.780686343256,41230.24529862475,283.45164094216705
2023-11-21 16:00:00,11867.041082285508,41662.338972286394,284.8385706376066
2023-11-21 17:00:00,12337.341374293637,42855.85043315631,287.87998020332367
2023-11-21 18:00:00,11848.359478193111,41624.00749469651,284.65205998492
2023-11-21 19:00:00,11113.981983695225,40084.18968510225,277.26597621170987
2023-11-21 20:00:00,10076.02574895236,37748.830253406246,266.9228604254076
2023-11-21 21:00:00,8700.730403891626,34074.826860821784,255.34188154292477
2023-11-21 22:00:00,7099.579960129857,30509.67692412355,232.69928350228855
2023-11-21 23:00:00,5743.003955467682,27277.593652719115,210.53924435505337
2023-11-22 00:00:00,5420.576024011975,26637.05718394409,203.4975555512684
2023-11-22 01:00:00,5512.0280009107155,27404.445434393216,201.13627236524889
2023-11-22 02:00:00,5212.652765646373,26991.88564191235,193.11925201521643
2023-11-22 03:00:00,4955.916880623125,26396.697404661696,187.74761117456694
2023-11-22 04:00:00,5025.513564726423,26690.238359535702,188.2903216160654
2023-11-22 05:00:00,5662.755839057599,28384.424411897457,199.502225477013
2023-11-22 06:00:00,7106.493466275707,32672.038336975784,217.509951261079
2023-11-22 07:00:00,8529.865770640217,37119.54593346381,229.7944534647559
2023-11-22 08:00:00,9277.462730257696,39741.19595249183,233.44699392912923
2023-11-22 09:00:00,9072.51327640139,39963.84174048224,227.0180463459095
2023-11-22 10:00:00,8920.800709893965,40090.458546839654,222.51680407873994
2023-11-22 11:00:00,8907.14160077491,41164.18806100471,216.3808402481949
2023-11-22 12:00:00,9063.199849258895,41959.815834912726,215.99713127715512
2023-11-22 13:00:00,8874.578760950277,41429.98235377446,214.20667489475198
2023-11-22 14:00:00,8768.278576187364,41235.78273005408,212.63761703246962
2023-11-22 15:00:00,9130.181813593203,41998.62963924124,217.39237427552771
2023-11-22 16:00:00,9379.449275189196,42492.7659666733,220.73049522230244
2023-11-22 17:00:00,9480.74768425025,42696.15783256068,222.05154200128283
2023-11-22 18:00:00,9383.545358451554,42096.68396000317,222.90462040589784
2023-11-22 19:00:00,8121.5151960947,39496.30794379057,205.62719957655
2023-11-22 20:00:00,6998.926693110044,37124.69222053999,188.52484086690274
2023-11-22 21:00:00,5792.799803899279,34110.60732679053,169.82400073978175
2023-11-22 22:00:00,5059.9172736939245,31121.911682997386,162.58375530505322
2023-11-22 23:00:00,4602.218860161878,29911.445723541547,153.86146502907886
2023-11-23 00:00:00,4345.1519332439475,29230.38783707135,148.65187412030238
2023-11-23 01:00:00,4144.94497138156,28565.292926462163,145.1042347807254
2023-11-23 02:00:00,4185.146677164169,28487.643736984097,146.91094552445557
2023-11-23 03:00:00,4466.094264847581,28995.908211034337,154.02498284733903
2023-11-23 04:00:00,4546.346376692454,29274.828469775966,155.29882203703468
2023-11-23 05:00:00,4868.39868165481,30033.76754835149,162.097501547788
2023-11-23 06:00:00,5771.716024907188,32659.01995782429,176.72655310418853
2023-11-23 07:00:00,5956.060607195752,34981.8508827469,170.2614486340198
2023-11-23 08:00:00,6529.596622015647,37021.762528705294,176.37184661191753
2023-11-23 09:00:00,7004.770097619358,38842.58003844825,180.33740525695512
2023-11-23 10:00:00,6971.9248333540345,39695.29082390259,175.63606887988527
2023-11-23 11:00:00,6883.088721768645,40410.81385495669,170.3278916003416
2023-11-23 12:00:00,7047.431830936417,40394.506945251305,174.46510339854262
2023-11-23 13:00:00,6669.689503604146,39161.47398345906,170.31252466189795
2023-11-23 14:00:00,6367.37046430958,38380.6408284573,165.90057713649475
2023-11-23 15:00:00,6604.201564930877,38436.72563723859,171.82008757094906
2023-11-23 16:00:00,7269.630726799283,40239.55985186624,180.65880326626217
2023-11-23 17:00:00,7854.018438661649,41566.007575403935,188.9529184253228
2023-11-23 18:00:00,7746.191781113362,40988.32030554635,188.98534322386422
2023-11-23 19:00:00,7060.201294852714,39532.687268277936,178.59148423026647
2023-11-23 20:00:00,6291.138939542736,37393.95503498729,168.23946366883348
2023-11-23 21:00:00,5400.530051995361,34405.218015061,156.96834269822853
2023-11-23 22:00:00,4788.225804674945,31620.70565950496,151.42691172787403
2023-11-23 23:00:00,4148.565188099284,29184.658898736343,142.14883245659286
2023-11-24 00:00:00,3915.268664446932,28351.330551463496,138.098233426467
2023-11-24 01:00:00,3914.6531396576993,28093.114089731975,139.34564630869826
2023-11-24 02:00:00,3655.610007583326,27275.658404243477,134.02462933817193
2023-11-24 03:00:00,3365.441728962421,26663.8012012472,126.21762754535548
2023-11-24 04:00:00,3429.84360297161,26403.175820030145,129.90269149249994
2023-11-24 05:00:00,3745.4599312173586,27408.690765978758,136.6522743897873
2023-11-24 06:00:00,4719.239451252119,30285.214045359877,155.82651798940063
2023-11-24 07:00:00,5749.265833366388,34764.9147002392,165.37551962774785
2023-11-24 08:00:00,6720.70253042388,37293.18668939915,180.2126105875068
2023-11-24 09:00:00,7008.884276115595,39187.865872345545,178.85343128781324
2023-11-24 10:00:00,7504.938610665896,40310.76008054887,186.1770553487343
2023-11-24 11:00:00,7339.388281200715,41006.75558213755,178.97997968894998
2023-11-24 12:00:00,7210.693964530284,41308.94146886984,174.5552829031995
2023-11-24 13:00:00,6786.808252297366,40034.30591362252,169.5248137170279
2023-11-24 14:00:00,6622.258199975425,38962.028898243334,169.96697521247413
2023-11-24 15:00:00,6916.211592894035,38374.76820894586,180.2281007988405
2023-11-24 16:00:00,8457.800816894613,40697.98377075043,207.81866896741013
2023-11-24 17:00:00,9389.408503205284,41523.05266270719,226.1251979587264
2023-11-24 18:00:00,9331.20502269824,40824.85064425629,228.56678898863433
2023-11-24 19:00:00,8785.32952648584,39164.72851726954,224.3173860534226
2023-11-24 20:00:00,8106.518662375126,37117.684615594524,218.4004402841786
2023-11-24 21:00:00,7222.196488479144,34710.878535126736,208.06723405662063
2023-11-24 22:00:00,6412.6891591618505,31956.58883708216,200.66876323547461
2023-11-24 23:00:00,5493.716883167362,29577.12032686349,185.74211493394375
2023-11-25 00:00:00,5306.105750531584,29043.675429312858,182.69401761652728
2023-11-25 01:00:00,5221.531526462467,28849.67429063068,180.99100439959662
2023-11-25 02:00:00,4947.412550192348,28238.066345485848,175.2036591196424
2023-11-25 03:00:00,4913.902995990157,27880.850235771668,176.24652600032712
2023-11-25 04:00:00,4616.693833572258,26992.816972113887,171.03416210104103
2023-11-25 05:00:00,4623.354928560363,26629.57709469608,173.6172869782906
2023-11-25 06:00:00,5139.1212746901965,27611.71136362671,186.12107040420653
2023-11-25 07:00:00,6310.820171783167,30714.356731242842,205.4680886532701
2023-11-25 08:00:00,7695.620853986811,33980.07114776116,226.47453622220715
2023-11-25 09:00:00,8490.342733208921,37146.65685842047,228.56276853038835
2023-11-25 10:00:00,8726.04220816656,38447.73018743812,226.95857897529635
2023-11-25 11:00:00,8570.451371575666,38765.197845601826,221.0862280572119
2023-11-25 12:00:00,8342.379617454211,38355.728667220144,217.50022505983145
2023-11-25 13:00:00,7891.985621893354,37186.14921834777,212.22917101616486
2023-11-25 14:00:00,7665.950552429523,35811.603238160205,214.0633163348806
2023-11-25 15:00:00,8334.730409922218,35957.14638022042,231.796214354403
2023-11-25 16:00:00,9992.82629874705,38822.53567717745,257.39756882035704
2023-11-25 17:00:00,10907.006241197414,40151.31417112943,271.6475529221914
2023-11-25 18:00:00,10838.03931079575,39707.77726461501,272.9450011409706
2023-11-25 19:00:00,10451.121951530971,38413.68790820276,272.0676540223378
2023-11-25 20:00:00,9901.097989393069,36367.180755434834,272.2536579334216
2023-11-25 21:00:00,9136.46633763884,34283.683002271624,266.49605694444966
2023-11-25 22:00:00,8498.826347619553,31953.642374095485,265.97363293110743
2023-11-25 23:00:00,7457.381790500655,29357.00562611698,254.02392483333918
2023-11-26 00:00:00,7158.656278027073,28613.543039645087,250.1841966270482
2023-11-26 01:00:00,7039.868885625352,28370.61690230149,248.13943630017653
2023-11-26 02:00:00,6711.710109424136,27593.18481032175,243.23796457571274
2023-11-26 03:00:00,6399.42521391092,26630.223754683942,240.30685107500597
2023-11-26 04:00:00,5926.360081010597,25279.70460771366,234.43153996357506
2023-11-26 05:00:00,5830.083808010167,24928.76935625976,233.8696998913907
2023-11-26 06:00:00,6106.277410912909,25665.87421851482,237.91425762181788
2023-11-26 07:00:00,7204.839227585369,27669.558181591834,260.3886618030152
2023-11-26 08:00:00,8148.2141533555905,30620.23339680213,266.1055534020378
2023-11-26 09:00:00,9308.270140804088,34177.73818538328,272.34892169619746
2023-11-26 10:00:00,10184.635812915936,36202.98069592804,281.3203669183367
2023-11-26 11:00:00,10385.497816919049,37350.09247622422,278.0581553721747
2023-11-26 12:00:00,10623.451696374601,38204.23402263936,278.07000894401585
2023-11-26 13:00:00,10619.847656530741,38353.22830211016,276.89579539113913
2023-11-26 14:00:00,10713.424487883207,38261.78010612745,280.00329462369945
2023-11-26 15:00:00,11039.280702851567,39040.83991449533,282.76237721906267
2023-11-26 16:00:00,11668.864229155231,40550.49194924666,287.7613480931398
2023-11-26 17:00:00,11984.47445602704,41483.35876514129,288.89836341067115
2023-11-26 18:00:00,11552.27672916682,40701.59652311456,283.82858944135637
2023-11-26 19:00:00,10810.941329502994,38859.333607399356,278.20706959947563
2023-11-26 20:00:00,10018.405969974561,36715.8363376538,272.8633464274439
2023-11-26 21:00:00,8796.221000491008,33758.2386663118,260.5651641792846
2023-11-26 22:00:00,7751.317434113153,30285.75279989485,255.9394011213109
2023-11-26 23:00:00,6380.465981674689,27383.161042638032,233.00691880457967
2023-11-27 00:00:00,6040.772002590958,26676.280480978607,226.44731175691086
2023-11-27 01:00:00,5889.019075228801,26459.894952220326,222.56396277698136
2023-11-27 02:00:00,5613.354301340579,25920.947098685043,216.55668212930928
2023-11-27 03:00:00,5688.097878124844,25917.034403746646,219.47333130454751
2023-11-27 04:00:00,5631.76179850518,25911.640763413845,217.34485476724393
2023-11-27 05:00:00,5836.714926374833,25802.88207143079,226.20399187257078
2023-11-27 06:00:00,8273.600173950299,31633.828368287563,261.5428040396293
2023-11-27 07:00:00,9847.88865510281,37054.46568351293,265.7679303546008
2023-11-27 08:00:00,9889.64342716071,38901.3938430687,254.22336965755815
2023-11-27 09:00:00,10352.558598498897,40846.47174215345,253.450497850836
2023-11-27 10:00:00,10336.007297207381,41752.543909205015,247.55395311203165
2023-11-27 11:00:00,10331.399945951061,41969.30966828759,246.16559165750505
2023-11-27 12:00:00,10316.276002710001,42311.64370401826,243.81647933309392
2023-11-27 13:00:00,9954.033589216426,42048.85493748148,236.72543768471576
2023-11-27 14:00:00,9787.67252908248,42345.24612176853,231.139819117757
2023-11-27 15:00:00,9579.850176749953,42774.68347147501,223.96074966021507
2023-11-27 16:00:00,9976.148285507159,44077.271013365964,226.33316573709834
2023-11-27 17:00:00,10567.886990752524,44946.90332568428,235.11935659232952
2023-11-27 18:00:00,10416.017443167955,44028.65421469529,236.57360482509222
2023-11-27 19:00:00,9501.64240596228,42114.67755624505,225.613561762942
2023-11-27 20:00:00,8680.762185455198,39627.84252467077,219.05714852003084
2023-11-27 21:00:00,7321.82625970368,36093.150366530994,202.85916262087153
2023-11-27 22:00:00,6306.128422776651,32610.35047924896,193.37812473955003
2023-11-27 23:00:00,5227.5307573996715,29472.978171957362,177.36689950028557
2023-11-28 00:00:00,5275.8908982160465,29074.380652731936,181.46184990944266
2023-11-28 01:00:00,5179.832816495972,28647.220249885013,180.81450037082615
2023-11-28 02:00:00,4955.877240777611,27970.437540083713,177.18268560066218
2023-11-28 03:00:00,5000.482058303587,27473.199910888543,182.01309183215056
2023-11-28 04:00:00,5109.191105051573,27012.054392765658,189.14485476602297
2023-11-28 05:00:00,5830.135634410645,27637.547115374036,210.94982163476783
2023-11-28 06:00:00,8217.849219745045,31780.038320802698,258.5852520626375
2023-11-28 07:00:00,10558.265164806025,37369.44872133394,282.5373540706901
2023-11-28 08:00:00,11486.919912884343,39901.335216746615,287.8830959035996
2023-11-28 09:00:00,12010.408950055547,41978.83959126456,286.10626370326855
2023-11-28 10:00:00,11756.252137828316,42207.886556655736,278.53212034314663
2023-11-28 11:00:00,11285.739408883415,42632.47575573817,264.7216519524883
2023-11-28 12:00:00,10874.387029065543,42397.98978259266,256.4835522822415
2023-11-28 13:00:00,10629.187573388792,41415.272363659635,256.64898398001384
2023-11-28 14:00:00,10202.878766550182,40211.431573311296,253.73080159926286
2023-11-28 15:00:00,10658.452709545136,40457.9639610597,263.4451086021968
2023-11-28 16:00:00,11505.097108611197,42908.10490432557,268.133424542163
2023-11-28 17:00:00,12129.426932846703,44335.074225911085,273.5853530105924
2023-11-28 18:00:00,11927.360849085013,44151.07881110163,270.1487974985998
2023-11-28 19:00:00,11435.99171674806,43046.08282609085,265.66858041300196
2023-11-28 20:00:00,10753.629017346566,40538.26941698978,265.2710431896155
2023-11-28 21:00:00,9331.12832074113,36916.31358130145,252.7643585048388
2023-11-28 22:00:00,7868.763376780664,33684.01523203975,233.60526714451817
2023-11-28 23:00:00,6853.48575627428,30401.506225501216,225.43244092707084
2023-11-29 00:00:00,6664.573056683396,30443.976930975725,218.91269566370013
2023-11-29 01:00:00,6279.216113977618,30103.766989379634,208.58572670300282
2023-11-29 02:00:00,6008.495428332593,29006.61741769264,207.14223040249087
2023-11-29 03:00:00,5900.468347929379,28262.583327233544,208.77314290812708
2023-11-29 04:00:00,6166.271660016337,27652.833130739775,222.9887849415947
2023-11-29 05:00:00,6981.684264798134,28602.643252886315,244.0922750764864
2023-11-29 06:00:00,8918.199643422162,33066.63000760401,269.7039172534767
2023-11-29 07:00:00,11198.721162030433,38521.08345012445,290.7166714697962
2023-11-29 08:00:00,11576.407179934242,40318.72604518676,287.1223452586303
2023-11-29 09:00:00,12186.771205231018,43279.49024873858,281.5830578223183
2023-11-29 10:00:00,12221.292710598838,44419.44082582271,275.13387119214104
2023-11-29 11:00:00,11774.759307593942,44002.280767947595,267.5942951614222
2023-11-29 12:00:00,11520.572651327973,43210.00449949466,266.61817754410805
2023-11-29 13:00:00,11252.559709757721,42601.2309861165,264.1369615217191
2023-11-29 14:00:00,10772.404757200065,40894.40959893948,263.41998485483526
2023-11-29 15:00:00,11192.854223115643,40856.544795113776,273.9549876095799
2023-11-29 16:00:00,12287.933663166838,42977.62792613126,285.9146550453411
2023-11-29 17:00:00,12732.925443656035,43810.06976322003,290.6392414454847
2023-11-29 18:00:00,12654.954278333325,43898.37283829259,288.2784363090196
2023-11-29 19:00:00,12098.439922216974,42646.533867000035,283.69104884227806
2023-11-29 20:00:00,11400.98252079997,40341.41520824798,282.61235908424425
2023-11-29 21:00:00,10653.41349662593,37313.12184696525,285.5138613252322
2023-11-29 22:00:00,10087.518568858539,35497.47641078581,284.1756538443244
2023-11-29 23:00:00,9671.266218770628,34272.61766585045,282.18638894359
2023-11-30 00:00:00,9447.655002899983,33876.81165716155,278.8826498346916
2023-11-30 01:00:00,9037.01976851197,33402.68699132974,270.54768889873105
2023-11-30 02:00:00,8409.978699094298,32434.151190752822,259.2939352608073
2023-11-30 03:00:00,8082.36168220254,31659.511384597776,255.29015858831528
2023-11-30 04:00:00,8678.839775356677,33108.748393044,262.13131563680804
2023-11-30 05:00:00,9630.539592065115,35352.65287122571,272.4134912065855
2023-11-30 06:00:00,10894.25344035057,38425.80311943868,283.5140076705237
2023-11-30 07:00:00,12232.415564427885,41776.69686582446,292.8047567694287
2023-11-30 08:00:00,12582.352822190085,42496.216274541766,296.08172033254175
2023-11-30 09:00:00,13146.921356923505,44524.08010656557,295.27665311573384
2023-11-30 10:00:00,13237.111718958935,45521.12851466141,290.790499947635
2023-11-30 11:00:00,13238.276454443474,46357.72551559648,285.5678596653673
2023-11-30 12:00:00,13195.113090559664,46431.678804888594,284.18341593908525
2023-11-30 13:00:00,13187.030888447267,46816.18779166652,281.67673427682666
2023-11-30 14:00:00,12944.701443974483,45338.78245685073,285.51056606546626
2023-11-30 15:00:00,12702.708058447473,44274.789007052896,286.906122950105
2023-11-30 16:00:00,13215.888480302676,45964.202825018365,287.5256758093769
2023-11-30 17:00:00,13090.756092669128,46178.55363667469,283.4812929756323
2023-11-30 18:00:00,13115.983885857324,44886.03733398039,292.20632216353033
2023-11-30 19:00:00,12608.536784229678,43766.07452032176,288.08927742366285
2023-11-30 20:00:00,12025.796597434002,42104.171658227126,285.6200733516668
2023-11-30 21:00:00,11471.764306432722,38964.02635222283,294.4193755217055
2023-11-30 22:00:00,11036.952334216629,36650.06358223182,301.14415243654344
2023-11-30 23:00:00,10583.761501108176,35399.967696661835,298.9765864138404
2023-12-01 00:00:00,10339.44390242321,34622.626965598596,298.6325651342571
2023-12-01 01:00:00,10034.637795677098,34068.07939085506,294.5466247319685
2023-12-01 02:00:00,9776.746071861091,33489.81627595651,291.93191122043135
2023-12-01 03:00:00,9862.584391255332,33327.13473130046,295.93256278321786
2023-12-01 04:00:00,10216.959383610465,34211.72679954457,298.63910241872014
2023-12-01 05:00:00,10915.234114015202,35928.27732131825,303.80621971926786
2023-12-01 06:00:00,11718.839377012937,37723.52391950242,310.6507070235423
2023-12-01 07:00:00,12334.036054459326,39564.46878905299,311.7452712488334
2023-12-01 08:00:00,12577.000700165458,41801.469771258744,300.87460486408474
2023-12-01 09:00:00,12843.30919276118,44129.005074390756,291.04008057989273
2023-12-01 10:00:00,13165.517004186067,45238.51426939098,291.0245222861804
2023-12-01 11:00:00,13035.635844751709,45461.01490106516,286.7431770522633
2023-12-01 12:00:00,13115.458711416984,45677.91029583072,287.12913148774464
2023-12-01 13:00:00,12812.651208195839,44931.547432868785,285.15935773943534
2023-12-01 14:00:00,12886.440332289427,44542.65815683054,289.3055974997602
2023-12-01 15:00:00,13067.655063259972,43883.91178152859,297.7778081479133
2023-12-01 16:00:00,13493.943695647597,44229.98358928343,305.08588519840805
2023-12-01 17:00:00,13739.073252379503,45413.463195891185,302.53304384904425
2023-12-01 18:00:00,13663.206808740975,44708.47263482545,305.6066558198208
2023-12-01 19:00:00,13245.021809193768,42943.425724948924,308.42955785660064
2023-12-01 20:00:00,12683.780488983573,41196.69767430248,307.8834276781222
2023-12-01 21:00:00,11794.664465786796,38253.56892225537,308.3284722990861
2023-12-01 22:00:00,11019.186033427739,35090.417233022075,314.0226563923001
2023-12-01 23:00:00,9928.221932776913,32294.24355305392,307.4300816635182
2023-12-02 00:00:00,9717.565741586483,32118.797908754135,302.5507296130131
2023-12-02 01:00:00,9581.465958730269,31897.72718042354,300.38083605563793
2023-12-02 02:00:00,9365.666473000292,31180.685209490504,300.36756440970237
2023-12-02 03:00:00,9121.735204934443,30609.38387448476,298.00453489487256
2023-12-02 04:00:00,8855.54112141832,29913.756823736447,296.03573946257006
2023-12-02 05:00:00,8910.882296389751,29677.001798839923,300.26221505765716
2023-12-02 06:00:00,9380.212198112657,30696.69337864645,305.5772842503556
2023-12-02 07:00:00,10031.325085650795,32849.725350006454,305.37013563338127
2023-12-02 08:00:00,10687.423285746221,35665.92091047856,299.65364731704665
2023-12-02 09:00:00,11397.322315635303,39334.35164773166,289.754930186896
2023-12-02 10:00:00,11651.088546472787,41018.001440297136,284.04817732115197
2023-12-02 11:00:00,11649.340438765019,41291.986715243416,282.12109335161944
2023-12-02 12:00:00,11442.900123110045,41079.445831844874,278.5553673228835
2023-12-02 13:00:00,11210.886558476095,40984.80915787645,273.53760548916915
2023-12-02 14:00:00,10867.353961378192,40375.146831918544,269.15949077829765
2023-12-02 15:00:00,11049.253328074436,40149.9087076434,275.19996143779457
2023-12-02 16:00:00,12129.284335471913,42271.09036130264,286.9404179499413
2023-12-02 17:00:00,12798.13463264828,43759.90510814988,292.4625773529099
2023-12-02 18:00:00,12315.985450034019,42753.099178477976,288.07234298078487
2023-12-02 19:00:00,11614.969762631463,41085.768132832214,282.70056251789475
2023-12-02 20:00:00,11059.746625828246,39205.20649582107,282.09892548345886
2023-12-02 21:00:00,10106.969541420658,36514.57857341281,276.7927205047849
2023-12-02 22:00:00,8867.885718391502,33999.89965484792,260.82093795612315
2023-12-02 23:00:00,7341.1128035464835,31493.164344288496,233.10178435206512
2023-12-03 00:00:00,6860.52577499726,30558.468918184764,224.5048923545607
2023-12-03 01:00:00,6724.8387614516,30160.7762514514,222.96636881578888
2023-12-03 02:00:00,6682.304649492026,29813.064006503944,224.14015037281075
2023-12-03 03:00:00,6813.04421407453,29604.351857307734,230.1365774502762
2023-12-03 04:00:00,7017.127620893138,29911.218727742613,234.59851919657027
2023-12-03 05:00:00,7073.828178742753,29231.11302186817,241.9965388745455
2023-12-03 06:00:00,7553.020073864388,30083.57782728705,251.06787886823378
2023-12-03 07:00:00,8347.785658113835,31739.628893473437,263.0082943354885
2023-12-03 08:00:00,8837.048796367328,33859.15541745418,260.99436584918135
2023-12-03 09:00:00,9733.07927807327,36788.71717298561,264.56696579842645
2023-12-03 10:00:00,9973.901576787364,39169.09574321305,254.637013889083
2023-12-03 11:00:00,10439.480685255583,41050.556382657946,254.30789750917492
2023-12-03 12:00:00,10620.059244299578,41874.15618819481,253.61846568489403
2023-12-03 13:00:00,10647.522075466148,41773.56109811556,254.886626745989
2023-12-03 14:00:00,10832.793502814515,41614.62327285914,260.31218477663384
2023-12-03 15:00:00,11152.09101585159,41379.69422180332,269.5063659986027
2023-12-03 16:00:00,12007.744413952489,43177.66625581658,278.1008205216486
2023-12-03 17:00:00,12333.050468639687,44377.80687008396,277.9103191093849
2023-12-03 18:00:00,11867.830972938029,42750.74977884075,277.60521240757157
2023-12-03 19:00:00,10927.786482558364,40335.451603027,270.9226263314796
2023-12-03 20:00:00,9867.741791868038,38304.16415972996,257.61537964173147
2023-12-03 21:00:00,8377.764319839542,34783.04405605891,240.85770947296393
2023-12-03 22:00:00,7517.6758525104715,31544.235798956743,238.321698468888
2023-12-03 23:00:00,5553.2446137644165,28687.631204736284,193.5762689548095
2023-12-04 00:00:00,5131.254353058123,28658.00389161821,179.05135237136645
2023-12-04 01:00:00,4916.950426452929,29282.095712718492,167.91661617024502
2023-12-04 02:00:00,4658.3806838858,28919.2887337174,161.08213195625828
2023-12-04 03:00:00,4583.190689565157,28803.67196212333,159.11827823869217
2023-12-04 04:00:00,4564.442827860711,28169.47115760228,162.03509119229153
2023-12-04 05:00:00,5490.8252092787125,29870.263448009457,183.82245669964516
2023-12-04 06:00:00,7321.753129065054,35260.58180984366,207.64697441892602
2023-12-04 07:00:00,9764.481521644526,41609.45961895198,234.66975084668172
2023-12-04 08:00:00,10448.553222325523,43439.85100398559,240.529214093457
2023-12-04 09:00:00,10434.878418461707,43368.12008076814,240.61173043765663
2023-12-04 10:00:00,10587.088202128738,44239.06646182898,239.31536193838198
2023-12-04 11:00:00,10590.95611068683,44672.52107825196,237.07988389853497
2023-12-04 12:00:00,10467.002621265998,44840.68064288931,233.42648842967154
2023-12-04 13:00:00,10343.19149745432,44343.03063649381,233.2540502755351
2023-12-04 14:00:00,10192.209052601085,43701.90940168688,233.2211382097568
2023-12-04 15:00:00,10714.114567010714,44838.75130798067,238.94765698133418
2023-12-04 16:00:00,11226.90905986773,46084.49231936224,243.61576953188617
2023-12-04 17:00:00,11510.570640740725,46932.9030064416,245.25588453714198
2023-12-04 18:00:00,11301.433931039604,46147.73817128128,244.89681139069842
2023-12-04 19:00:00,10189.886091921606,43902.28834079899,232.10375761784627
2023-12-04 20:00:00,9223.491217932284,41365.754461192955,222.9740841928859
2023-12-04 21:00:00,7622.394267776498,37634.7821360418,202.53589459407922
2023-12-04 22:00:00,6676.63943834328,34057.31071664657,196.04129914696594
2023-12-04 23:00:00,5538.086069803234,31825.936105041772,174.01172589314368
2023-12-05 00:00:00,5428.393357583326,31206.82696206259,173.94890432732865
2023-12-05 01:00:00,5156.698852809938,30571.283990397296,168.67786300469754
2023-12-05 02:00:00,4838.656989056302,29662.282705601647,163.12490299819487
2023-12-05 03:00:00,4613.946482345855,29070.253128055527,158.7171072099459
2023-12-05 04:00:00,4784.810588123871,28384.48488303275,168.57133775163427
2023-12-05 05:00:00,5175.516545919212,28382.347415603577,182.34984126344327
2023-12-05 06:00:00,8038.222919962858,34238.30134110309,234.7728305759424
2023-12-05 07:00:00,10761.992664307025,40522.99865415766,265.5774010249077
2023-12-05 08:00:00,11375.115843345711,41820.639890856226,271.99765171055634
2023-12-05 09:00:00,11782.497427192508,43448.09363919484,271.18560195155334
2023-12-05 10:00:00,12129.895865558014,43675.03453842801,277.7306530779129
2023-12-05 11:00:00,11981.106128650777,44441.50213261817,269.5927354772547
2023-12-05 12:00:00,11736.096867211932,44734.994880002145,262.3471154672762
2023-12-05 13:00:00,11681.006149427822,44311.87802452333,263.60891639400285
2023-12-05 14:00:00,11652.807035287424,43568.21106182316,267.4612234767254
2023-12-05 15:00:00,12098.798606171451,43774.83701612188,276.38706231426
2023-12-05 16:00:00,12751.126891825423,44902.01944226142,283.9766908083462
2023-12-05 17:00:00,13012.318667420264,45420.240005996864,286.4872282863816
2023-12-05 18:00:00,13034.433196179065,45267.68609931482,287.9412295910649
2023-12-05 19:00:00,12564.400268761667,44210.92157520101,284.1922271941363
2023-12-05 20:00:00,11923.179314871237,41181.28169608828,289.5290972938269
2023-12-05 21:00:00,11233.397652972819,37719.32652800549,297.8154354010629
2023-12-05 22:00:00,9850.716433522664,34216.07990100524,287.8972828571533
2023-12-05 23:00:00,9147.945594813842,31884.061464292146,286.912807675361
2023-12-06 00:00:00,9013.492022374196,31550.108230805476,285.68814903694806
2023-12-06 01:00:00,9058.744127759011,31659.65799274788,286.12893196237474
2023-12-06 02:00:00,8733.998435360094,30937.883693974287,282.3075592937599
2023-12-06 03:00:00,8609.81797964371,30868.156851605272,278.9223218293957
2023-12-06 04:00:00,9116.316994695864,32303.108734896672,282.2117545871866
2023-12-06 05:00:00,10039.602546343449,34603.71635513679,290.13076061852263
2023-12-06 06:00:00,11520.86074484393,38199.25609914755,301.59908650946295
2023-12-06 07:00:00,12533.236536451437,40650.43917731488,308.3173709829352
2023-12-06 08:00:00,12723.712535992543,42303.42282891984,300.7726487629329
2023-12-06 09:00:00,13310.143874413114,44476.941914710456,299.2594207564183
2023-12-06 10:00:00,13256.132252338464,44871.510956698534,295.42424513252445
2023-12-06 11:00:00,13237.988035851185,45227.99404555186,292.69456484226123
2023-12-06 12:00:00,12777.016015585044,44881.96165875598,284.68042713307716
2023-12-06 13:00:00,12035.351714955828,44042.759895086165,273.26515739760913
2023-12-06 14:00:00,11721.375574378348,43183.22027791407,271.43356838473693
2023-12-06 15:00:00,11991.741294190664,43164.15070977187,277.817149115733
2023-12-06 16:00:00,12510.518708255306,46076.33831399618,271.51720744387154
2023-12-06 17:00:00,12394.791316310775,46621.752904900364,265.8585433626622
2023-12-06 18:00:00,11840.049063362774,46010.30329299785,257.3347319178544
2023-12-06 19:00:00,11226.69711632488,44256.598084566984,253.67284432645576
2023-12-06 20:00:00,10572.817837940327,42544.94136752566,248.5093996629763
2023-12-06 21:00:00,9393.401269970029,40256.08930960944,233.3411275428523
2023-12-06 22:00:00,7873.711210456653,36769.35373503448,214.13787327337343
2023-12-06 23:00:00,6316.08330371819,32823.18933157766,192.42747071022075
2023-12-07 00:00:00,5904.241579638448,31784.10309544765,185.76083653856813
2023-12-07 01:00:00,5995.95473167124,32065.789853922382,186.98914821640662
2023-12-07 02:00:00,5931.88273095708,32465.239138605262,182.71489409432144
2023-12-07 03:00:00,5853.982451897292,33152.82765973152,176.57566081483074
2023-12-07 04:00:00,6196.7798379344595,34764.47352314955,178.2503576189078
2023-12-07 05:00:00,6362.760477056742,35926.25520722525,177.10614257889884
2023-12-07 06:00:00,7667.794239648468,39857.80556192934,192.3787356465117
2023-12-07 07:00:00,9543.38150383395,45083.162570986766,211.68394051342764
2023-12-07 08:00:00,10227.134036761434,46952.49759776373,217.81874362416315
2023-12-07 09:00:00,10734.132854314268,48150.38866044004,222.92930862951357
2023-12-07 10:00:00,11030.69903040609,48861.748445277706,225.75326060547803
2023-12-07 11:00:00,11088.837548890098,49155.23163055365,225.58814557589344
2023-12-07 12:00:00,11092.655458973255,49281.100314421696,225.0894437867712
2023-12-07 13:00:00,11053.92192558994,49057.14590924316,225.32745679987067
2023-12-07 14:00:00,10697.798012524481,48245.3743968035,221.73727836659228
2023-12-07 15:00:00,11140.504065791725,49756.13864092372,223.90210273730565
2023-12-07 16:00:00,11368.029092430566,50067.60122494622,227.05359981908694
2023-12-07 17:00:00,11696.907213504614,50683.13204509233,230.78501153200202
2023-12-07 18:00:00,11299.714655619982,49656.15308796088,227.55920370238252
2023-12-07 19:00:00,10121.793972848853,45823.45032641314,220.8867708727411
2023-12-07 20:00:00,8477.79376634984,41512.72378798235,204.22157335780753
2023-12-07 21:00:00,7239.180795991339,37774.75692661425,191.64069831223625
2023-12-07 22:00:00,6618.76011724438,33890.090685426985,195.30074966988803
2023-12-07 23:00:00,4991.685256785284,30510.281746800512,163.60665883751602
2023-12-08 00:00:00,5151.6742283271,30274.440944351772,170.16579225348949
2023-12-08 01:00:00,5015.786086014125,30386.338126092338,165.0671451492583
2023-12-08 02:00:00,4536.866729180394,29385.118734912627,154.39334345074866
2023-12-08 03:00:00,4133.520214885231,28028.49148561353,147.4756576538158
2023-12-08 04:00:00,3813.3277144933304,26921.81130823897,141.6445450431608
2023-12-08 05:00:00,4517.541321573131,27551.24854130452,163.96866061443583
2023-12-08 06:00:00,7020.037628153999,32926.415996810225,213.20381874644576
2023-12-08 07:00:00,8765.922599094509,37809.23830527111,231.84605117719136
2023-12-08 08:00:00,9200.944623395777,39519.23432904068,232.8219354349806
2023-12-08 09:00:00,9424.135678185568,41422.106297180944,227.51464183333778
2023-12-08 10:00:00,9608.538339590215,42204.93266938977,227.66387082899104
2023-12-08 11:00:00,9558.3895918561,43492.604347324566,219.77045834101864
2023-12-08 12:00:00,9114.006638434166,43177.05973829435,211.0844669293408
2023-12-08 13:00:00,8855.182335481555,42606.35749539003,207.8371129576068
2023-12-08 14:00:00,8676.825162191386,41909.05275331453,207.03940061029292
2023-12-08 15:00:00,9061.801427976709,42357.59421604077,213.93569667242846
2023-12-08 16:00:00,9993.370450440909,44097.102279304716,226.62193055553482
2023-12-08 17:00:00,10250.031288300996,44709.369112133456,229.25913498339412
2023-12-08 18:00:00,9958.120549599018,44107.26271700131,225.77054063617112
2023-12-08 19:00:00,8655.866772459136,40915.63736570096,211.55400061579476
2023-12-08 20:00:00,7227.417232837989,37520.796035416446,192.62430429290256
2023-12-08 21:00:00,6051.206110490941,34684.831040365476,174.46260884040848
2023-12-08 22:00:00,4604.512683673812,31976.73320058199,143.99571884941668
2023-12-08 23:00:00,4105.256461259082,29993.247791741454,136.87268847188506
2023-12-09 00:00:00,4181.470662777496,29361.54741843847,142.4131570174539
2023-12-09 01:00:00,3984.0011890497135,28854.65302061985,138.07136014433104
2023-12-09 02:00:00,3877.8281437363767,28539.412086732293,135.87624482072437
2023-12-09 03:00:00,3794.4212152048303,28186.83075009391,134.6168091349606
2023-12-09 04:00:00,3735.4289071263615,27901.18274739487,133.88066523721608
2023-12-09 05:00:00,2925.830094841126,26579.09728320255,110.08011535027532
2023-12-09 06:00:00,3247.9594126833613,28295.17187684825,114.78846733357062
2023-12-09 07:00:00,3715.2389784912752,30457.67331480949,121.98039358064845
2023-12-09 08:00:00,4395.951162065567,33069.02501675648,132.9325905386713
2023-12-09 09:00:00,5062.909773038744,35201.93084197834,143.82477471949403
2023-12-09 10:00:00,5824.264248169436,36715.548537295115,158.6320913128462
2023-12-09 11:00:00,5928.956865907608,37586.22858413185,157.74279807393853
2023-12-09 12:00:00,5667.468779202889,37660.23448813581,150.48947135441563
2023-12-09 13:00:00,5437.399329776541,37246.637456345,145.98362969407523
2023-12-09 14:00:00,4884.493086861695,36374.359510377326,134.28396135657553
2023-12-09 15:00:00,5022.927553082921,36733.404928993376,136.74004799697633
2023-12-09 16:00:00,6563.03162288678,38667.49968714258,169.72991985486632
2023-12-09 17:00:00,7196.732910991392,40501.84676854916,177.68900643266122
2023-12-09 18:00:00,7202.779543526314,39752.86949760757,181.18892131698306
2023-12-09 19:00:00,6261.585586496143,37509.942068938195,166.93135849125537
2023-12-09 20:00:00,5296.1380554586585,35811.71219476399,147.8884345617243
2023-12-09 21:00:00,4529.348487943955,33322.659927494344,135.92397779166527
2023-12-09 22:00:00,3949.3680761393202,31009.21721734268,127.3611019735944
2023-12-09 23:00:00,3744.154869342653,29277.629656754187,127.88449451811742
2023-12-10 00:00:00,3859.161939463387,29195.18935547787,132.18485732271148
2023-12-10 01:00:00,3770.414044460373,28286.23070920108,133.29503259810133
2023-12-10 02:00:00,3893.4533840437625,28021.69968465426,138.94422636239887
2023-12-10 03:00:00,3378.211224373129,27234.50255515195,124.04159824590123
2023-12-10 04:00:00,3170.629906229103,26461.851849423256,119.81889719098432
2023-12-10 05:00:00,3269.459285238902,25317.744282295906,129.13706879981234
2023-12-10 06:00:00,3808.043501787359,25675.94726136448,148.31170445335272
2023-12-10 07:00:00,4646.9101473391165,27342.455591112383,169.95218779287646
2023-12-10 08:00:00,4947.111811353539,29790.379928699116,166.06407246883236
2023-12-10 09:00:00,5709.866551119815,32902.27827512002,173.5401574132783
2023-12-10 10:00:00,6094.141536340541,35183.79069744472,173.20878209928466
2023-12-10 11:00:00,6365.477952821738,37016.730606211684,171.9621870591014
2023-12-10 12:00:00,6370.113910369119,37730.514098478954,168.83188746760067
2023-12-10 13:00:00,6353.675880883233,38120.70098206279,166.67258778564624
2023-12-10 14:00:00,5823.329933803786,37311.63004718034,156.07278284117362
2023-12-10 15:00:00,5617.521765946363,37363.37158666388,150.34836331396355
2023-12-10 16:00:00,6811.708996297383,39699.186382903514,171.58308814184795
2023-12-10 17:00:00,7641.67785772295,40984.80548880009,186.45148529035205
2023-12-10 18:00:00,7498.346724558723,40221.68898935483,186.4254563388239
2023-12-10 19:00:00,6744.406340789024,38009.62788931411,177.43942036025885
2023-12-10 20:00:00,6026.3559866021715,35919.58430751519,167.77354478852698
2023-12-10 21:00:00,5053.463796151359,33408.02407327872,151.26497110594914
2023-12-10 22:00:00,4368.306469863574,31195.547438239828,140.029806449521
2023-12-10 23:00:00,3563.4845763735802,29245.006109658963,121.84933602036902
2023-12-11 00:00:00,3743.610737037971,28928.644606612634,129.40843886554714
2023-12-11 01:00:00,3597.111568722252,28215.680182637072,127.48626102360583
2023-12-11 02:00:00,3620.6602122037043,27706.65236609946,130.67837154638616
2023-12-11 03:00:00,3740.853642408484,26881.147808489517,139.1627198756394
2023-12-11 04:00:00,3939.6681735329526,26593.204466161435,148.14567302507638
2023-12-11 05:00:00,4223.969286241815,27794.940568091497,151.96899867060404
2023-12-11 06:00:00,5609.834011094361,31372.840729085707,178.81179646870464
2023-12-11 07:00:00,8236.766080461673,37110.19335902716,221.954275494446
2023-12-11 08:00:00,9005.850081152432,39186.651513771554,229.8193321771181
2023-12-11 09:00:00,9654.859336462467,40824.66865888096,236.49571824172435
2023-12-11 10:00:00,10045.421578751882,41409.83880924443,242.58538230555294
2023-12-11 11:00:00,10038.454514409903,41893.07064960468,239.62088141907617
2023-12-11 12:00:00,9889.180163484287,41984.97568774789,235.54092866535018
2023-12-11 13:00:00,9531.26304543686,40920.368575456036,232.92221886666226
2023-12-11 14:00:00,9422.15934944644,39963.26418968341,235.77051425841202
2023-12-11 15:00:00,10058.648225218001,39858.244129928346,252.36054534738693
2023-12-11 16:00:00,10969.660492560666,41835.940915243926,262.20661595216103
2023-12-11 17:00:00,11569.883115620336,43049.22319589202,268.7593934731997
2023-12-11 18:00:00,11045.770399982524,41974.550678255044,263.1539878687682
2023-12-11 19:00:00,10581.353128968458,40998.73190771653,258.0897661124221
2023-12-11 20:00:00,9369.318742350564,38309.533685795715,244.56885377919622
2023-12-11 21:00:00,8068.392971687296,35136.93550871162,229.6271104714545
2023-12-11 22:00:00,6396.154422811939,31435.295886195447,203.47046981736088
2023-12-11 23:00:00,4988.4061383653425,28625.872268675263,174.26215318595055
2023-12-12 00:00:00,4861.293916144521,28667.527131879975,169.574930330788
2023-12-12 01:00:00,4767.844965653199,28812.923184172203,165.47591978700441
2023-12-12 02:00:00,4526.134914079526,28621.720389021033,158.1363682043271
2023-12-12 03:00:00,4478.136025437647,28133.71319278605,159.17330196519936
2023-12-12 04:00:00,4569.799202903563,28435.32066664444,160.70855175071358
2023-12-12 05:00:00,5393.7957683517825,30335.036649078207,177.80745844312946
2023-12-12 06:00:00,7054.436526695576,34999.12548045432,201.5603655764259
2023-12-12 07:00:00,9146.45479571691,40699.86873341312,224.7293438616917
2023-12-12 08:00:00,9745.336346329914,42799.968258813286,227.69494330929027
2023-12-12 09:00:00,9492.478114461745,43163.29204913204,219.9201604839737
2023-12-12 10:00:00,10046.200289657867,43680.94567364057,229.99044857493283
2023-12-12 11:00:00,9807.63058307098,42755.58072698239,229.3883141407441
2023-12-12 12:00:00,9753.965302980207,42503.45479389712,229.48641117005704
2023-12-12 13:00:00,9942.806931091782,42257.17333921845,235.29275967599955
2023-12-12 14:00:00,10395.044029838144,41862.51801305057,248.31387415820296
2023-12-12 15:00:00,10670.480370158175,41668.76522363516,256.078631389483
2023-12-12 16:00:00,11498.360093983649,42901.69311636767,268.0164641240428
2023-12-12 17:00:00,11526.942719520417,42992.406233686794,268.11578437515914
2023-12-12 18:00:00,11491.566632256074,42465.74632981831,270.6079046157492
2023-12-12 19:00:00,11145.79411660826,41332.25733310003,269.6633292196793
2023-12-12 20:00:00,9667.625997109064,38735.92775364576,249.57775785295766
2023-12-12 21:00:00,7910.030348968053,35104.45292180946,225.32840396591857
2023-12-12 22:00:00,6918.987056903161,31791.518843590904,217.63625358522347
2023-12-12 23:00:00,5506.989737549566,28677.447965003932,192.0320714824392
2023-12-13 00:00:00,5049.614463853052,28207.91337040546,179.01410847180537
2023-12-13 01:00:00,4743.033441351181,27929.92997602213,169.81902372913498
2023-12-13 02:00:00,4352.323790767511,27057.38908514432,160.85527606050968
2023-12-13 03:00:00,4136.610802420195,26509.162969510326,156.04456493695946
2023-12-13 04:00:00,4092.080762637647,25910.59338866613,157.9308007831119
2023-12-13 05:00:00,4704.478613586089,26527.50995115247,177.3433926610102
2023-12-13 06:00:00,6914.529297843382,31946.103002713702,216.44359242365238
2023-12-13 07:00:00,9990.026577150187,39505.469720250156,252.87704836551757
2023-12-13 08:00:00,10276.75976277623,40614.50495657255,253.03176226731694
2023-12-13 09:00:00,10721.978180569002,41853.1628488327,256.1808343922577
2023-12-13 10:00:00,11398.044692959664,42620.60788370506,267.43036429842726
2023-12-13 11:00:00,11348.72655863336,42538.417016018444,266.78770285127996
2023-12-13 12:00:00,11078.75592487638,42755.02949367615,259.12169997485387
2023-12-13 13:00:00,10859.532483176188,42624.01049988151,254.77500488149462
2023-12-13 14:00:00,10768.065371657607,42429.30620944631,253.78839141282594
2023-12-13 15:00:00,11498.904509321388,43356.185909949076,265.2194667954567
2023-12-13 16:00:00,12279.321331150592,44682.22144002149,274.8144773337546
2023-12-13 17:00:00,12341.282559975934,45214.4532211333,272.94994588605573
2023-12-13 18:00:00,12316.319300222242,44375.36971532853,277.54854504272066
2023-12-13 19:00:00,11305.247463164427,42339.975591662565,267.0111946259746
2023-12-13 20:00:00,10158.496871339934,40092.35566982492,253.377400794277
2023-12-13 21:00:00,8557.500242221542,37004.736212429605,231.25418846647915
2023-12-13 22:00:00,7386.600859282435,33502.75289458881,220.4774300942738
2023-12-13 23:00:00,6563.2939110133,30513.597205522048,215.09407320306175
2023-12-14 00:00:00,6432.617945222175,30577.796396823658,210.36891807842565
2023-12-14 01:00:00,6328.775004360787,30417.68998066922,208.06231532975693
2023-12-14 02:00:00,6075.783956248812,30153.054146095437,201.49812774556284
2023-12-14 03:00:00,5757.299826307896,30146.033686612893,190.98034209603404
2023-12-14 04:00:00,5690.591345217891,29832.33921796988,190.75243492103002
2023-12-14 05:00:00,6398.892535123917,31416.656784414343,203.67834104800028
2023-12-14 06:00:00,8073.814669756244,35543.593509892075,227.15245906436658
2023-12-14 07:00:00,9973.425954664246,40707.26679257834,245.00357652316217
2023-12-14 08:00:00,10313.14068139302,43024.61195643079,239.7032817364327
2023-12-14 09:00:00,10309.080897255235,43998.34061837878,234.3061295577355
2023-12-14 10:00:00,10834.497213967863,44601.870323701725,242.91575970549246
2023-12-14 11:00:00,10941.947735269274,44985.609103261035,243.23217920986392
2023-12-14 12:00:00,10779.37250324997,45314.3452890346,237.8799127405338
2023-12-14 13:00:00,10731.084334232854,44863.727520608074,239.19288314381697
2023-12-14 14:00:00,10465.062272668662,44396.86562340483,235.71624090399214
2023-12-14 15:00:00,10129.39444463483,43491.70234099656,232.9040690386259
2023-12-14 16:00:00,10945.206301911288,44973.10175696363,243.37227974756118
2023-12-14 17:00:00,11518.79628700166,45326.28871247496,254.13058545495676
2023-12-14 18:00:00,11333.454248300017,44396.61805187757,255.2774230473331
2023-12-14 19:00:00,10592.422869710528,42843.09344634507,247.23758294848722
2023-12-14 20:00:00,10214.159076373036,41513.6661162033,246.04329205187503
2023-12-14 21:00:00,8527.976719134544,37270.83470646382,228.81099353687267
2023-12-14 22:00:00,7342.948751902584,34148.21370117217,215.03170901295286
2023-12-14 23:00:00,5483.223422393898,29805.160970618457,183.96892497239617
2023-12-15 00:00:00,5201.592736751393,29710.02063662335,175.07873186528263
2023-12-15 01:00:00,5117.361270370849,29772.80716916426,171.88037531344733
2023-12-15 02:00:00,4616.199601158315,28537.877024312034,161.7569378838403
2023-12-15 03:00:00,4721.179082475139,27963.030855660418,168.8364579234963
2023-12-15 04:00:00,4904.555209475253,28046.07134069594,174.8749459379201
2023-12-15 05:00:00,5830.428788633127,29804.460629066172,195.6226908849719
2023-12-15 06:00:00,7985.1763761759685,35807.87498616308,223.00056563707312
2023-12-15 07:00:00,9229.71940205174,39342.043741709815,234.60193025677862
2023-12-15 08:00:00,9393.952857483679,40199.66595554084,233.68236113884626
2023-12-15 09:00:00,9262.949993412803,41063.25507570167,225.57758697736463
2023-12-15 10:00:00,9255.439959868745,42066.90909076384,220.0171146375206
2023-12-15 11:00:00,8787.47827493328,41957.59888181647,209.43711053831507
2023-12-15 12:00:00,8411.694608246138,41908.04241201823,200.71790816537555
2023-12-15 13:00:00,7905.811163420738,40483.00882329918,195.2871437478409
2023-12-15 14:00:00,8070.550546492066,40669.76808746742,198.44102698434233
2023-12-15 15:00:00,8681.290836137492,41381.07224810075,209.78892920146444
2023-12-15 16:00:00,9443.678061444853,42366.94471116278,222.90203189838815
2023-12-15 17:00:00,10010.818962096133,43586.02711096477,229.6795469935765
2023-12-15 18:00:00,9514.984383259474,42686.242819988,222.9051740014946
2023-12-15 19:00:00,8326.799098140666,39828.22581968013,209.06778865420074
2023-12-15 20:00:00,7104.811141623634,37371.39796139805,190.1136036966664
2023-12-15 21:00:00,5978.610639935745,34681.46447886447,172.38633747946895
2023-12-15 22:00:00,5187.391189370053,31847.361605895017,162.8829180125821
2023-12-15 23:00:00,4671.58022958729,29769.819407611554,156.9233647548718
2023-12-16 00:00:00,4805.987595363239,30158.386536620004,159.3582464873424
2023-12-16 01:00:00,4544.980292640538,29453.03187836321,154.31281612740767
2023-12-16 02:00:00,4334.069477583205,28837.601538557967,150.29230055031587
2023-12-16 03:00:00,4224.264837859255,28253.90230096263,149.5108460722373
2023-12-16 04:00:00,4234.359843590459,28163.027063660305,150.35173008991617
2023-12-16 05:00:00,4361.840785630547,28314.882206343373,154.04764017183038
2023-12-16 06:00:00,5080.542111277544,30223.030386485872,168.101677638166
2023-12-16 07:00:00,5526.978299033584,31679.38162042269,174.46610433426255
2023-12-16 08:00:00,5649.635438473842,32733.69837054709,172.59386258526882
2023-12-16 09:00:00,5952.2476763102295,34950.60599260546,170.30456288996973
2023-12-16 10:00:00,6141.720801964697,36320.66006438147,169.0971692441154
2023-12-16 11:00:00,6073.697594059547,36972.2872366063,164.27703147469794
2023-12-16 12:00:00,5776.971725451009,36888.877341033985,156.60470423221292
2023-12-16 13:00:00,5651.559254627703,36540.343896060294,154.66628531750194
2023-12-16 14:00:00,5617.451565061288,35957.53004762678,156.22462270408485
2023-12-16 15:00:00,6022.774876124297,35853.00483579966,167.98521919452855
2023-12-16 16:00:00,6789.875145866904,37862.51923416182,179.329724572069
2023-12-16 17:00:00,7155.4616565102815,39477.6694808822,181.25339592235676
2023-12-16 18:00:00,6967.8293153885725,38417.49374559527,181.3712617884519
2023-12-16 19:00:00,6487.4374653723535,36335.049485612064,178.5448914261489
2023-12-16 20:00:00,6021.3629677978715,34192.45819667551,176.10207880237525
2023-12-16 21:00:00,5768.312749437136,32643.149412944204,176.70821759464755
2023-12-16 22:00:00,5719.306005182042,32234.449236711585,177.4283768021811
2023-12-16 23:00:00,5402.748413577421,31328.15059501828,172.45666631966944
2023-12-17 00:00:00,5386.068882962327,31154.470166410203,172.88269882918507
2023-12-17 01:00:00,5347.486262760753,31030.45086236595,172.33027926275602
2023-12-17 02:00:00,5175.988058096345,30698.10538667899,168.60936506988446
2023-12-17 03:00:00,4952.869836141343,30457.82887019173,162.61401484820166
2023-12-17 04:00:00,4989.442876180905,30531.69684645134,163.41845988035288
2023-12-17 05:00:00,4904.812727974977,30624.02491308727,160.1622497988137
2023-12-17 06:00:00,5000.2478497279435,30912.9913136783,161.7523130967739
2023-12-17 07:00:00,5553.240167497111,32437.073059736224,171.20040878134242
2023-12-17 08:00:00,5700.612908566932,32802.97939978654,173.78338836514425
2023-12-17 09:00:00,5863.6599146234585,33951.714869745774,172.70585409659353
2023-12-17 10:00:00,5926.220390189093,35139.736735880346,168.6472620649423
2023-12-17 11:00:00,6009.494421894708,36585.21388995156,164.26019648187068
2023-12-17 12:00:00,5849.092828802922,36802.823779774095,158.93054467242905
2023-12-17 13:00:00,5513.822884637602,36364.472816003414,151.6266415447953
2023-12-17 14:00:00,5609.926171429779,36069.323044734105,155.53178429415502
2023-12-17 15:00:00,6290.5884712681145,36753.8577014143,171.15450906874602
2023-12-17 16:00:00,7185.824975262492,39347.073653479325,182.62666846704812
2023-12-17 17:00:00,7596.024844842613,39922.61224707555,190.2687328632671
2023-12-17 18:00:00,7490.360014096493,39098.92098625048,191.5745965657352
2023-12-17 19:00:00,7026.268699402857,37449.87098792622,187.61796807439245
2023-12-17 20:00:00,6525.786688247752,35787.88034657091,182.34627547236207
2023-12-17 21:00:00,5665.451223942972,33273.28484387803,170.27027089528139
2023-12-17 22:00:00,4963.281514393997,31055.219601849985,159.82116945321263
2023-12-17 23:00:00,4275.932033226555,29071.09116425232,147.0853642564513
2023-12-18 00:00:00,4048.299792401854,28490.50229522181,142.09295962748965
2023-12-18 01:00:00,3920.7061563806815,28127.99550168418,139.38803979636327
2023-12-18 02:00:00,3858.065033044956,27963.410985672697,137.96832707646684
2023-12-18 03:00:00,3831.2390336939816,27723.747716798356,138.19340274015548
2023-12-18 04:00:00,3829.277503762792,27571.196914938802,138.88687950605396
2023-12-18 05:00:00,4063.581680294307,28237.979856875914,143.90482962628892
2023-12-18 06:00:00,5882.302786348682,33245.04735579265,176.93771717018606
2023-12-18 07:00:00,7541.434046982304,37915.545828839175,198.90084349639423
2023-12-18 08:00:00,7300.156293397848,37072.57488684037,196.91527539375693
2023-12-18 09:00:00,7715.5575172180015,39168.994945965605,196.98124825162768
2023-12-18 10:00:00,7931.776244164981,39831.93537649415,199.13107834689166
2023-12-18 11:00:00,8450.78437124228,41373.60571744402,204.25544800121793
2023-12-18 12:00:00,8518.665046929797,42033.85470114902,202.66199965469582
2023-12-18 13:00:00,8631.20060126817,42920.777994000375,201.0960892291997
2023-12-18 14:00:00,8823.572967595692,43409.537118668944,203.26346589401842
2023-12-18 15:00:00,9062.74046908684,43839.90476130395,206.7235437310125
2023-12-18 16:00:00,9502.363861218257,44949.8943578219,211.39902544764746
2023-12-18 17:00:00,9444.407557912144,44477.81866867546,212.3397199009579
2023-12-18 18:00:00,9418.548179873063,43793.16392318377,215.06891341292095
2023-12-18 19:00:00,8325.978988596164,40393.21682887218,206.12319696818346
2023-12-18 20:00:00,7261.868695936387,37593.15467700891,193.1699735850467
2023-12-18 21:00:00,6468.9293789008425,34454.066191648424,187.7551794008248
2023-12-18 22:00:00,5346.944537312961,30847.30743791357,173.3358591531778
2023-12-18 23:00:00,4428.10835390834,27913.895575199225,158.63455324532345
2023-12-19 00:00:00,4264.3980431580185,27775.667493458528,153.52999326343212
2023-12-19 01:00:00,4080.1800317858947,27204.433410647536,149.98217276559615
2023-12-19 02:00:00,3997.9231653995125,26785.98168414224,149.25430818786649
2023-12-19 03:00:00,4105.163892360682,26353.102736748333,155.77535341355454
2023-12-19 04:00:00,4083.5312020266224,25412.749570612043,160.6882872189841
2023-12-19 05:00:00,4770.251219483634,26653.67925864129,178.9715848680474
2023-12-19 06:00:00,6715.425284877472,31982.442219592755,209.97224785928128
2023-12-19 07:00:00,8228.873439840025,36557.24063731737,225.09558425041655
2023-12-19 08:00:00,8401.89466801418,38155.63494768195,220.20062513792908
2023-12-19 09:00:00,8590.02868163888,39984.80766035083,214.83231217732734
2023-12-19 10:00:00,8785.54278927381,40382.5169984264,217.5580781558554
2023-12-19 11:00:00,8835.487623019488,40732.24126981721,216.91631365167785
2023-12-19 12:00:00,8616.394958018303,41266.02037239324,208.80120933063438
2023-12-19 13:00:00,8406.242534664561,41233.20482045521,203.87070496383882
2023-12-19 14:00:00,8385.211677402463,40988.46578394776,204.5749094782257
2023-12-19 15:00:00,8610.732087729035,41236.912643675634,208.81126970230721
2023-12-19 16:00:00,9171.840098039916,42411.12539900117,216.2602385989956
2023-12-19 17:00:00,9702.25971646784,43774.67265817166,221.6409427485842
2023-12-19 18:00:00,9113.648977042427,43000.41399470791,211.94328450335502
2023-12-19 19:00:00,8374.693883586431,40791.188295955326,205.30644566725772
2023-12-19 20:00:00,7282.773718963029,38321.10499792137,190.04602605687032
2023-12-19 21:00:00,6079.566763203647,35492.165316042774,171.29320538963083
2023-12-19 22:00:00,5404.068292421683,32839.24642223174,164.5612759482568
2023-12-19 23:00:00,5393.079718465275,32487.159028340615,166.00650471654197
2023-12-20 00:00:00,5595.558560112802,32857.93996987621,170.29547699103313
2023-12-20 01:00:00,5514.7667280996975,32743.553609680832,168.4229755217901
2023-12-20 02:00:00,5301.452907336133,32395.214669771485,163.64925997181325
2023-12-20 03:00:00,4953.377271246989,31784.289010447388,155.8435763536768
2023-12-20 04:00:00,5101.187622681045,31718.40615219018,160.82736308390463
2023-12-20 05:00:00,4923.464350285794,30846.51706695615,159.61167802506878
2023-12-20 06:00:00,5231.5636156573155,31776.578947771588,164.63583522493042
2023-12-20 07:00:00,6032.969018669814,35089.83119393198,171.92926877667864
2023-12-20 08:00:00,6491.6128237385055,37932.66215428808,171.13517625877105
2023-12-20 09:00:00,6644.658061488314,39826.8043899106,166.8388454277195
2023-12-20 10:00:00,6532.985554403847,39902.17737412892,163.72503919146004
2023-12-20 11:00:00,6624.481634902066,40621.03848178021,163.08006595826816
2023-12-20 12:00:00,6518.667015728124,40703.801471010964,160.14885047949846
2023-12-20 13:00:00,6130.370548972322,40050.6437923311,153.06546832952944
2023-12-20 14:00:00,6464.849442657924,39114.65541960478,165.2794680997664
2023-12-20 15:00:00,6972.6583443984255,39900.546940002496,174.75094651918047
2023-12-20 16:00:00,7646.660382872473,41728.321467678106,183.24869330762363
2023-12-20 17:00:00,7963.196531192265,42843.39405568488,185.86754636764428
2023-12-20 18:00:00,7523.858959318306,41328.86506991398,182.04852580854975
2023-12-20 19:00:00,6779.32384180268,39635.4689974807,171.04184744814262
2023-12-20 20:00:00,6354.422389991587,37381.93815382576,169.98643472800407
2023-12-20 21:00:00,5806.580016678586,34449.49235277672,168.55342764464746
2023-12-20 22:00:00,5345.081087888659,32606.556094062,163.92657576192337
2023-12-20 23:00:00,4939.320292194794,31522.44250848011,156.69218179606568
2023-12-21 00:00:00,4816.466542802945,31427.49198098838,153.25647193599153
2023-12-21 01:00:00,4560.544476410152,31080.825412425067,146.73176841008217
2023-12-21 02:00:00,4163.108423866845,30508.83671874998,136.45582302088565
2023-12-21 03:00:00,4067.230573970775,30263.701205295885,134.39303231222243
2023-12-21 04:00:00,4401.628748672476,30732.450901227578,143.22413668923025
2023-12-21 05:00:00,4386.844782795874,30365.544280208378,144.4678462640015
2023-12-21 06:00:00,4914.412558319468,31667.065118558814,155.1900228177232
2023-12-21 07:00:00,5400.321886409106,35468.70391221769,152.25596908684588
2023-12-21 08:00:00,5950.6283465581,37758.585170383885,157.5966980676358
2023-12-21 09:00:00,6305.488231130968,39088.954214631936,161.31125423587497
2023-12-21 10:00:00,6541.070470064563,39012.04347427133,167.66797859175043
2023-12-21 11:00:00,6520.1035846685945,39363.125908362126,165.6398833732738
2023-12-21 12:00:00,6753.84087185086,40790.50439781679,165.57385037416557
2023-12-21 13:00:00,5997.084142589316,38957.55455847901,153.9389268796921
2023-12-21 14:00:00,5991.803764108493,39348.721148881436,152.2744218659015
2023-12-21 15:00:00,6332.30955800201,40373.883575983156,156.84172532188242
2023-12-21 16:00:00,6889.547267862818,41071.92421052939,167.74347441205546
2023-12-21 17:00:00,7264.768515917946,41677.975323161736,174.30713607339487
2023-12-21 18:00:00,6993.54313788418,40938.01110861235,170.83250867585286
2023-12-21 19:00:00,6470.134269350674,39324.86903219371,164.5303450102741
2023-12-21 20:00:00,5685.40985381152,37059.44286873451,153.4132575589273
2023-12-21 21:00:00,5183.747635940095,35042.069816097464,147.92926511318143
2023-12-21 22:00:00,4488.402874951804,31810.06407318415,141.1000890983908
2023-12-21 23:00:00,3909.48596539336,30365.058886125273,128.74949395140885
2023-12-22 00:00:00,3793.825158828611,30191.602235153063,125.65829164281112
2023-12-22 01:00:00,3425.9734201358215,29959.414282364072,114.35381839732953
2023-12-22 02:00:00,3202.8024106062394,28631.702591109413,111.86210112425375
2023-12-22 03:00:00,2817.3599661907097,27999.128370064092,100.62313115443102
2023-12-22 04:00:00,2989.974032233632,27229.630834185456,109.80589676154798
2023-12-22 05:00:00,3370.9246105823495,27692.39931999574,121.72743039092028
2023-12-22 06:00:00,4051.7076730674335,29400.191052653907,137.8122906008018
2023-12-22 07:00:00,4604.948728718298,33413.67131819481,137.81630533400133
2023-12-22 08:00:00,5014.250125446979,35382.767656487595,141.71446886596485
2023-12-22 09:00:00,5482.450566219965,37106.23304289366,147.7501248882478
2023-12-22 10:00:00,5647.998453352371,37694.65818592033,149.83551317788593
2023-12-22 11:00:00,5472.043631913898,37353.20021717457,146.49464035474838
2023-12-22 12:00:00,5608.74877421299,37198.54962455122,150.778695159426
2023-12-22 13:00:00,5178.162363959726,36301.99247524795,142.6412714809081
2023-12-22 14:00:00,5206.890652417174,35890.88052145329,145.0755895861854
2023-12-22 15:00:00,5258.18021360402,36400.52164540906,144.4534302234978
2023-12-22 16:00:00,5874.949122599265,37427.59759748019,156.96837359913252
2023-12-22 17:00:00,6538.292580850608,38797.01875117693,168.52564427137239
2023-12-22 18:00:00,6170.4441297785415,38052.89687971583,162.15438601910247
2023-12-22 19:00:00,5598.465874579206,36220.32720849434,154.5669602141601
2023-12-22 20:00:00,4782.400685488687,33606.31168244038,142.30662176437343
2023-12-22 21:00:00,3983.1033362120857,31177.630074055007,127.75516698194109
2023-12-22 22:00:00,3353.9724949054153,29062.0682804242,115.40721955995829
2023-12-22 23:00:00,2833.274975762174,28174.4604876541,100.56181828233056
2023-12-23 00:00:00,2989.758594783609,28482.599609660723,104.96789744463997
2023-12-23 01:00:00,3194.0360848710457,28363.625513688916,112.61028965882845
2023-12-23 02:00:00,2937.1110499870438,27990.89634521134,104.93093946559245
2023-12-23 03:00:00,2810.3244145018484,26936.29305152677,104.33226313383004
2023-12-23 04:00:00,3045.0492288471655,27393.31819957631,111.16029123095657
2023-12-23 05:00:00,3013.512890899721,27178.96262599128,110.87667076807023
2023-12-23 06:00:00,3330.589910251506,28037.057864762457,118.79241845976496
2023-12-23 07:00:00,3466.2479716828266,28950.55082718759,119.72994891785126
2023-12-23 08:00:00,3667.3596805447937,30746.842630961393,119.27597654699814
2023-12-23 09:00:00,4159.00630438424,32712.884553108048,127.13664237197614
2023-12-23 10:00:00,4321.34193563796,34290.12610550749,126.0229234019612
2023-12-23 11:00:00,4105.327427344501,34733.46001472712,118.19517622499534
2023-12-23 12:00:00,4053.870328783804,35120.47704116617,115.42754171681935
2023-12-23 13:00:00,4035.806484313728,35347.404409242285,114.17546922507515
2023-12-23 14:00:00,4104.31425257375,34657.296589003316,118.42568972549464
2023-12-23 15:00:00,4354.118423867779,34675.77510756961,125.56657811860389
2023-12-23 16:00:00,5047.447995817454,36173.51797367576,139.53434110253224
2023-12-23 17:00:00,5659.197906226262,36954.52730656459,153.1395019419167
2023-12-23 18:00:00,5358.497192054846,36018.23962834716,148.77176806380035
2023-12-23 19:00:00,4880.729090048564,34972.984994357124,139.55712075580817
2023-12-23 20:00:00,4438.573729137408,33762.11615075026,131.46609973494728
2023-12-23 21:00:00,4091.466762918527,31994.044700318,127.8821356050009
2023-12-23 22:00:00,4539.631654005571,32252.515458540074,140.7527936802688
2023-12-23 23:00:00,3930.1384719622974,30288.42931878379,129.75709075560968
2023-12-24 00:00:00,3278.56842862522,29041.72182200776,112.89166836315907
2023-12-24 01:00:00,2980.4967190076486,27920.98512971805,106.7475486685217
2023-12-24 02:00:00,2798.1253228106166,27175.188480789533,102.96617904926933
2023-12-24 03:00:00,2520.7235962563805,26468.658752270327,95.23427763562698
2023-12-24 04:00:00,2508.6210225832015,26464.985224817192,94.7901916918803
2023-12-24 05:00:00,2617.5733405120245,26666.099651451965,98.1610874753293
2023-12-24 06:00:00,2900.7983345488688,27296.05050272865,106.27172360554104
2023-12-24 07:00:00,3230.130794395456,28557.89449819502,113.1081562963129
2023-12-24 08:00:00,3821.7052585062593,30545.008325937382,125.11717848382602
2023-12-24 09:00:00,4089.1125979533253,33372.55788729482,122.52919334990744
2023-12-24 10:00:00,4763.709155575312,35316.720424384686,134.8853771905212
2023-12-24 11:00:00,4811.7671653005345,35905.33475928413,134.01259722432596
2023-12-24 12:00:00,4922.631565313012,36219.221473393096,135.91213077092817
2023-12-24 13:00:00,4916.5270447905195,36159.7990519285,135.96665838020766
2023-12-24 14:00:00,4789.038963671011,35589.4477093517,134.5634527060282
2023-12-24 15:00:00,4671.2403168558185,35448.741042655856,131.77450536917135
2023-12-24 16:00:00,5169.559313521726,36881.332724845015,140.16736738038932
2023-12-24 17:00:00,5443.430380256038,37276.45556530645,146.0286472440875
2023-12-24 18:00:00,5178.350720537676,36872.29801729729,140.44014067440122
2023-12-24 19:00:00,4589.810358071944,35488.77268632629,129.33133525466727
2023-12-24 20:00:00,3964.9154680327038,33462.005656192174,118.49007225599439
2023-12-24 21:00:00,3597.5980935255748,31203.249292318662,115.29562385707054
2023-12-24 22:00:00,3085.9811131117517,28951.85174682732,106.59011175165774
2023-12-24 23:00:00,2677.2259321867227,27188.303752716518,98.46976687242683
2023-12-25 00:00:00,2729.2214946105682,27143.047646805204,100.54955987714237
2023-12-25 01:00:00,2237.0208989619387,25945.06219239141,86.22145063186483
2023-12-25 02:00:00,1811.8974390567942,24877.170547201218,72.8337427127797
2023-12-25 03:00:00,1270.1836175038416,23494.135563459316,54.063858364696415
2023-12-25 04:00:00,1069.7468521766052,22787.6684232632,46.94411171458573
2023-12-25 05:00:00,1438.0950136967285,22854.3433152262,62.92436382272378
2023-12-25 06:00:00,1631.9392484683453,23452.829744111365,69.58389526014871
2023-12-25 07:00:00,1913.816405845517,24404.558348286624,78.42044828399366
2023-12-25 08:00:00,2699.5689637636165,26731.934637848994,100.98666633507972
2023-12-25 09:00:00,3624.411591789994,29041.957744236453,124.79914831186888
2023-12-25 10:00:00,4511.046088815468,31070.93789237692,145.18538527677424
2023-12-25 11:00:00,4683.571117311944,32849.07820366169,142.57846409796264
2023-12-25 12:00:00,5141.5901512122455,34609.086384436414,148.56185725620313
2023-12-25 13:00:00,5154.846055683736,34768.251719513544,148.26302159997877
2023-12-25 14:00:00,4526.950819407025,33139.50079854792,136.60286698118833
2023-12-25 15:00:00,4035.6477656245356,31383.430056934965,128.59167268533662
2023-12-25 16:00:00,3755.7765518988404,30870.99479206781,121.66036686527102
2023-12-25 17:00:00,3427.1196504359964,30384.453771012588,112.79187956656772
2023-12-25 18:00:00,2936.0740382507997,29293.99566355761,100.22784436686942
2023-12-25 19:00:00,2631.0609001637176,28792.34522779016,91.38056936133972
2023-12-25 20:00:00,2761.657668065941,28465.57316997507,97.01746216650517
2023-12-25 21:00:00,2879.671107932536,27629.81985492211,104.22330377298995
2023-12-25 22:00:00,2945.285116277887,27555.654829605384,106.8849618886036
2023-12-25 23:00:00,2987.523263396543,27946.01762430948,106.90336288909293
2023-12-26 00:00:00,2970.7135041547194,27755.291011104804,107.03233134778326
2023-12-26 01:00:00,2984.0552138699686,27561.703270650672,108.26817140316457
2023-12-26 02:00:00,2918.526264768336,27587.199867698087,105.79276906554205
2023-12-26 03:00:00,2804.1660630885885,27129.48433086892,103.36230607589934
2023-12-26 04:00:00,2769.5814299610583,26694.02055698314,103.75287694294285
2023-12-26 05:00:00,2467.6080673366178,25588.382304370003,96.43470376457513
2023-12-26 06:00:00,3064.640492015159,26600.052299058338,115.21182205057731
2023-12-26 07:00:00,2974.6847963829164,26156.22552932104,113.72760160093837
2023-12-26 08:00:00,3266.209651712478,26849.4555019041,121.64900891494227
2023-12-26 09:00:00,4160.082761244474,29280.317788898297,142.07778724388638
2023-12-26 10:00:00,4726.638915119812,31359.826209511604,150.72273945466563
2023-12-26 11:00:00,4698.500522944853,31921.943264502886,147.18717103195823
2023-12-26 12:00:00,4596.985373227102,31774.867943850295,144.67362638140568
2023-12-26 13:00:00,4852.868777947313,31382.970052158085,154.63382751479256
2023-12-26 14:00:00,5154.306034381746,30083.058965969656,171.33583523578383
2023-12-26 15:00:00,6131.468673567075,30507.66126766231,200.981275482639
2023-12-26 16:00:00,7632.759372428709,31680.34131610999,240.93046524556607
2023-12-26 17:00:00,7950.37969580271,32264.52650640601,246.4124088175969
2023-12-26 18:00:00,8022.423430352126,31718.58076397739,252.92504384254
2023-12-26 19:00:00,7667.950971555326,30799.584737982303,248.96280377764788
2023-12-26 20:00:00,7126.060957477215,30087.120825253252,236.84755343874724
2023-12-26 21:00:00,5936.463179185203,28289.31507125963,209.84824709369934
2023-12-26 22:00:00,4368.458701256541,26369.71844305036,165.66193949665896
2023-12-26 23:00:00,3195.4022688458203,24368.421475973893,131.12881652988216
2023-12-27 00:00:00,3070.811081177148,24938.03117288708,123.13767112921768
2023-12-27 01:00:00,3586.011545632557,25671.18911693184,139.69012223385266
2023-12-27 02:00:00,3675.5202604639535,25387.109352425494,144.77899824828987
2023-12-27 03:00:00,3965.735635863365,27098.546079981257,146.34495976863525
2023-12-27 04:00:00,4338.032346253722,29309.28612016858,148.00880268689295
2023-12-27 05:00:00,4756.61886627895,31125.426158956794,152.82100370247184
2023-12-27 06:00:00,5360.44661786039,32690.608545294504,163.97512485682907
2023-12-27 07:00:00,5431.368332641641,32832.33436202365,165.42741898133113
2023-12-27 08:00:00,5062.584743867575,32444.554817861295,156.03804004364187
2023-12-27 09:00:00,5303.42108871513,34358.81314995324,154.3540245575202
2023-12-27 10:00:00,5664.061333630303,35963.132118230846,157.49633026982684
2023-12-27 11:00:00,5488.452633316294,36421.272230635695,150.69360011811148
2023-12-27 12:00:00,5666.187586546441,37145.0126041279,152.5423519688552
2023-12-27 13:00:00,5572.829909163849,37144.8986058465,150.02948233345563
2023-12-27 14:00:00,5457.01952358727,36798.81414316112,148.29335267048083
2023-12-27 15:00:00,5726.802940751691,36766.88873101352,155.75979198699594
2023-12-27 16:00:00,5982.4826283139,37478.077124674746,159.62618915619777
2023-12-27 17:00:00,6199.41986809879,38809.24629577733,159.74079529530368
2023-12-27 18:00:00,5737.93944612667,37379.33544782284,153.505656999605
2023-12-27 19:00:00,5047.888622815177,35511.241826058176,142.14903121498364
2023-12-27 20:00:00,4463.965385721615,33472.846353312496,133.3607945557895
2023-12-27 21:00:00,4174.333151851812,32081.544102377273,130.11634161157752
2023-12-27 22:00:00,4357.093409980502,31361.38720520879,138.93178198625202
2023-12-27 23:00:00,4196.3345854863055,31304.28770019351,134.0498345043119
2023-12-28 00:00:00,4506.892824610117,31961.616024405164,141.00954160668084
2023-12-28 01:00:00,4474.538012172227,31684.989471839963,141.21948868403362
2023-12-28 02:00:00,4057.6883485411518,30710.07120616512,132.12891371370577
2023-12-28 03:00:00,3809.904789661345,29788.625473378306,127.89797209898812
2023-12-28 04:00:00,3897.369767707878,29801.38128278171,130.77815859359694
2023-12-28 05:00:00,4580.526895159868,31619.12976428869,144.86568508704536
2023-12-28 06:00:00,4312.701837594484,31128.194543454072,138.54648176186623
2023-12-28 07:00:00,4370.2637117496415,31393.36166051487,139.20980362056474
2023-12-28 08:00:00,4709.647364892334,32964.78666214562,142.86903820010315
2023-12-28 09:00:00,4585.33489158516,34960.40343212079,131.15795132307494
2023-12-28 10:00:00,4566.128653529152,36084.18473282251,126.54099537894669
2023-12-28 11:00:00,4578.034357654809,36646.71221209295,124.92346738117796
2023-12-28 12:00:00,4601.726693314275,36299.7243993004,126.77029287315919
2023-12-28 13:00:00,4605.522631506471,35778.02308266258,128.7249052544278
2023-12-28 14:00:00,4567.133608775546,35260.90541175095,129.52400272891222
2023-12-28 15:00:00,4813.6132126626735,35827.22892692239,134.35628031632336
2023-12-28 16:00:00,5608.92393386788,37483.70681695697,149.63631962168964
2023-12-28 17:00:00,6047.4575644408305,38073.18478634389,158.8377121162172
2023-12-28 18:00:00,5791.166109290687,37123.637543310055,155.9967312614358
2023-12-28 19:00:00,5304.530617445415,35836.35473100907,148.0209317398966
2023-12-28 20:00:00,4639.111855916147,34141.47236064815,135.8790800499641
2023-12-28 21:00:00,4322.370586970709,32147.12576625299,134.45589563432117
2023-12-28 22:00:00,3834.8203522144295,30356.905370798893,126.32448220177423
2023-12-28 23:00:00,3844.9393557451463,30204.55680129439,127.29666523629888
2023-12-29 00:00:00,3722.919983778206,29962.076349441555,124.25440548106725
2023-12-29 01:00:00,3585.8241248053337,29556.179759220533,121.3223141156014
2023-12-29 02:00:00,3282.040025912761,28564.00759233931,114.90124469764473
2023-12-29 03:00:00,2962.424557205014,27396.097109626375,108.13308718211852
2023-12-29 04:00:00,3124.989202934229,27724.319370210516,112.71653457765302
2023-12-29 05:00:00,3371.795700147193,28422.731992930934,118.63024641634725
2023-12-29 06:00:00,3772.9248233252074,29544.600076943978,127.70268724231349
2023-12-29 07:00:00,3505.8941714596735,30758.418924597852,113.9816119955363
2023-12-29 08:00:00,3675.4598362795778,31585.61188976112,116.36500344231182
2023-12-29 09:00:00,4605.553538916931,33918.14466319541,135.78435921686537
2023-12-29 10:00:00,4827.015028007035,35210.6053488715,137.0898051930749
2023-12-29 11:00:00,4935.263077484309,35893.56574993278,137.4971523271842
2023-12-29 12:00:00,5114.812686254759,36385.97900792447,140.57097886910802
2023-12-29 13:00:00,5057.138618975747,36310.31311892962,139.27554417974198
2023-12-29 14:00:00,4646.686052638638,35625.33437020758,130.43206849237393
2023-12-29 15:00:00,4640.930094280652,34940.830375971316,132.8225472704336
2023-12-29 16:00:00,5821.4259937554425,37378.61326051548,155.7421607158671
2023-12-29 17:00:00,6562.049173415292,38620.44380519055,169.9112834258357
2023-12-29 18:00:00,6388.0876684418345,38243.94030115194,167.03529024830686
2023-12-29 19:00:00,5989.946083541364,37007.96092385191,161.85560982044805
2023-12-29 20:00:00,5224.663540425396,34921.43948834842,149.6119179785991
2023-12-29 21:00:00,4402.658317971538,32513.324386807668,135.4108938721112
2023-12-29 22:00:00,3730.0231306894257,30232.13199853812,123.37942725540466
2023-12-29 23:00:00,3241.3179803839657,28068.003687534772,115.48088764942914
2023-12-30 00:00:00,3302.425937684767,28142.568224423125,117.34628877327565
2023-12-30 01:00:00,3395.5757992657086,27624.645368436155,122.91834895898734
2023-12-30 02:00:00,3519.2839725334684,26776.914769401512,131.42977833111007
2023-12-30 03:00:00,3372.3168377857446,25304.68830855063,133.2684598468741
2023-12-30 04:00:00,3262.109395228614,24238.068313578868,134.58619527865125
2023-12-30 05:00:00,3612.8262443810872,24695.44332715612,146.29525765217892
2023-12-30 06:00:00,3557.8549094123496,25025.906026837965,142.16687721902574
2023-12-30 07:00:00,3472.490882162255,26345.325717638614,131.8067166593187
2023-12-30 08:00:00,3681.5123234579346,28240.618333706032,130.36231289114298
2023-12-30 09:00:00,4254.635348952849,30757.366063973837,138.3289889031269
2023-12-30 10:00:00,4726.234439788453,32847.12876354399,143.8857707719633
2023-12-30 11:00:00,5022.230472880633,34249.61555676999,146.63611229609577
2023-12-30 12:00:00,5383.208836927629,36326.83703235527,148.18820675559942
2023-12-30 13:00:00,5085.942061832834,36662.4968610436,138.7232866629167
2023-12-30 14:00:00,4563.936769449982,35234.88259934422,129.5289336237188
2023-12-30 15:00:00,5087.455748584991,35736.96996892994,142.3583407605086
2023-12-30 16:00:00,5618.849157541342,36608.90568306888,153.4831225545205
2023-12-30 17:00:00,6271.322038797765,38282.75748943978,163.81583903739684
2023-12-30 18:00:00,5962.260158729934,37538.301013231016,158.83138015831975
2023-12-30 19:00:00,5577.2638218665825,35918.637356552055,155.2749277903554
2023-12-30 20:00:00,5014.386997847479,34053.603293768305,147.24982124770023
2023-12-30 21:00:00,4400.74207416046,31893.824517280813,137.9810085734947
2023-12-30 22:00:00,4175.392580926018,29603.604812612342,141.04338330942488
2023-12-30 23:00:00,4219.667706537396,28486.94552307241,148.1263655704949
2023-12-31 00:00:00,3913.9751386138937,27798.80055168353,140.79654736674811
2023-12-31 01:00:00,3741.0397623354606,27000.888811861725,138.552467231819
2023-12-31 02:00:00,3704.0501892141115,27033.113505587266,137.0190003622243
2023-12-31 03:00:00,3675.9789729115405,27363.510907585765,134.3387179125643
2023-12-31 04:00:00,3678.7981677589423,27043.919235722737,136.0305115428521
2023-12-31 05:00:00,3349.8961738450816,25711.34998442786,130.28861478973116
2023-12-31 06:00:00,3120.5309810987524,24986.94465601997,124.88645666996104
2023-12-31 07:00:00,2993.7811794768904,25957.350776529533,115.33461967096612
2023-12-31 08:00:00,3230.3083536765075,27420.620128296912,117.80580959009627
2023-12-31 09:00:00,4024.9248583292565,29920.423514761856,134.52098551825233
2023-12-31 10:00:00,5037.248845929947,32463.817143946806,155.16502029303695
2023-12-31 11:00:00,5097.630918722797,33731.840362627474,151.1222294402477
2023-12-31 12:00:00,5662.03116783409,34817.429141654764,162.6205985742976
2023-12-31 13:00:00,5593.540556306211,34873.915641604384,160.39324674035595
2023-12-31 14:00:00,5534.142374693303,34473.381804111836,160.53378244524924
2023-12-31 15:00:00,6061.468525441399,35098.33214020392,172.6996172133831
2023-12-31 16:00:00,6736.537714427304,36021.83354170011,187.0126268455729
2023-12-31 17:00:00,7333.9795978052325,36996.3721865203,198.23510156158994
2023-12-31 18:00:00,6908.997357748679,35967.77544916985,192.08853679351307
2023-12-31 19:00:00,6002.881931992436,33705.65571390305,178.0971710785126
2023-12-31 20:00:00,4984.206065578207,31231.602789249737,159.5885455899121
2023-12-31 21:00:00,4069.4818210459143,28989.92905457693,140.37570817729974
2023-12-31 22:00:00,3888.038888272163,27448.851785507683,141.64668593988154
2023-12-31 23:00:00,3648.932989929827,26292.515857255497,138.7821922306797
