date,0,1,2,3,4,5,6,7,8,9,10,11,12,13,14,15,16,17,18,19,20,21,22,23
2023-01-01,33.792477602962414,32.594896985947145,30.20232420478855,25.37208274309324,25.56908515921792,28.392129299396604,27.990372655263304,29.89064770152396,25.306829992777264,28.70898531010989,48.690667168980944,48.49496105353151,48.09609676634727,50.656222791726925,54.68926238565174,64.81879825860645,98.82117986090098,98.03088541381922,119.57694918755725,131.7775391330318,140.13426825592336,137.03315793470628,119.38656268415042,97.52396125890576
2023-01-02,94.29717806636324,79.32611942503262,80.71088565080734,74.66294212875202,73.32647739496737,66.22690910689074,81.1407449021383,83.9418744550749,100.74408045429956,154.90514603800497,158.3924788890515,168.72184628206384,161.62211509381328,157.83499929175397,149.9360415192697,179.19892069237258,201.77510485766345,226.5724095258154,224.37510827561687,215.06459968828275,197.2478072671282,176.86659941775207,105.87238519420188,89.72911597659542
2023-01-03,90.72238524637427,87.7139963180903,81.07565715447791,69.71039752605141,54.8662065839246,56.22293048121258,60.21766349502557,54.3865523465293,44.20812999402756,56.33529285219633,59.99134897428218,88.92270061732735,93.65354768159555,90.0280803204704,84.55734374196273,86.34283229599224,93.94671189388126,96.29273878440692,101.68854854397271,67.91194112294298,51.35876586333831,39.02082137964192,33.46251137370926,28.57422282202937
2023-01-04,32.29576769968133,32.136933569875794,32.53433589700428,33.56197203794712,30.8788961781048,31.00756649431922,32.008806147426725,36.068519668587406,48.57754141675729,57.88336114727633,55.91671878566005,51.76885522801606,52.57045946159951,47.41725733585631,48.43721915327298,58.91450262356029,62.63160397059714,62.71548637689877,74.67487034895922,72.9015328325739,57.504084407241855,49.69951695452831,47.55589248856755,45.41681241711012
2023-01-05,42.906499468979504,47.23345848596984,47.83288392828672,46.53844362322481,42.05435619519497,54.44322300470994,66.66136047135448,110.29684755185497,142.29048767933793,178.41013101706042,172.0162941137268,162.99185116507223,138.0374741102957,121.04323265903255,115.66739436242791,114.85553742940309,119.17228290073736,112.75020231544406,100.86532411820096,63.43258817214375,56.4073535376824,36.48448821934471,29.609291824460783,34.315885699324895
2023-01-06,35.7998258270812,29.32599725093064,31.21690051441586,27.982590746068404,27.93501428557472,31.391406691875915,51.9352444891574,61.54210665103093,54.97577631246979,51.49209906214073,57.77551661954898,81.93431689458154,74.47738119648652,55.58336006370892,67.34098265263304,92.75027709233537,100.48157488121764,112.6606778703188,113.2861709726918,82.12732416163898,55.39876064885311,41.72178585508362,28.928587540095627,27.092532495733334
2023-01-07,26.58102479791215,26.398408343972772,26.280665914783118,26.13457223052802,26.26940202071338,26.39708853517811,27.705150052450115,34.280977895720206,41.74907466761646,52.71730126436288,52.00936171098141,52.75783312677055,53.94366916068553,52.52499566685177,49.65682099094425,50.61459840990326,48.28754030118461,55.567307974722894,54.6055271380636,46.90476436818256,40.45690031231944,28.314027985037075,37.18557232307443,40.01224215470165
2023-01-08,36.31600304915882,33.373286978067334,36.13400581895037,31.13011847501386,29.34034383958118,29.34656679896407,43.93250126647759,32.988578900297206,33.50942009875348,37.83406581235924,44.71878298907114,45.46102830724519,52.24074065379415,54.5576105067742,58.8159201403632,61.4995613374166,66.41106986220639,64.47090916877924,80.52701237089106,80.36816787561236,70.69117944637007,53.97879334112317,51.82488334956682,43.62961127153181
2023-01-09,47.11545457846459,52.36581018175314,50.54276565628045,41.55139860732854,34.629075005563955,32.139954016785936,50.61723592139748,60.00846146711689,66.94244988303898,85.0237282179007,77.67978677967172,96.5123391320776,72.1097100668117,58.71609361026278,51.19433763291568,64.24126173036612,90.69768743111683,109.61454593262968,106.56765072930448,94.49574180744958,78.08713198591276,63.61113993588086,35.96969423213812,35.07213154451605
2023-01-10,42.72780290839415,42.82951296769303,52.88473507739639,53.80864541290268,44.20201858283667,59.9902346702538,78.62459343182066,84.91924972289227,80.32545008951175,86.60860684747766,95.2392163882511,86.86974811492553,77.79005561665447,83.4446027050824,72.51806557629251,73.97605137434142,72.59417644858873,78.51718299457121,72.25106063766007,67.14006636231466,69.20326592331762,54.7593206311121,45.98111909073906,42.36755825795
2023-01-11,42.72875193473676,35.88664550782062,35.58955031556889,32.77928751855942,45.22914920837588,47.17597710766263,45.16815275111429,54.20221161698847,61.9161146591136,67.99832345629812,63.38495477259111,61.36510082580084,60.76316955362777,63.20573081910489,73.60930211390892,77.63604275052083,84.33306919016621,89.94441139542221,93.60323043288848,83.58761669540701,66.43392836680964,47.80544901666561,40.52097565254366,35.57879513756196
2023-01-12,34.621958092343874,42.4508786800572,34.06855529720802,44.55139989057337,38.25179660331124,43.78146289955996,56.33353597990136,60.12591158103776,66.66425299233701,72.86797041784132,87.20125001688805,78.17779178750371,66.87628066415505,65.57796336053254,62.64012949770692,62.90809984441034,64.02206190706926,69.92528334535312,67.65452269649985,65.10289470864794,65.92296986384589,63.80613787058783,57.0569707129355,40.028791577901934
2023-01-13,49.64812123767438,55.95929600537126,42.70670817025934,42.025874903308505,42.6278837426973,45.28739038604228,41.240950510074974,48.25286654951296,64.5066160808516,66.11156726198732,64.23909515696633,58.595088773025,54.88043175283335,53.7810986823491,54.87316402302962,59.299518776266034,80.59640550677994,90.21681782761554,95.86080396888804,92.59026404892217,85.47198517309592,75.76356368631933,55.41198450181023,53.18304980176348
2023-01-14,46.54185570361344,40.22952170427034,39.13125813151292,39.64309315895503,29.354537371056487,32.28334858115022,31.05083892065333,39.00351273494098,48.99525595700029,50.13299114297715,55.8007448597252,54.77359316724841,53.99051701980974,50.0889815504591,39.8974484114735,34.83559811076464,54.68771197772863,65.6308503855395,65.9805108331783,59.291708216891934,46.21333608011816,41.9602066627068,35.71344945792272,29.121544471605045
2023-01-15,32.56850487339728,35.2161818147066,37.23008720742491,30.51219019513956,28.30286117814426,28.23410278031351,30.61410301320041,28.97729698869916,31.426461343745533,35.42330603136989,58.86552024998496,67.45540733096958,71.78605527416754,74.780236918407,82.88364304173444,99.673065997692,146.80674941654115,193.32583610014055,218.16938408332052,218.16729041654807,214.4466762850377,201.30068752327716,183.9683890211525,173.871609395388
2023-01-16,172.6021182142591,162.6355272712971,150.49026595117328,137.99411471725125,140.72310341169307,134.4916401541483,159.7546981802643,190.79765406407637,207.43282555010427,205.9944569575252,189.1455049114585,184.38264919825372,186.7648801865675,169.59063060168984,153.95844492828613,158.04040643411122,177.5216233506993,199.7921574577228,202.80233590199472,193.8106472917636,194.59849579599572,192.37855783156547,210.3039893898056,187.4986168273824
2023-01-17,180.69935797699927,187.38437898926568,183.21270604265,177.82897611615732,192.1183778405537,210.6644821212126,244.2179992162292,245.70627967844524,243.4584925927406,246.71271442480253,245.3315294633652,236.6698288242915,227.2952838298962,207.5381548147982,205.7069048991692,213.82148950163517,218.71866861298844,224.32387433178647,226.21676157570093,196.874025998166,179.93522832661043,153.06943359854452,115.39215980316312,102.2451696961783
2023-01-18,93.80746187492396,93.99637143646996,82.0542294652126,81.11509233845877,79.87643602799137,91.77328117920268,142.5496473650779,175.1432172161366,174.6175754816522,190.17476481676837,189.3857622801558,179.57122646894777,180.187547059062,174.37360544272858,171.56163872109713,177.971903074687,190.49767187075503,206.03606393034104,203.9141139787835,190.08753372982548,173.09109292428212,168.012029145944,154.10262047400155,135.03926049684742
2023-01-19,147.6162487281563,164.7939721532525,163.37066915637374,169.47183620645544,181.1102842988599,197.0120697094987,226.6327542373074,250.66017569716377,257.77226329183725,259.52708268730214,249.7448747770007,232.7916012953831,226.44174178507444,222.5617943555949,217.9706863219732,216.2255201686094,221.5987473414539,237.9471779924092,221.47934605750183,209.05066830486663,202.61947986367247,185.39878306058276,165.73269701675665,137.7593356358931
2023-01-20,126.93404922453485,120.8236699414652,111.84766037818603,112.26390812328768,119.8350828120518,127.5607018331829,171.43881371047064,206.3304298900921,215.22945735621516,218.83076776045783,213.3076723452829,206.6947783459788,204.8540191695289,205.2968127052426,209.8226847450763,213.91454393093147,229.61602889304447,243.37823431297943,242.50570452971752,237.2360835138702,237.3760220568388,228.86083896078543,228.82535719203256,205.83088880739092
2023-01-21,200.4614670084587,202.36620985946,198.92703811448325,197.53973309866856,195.74559471763345,197.9217722576612,199.3838259416613,222.45970324655397,224.61279711724535,219.6271262976028,214.2025449604992,208.96679683678883,201.60244153316816,199.28168314050052,191.519870508635,195.78907462452392,213.0223650057459,234.87301376057263,230.09720186627064,220.03001237031896,210.6388231992686,204.9628513695833,207.3641707183756,177.41908076534756
2023-01-22,166.0724724252741,168.30955292676134,163.1985958947633,157.59420951261836,157.16225416111328,164.0149210716933,176.96748259896648,195.5676131584769,206.287360006192,202.2836754259688,212.85211277638064,208.5881769516528,210.2268162210332,202.54249410848897,202.572389285848,203.859384856402,222.03295760865905,240.20033461566456,237.9337379927282,230.9380447863128,225.7008078054943,221.64071592463827,215.360447388997,202.7935474890599
2023-01-23,210.46985915178425,211.04277427444592,209.8688960994139,208.22068084289663,213.63554051777948,221.24053426322683,245.63149879939763,269.47834476305206,273.6671700715999,268.87778457068174,269.0142783535728,263.81816601135944,258.04380677718353,253.1047978893482,251.18455641942904,244.1065111922615,254.72182108514505,268.4131502955714,269.729423337552,260.1418662084989,252.8072344081951,251.43710223225213,248.0823502320549,232.0623020008936
2023-01-24,233.49023451200569,230.38834558922872,219.27732737880584,224.7853711256525,228.6244259239263,242.965168058808,265.8536751657741,278.9824372807895,279.9231565175981,274.64295910008605,263.26956932386105,251.97704187767303,250.1947273983345,241.8051666213173,243.17709169178477,247.4014174355792,261.4771640432667,273.3483336963634,275.1786681654774,262.4759785582904,265.41474476379227,253.4392550149805,241.19507386149093,218.64288150190032
2023-01-25,211.62150513114327,209.44854341707887,201.55282854613424,204.2539021347008,203.7099912551821,208.72808436610347,227.49675420586271,240.7270645956032,238.33852127351844,237.6764596091591,243.35086454832052,238.51345360858477,229.8952057072668,234.72050786239677,239.2279120521273,237.57065642920216,240.01610673852772,231.47980726427664,208.9037294082137,192.44258193686417,180.78141668745076,157.0808526699304,140.9734074662418,109.5172888570718
2023-01-26,102.49346201330796,99.86722036447512,95.80748978708074,96.39519507698046,99.71204772362506,116.57975500222386,152.65408369279737,189.693887817451,199.32891783686517,200.20393140524715,203.1418139661381,203.23871233299445,191.16691547233808,187.5154684261989,,,210.6377043421849,226.3551300966864,231.85570324728684,224.56580508787948,220.1491418551813,216.19182709407343,217.1133335997631,185.34313581337287
2023-01-27,184.28420307668392,171.91132254753757,158.03888369397458,153.48709157530578,158.35719278060225,181.529453837656,227.4821360932095,250.59865801204984,257.2031347784557,258.51665129865506,255.88366632539967,248.82146514568691,238.27896042382437,241.8410261982944,238.1325687075137,240.6696944660009,249.9830231676098,258.490693570991,259.8677231229361,255.3949562711548,251.90178593741905,249.3846137464155,251.4057871722817,228.88647663344668
2023-01-28,229.31209684513203,233.62747950951132,226.69586733570372,222.40595168774092,228.8548306315967,228.4167064166369,244.0303517631622,269.3092421346247,273.74156467894375,262.2946133527812,261.76567505776234,254.85635194557764,247.53052934956904,238.8061748204766,246.21836134246928,255.43387809831316,262.5057745206637,266.9531367891208,270.3411063125168,269.6668220495589,271.08629943118774,254.50609937728305,225.16639812755116,181.22084596755624
2023-01-29,149.67868294666857,132.27257700620365,110.54508097646313,90.5268302053666,82.11840299450901,84.03521363003985,85.12466553005515,90.11736586170002,90.80107429371458,100.46403496278631,96.30899651694874,96.1658034300182,81.53065291423411,79.20044850962722,75.28625630319164,78.0194543176777,92.47681865235197,109.76228673706352,113.81370694295606,95.6267440939941,83.30756270244449,68.32240191679836,54.73183459556879,43.051414276817496
2023-01-30,43.99253859829746,45.48348454165721,46.78654868203502,56.16570499105202,55.62710084961594,55.12878852540946,78.6735312920454,116.65944227532805,133.35409024332304,133.27106833766695,142.26549196703516,136.7708895513941,125.34671743790496,125.09794493910044,136.14667300570298,156.58028556837627,171.48791651030524,198.3787402398785,215.57251885513844,205.6824863608836,195.35637566348024,169.37305149094155,153.554935932591,97.63988728382748
2023-01-31,78.65106970572918,71.53549286869529,60.91461111392341,57.32312684678043,56.44409482215493,63.71722242277309,92.6722952548168,127.84647252030956,138.69372929082817,140.83977963009622,140.19720926110966,133.88045495105197,115.1099481642596,104.38375972585118,89.09506257053762,113.95508383098914,143.41116934657305,169.04839304576694,171.48714368247093,160.3757633618049,138.05607790171553,97.58735760888916,74.66242332937668,59.04392374951382
2023-02-01,57.39791838092097,57.19028694960376,57.1987460452393,54.88091289642705,54.68268762155999,55.712178121368176,72.0787383316326,90.16220252169664,94.39777478571686,93.67181614860364,90.1552807957228,63.8887709771824,60.315051388843074,62.1392323599204,67.85927880441034,72.10368453693917,85.35727006721778,96.56314522575887,100.85033894849096,98.46237419342152,81.34949129887215,60.38729785916316,53.71210827699673,53.81759496344426
2023-02-02,53.17174955752775,52.32568007720717,48.49291954248257,44.50514940523409,45.77395897122067,50.55000530341938,76.33916918572648,106.9912393934104,101.32405950767944,98.02505743935114,121.3462084003454,122.64254914000296,107.3303673462222,97.68007277890348,104.17436920865212,113.81435497105926,119.04632303320552,128.1823644387409,133.0083251829452,120.75418293299472,88.74077272184803,69.5012854872468,56.85789554146879,53.02720371834705
2023-02-03,55.88317899283612,53.59365039698741,50.09656388003745,43.03762727390425,50.65030325232066,54.841826649227656,58.237688376373725,77.73715304846733,91.30691470478835,84.74717243970932,84.00603454219345,83.72624475457822,87.90116578070575,88.23774311935814,95.11366385036936,115.75099107102592,125.7150662404573,146.33867816020964,156.78470758688638,162.74966499177336,157.99566053764485,141.75870006960528,121.49523160410205,90.61237496389442
2023-02-04,96.25556307738472,92.1130528979666,98.75471665493085,96.63559566729312,98.33399231559456,104.81481612406796,126.7841230256364,156.39797679849536,171.60170790802297,176.15423186065456,171.47651748028397,159.6457247115977,144.30637657945482,130.11781426624944,125.41216426555346,129.63256189793435,136.0608293448381,147.4779415542675,145.73227288919423,133.14366022825575,105.23875112808813,94.26052022783428,82.65791862223581,70.69185904880598
2023-02-05,58.29762438361802,56.62012374539692,53.792533303932494,52.891005908482015,60.96356301001905,68.25060472273785,70.96588453736086,73.07351476950329,89.54262399464345,95.75677476780044,129.4815238949925,141.5629865932135,147.55643730136168,150.11799354347758,147.80396554615615,167.88680220841846,205.7559960100719,234.41204923117945,240.26137522166977,229.74121191459463,217.3374911022654,201.04804937626272,191.76181710652108,175.63894070166126
2023-02-06,169.99026899760827,170.21474946264632,167.955659429932,168.24609241920703,169.6094317658123,189.75535506408588,225.1963658750491,236.1645095668703,246.9860845402821,239.40361961612328,235.1125746142885,234.11881138542,227.239279906496,221.68747703783907,217.6843507926345,220.13252456569364,225.55254878008265,246.47300916128827,251.63697196184825,254.2857481262892,262.16957575394963,253.59308609951148,236.67718991551448,225.15994009761656
2023-02-07,219.4037813168962,215.9715849529999,211.10116766207543,211.05446131840787,212.72781114876875,231.82005414746604,251.46159550609792,255.717082368218,256.49343569697845,255.4900357536654,253.88221242383435,263.2445399643355,236.6931018238057,230.552246976036,228.460043233792,236.14094935403057,251.80975495392448,264.1544360424931,271.4201120808761,261.62637100579326,254.3685698455804,256.9018367130169,257.72547935902094,236.4780579166182
2023-02-08,226.6918296942044,222.15836668069605,214.5357621634087,211.38809393894917,211.3766435834336,216.39705300878987,223.95943306028585,227.1447906085433,228.48552599515816,214.44311117127583,220.9523631291713,192.4678344233056,169.43392782465125,159.06805771594492,154.72725719309975,163.5408403350683,176.30177045374927,190.9769023708818,194.7132091924344,179.67735053843887,163.84557880402443,137.9460727837978,122.52675705424184,83.70213391929977
2023-02-09,89.47939582970231,94.97774305402793,104.13738081779152,112.8573063057163,120.66510488093184,155.25996832911673,192.17816378254977,207.3228844225032,215.23590753054592,203.8888926240343,199.0231966146055,197.76293732046727,186.52950902337412,179.7010231550509,171.888467272408,175.1542178171013,194.1956702139546,213.81539072530583,213.04977895710283,197.417808602818,198.4138089510536,196.9848680005884,184.69251300760573,160.32555288724387
2023-02-10,146.47289210212446,151.33817938069444,160.25214947370307,163.1688732158013,170.9577152066939,170.38867871510752,188.82703573159355,197.85988170013547,188.7129497640068,176.1734471243787,169.61190699538213,151.52309978657607,138.2260676041754,132.86258962521646,131.16761223714036,142.44704609665976,153.80453326941182,164.58360199327748,160.73316737587496,152.83516704935178,145.68289428822058,135.29254472627665,129.49217732165798,83.50382864377103
2023-02-11,73.33357329961504,71.06910328937484,70.68774871555553,63.96563806602058,65.8889914542108,74.68039280312385,102.8445816468457,145.0632467060101,166.11261824544468,164.5359582865219,160.54860385185538,160.2281760648756,166.03233155549069,181.3603464317169,194.59846769251592,197.98152219899916,215.40336798602996,242.4107264183198,248.4408937320887,246.20605002818053,233.45919908374472,239.18949977296597,235.7449646653397,211.98915766347224
2023-02-12,213.4595514890617,208.57472808584464,210.41047359563,211.9286005245885,206.90334573193687,209.9893374940076,210.9864557919825,220.7986253281136,232.50899730595967,223.8746293246109,222.8427620906428,213.81779282801685,208.88347093065505,213.3752489120726,217.69018869745872,224.42108008874533,240.49651258092447,253.7725484264376,254.7438532071703,248.23390232490104,242.99178130636489,228.9971467280028,230.66111293922083,217.5041240590763
2023-02-13,208.68081195665243,204.6398216154802,206.53990313857256,212.8020085235844,219.5790815116105,240.9505501183905,257.4898006251642,262.4436093197925,265.6512603555832,253.6716075012363,246.83126781244357,243.8976478716461,238.11902997074645,239.5226773993426,237.7436029605252,244.04821970416947,249.3225842352905,262.47179070340667,270.9893771315413,261.8464256499154,260.6698578220437,247.3834749637214,240.27286645653,212.77241612612184
2023-02-14,207.9595435197156,212.0407699585839,211.54578180641477,219.39427352261652,217.61211343276557,227.85560491649247,250.24069389767084,257.70746497240776,243.1216165154224,229.89964936888308,222.74592876411367,209.7022355698576,199.87115761566383,200.27094245887196,206.9170278074603,218.69144496283303,224.82553163242997,241.6413183206417,242.39384298806704,227.144478096542,219.2829272176456,211.81393176675627,192.95458756674216,152.606645136984
2023-02-15,131.30167765268962,131.32832640365945,128.47153015983605,122.77470090223632,127.50666582507736,153.60963909492386,164.90319080510676,170.84271724453257,171.14910434825498,153.51126186858863,157.47819087588638,147.703300625014,143.02187972241455,144.5039933289881,144.39166630790163,145.6015483642684,156.1186148872377,173.5281250010844,183.52753628953653,171.82022667981963,165.66773291956378,151.1257790064886,134.45736741531647,83.7767473847043
2023-02-16,84.45084167640361,91.07236065603252,102.63995473067824,97.08003490536238,122.69451054068293,156.69509511773447,192.69386798454437,209.0433717420277,204.5229135411608,200.1545341392228,204.97303795156483,200.9990435540951,188.2234652613689,164.39363034092065,154.1584270364639,160.99688962383453,162.07228654733933,167.06072504144768,166.46191122052412,122.97921770651482,89.3623638007322,74.16434046089243,63.25485300923869,62.977210821494864
2023-02-17,63.24319223206579,62.9414073084347,65.26406943746146,64.93158969366944,64.66693688533655,65.17032553499695,69.7658500393949,83.34108286142059,88.59276790548465,91.48744579158613,78.56562568409699,81.1793090671628,73.96753044061437,71.68039965378493,72.37410191565688,81.8091196135666,109.86654188741096,149.565010042831,164.47653393716578,177.1698491900283,184.4540444028661,167.84703677189756,137.6091636460708,80.8035164220023
2023-02-18,75.31564257916904,71.45759978747569,62.898003206721135,48.55973281255618,46.698182581817626,46.201666057851774,50.18765495687915,51.02274287947029,54.83533239617176,65.95589414728809,73.67658426812743,74.78318978407832,82.70587673098936,68.54381077400434,83.04177970829106,81.9257477085695,96.73721441699936,147.79272839190236,151.11682872691688,128.85703514562218,102.04962219753313,68.76784934634094,70.65906487338772,70.68560838178783
2023-02-19,71.69736159594692,73.05048760336999,71.65555987960697,61.441690683143065,67.56918153427088,72.43269305202679,78.8795332870828,95.7075531703594,147.4861670695066,152.63128620301768,151.72085207411266,138.7936577448282,83.82278034377458,76.73827000141583,68.73635028552313,87.07621946794431,97.758062068385,106.46616345880668,103.1770834389787,93.24999816376824,95.16905636220775,83.43172415559195,57.83130560453483,57.49381758912583
2023-02-20,57.9051869568594,56.62071309375801,51.34423444218758,54.630856242453,58.8160784554769,59.72553126559635,71.55536978153359,98.39385657020372,102.6471724718775,101.01839662177024,100.12027742843624,107.50203593766471,102.52842051059888,95.70651595546978,94.83867137477802,113.00515147930425,130.83241367122335,144.09433283754262,144.05741317762363,142.28090546327908,143.69041344850746,146.89735920292568,143.28410388002058,132.56737455927157
2023-02-21,133.70580012801642,126.51532724243047,117.278926733248,125.90255891080074,140.88177914258512,170.17240573817026,213.35033457733036,228.239370002579,230.9161149018452,223.2645040955898,222.36481137142587,213.360699508574,205.85283406502668,206.4166712859672,204.41907858737136,213.52041682389685,216.40943406248948,234.05494753625703,242.2237302904495,232.22101922862367,231.03611702096447,238.26322681189905,234.3666377842244,204.75659466794548
2023-02-22,196.0009128071674,188.2231839552913,186.74334777204652,188.7833795427912,198.35720211946705,189.6911876898368,196.9370940939951,206.16204629033084,205.63151148154463,208.52277077821992,222.4898058693177,218.6476768172679,208.5243111537953,196.3523579380504,213.21405256615705,221.00837197778824,229.37200948724143,247.8560120835249,256.241966689012,233.3238594333593,218.4376727071012,192.66636746067124,183.26588617090357,126.46749200272872
2023-02-23,108.57603884449792,98.1005964064767,91.42125193852672,87.6146806295953,91.87305634673244,133.0808569819583,173.1575700224867,201.72810797644627,203.45602428784625,197.83356420762567,214.2711390479088,223.5108174122556,223.41936066916844,220.95946623808985,207.5372125702662,208.65491224230723,202.37869530295637,217.2339658749672,229.99871504109225,228.20162397190975,222.30366833281363,203.1407909466072,178.15875960508862,126.60138453904956
2023-02-24,104.58866098236406,98.47654118271114,88.84848070867008,83.21122912683049,89.3201915705929,106.74848867793118,147.43561359172233,168.8890782214875,173.56840163375708,169.70302403913004,178.3027608207666,165.4346428559991,158.59565217029092,156.9146791193157,145.31273399871188,143.46522717579907,149.2756416406671,157.0594209935361,163.19204082617375,157.3509247026146,148.36186340920773,139.68444745118714,131.66471451894623,106.73434353063404
2023-02-25,99.51992011802427,91.44362891407737,87.796014500572,76.89154080468047,80.4425690180561,91.77477757589423,95.56703591270572,116.07225570096465,120.2648531694622,111.2220200580284,101.19274535511852,90.04268163185066,92.36602150944935,90.81681608301852,90.58573498022692,89.87565995001071,102.43691393607072,118.51063923797206,143.05275088626507,143.60700610505114,138.20982508695823,135.1327781354628,126.90560889949542,105.26144550921424
2023-02-26,97.80342657720266,98.38768347753584,92.90383644836466,101.3499917281041,91.85991164742497,101.42742258236667,113.97882613433292,131.40015067022392,149.85423067382476,155.4767515570156,179.28226989448174,177.50055002558005,192.68090358207988,206.11597537786412,209.7059555671763,216.92258117171548,226.72514002306391,238.1069232646148,246.18378194541845,231.87605389134697,223.61615901384047,217.6905310963473,200.63109365204016,186.9204309762199
2023-02-27,188.78115392909604,186.0037501630296,201.3490642582693,198.64226807850827,194.0378523066446,208.68567403660043,221.63155361902923,236.4778129944764,235.4549507688392,234.606401139967,234.1073246960273,230.8715325587201,234.44430802125703,242.3062829004839,244.0958821367415,248.55502043000405,248.36569543646937,253.38211508567005,254.5507182191602,249.48126357896604,248.8711351519585,254.06243312958895,267.5031990356733,264.9617812005768
2023-02-28,265.7674183957722,266.2276147121372,260.2659514484608,259.07325444677934,255.93842080542893,256.8915937087529,268.2503503654752,270.4264395901632,264.9334373078194,249.5605696383247,229.5420446360432,223.24665008736133,229.44418594213667,229.42375154283303,231.29614744315333,235.43565569642672,247.29869557483863,248.06766431408792,257.5843010510188,249.5631595094288,243.6430856975005,239.07820107886903,241.6325152426337,227.6398607541854
2023-03-01,224.4903120644173,219.89438704967225,215.8838936844281,212.2812574580126,206.8189269187605,207.85158748469655,220.40518319396065,233.35058671239847,236.5776181382192,234.1838110125905,210.5329595945616,204.40751022201664,208.79738106339016,218.37377137252076,212.64483071828397,214.7297698017584,233.3277124867282,248.14135411348295,252.6688441272436,244.38342082494844,235.4257990146776,234.1942171150578,229.59322869028563,219.7023292511321
2023-03-02,220.95649044793055,228.35456817780488,233.5974106313407,234.24383781941933,240.34440933370027,242.9326684969084,253.89621192215688,264.9855133559123,266.6263700312477,257.5620104723468,250.27806541908012,248.9137290033678,249.97961783759328,249.7183668181656,250.86380762355216,251.91020185190928,256.95918330745974,263.831172479411,275.45281367396313,263.21196409734097,265.70078438755115,265.5814400069178,264.8202562415071,256.4059687207439
2023-03-03,254.35760868490448,255.06890779444268,255.08280273107465,254.01328717967507,253.8317001981841,259.10771900406166,263.3301802311258,264.47018343242894,260.11014698549747,247.2098252351135,241.8917614217993,242.0886035637544,248.820249162389,248.69988614539272,249.71367283371632,257.50540765617853,261.9447894325066,259.3823562173286,256.1088258889265,251.02156904497195,254.3684703328122,251.52016572964385,246.22975175398736,232.4504947950508
2023-03-04,235.6055178327311,239.79107195686308,232.86470685494905,222.09009405505992,214.3800934936911,216.307685442951,221.956248689599,223.0981630794309,223.9347570598929,218.146432067664,207.8185036341223,194.38116958804,198.4999211755953,205.57419601370088,210.8939674447589,228.0184761372745,238.753885330602,266.30690838974857,279.0103536138939,275.3717599165332,269.8391886356387,272.2627634029452,279.4612642342843,254.5821962984921
2023-03-05,236.21311804555532,228.7617287758524,218.76304824530715,211.53355054120385,217.57217545722185,219.30617388391536,218.64968510836232,232.41522580829948,237.5316808848972,240.70542456294052,234.6376946958424,232.4409673830069,231.86741061157056,236.69223857744416,239.00809273689893,249.24439534445665,263.30236457454123,277.5289302217689,294.59746551783843,296.43904631932133,287.1027388109773,290.21172438657834,289.50985774151854,277.3418059482192
2023-03-06,277.3887216250824,262.0140019638481,245.36032087960595,229.25013210451425,238.3627723615708,249.6511699512265,258.06922001113065,250.2188624491408,231.31839621822368,216.40303136836292,202.91689168148207,190.79983570707145,189.70534837272692,183.345959660538,182.9739411699923,181.64178100651668,189.74332526565863,195.76029514830495,207.67383165001849,212.80747124488815,215.0216010698392,209.60348477881936,217.111121886942,200.02022160585443
2023-03-07,196.38111029022343,204.99042301640853,213.1003240959656,215.25533335111624,216.1147755474558,223.3338889990262,248.56902163396563,264.93064431721945,265.7600597199722,261.77256508778567,262.3201967965079,255.68714518921053,250.43470338809075,242.46899815366524,238.4946450670797,240.48670230342597,252.7606892372992,267.9422907918835,294.0610207336634,285.28973964294744,285.7936389819266,285.02939232821865,291.70661819161904,265.55357681935646
2023-03-08,260.500478828283,256.9261377836451,246.74960774642915,240.63416778655647,239.06725529053315,247.02350056201848,257.576630900068,258.3529414964556,253.9196096025916,250.14534460979635,245.52456057372171,231.08610639885697,228.1820550161664,227.43853756790892,229.7991003518813,231.71285938176857,232.3428479736621,233.02293767138724,231.96793195594657,205.1819980931217,202.41330255562332,194.999396349248,203.88897582051484,172.22073158002226
2023-03-09,175.47529381332123,186.7669021771628,185.1478567596293,185.09988812834357,174.03824305393002,194.55879773263888,238.7062528635658,241.75293332445025,231.8549141570462,222.62060570387135,222.72067674446063,199.3764002619308,187.4090153384884,179.02953625117613,182.38342695832503,171.9426113296483,183.46752597436992,188.6642473056977,184.6630267387837,173.33250277894905,131.88935084536055,91.0285687631913,69.32524980474707,52.08196668507324
2023-03-10,52.14115419509945,52.02854542330003,52.328421165789145,56.156556593022565,53.842121285679816,59.99414048764782,65.74320482065812,123.87980041308911,147.65475061101765,154.9581763168719,152.45594410958034,152.65973261875212,150.01259814014838,152.19983667591492,157.89451904607526,147.1669760487101,174.26914090349857,185.12488609975,211.8381030718935,219.01014467459933,227.7055834401473,231.65474191249783,230.3835910008852,210.9427276899777
2023-03-11,207.10279083445172,208.4022468778965,213.6942830762051,212.91530991113288,207.27227255520805,216.6022089840966,225.3977174783335,231.1532736549628,239.4684871981211,238.75355404822196,233.16477315262432,228.88301858894684,221.8144905963904,214.8023339866493,217.68106826213057,210.5690476102745,213.05584473649307,215.41114746699373,207.9425372756557,166.69507576472515,143.06793895063808,94.37496902136076,107.18405045463076,69.36044959028389
2023-03-12,47.55595150363049,37.48650235771913,39.41742689876263,43.64283957712312,43.07400416186655,36.62161429554164,34.4756938988213,31.74931555314817,40.40551749568823,47.58323121198763,46.36459444293341,52.24253925812962,53.29881068587772,52.40438215806041,51.894241886848455,53.79622096629746,48.36464395762044,54.46443920670073,53.83315146413207,54.95250813674215,57.7887246765938,51.71242582175113,51.19224331176547,39.43777705687854
2023-03-13,40.38255529016109,45.36502218585237,43.65773963484587,40.90258142466796,32.78638450756469,28.592866897402324,30.434811955467563,52.79853560382529,56.9173445058228,66.45191009028945,65.70090618516879,62.68842550492777,54.20576775546668,52.44652278266878,52.07754024264679,52.557712161386,63.90170873807784,65.58006432800211,63.90027242462218,66.26749778658153,71.13156292378694,54.46525075077033,39.06243826459266,33.601116691873294
2023-03-14,33.937584982318754,33.9420578334789,34.430506460643905,35.79637538656485,38.34821597445335,45.39534169188744,69.17622495776179,102.32360580497829,128.39397051542667,131.06228972885398,116.31906588833186,109.28871495606744,108.11280666696118,93.3970580626838,83.56772053601833,99.6435262183513,133.82498068342375,165.73502766080995,201.99245192150693,207.73072209691463,210.95462412233,209.31296098640027,226.35000202664637,212.76629154262795
2023-03-15,209.96701240402345,197.6097078652246,197.1924546233848,197.57689516718537,207.76568872530555,247.40283722579204,261.58397420237986,264.99941114950826,265.8746615286788,258.2900861784478,234.072792639897,208.7264315578969,194.85259857650053,186.40949778628016,183.03299226670453,198.8139578225197,211.06973242286284,217.7165538308668,215.20968830415072,168.93045514817115,138.27413888630323,76.89258633992908,64.69434410841768,46.57941680118887
2023-03-16,43.87193579197018,44.00518544926079,42.44715267795782,37.4985185423082,42.11082477682446,45.996481534978855,53.49252509974671,68.46991518740326,69.94440716161598,80.85059900237547,83.94751212636757,74.52887750166495,71.91729042033596,73.51382744833097,71.80096517163956,71.05853579060317,81.58113774939528,69.25810997904648,76.1038086508071,87.27519797986109,96.0731855727132,70.86322677182771,56.845491367567554,51.88449897132579
2023-03-17,53.543826694119446,54.26873692389642,56.34894735000827,61.87792434938121,68.04969045093623,75.02081547609842,86.46855004855259,160.72795295351193,200.65786360620592,188.0084594145351,192.66289459779276,187.51428106521115,187.2745159633928,187.49491207026244,179.6662708867647,174.3601838389018,181.9382612215616,202.08029164413531,216.05065984189324,214.35056589327883,199.2590658811661,179.955167839118,166.9971144459067,138.0516067198196
2023-03-18,131.5842276037437,130.5968876525652,130.10013107707192,142.02579235351038,146.98731511012264,142.47225493704093,153.40239159037236,171.91740913687818,188.35216819271463,191.06418258638064,193.1640395541384,179.78883922028572,179.31171032983087,168.81760005776846,161.42652140218013,156.44119041376325,170.78636386405617,181.44188589441876,184.53831293570448,183.5696135856496,168.1018707232322,138.18944537173084,105.65051284125602,70.26603671027975
2023-03-19,64.82811120118681,60.1039672678054,64.8709945039802,66.30284287281569,64.37725835078038,66.14173001887421,67.51868004951454,79.9622919712733,101.3119794213937,139.45906293213207,196.15273640948465,209.12299695683805,213.07101541264683,212.66422268509697,218.7986247219383,225.88248921286208,245.45048978903608,256.5781606186529,265.5153045057926,252.60467128478572,236.56390075047685,216.055951541731,219.39984597223665,164.38672203963466
2023-03-20,146.24292105018495,138.85799598052577,128.7815927981947,125.68313448980612,132.80956797200585,146.45704171947023,166.44580386566054,202.278740321468,202.90363721209792,201.51031164652605,205.37369262865536,204.2116637767746,195.57385591010487,179.98207932133155,196.2393123437284,191.4578553324172,211.3397048394,225.05976408921407,231.04278223376176,205.6149706719573,187.43030339096137,134.1198774881555,78.65815398454004,55.69046744772384
2023-03-21,49.59030896998001,48.43836422710569,47.68031704603742,36.54678973452379,39.11517636163849,41.26427350725069,54.17553229919919,57.79809624032356,79.92899332956173,77.53475035438089,66.3247950503586,59.83673463261612,60.47426763764489,54.81581777556149,45.30955524862426,47.09991473092492,75.89948454293669,107.8397005279486,110.98972788969228,116.12038302111796,92.13927280869086,62.76038222032465,42.200478910165685,40.28943260353304
2023-03-22,42.33964171824124,42.13750159478121,41.20016002259615,32.39635816110599,31.55870567248327,33.573699891923205,33.68194109935164,56.08736518469753,56.25236333014486,54.58346174567763,52.15023967060724,47.42008693861906,42.55624116784738,42.14919818894325,43.21740367996775,42.91143920359895,42.26749578996614,50.21097745089106,55.99479634195789,63.91901558172152,55.94678243806491,47.69480214801647,44.55889827312484,26.75326253486177
2023-03-23,26.233786416344408,26.45611872697104,26.64886550235827,26.023871309408804,25.63740664486405,26.28697693918844,29.12774564700196,40.73676107402029,48.03605811727567,36.21915784164941,27.84695113718924,31.828093674960343,37.015842706161976,37.09309808056268,37.95590233190863,40.70190064112698,45.096768750341255,52.78039823861399,56.86365670488481,54.8440731093071,51.0605131837629,48.13382237051937,41.98517876538126,33.55915852968401
2023-03-24,39.76982620386622,33.319115862573625,26.051349435759867,27.346555433061397,27.21696596662223,31.727953789874377,29.730979708927062,44.08903012375776,46.91048603410064,43.943465429759,45.86946061315761,44.188673593025136,43.96494998590752,38.85855457227292,34.48287198039905,37.81273033611021,39.33269546546176,43.74033114011193,48.96085860399931,48.90299709784668,52.08634652435202,54.3582881682937,44.25732131329563,32.680912827025786
2023-03-25,32.07790580630832,32.03166740665548,33.00116365809798,29.75076869242241,28.524198972312877,28.600430403772087,28.027277910672268,29.36917905809807,31.65593435314049,38.95217216918106,49.35509562022983,46.97350744199327,50.89899001284426,54.34736163821164,54.57529208669581,61.72235686613361,86.34836436773314,157.25064406897192,205.364679015911,219.75496426548835,215.77509022741296,200.48995651233676,197.08833998803436,174.27301594047205
2023-03-26,165.5433627945619,150.804353601116,120.93521235920896,117.23641873676328,106.84242589820728,93.78266601056376,80.74219335884267,91.85995698853496,109.14541194640692,110.03077875371184,141.260559961296,141.34275340165246,133.3020246318895,129.04295831389229,119.58894789397208,121.3295641142557,137.7943887162169,147.56118649316147,156.67193897487223,154.19657469332267,146.04748801245432,135.96823390063773,142.97103532810817,126.92995735799455
2023-03-27,125.9328925905274,115.18886607351736,106.099586318954,106.17011894692314,143.96232805835967,194.04385847844875,221.1541776321928,225.8521224788296,221.80618361122285,224.36498096836104,220.9465413088439,216.42510004170643,215.758011028019,225.3932375627852,229.10463298840784,243.7065742875776,264.3949567509341,282.3975322185679,289.783641262222,272.49393347585664,257.37000348818515,243.98743501280387,177.3076693014205,140.89617433940722
2023-03-28,126.71087809448304,119.05286711327594,112.55876147410858,109.38150453380818,119.37077809514528,152.76500024134373,161.4439549826662,143.68297969971624,131.59374797968067,131.74421476976252,134.73814260819972,123.24063643933783,100.79352769060368,101.056039933975,95.16831211104866,105.04576439187966,122.57979079092183,153.87802176699915,149.1354363825496,144.43496744193484,135.35830376454436,104.48951534333098,71.86730010027652,67.45592781121415
2023-03-29,74.41610020108915,86.821099915759,88.01922024389444,100.1867277671774,143.44334963479636,183.6373033958853,194.23179694720724,184.183053512891,177.93524529385368,142.34189365342806,136.4904881176108,116.91245121048549,90.71984349582291,69.93384112565565,80.60630725746084,76.20764139581148,72.85129353061073,98.28323061649172,96.8695025258994,80.06915374258696,68.2908397370572,45.42960475897217,44.74378649767082,50.153383776584
2023-03-30,52.55931610501426,52.72838713230902,51.861244867298616,51.6429279279868,47.743561944544325,49.04725949815776,84.42856953574187,79.03633596473244,77.71110111474498,79.99939772681223,88.56454972262938,94.09241760243408,82.5740538021675,73.15407182931665,72.5583666569077,62.43283162778496,61.18887782292976,89.24210262042853,123.93588171673689,139.12030576454086,119.6486089630043,83.01572812402087,62.53183565385757,62.82064769386596
2023-03-31,61.99805707522495,61.8094915957915,61.95925294757039,58.25480636478154,46.11146047783431,45.462191711189725,86.47205820679216,110.48522451450684,111.09005352308615,117.36568650134484,153.71988142922382,162.91054109593793,157.06025614367533,143.5941641764447,126.53763855325656,130.97379817964875,140.20310136010502,143.88470807976543,142.39602741517993,129.7872319613456,103.17992341319376,71.29883390949027,69.43523072119996,66.070193659357
2023-04-01,61.24327915762839,50.16372765674327,55.34947520869276,61.30021222794259,62.87048366983657,61.14274800875013,88.92833702553067,106.11931700970096,132.44805056958026,150.4340545530219,144.04752388529425,141.44213944712538,136.83228963927124,126.75466504558676,121.58345884599622,128.01562618168654,153.1759949866852,168.85426595869188,182.124744889249,180.93021445418773,164.86370978954028,141.11005158909174,130.13570234498235,118.73783847607994
2023-04-02,129.52316897384037,128.4860693288733,118.99487768931589,117.277361161233,120.77902502615616,125.83532295843978,150.70213268793776,175.60642003170582,184.2336794844943,187.42891227226744,214.05492657951564,213.3372218897463,206.91236201576163,204.24405341385548,208.21932075563703,209.17149517978237,218.28739503377025,221.85236923941355,230.43832630586212,232.4580150787706,219.96104354683945,196.1260492456362,170.95968332747933,169.63969406289422
2023-04-03,178.81000091575115,177.27262586036898,183.94956348503956,188.07854578372408,206.4476919279588,229.44713480368665,238.3750012188363,234.06591221202825,217.7224485591697,206.49172029756724,206.63621945389968,186.45161371433437,174.9627403908885,175.4260828471999,181.30823803669813,185.4740989433269,189.28334910973547,200.24800011459016,209.0150684349284,196.1984043568831,178.75233224678843,169.96086539028633,159.9024388207087,151.39140001666016
2023-04-04,166.02499225248866,175.8190943340813,187.3440852829397,199.81280867090976,230.0402827375225,251.80174965514,262.9581786231814,267.5293635752009,251.57563030639477,225.28518514450076,191.03375527059703,176.3714821610447,148.14078493273007,135.00287499730692,135.25869484734594,155.6009294400564,195.42495049088384,211.55679160471212,223.50125680851565,236.07559610695807,212.3412310923037,194.202508523906,167.71162626969698,167.1110913549391
2023-04-05,171.53904616998946,170.12204095245838,171.8416918891411,176.10361694880103,182.52948064802968,198.73653002610664,210.7160527544993,214.9380222660105,204.9789505382048,205.40099893791285,196.5439218903598,190.14608551668425,178.50289471758873,173.88607784705695,179.25926158153803,186.71148022791152,212.61470880447345,236.95517271843136,248.34312190441997,240.34834925190268,247.0692605573559,241.9762337954546,208.0571610244286,205.8613743768998
2023-04-06,196.88598305971692,181.2161899428648,169.73651357968487,167.75299180629182,173.27647295452618,186.41298508084253,198.8821762023317,198.152871528446,190.5321159246293,172.23612406483028,175.23962317720498,162.2804816781439,144.57360674008152,116.19448898051893,109.9322201609513,120.00290003071264,146.63890912972556,166.6475271989574,173.75225684424282,184.2478318505333,162.7892554723091,148.38015004494338,143.3487288121302,130.21766139028503
2023-04-07,125.27905090574646,139.9209768073105,148.81450101020698,157.55597417713872,166.2243166739472,189.5878768677688,208.08153158894623,219.1995890619604,205.5238501180847,189.65660585174575,182.91833435298125,184.19274288223656,182.0222258141211,184.2842083355862,188.0148330316925,200.211628693328,229.51837475300536,242.2095686036802,257.38067273821974,260.8819440712676,260.52582023680145,272.72734765386804,256.0534597845433,250.43399910888968
2023-04-08,245.96358306266265,234.59709012942437,221.1800038725821,216.9943331484551,208.84591031434377,214.57959924134937,228.3343019619548,232.9765620836728,227.47327610482188,216.4959547428439,206.52882250513903,197.21560280804653,187.7815812871195,195.2391477832556,197.0845393759161,201.2997588729764,213.61410997168292,216.64492763649767,219.6358454835125,224.06021366144904,220.7426533401241,219.1717793205492,200.9647941592125,192.4665032076373
2023-04-09,181.7715404012648,177.8333913484511,173.26878469712426,165.6459630888487,158.19339230890364,146.60079598945856,128.64247760146282,131.27735959964255,119.57817757981388,107.55294242724143,110.29888277466064,103.1044746297099,95.65119560988634,97.19627768841828,73.97004444940488,76.77616437105097,96.88600257667856,108.95416775512956,96.99578237586364,91.44014119722436,81.68590113140903,54.34233153691624,55.23916904870564,33.639659780438244
2023-04-10,26.719012119464267,24.735320196289454,26.33514581037449,24.97742443716416,25.29680236255028,31.96854779329317,33.75962367732633,41.09195423507933,49.90067465511844,50.80709730512121,46.33033995449603,32.1959723673421,38.90951553082572,32.643109643995594,29.919829111205168,24.428177554587197,34.2243238360752,40.868936737629845,42.67416117077761,44.829773768789565,43.26970659599116,44.74101752578227,28.800119305816654,25.82017052640663
2023-04-11,25.494706748568674,25.579563044268937,25.59262271884798,26.97865818313319,26.181137851342243,37.22778831785419,55.021211710746,75.02403527349486,88.87386786855653,77.40709282340511,98.51195186318468,92.32085933888068,96.0492854579816,84.03470943377987,67.28958318115683,76.14619448501394,92.60067641373112,100.137595201707,67.21209680197252,69.61698410355018,49.63780319298397,44.30542262034921,40.61707534037527,34.46066757928926
2023-04-12,31.47527855514624,37.55822585505084,36.622340206784486,35.14501269022081,45.05952996353354,50.17332147437991,47.00939013890989,49.327735326204674,72.1947852788182,65.02010657588282,58.07846829414156,54.37040438156841,50.90660086966218,55.56050021163776,51.717175488951824,58.958694918392254,79.97201500453328,85.25715709025425,96.8203749196387,96.81807710784952,83.69173805153481,58.9517820430788,49.02864158751402,50.81342177110155
2023-04-13,48.784454144297634,50.91775346101221,47.82500182268366,45.92368149049765,44.58277767498394,49.7914369532415,56.47708531252184,75.33043837297492,100.89009353309542,87.75038651258063,78.80668602680072,65.03875074086586,62.73625358063825,59.611550270503145,64.99231486827576,80.35696197200001,115.3730725110978,143.6602506406324,161.87972283200023,165.71696353362998,172.72446252177468,182.32976350929,184.53775619051072,185.61358214323667
2023-04-14,196.2939264261548,197.48731243589813,200.421809944742,222.79863359497375,251.45295413270748,270.6963561548899,278.895243352031,278.9970856826491,264.7028251016597,251.6115822259609,224.28256754195888,210.1012106056032,207.3862382777147,200.0568418801061,211.37839632896896,217.6191714817459,233.93476898344977,245.64645495598165,255.314301180655,256.3798927102606,261.33751274115167,257.4170491605845,220.042095903787,220.85408025647095
2023-04-15,216.5134281499624,214.72884256276623,218.9305402603723,218.33087984811672,224.6261568595453,213.30440824626615,213.47983419501887,214.7904367451469,204.8697820009992,199.69939422272316,209.38420242614865,204.797121785526,188.25619624636693,172.584343046416,169.24009338098048,189.2507510140799,195.454673727695,204.59629001812792,210.77343803811544,210.6101730194338,207.7141271767088,210.5822889674661,173.43228602040884,161.41827086940154
2023-04-16,189.31397205483077,197.2228298747769,199.2324512026878,194.3534786861134,191.36589129190415,190.7551149844994,194.756579532568,195.74070495032467,198.84131585288344,196.9421879873053,205.87132819346184,195.1744626157212,190.785188900744,192.50757671711523,203.01733452999568,214.6068127903878,234.9940998638033,249.065732423618,258.7793752875828,253.86705565743836,254.4569870775209,250.3658419106116,250.05941620057808,253.8015403974363
2023-04-17,262.5483924995162,266.78615078104326,269.0994625867039,274.26608675499017,277.6080700005332,289.9099796215575,294.20727614867195,281.79519880840166,258.83485523205235,251.52376078566192,248.1091165711272,241.0190152795637,240.06010435689367,233.61501381739103,229.04960167472163,222.7704978282273,229.69282282863668,240.1226995454744,254.5809196243148,246.93279787557216,244.21898019173395,238.54860158798505,211.64553413736147,194.1066425010808
2023-04-18,189.95021346699053,185.87943420290773,181.21805334077237,181.5241226084324,192.1875984712184,207.12385013541183,213.55659546447168,202.02094885599965,191.1468352512968,163.30299506998597,146.82483108729903,124.60881050084647,99.80132872979212,80.19470001329678,80.77683850654755,86.83937481667735,109.77848207439216,124.90578074760292,134.64991817942544,132.02947213098997,106.64369060057513,75.2057411858559,47.44657020371862,48.28314865011546
2023-04-19,51.321446258754754,50.90773953098834,50.73636268344647,47.12727954278132,47.65042070137063,57.05539530579422,66.44021066152884,71.81759903252039,72.85649036313177,67.8934969489285,63.01643214261277,61.79356101176656,54.32386134088292,58.06984412979229,60.37170390874561,59.85751766207387,59.88314619193898,74.41732108438518,80.07538376310661,89.81922114587104,79.84889073579467,55.23714029554748,55.3527136062147,59.967610865396246
2023-04-20,62.42310082778996,63.54902155597616,64.42128096482084,60.57983577267785,71.52735962875366,108.09685385186276,144.82223670723457,152.98824190369135,141.56164468554562,116.53450314595632,103.37583672471168,94.7831715575904,79.94407485050728,66.41617275086395,55.8295090575343,67.64511546758038,102.10091526371627,117.95951764893556,121.31606293679434,126.40137322698256,105.87587798252814,88.29649635919243,65.35235247162733,67.43809539476378
2023-04-21,73.3013341451728,86.2326585299918,88.04503748998037,103.76294941967366,113.53169599664916,116.92474145602635,130.38328900965348,127.41463353328096,120.1409146748486,113.95131641480764,98.24838393224913,87.94242916353646,81.71946731905585,68.90184291838139,71.19373179934506,84.24924617105836,139.10407981132155,167.7009004165659,172.76085385132924,174.50829970493618,176.3121492078085,180.4602413809164,151.09860987203416,124.90612390090952
2023-04-22,134.723007849483,149.1091654907173,153.42622179640856,143.27628000520826,140.01453923344212,142.1921046611914,163.99774110424835,176.80877754922915,180.00811150299631,174.6939080859659,162.92782547884173,149.21043175648367,135.58307552659048,119.16661370883595,121.41231260060832,138.48632230906608,154.952442664148,163.19435136471648,186.60789390693907,202.8222247203724,204.50912973872283,193.58902155140507,139.82007609990129,113.49214025264324
2023-04-23,88.01474839166838,84.83715444835948,92.57034187997878,109.56860804386662,110.75863514884836,117.47946793087858,138.9127512052755,144.1892395789516,151.0847641356001,153.17491422848065,159.99717520343043,160.5541624657631,160.66848144812636,148.65098643037007,134.98761208512897,133.45779353321774,133.92060046971662,131.3503769011289,140.36565780341417,151.96928832434864,142.86362516196587,111.25460355774918,46.6327732187531,45.34607081735075
2023-04-24,46.73601633329269,52.24663648787501,53.900561227769046,52.03120350593538,59.94676844841472,79.87734709597322,128.837520072495,147.2158086880529,139.84124094957275,127.97976102103333,128.36378454345038,134.60043318190114,131.95627138683838,130.6165864863199,128.0488991917272,138.05083068750702,159.43000240586227,163.73649113474963,167.53908738729447,176.35123134809405,172.66119674517697,163.72023818620133,147.03602846006623,125.92331949045524
2023-04-25,128.03867255428048,125.5598044977061,127.204888073973,135.41241983710972,155.96063775597517,184.786354931934,198.05743370619788,194.97183045717028,187.4299793339009,188.7214669591612,200.76561329766827,190.13578514348416,183.36481322538333,183.9745324877646,202.14815428391108,215.98245249358035,233.6359920390628,242.39629331829815,254.62261751208248,260.0012401404224,259.0956245211141,263.5982607874864,257.9822865641356,262.0659097862251
2023-04-26,262.4558825990043,255.4355401902178,263.2153998450493,269.49647147285066,278.1787216594421,282.97370388245014,278.1552431687838,270.21674228366453,259.20552220265256,247.6305247928373,235.3377321177692,236.4745464189697,235.92357448855648,229.5082720079556,228.18558475552985,235.6228831939868,247.24331960167777,258.6598838987084,261.0626365888067,259.2765782562872,252.80059512578552,248.44304663471823,233.5932640951632,235.7484163014011
2023-04-27,247.8208837161909,247.10115265253967,246.9404106117869,245.5392735775605,245.667890572978,250.2594454117387,240.14565516566128,233.38440820180165,215.4636631556905,194.258667562246,176.92693105213655,160.36717752521727,145.1955416238397,128.20159606348292,131.12865088809,144.21734732332845,158.23065793794692,155.7681603817106,151.1741978756837,148.59457756524225,139.2831113309854,131.56934715930666,112.11411457543755,99.10430226667614
2023-04-28,91.16535276944435,83.7784708230033,98.73475810797107,98.00229604673436,131.7365488593334,182.86880542246428,195.80615280066013,207.83569392850447,217.47344806823835,216.9694120628375,230.12908446880775,223.89306556148887,217.93286885361775,221.23579936208424,216.5624211726023,218.61247282287448,224.386419586884,229.967948342208,233.2679097381254,234.37767917246163,233.1015288915555,232.7802589101148,221.60203051594397,220.2401367236896
2023-04-29,222.04459373574736,229.74102264920572,226.30719372989464,227.27743639297896,229.82159238516317,232.49197194814084,233.65132931223175,232.62302757355675,233.1819794658695,230.92222088442213,217.10807659205716,210.7481695725008,209.0502266983836,208.2664529322307,205.28265012538,210.7902302786855,226.1031844024843,232.9304380521416,230.67115813730663,238.55281470873572,230.7298982210756,211.70792132426308,174.17955871429012,150.27863393615064
2023-04-30,141.737048124309,133.6239723933383,132.92843110346135,133.1914258370974,127.7373024463857,140.19934515271777,145.3567357206286,144.19777721670388,145.95752427035586,143.974995827055,159.44205975685475,155.2306723390489,141.63326867163596,143.65695267478026,141.05435710503696,146.066561231482,160.69478565024417,167.10838866082645,166.56528141312856,177.58993367608952,180.0390282777079,180.01064426274843,109.23825667705331,75.47670956452428
2023-05-01,87.0945694926484,96.54657200269756,108.7083347082092,119.31683527628384,127.99887422822356,132.1235997922581,153.53921486097516,163.8930469193917,161.85424278411548,158.01925040316462,167.63268030897535,157.42875229119133,140.0475265584024,134.2818502847129,144.64491906712215,169.24924764341253,178.48424170377913,186.6701843521986,194.66812957075263,196.83588886841625,197.67307431593423,199.62992969345268,207.9130155963016,209.67978677692335
2023-05-02,201.0898539905947,201.24190622119528,204.87317369803412,216.85072937567395,246.11597205162695,259.263153404372,260.8122813536829,255.4567048619847,251.45825179565463,244.7592134274589,242.25256744199004,237.70536675232836,236.0597607802861,233.09335579060496,240.8857097041719,240.1654685638672,245.01761936821683,245.4787392943943,245.65349464007144,247.1473353394564,248.59367097290857,238.29253048876967,219.4843108008584,215.0821734448581
2023-05-03,214.49228822214496,214.33537733840475,208.1573751209425,214.9757804061755,227.9116126898564,226.2036792592513,228.83850182043392,220.71784485754824,215.022972356636,202.15008336429256,181.3564477910844,164.20802667958608,154.80169845902012,142.95878172459493,136.1479118121072,134.92312531524365,143.88729700718207,158.25861097574915,169.18024160663467,157.8592911133589,133.6991594481934,96.19342988940872,47.13924853401504,41.78819202610115
2023-05-04,44.23880852703072,44.07831694893915,43.94598746520962,43.29069400890453,45.00525623975964,47.1170635130851,61.50669702893138,66.14369509662878,62.35443329359581,50.02308955403544,58.04122749460496,61.70409652734898,55.5442900837262,44.38294272278641,42.83491257297208,48.423534951359976,70.70073452864443,77.32185480404016,79.96562240743957,98.57060864545208,101.01878505917556,66.78297604266386,64.42265427750863,63.87874081880274
2023-05-05,65.36768957465426,65.40677777559608,65.99537014247466,68.44168863019786,105.86394281170956,135.52745282240025,165.03061494680594,174.40210920428498,169.65278260274633,165.8166026646099,172.73407959677922,168.15889535485385,160.12819667778714,151.16131529745357,153.63035977412338,159.21647425246272,185.36567872331312,208.21065619924423,220.2496514137669,228.5154681722535,225.42484939377664,220.3208146907574,211.5010312747332,188.72261346128093
2023-05-06,179.34470975823854,185.6558197353788,198.63247402676168,213.8650138701512,221.63027591804652,226.27584390984853,222.72679578140264,219.5726279902213,221.1112233794594,219.3780125995685,220.1373963078783,211.5739872180343,208.29903501926103,197.7467149814916,183.65616924169208,171.64385074283027,174.4818720803819,183.29505803995332,192.2820173230774,203.7441452094732,195.86172889593777,186.17982652991768,143.778283387841,126.57394072659524
2023-05-07,118.84453977306286,125.95593463902124,134.19720659648118,135.56549346837997,136.57275935010958,155.42388925443333,175.7192132755137,198.5288119899542,203.5073882529863,198.19495854127248,200.69771205485708,200.80154149499268,193.2918145984285,185.68086091659092,172.31034613267437,179.18714702846066,187.6997267695444,195.7994666679156,206.56227117566488,209.75407211135607,203.4412666137287,193.06684322633805,135.56916325624633,121.642273236357
2023-05-08,102.9995804542511,89.55185104629878,83.6455227281822,82.08860663904593,94.87518445629011,111.21673138930028,141.63771830002148,126.6077257917023,121.4652628794246,114.17189649284816,115.29759047273224,99.8529948721954,85.59267862100718,73.78340525835472,86.12438081980095,118.10061237699466,134.99483109960704,136.70485456032836,126.66839187192387,125.86304948779208,119.49527250461512,99.21058819185023,95.77766748304283,61.35373251709503
2023-05-09,78.91546804385665,89.743715967588,95.53217950514032,119.872596386032,153.98885845266395,199.86920107838287,229.8118624608225,242.33333991231245,244.87544815247057,242.43694796460397,237.08538326757116,236.2908710380029,227.61531742143276,227.5078128211188,235.77638424194217,234.8994185561943,243.74930357234967,256.14167505003127,255.5697071441395,255.42723865856632,257.18478981867685,258.6535887699989,208.72383004791465,196.41529643394767
2023-05-10,182.34426799772103,170.04758242912163,168.78703174529727,180.2709452776135,195.4829416741408,220.0495266527477,229.9195319880728,224.40731526615912,218.1568781316621,214.68252657709135,209.8751104551915,205.1013967639407,191.0242071527024,186.91104481213983,164.47548366320655,169.04102295822835,192.06631518294472,202.17800702683968,210.58897102645665,226.99033644311805,234.77262690324892,233.98280720424367,234.56497548600157,236.74014124835813
2023-05-11,228.008260123172,222.895460885388,227.626665755787,243.3434743888268,263.661012934075,271.72781836209606,282.3807369896358,272.26968007593126,258.92609302608747,254.3759290444044,240.1558013880793,234.09905178163297,226.64242583670247,214.95687128369917,210.19170514389,218.19659343642408,223.22244876080845,236.27858682231604,235.05613161041552,241.38249372909587,238.76937019131296,233.9393099669672,214.52464812174367,203.9531040396742
2023-05-12,202.16182248250607,194.3961245147826,191.55424253549015,178.84061902575743,175.00004022158032,166.49675621679012,166.26537318552025,164.62601063449222,148.7682537711698,153.10500099344992,149.97997402687523,130.80898859234364,115.37069026095324,113.44120661281558,115.4355388003446,113.72828593297832,125.64334326859615,132.4548384091161,138.2808156512192,149.15430703677336,150.17992491660007,144.7149510418363,124.3852020048472,112.01000760392256
2023-05-13,95.02954452790938,86.20417223248236,86.57190216357671,99.48157221172023,90.49201910129528,114.76374176859406,143.31154880541695,149.6510936791556,156.95096220003995,154.4170843797981,158.82273111568247,158.45599007166956,146.16773573356608,133.56929243935693,130.4812983214493,136.2597016296815,151.01105632422747,166.68839108151556,178.36315332579483,190.9075714925528,199.42237073749885,200.5410229373813,200.98505231716425,193.1206753654537
2023-05-14,189.9920831847793,180.63934487113417,168.17348860862373,163.23985301544894,158.2669760894053,166.23879186657263,181.60715191322973,195.40388499262136,200.39028092218575,189.18726130873924,184.0669610116148,175.1140196510297,167.7796846878579,143.52843792528205,148.89308085046514,154.78488938851302,171.29781139244184,180.09966763227658,171.84772047996697,177.3430244411209,181.5211110279991,178.9391583476879,169.71155396127614,143.46062887520617
2023-05-15,118.12624732096548,96.09843957921728,92.5103454686916,91.30587872074148,85.83500715544736,105.50229753913224,122.3457042418472,119.61287015294496,115.15049373709569,107.17940530152332,124.92582961997408,130.3160823880713,113.42513784800468,103.53807311214211,98.40025735858428,101.28391325101316,107.70633359179472,131.28588408363163,152.2773946193661,177.9020817689258,182.90722132104187,185.9376863531457,176.25193241671434,166.86169207187748
2023-05-16,152.27752812224875,133.7646124234472,111.3887602800562,116.70366850117207,114.85410255401732,149.06084230892503,160.62010093693917,159.83643000451468,146.0990308151747,137.6396429042743,154.16579244413106,163.32501745510032,157.64492567527233,159.84760832941208,163.8192472681419,169.38095002939684,178.0984261709088,191.52596369454025,195.2089492997996,201.5010193558801,210.60018446754563,213.3083206207532,208.1069459611057,208.09742051402867
2023-05-17,198.6041684490977,196.9456298782318,195.43943887502635,209.4477642929264,244.4821460858264,249.47878369393052,257.9764798022624,253.86783887527469,247.7153528457089,236.19422165310533,224.0820168940745,211.02423761358816,202.6250921066916,196.75599551915792,198.52128740294023,196.21898850473124,195.58651712710312,202.7150074135467,205.71968591310912,214.56910064490444,216.75113418997125,220.74781186000297,194.16484411382712,184.7865402400553
2023-05-18,180.98720978975192,170.25515342471795,167.03142799445774,171.855243833414,191.07584763844332,198.52210115072307,222.0434415004262,223.4066790648128,210.7020024770668,194.59581766123108,185.388978872562,180.11580725055677,172.7255569834529,167.38129935273108,171.6569309509749,175.49321362954535,192.384688885146,201.0535057968084,209.3006490800583,204.67789238739573,195.69586906443763,194.3237762223993,178.37683084405873,177.20260786065853
2023-05-19,182.15693186254737,186.9494170598985,187.40680934911927,192.6154196236508,198.31790147513087,211.416086737708,231.54991240725636,229.06235078055172,225.19823084674897,216.21749496746983,219.15560430096585,211.5649432183214,201.09103824057,196.1827045102567,194.7100954785853,185.48949436822,180.67905264969585,176.37550308711127,179.01733899241225,175.92563605742234,171.632031343591,161.81708486000596,133.72898213287988,111.79701312387436
2023-05-20,116.32228436119117,118.5979521688904,110.7889565411802,104.50777368278403,90.22490767244211,112.096054771842,127.08723097009536,119.57101756379473,116.203575018516,110.81830793266371,111.23726366855426,101.21329857593588,92.9284424629392,73.68327020010727,64.221784411496,69.9151862719493,86.6609805770168,105.38593116455024,121.63732718111092,128.18677098695545,130.5948025617074,127.88128404784574,97.89549958388082,87.86932457127769
2023-05-21,81.66378698835365,86.17172246892264,79.26866070781843,79.20030892118056,77.47665625660386,81.2422261580071,85.50808962169036,87.01920850693578,91.60146383968056,110.47349136020344,116.68072531934952,111.6462126382782,105.36597326108512,95.92775305746493,93.88432115033967,102.93019030743272,115.02836732885596,127.29008583986202,138.93975824691748,139.8178806225982,137.26965530311338,124.48593380324078,109.27017550312551,100.253530393994
2023-05-22,80.63531712801714,71.98682403552354,67.85365897963118,84.36075136120783,98.24353310343672,123.49458611244276,140.06017767867158,129.5925731788877,117.94553273755002,95.76647627410726,109.82493726676682,106.5466814330835,98.85029569337436,92.72313098846604,89.23201250082933,82.11636483420051,80.30481601145121,89.59026444647999,85.92468299052618,93.34457018097466,91.53960296926448,73.75896692866057,57.50038201977424,48.71635183417596
2023-05-23,49.52571799793513,69.56574125943261,73.92349328198755,66.41631456717107,66.5304845817212,126.9056340837581,157.6059965711373,158.8724307474092,150.490609830141,147.25538692206194,158.28331786285904,149.96800180542425,148.1602131104657,149.04666947361923,143.78675444284454,158.93173031882236,170.81300445558728,180.346513572876,184.27475163604063,187.50392094039924,189.4162228161375,189.75520097919016,154.87669106863638,127.23608296454417
2023-05-24,120.70337282516452,116.39942790553762,115.99638701023544,114.7739163567792,132.63433936776812,179.50479269612933,192.34972412584577,182.7216529999216,176.3519125244777,183.65859767920557,175.1276962821329,173.19817037556842,168.0788961739872,151.54567093359674,143.38734878677622,150.08343514732812,165.7031257413175,173.24284098308812,181.0656302619769,184.0603650537805,184.6139311122177,182.77606506297917,144.93561254419458,126.94874027069804
2023-05-25,123.69291380109286,128.2418728072038,128.70646972483675,132.84494518384423,150.34968686197078,193.9996204278475,217.6625024249047,215.0470126930635,204.2864052247885,186.7173176355097,164.77077661656034,153.86051375112223,150.11831770639657,150.4606795429807,151.09285322440215,157.21621652770278,167.1346339127753,173.30446933361353,177.9058294603847,182.2487629949054,179.7057605032905,173.31809593094778,152.7137319748396,138.93995419506692
2023-05-26,119.82435287631196,111.2021009565658,109.3432918717114,120.16569168057332,156.84343022572014,193.7690282134512,208.4346410886294,206.73397149101504,198.5546339353861,185.29293722752797,179.5610875652029,169.38467131959442,152.6207211956615,135.15905487476712,127.85007490066828,127.75415871601398,139.68234713591215,155.58688065256607,171.13396484585962,177.3446927934362,178.66954996690586,174.61574111532997,131.7726012987242,123.74434263395844
2023-05-27,112.27743115956191,101.28697119055975,89.70106840805369,65.89968997114448,67.39368277062677,98.98455428620264,131.90357423714138,143.83877930254673,142.01490408585622,127.62446018446748,127.10213511355308,134.7688830333551,117.66403973698006,101.60266068470736,121.88690584965715,120.44767495699172,114.80171196868992,147.0024226515996,161.05112190323786,169.17280318695657,158.03720648839652,153.78600485091883,106.17108547107092,99.7681573170512
2023-05-28,95.27094214543216,93.14836863960684,107.03297230077229,117.73453357968305,112.43278538223002,132.16069509643225,145.48845123047062,145.31504925651055,136.85195993719805,124.32645630637792,111.64747577890776,111.77591155906454,110.09796718595214,102.0593906711118,93.25776122011212,67.81627626355211,66.70144687844218,66.81950726406768,72.30522418266426,72.08718244833851,72.04265947563044,72.78441121009126,57.79449883330227,67.56965828297575
2023-05-29,65.5810692605975,72.90225291810835,60.984405083644695,60.18703037956855,60.4281388154458,62.83441580055481,64.22917179168097,91.32856166347264,79.56816126790463,73.79949770396439,72.57246362853367,64.87710477012786,66.82235995523327,64.3822345260422,65.51253129686302,74.94920170855237,92.76326574800892,109.93495714537686,122.29116868967304,122.72842772727353,114.69637865757304,100.16564398625476,72.54492645938713,67.7541730691714
2023-05-30,68.33316858675781,63.75359734709964,65.15348893183781,55.93311343464244,62.937533609898246,70.20253083488578,113.85270390789192,152.3167882689244,155.2962426249241,151.13025718204543,157.8883530672849,147.0413202967566,133.08152966872217,123.32229774662284,118.50661202106242,127.86948062434053,135.78079293294712,137.2889282578344,134.6343403286701,129.07067848962987,128.30177728431252,114.68868641782224,105.10327213318234,83.12717343749881
2023-05-31,90.70321892700711,94.36270667573903,101.72643731971604,117.59832015066746,129.06041234218253,156.99175957915926,175.23386570392367,169.95225069839736,168.60180685779835,162.61458059493594,155.0542997993433,149.68238704960305,143.14115132441913,136.57263197715372,132.9952021683771,139.1024496260607,146.93238159330295,152.67160344838828,150.85265655926375,151.9945079431687,153.7119142363278,141.19534452750577,137.82950244732402,128.9875403517591
2023-06-01,112.78841672414124,116.29397359332106,113.97711809638278,121.8760883442863,140.28376043895548,149.1535722251679,166.72866643509872,169.11346646592335,163.52059291955428,156.68495768227046,159.9354745383755,150.42875827545035,136.0281462274623,122.21350041768896,113.2699853785919,117.93288920426215,128.01287102298386,131.70355105254907,126.78624881412615,128.1201197385097,119.16089382313363,113.28946384300382,143.8928446721536,131.53273238212472
2023-06-02,121.66860884396944,120.88539057946365,128.00766327559623,129.3163642266484,134.78548294259042,147.33905132011344,141.4118243841048,155.92697879108152,159.32418177219367,152.56738987714905,161.02080369492214,155.44944326540002,141.4623014190304,137.62648248224195,130.4073857493644,130.2784168221065,159.78144448988058,169.22704998035158,177.8757707249298,180.8598695615571,174.45348977309948,167.82310211791847,129.7150030939747,108.8091502880816
2023-06-03,111.33180945226668,108.13246285560292,106.29236656736111,113.29582734216278,111.94356943328565,127.89764655906636,147.46890653203306,145.81117929116505,145.9037926564837,136.11893352142351,137.01665342089163,123.38811734000969,117.8993545336087,114.7562664569683,102.0066876348438,110.2646327231623,127.21809423585611,139.1994273560407,143.7204916672242,149.47317244369265,144.0477320105731,139.48267668234422,114.36027655483562,97.64650400893842
2023-06-04,92.18741405099868,91.61829625082618,103.0506706516714,103.51891406896456,115.11390045566309,125.01063207576652,155.65984653717675,158.82606325601498,153.9619417676399,148.5592614736375,154.60892632129685,143.1057226904166,130.10600576162014,125.39954124588442,123.98923034034138,128.4001703915761,127.27122001436688,145.3532293025166,157.80347609483118,156.14156062255017,151.94055015985825,150.76848006781444,161.27066904514206,159.75995061568202
2023-06-05,152.1764857859812,158.7783533925022,156.15516891175625,160.82349730366494,164.08407948103138,185.84848106684487,195.4312203797379,197.9360101395928,190.9910959130926,188.489136952406,186.83362952667835,184.2481217907252,176.2317620080328,175.8024251694758,176.07734055588904,175.4825184068132,177.95919759087198,175.5073444537126,170.5186077046867,173.05020319856635,166.2117062590474,160.11644766056992,151.98613651664152,143.24069104946463
2023-06-06,148.1847902073162,152.35093028521453,159.54324747862404,163.4924614065749,169.0073969635009,188.02300682128777,197.20699299034573,202.71063890552907,200.2804046604346,193.103487138402,191.77906250795652,192.7545269746436,184.6558463527222,180.2547291031444,183.04316878237543,180.6260773204696,190.99785519189572,195.644603484168,195.0131918266655,200.00223073204504,197.75910180919044,192.19422490932297,189.67557829252604,190.77068907612843
2023-06-07,191.76928980521683,191.9068810571029,191.63613899982343,196.86798074754944,201.08429982134973,210.6931397440292,209.93386441722612,219.53977274723863,215.73658068053865,208.2315582446445,203.53044395342195,197.50948851544524,191.84522932589024,183.44667461567363,189.0270431163785,185.6772593450476,180.2016684942495,186.0830718237327,176.9852424874207,181.59442394953365,183.13219141458995,182.62501583182896,168.38195394610275,151.07804206835124
2023-06-08,156.024484650698,154.9955710274473,150.91587727737223,153.29866771758788,154.7031537417224,166.29423084010347,173.97537697995392,186.29646774706688,178.98160626976212,170.35197029018283,155.7678981538014,160.88109080045533,154.93529349169305,150.96102267574622,151.31820699494756,146.32387752186116,153.87490218189393,148.31434892114942,140.572361421689,139.61821379968742,128.97483852233216,114.57578495269146,105.39247322862052,73.89907450227356
2023-06-09,67.83777219918619,56.9040370700052,60.46934506636983,52.56823400667095,70.32680488324897,90.372012771698,116.7873816803067,128.65615869374875,120.91086236296458,115.56925506946864,125.65472012003126,117.4297771680209,105.7855717848824,96.3927102957548,96.64215787108792,90.13449807505698,99.56032469823955,106.94527866560856,109.24161295897856,109.36756710076769,97.37759332662527,82.69757030479542,55.82128187763993,53.035573089352106
2023-06-10,52.66133696925985,55.727227226497725,56.01683705735869,53.19084150240765,58.575485278453705,85.9705068278922,86.6596757523938,87.36722765608098,81.33558087159601,73.4610369855197,68.43812662716769,94.65466704225918,71.30202507315909,55.26775327861843,54.76345562005245,43.35182475214181,54.83041295072152,50.45893584006736,48.14303672722754,59.89145818746784,43.52410135794621,59.192977677871326,57.54669176602521,60.59138846038656
2023-06-11,57.86593091810216,81.94792185843939,100.0067811645524,102.66836628015896,107.70540766799463,116.5227229541798,161.09990220202403,176.93140945448968,179.18480502324394,175.37220262450572,174.48870579662025,172.87695485678327,168.77342468367289,158.74442168717854,152.65760458013807,151.8975003261238,157.37853575847717,172.58980870078,185.43604933559112,193.43074490350645,199.2217240919884,209.981643036924,221.7123365575169,215.7124199457798
2023-06-12,212.64741082683648,212.2475755569523,217.184351456334,228.6475447859915,238.66944003617985,251.38007055129717,263.2144863029634,259.41390800004456,246.55372305808496,233.76778506632783,223.05249747835413,212.23960350670336,200.0790824271187,193.85461957496923,188.14578299324788,185.87861299302347,188.506921846336,191.3206791451393,203.73425836088023,215.0104042007707,214.53721169327412,197.26445308922817,189.1814193893255,179.16441829261427
2023-06-13,171.6743711253894,159.21099256502615,165.5211514085925,173.30265072157604,201.3012627780866,208.12214331164108,227.77404002277643,220.2201961223654,205.97719487030415,188.47374536577956,189.25052991879332,174.0785893235496,158.98505797462565,146.60246566543057,146.3311197451001,142.0774446619171,150.8725759720164,164.06760907959,159.86413424829473,158.32100656692995,139.3113604133311,133.39481367832136,119.09213264488147,102.32995965485615
2023-06-14,103.619209270201,118.76975000221717,133.25565729509535,140.55570918410288,155.28180514005774,181.82227814412585,191.8319560603882,188.493104135335,180.89583263303624,169.85957700728997,172.66384489458787,164.33125073194816,155.56436934254862,157.05414561144983,159.4925676783241,163.59006653147287,174.91142146044197,183.8243024173188,188.04021251220777,189.71658663201725,188.50169683317043,176.35799201776243,175.64404538331465,183.81547283116583
2023-06-15,190.08290555643748,196.66562811081383,207.92576264993156,222.1734184960546,232.1351905173395,228.9422351320652,225.66999068986124,230.54070337187957,220.77781041799065,214.3722641091319,206.48724825400197,197.74366955018743,189.7264123716833,188.66755002380344,191.3588034225733,196.7618058907049,196.83132438692743,204.28965700887105,213.81317536929973,220.17557924092145,224.4782444222261,223.9326502344762,222.61799120177335,222.00744862693344
2023-06-16,231.0996620528738,235.16638814646865,238.89582288884557,244.32355909839384,252.23796768705031,243.7493201067497,246.62881699451924,247.2084571318329,240.39721134166788,226.1429667061674,218.02228936388948,206.2679897822364,202.1497288695484,195.08932527440783,196.8941118952777,203.1192836429521,214.25626768928885,219.21312071045955,230.56278788443348,239.53153902548277,241.73106109890992,241.0254457325044,239.62173624074416,242.75253076158629
2023-06-17,236.1857472621195,239.4345838287552,235.76729564934635,241.3355831109936,246.32516308455908,245.67833468810736,243.41071579698135,233.8696531583232,213.72953809785395,193.0702222064301,187.79290897004904,169.05280976031924,146.7361002662794,147.09259875315513,148.4392609095681,172.38954211130792,196.36384965040057,199.14372780155983,208.65964992298183,216.48126884836603,219.00351272117084,211.3376332251972,203.7440689137924,189.61954608935127
2023-06-18,176.62993357059645,169.80449667962526,166.37960674193178,170.32736127373292,163.13421273552595,184.7415198110013,182.48975983257765,166.51067605516602,151.47647784575443,144.9510453113408,124.79870798073472,124.39829092056404,108.9646681050436,97.87793313432144,110.6954205769837,130.4848691401253,165.99283566117498,186.23151876728448,180.07773893090584,169.8560299469389,174.60652708768296,163.1164452269465,158.76671422169804,161.4444079471361
2023-06-19,162.27946380824858,160.96160484705547,147.25846807412614,139.81289870504884,109.73220905845204,127.2070081481845,164.14194670816067,180.8408879577768,184.80116333537785,191.78811887702503,198.1052693844572,185.9004302644867,175.8602685814529,172.53861490201237,168.84318069744828,172.19434534168042,175.76909967872902,192.0197570703192,204.66451210612135,216.22680236819548,215.1964042780969,205.18713172109523,193.5046650149581,186.86753587185217
2023-06-20,190.1811706172329,192.22339000327824,217.0825323593833,225.2869614833855,219.45404536357933,205.93805160641537,192.62758833376537,208.1482762710261,215.0056446826161,202.4637128116739,183.1445044703373,176.6579463928472,159.5965425142945,163.99920692977076,153.83490579570966,159.2629766474059,172.74003775226055,184.89880337352724,185.4700989363095,199.1123082273036,202.5524832213888,207.44406029082936,212.25750444064855,209.0286489485227
2023-06-21,204.5326974146581,213.74903998841828,215.17802720362505,215.925942379153,204.0324657297324,212.41031717475263,224.71051154895952,228.50893565726048,217.46334389864072,212.3547865130904,209.1161019625368,200.4737899018073,190.6736663085825,181.87656444439625,188.725389366852,197.9014339333813,206.99943108140965,221.5884753766813,232.97534305541345,239.5271932096829,243.5124876297851,246.27650153259407,245.2477956749884,251.36257334676495
2023-06-22,255.40255392765576,257.4595774551726,256.7403813145954,252.72248828328625,259.7864204618289,254.6561407766289,256.782874833729,253.602665878442,244.7855742784246,233.99767067803748,236.8101475184316,232.9064827572651,231.2790779521667,226.8720044119005,212.2068938528723,205.48682262127585,213.59435821368447,214.4111369293937,233.25003826262997,240.69877618170665,246.2438171898293,251.2156935693362,238.2441165201586,231.83477258517092
2023-06-23,228.43678782040723,230.0425053808676,229.7580999234319,223.59451031871583,224.7411325592829,216.7516826895705,201.9433414143195,196.22668949943568,193.5348911899385,190.0254054602018,186.3650546487857,169.33232712700993,160.9013786228681,146.61003382869086,134.77799950875976,135.1247330303254,145.39109555335082,153.34301841809443,160.63087109193395,165.41381280750903,161.44597145497465,161.243917754487,141.1225562085215,98.5502145972807
2023-06-24,66.70586064179307,46.97314779597148,48.2698446283603,47.5742402524687,47.48306303998452,50.689835037039146,70.19389993657566,74.36254103592498,78.47660017058875,77.73685630033515,82.90113808727673,97.91861075435727,105.37135150208309,114.47954992669138,116.82290668040484,122.07914528558308,135.6132157541079,138.82831469708523,173.4933203246813,182.80440866882165,186.30066936409995,172.5830863102779,108.24788397024024,85.61475381562039
2023-06-25,70.63849483199091,67.81579817183089,72.09957761225095,73.62962761112968,86.70915730799892,82.90024606951431,97.62802765081764,115.00251247210106,117.25747966275848,121.02744794906565,116.92980730795428,89.53891989614073,74.68658263476865,54.618095275946594,51.980586875797606,46.91035283898815,47.5547415615595,64.42653217365006,68.37800016134675,71.64581888294545,74.19853725557172,87.98275011108679,54.59137809881015,54.30753044152599
2023-06-26,47.760699832378215,46.08345918887742,45.938224617283325,41.99915571359074,42.07000643038512,42.96377140416607,60.687245369502726,73.9177668977983,95.06323672014685,87.34173829899963,111.65247553563756,116.58482000351717,111.23254724698712,100.68707083366664,94.0037692001746,96.17229507252088,112.56786578253528,119.06481733470554,127.0776050803112,151.11545214370375,167.5137856259967,179.55849335073725,150.35795149768117,134.6663200946889
2023-06-27,126.1969332735425,124.59933095771166,131.93597854590536,151.86833267088986,174.8869659786088,188.94669329872184,191.2696523089639,187.61822840590955,177.98943401676368,163.84787611271474,163.3964500979766,120.74897550409464,94.66627374072254,96.22058522771746,113.41452982398322,113.26780292807923,129.37093433599676,138.3911551446487,143.44012037328312,153.40293020243485,157.09330198195974,154.38501246727617,124.04345892033592,111.3601591269728
2023-06-28,108.23920869432108,106.737286582365,131.42348843076329,150.75822993082724,167.82474947651212,185.1030412476985,200.3972781012401,204.2381105003903,204.0262690532197,204.9812091126861,207.1146500331996,203.81473826274805,186.66320541866563,174.56530964646416,173.7252840273867,183.1096549424192,193.44438237744663,193.88767477170947,201.8228504241583,210.9555775223905,219.00853203007716,209.8795456680035,186.9885502560904,174.78108882744567
2023-06-29,186.2203505249805,190.60809882503835,185.87292901954555,180.9556443343452,180.5979372313052,188.33697336623248,206.18184465717383,199.28101656072025,191.3202163244576,189.7162282582377,192.674449710953,182.25853386671733,183.3939489870236,192.14137881839028,189.8188212505181,180.31863610171203,181.0761480352701,189.30743207872095,194.42767500625615,195.17785311086897,192.45931327675007,177.88232903916332,135.37293377120383,121.311693941215
2023-06-30,117.80907939370096,112.78667223074837,115.13011204731606,118.33103278452846,126.1174072276198,150.84901395054794,166.89901275951783,168.42153460734795,158.07020674379726,162.3764203224075,156.02248960152028,127.27836251055056,112.03917057602916,83.13238625561073,47.55004155850986,57.61055427861814,41.23947099277769,43.21305921156316,51.33973043257757,54.98579831427521,64.54441715815538,38.36222541197504,34.400536166576344,23.851329191745467
2023-07-01,23.493407125028217,23.44080917640714,23.412137130251438,23.216831585562097,22.41422318357133,23.146806518456515,23.593547810159173,22.783744051108208,24.55147666758014,27.376447620198025,23.30530526112365,23.608026463206663,21.42666092268681,20.593033509744032,20.395722109580703,21.70948851312092,23.288247635227023,23.97105668589232,25.286335951848,26.27394107031215,26.66287188019319,26.7468027600602,11.389678958390013,11.422045735849398
2023-07-02,13.522945128162409,7.277128784766063,7.659353233447382,7.702804040475836,6.973950099328686,6.731045184713219,11.23138605372929,13.954328387549513,14.298805271074386,22.45320749323157,34.11866872440514,30.85603157817832,29.796006920075467,27.809132694977773,20.992613100329628,20.2133173586733,25.275649412911637,31.148212809541047,22.70788262597153,22.79312931744236,20.325232763476947,16.3819680573109,17.487491108260194,12.857254790763568
2023-07-03,17.138065437771186,20.50437526894363,21.25548435062446,22.37817609297316,23.3957543183735,25.095457015165746,36.94174692033042,40.398894085117895,44.668323361019205,38.55146546402866,45.57386853431316,39.59454428169389,37.64696862305038,35.210820426236,37.336141433690656,40.03641958414777,41.53281336827195,43.43507472034762,35.16658268643276,32.071864772500604,35.577763656709685,34.218685076013124,26.751371183327976,24.44205435670975
2023-07-04,25.875235546295837,26.02495376943654,27.084877494816965,28.00381582494231,31.7470568954242,53.33338286429792,72.45719130536624,87.09088936651952,84.9695711946197,100.95109047021108,127.73464505453212,131.93295964097368,131.6287153834535,140.99859718537854,153.07661808155973,174.71091634752253,187.9383039257002,205.705854113224,210.23645713550616,214.76743028663623,207.707047353956,205.0224633109595,165.08261951874485,129.99951452305214
2023-07-05,107.89970034668404,67.44626233480767,64.37910497841398,60.80387759826491,61.35919272210936,87.87221520270081,90.75460901222992,105.49867535179602,97.53552213932664,79.68090436124018,98.86781494866769,97.65379667125882,98.86566776555098,83.48227633480437,90.51270919652548,106.20467449878134,135.18914657996118,138.87263675563918,151.5326117325884,172.6237196393402,180.18318548765188,176.6981939324162,171.05829253928604,143.52901777332204
2023-07-06,133.17870955857828,128.63590749550082,131.0705544962369,134.19985093560993,145.55185674411555,168.00879030103118,189.43804930697476,190.1444981201692,182.84618861015247,171.56958592879803,162.50849419323433,146.9814652421326,147.57082777951416,143.11648394886276,137.04030625866267,116.41955656628085,127.10896722257212,128.114287596693,128.16022820962718,128.34790639934965,112.67963490748257,60.00456943087025,56.0322437099182,38.44792228786473
2023-07-07,32.993139465827404,33.49494830632975,33.74919715241095,41.60032385986906,57.48319442602925,59.43706390001003,78.02022785714021,90.14591634384723,92.91090116736098,96.44426704527856,82.25228800913096,99.04079694660771,98.90811022327154,92.24906093895792,90.935963816163,86.08352004462306,97.01922046177232,93.27307290704952,98.94807111955784,101.13454173871732,99.74965361971265,66.59135944254118,32.45297340202697,36.22705537000776
2023-07-08,37.49396512611133,37.16829557525315,37.202694367310855,37.21722912878154,37.69369125511791,38.52056360484427,39.22962568830071,50.06428599470047,57.44901665712466,58.0950195072558,61.386417258965984,62.00789933015263,63.1688698633333,74.8026702364496,87.67286031687256,97.8586215156063,124.24927964683276,152.89905301254447,155.18145705471466,158.29523808030223,159.0605432122757,167.27039521260338,160.11464696924386,155.33989871594682
2023-07-09,151.5468868384785,158.0335104260912,153.27385991564782,140.96186974307855,140.2425950058104,145.00461084705466,144.3054548839841,151.91063150632834,141.70526944992653,153.9926676014559,167.44410190895107,163.92609968927053,148.6183789719287,145.8661328504608,147.14156060682018,146.79881597551127,164.9042133451295,165.4588557210421,161.39943005097464,171.76051931818495,182.46066338874883,172.35623953350708,187.9798228569677,175.04339735778748
2023-07-10,160.63476665812937,158.8289340654947,156.9923573668399,160.38876934168673,179.08789613398577,201.73839024725865,215.4967987032259,218.66086138662277,202.5879943815081,190.9446609500127,182.9540901352317,174.4706000811423,176.7076923745568,173.45887030672603,167.60352390043292,158.3230126206663,155.97838088322706,145.09684403589995,117.19445830554886,115.05053060203508,111.44884472802106,99.2279836572265,80.1466238257025,69.65799117113563
2023-07-11,80.64820110309633,83.95287445174351,76.14560336214514,68.96632280973398,72.49297204218337,94.12013977176868,109.8544728542583,129.99000802584092,143.40000791249255,143.71061665955918,155.9270713009252,156.47506439007648,153.55266996879087,141.28540629244085,118.3999737919601,111.02340866411986,120.75377546603352,136.928872945929,133.42122820291405,148.70104409780825,165.34795295388508,164.16096988798725,142.13998464650754,110.56674595164644
2023-07-12,92.8667274501914,76.17330164448592,89.15294936131052,107.60708839528998,121.37266572215036,155.45032819923514,167.40327929851458,175.7041859061232,166.56902672138264,152.11719429247194,151.00585150143306,136.99087402911533,126.9540019605076,117.13805065339002,108.82635269627151,113.14974697662517,128.1459193941318,141.12876260828,161.3228404863512,168.6900326069644,162.78692196105754,153.64857764647633,140.105698026841,136.41620136305622
2023-07-13,136.87714606295958,130.4831657497554,126.57882618506912,147.48001883323866,171.31877063761658,192.45182342468004,212.31045665745572,217.23229243679975,212.18104108688945,204.4041635337828,201.3939563724761,196.11092584294988,184.39853873240264,165.1310389686017,174.34867272990778,184.1651319312006,198.3429989914312,204.10706690240175,213.2295014649893,238.6077056151869,246.0536035902058,241.67407728778485,226.00921965368445,214.85414796123817
2023-07-14,212.04862469678508,209.97047462275225,216.6772771624458,229.61302637061968,227.1102402741452,231.1403723963453,227.00398472287264,205.7396697420201,197.6492537779178,183.91367425408276,180.4287276551804,161.98290919518593,128.20059457644194,94.27060437856296,42.303988622326976,36.5929927469101,32.664613067964844,41.50410765157999,45.14860803567611,49.75425442779395,52.64524396085293,43.51341954066845,20.35413621997865,20.65075326246884
2023-07-15,21.290514805620354,21.764311019931668,23.688237141214262,25.429049043901134,22.912484533203106,23.867248015413598,24.82450527034593,30.495843128726715,40.50846769148173,34.19276181569302,35.7411270863566,33.87707861184539,32.98267256877244,27.42993549124188,9.51120597593618,15.72822632829815,17.128032900476516,28.830854425958,33.28748147492035,32.98149888000825,33.87990205054526,31.622135246680227,29.657661025742957,19.360718788812505
2023-07-16,19.97177732370395,14.813520900825557,7.464432479369066,3.099832172461216,3.0587089414372284,3.0207557925751805,15.804973405373294,22.77750741727142,26.323707264048345,35.84732145519863,38.70324665437811,35.84972698165064,30.318536050849563,23.33668856664342,31.540839627228568,39.17285978263234,40.40909848724471,36.821433735972256,30.17896395584155,31.16757446892175,31.69130825302897,34.50963930347491,37.01192432359253,35.4492662972444
2023-07-17,37.256382572552624,37.75608465331003,40.43963284484733,38.42017221060694,40.50514462443345,58.33764088258726,68.31481340797725,98.0201936143311,135.8048458245624,127.92838829498724,140.96208719343707,116.76710731445463,115.66360230269348,117.72454036723173,121.79269584557052,139.4729414052389,169.75829783106994,191.386211826009,203.31731055322047,218.4454339428009,222.0315084898021,221.873974825938,214.06615960477583,214.20377685306605
2023-07-18,217.2273980247776,214.4882047374423,221.22907492092924,231.6472065964633,242.1754344215572,259.61625769026807,262.93019985370336,245.23892486338704,235.5214277216771,228.63887631627625,228.78773648437632,230.59635973879315,228.058655522764,230.9268379516037,219.6884131953696,220.2542414294912,233.9381228145859,237.4332766638622,250.1578643873896,262.9769956245908,271.21064505728043,267.3570922443824,258.4610254205172,259.7846314832733
2023-07-19,251.2742444082957,248.78147785024345,245.1680461115443,242.1950621606104,239.88603071300247,249.85230255983916,245.9201219084242,234.4518296068183,224.12066714704628,217.38011325261465,218.42241925583383,215.52170469441936,211.6959644394153,209.66331107879952,207.7719717074041,204.4516477468528,204.88436402425845,212.901234707848,233.97483167087287,245.8421289575616,247.41823163170096,245.9124046103831,235.84863459781448,232.61709861330127
2023-07-20,232.2428456213744,232.29591645043385,233.4094922319864,231.2703242439098,236.8592176686929,250.45089943698736,263.9765520498653,256.66140757062453,235.11314458554335,224.33599363488904,225.33805284187045,217.9494975529641,208.1826772335792,203.98201007226515,200.9883117770424,211.82440299924227,212.44423809434704,222.9637327619372,230.7409692972179,235.2173315749147,241.89621767924552,239.0025850061168,237.83078521491808,231.5439181940592
2023-07-21,224.60123146977696,220.36486105525057,215.8069201954356,212.3819039836821,209.4718792810319,216.11267175119443,218.71788484423888,216.9373019905006,214.54084071080663,203.6935668685522,211.4180598990179,200.6269351577721,191.36891245954212,191.7289047846076,196.61928416408597,197.5128798474665,208.05414375470664,221.8181287335001,223.84129134375735,234.95343661967536,249.069110688467,246.4590995061911,212.598563837756,179.38156059113047
2023-07-22,155.8092617863327,142.25751746198387,133.53243860489482,131.14441408888064,124.80517718040136,130.16550082439755,113.10000310465274,107.94723076910236,103.594889097156,87.55258402723464,106.20911304387948,85.76666585601234,82.01640126617394,79.91762084538037,88.42756275991067,90.63661354642343,75.41710901464414,80.14673492791637,76.0690928585352,65.64249230722355,59.9750814298956,52.62842380676262,38.26500176110919,36.491233034266216
2023-07-23,35.218993993781446,34.207100132623474,33.39239364307036,33.05292951035926,32.34614501191643,31.95902794351741,36.569982404784895,36.3005249641045,31.20054753726083,30.455870971436955,35.26065452584904,32.86172866981761,31.297576078611463,32.41542021094924,46.02463824898757,61.34395035135046,64.12025955946692,67.03402163764696,69.79294826827925,67.15862227620303,64.39585140362873,66.95126836012774,64.29391784438091,58.42067124157462
2023-07-24,55.23178913985735,54.92155861440434,52.78859921778295,56.65365356310906,59.455439675564186,65.68558218480975,91.31868367742273,120.59974820930206,148.28835316977717,141.43417382504282,155.67932922571015,167.57238959307148,165.77238600819817,165.30942981633518,161.7634924066671,155.72211243425522,162.10249886175146,176.76752350850626,180.6878168964365,189.70412660211244,195.6387110640344,200.7234694090828,202.1451315051317,209.6989370266023
2023-07-25,214.95809462833805,214.09954823502108,208.96032352399672,208.21073006395983,209.74879226061503,225.9605123922713,237.6878812523826,235.2259794138685,231.21651234456448,220.5520333719157,220.28860031008747,220.16315897866667,217.8742983501033,216.7565879303735,213.18906833083335,203.7420306107034,207.43363860439555,219.32739412640657,222.1351126212705,237.23694474328144,244.33319828578843,254.39837653271712,241.3307656179043,227.66086248812107
2023-07-26,211.2176713043364,191.2089270090776,188.947576403986,198.70082812901117,207.40168967832105,225.96254423999173,235.2091712317379,238.13191181777617,231.42009260539743,224.9909249437449,213.52607624966197,208.30086317196765,206.36820706517852,200.1364318680879,193.86488425655577,192.4109227677947,183.19363419635792,173.94317415852058,171.7125869334255,166.6255982488884,161.42923197310623,156.0488331327883,103.48531540021835,70.62750390920898
2023-07-27,67.84912020874363,47.43133413508716,47.91357784220125,69.79076163675714,74.42708844681538,130.27144770515244,163.736401006515,166.69049643932544,160.71859406964822,159.14146585172605,163.5268526825672,174.30007448796377,176.34021033956557,177.8688436090559,178.02318738625522,185.97359804230643,192.716607419218,199.5485246147485,199.5770963917429,207.88660452671843,216.3203438542131,206.2088689879974,204.92342728192216,209.8419998770314
2023-07-28,220.99227657215263,223.5932312231828,224.2529223040196,235.80639040977363,244.60087115424847,246.96241032388932,238.3110559921428,238.78469597797496,236.71073709358856,236.9567992431214,227.56236910988116,215.37506021471103,200.4582971668284,189.5309690152612,184.01992685064909,184.7198936559921,168.7070752207328,170.1369221565764,173.7168688768235,175.80797439415667,175.23347160177585,156.39241884428762,72.17262139370061,52.85611644071109
2023-07-29,46.816943356561865,46.81799637266976,46.98717774412778,47.76885846394855,47.383311564899714,48.74131122508841,55.6458578192008,65.26625808382772,53.22489940344675,49.551357879843,61.89703103256204,69.37723357598442,66.10519205371746,61.97946843045196,51.85977710720384,46.381999679437136,45.8157951584929,35.775298533212855,39.90197059567557,40.641562828783535,40.58326736580696,38.734571189356565,38.57494064657634,32.56940932686551
2023-07-30,31.77455775712541,31.778764203204407,31.03176033332353,30.085057566017863,29.48079715242577,29.573922365546693,31.851152725719068,39.74549523983336,40.017613994460405,45.49349454017511,50.48097473663584,50.33456402530479,49.8567604258801,50.00032494783191,50.81333357123602,54.42364987611313,58.67817041618379,61.60001011033403,63.10247801822744,60.29774980318184,61.87277150264447,63.80813801055102,47.267945019357335,54.61489492988137
2023-07-31,42.95768401395425,47.58821257088125,47.44451205608976,42.66570813893142,47.24108516548583,42.95118526042759,60.45548890590065,58.059771502111126,68.33586876000228,74.51450259700502,61.25929203131163,72.09953629257149,56.256904394321566,58.07834618233316,61.7893971493913,61.86297538685755,67.66045159894942,73.26953438834123,78.32064170771591,93.53392993035126,93.758558759224,72.21713224264991,45.27893372021563,36.55657636633863
2023-08-01,36.52349823152514,35.68725975355865,36.49189709022694,36.429998950002,36.87816118586643,39.86863349575636,52.38069732384278,66.16122924123682,93.95137441082232,107.59716630198902,145.2283090629331,145.31342294917982,145.23926614738187,165.59762154860854,182.3401662516716,197.093195057388,218.29604224017604,235.21714329483308,246.08428875757087,246.48126618644983,239.46939697330555,222.2947976185074,169.46211747973777,125.99882834735776
2023-08-02,98.2643152314455,71.01418102499527,85.71538960619282,79.11456274447467,51.80606482740116,49.303092496478,60.53174494054665,63.57896593813625,72.25045419791384,73.08039753649177,70.23052850159733,71.67253746517012,71.33085611578348,72.09347108596934,72.95486161353217,75.09472443652766,76.20096011679509,123.26025088970836,100.43519231251209,85.36804692594087,66.8648771446539,53.70448223435595,43.255369209239454,42.62442488927553
2023-08-03,43.19051331924396,43.694545104004646,44.10417918968374,44.18616158454836,43.80792206444645,51.555981985718375,71.27840575142541,84.53517110388269,92.30284494660076,90.08802422820838,90.1528933937125,91.05533428268116,92.06215006749922,93.29294824991636,100.64407792739794,112.85633298000704,140.06375698166053,134.49744765861848,146.24288506070607,144.84644848296233,115.466959808092,105.3863844669936,89.57976889804716,93.8516528950071
2023-08-04,93.8409140175044,99.3428172495885,83.4799781859024,83.52029396047182,89.28831427432519,121.66619068824762,144.2441127870146,159.37482807133645,172.29102253749332,183.87390858662417,192.48041494980103,191.1591911989944,193.71665960688875,196.1885237431069,195.82754839055065,199.91972931939588,215.18006679763891,229.5356836843772,239.77301722860548,252.5714577793196,261.15239381379683,257.3904461765657,257.7573320323337,249.82127821534252
2023-08-05,229.2820518577168,225.5708462525129,228.8676159414396,228.41386996495777,217.7623492727735,199.11824319982247,181.2447822596576,172.06995783511096,180.17525832889152,188.73061299969123,209.1855420390537,193.22821845355588,152.14048813345437,116.4903628482023,111.4507520439992,126.6274621126529,146.0327797488081,168.04270666625197,169.54243232740615,168.0084486418483,151.3652726007231,116.30989947431952,59.281944862155086,57.72472978392838
2023-08-06,58.534228726314765,59.10401889334869,52.918440104829415,50.56920428460456,53.07403391294427,52.8149998659934,52.88911091413178,60.86332201647541,60.11322390933116,57.76574520997212,69.6023452125355,72.93969720838146,63.79537000439687,62.50570635187909,52.102347081677216,56.770503204499136,77.97798032239206,68.08773821825925,69.80799185706596,87.22957360481273,94.04691433759172,98.83109650530854,92.535827923624,86.04034646154656
2023-08-07,90.52708525495004,86.39458175924572,91.69040961778288,91.8841712361228,92.90063416328,106.59592980146913,159.8989231478021,200.13175757125865,195.6844276029001,179.1754101073141,186.5641293207039,178.26855942292792,173.39516954843253,168.45812473306052,161.43760735497028,154.84807134365118,170.48448202864864,177.25289492877425,169.86140020711528,170.4593944822599,158.75787354123116,142.09290637255313,70.99795000163633,69.6608300415247
2023-08-08,68.78305473892779,67.57583026363386,64.211423198211,58.49681775158627,62.781326507241694,92.09598702516884,134.06255150119196,165.34903687883818,166.49052245579915,168.01893275321703,164.67548067699627,163.6169959221326,162.6043765446541,162.60556274299228,176.8890783028166,175.2372136849627,189.92904109358747,194.592620360622,192.7788602728392,198.51369232537917,184.3706822937033,175.80811556662215,152.16884669665757,122.3896571495964
2023-08-09,108.4678709379646,97.2642378160771,96.675052794806,120.21153327172834,148.7621297398979,186.4705603996884,206.32272251253752,213.08830785205635,209.83057074490893,204.69645216914896,207.4854432854896,207.62821587668324,204.17619227742944,201.19542890996524,212.7593814019893,220.90430746263775,235.0989345727381,248.49409307594348,246.07380670323195,249.49553145619475,248.973261929044,244.44849275908925,234.76292410847927,222.275127730549
2023-08-10,220.94211977012887,223.6259657011638,221.618470857692,235.0928677379411,236.6990226146808,236.101590394352,246.6231422193572,245.21091484013388,235.93934050253563,229.9591506821482,226.17033896373283,210.80015077802068,203.17826359034825,200.45976281981615,201.7731107921944,193.22586393658509,183.91798902284765,190.20466742141076,198.5109788611569,196.9024559078309,182.6495206428683,162.98886873984137,108.87220163104664,60.947445735074375
2023-08-11,62.83909731051234,62.91320319780452,43.40304447721315,39.90074692878341,51.74237302157834,61.533104461598086,67.13238933839142,96.49525974209294,95.0294834257376,83.91443509553416,100.46178843180918,70.98609779296469,74.18338556186667,72.77696495876775,70.7983164632699,65.55142684578564,90.11658005608804,116.521580269273,121.43920732558657,139.35615995991338,143.26467445514118,132.55374325508532,79.42720237750844,66.60482821849193
2023-08-12,45.95274954767198,41.75109330426768,36.40338637430804,36.34386446009695,33.49398248575453,32.420264153945354,33.24111523225959,34.89964154264573,23.847715238821863,22.677229481693097,37.73411097231434,31.299152982543564,18.71622251948603,18.358742664690865,22.14185040172949,18.387322101393774,15.340297474602524,19.04950144466327,20.94570260118573,27.08507143583266,29.691760636296014,27.17606610093453,28.936927015416547,27.764454065340207
2023-08-13,27.34914367249799,25.46995709346446,30.660876800922505,32.42529623009492,37.02970764431182,39.862799538537246,47.6630124814436,53.21125567063728,59.96419138536493,51.78711531401862,59.02341755030283,60.98640097107112,59.27514454804561,55.64813174268711,48.41053562303044,53.50972281523551,52.5546517785635,79.07086753500712,110.39557952249892,150.7723470716793,158.63602624661152,164.03330012245874,151.22840687796867,142.26975030406746
2023-08-14,135.88480143730774,132.98362895995942,145.4681350540105,143.40034319520035,155.2067352437265,160.06922254224702,162.87316313399734,164.36959787566877,156.2211547597421,146.0005887586424,163.7969125057965,154.4184287077689,136.13088288551995,136.49200832447067,116.55478581938208,97.6157372228166,114.22558947422203,122.53188166143916,130.5126795449504,137.0174106456343,136.74916609240697,138.75310518850912,126.90917744539944,116.05640007208396
2023-08-15,119.1789482875844,117.66589404672838,109.26449483801164,106.18569051080551,121.19933510054864,153.5399299758608,166.19550020994495,178.50714125841495,176.44858573695498,181.86201204951968,184.5211854897246,181.72148886433143,187.01868883518972,188.5042345909712,194.2352819447161,207.6554520052092,217.3540577707324,224.85329191945868,239.02601568915517,257.931014638009,260.3691627776875,263.15659055892183,270.2320483784248,268.70963016751386
2023-08-16,268.24006538160523,263.0383777915136,261.7547923128338,263.5405890095895,266.5787990477257,266.7533883574374,267.9773752362031,267.8370137292162,263.2270754670604,257.9014550626278,237.76193820960543,225.74204392245537,224.59147510555124,230.85513313845223,225.96079804639,220.1653390119229,226.82779261630236,225.094102555036,227.21976264289728,237.5574459423368,227.2485603641087,217.79473046556103,193.57519122140323,191.4801635102529
2023-08-17,183.49383152706443,172.98011953618925,146.56668530266606,161.03274336668656,177.6263311728551,194.8223541019921,198.54840524085853,189.027166112377,184.7334798235694,172.91098033233743,172.24495421334697,155.08137664607136,152.15818023034947,155.2752864273274,139.16075303087686,139.41773814722663,149.02513820767146,153.9256386967051,156.25423386260476,159.94068839114428,117.98599112063069,83.31658390945579,66.10321583634433,59.3524384012725
2023-08-18,55.18682213464706,49.10352691262625,53.66735711699136,60.96802227704724,66.55984620012025,87.51329985995537,104.40644364982772,110.58958220231224,107.00056651701873,123.60534589071987,138.66689864851185,134.51642146105758,130.1956909181667,125.30980553916108,125.30288174613348,126.28861771940846,91.6449246622511,59.80868739954414,56.89986894950871,50.90931349468361,48.935217004670754,30.39833626006329,33.839351641730474,33.54721185851777
2023-08-19,30.366674733414293,31.01259239081032,32.16838204274395,36.16712000547084,36.45697356390464,37.74658276558701,35.47050325608323,33.02142309971553,29.622667167231786,27.815736894908245,32.92028736497347,32.309909388866586,34.652663049921216,29.972683009705925,27.278815229322134,28.702056186195254,42.3574959803587,46.036730869313125,47.93306999063978,49.70536439868067,51.27319354232897,54.80188783636346,38.79615734904562,39.35227967666938
2023-08-20,41.707223524822304,43.615555593438295,46.52448836197065,49.68045731387002,50.88067841573256,50.21758842939463,62.21171487473994,78.51550108324179,83.24489736260762,81.68010960243686,115.25282235036327,106.07402161059088,101.2704263859184,86.75192335288955,68.48923959192928,87.46215322062199,128.2027078041805,159.36870472672027,174.0014543542016,190.37247767880916,184.6026258416369,162.62079586775286,133.07433215636274,102.96344964404932
2023-08-21,99.82287346306713,87.66803283977528,82.75050505691225,93.7867622006736,110.51255238070344,147.4986337429946,169.63556798713316,165.8432706828723,160.23095066691397,155.8647992321399,151.5236485225488,149.9229211912125,139.6029077746927,118.18514676338096,107.23784202217422,113.3758068772381,133.50935482277893,142.26984870897144,147.76885843804396,148.94637997209887,145.0942045108156,104.21007355593846,62.00550654922178,61.64683402566629
2023-08-22,59.50364813209459,59.25099773653803,60.07363502002627,58.837289123344505,59.42485055733748,89.92608754129901,125.3591190230106,148.61070162055384,151.33069547525113,150.14329569982905,169.9167337448875,157.26427977665756,153.58744262993926,144.7793794211652,141.97477273820107,157.07416201931107,164.18044284608615,177.20116574758708,191.75631665004764,199.32676570104127,198.3897934029769,198.8231438749289,215.72541667484248,219.38582589960848
2023-08-23,219.7546236607383,219.0169819337972,216.859078834954,221.25329364670608,231.23670174504988,250.8452321306588,267.60292441965663,266.13970238747294,254.1012148473984,261.09471675184415,255.55246069611127,247.8788544036188,235.0189425407255,228.505768744538,230.50945503815225,234.6558049646942,242.0233152955384,242.95944654717664,237.84286492419304,249.24331996174573,237.0025773754928,219.9036542240304,196.9935065466518,197.7950653952961
2023-08-24,197.6461142455099,188.9064790964126,181.1964941249067,175.94403767912533,193.4910516690647,224.05398779459043,253.47396475592603,261.18171768273095,256.5128091735538,248.37173067515195,245.9755984920033,235.95821554108093,240.0512087772668,246.0909792842624,232.45004107191565,226.3305633858696,229.69759017383356,233.01127127949547,246.9989203363829,253.7754266003309,247.7366430716573,236.592070594934,216.0211290535496,195.9793651474452
2023-08-25,194.39219550403573,205.61132813716395,209.3297130817344,210.7917223492997,214.5472260303285,237.92975707205065,259.04061271566246,261.3719840307513,250.9876985807079,242.56725878972048,239.70374897345903,237.01183767557396,232.73328592866625,229.80029047499156,227.0613187414112,228.85249341565068,225.1263198040473,240.5622627792808,241.20868867080463,244.15042927315875,238.9859461849353,229.75819683398493,225.11254665038095,202.8560063709491
2023-08-26,203.7673873133646,192.54031756883865,189.8085871539004,189.594990144966,190.32082631453036,190.89546448684183,195.60474276245432,210.4650902128428,200.61096122314288,189.45214461202963,183.4927178094668,166.2918468196794,170.25039237336864,159.46219612186715,148.36573632308415,172.4661605785115,195.50418611995977,193.54258280379128,195.1252082488771,212.0959911873473,208.87564312130615,204.7553278265245,191.94723534911824,173.80053303069408
2023-08-27,147.12471405376257,132.243631995374,122.8882225728302,111.1507752381277,99.8720127375654,102.59224162317392,124.25009974652592,135.67360803549872,137.93810224178523,132.4811104507315,132.259453925582,141.90049729887733,116.24268782755884,116.3316583196906,122.70480003129882,129.12423886416306,157.08609789590437,178.6870346860976,183.0993190906533,189.0300766209423,185.92439607134267,172.2105963605669,136.49122844345945,110.75575849726808
2023-08-28,104.19388925905528,89.3131705234819,62.49908014854093,79.18838219538713,94.6615329226664,139.86383903750078,187.7959428091297,200.71136898767915,198.5608555208793,191.35300091022637,197.9223587860048,196.82310854029643,188.72929221961888,176.7491900469572,169.90711024066357,175.32315962598545,200.8771223774738,214.97808719778865,221.0076363002672,226.92825363657013,228.44745430185168,228.33382307424077,194.455969509457,178.4498509997624
2023-08-29,175.67670905384506,168.29675601776916,157.31384452682695,148.1591080580684,155.1831012565693,178.0212374508599,202.48704815222143,202.55322765426035,196.54378533584963,195.20222555185757,202.1055704009637,189.79356515216844,183.233498951242,176.37111253042502,168.0102617037989,167.9494871876093,176.03544587028733,177.1888379444532,176.44474676651012,180.1044764145623,170.63547556304837,155.96841404910853,124.5428872325939,114.73841119728564
2023-08-30,97.30957420820872,91.39644668992774,76.70480252624867,63.14532572145118,94.90684521047352,127.92044621538084,156.04098241222363,161.35285433780533,157.92846084801835,158.21691060125968,180.78060788813315,187.61459236476557,190.95790706335976,181.231325576957,174.75289131346048,184.0336564068016,184.35693461042928,189.44095734677376,196.96562899250432,210.32263779988304,210.3273000696772,209.9581514309305,202.44794622572172,204.24944035751503
2023-08-31,209.12035176545783,215.73447537281388,214.912791300692,221.93672068972924,238.33038079239327,254.5479565469908,264.8076997008149,255.94508262016004,243.86891947901807,239.968744232078,240.1901123312813,233.2466953930625,228.37278817190705,227.91035102926188,228.7167329549786,229.3563009540611,230.8273760887812,231.3973926990135,232.7087560443866,232.9571552450354,235.8908039368644,231.2221461800189,207.56524858322024,207.7998579445239
2023-09-01,210.26898874866723,208.25854713656585,204.0142015126912,208.759033270203,225.00773198186363,232.0458626126409,238.12848979093016,242.26212437266344,232.1466543108576,227.9245475624996,222.0377827314651,207.82509225944736,206.2416743704353,213.30444249669847,212.0954669873394,216.09140506236247,220.30565226603247,228.20273123491256,240.1187903084703,244.64164589355613,238.19869969931463,230.2158022444152,227.15200399921383,225.0763356163083
2023-09-02,212.5729616474563,210.8076779815841,206.84209854807176,204.65036390993976,212.77646804346105,211.7503766816029,219.06866997278425,229.14941395332443,225.9747748217381,218.07764668072303,211.92248695267392,192.93830063313547,171.3998266441689,154.73190325848958,159.55583612903638,183.99096370680837,201.1180648183832,211.92675491961305,209.2869414170899,211.5828245303348,217.3702161955565,212.9586267767217,153.6377098481078,115.43198081502598
2023-09-03,90.05769018479411,80.84037990606059,76.50820939428662,84.13198626875696,84.22567859486034,105.32907595792624,120.57363224795438,134.0000457895867,143.31081833828756,136.354864617673,130.9235333957636,122.04213014441996,117.21797216790868,112.25994259117964,109.08605460078138,118.76020668284464,141.81576441708768,155.56420253374546,163.98138268442267,177.746198460006,176.27814646905563,167.8072218257348,137.44240936041606,128.47540483937863
2023-09-04,127.05321555163052,139.2889662811973,139.77299620277446,141.76727970232417,158.65639027348584,188.38546216898337,208.882657335936,213.56175672547948,206.18726322452844,189.38290052204331,182.5565112997173,172.92300168961447,164.17045417696428,156.90916886040247,156.54989391555193,164.56603243545717,182.0890863088703,196.23013244165472,207.71014607343,209.99882059329173,200.13032606260825,181.712011516518,173.31291433276192,172.0544061240483
2023-09-05,179.13218633757754,176.42272573397102,177.76511632333896,189.7789769742492,199.7758252610244,215.028986133672,220.11679647177536,212.50136543365696,204.93763602787803,199.353310677067,189.42006829222717,176.19762601835507,163.38871291491574,156.73774358032506,161.05212286547714,177.24822093564427,197.56929524595688,212.6450311606796,217.65546176754296,215.98328321608977,206.28521992714735,196.89958907075768,203.68015620218392,197.55365285892475
2023-09-06,197.9602903019456,198.2823178855567,201.16323638756384,209.1061350399524,223.34843540266,227.8140198045645,239.8000359746053,235.3109760023645,233.66234905801025,233.10161726873292,225.8836723437357,221.0847281123709,219.68420838632068,217.80154038251544,222.9448023473756,231.8729231884164,241.52101530736272,254.97270020270045,265.98663803172406,263.5853871112289,265.2282143905481,255.14826224603465,225.7682386962805,219.748042963206
2023-09-07,227.4737999416211,232.74924924287652,233.88692872848733,238.97653505296705,241.59121879896787,243.2689501025677,237.61602877747072,238.1025780389667,230.34345442341964,223.7930411413337,210.75762719938783,206.04271505254349,198.0508476502185,195.15171851756548,203.59121755728447,212.71234970457527,215.2831404614873,229.6321391330716,237.26597755508624,244.2801398002441,241.66752022367044,242.27573333769143,235.10724108808975,240.213012157081
2023-09-08,248.72486552859527,252.23242171385508,259.1558238683932,265.4517725617778,272.7607784161482,281.2170332770738,282.3836015076404,275.66572708314874,266.9292632619823,257.5780104747409,253.4155080071853,243.42412590215656,237.0881781080164,233.04477985692168,234.2514489440537,234.65352206170203,244.796243555944,259.5653336053424,270.10186421097524,267.0504342051177,267.239651244785,269.2122067315251,259.621987031281,254.923802662206
2023-09-09,236.8302183622617,222.06112511857955,210.8288645525472,202.27937885169297,200.23188459537369,199.01626357733832,204.4558545873809,218.33988549367916,217.19095866579735,200.6602959602423,190.9330975234034,164.74514780728117,152.3135377184103,140.95093733265384,144.80270245205818,160.61699188856284,196.9132815003368,216.63923358776844,231.32654388547564,242.3215480200506,247.4915415198444,244.3643946361082,223.74829775281685,210.5798831616355
2023-09-10,210.38894865062912,205.92897064067063,206.6308235535208,208.14744029434064,224.43093061291327,223.8752608948876,225.28668607004263,232.0961129609612,234.0391231579352,227.8988692171729,217.64385131785423,212.10876782618288,205.50184260704216,204.72290088635395,200.14453882671685,199.69432865095675,209.7236500596923,214.14090567426783,229.62382921725165,238.7630049985304,243.7761677447998,217.2385262021555,214.1579169174285,192.69037825853584
2023-09-11,144.80249620830034,102.87943826357709,78.4205065290156,96.83372841072703,118.24173230471604,147.39151496262903,174.4727715778345,185.9011553560735,196.7947694320811,204.56455555273203,215.4939882008848,211.97114979741627,209.59471557196477,204.33017820788208,196.90563392516745,203.69143138876788,221.37301455523124,239.4888610780773,252.38797590847483,250.655721523238,251.4057527513668,246.16143216000887,233.16233043763071,230.57298452048485
2023-09-12,227.44075137763943,221.1208253445756,220.10277336999303,224.78430683040003,232.01318361877088,242.760395851884,253.5841437983024,251.4139492155259,245.54345499404175,241.35161366884296,249.5210501528394,244.06763748704356,239.39406240515564,228.0096765902974,226.38051752451443,219.64572756899344,214.74622301778408,206.50726074897892,209.92725703466004,209.57333253183324,201.80265919730172,189.6118716982888,147.85229650612533,124.85644209567272
2023-09-13,128.7978236003574,131.41538575947803,121.79883581280758,129.87862079733208,147.62945067972177,177.19653110119046,192.9171594693688,200.5893801999142,208.5649239167221,206.06926723596288,215.09330116828957,213.97153684033609,210.2221530769754,203.82363955373103,216.29725931520483,216.6245259464545,234.03464604099088,228.4317719112564,229.95058484820728,221.60148213552577,210.65240196029225,185.6060362448264,140.5505619747624,108.7678365363249
2023-09-14,102.68932701582844,89.51011387344609,73.84784786521904,67.79625670842466,87.02843892700456,137.31813774124078,162.51744030319162,178.68740554579497,179.93123423199944,180.1873712332034,193.55643599671416,184.67792499009656,181.1284721972592,181.1637957535457,192.990987723077,205.8694132427404,208.796614713032,213.92578827886632,224.4161649927473,235.56537381995904,232.47994057226649,223.28000001100557,191.9866109037668,195.42300748459544
2023-09-15,199.3069790081222,184.88778303984205,174.59792881979735,181.14329835203105,186.54672788738813,205.16919507414931,219.7705532910415,226.80851464454008,227.53236626838043,227.3211084675743,224.7685701248143,215.3671858440491,206.19410366081635,203.66706953448573,211.65540978821545,210.5473011193344,208.86365613350773,206.8744700210681,204.4416158875127,197.33122868350816,180.65772579887573,152.90304958222606,131.83242973584004,117.46947394100542
2023-09-16,114.70356994453682,113.61859368641832,116.18678388717666,115.76245450641804,121.15266682617964,119.03118378277075,121.86801333108662,132.86335468185337,139.442161699116,139.22726468341978,145.3108942306147,141.69734537853768,139.56865653528487,126.0277330439874,131.09313793543333,142.71579162359595,147.4245414209332,153.8465385733162,153.72115824829868,143.1110343726801,140.23097668090438,118.34902844128456,89.66442434971717,68.6733215778297
2023-09-17,68.79129527667627,52.15979482026954,51.53381915262147,51.05786417699513,49.33100391619976,48.18066471229271,46.3904877793288,49.73644989998876,47.36632672283148,54.24614512251964,85.6672272749439,103.82310991096368,97.63984609976342,103.42150667970246,110.43767775382348,128.863543702178,145.73188389978455,144.72168530952388,135.58976656572565,121.46972187069828,101.55992643604203,60.89131387556566,111.96152752542666,81.25435395953309
2023-09-18,65.39838945541506,62.39090157595427,60.64938800643955,49.559070098048245,49.50211506178711,61.4198928982218,77.49345264047851,78.3202323850747,83.97654113738719,64.39105119134346,53.570790663038,38.977546473451866,36.8871884519202,33.32198136615459,27.96733466859209,26.19267693732908,24.726840149697345,26.64719687538133,32.77392320543772,34.42082504179247,27.85956945365209,23.534389140373285,21.64553715581908,20.89772314603369
2023-09-19,20.80422252081681,20.328873863468605,20.51748296146573,21.054775509690604,21.366750106390345,21.56218599474065,26.38033326522928,33.52482603815161,36.11013776314324,36.15519710658761,35.767558902710604,33.690635798043445,34.49832945354611,34.4517800282265,33.87944797597286,34.33283773912329,32.11564137986432,27.866663140188844,27.91896702731232,27.276147420424586,27.20693178921451,26.13373459704445,26.59110734117376,23.904918792110408
2023-09-20,23.176214284250573,22.992078941482525,22.92922770158821,23.23258305767476,23.440312549585123,24.277176533286784,24.210469218205287,31.8910012680151,34.30853325326789,34.61087905465784,34.506729232751674,36.80710405554579,40.58026267659048,42.2892522635023,40.49861487185936,36.67366095898197,29.04925463969947,44.9206974094455,45.473620025443054,44.97977522475031,38.566775116212696,40.43441065683686,40.41214960928155,37.62654569148504
2023-09-21,39.93199321392745,38.794847328838905,41.02164985037823,40.98211428034272,53.30720764728183,99.59867627918544,120.76874218930874,127.78217590353546,159.43252900276482,129.8030415503368,140.10280314110597,143.85377805560168,134.70609911337905,133.6291532154314,135.37761131145777,168.54201543976595,190.0605608601754,211.5323004073221,202.11399482631435,193.8685615043665,183.4081684186036,160.0788572139096,135.48451181186084,117.25327855400316
2023-09-22,109.77659384122062,106.0245951715053,106.86765133619188,106.25188483435775,137.34442005409326,179.7575409509662,196.3979171387975,205.6233515851853,191.556942029552,176.235188008365,160.95825098502985,150.17534122054005,136.61996521888807,126.90417930814364,110.27734563894408,116.9402067305881,134.66196401685804,144.58372043762984,153.75776754844975,149.1439062349681,141.37961073212247,113.61465255444686,84.86977776407653,69.38707537212673
2023-09-23,67.37450567309925,47.46964887950813,47.57264971782736,48.14767597432944,71.7351100827553,95.40564949017715,150.6133114082705,179.64501250034908,186.05428639749763,186.31008894211763,180.1797257651035,175.67014314753786,167.72460984784223,166.7792978715493,167.28054896869634,169.13506060580062,196.45778930953355,193.11220407680025,193.04869616419003,176.33193952827438,150.3419060500779,105.33808479186484,37.49231822001493,30.80011059880802
2023-09-24,27.17745099075445,25.77359495521448,24.7600563366389,24.36089980690077,24.77102943583631,25.18607819304092,25.8080356315673,26.100672375104427,30.701762314629036,40.978093526500665,38.594420116039984,41.566061784637085,34.59141304401353,32.46345838319554,26.21035875460904,23.4489682180852,24.715003297269075,25.24592578059501,27.09302948375944,26.04433121014161,25.580425095463887,25.77063751022797,25.594769930193998,25.30089257810465
2023-09-25,25.24113832650556,25.277063887825022,25.74118754503738,26.288027794897165,27.23670133538973,34.40147709093546,50.94318686695864,58.93074472317913,56.14349940629813,56.262682861336586,86.86671606153956,82.0754257030188,76.89459312175192,65.41503986107692,80.71668103948736,90.04788874446486,106.99266494291624,136.97094684256584,169.24328959787178,165.6115162243367,175.8304562195878,175.1747655582627,144.1155524281271,122.33177758017484
2023-09-26,114.73223143288156,115.97556563944129,114.23602354843102,109.89952663722708,120.88144032511526,139.32436144466277,138.03102314168387,136.896556021917,126.67472629608318,108.94894079473562,97.0182207563642,78.70764577317453,68.57767723019548,74.05256709790956,76.03800849630325,83.99029195377483,110.79353236141117,139.9594842588974,156.65075116687152,149.59273431745123,145.88984980185813,132.97147441082353,129.55075828295406,136.36823368541633
2023-09-27,138.3035213356925,142.3864379568938,157.42941735735,174.8671221594564,211.5515316285344,217.7723603933485,212.1981706677904,205.82950340506343,206.5998801972765,180.6197292454591,153.54564745718406,125.95737576889503,93.22560533635894,78.7247795084048,65.37022676086293,76.46591158056727,90.3835407644514,95.09487635178864,101.69683260261472,69.03157879747265,42.47100148733946,33.04491703082213,28.37050372902621,28.25858490727769
2023-09-28,28.259842247564876,28.225520876366485,28.318024544444807,28.615395344632702,29.09700233221562,33.20461483404433,60.43571586357079,80.11359841830838,90.05759092402462,82.82262717567353,99.28353746580324,98.0750389491362,96.54110451099484,89.46727516514855,92.91092522066722,89.61688081652422,98.06476395314394,100.98233389778724,141.91516319723857,135.5952116944314,113.56649626102336,64.76176059477162,49.79093952409796,56.44623528545496
2023-09-29,59.27070304034036,61.90688456529681,61.47919666274704,59.84240118655038,58.64809458772385,79.8730480401072,94.96301347251293,93.7923954590895,79.68358752084983,80.31335855938933,86.07400534048847,76.74431264946129,65.55894881526304,56.15579740854202,57.19134860865412,68.43458825086556,105.20567138812508,125.41156169350762,144.95184370122234,136.53429655708655,132.1009542516671,110.64114212404014,99.04764536750884,102.06177175552963
2023-09-30,99.83856996412584,115.77562157251504,112.64070677613536,106.57541248127885,121.34386198866966,154.93225718894243,176.97547670679464,206.7557355229967,212.5201671787515,209.4755203399689,199.356145261949,192.532082680211,190.45531767349388,182.22085295483524,175.8135966331404,184.2780634338708,189.52949822572347,184.550582499508,181.9904254703504,162.79389588338313,138.72366711875011,88.93099865803624,35.027746222591624,33.43765766856935
2023-10-01,33.039849542419994,32.88840529409773,33.054639180350506,33.7948276890913,34.87420910437153,35.584935873638834,41.005003593613736,42.224164725624185,59.57220905426754,67.73883833745585,67.56539412115889,66.64590971722686,66.50414488752942,101.63465755987566,98.80575480571464,118.71057815632238,172.42966101297208,189.7932735577551,200.241895794844,195.0423885517725,195.0055552389842,182.75267021315025,169.85039942787367,165.50638705117322
2023-10-02,167.1931019339996,159.6377756453031,156.21012011630205,172.5269863434743,189.42751062174216,216.64994664743608,228.81502461000835,232.54621495490812,228.93879603135423,226.1583007678269,218.85594201834203,223.7787744969557,220.5763039667306,218.9811688172393,219.55806477445915,228.4414784959274,240.1065601726674,246.19951869001733,232.4487820098091,220.96068875762973,204.80109990031397,182.31949920429068,90.93836240105666,42.936029069022126
2023-10-03,38.351336879815456,38.66505659465325,39.30727531167126,52.34856483304919,51.25507969911745,73.13223309651656,69.86658387395804,64.58622260579082,76.1835013676343,50.99702691496449,57.48114050962591,54.15917205113816,40.75855425215691,30.930205455668627,26.34199168245804,29.92029742040449,44.75622871826111,48.87060861313721,55.47276273732027,54.4690575932726,48.76436427018063,33.28304866481065,32.9132965930905,32.64839573369856
2023-10-04,32.97023839974247,33.63176011026092,34.6716788307082,38.69785341479744,51.427731885799965,52.39511617083585,47.32607773739611,51.170487827597086,62.63647118834464,73.97394299245099,77.31007478236859,59.20421481078965,52.11633701560031,49.88916465709229,50.04427981414511,69.33540638054265,98.96169957371838,110.17945762903568,124.34465858106184,120.15769309991114,103.63382596157228,57.91441397326087,39.985556179014345,40.21092434189777
2023-10-05,39.87772622891904,47.3262314978302,48.835874644283216,48.032633710102814,93.59060641084758,163.8577005470006,190.4503423188341,192.344808112028,192.9020330831394,182.76765338752315,155.16521685439986,133.0880311912068,131.38530304453235,121.34417358684075,100.35021585063784,96.52446960133162,116.38156071480306,127.54019861504668,124.05204385770848,102.6801446750607,74.80646652234203,40.707235106049794,28.429425840852623,28.525096141235636
2023-10-06,28.67620718721005,28.7641024820872,28.77493048467851,28.739227313597745,28.45472090136114,30.08345986294557,35.76373972758258,36.97973031698977,38.55121562956532,39.94409768364434,51.866543324937325,50.87431908242568,47.07507842296832,40.91864650124717,42.238374896619845,51.24673729827963,73.8561074817265,110.7040604309582,119.6956326654861,106.66829479075552,80.14176672205811,54.48601430813559,48.57484268898545,28.22374436221804
2023-10-07,28.129103206973195,31.81226218806824,29.015543820803614,29.435273428585504,31.86814437774571,30.81843904342642,34.14467562283167,43.007502074272914,48.957255161392204,45.46709493114053,49.140515104378544,49.21803666562826,45.45007872483416,49.33606100834391,43.297763158614025,40.97697928307062,59.71545440891572,82.28917587005053,97.49197468289444,123.25972657462752,106.37933424092093,107.07309837287826,79.78852033611757,69.14123393379582
2023-10-08,82.75632037605222,86.32923510758853,81.60182718055965,90.43745335150132,115.50638097308146,120.90452846385766,147.7151646336697,158.0361046428765,154.96973245073653,145.3393378485382,149.8689794887154,152.35160189853448,151.9245534827613,141.23717849504192,153.7362466952418,168.36221706912545,192.6644822341904,196.3172723719576,201.41887960085884,180.2883361007245,148.86250902080604,99.10252377114568,75.91765256542548,44.47090876408326
2023-10-09,47.68271933167583,49.159922055890405,48.20613950212216,68.84251939084201,130.54174791662692,183.0032407860435,204.3064577271619,218.9359445320131,235.26703165472372,239.4943552691923,257.0223023051163,249.29085486245825,240.03162238123477,242.76285686575983,244.0130960943006,244.9816969347681,258.5660417391095,279.7421252182748,287.9474173441383,274.64648744629017,263.79120933459683,235.8431139212787,180.74391735057085,158.5088036112016
2023-10-10,150.32930911357354,143.18205135399432,130.15328171204456,124.52754113895836,149.10571680856305,168.85091714814982,187.47196012592167,186.53307601964696,159.0387841510112,141.98167086505327,113.50151464113765,83.87368409451524,79.09469298767394,75.70816793897818,70.15312588718785,73.38840133593902,77.8070688639629,84.06071978890624,86.68388149751965,74.87139174848836,56.149539919279135,34.20432236056796,30.187900768240443,30.45027233522108
2023-10-11,30.50788375916162,30.51353192845684,30.360415129216943,30.24729471262517,30.2913099896153,35.35565426086164,48.12120700569644,82.84682726210981,86.88569186580632,92.71411936371668,95.90494183446393,107.75472412311105,114.9959151302244,116.36099120714654,124.69615995701751,129.02534084915877,168.82522755545628,190.3799565625863,187.77884223155544,179.08662987770873,156.8090848282635,141.36670839286248,138.62381410580642,140.71883341976132
2023-10-12,160.7389837245724,164.4129407426321,164.45481801806923,176.64021434796246,224.16285873238576,275.3439574468817,277.91293582780577,277.909579229135,268.8292685142654,267.0372454862152,264.1468710354198,258.27643487449603,258.2407037779196,251.67108926654063,254.91699895500324,258.81933929041986,270.01335953116273,276.6701204814211,267.12593807432427,254.68147579975917,234.6067322351113,211.82334423501555,152.000591316112,89.62768826550989
2023-10-13,77.99356994392716,66.73836786479889,56.19251997429844,60.39044633620183,56.80950717477089,60.5119495623545,78.54851540837238,85.04649105539227,90.22351040949914,92.77181822316072,89.63175505595908,80.71771661520972,68.92393109842817,80.09965567597331,88.1928565719377,88.04593275101539,81.53080577835075,87.56399999684163,71.57004768311747,46.0050317411548,40.151998036944136,33.41434446269653,39.63847944179759,33.49186577735197
2023-10-14,32.47112542043389,30.271275372603075,27.83780353991308,27.451241285124944,31.77011018294255,31.573007176553944,34.6415094240457,45.244296193623335,47.71972776731509,48.721168515561,50.0765631025993,50.0268747090487,50.07609884096836,48.78387378165344,49.64959600156973,50.77201322575886,50.70291767417545,52.65337041187238,65.51986076498942,65.61290019012705,51.80159705503457,37.87690216298471,39.24229316454053,34.59716607761083
2023-10-15,34.98697188692209,35.557734131402576,34.37676126994347,34.30501799203388,37.22093961103249,38.512659754142994,46.60649531044465,62.81747593501197,74.38290811507922,74.4030769868729,76.2000538445062,75.31227698189042,73.29339716339638,76.43294574146256,79.5552544703906,114.84955501021992,145.52625757883476,199.8432922926773,215.4438830878401,208.46006667749785,200.0840381596498,188.6491280315116,181.61559250406543,179.89945409012887
2023-10-16,192.0126386273541,192.8195849192633,192.9316684724845,195.84631745102865,236.86657192597863,269.8125408698748,273.01848017885493,282.9921141782122,282.77769618956626,278.49097078684844,273.9768149547228,263.2461097611628,256.9226804679027,253.9107042028323,252.04321170143297,260.2451187811913,265.9169434276084,270.70765121736787,267.18244231704654,253.74339329311192,241.26700525270024,236.01664411952933,190.7925809551884,173.19420165147125
2023-10-17,159.32484041176164,153.9872971435587,147.78406635667994,149.52707365759514,168.66460799687556,195.9260453749011,202.957936255829,196.80576055471707,192.16205401250247,189.6406430414704,172.15413825328812,143.11825652323165,120.81252823487002,114.629241540725,99.1486397809813,105.29668151741824,126.31793037790136,143.84502051428,124.20742943976047,84.61980207897817,59.80953086588661,43.89428095384434,34.17901116406317,32.07647062853946
2023-10-18,30.688386766534524,29.73459637902504,29.166794755799955,30.448459396012662,32.946073384446414,39.06757310816779,44.22752199451562,48.11615792496485,64.83295851121642,61.09677517962545,68.6832409293679,71.33009655241669,68.9858463319081,58.17384009798523,50.73962579071298,48.03811750989808,61.36173340626828,86.51411534727696,86.77126571162309,76.0493212712437,53.63494084195221,46.28175083135237,43.37336859813959,38.08360618248805
2023-10-19,34.80485587985722,37.64980458500456,48.22960929859704,49.102800236384944,49.800549448428185,50.06249753112075,65.5707092526064,80.85991784886613,80.38737167645324,105.1828550606038,112.39895116653368,116.71027275892708,121.76429749105792,112.90549999502744,106.55299668351888,126.97328896593554,133.96119463500852,141.675767967797,140.99255245510537,125.77817161719388,105.29499506807224,84.0800415292945,46.39890856213877,36.14627447317264
2023-10-20,52.551495369577445,53.06915695574892,52.03877651749397,51.10225255426552,50.52793004774108,67.40846161460833,83.66769318793949,88.02421531819631,95.72117866109274,95.75715890791828,95.52965577786708,99.6730814973524,102.05711854598368,90.57175032447964,90.65635012948336,106.50739121590006,119.50718180815495,126.7119106053466,118.27191613058687,103.30034144654783,99.27382777407962,96.32055267106632,,
2023-10-22,,,,,,,,,,,,,,,,,,,,261.9027942438653,254.20722309951145,239.47208980896735,221.12612495583585,210.40404519746613
2023-10-23,214.4108369691912,217.7552135240788,208.631199205292,208.0337805854068,224.86412027296672,252.46366792564345,255.8113487498548,255.22408314049292,251.7121707444015,238.5256107675651,232.2142502520944,222.5553993661032,214.9692662109199,208.21865267027644,191.6059651172047,194.99375881671563,201.11924592005332,200.77587742544563,184.8598632105169,169.01762276293013,141.0385224597306,120.76774565944623,87.61913674197051,97.48586597505896
2023-10-24,108.59117976297964,117.55116821785909,118.82848902848426,123.88818570046078,132.27848515111154,175.66763428589385,196.635291491862,197.92937493559683,198.7577299435549,202.89956121122808,203.5152005025821,205.0491476675609,212.0902914032546,211.8004755633863,225.8546953168494,235.004462330919,246.13244049532744,257.6013688614168,257.1810262137798,246.31257734123068,231.78792906580728,212.55468831694336,171.28195472479712,174.4268045477401
2023-10-25,186.5520878602692,193.1371356093376,198.08535036369724,195.73630196578927,181.5604814303485,201.89059714489457,227.987944874932,238.44975748082533,246.59369644091475,245.68142037989503,242.0944386867578,244.31494271809805,240.860007709728,233.8464711401452,236.31498147704917,234.2453031499174,248.10012711384368,260.5356163587757,257.78761712442497,245.048369509614,227.06798264533336,206.27553349856768,177.80520059579496,168.1062942288635
2023-10-26,164.2877963058429,167.44954947191593,160.9574961801717,162.03383958361906,179.49328622980337,222.11173264519888,230.37020470564053,219.8967313347277,207.94432242000445,186.5433605212399,192.63992845302263,177.88061852634908,167.59757030492165,159.77414650168942,170.56885400906202,186.4864617236885,208.3091953965824,222.00575639597312,219.06479615076657,198.61548398790987,179.02907884218777,159.5254943639073,130.94588507150848,125.83717937835436
2023-10-27,129.11812796197492,127.76833336342928,125.42774388904644,129.9878549732282,152.87300534246612,190.66713252358844,213.40012183111887,217.6762811745892,218.75871895396503,216.1590982433229,207.9755477860648,204.4623712416748,188.54381556576817,175.52335746527902,178.27890618802095,177.217930310169,191.55790422796625,206.87693246435904,204.03339066034468,190.9471693877764,172.14369621326085,144.93801458082288,109.21264874691622,96.27750962821491
2023-10-28,84.25903528572127,73.96070647010346,63.9739103229884,64.03893752023572,63.67772790080527,72.20746934784182,94.12463978857438,123.53877872899088,144.31863215676017,137.6954256474131,136.3711879999564,117.67323486755473,106.3145367821268,101.387012776189,112.62407747417156,125.48970383356104,147.07771204851392,140.59509233240715,101.68739127668483,71.8858564658355,55.27410457792656,51.94258929025989,45.42666299991262,40.466037489209526
2023-10-29,42.77287891206552,42.510993705275006,55.32368751429253,49.59741022377901,44.10195419126335,47.21275885657668,43.68366983245878,48.90677956487495,60.83580855035468,70.50742759385003,71.24760220884146,72.99837368936917,70.95194523063951,70.24898644068234,72.73221950587114,71.68156268388918,68.3238574016797,71.46213204975015,90.93993909830117,80.83262219541302,70.97131205044516,63.50388235602039,57.613565391239554,54.106728938002135
2023-10-30,46.25541413578291,45.37637305465319,41.9666101146659,38.74993402071511,47.287693433338944,80.20942361478421,97.49777997102208,118.20713613451989,116.64050670568945,151.25222850105936,177.55511190325632,175.19162996964076,180.2019537955232,189.82215642145712,197.4196910332821,217.18726270491905,224.22021985977807,231.9938416645309,227.27575020433076,210.291682764869,201.08446452162192,174.4821688965771,149.2102909623667,106.44304161808046
2023-10-31,98.88479037975011,104.98037617819918,102.11874131511487,95.6667496050734,89.2741244264587,104.89862253416344,152.55187330410274,182.30348951085583,195.50509241637496,198.5490826909366,203.4777058731787,195.66941358092217,183.342561019505,178.52079076058652,180.13431814317295,191.52161420357805,201.2381754144297,212.4460618112369,209.57823851261355,197.9592984774785,183.81346362225628,161.8952166404956,131.95596184092855,94.28422057093316
2023-11-01,78.02568190488257,74.50911565375908,61.22117934637053,56.83937739823165,46.74350551915622,34.009732280307546,35.641830153709435,55.49135121286644,63.9820647743517,66.65693664730642,55.91806647064383,52.73975170254799,51.731496541190864,51.17312676989503,52.11520365108406,51.194745711826506,57.48141104200408,76.32786643995588,80.9431800714593,87.04307591332912,75.52892162226355,62.27587302982735,63.717423843077405,39.42226191616538
2023-11-02,32.91895716703747,32.10573546918934,35.62139186324158,36.22199466138912,39.87126095801605,39.68645097811422,43.047423163405,61.47701168322453,70.2605972848865,94.18934654729053,105.78406481658476,109.69169157728422,110.85798510069844,68.54005178100695,60.11807784243224,64.13327712272866,83.50849732451154,91.7835793956276,80.6727342635224,78.38594309900122,61.74836183889231,50.80176284189778,50.972985442404514,45.95267383412493
2023-11-03,40.52313385436652,34.739937317519164,30.02496254683566,29.70914497944331,31.860925527155963,32.23337464604913,37.63493201960655,45.62703895621812,53.88884155215964,57.01391055163654,59.7182792775544,70.72144043789112,69.60673154066939,59.8432431250938,54.88202138046428,69.7954851317157,94.68465413938956,133.54638494560788,142.96070705017678,131.47440750361432,138.02075254518593,141.19309938917465,128.80403919812093,96.39545565098392
2023-11-04,90.6231907251037,92.32889029716496,110.67997491487172,140.61015439596594,153.22428746661075,140.74165210480254,118.18862120359788,117.20079576225216,143.45911866271615,155.40147722907864,159.69498023615623,149.58055707190897,135.78379602078658,102.8487906124662,102.1741590208273,117.91407904807966,153.5328289076339,176.1292482832413,169.82540385639527,156.08821663584155,155.1788269825013,150.77090936843464,132.08768629743,130.3602308080513
2023-11-05,140.9781365834705,139.010776474906,140.14826755046943,137.2498824722478,125.11634766620894,101.98692262219788,83.69910179864091,95.27472872089912,113.75603729736764,118.09474210461154,106.59273828734403,97.77364280343696,99.02235428056424,102.31390186553826,99.02251334621658,120.0493723485512,154.31108265850506,186.2609926205774,182.3689679198173,174.11160238716843,167.29068734216628,145.73856105174823,130.53783839337933,107.56377220368266
2023-11-06,93.69799399296292,93.36767619560088,78.34788266947466,64.93776434022335,60.08976541874082,62.4713240137433,89.97825528400202,155.97331294396284,161.64901243509604,150.11555974206885,159.98012410215148,137.67644763001175,118.77233094725358,109.3345447511674,108.64018032870612,123.80086653848704,150.08169464112692,175.2065722338425,166.6130018602791,146.60555146700045,121.70751805974233,84.31972887774239,60.28123406448539,60.36435125133964
2023-11-07,60.87868199867692,58.616847455835234,56.903753820195,54.35004727872975,50.62986849528176,44.35419780402887,87.50475416812988,108.03675070680976,125.35564648451614,123.28564398429782,122.87331536643303,119.08403092813774,111.19117021347,123.33625785622422,137.4882803701854,160.86818073633194,191.3369216324405,208.75574680693228,207.72305270763445,202.88400994854155,192.53923898432447,172.4099350224785,146.781995035845,93.46324995022005
2023-11-08,85.06666185577356,76.2393309946803,80.28723348576341,67.25896382488209,53.14331609947829,58.09152008463417,50.19516762678843,48.91383668310527,60.840365300752296,83.04433360875069,87.22384644271997,87.8976541625784,88.21904545151276,81.25898219046559,89.50248247181142,110.96222494422136,147.47686213827407,162.45312744391924,171.9529521501668,180.32091474026296,171.59860498591846,149.8040013510246,123.63633439696154,101.43303281416846
2023-11-09,92.31137811360378,78.93753562646017,72.04738487664861,62.82286536034883,54.638836410707725,73.2516310093492,138.90806581013672,148.35063102966254,148.03249515235558,153.54324732516127,180.25663007372108,165.22907734549423,150.25639365394443,146.26054373628733,160.11197145921113,180.5555081559544,196.62990873734395,206.89345721672848,205.72623537544635,187.6159480069992,169.99906120786602,143.9655848957634,133.035027320691,103.21936990932834
2023-11-10,100.57493397005884,98.85440777842744,92.17537833218826,101.88381490180952,118.1377070538708,158.71974183064333,208.84010469164144,237.18797103661572,240.35814020713164,238.60452235593056,238.7072174758775,234.07299056917955,218.65888411734957,191.8564259042621,174.43225012562394,159.8418150732758,161.8356257348644,177.44519598170163,174.5349193517636,172.82328442958118,157.0542775424543,143.15680267902775,106.28245571107858,75.35037778880499
2023-11-11,79.90988972476094,76.78301750527092,68.3198889005964,67.27903623049984,63.48102819203373,62.6837259732112,88.19516563647208,133.49106362371927,169.5996211935189,183.5201290542135,199.9604923785656,201.96355683425085,200.48910782501804,210.4134262469154,222.1697381025288,236.89019986627315,259.804096066222,279.2295691406491,279.5851675922091,273.7558976900185,265.6024975636647,254.71607373218455,242.33465229930007,220.55980763441127
2023-11-12,214.8487940957666,208.56786483522367,198.1139791216492,191.4293891136057,180.8064716907981,168.8808317280926,172.0673741570675,187.3161561277172,200.1985424831011,214.64176863005747,221.86286243637255,220.911719584024,222.66801205823543,216.542615383919,201.4253272586087,190.00714745032147,195.7275726956297,206.71922102949185,193.86474562242557,173.5512326094186,160.0350301093092,147.35263599096362,125.73482356579532,80.9896525438446
2023-11-13,83.10726160836754,78.21484237236967,70.50380300649022,88.07259368504394,81.77939044255102,57.89034125231902,58.24758456142238,95.0844040734152,107.39022745160835,109.8093253368625,115.15681281755153,78.67809787375784,94.33775174883594,90.19544243740197,94.1274828755687,93.83406251961098,109.19307706610728,129.5938111644599,134.727442616213,100.6767747124912,79.68970826154059,56.4619060163631,51.15380435188897,42.10024018778595
2023-11-14,45.62899428757918,47.58790554271575,44.826782197155495,39.321458484621935,44.6706593802618,44.06523560084752,69.40501376368908,79.08340539797608,98.91534453180958,131.35522650189344,180.3178238886752,205.41483523848476,202.9693540688764,207.51419320223732,200.48355804633024,193.4439829540793,205.59849480229107,219.22023962721184,210.4654879143961,192.87473873189688,165.27649132967258,136.76954984252896,78.2358459624853,48.06630173937432
2023-11-15,43.10189653468991,39.99152938864523,40.94183662875525,39.03686246810237,37.47315184947241,51.51658459842752,84.02579935976554,133.83119111215242,158.01451190548073,154.22986591883492,152.6243077228353,147.08687987475673,143.61093022533936,140.11868083392358,153.75731975521973,175.4060465711136,196.67253501751387,211.86008217323712,221.83335405890077,228.89865055601348,242.2187449309261,247.0833085204548,259.718849801752,265.91993166135944
2023-11-16,276.03218918744807,281.03903114475355,282.6002160413485,280.7559214685892,280.6882744395224,289.44202308909786,306.50762670350383,307.66632518958374,304.9432544636164,303.5596985284102,308.9849542793627,305.9412503775812,305.51960989038827,305.20729513696443,303.35450156391767,308.2893412036877,314.10822747468654,317.93376075568074,313.9991039260334,307.1535606844555,305.25649691632265,297.7311459703308,289.5175581570257,264.0947043883162
2023-11-17,255.8769643096916,243.02635909193268,240.9428669642167,255.5192036058594,262.81158393940166,270.1376837394381,294.6743196929501,305.2606206913997,304.8818536242744,291.7868162169787,288.6810566235797,284.2058306548057,286.7512949003103,284.6874030847308,288.7782893503902,300.43513594551825,310.7663302733079,315.7034192459527,306.91038466063657,298.06330401934457,285.4296737987617,258.01034027746283,215.64391128011857,145.56987173770565
2023-11-18,78.83756714297147,67.20011439794119,59.973153426839886,52.43603144737059,33.99331948139748,30.89595300089951,30.541844565377914,45.24944068483752,58.74583664078588,73.35286488336837,79.09598128526906,79.9036537105492,82.04418308535816,76.60607303451611,72.34359064960871,74.69180300374376,85.0646028562148,91.45726122530318,86.26086229244957,68.47346466794373,55.76521969473087,49.79691380179122,39.53088536493386,32.311594111549894
2023-11-19,31.736555888040204,31.444284810688742,28.858810786353192,28.75352198903485,29.12760144627646,29.14811242673644,29.30955425715235,39.28943469308842,49.84312280553169,50.70427162022667,62.84235557119717,66.12816306939538,79.76218720485792,85.56639824388489,88.89223135000829,79.5149232797876,76.80538878132195,112.28369922090609,125.63561624644012,104.76325291722117,89.17099897451239,66.23225361139882,67.49906887066999,59.87529223831877
2023-11-20,61.9409125688037,68.39002878113776,68.61853721714566,72.46512112239073,57.85804111811412,68.71038612751025,112.55570789663328,166.11461131226162,197.73908016383737,204.1503123290594,219.1594751568268,202.12640299543745,193.218868285428,201.80543387054823,206.5189894926953,219.4030065126363,228.08422664522445,233.6930846251216,230.9681913211145,212.8863330774556,191.5791298202633,151.16840837888012,128.44279664353942,92.25196959075394
2023-11-21,70.78005949023053,58.52381891071269,59.84295745410716,71.74719418829892,70.1358307524006,117.39982797861305,176.20568266457337,215.77063409510504,223.4836858631965,221.12589680485047,231.6848261942432,228.51799679590604,222.28348455756597,232.72761580370224,238.3513339864293,241.56393155497724,247.21127158776463,254.2066001442368,257.1157747111684,253.46466698311764,245.84045864251465,238.70959813262175,223.39292348920185,197.6932949339541
2023-11-22,184.48413092115496,154.569622562129,123.77482697621812,120.39111117669542,119.05156080518584,120.5240434152802,138.6215124402314,156.8184218253915,163.0167420953729,162.2640345446284,173.4762427039364,163.49782570652098,158.5380354273429,151.22458619777623,148.07460416646973,155.6015946660621,161.53785965526777,163.73207644547867,163.86891044981917,141.65624942472527,116.92576271653718,82.14646950644847,56.32113703897854,42.37146189057081
2023-11-23,45.42462929049984,46.994823754223525,48.44283832994326,47.042431028068194,47.08261151036692,50.14180624064741,71.01854783331466,76.09389674101352,88.49950493622188,88.1332624770621,87.19889391465719,86.05001539316497,90.23082255013304,82.99331949824868,77.1472880614149,83.44983227347531,94.91942281364769,99.70940050729482,105.78668941083694,93.76926375361172,78.19483084063724,62.04919483152275,46.92408757713302,37.65158529514155
2023-11-24,36.87209713331982,41.55258546618455,37.60722402246985,32.74074131879657,30.70357593222576,31.451853417513977,42.13965867448691,54.74827416111194,69.04164333990016,96.102169783724,111.5990145727765,103.4029691997072,101.0348246276513,97.90362913057862,98.02142512894088,103.4351146836857,130.6689154170446,154.820224546226,151.68953323584853,145.5462009479334,139.1008956598752,122.5712666410973,104.24342131741771,94.26427583758942
2023-11-25,93.58735773988572,90.2839807334752,84.39321683251023,81.01359283819328,74.37154182152203,83.57552599664972,93.8935206341568,111.8693379122725,124.869872021406,146.55599680925886,158.22776237402934,156.2914266590907,153.52337527595174,149.01727610738448,153.7143783457424,175.8937914396252,209.10930450399096,233.2115117497177,239.95306203420537,245.14760135908227,250.94536602809,248.1297879413001,248.3611559709164,238.49289727708543
2023-11-26,236.5038881478989,234.5985504028872,231.3804176830915,231.52647009658847,226.79473479227607,226.12079355655555,232.46611759498785,256.3893382814862,262.72264572047186,268.8645788286815,278.0953956975915,273.6138844343164,273.2539800422577,272.95253310880366,275.2817230431,278.2661969513517,283.1421505060994,283.2340625948485,275.2514034282722,266.3896005876113,256.1238564916867,238.20592012234127,232.4822328558323,208.5450549633017
2023-11-27,204.76582060343773,195.54038214177768,193.95950006242484,202.5706443398381,202.2172447934944,214.96669820853927,255.4048797599096,259.2146064423143,247.22185487856365,244.4382422531739,240.28231284909796,237.14503587176756,230.8959497185907,215.424952907826,199.6271338696882,181.05339798695837,173.9204315547951,173.55449942795596,170.1536932594712,152.77033641681055,147.38156649144776,131.06450238185434,109.1775289620224,86.79592593875697
2023-11-28,91.52360654358036,90.22945034816274,92.37645930806912,96.53235629673024,113.0103295743877,159.14485631646167,232.7487239977308,266.4668401476043,276.1573835558214,275.7300788728068,267.66569660975205,252.8597898694213,236.19379834677653,223.62561911615808,217.89483867680693,226.9033125310496,226.8517461793696,233.90247424581628,229.24923952591865,222.32954642701284,217.5993815407408,199.4292528422961,164.83776851614843,144.91753125458402
2023-11-29,139.01859745371613,131.87612805170318,141.88532419334018,156.1613162035825,182.27581518110347,217.14795318950152,251.26905392322877,278.2255075234054,277.2787436706813,272.44827167762355,263.47829494272025,256.26499154333834,257.2801124427659,256.8504429104298,255.8290610455356,267.445479320243,279.2027502207061,283.2258330623528,280.83471959225363,276.58414580905406,275.8296672961619,278.6117637119925,276.5016118223288,273.6185111026269
2023-11-30,269.7394845772486,258.95692345998367,244.22223431286704,239.83131252225448,246.45967971077224,257.2931534853241,268.0155613952053,277.1332708144609,281.9003184225576,280.52382408431964,277.8975319568428,273.9171627773902,273.7642790407864,270.97221276020986,269.7491387714776,270.68995739702643,270.3483978104669,280.5677813744064,275.17143801859964,270.8091933808972,267.9601196713131,279.04295321334786,286.62247628729074,286.66421399549944
2023-12-01,289.3812096137265,287.6484048910877,285.23505886470764,288.8269420070007,290.4155991772608,294.64585772376086,300.0060546340698,310.3063654550399,305.43979318063106,289.7208580804469,289.3367041223336,284.938239728942,281.65412306067674,278.3834324522881,281.6418023035477,290.56051656839503,300.842613893402,310.78216305221576,310.61090762775416,305.9799198504537,304.836270774065,305.99981968890864,311.6182293436042,304.8516113176721
2023-12-02,299.9486388508424,297.70693218230787,297.58852194262124,295.0569273227604,292.8505595946947,297.5294027777655,302.392746940228,302.48756870278766,297.23891512600886,286.62062092780224,280.6052666898976,278.5270851991218,275.2353832730797,269.9813986886467,265.4681449264397,271.5027778138484,281.99492885647743,286.24819790566863,281.61877297438764,274.1002872869509,270.95056636063896,263.9328630400896,246.73085068816945,213.97905175047973
2023-12-03,203.15044729969287,203.40029146596817,198.42823382883537,200.2412763071317,197.67417405073272,189.8974065047072,190.64590448895063,198.8981649951573,194.5486189865337,200.25264328844392,193.36686400580416,197.6259642370329,202.3850374871765,211.37635173648496,222.9199413962621,239.43853796423744,253.61759371519636,255.24119793615435,254.1578833739936,246.40173960753543,231.3979086468808,210.80851794472173,204.36849466155127,157.87313981428193
2023-12-04,143.20818384035024,125.68921085702914,101.61655959725256,86.74025782267834,88.2207537529933,109.25577494927964,138.02542895640005,170.16727426905436,175.21002399080984,176.66860816097298,181.34971689085333,179.7854743422492,179.9700864660971,184.43072654793195,190.03235600132692,202.19578892096345,209.6473889603216,210.2549102418864,206.39225604505984,190.63928718274383,178.3469978912851,152.31308733888636,139.69156144774252,100.13652452261914
2023-12-05,95.7969567861098,88.6752589299804,84.29153680895517,78.36455715408215,88.1161403893243,107.16384152820024,161.28292082357098,204.3109187899021,216.15803703282663,219.55837749281315,228.8244156709669,221.3057769797956,216.04953296024408,224.1187678950264,228.9880776942084,239.3963394027573,248.39982835669613,260.2452564923556,255.89629768690347,255.52510420349597,264.9457597609323,276.9286066909918,267.65417682298323,267.71051500147263
2023-12-06,269.1170022417107,271.1696924266683,265.6574725772834,262.51955388545,267.2924537266281,277.35432409703594,289.98192305633444,299.0268527387671,302.1752407152594,299.23555710292214,290.5176617167804,284.5132433628442,272.3947747535804,260.7797571258772,259.4557593548097,266.7098041539138,261.2211011264325,255.69617667336783,247.91353822920613,244.37770139352983,237.99793313931093,218.2797305608674,192.21245469071852,158.18820538938886
2023-12-07,139.6282877474777,132.57406026049844,123.67161318640372,113.70883232643732,108.31643393576998,91.84826382560288,119.91807506661672,149.4631651039355,158.48106154311725,166.29853782642203,171.08250023625237,171.4033172977349,170.8850167782941,170.55844757037354,166.21537307474972,171.96230491322748,178.2520400395399,184.0231769488221,179.32556643287867,162.2903481976697,137.2673827933926,115.01623438950844,111.03490762773872,66.41954152729397
2023-12-08,72.12772295530662,67.90434076560976,67.36643488314532,75.81295420462298,76.55632845352304,107.38857852894212,178.92272398313085,205.71114046134417,205.82667677698825,200.26125882122463,197.94822707723085,187.74341763663057,171.7626319148635,160.37726646717502,155.6796093477105,160.34749257587322,171.18791857961193,172.19943606737343,165.04156030424988,146.28843314138095,118.75430472175822,83.67507253768468,38.46234106828432,33.26404366301429
2023-12-09,34.322448953024235,31.204790788541672,32.91211070713018,33.26718555027457,35.9946403939104,32.509624897751344,31.242316688423134,35.42332671123925,45.00066653528761,50.99062817527043,58.000335597930224,60.53454602834403,59.13162289023246,52.33293543501218,52.866438429218405,53.44350687104421,68.29703203913307,82.16673375340035,80.65912539109598,81.44549522556736,55.98787332968339,55.90687066005411,42.62083394534714,36.72723449594112
2023-12-10,42.501241828941815,41.88748905418284,53.39362288398278,38.23686547795393,34.257146738535745,48.61199326984948,59.470058359925886,75.88419104171355,89.06378645008706,89.62494238589395,107.68222247184704,112.82546001048227,120.2475259742162,105.17830995730507,78.32325200657621,73.5860832479164,93.28380925101578,103.6261255421938,105.31227482914792,98.94471957918796,86.72754335850082,72.04494683905708,59.31357792312544,48.33268454232213
2023-12-11,48.89835979025561,50.06211652383677,49.81168811477989,57.33027551766847,55.49587387045443,53.265051065279465,68.69054899952567,126.5885244987469,155.29485591738825,178.3935012697143,203.0005414028683,200.27295031004735,193.8676813566012,192.77712228148224,207.40023224126492,232.89086975190068,249.0471659118777,257.6812238756316,254.60786681393927,251.226691080262,236.8102199147021,215.92553107073547,181.9161834343921,136.42943816307942
2023-12-12,113.61218534487811,95.04008407835516,80.54502118755894,104.08581035291748,96.67365681469086,114.332405412424,123.67916515077418,156.85981013223835,171.87652118687885,176.0625638890702,200.1095533425247,200.41607228461635,203.9796147059592,211.37338728767156,225.1050114907988,232.76166717002508,243.3381157928505,241.74903204100548,241.49587659067677,240.0483553844712,220.2607293168655,196.71097702860985,199.1760533873197,168.8296510342674
2023-12-13,149.92337003327407,138.1335993668497,127.28008460712532,116.88858612673263,114.88921013635954,135.3701166376689,169.09121295638437,206.5129010141954,205.9655566536361,210.7221375083665,221.4607929409229,220.3232802803633,212.7743618308517,208.0270519256284,203.19780325760783,212.25121609059997,220.59678957802447,224.0371485268178,221.19371716438485,211.18170087334585,200.8346770171052,186.4892972920303,188.6842510694476,185.4682898403207
2023-12-14,183.7788727574299,182.28056943124804,171.40851086387306,160.9530761311088,160.66243035498496,180.31335356398952,207.65020646101317,229.6204177033715,229.7337902078608,226.43814239918237,236.9556571015949,232.02172705137303,220.9159696747457,218.91150122707825,213.69985806162808,212.46354186663223,225.1401975317522,235.2790982444889,238.8914691196782,228.85443617102985,230.4210925711353,205.23864629252617,187.47093899742129,141.654539062274
2023-12-15,130.01417956297647,120.02732643070128,102.67651079656396,110.46232458327212,131.99842301408597,155.54178512055464,194.60567429572413,209.7363233750792,208.631319951452,194.403008239906,188.82061993187895,176.32075594274335,167.16632972484757,157.59238590851095,160.86604990689366,171.2801648416171,181.90716923554464,185.63448848681205,173.47270220312635,149.68602413131188,120.00138376215648,85.47918301176468,67.85983778951338,50.30690155914584
2023-12-16,51.39357148402126,48.16827921577633,48.254980459792506,51.05110152479728,47.932165365907856,48.32277416432494,49.0546854514071,47.32311198202052,59.9478890262871,79.20997078943172,81.95888257951823,79.41565956497004,70.21968133798151,64.54974610917847,61.710242043660784,70.78252165162041,89.04416817288714,96.10250959055678,91.84699593672812,83.70694601032031,77.62421152345713,74.73426360856051,68.24676317555463,59.67478741584532
2023-12-17,63.12689027678083,58.20485541744477,57.82813604136278,52.00002834394613,51.53371158277916,51.685125965861005,51.481320894363,52.17549538360356,57.73233261180061,69.04124417701689,70.80784300912688,66.99052578235579,64.2174888670042,62.36494999033171,60.741726753060405,73.8385193031462,89.3597678140205,99.1019254747056,101.46607648063492,94.44308441158906,83.8011168221172,64.027552480088,51.4364409477757,43.59352193834488
2023-12-18,47.58311271451,45.59028143427494,42.419606621375046,40.80353004587418,34.49850430966135,36.92207300181301,80.76454365847636,100.39245079449006,107.97526586232745,118.4725703913976,121.15735055724129,127.63111353375128,127.17800117517342,124.99744125565978,128.2293380706296,134.31382457608552,143.91025383924116,145.08525187311827,146.92638240336387,131.39481081644584,112.42307100815108,96.9857650244928,78.64163894233167,71.64582908347904
2023-12-19,71.27886837584407,61.605474601876494,67.50537839387357,76.72004273022172,81.73809666670157,109.53137408266444,139.7605442169209,168.4825434602295,171.17397003465894,156.67180365775698,157.8096456803311,149.65736665957414,154.4841544438843,162.35331658683566,152.59503184291142,154.79083407499903,163.79211493913286,165.97785625489368,150.3922631992359,135.39542358289216,109.97522320374424,71.70682655733809,55.7559666502233,55.31514956080277
2023-12-20,60.64206512187664,59.076938351218445,53.79587752689199,47.646015018025125,49.86042751784696,48.56070832304727,52.87366847329038,73.39659913695463,79.71645423659002,78.31030383929038,77.16698969309367,80.23869263016137,75.59733359035269,66.50595934947019,74.3475931254297,86.51621912932578,100.46348824582404,110.69183270103848,97.7315445440646,81.26444695011212,72.54852932866679,62.97932414319833,52.10779662267058,42.527823553760975
2023-12-21,41.732272014869096,36.59887187742931,31.44724650626738,33.0579258374172,43.70257174095816,46.563226828033926,48.92893240081919,51.54796079969822,53.040596584847535,64.42832850763536,73.05432390499799,72.97668068782862,74.84153683438501,58.79136756746145,51.51986645593993,64.22141624569258,78.86580986236594,78.05082664967078,82.6408594899207,73.84134928569449,59.74823966573353,50.23901145357849,35.94615660990047,32.178549178348774
2023-12-22,34.983255806489154,42.06968385077228,41.69130136994671,36.03152817403459,35.22049980426811,31.618268185252035,30.31248728911612,37.27191176972241,37.018273177395024,35.64202486295194,35.20870720042783,48.47660683822016,48.77363028363303,42.34266405265473,46.317404836677774,52.27608220331439,60.90403319096436,64.56027808376776,66.27216435371285,55.478110842500335,56.58481587710557,49.71071656563512,48.54308799280758,35.464316582196325
2023-12-23,38.94167103681583,32.36774657297816,30.747135556413006,27.323461898968837,26.92619468195392,26.81433183385732,27.95188376676256,27.44298164542707,31.826426857784856,34.572547735689284,34.07744872618699,33.557439759245646,32.243604866212856,31.478283546910188,35.344722064361726,31.46249812387852,31.06261604034693,38.11021230572168,31.46597636654628,32.24565697455121,31.396202016783363,27.90897536597497,27.398520673538552,25.955711319506516
2023-12-24,25.356926170217506,29.797804777684288,26.28125478646828,24.70561190693485,25.627519119544612,25.01526677633409,24.770429197503816,27.78205788487139,29.042342338957077,32.89542401949757,29.34461861371794,31.57842717499295,32.49192892042929,31.613189290365952,32.902476472591324,32.4108918359081,35.27370992093656,34.89506165980536,39.17262604651955,36.76397167447521,35.322280270923656,29.6048903645878,16.506724054063074,8.98378642862324
2023-12-25,13.827971039867633,16.73824961857506,18.764453624665357,9.823926041565668,5.858951834254999,16.509914788788624,29.643931118616678,34.824505756391865,48.78538435169532,53.47878525073587,56.52174501131482,52.92421990690821,45.88496107517439,45.570250056340825,47.68391677709432,48.44108525081376,39.6925995970761,40.48629116813293,29.040753712346955,19.8295203700306,20.467858592438432,20.283980772587253,19.5618370860146,20.236763903446757
2023-12-26,20.91879801497083,21.043084134619114,19.889058153403717,19.888960730820425,20.21619227814691,20.769410317329434,28.41324809766221,26.463335905113496,29.09005707094256,61.00871213026112,59.19206671754132,72.22947341132237,75.07542436512949,84.03250883954783,152.04120209363688,192.42813634640527,237.0103235653382,245.33549258961585,250.1624481787169,246.16831744896297,233.6486191910365,203.4621782088774,148.05151698622214,80.78214878747899
2023-12-27,62.6279513353384,68.60320189495653,60.05730198820035,53.3836325553436,47.51657887496355,45.43839046045321,49.83487666421782,47.218138335426616,43.71613375826418,42.10977347727873,44.57292039874491,46.638941741476295,49.13692955161099,49.18848376781553,49.05156957339453,46.6587376057735,49.01852718820991,60.11976853233819,50.46186858837299,51.360126149852135,36.38033640515248,34.87843601481646,27.749235944593824,27.189590304128203
2023-12-28,34.4466470562757,35.50690737786854,27.50404010516144,27.46258470804953,28.06689096504042,36.499848067362215,31.89185963031341,33.32795269392902,41.43604118639351,41.82044557565322,44.980719242585,46.14382437470119,44.47092317783094,40.93351292454609,41.03602249340879,41.84704929532252,50.03404796745416,62.5747206815805,65.01331346476331,58.9353960222262,47.53631304539008,35.872333030963176,30.3707446579848,30.74209325518264
2023-12-29,34.99471914148483,41.432627931296565,37.806059763058,30.48505597715103,26.8598591360414,29.265314923105343,30.383366015565542,34.75339028345903,39.49951664648289,57.78995255981044,56.08661587783472,56.703112486549394,62.49794139835555,59.78754108474869,53.85806231557962,47.5061271608535,73.53054481012151,67.03307260115169,68.12846482184943,77.45968296425966,70.94168457243005,60.58947295163773,57.52982600672081,55.30328976985536
2023-12-30,51.01017821894611,56.42042309755819,55.527848456574965,43.33938436203152,46.42897269317838,49.39555043632883,55.47995560365133,61.21128511865173,63.8786711884506,60.43173748354887,59.46476630318714,54.81387921285236,52.79381957867053,53.81411044020711,40.88201963823244,42.13260822266026,53.61283700945477,68.27252952299865,66.89313713605634,72.73081362675853,64.49692311495791,47.743526818698896,39.51629145948774,42.36523641713677
2023-12-31,40.28664704930788,40.34202943517575,40.61189362775857,32.2597591214816,37.0641456968802,31.61540782694116,32.78340038355919,44.8272984237491,46.11744246317443,57.578113528427295,59.47733885030756,72.48205305969773,85.99486424475997,86.52498927120722,86.61592509585441,85.93715301119992,83.82102284660938,92.8743569930047,103.11713109515364,89.20463884061542,77.83847359657982,60.31209816076435,61.09559212954185,56.34834139354584
