snapshot,system_emissions_t,system_generation_mwh,system_gCO2_per_kWh
2023-01-01 00:00:00,725.343508106028,27542.575162343037,26.335355493473884
2023-01-01 01:00:00,339.47124620373864,27222.96370663794,12.470032648244075
2023-01-01 02:00:00,210.51565877371232,27316.673341649075,7.706489591203046
2023-01-01 03:00:00,210.51199668389825,27098.35973919096,7.7684405517521276
2023-01-01 04:00:00,201.2363531393734,26634.560010779176,7.555460013528729
2023-01-01 05:00:00,159.25834802493705,26228.80424150637,6.0718874775432985
2023-01-01 06:00:00,778.2777911098242,28012.71431049589,27.78301961328384
2023-01-01 07:00:00,896.892692573089,28132.722182743186,31.880764568288004
2023-01-01 08:00:00,901.4592245240465,28090.59054466781,32.09114536380448
2023-01-01 09:00:00,999.9211214329187,28517.54543674682,35.063365591922626
2023-01-01 10:00:00,1650.2161738345142,31106.791074899673,53.05002916762081
2023-01-01 11:00:00,1678.726898790045,31782.206853968797,52.81970841431404
2023-01-01 12:00:00,1678.9520265363267,32019.025459426186,52.436075191103434
2023-01-01 13:00:00,1679.2017094487592,31384.607455796868,53.50398955328032
2023-01-01 14:00:00,1730.6558704624108,30966.138447751666,55.88865635870291
2023-01-01 15:00:00,2329.188060687843,31756.499997580886,73.34523832491847
2023-01-01 16:00:00,2337.483795115097,33602.00000336583,69.56382938161292
2023-01-01 17:00:00,3095.713607500264,34458.999999729174,89.83759271959704
2023-01-01 18:00:00,3949.0729744870464,33214.49999977096,118.8960536667503
2023-01-01 19:00:00,3800.2191105028714,31590.999999766085,120.29435948627807
2023-01-01 20:00:00,3676.3240330789467,30069.999999743068,122.25886375491717
2023-01-01 21:00:00,3133.7972481852785,28111.49999957379,111.47741131682021
2023-01-01 22:00:00,2492.3995603161693,26100.49999821419,95.49240667752345
2023-01-01 23:00:00,3005.0209827166077,24410.999999206786,123.10110125821363
2023-01-02 00:00:00,2830.3186108922378,24040.499998950912,117.73127060650769
2023-01-02 01:00:00,2552.4628102823126,23815.499998157138,107.17653672943354
2023-01-02 02:00:00,2478.957261500413,23676.999997552397,104.69895940181081
2023-01-02 03:00:00,1860.4437312985528,24401.806675905453,76.24204863222567
2023-01-02 04:00:00,1847.071548771929,24850.70432079357,74.32672832642456
2023-01-02 05:00:00,1552.4827673766142,23307.647753329937,66.60829886425638
2023-01-02 06:00:00,1912.8341042291197,23599.999998051695,81.05229255877263
2023-01-02 07:00:00,2139.705551338226,25283.499999403473,84.62853447460633
2023-01-02 08:00:00,2912.7687172129176,26959.49999973217,108.04238644047014
2023-01-02 09:00:00,5028.725381030902,29827.49999992843,168.59359252511837
2023-01-02 10:00:00,5565.874336748926,32059.99999994169,173.60805791512942
2023-01-02 11:00:00,5922.321343856027,32933.499999986045,179.8266611158406
2023-01-02 12:00:00,5783.050419427307,33433.4999999521,172.97173252682467
2023-01-02 13:00:00,5649.6153794284855,32967.99999995763,171.36663975478484
2023-01-02 14:00:00,5394.16529502909,32892.49999994558,163.99377654596077
2023-01-02 15:00:00,6341.023280483263,33642.999999998414,188.4797217989942
2023-01-02 16:00:00,7875.193368470317,37043.50000006531,212.59312344828197
2023-01-02 17:00:00,9360.774605825132,39389.000000121916,237.64946065643096
2023-01-02 18:00:00,9064.62441936199,38396.50000011229,236.07944524463116
2023-01-02 19:00:00,8269.366322729042,36399.50000004984,227.18351413392267
2023-01-02 20:00:00,7210.2556964882815,34192.00000000994,210.87551756218372
2023-01-02 21:00:00,6083.9279505873,31739.499999955224,191.6831692558447
2023-01-02 22:00:00,4529.2193623508565,28895.4999998468,156.74479979148552
2023-01-02 23:00:00,3331.7319905469226,26061.49999959569,127.84114462324156
2023-01-03 00:00:00,2781.6994723855805,25711.999998953874,108.18681831435741
2023-01-03 01:00:00,2296.6650906278783,25839.99999565346,88.88022798042569
2023-01-03 02:00:00,1592.798238614202,25934.23914123125,61.416810030177835
2023-01-03 03:00:00,1456.8386682654882,26880.165879137432,54.19753266463984
2023-01-03 04:00:00,1225.5362449517856,27788.15519075897,44.10282858069474
2023-01-03 05:00:00,1370.4979928148116,30613.443904388816,44.76784765200278
2023-01-03 06:00:00,1359.5784139182024,32938.09037760252,41.27678315081369
2023-01-03 07:00:00,1374.1442938222,35130.48597384921,39.115436514174604
2023-01-03 08:00:00,961.6936148871479,35590.79011845203,27.020856004783052
2023-01-03 09:00:00,1367.1363763548034,37669.1182181539,36.2932938445036
2023-01-03 10:00:00,1987.7055180479977,38820.49999852702,51.2024708111286
2023-01-03 11:00:00,2202.259988426721,39654.99999942672,55.535493341534696
2023-01-03 12:00:00,2295.3461636708416,40497.99999954015,56.67801283265605
2023-01-03 13:00:00,2210.476980782745,40341.49999952738,54.79411972308025
2023-01-03 14:00:00,2072.7422176712334,39385.9999995299,52.626370225358585
2023-01-03 15:00:00,2750.174841386193,39496.999999537555,69.62996788157056
2023-01-03 16:00:00,4430.369606928123,41054.999999824024,107.91303390444803
2023-01-03 17:00:00,4667.592318538758,41734.99999986483,111.83880001327127
2023-01-03 18:00:00,4443.386048219306,40227.999999848325,110.45505737884208
2023-01-03 19:00:00,3047.718946911001,38038.99999912741,80.12090083811124
2023-01-03 20:00:00,1737.2208585613403,35320.51248645356,49.184474863653655
2023-01-03 21:00:00,1171.2436936388399,32329.196570976765,36.22866689765848
2023-01-03 22:00:00,741.8926356186221,30451.25056277623,24.36328958277712
2023-01-03 23:00:00,787.8859798667456,30929.71617444983,25.473430645884687
2023-01-04 00:00:00,929.4247055038339,31099.01907023125,29.885981400407005
2023-01-04 01:00:00,921.3160193597928,31453.132036459738,29.29170990958308
2023-01-04 02:00:00,945.7621937631217,31988.35097535344,29.565831464454597
2023-01-04 03:00:00,988.3821817137461,32229.30210385433,30.667191567748674
2023-01-04 04:00:00,915.9052388880111,32241.015959521075,28.408076223092333
2023-01-04 05:00:00,917.0947701388161,32722.742492118916,28.02621969597118
2023-01-04 06:00:00,961.6876080745161,33318.7853008126,28.86322533646093
2023-01-04 07:00:00,1114.127081361659,34388.61460260787,32.39813799527617
2023-01-04 08:00:00,1438.5014518262658,36634.46573043131,39.26634176710102
2023-01-04 09:00:00,1660.7648163672463,37344.10828057785,44.4719366141884
2023-01-04 10:00:00,1577.6462399755655,37162.21693598582,42.45296352187915
2023-01-04 11:00:00,1449.9689397510256,37533.448589299805,38.631380655077585
2023-01-04 12:00:00,1531.2470723618326,37862.09263968759,40.44274802594396
2023-01-04 13:00:00,1359.8927854400515,37552.146355140954,36.21345029333802
2023-01-04 14:00:00,1513.1335583905668,37178.653568083515,40.69898754186019
2023-01-04 15:00:00,1690.5670171931176,37640.86988024577,44.91306982467854
2023-01-04 16:00:00,1711.5957621677708,39904.9999979214,42.89176199115212
2023-01-04 17:00:00,1825.2650789758427,40963.00000520989,44.55887212224925
2023-01-04 18:00:00,1826.8885057917578,39841.49999877711,45.853908759655944
2023-01-04 19:00:00,1776.843231854572,37943.42612204749,46.8287504175095
2023-01-04 20:00:00,1776.7284682584864,35497.00001742906,50.05291904628872
2023-01-04 21:00:00,1680.5118698890756,33977.95084376776,49.458894022660445
2023-01-04 22:00:00,1514.3642020323878,32581.557265545587,46.479184211179515
2023-01-04 23:00:00,1339.9772565943813,30389.539785600362,44.093371141780494
2023-01-05 00:00:00,1251.0911319419351,30070.38831248638,41.60541988819061
2023-01-05 01:00:00,1390.616025426279,30296.526626731757,45.90017999618764
2023-01-05 02:00:00,1398.5562235903901,29634.579851388793,47.19338794758881
2023-01-05 03:00:00,1310.0009650176323,28480.913473478988,45.995749617984906
2023-01-05 04:00:00,1135.3917963740844,26917.038032588538,42.18115659677942
2023-01-05 05:00:00,1377.823799279962,25264.071625729004,54.53688620312421
2023-01-05 06:00:00,2263.106197647871,28302.999999574247,79.95994056043224
2023-01-05 07:00:00,3023.7756687487126,32884.999999684405,91.94999753011194
2023-01-05 08:00:00,4461.059841014131,35427.49999992431,125.92081973110331
2023-01-05 09:00:00,6099.91747299147,37126.50000000096,164.30090293971455
2023-01-05 10:00:00,5960.617401898185,37834.00000000321,157.546582489234
2023-01-05 11:00:00,5726.0212703148645,38492.49999997915,148.75680380120716
2023-01-05 12:00:00,4839.525730589476,38539.49999993128,125.57313225646688
2023-01-05 13:00:00,4232.023227288715,38968.999999904074,108.59973895401814
2023-01-05 14:00:00,4044.9376004583587,38479.99999986913,105.11792101019012
2023-01-05 15:00:00,3322.1130164731626,38618.49999978188,86.02387499493574
2023-01-05 16:00:00,3974.1098240987476,41365.49999984382,96.07305179711963
2023-01-05 17:00:00,4027.1149587987616,42271.99999985969,95.26672404457155
2023-01-05 18:00:00,3327.4616711396006,41007.49999977938,81.14275854800958
2023-01-05 19:00:00,1395.9933794151007,37427.49999522251,37.29860075060569
2023-01-05 20:00:00,559.4971340974047,34925.66751664489,16.01965470898328
2023-01-05 21:00:00,222.58715878724223,33525.763771392165,6.639286737955777
2023-01-05 22:00:00,65.3798484285523,31876.54672408351,2.0510329740064415
2023-01-05 23:00:00,210.5652215236929,32215.37150593828,6.53617238233243
2023-01-06 00:00:00,203.85861707422055,32018.305011966077,6.366939692717439
2023-01-06 01:00:00,53.78954190259084,31321.09844006152,1.717358093475766
2023-01-06 02:00:00,110.95122776595801,31326.55848313629,3.5417624258242495
2023-01-06 03:00:00,0.03514430613498197,31872.313792353005,0.0011026593915944064
2023-01-06 04:00:00,0.035081921024437655,31884.644395963787,0.001100276377204276
2023-01-06 05:00:00,98.91704396756616,31945.30223510193,3.096450402615843
2023-01-06 06:00:00,258.0167946536884,31817.694942862203,8.109223346223905
2023-01-06 07:00:00,593.5490017006114,33162.11953311919,17.898403662281922
2023-01-06 08:00:00,706.7237839352074,35991.798849123676,19.63568942185324
2023-01-06 09:00:00,1176.550270871913,37880.213393968814,31.05975826047591
2023-01-06 10:00:00,1506.0746590049382,38727.31306092287,38.88921125603772
2023-01-06 11:00:00,1636.960945914213,38645.65135733188,42.358218542579884
2023-01-06 12:00:00,1656.1279001716318,38663.88542127582,42.83397496466571
2023-01-06 13:00:00,1363.609842418511,37585.196670325524,36.28050304962528
2023-01-06 14:00:00,1491.2301918850867,36557.601380772205,40.791248209993675
2023-01-06 15:00:00,2169.5116327868254,37049.99999165913,58.556319386646045
2023-01-06 16:00:00,2828.280232845368,39210.49999943069,72.1306852217246
2023-01-06 17:00:00,3501.225330115895,40126.9999997258,87.25360306376803
2023-01-06 18:00:00,3734.4492603251188,39142.99999968089,95.40528984379233
2023-01-06 19:00:00,2254.872022044126,36956.999981761925,61.01339457090383
2023-01-06 20:00:00,1639.8577289613581,34252.07911119555,47.87615150711708
2023-01-06 21:00:00,920.3764339361009,31351.41592752947,29.35677406288768
2023-01-06 22:00:00,544.1480085015095,29596.625118347372,18.385474908900484
2023-01-06 23:00:00,38.5309077349154,29086.49997939949,1.3247007292800754
2023-01-07 00:00:00,97.80427201812276,29796.499996994844,3.2824080690009536
2023-01-07 01:00:00,25.510018437071867,30314.402620964,0.8415147992865395
2023-01-07 02:00:00,31.762091816883583,30490.42134407695,1.0417072121915318
2023-01-07 03:00:00,21.055755624135205,29744.20251113173,0.7078944414883913
2023-01-07 04:00:00,17.663620175653513,28762.76290837206,0.6141141667065688
2023-01-07 05:00:00,0.06761338825513971,27476.565401725326,0.002460765647619629
2023-01-07 06:00:00,20.487118072594946,26573.152378816627,0.7709705563170858
2023-01-07 07:00:00,521.5049988473025,27053.50000032706,19.276803328256893
2023-01-07 08:00:00,1284.0806894581751,28788.00002954956,44.60472030499255
2023-01-07 09:00:00,1669.749128167521,31031.000040717667,53.809065965535794
2023-01-07 10:00:00,1678.5848899912694,32538.000042456595,51.58844697894767
2023-01-07 11:00:00,1742.0913660505892,33812.00004217356,51.52287246769449
2023-01-07 12:00:00,1867.6508573762412,34551.50001610002,54.05411795453074
2023-01-07 13:00:00,1241.7996639142684,34304.99999755655,36.198795044533405
2023-01-07 14:00:00,1088.2853674418318,33301.75845071534,32.679516580255985
2023-01-07 15:00:00,1115.4604673250783,34265.63638021573,32.55332704018076
2023-01-07 16:00:00,991.8807637287332,35352.949089208276,28.056521146958893
2023-01-07 17:00:00,1064.8153184637395,37480.000003326604,28.410227277727582
2023-01-07 18:00:00,989.4523815791243,36613.01970723637,27.024604621278048
2023-01-07 19:00:00,912.8046886088256,34396.87594647327,26.53743002792717
2023-01-07 20:00:00,552.3404548117966,32002.32649667261,17.25938440348158
2023-01-07 21:00:00,43.804485855622886,31562.534779196325,1.3878633690883264
2023-01-07 22:00:00,120.29231966430861,31454.282570515486,3.8243542638314008
2023-01-07 23:00:00,139.26813317492534,30523.81064055431,4.562606380144816
2023-01-08 00:00:00,6.450690351995714,31548.60851367144,0.204468300058316
2023-01-08 01:00:00,0.952031945838123,32100.05028308919,0.0296582696114862
2023-01-08 02:00:00,0.03601407935092379,31892.641550391505,0.0011292284865780172
2023-01-08 03:00:00,0.035886140842925525,31709.714418698968,0.0011317081058845409
2023-01-08 04:00:00,0.035748547400396305,31584.181921435127,0.001131849717979713
2023-01-08 05:00:00,0.03578621044102341,31299.87063047903,0.0011433341327032737
2023-01-08 06:00:00,0.0386792853216007,31233.357795469165,0.0012383966390962827
2023-01-08 07:00:00,0.03601731662019312,31252.61436636224,0.0011524577175520783
2023-01-08 08:00:00,164.7120964055287,31806.592466555507,5.178552106099475
2023-01-08 09:00:00,412.9134393357516,33673.61357704379,12.262225388760944
2023-01-08 10:00:00,507.5074132155367,35134.03164927967,14.444895430210094
2023-01-08 11:00:00,565.7425475725297,35868.977289118906,15.772475000120828
2023-01-08 12:00:00,774.7922463302385,36616.81886316167,21.159463612217767
2023-01-08 13:00:00,955.9343597067121,36528.73638393315,26.16937935272164
2023-01-08 14:00:00,1054.1048790842713,36005.08364929133,29.276556870463452
2023-01-08 15:00:00,1381.9317986567355,36539.684917865015,37.820025042993194
2023-01-08 16:00:00,1802.865658552883,39062.000005417445,46.15395162313364
2023-01-08 17:00:00,1802.9235825583232,40412.00000766135,44.61356978661098
2023-01-08 18:00:00,1802.8226222120463,39011.50000594763,46.21259428469018
2023-01-08 19:00:00,1817.6034949612208,36882.50000561476,49.28091899097188
2023-01-08 20:00:00,1802.9532416588481,34741.50000531581,51.89624055907136
2023-01-08 21:00:00,1628.505064279338,31751.764331480903,51.28864800324576
2023-01-08 22:00:00,1095.5044649634222,29548.16554579573,37.07521075261121
2023-01-08 23:00:00,1199.514477015342,29384.425817919928,40.82143664974473
2023-01-09 00:00:00,1292.8056863339184,28831.26018843767,44.840415503321566
2023-01-09 01:00:00,1486.0186809416261,29382.34165194634,50.575229794293456
2023-01-09 02:00:00,1330.881907660646,28018.657284704484,47.499846053907106
2023-01-09 03:00:00,1039.5724163878865,27003.101281621697,38.49826009042225
2023-01-09 04:00:00,842.148388148914,26906.570393277,31.298986672762165
2023-01-09 05:00:00,783.7135413443344,27666.58045193541,28.327083742996866
2023-01-09 06:00:00,1055.5225682649443,29626.106639347898,35.62812289560359
2023-01-09 07:00:00,1552.249986819982,35135.99999922899,44.178335236055446
2023-01-09 08:00:00,1876.411854493588,37931.999999672895,49.46778062084175
2023-01-09 09:00:00,2099.8812771371736,39921.500000749176,52.60025993757166
2023-01-09 10:00:00,1877.448178256721,40740.50000146144,46.08309122836914
2023-01-09 11:00:00,1871.9655040188363,41455.500001170025,45.156022818829896
2023-01-09 12:00:00,1847.2179947667241,40626.99999941661,45.46774299833238
2023-01-09 13:00:00,1466.0550514988315,40294.3467143346,36.38364115672054
2023-01-09 14:00:00,1405.5796296177368,40102.38113236917,35.04977983671908
2023-01-09 15:00:00,1898.4536519245944,39644.49999941033,47.88693644648897
2023-01-09 16:00:00,2153.107168006234,41925.49999881706,51.355551348629945
2023-01-09 17:00:00,2760.382595064963,43696.499999481865,63.1717092924535
2023-01-09 18:00:00,3710.7924610054106,43087.49999952828,86.12225032888973
2023-01-09 19:00:00,3417.2864088629576,40962.49999943923,83.4247521247419
2023-01-09 20:00:00,2587.2110103451346,38117.999997475374,67.87373446971222
2023-01-09 21:00:00,1869.5156255714794,37185.79233070668,50.27499774497748
2023-01-09 22:00:00,1185.8499904973592,34422.24487567251,34.45010616769633
2023-01-09 23:00:00,1147.0177482996119,33295.51498346544,34.449617279360936
2023-01-10 00:00:00,1199.097993000868,31661.157839503172,37.872840882173
2023-01-10 01:00:00,1168.5596352814227,30276.759337674204,38.59592839010851
2023-01-10 02:00:00,1486.2147467323734,29609.898423157007,50.193172752326966
2023-01-10 03:00:00,1312.798461123664,27768.612441652967,47.276343529303034
2023-01-10 04:00:00,1222.5187961852116,28166.949329619543,43.40259862290612
2023-01-10 05:00:00,1198.2414598732917,27640.317622995306,43.35121890482247
2023-01-10 06:00:00,1619.574422683028,30960.999999923115,52.31014575391783
2023-01-10 07:00:00,1675.7076260621134,36196.00000285439,46.29538142142691
2023-01-10 08:00:00,1816.1952610360327,38711.500001311644,46.91616860556928
2023-01-10 09:00:00,2220.9399932992733,40836.99999995777,54.38548358845091
2023-01-10 10:00:00,3568.768226917252,41631.99999968666,85.72175794927247
2023-01-10 11:00:00,3265.537554184911,41855.99999944925,78.01838575659117
2023-01-10 12:00:00,2902.644698117961,41873.49999907017,69.31937139676445
2023-01-10 13:00:00,2715.4945794841187,41273.99999863578,65.79189270664034
2023-01-10 14:00:00,2533.7518015793385,40746.99999766542,62.1825361799521
2023-01-10 15:00:00,2567.8659127875535,40384.999998345316,63.58464560833889
2023-01-10 16:00:00,3353.5672066017196,42539.49999949204,78.834194258084
2023-01-10 17:00:00,3783.005599448244,43702.99999964395,86.56169140514528
2023-01-10 18:00:00,3245.4602278361194,42684.99999927148,76.03280374584774
2023-01-10 19:00:00,1798.2068892327982,40369.66126118694,44.54352186902466
2023-01-10 20:00:00,1147.2562833808613,38395.48973596452,29.87997525933996
2023-01-10 21:00:00,504.87569480429784,34861.81079696053,14.482199382721566
2023-01-10 22:00:00,127.88653996053644,33436.56476556524,3.824751162602709
2023-01-10 23:00:00,0.7409236225268327,32458.78860730679,0.02282659502456119
2023-01-11 00:00:00,0.8196514529662571,32456.193018735994,0.025254084867350177
2023-01-11 01:00:00,201.305781216574,32869.280793835496,6.124435228115125
2023-01-11 02:00:00,101.69821922472141,32566.84206783319,3.122753474619832
2023-01-11 03:00:00,63.34776623830641,32472.111706660813,1.9508360531203846
2023-01-11 04:00:00,107.49142569065428,32490.26568928096,3.3084194114829093
2023-01-11 05:00:00,133.40800207584041,32393.841582278423,4.118313715185402
2023-01-11 06:00:00,47.87144808615537,32083.4753248635,1.4920904796450396
2023-01-11 07:00:00,547.5961985538679,35220.68051597028,15.54757575753168
2023-01-11 08:00:00,1059.4156761040592,38121.03065952901,27.790845571989802
2023-01-11 09:00:00,1434.745421544963,39831.11734415543,36.02071739911882
2023-01-11 10:00:00,1375.4575799334955,40767.58268416006,33.739002643095624
2023-01-11 11:00:00,1657.1895507102586,42715.27634734302,38.796180018471055
2023-01-11 12:00:00,1605.665796681718,42202.60655321142,38.046602516297284
2023-01-11 13:00:00,1701.9385427895784,42463.97732704401,40.07958391843022
2023-01-11 14:00:00,1703.6997477345574,40839.42586349253,41.717034745523705
2023-01-11 15:00:00,1768.508065656132,40562.50000354946,43.599582508508526
2023-01-11 16:00:00,1799.4439998742391,42470.50000268719,42.36926807455492
2023-01-11 17:00:00,1799.4754708623987,43390.00000347376,41.47212423872631
2023-01-11 18:00:00,1803.0661421115178,42472.00000315035,42.453054764969295
2023-01-11 19:00:00,1803.0751129600199,40596.00000261067,44.41509293635005
2023-01-11 20:00:00,1767.9368132893042,38006.50000137432,46.51669617632182
2023-01-11 21:00:00,1685.688216760837,36933.695188733625,45.64093054179546
2023-01-11 22:00:00,1337.6521475378584,33258.90478888338,40.21936849781541
2023-01-11 23:00:00,1144.166160958602,31709.069874113993,36.08324575589816
2023-01-12 00:00:00,1091.5805169931127,30794.774312650894,35.446939987628916
2023-01-12 01:00:00,1362.8730882521475,31241.12059853666,43.624334279353114
2023-01-12 02:00:00,1088.6539227000799,30931.271149864868,35.19589988479461
2023-01-12 03:00:00,1380.8111675916343,30201.005983423238,45.72070110345118
2023-01-12 04:00:00,1151.5414513159358,28610.48400077538,40.24893291860171
2023-01-12 05:00:00,1303.831648887837,28116.24770524898,46.37288953192807
2023-01-12 06:00:00,1607.2811049864933,30067.650580426467,53.45549366044603
2023-01-12 07:00:00,2214.3595406552245,34794.499999351014,63.64107950097074
2023-01-12 08:00:00,2178.9456287460275,37178.499996521925,58.607679948084765
2023-01-12 09:00:00,2358.2850704724656,38553.99999667791,61.16836309269266
2023-01-12 10:00:00,2361.7504345041802,39215.49999521648,60.22492215558306
2023-01-12 11:00:00,2389.047387269104,39608.49999698988,60.316532750562736
2023-01-12 12:00:00,2426.527501459705,40070.99999687995,60.555701171636386
2023-01-12 13:00:00,2426.538771534412,40156.99999612523,60.42629608209153
2023-01-12 14:00:00,1790.9275354521124,39769.48259976297,45.032708961186906
2023-01-12 15:00:00,1914.2894762826095,40284.43810211711,47.51932921169393
2023-01-12 16:00:00,2400.97752696926,41159.99999662356,58.332787346117996
2023-01-12 17:00:00,2340.8471833285093,42531.4999985256,55.03796441248621
2023-01-12 18:00:00,2516.659389753612,41935.4999976633,60.012623907997835
2023-01-12 19:00:00,3120.580844237636,40185.49999836124,77.6543988345272
2023-01-12 20:00:00,1866.9777978804293,37557.76347773316,49.709504107913745
2023-01-12 21:00:00,1668.1204933415916,34569.617716585264,48.253946775387305
2023-01-12 22:00:00,1421.0385351717634,32455.35032829515,43.784415228846775
2023-01-12 23:00:00,1322.2087456173,32938.265283124274,40.14202734273094
2023-01-13 00:00:00,1385.9650887150326,31921.777769805296,43.41754079956074
2023-01-13 01:00:00,1276.8914135714474,32331.981959723533,39.493137635734534
2023-01-13 02:00:00,926.5918847853467,34188.997443606735,27.10204902362872
2023-01-13 03:00:00,926.8994343861095,34382.104263952424,26.95877562554855
2023-01-13 04:00:00,927.0715207185166,34424.42198322641,26.930634337745452
2023-01-13 05:00:00,1021.5203528522154,34510.041134426654,29.600670392512612
2023-01-13 06:00:00,935.5045986330949,34082.22757551646,27.448458190131046
2023-01-13 07:00:00,1243.6789401680403,35645.98033228468,34.889738718775995
2023-01-13 08:00:00,1704.1762874835729,37394.38729594198,45.573050147782716
2023-01-13 09:00:00,1859.0582223664335,38977.505261646395,47.69566984564644
2023-01-13 10:00:00,1860.402842716695,39796.00404419713,46.74848360781515
2023-01-13 11:00:00,1860.1714053917253,40019.12047268777,46.482066157882066
2023-01-13 12:00:00,1860.18959567192,40151.9067655366,46.328798443728395
2023-01-13 13:00:00,1860.1998929030642,40400.874738444036,46.043554872166276
2023-01-13 14:00:00,1860.212316063541,39497.49820902383,47.09696564119461
2023-01-13 15:00:00,1860.483554670183,37922.10613198949,49.060659980083685
2023-01-13 16:00:00,2147.03348068244,39632.9999996134,54.172873128538924
2023-01-13 17:00:00,2504.8337832368647,40934.499998872794,61.191263684809634
2023-01-13 18:00:00,2807.537816146555,40143.499999526495,69.93754446372814
2023-01-13 19:00:00,3691.3718507686644,38386.999999707274,96.16203013511901
2023-01-13 20:00:00,3158.193247888063,35831.49999940031,88.1401350192127
2023-01-13 21:00:00,2001.0588781288789,33278.49999833351,60.130681317640104
2023-01-13 22:00:00,1857.6596855658586,30484.00002020152,60.93884281376464
2023-01-13 23:00:00,1472.639993475236,29316.568410065363,50.2323455077242
2023-01-14 00:00:00,897.1494508267247,29088.494381424924,30.842072438084607
2023-01-14 01:00:00,559.7174083130924,28473.996606910445,19.657142481264916
2023-01-14 02:00:00,551.3207159031001,29075.975346961535,18.961383386945045
2023-01-14 03:00:00,560.0802693100043,29305.079902520625,19.11205399108398
2023-01-14 04:00:00,216.87080553881154,28305.144860580534,7.6618864382085885
2023-01-14 05:00:00,298.69792713738167,28819.1418996812,10.364567001236281
2023-01-14 06:00:00,249.12559044710056,28979.24942875789,8.596688850052754
2023-01-14 07:00:00,502.9744704985727,30143.515405108097,16.685992451077524
2023-01-14 08:00:00,896.5812949168109,32129.288199819464,27.905420417058874
2023-01-14 09:00:00,1362.9485160630647,33581.83422869119,40.585886607069476
2023-01-14 10:00:00,1645.6773603607874,35003.50004678247,47.01465162516107
2023-01-14 11:00:00,1680.75054525216,35706.002593298566,47.071932537405054
2023-01-14 12:00:00,1680.7512215582644,36303.001672955696,46.297858141310606
2023-01-14 13:00:00,1316.9417030437533,36013.94053727674,36.56755365830168
2023-01-14 14:00:00,815.2506190773557,35319.223370220374,23.08234840080712
2023-01-14 15:00:00,1184.8805107817377,36447.533184020154,32.509210014279645
2023-01-14 16:00:00,1510.3825789168598,37013.49995309137,40.80626206197808
2023-01-14 17:00:00,1687.0631794424078,38898.99997168678,43.37034835523695
2023-01-14 18:00:00,1689.9754993656602,38437.9999712699,43.96627037381798
2023-01-14 19:00:00,1599.4448129342536,36565.999965729854,43.74131199565921
2023-01-14 20:00:00,939.9711881786775,34532.41788460983,27.219964478583396
2023-01-14 21:00:00,605.7922337365551,33632.939668246065,18.01187287558164
2023-01-14 22:00:00,94.47474313085938,32326.64571883169,2.9225037435858585
2023-01-14 23:00:00,64.49023746703848,32211.015876266407,2.0021174654896843
2023-01-15 00:00:00,28.299179202075244,32180.334632398397,0.87939356521123
2023-01-15 01:00:00,17.526607867299354,31660.313148028974,0.5535828968384819
2023-01-15 02:00:00,2.825553672701164,30711.158998046514,0.09200413676608209
2023-01-15 03:00:00,52.6994850912003,29735.39142637794,1.7722815326537509
2023-01-15 04:00:00,11.331083972378147,29314.548283744145,0.3865344900662036
2023-01-15 05:00:00,153.63253811234975,30022.839374393447,5.1171888240318575
2023-01-15 06:00:00,812.6835306456147,31971.26091390627,25.41918921602897
2023-01-15 07:00:00,784.8328865929822,32494.855065298576,24.152527685255297
2023-01-15 08:00:00,820.3239543638903,32899.43631941215,24.934285998081442
2023-01-15 09:00:00,881.0878449478412,33892.60095256716,25.99646590065269
2023-01-15 10:00:00,1468.5805804534766,35122.589653211166,41.812992576964156
2023-01-15 11:00:00,1758.6554588413442,36257.00501341437,48.50526010603128
2023-01-15 12:00:00,2329.1047736206037,37033.99999942886,62.890985949574
2023-01-15 13:00:00,2329.2679370292544,36751.99999972525,63.377991321470056
2023-01-15 14:00:00,2329.433199397673,36211.999999819614,64.32765932313256
2023-01-15 15:00:00,2331.228284566682,36412.00000265252,64.0236263978045
2023-01-15 16:00:00,4616.412102383281,38882.49999994869,118.72724496597115
2023-01-15 17:00:00,7553.83402466843,40696.50000007662,185.6138494625879
2023-01-15 18:00:00,8066.826183832895,39581.00000011907,203.80551738987464
2023-01-15 19:00:00,7464.370040952458,37277.50000006062,200.2379462394291
2023-01-15 20:00:00,7135.105890346091,35109.50000002946,203.22436634928164
2023-01-15 21:00:00,6958.384154600894,32335.99999999841,215.19000972913275
2023-01-15 22:00:00,5920.040782476643,29410.499999975036,201.29004207618598
2023-01-15 23:00:00,5007.358110423734,26735.999999950993,187.28897779895692
2023-01-16 00:00:00,4796.477664436382,26150.999999844895,183.41469406389166
2023-01-16 01:00:00,4499.145802681828,26069.999999896063,172.57943240121847
2023-01-16 02:00:00,4215.678247331248,26336.999999857835,160.0667595912216
2023-01-16 03:00:00,3862.0894356205304,26550.999999788022,145.4592834790164
2023-01-16 04:00:00,3900.5335664116687,26678.499999799777,146.2051302150024
2023-01-16 05:00:00,3719.9665309951283,27454.499999795942,135.4956940036343
2023-01-16 06:00:00,5047.4457398720215,31373.99999989738,160.87989226392972
2023-01-16 07:00:00,6994.479346297825,37065.500000020285,188.70592184899695
2023-01-16 08:00:00,8472.236009153998,40435.500000095046,209.52470005648706
2023-01-16 09:00:00,8796.294654611374,42046.50000012383,209.20396833471202
2023-01-16 10:00:00,8233.530381902858,43312.500000108674,190.09593955283577
2023-01-16 11:00:00,7902.5551599356195,43458.00000009348,181.84350775274106
2023-01-16 12:00:00,7977.240595573495,43914.500000116066,181.65390919974976
2023-01-16 13:00:00,7074.72463404314,43441.000000064385,162.8582360910811
2023-01-16 14:00:00,6286.346698592888,42676.00000003791,147.3040279920167
2023-01-16 15:00:00,6482.407682546146,42464.00000003316,152.65654866571884
2023-01-16 16:00:00,7711.177507476466,43991.00000011204,175.28988901040728
2023-01-16 17:00:00,9251.812328668186,46066.50000018457,200.8360159471876
2023-01-16 18:00:00,9285.688514583715,45429.00000019963,204.4000201312578
2023-01-16 19:00:00,8501.777374833975,43678.50000011314,194.64444463092718
2023-01-16 20:00:00,8041.688525913268,41176.500000083935,195.29801041605955
2023-01-16 21:00:00,7261.2075228560125,37687.000000034626,192.67141249898748
2023-01-16 22:00:00,7071.734570028684,33773.500000017106,209.38708070010813
2023-01-16 23:00:00,5974.370461518881,31395.999999963886,190.29081607611647
2023-01-17 00:00:00,5716.573614136015,30849.499999941352,185.30522744766958
2023-01-17 01:00:00,5877.203147692365,30761.999999954965,191.05399999027918
2023-01-17 02:00:00,5633.462302844465,30373.999999946653,185.46988552230061
2023-01-17 03:00:00,5370.951622096493,29566.499999931737,181.65665946625046
2023-01-17 04:00:00,5656.791256139166,29099.999999946875,194.39145210135715
2023-01-17 05:00:00,6287.218746348923,29512.499999988428,213.03578979589625
2023-01-17 06:00:00,8560.769906650907,34719.50000013259,246.56950435974636
2023-01-17 07:00:00,9681.538939732322,39140.5000001996,247.3534814241757
2023-01-17 08:00:00,10219.904795367951,41854.00000024581,244.1798823364058
2023-01-17 09:00:00,10982.120936660373,44469.00000034397,246.96127496852696
2023-01-17 10:00:00,11076.320673814345,45178.50000037213,245.1679598420291
2023-01-17 11:00:00,10840.76375366989,45964.000000343876,235.85335814090996
2023-01-17 12:00:00,10437.172350925726,46167.500000341315,226.0718546780433
2023-01-17 13:00:00,9247.106971855403,44499.50000020761,207.80249152939382
2023-01-17 14:00:00,8874.862168890271,43466.00000018049,204.1794084768191
2023-01-17 15:00:00,9133.298015020127,43298.00000021811,210.94041329793797
2023-01-17 16:00:00,10068.478604239255,45076.50000028261,223.3642497571047
2023-01-17 17:00:00,10738.884563244997,46261.500000353975,232.13437876339566
2023-01-17 18:00:00,10311.882087483764,45582.50000033203,226.224583719819
2023-01-17 19:00:00,9214.728029509386,44583.00000017469,206.68703383516768
2023-01-17 20:00:00,8001.493606906,41787.00000009521,191.4828441115124
2023-01-17 21:00:00,6193.878910243645,38230.50000000049,162.01407018593966
2023-01-17 22:00:00,4232.7780928329275,34393.49999985509,123.06912913343398
2023-01-17 23:00:00,2799.516811717222,31156.499999521744,89.8533792871534
2023-01-18 00:00:00,2313.4451293908446,30896.499998840347,74.87725565930369
2023-01-18 01:00:00,2448.9088832522634,30801.99999902656,79.50486602589626
2023-01-18 02:00:00,2094.5475273007055,30246.499998682637,69.24925288519107
2023-01-18 03:00:00,1878.4289202832394,29849.999996989623,62.92894205938623
2023-01-18 04:00:00,1873.0736142805472,30369.499992950317,61.67614266666703
2023-01-18 05:00:00,2537.089930541186,31858.99999927389,79.63495183775416
2023-01-18 06:00:00,4959.848664720129,37779.9999999489,131.28238921987392
2023-01-18 07:00:00,7417.844291157555,43956.50000007393,168.754206798655
2023-01-18 08:00:00,8360.30133248267,46393.500000123146,180.20415214330623
2023-01-18 09:00:00,8852.212056957902,47958.00000015936,184.58259428934667
2023-01-18 10:00:00,9058.890459925218,48705.50000018255,185.99317243209217
2023-01-18 11:00:00,8550.782219682098,48616.50000015929,175.88230785132785
2023-01-18 12:00:00,8482.36230329075,48256.500000182656,175.77657524392868
2023-01-18 13:00:00,8038.185595213573,47157.000000119195,170.45583042163952
2023-01-18 14:00:00,7769.090932029464,46368.500000099484,167.551051511539
2023-01-18 15:00:00,7806.880125977177,45257.50000010313,172.49914657149395
2023-01-18 16:00:00,8721.0678377789,46147.00000016353,188.98450251908025
2023-01-18 17:00:00,9728.184020089564,47227.50000023134,205.98558085949736
2023-01-18 18:00:00,9466.569776511498,46398.500000251006,204.02749607121538
2023-01-18 19:00:00,8630.903387479726,44597.000000141,193.5310309539305
2023-01-18 20:00:00,7492.830222147334,41783.5000000742,179.32509775710577
2023-01-18 21:00:00,6839.805032363878,39501.0000153765,173.15523732820327
2023-01-18 22:00:00,5941.797271218904,35564.00003145253,167.07336818029535
2023-01-18 23:00:00,4673.318346586857,32249.000102046724,144.91358900427608
2023-01-19 00:00:00,4922.612208533837,32289.99999991759,152.45005291255498
2023-01-19 01:00:00,5208.007267230805,31742.000103545128,164.07306566195697
2023-01-19 02:00:00,5007.9408558165405,31057.000080634032,161.2499868890847
2023-01-19 03:00:00,5105.808499203184,30750.000093346833,166.04255231556544
2023-01-19 04:00:00,5562.369149031515,31494.500125281247,176.61398424820507
2023-01-19 05:00:00,6239.2631453080585,32692.50014300592,190.84692568680333
2023-01-19 06:00:00,8223.460143656785,37508.00008225204,219.2454976437932
2023-01-19 07:00:00,10288.531596829667,42201.50006723901,243.7954001738589
2023-01-19 08:00:00,10922.646429619379,43854.00004477954,249.0684183533135
2023-01-19 09:00:00,11326.337690140213,45999.00014875675,246.2300844260055
2023-01-19 10:00:00,11213.239789524327,47016.00015517856,238.49837826515423
2023-01-19 11:00:00,10321.172316411898,46173.500201571005,223.53021259715393
2023-01-19 12:00:00,10173.259273187228,46944.00051915345,216.7105308597735
2023-01-19 13:00:00,9837.345062178316,46836.500235386105,210.03586973276805
2023-01-19 14:00:00,9115.118516166798,45486.50024303163,200.39173089741502
2023-01-19 15:00:00,8876.248482146684,44488.00024893059,199.52006007193035
2023-01-19 16:00:00,9464.18207083295,45607.0002313507,207.51599585203982
2023-01-19 17:00:00,10691.708087273648,47776.501061136754,223.7859167123206
2023-01-19 18:00:00,9981.896410398402,47386.5002998219,210.64852536569194
2023-01-19 19:00:00,8965.995869169528,45420.00011980092,197.4019340713473
2023-01-19 20:00:00,8314.227601680223,43181.00018565036,192.5436549856285
2023-01-19 21:00:00,6976.2763716424815,39730.000253400234,175.59215522646335
2023-01-19 22:00:00,5943.741299295865,37079.00031787388,160.29939449124507
2023-01-19 23:00:00,4635.371053812979,34463.00041275602,134.50282907164575
2023-01-20 00:00:00,4315.988731466941,34230.00015723524,126.08789692204151
2023-01-20 01:00:00,4139.018184080806,33497.00038921586,123.56384559774901
2023-01-20 02:00:00,3822.0694461590165,32100.00039057227,119.06758254375453
2023-01-20 03:00:00,3951.573226258401,31713.500407045536,124.60224117614312
2023-01-20 04:00:00,4428.874524548747,32164.000410338303,137.69663188802838
2023-01-20 05:00:00,4885.190706776554,32738.500483198728,149.2185235937613
2023-01-20 06:00:00,6733.566106707817,36697.00031207263,183.49091341105063
2023-01-20 07:00:00,8641.48996675748,40760.00027844756,212.00907526310277
2023-01-20 08:00:00,9474.867475381587,42099.00022254299,225.06157926068812
2023-01-20 09:00:00,10224.133904544215,44215.00049995009,231.23677007661135
2023-01-20 10:00:00,10195.361749594998,45023.50045856407,226.44533734061773
2023-01-20 11:00:00,9808.332910342979,44952.000794334024,218.195691782851
2023-01-20 12:00:00,9687.028633312762,44786.50155230276,216.29348793854808
2023-01-20 13:00:00,9402.045325176787,43588.501180847576,215.70012894382262
2023-01-20 14:00:00,9120.904710719029,41748.50076745829,218.4726287902655
2023-01-20 15:00:00,8837.524016704723,40433.00164624317,218.57204899171424
2023-01-20 16:00:00,9853.148906888015,41612.501767538495,236.78338211749528
2023-01-20 17:00:00,11176.467962459636,44053.500364334956,253.7021546534798
2023-01-20 18:00:00,10921.997234150025,43164.500607025904,253.03193783208616
2023-01-20 19:00:00,10305.315670246426,41941.00045143082,245.7098199691338
2023-01-20 20:00:00,9773.270388746232,39198.00047836205,249.33084008050972
2023-01-20 21:00:00,8947.686905646186,36601.0005886309,244.46563650572818
2023-01-20 22:00:00,8080.6866581980485,33420.50096807089,241.7883162768306
2023-01-20 23:00:00,6679.284395423718,30655.00493103344,217.88560825387367
2023-01-21 00:00:00,6271.968519981953,29722.006694476255,211.02103180494808
2023-01-21 01:00:00,6214.31719587988,30190.00363845922,205.84022679491915
2023-01-21 02:00:00,5643.634309793839,29484.50447625314,191.41018002657057
2023-01-21 03:00:00,5424.202966587739,29018.004410706493,186.92543049536596
2023-01-21 04:00:00,5065.469929373639,28331.50614505223,178.79282179490713
2023-01-21 05:00:00,4914.232756232783,28215.007998005658,174.17087943339016
2023-01-21 06:00:00,5200.5680211941535,29462.510153655123,176.51476381583765
2023-01-21 07:00:00,6389.341787642218,31766.50329058753,201.13456395231862
2023-01-21 08:00:00,7150.479224444075,34978.50115087343,204.42497503257152
2023-01-21 09:00:00,7820.855952864288,38966.50721754197,200.70713315930686
2023-01-21 10:00:00,7986.609615518193,40353.00617030903,197.91857840307787
2023-01-21 11:00:00,7715.321269277591,40250.50798586552,191.6825812977795
2023-01-21 12:00:00,7392.177764638241,40256.50233173229,183.626925750361
2023-01-21 13:00:00,7030.251614076933,39034.51068039776,180.10349025861785
2023-01-21 14:00:00,6470.360070279354,37936.51173329122,170.55759147727025
2023-01-21 15:00:00,6521.543702927156,37846.51313290852,172.3155758107741
2023-01-21 16:00:00,7490.737545851349,39270.51253824848,190.74712963207602
2023-01-21 17:00:00,8977.233330556995,42145.003471364806,213.00824750569848
2023-01-21 18:00:00,8682.862175990454,41756.00468699767,207.94283938506683
2023-01-21 19:00:00,7756.684710749553,39915.505970119,194.32760583208582
2023-01-21 20:00:00,6848.646531719137,37719.50876425331,181.56775515087256
2023-01-21 21:00:00,5968.699400134463,34983.50953004217,170.6146547420815
2023-01-21 22:00:00,5510.979913241908,32475.50891784346,169.69649119844695
2023-01-21 23:00:00,4104.9483991331335,29973.016317133406,136.95479813243324
2023-01-22 00:00:00,3551.2861269105024,29084.521804494638,122.10226974959915
2023-01-22 01:00:00,3524.7205508697184,29069.517887203518,121.25142785465012
2023-01-22 02:00:00,3268.611781219462,28896.516145833306,113.11438945524148
2023-01-22 03:00:00,3098.6505481778595,28262.015721758973,109.6401112604365
2023-01-22 04:00:00,3004.206559806144,27624.516323822943,108.7514628162146
2023-01-22 05:00:00,3074.190657449443,27474.01920948501,111.89446414844622
2023-01-22 06:00:00,3595.1488859763153,28160.521550282247,127.66627491458097
2023-01-22 07:00:00,4492.870497224044,29777.515502109953,150.88130831149064
2023-01-22 08:00:00,5373.672733780054,32051.510072865753,167.6573965333793
2023-01-22 09:00:00,6194.6045532539665,36060.016303256736,171.78596097014255
2023-01-22 10:00:00,7291.446323263083,38505.51495604884,189.36109104334074
2023-01-22 11:00:00,7455.475249402428,39378.51744316665,189.32849008758646
2023-01-22 12:00:00,7747.381690768673,39937.50752179154,193.98761143372266
2023-01-22 13:00:00,7575.43543002902,39712.02055687711,190.75925434665768
2023-01-22 14:00:00,7643.776380864737,38732.02024503451,197.3503146106787
2023-01-22 15:00:00,8016.708987106778,39108.521109265996,204.9862474908921
2023-01-22 16:00:00,9386.987471692357,41002.520617318485,228.93683925684113
2023-01-22 17:00:00,10821.331923938353,43166.0136573349,250.69101839797892
2023-01-22 18:00:00,10535.764950337658,41827.01413211578,251.889004485454
2023-01-22 19:00:00,9838.896478531065,40045.01523849475,245.69591046310958
2023-01-22 20:00:00,9144.94784710619,37844.51690223915,241.64525261954424
2023-01-22 21:00:00,8373.984314651138,34934.01851578509,239.70858980530159
2023-01-22 22:00:00,7374.901979966292,31651.521526688983,233.00307929107535
2023-01-22 23:00:00,6477.572125743522,29228.52600372249,221.61815908604322
2023-01-23 00:00:00,6580.081828371523,29165.02130462774,225.61553306074333
2023-01-23 01:00:00,6433.203534264643,28737.524497463462,223.86074120032416
2023-01-23 02:00:00,6212.997711537145,28271.524544218075,219.76167934699475
2023-01-23 03:00:00,6066.355417509072,28005.025762941434,216.61666976705928
2023-01-23 04:00:00,6167.816744893164,28054.027095156667,219.85495073389995
2023-01-23 05:00:00,6642.915111719939,29808.52652423851,222.85285072102837
2023-01-23 06:00:00,8454.401763158412,34467.51543619034,245.28608041998365
2023-01-23 07:00:00,10923.179985569153,40591.51402522099,269.1000877371113
2023-01-23 08:00:00,11481.362802960224,41864.51383903818,274.2504749273831
2023-01-23 09:00:00,11959.223410742128,44238.52323078742,270.3350504796962
2023-01-23 10:00:00,11990.232941126074,45007.02598766431,266.40802581384514
2023-01-23 11:00:00,11775.18758676775,44984.526740690635,261.7608417811037
2023-01-23 12:00:00,11333.875494065376,44439.502499788396,255.0405575336795
2023-01-23 13:00:00,10860.16963856459,43595.528346158964,249.11200874392978
2023-01-23 14:00:00,10700.932805780812,43146.525208993844,248.01377988024433
2023-01-23 15:00:00,10477.064643843381,42915.52535293297,244.13227049374447
2023-01-23 16:00:00,11167.838694117248,43870.02623906094,254.5664922391508
2023-01-23 17:00:00,12151.028751322508,45483.51788438759,267.1523513684371
2023-01-23 18:00:00,12107.166426158268,44877.51153277939,269.7824815289717
2023-01-23 19:00:00,11386.200380930726,43024.517973597125,264.64446127945234
2023-01-23 20:00:00,10471.822833370405,40579.01908924066,258.06002876365636
2023-01-23 21:00:00,9639.269173999883,37275.52025448639,258.5951613335222
2023-01-23 22:00:00,8864.188630010065,33856.521120147576,261.81628639733754
2023-01-23 23:00:00,7606.152467088536,31015.02670634661,245.2408807867345
2023-01-24 00:00:00,7315.689341986732,30753.022508839567,237.88521404307266
2023-01-24 01:00:00,7138.1468908074585,30480.02597567077,234.1909713759806
2023-01-24 02:00:00,6581.737984813799,29682.535937247343,221.73772479307127
2023-01-24 03:00:00,6628.04079090922,29277.03448846222,226.39044243095262
2023-01-24 04:00:00,6766.989294798282,29340.030216069077,230.64016106882218
2023-01-24 05:00:00,7740.767992054479,31726.524764929967,243.98411264416234
2023-01-24 06:00:00,9419.849449196883,35822.0145676785,262.9625821685704
2023-01-24 07:00:00,11248.994334543055,40097.015321189785,280.54443066235854
2023-01-24 08:00:00,11738.123246512687,41556.512740422215,282.46170028350235
2023-01-24 09:00:00,12167.474659980513,43940.52207041321,276.90783101034947
2023-01-24 10:00:00,11760.443103711706,44104.52471837086,266.6493557930379
2023-01-24 11:00:00,11173.845979662357,44036.027716749464,253.74327701706605
2023-01-24 12:00:00,10936.050326564058,43609.50480035572,250.7721740164051
2023-01-24 13:00:00,10325.661490729113,43013.52727257078,240.056143856718
2023-01-24 14:00:00,10079.90225391267,42006.024554976146,239.9632519549765
2023-01-24 15:00:00,10124.620313791882,41829.02424079295,242.0477287614575
2023-01-24 16:00:00,11038.222078434072,43160.02528956602,255.75105677944475
2023-01-24 17:00:00,11944.242273795804,44772.516297751106,266.7762114231618
2023-01-24 18:00:00,11796.690574915501,44232.00568599977,266.7003313993823
2023-01-24 19:00:00,10786.019277809832,42818.51828619741,251.90080622866196
2023-01-24 20:00:00,10386.98730117554,40913.01626199259,253.87977348482255
2023-01-24 21:00:00,9457.021354141998,38934.01737354538,242.89867812530926
2023-01-24 22:00:00,8546.946563660982,36759.01830897121,232.51291674389086
2023-01-24 23:00:00,6750.147147818318,32722.524616422048,206.28442416789278
2023-01-25 00:00:00,6347.372844857577,32614.519976376752,194.61800601250872
2023-01-25 01:00:00,6241.514233315273,32734.02168316425,190.6736145569735
2023-01-25 02:00:00,5848.140916968933,32204.522475508395,181.59377837123517
2023-01-25 03:00:00,6075.078318637634,32316.520493468826,187.98677041562715
2023-01-25 04:00:00,6093.3382881677035,32549.02161359949,187.2049599678846
2023-01-25 05:00:00,6486.527134007435,33790.021275896994,191.9657605730597
2023-01-25 06:00:00,8116.64302736005,38195.01094714126,212.505320095151
2023-01-25 07:00:00,9470.283837516346,42023.011798900814,225.3594740623531
2023-01-25 08:00:00,9680.30513844295,43387.01036332343,223.11528398430633
2023-01-25 09:00:00,10051.358323392635,45116.01826210255,222.78912702355595
2023-01-25 10:00:00,10643.489190233326,45925.51965786496,231.75544380390212
2023-01-25 11:00:00,10648.14736560801,46361.5204428732,229.67640543041915
2023-01-25 12:00:00,10173.72082485065,46870.50839266447,217.06017651054327
2023-01-25 13:00:00,10604.992736828672,47200.01524661819,224.68197693195668
2023-01-25 14:00:00,10650.491154781546,46307.51171039557,229.9948920034634
2023-01-25 15:00:00,10421.14788468709,45584.01748634519,228.61407263650628
2023-01-25 16:00:00,10731.618694633906,46037.51658274913,233.1059425272124
2023-01-25 17:00:00,10651.144753576593,47139.51001691051,225.94941588819384
2023-01-25 18:00:00,9568.221110650094,46389.50518202855,206.25831366610169
2023-01-25 19:00:00,8515.842266537136,44664.50756432158,190.6624013322755
2023-01-25 20:00:00,7592.3412651309445,42374.00710816248,179.1744935934661
2023-01-25 21:00:00,6221.544810351396,39503.50891220385,157.49347290081795
2023-01-25 22:00:00,5226.41571115582,36021.00978217939,145.09353687640026
2023-01-25 23:00:00,3520.925852335077,32109.515942534974,109.65365714750503
2023-01-26 00:00:00,3416.4821038989453,31448.51478606524,108.63731171854197
2023-01-26 01:00:00,3488.3205960338382,30892.01241702397,112.91982370535028
2023-01-26 02:00:00,3349.337691308833,30000.011594542517,111.6445465613797
2023-01-26 03:00:00,3473.1021079144098,30047.510731998795,115.58701613893642
2023-01-26 04:00:00,3432.995328302862,29314.512702365977,117.10907028059806
2023-01-26 05:00:00,4235.232550226524,31071.01082226584,136.30816758595793
2023-01-26 06:00:00,6317.163279629214,36263.50455726947,174.20167622389545
2023-01-26 07:00:00,8572.42169951233,41395.500741134936,207.08583169749818
2023-01-26 08:00:00,9060.490178955559,42263.50065466689,214.38096794178043
2023-01-26 09:00:00,9356.049659292945,43663.5044991765,214.27619625606096
2023-01-26 10:00:00,9438.36446390691,43715.00346806477,215.90675317690278
2023-01-26 11:00:00,9436.971313992563,44310.0046533238,212.97608492317485
2023-01-26 12:00:00,8998.036738141202,44501.0018934075,202.19852037700292
2023-01-26 13:00:00,8690.173914489265,43542.5037641305,199.57910462760452
2023-01-26 14:00:00,8168.600798344596,41863.00219328718,195.1269706035189
2023-01-26 15:00:00,8605.66122539397,41434.5014633674,207.6931282255757
2023-01-26 16:00:00,9617.786090238307,42833.50128155215,224.53887266929
2023-01-26 17:00:00,10707.513839450587,44682.00139933454,239.63818772921073
2023-01-26 18:00:00,10780.304081571256,44021.5024690952,244.88723639406552
2023-01-26 19:00:00,10013.228820104026,42529.00020248724,235.444726479096
2023-01-26 20:00:00,9224.161858934383,40076.00000338833,230.1667296674943
2023-01-26 21:00:00,8231.55818007234,36536.500028063805,225.29684490166414
2023-01-26 22:00:00,7505.5893373474655,33050.50004389303,227.09457730986207
2023-01-26 23:00:00,5840.928840114588,29842.500949392946,195.7251789995638
2023-01-27 00:00:00,5749.644420643928,29619.00177042959,194.12012819365643
2023-01-27 01:00:00,5413.65247529847,29795.500036702786,181.69362717960118
2023-01-27 02:00:00,5023.357724704221,29762.99999993574,168.77860849763354
2023-01-27 03:00:00,4889.445934424268,29285.99999993482,166.95506161425766
2023-01-27 04:00:00,4916.065366302546,28428.999999935768,172.92431553391444
2023-01-27 05:00:00,5455.231703045486,27696.500088085326,196.96465927809615
2023-01-27 06:00:00,7821.897333010097,33097.00000009077,236.33251753901098
2023-01-27 07:00:00,9887.617269234448,37972.00000020835,260.39232247920035
2023-01-27 08:00:00,10847.927429392174,40476.50048284574,268.00556619240365
2023-01-27 09:00:00,11039.52922329213,41181.00000033989,268.07336449335895
2023-01-27 10:00:00,11287.756996194268,42609.50000036613,264.91174494179177
2023-01-27 11:00:00,11068.981223662739,42959.50000033767,257.6608485567973
2023-01-27 12:00:00,10775.574514669051,43026.001259789104,250.44331797432457
2023-01-27 13:00:00,10555.357320636482,41830.0000002875,252.33940522505222
2023-01-27 14:00:00,9943.367054249951,40377.50000023138,246.2600966922908
2023-01-27 15:00:00,9963.484106347287,40141.500000228494,248.20906309656024
2023-01-27 16:00:00,10607.975324519459,41610.000000282074,254.93812363488462
2023-01-27 17:00:00,11556.850180986788,44027.00000038548,262.494609691453
2023-01-27 18:00:00,11266.643467693535,42769.0005608634,263.4301321037484
2023-01-27 19:00:00,10330.587726321268,40699.000000229295,253.82903084260218
2023-01-27 20:00:00,9639.520149657288,38143.50000017288,252.7172427704222
2023-01-27 21:00:00,8950.838482566589,35243.00000013715,253.97493069635829
2023-01-27 22:00:00,8351.869172129938,32314.00000009875,258.4597750852391
2023-01-27 23:00:00,7175.7712468322925,29742.000000032458,241.26727344578245
2023-01-28 00:00:00,7146.347209070949,29302.50000003917,243.88182609201934
2023-01-28 01:00:00,7269.201083461033,29294.5000000372,248.1421797078565
2023-01-28 02:00:00,6813.4396338859,28170.50000002368,241.86434865835437
2023-01-28 03:00:00,6581.731059173786,27479.500000005002,239.51422184437808
2023-01-28 04:00:00,6522.540700386384,26727.499999998963,244.03856329198902
2023-01-28 05:00:00,6514.278951188716,26541.500000001783,245.43748285470974
2023-01-28 06:00:00,7364.371661901905,28156.500000050237,261.55138820125956
2023-01-28 07:00:00,8833.498847051922,31205.000000118416,283.07959772531325
2023-01-28 08:00:00,9528.997525104634,33400.50000016265,285.29505621347676
2023-01-28 09:00:00,9918.968507500653,36174.50000018539,274.1978052896327
2023-01-28 10:00:00,10399.414497316015,37919.50000024063,274.2497790648616
2023-01-28 11:00:00,10141.87765256006,38105.00000021746,266.1560858811752
2023-01-28 12:00:00,9787.82842271305,38136.00000021174,256.6558743092801
2023-01-28 13:00:00,9309.415684576821,37561.00000016902,247.8479189727358
2023-01-28 14:00:00,9387.760992439205,36892.00000015263,254.46603579096734
2023-01-28 15:00:00,9712.472501098295,36725.500000170585,264.46127353073973
2023-01-28 16:00:00,10446.933982765391,38100.50000022586,274.19414397982865
2023-01-28 17:00:00,11412.43906667615,41232.00000032212,276.78596882486886
2023-01-28 18:00:00,11239.713528930073,40475.00000034578,277.6952076302421
2023-01-28 19:00:00,10402.219199022802,37931.00000021258,274.2405736459493
2023-01-28 20:00:00,9651.04057666407,35634.50000015485,270.83417970287593
2023-01-28 21:00:00,8405.244960316428,33490.500000079504,250.97400636886502
2023-01-28 22:00:00,6790.327942562716,30704.500000002212,221.1509043482951
2023-01-28 23:00:00,4727.19145657924,28082.499999889733,168.33228724642757
2023-01-29 00:00:00,3652.6936239355828,27359.499999695327,133.50732374408372
2023-01-29 01:00:00,3056.5015964629997,27304.49999945116,111.9413135755805
2023-01-29 02:00:00,2276.6996710126464,26689.49999758122,85.30319680844437
2023-01-29 03:00:00,1580.7043015420568,26135.022110791724,60.482225530214855
2023-01-29 04:00:00,1495.861813861823,25900.75485629687,57.753599158063004
2023-01-29 05:00:00,1400.8391914605986,25897.266246546475,54.092164714389774
2023-01-29 06:00:00,1327.4395695245544,26520.422896775457,50.05348424085477
2023-01-29 07:00:00,1331.512423799194,27685.406244252954,48.09437911266318
2023-01-29 08:00:00,1405.2438949308744,29784.61003042976,47.18020123463736
2023-01-29 09:00:00,1472.9734993166371,32714.009244353223,45.025771323668856
2023-01-29 10:00:00,1534.5741532558002,35031.009685951205,43.80616393912346
2023-01-29 11:00:00,1547.502775922066,35977.50980936309,43.01305966204839
2023-01-29 12:00:00,1594.3110138347333,37574.255546232744,42.430940830565085
2023-01-29 13:00:00,1515.0278584777864,37624.54106038052,40.267012321730206
2023-01-29 14:00:00,1467.2657067435414,37408.072991967005,39.2232368413797
2023-01-29 15:00:00,1435.1020357980362,37456.802309567436,38.31352243946019
2023-01-29 16:00:00,1643.9336460486427,38085.49999826112,43.164292082910826
2023-01-29 17:00:00,1733.082990915511,40625.00000345588,42.66050438813738
2023-01-29 18:00:00,1705.2118080391756,39414.50000282032,43.26356563998423
2023-01-29 19:00:00,1662.9017851026183,37635.99999885704,44.18380766163032
2023-01-29 20:00:00,1547.6468117120771,36674.98050812196,42.19898116562975
2023-01-29 21:00:00,1555.8878837282307,36574.04832450588,42.54076196114533
2023-01-29 22:00:00,1209.8466400963055,35156.58116506695,34.41309137586051
2023-01-29 23:00:00,694.2746771771683,33577.218937984486,20.67695595812924
2023-01-30 00:00:00,783.4646159903292,33852.087288812145,23.143760953530872
2023-01-30 01:00:00,815.3202436145757,33933.35037758226,24.02710709500731
2023-01-30 02:00:00,968.3464697593398,34316.85815955377,28.217806690142858
2023-01-30 03:00:00,1257.351285910662,35170.10683157641,35.7505677174056
2023-01-30 04:00:00,1126.0404940878534,34720.848346771694,32.43124945685699
2023-01-30 05:00:00,1104.7937409524955,34285.113682882475,32.22371525937467
2023-01-30 06:00:00,1098.619014781667,34234.00365493122,32.09145578926223
2023-01-30 07:00:00,1855.155370331504,40057.4999984124,46.31231031404929
2023-01-30 08:00:00,3049.8386095046303,41172.49999979899,74.07465200120275
2023-01-30 09:00:00,4508.199159412681,42425.49999990905,106.2615445763125
2023-01-30 10:00:00,5230.831949910607,43318.499999964086,120.75284116289679
2023-01-30 11:00:00,4902.745503756305,42421.999999948246,115.57082418938961
2023-01-30 12:00:00,4262.836111058127,41894.99999990336,101.75047406773983
2023-01-30 13:00:00,4146.917076137638,40878.99999990403,101.44370156186241
2023-01-30 14:00:00,5543.210592114927,39640.99999997615,139.83528649928766
2023-01-30 15:00:00,6751.436854507425,39381.00000002445,171.4389389427194
2023-01-30 16:00:00,7563.254820355332,40133.00000005758,188.4547584368096
2023-01-30 17:00:00,9084.614573494964,42745.00000014559,212.53046142154687
2023-01-30 18:00:00,9525.080846699837,42629.50000020959,223.43871841454876
2023-01-30 19:00:00,8322.596476325925,40623.00000008797,204.87399936754798
2023-01-30 20:00:00,7030.550513312669,39563.50000002393,177.7029462334833
2023-01-30 21:00:00,4756.180190180889,36332.99999988373,130.90524289753418
2023-01-30 22:00:00,3724.0841202454617,34019.99999974482,109.46749324730735
2023-01-30 23:00:00,1528.1091641729997,31289.533214507683,48.837710479633415
2023-01-31 00:00:00,1699.463308574967,34130.85153481089,49.792584484499095
2023-01-31 01:00:00,1768.9797589721386,35516.13981686667,49.807771004777024
2023-01-31 02:00:00,1431.889445166006,35615.50606581448,40.20410218290859
2023-01-31 03:00:00,1347.6289415638212,36076.689112361135,37.35456259211094
2023-01-31 04:00:00,1332.6917825271762,36381.53730683975,36.63099146381121
2023-01-31 05:00:00,1213.161434350206,36215.15198573442,33.498725473472675
2023-01-31 06:00:00,1332.2244255168384,36506.68672314404,36.49261395919153
2023-01-31 07:00:00,1947.5233115545648,41119.49999932377,47.36252414515236
2023-01-31 08:00:00,1910.1630751989435,42476.00000037081,44.970408587961856
2023-01-31 09:00:00,2773.876213862169,43826.999999646185,63.29149186311092
2023-01-31 10:00:00,3374.6474214385007,44946.99999977535,75.08059317541476
2023-01-31 11:00:00,3121.416471601737,44957.49999971656,69.43038362056201
2023-01-31 12:00:00,3203.619436839672,43743.49999965687,73.23646797500889
2023-01-31 13:00:00,2608.644287081948,42435.99999925103,61.47243583579953
2023-01-31 14:00:00,2048.6124234804083,40860.999993780424,50.13613038819984
2023-01-31 15:00:00,2845.8815750045546,41530.49999956,68.52509782051037
2023-01-31 16:00:00,4388.437037359346,43017.49999987993,102.01515749105816
2023-01-31 17:00:00,6007.521540399181,45410.99999997872,132.29220982585707
2023-01-31 18:00:00,6056.884286708972,44977.499999995205,134.66476097403407
2023-01-31 19:00:00,5233.15155664364,43075.499999911415,121.48788886151993
2023-01-31 20:00:00,3796.4199449948865,40176.49999973331,94.49354585441957
2023-01-31 21:00:00,1691.8492277726027,36457.9999840098,46.40543168891971
2023-01-31 22:00:00,1555.2224299649515,37022.87547153061,42.00706752669352
2023-01-31 23:00:00,1309.873262073495,35631.513016663295,36.76165144772058
2023-02-01 00:00:00,1248.3159292248308,35444.66779558991,35.21872278289906
2023-02-01 01:00:00,1294.9680615345533,35758.90323884874,36.213864079804615
2023-02-01 02:00:00,1306.6869374732778,35650.70528806667,36.652484906397184
2023-02-01 03:00:00,1218.2768065782327,35373.366504506565,34.44051067129911
2023-02-01 04:00:00,1218.3226161942714,35571.15086804017,34.25030077643356
2023-02-01 05:00:00,1264.3394869946203,35841.29281415464,35.27605696453283
2023-02-01 06:00:00,1417.1616153647105,36669.676073221664,38.646690320769004
2023-02-01 07:00:00,1414.3457419110446,36749.99999492831,38.485598424659365
2023-02-01 08:00:00,1454.1451091506399,38345.49999954922,37.92218406769333
2023-02-01 09:00:00,1533.5839315982178,40335.49999969346,38.020699671750016
2023-02-01 10:00:00,1600.7502227931186,40922.9999995781,39.116150399765935
2023-02-01 11:00:00,1691.2820468156835,41386.681160197346,40.86537019649292
2023-02-01 12:00:00,1624.6674657349995,41648.0865398953,39.009414374384455
2023-02-01 13:00:00,1729.5085549627286,41262.28357200285,41.91499852267578
2023-02-01 14:00:00,1751.6972303808545,39606.224634503014,44.22782647288379
2023-02-01 15:00:00,1703.912383829475,39083.49999961765,43.596719430095675
2023-02-01 16:00:00,2044.9824593812198,39935.99999686624,51.20649187554309
2023-02-01 17:00:00,2380.2380237840407,42397.99999878573,56.14033737091869
2023-02-01 18:00:00,2598.1057463089987,41767.999999169995,62.20325958534352
2023-02-01 19:00:00,2913.8970845189237,39954.99999918948,72.9294727713186
2023-02-01 20:00:00,2004.414216784463,37422.99999973021,53.56102441810954
2023-02-01 21:00:00,1718.8587344831299,33949.499998954976,50.6298689092929
2023-02-01 22:00:00,1734.1720523062227,32134.124933105184,53.96668046558958
2023-02-01 23:00:00,1666.8362935732039,30724.085083794034,54.25177963891287
2023-02-02 00:00:00,1647.6005621542083,30742.321235864427,53.59388933299201
2023-02-02 01:00:00,1612.7988730436416,30269.62593757538,53.28109691113111
2023-02-02 02:00:00,1478.9998130392928,29675.818907657504,49.83855096438986
2023-02-02 03:00:00,1344.4990908406417,29373.63343798875,45.77231120143989
2023-02-02 04:00:00,1389.0003290640677,30075.850641714307,46.18324334732417
2023-02-02 05:00:00,1349.466438817898,30396.639968923326,44.39525027100215
2023-02-02 06:00:00,1872.5573362986431,33416.99999929642,56.03606955555762
2023-02-02 07:00:00,1830.9629942577415,37646.000000689266,48.63632243064916
2023-02-02 08:00:00,2322.2884502928423,38701.99999959522,60.00435249643768
2023-02-02 09:00:00,3747.9142099731907,39964.99999981215,93.77991267335938
2023-02-02 10:00:00,3530.842015232203,40454.99999979037,87.27826017180814
2023-02-02 11:00:00,3287.7213183152576,40812.49999972595,80.55672449218584
2023-02-02 12:00:00,2320.031230222025,39945.499999224485,58.07991464037418
2023-02-02 13:00:00,1773.4084001265246,39572.99999722952,44.81359513432592
2023-02-02 14:00:00,1993.7671642720566,39417.9999985453,50.580119852494676
2023-02-02 15:00:00,2451.540429355454,39817.999999455875,61.56864808350381
2023-02-02 16:00:00,2661.9372732917536,40081.49999963846,66.41311511085576
2023-02-02 17:00:00,3376.071653741333,42109.99999975431,80.1726823500601
2023-02-02 18:00:00,3673.8720709260465,42080.999999784864,87.30477105926258
2023-02-02 19:00:00,3016.4603270905773,40591.99999938548,74.31169509105843
2023-02-02 20:00:00,1464.612617870319,37227.073250338115,39.3426742957027
2023-02-02 21:00:00,1346.8887989770992,35864.373070333764,37.55506324718712
2023-02-02 22:00:00,1220.104745353602,35621.28654542951,34.252124605256604
2023-02-02 23:00:00,1059.3940345374606,34984.625983289014,30.281702455344178
2023-02-03 00:00:00,1200.260142517407,35459.98099385653,33.84830191322869
2023-02-03 01:00:00,1111.1416809529817,34856.47967231703,31.877621934249685
2023-02-03 02:00:00,1027.5937121559753,34334.252077970916,29.9291130566169
2023-02-03 03:00:00,1208.682862702959,34837.296915649036,34.695081700211205
2023-02-03 04:00:00,1171.140392604942,34589.31261417661,33.858446557418546
2023-02-03 05:00:00,1122.7642099158913,33747.223297958924,33.26982489797309
2023-02-03 06:00:00,1308.6403798919257,33159.89954335657,39.46454597007685
2023-02-03 07:00:00,2042.3906707508565,34575.4999993586,59.070459452176955
2023-02-03 08:00:00,2185.52558212749,36285.00000022749,60.23220565285346
2023-02-03 09:00:00,2325.3775137933176,37847.00000142569,61.44152809220601
2023-02-03 10:00:00,2338.8455156773766,38101.00000157237,61.38541024069857
2023-02-03 11:00:00,2812.2020670950046,38095.49999934837,73.8197967514039
2023-02-03 12:00:00,3042.858866876155,38228.999999455315,79.59556532787961
2023-02-03 13:00:00,2880.2466800561924,37618.499999366635,76.564633893023
2023-02-03 14:00:00,3107.2504564051324,36359.99999958934,85.45793334544078
2023-02-03 15:00:00,4423.899771498479,36097.99999983582,122.55248965368163
2023-02-03 16:00:00,5362.086849374859,37287.9999999392,143.8019429678074
2023-02-03 17:00:00,6826.408521401229,40179.000000008535,169.89991093356676
2023-02-03 18:00:00,7241.590593569004,40086.00000003959,180.65136440557433
2023-02-03 19:00:00,7055.046035709879,38219.00000001855,184.59525460390003
2023-02-03 20:00:00,6438.285373917908,35746.999999981344,180.1070124463946
2023-02-03 21:00:00,5371.1544456578495,32697.999999926065,164.26553445684732
2023-02-03 22:00:00,4137.805532565368,29607.49999980801,139.75531647698048
2023-02-03 23:00:00,3095.3584881357956,26565.999999488537,116.51579041614805
2023-02-04 00:00:00,2914.2745736582706,26215.999999210642,111.16396756736415
2023-02-04 01:00:00,2676.058670307882,25625.499999263655,104.42952021949925
2023-02-04 02:00:00,2693.7908818015285,24896.99999938692,108.19740859813881
2023-02-04 03:00:00,2571.5326316199203,24253.4999994488,106.02727984325406
2023-02-04 04:00:00,2624.6093859931357,23933.499999409385,109.66258115436122
2023-02-04 05:00:00,2821.5044067362865,23853.999999548018,118.28223387229598
2023-02-04 06:00:00,3460.541065901831,25404.499999660122,136.21764120325648
2023-02-04 07:00:00,4221.733198946764,27974.499999887204,150.91362487135734
2023-02-04 08:00:00,4979.0307186327145,30767.999999915595,161.82497135486133
2023-02-04 09:00:00,5383.671345132872,33162.4999999361,162.34214384148498
2023-02-04 10:00:00,5218.088677752225,34272.99999991125,152.25071274080872
2023-02-04 11:00:00,4790.367593881831,34617.499999895364,138.37994060507867
2023-02-04 12:00:00,4089.592624245083,35024.9999997903,116.76210204909545
2023-02-04 13:00:00,3329.5489483038464,34889.99999966113,95.42989247165906
2023-02-04 14:00:00,2828.4856239425226,34142.499999514024,82.84354174365623
2023-02-04 15:00:00,2809.4969680784507,33940.99999961527,82.77590430777812
2023-02-04 16:00:00,3252.546469508049,35058.99999974402,92.77350949918132
2023-02-04 17:00:00,4312.971401281109,37735.49999988827,114.29479936118189
2023-02-04 18:00:00,4173.813396490254,37486.99999985433,111.34028854019988
2023-02-04 19:00:00,3826.157991744799,35510.49999980805,107.74722946073642
2023-02-04 20:00:00,3285.1706465363154,33452.99999972294,98.20257216284111
2023-02-04 21:00:00,2869.688927312937,31301.999999476786,91.67749432499213
2023-02-04 22:00:00,2403.0698092838293,28837.499998672694,83.33141948485255
2023-02-04 23:00:00,1798.0233362171723,27583.349939322863,65.18509681283881
2023-02-05 00:00:00,1615.3324832250098,27890.405814491867,57.917138028363944
2023-02-05 01:00:00,1660.2541505453894,28766.83923994939,57.714166533796444
2023-02-05 02:00:00,1522.9210552967265,27655.195005847243,55.06817272395764
2023-02-05 03:00:00,1366.943895535413,27107.07903453976,50.42756151607693
2023-02-05 04:00:00,1424.548552707928,26424.252360325852,53.9106474341271
2023-02-05 05:00:00,1652.7327731475211,26726.144477411417,61.839550951480824
2023-02-05 06:00:00,1699.534074601528,25919.12987054904,65.5706454302174
2023-02-05 07:00:00,2258.330518897949,27226.49999882556,82.94604591098246
2023-02-05 08:00:00,2371.1961353751044,29792.499999567466,79.59037124811715
2023-02-05 09:00:00,2696.23229652433,32695.499999631058,82.4649354362146
2023-02-05 10:00:00,5790.489806571552,34318.99999995414,168.7254817034089
2023-02-05 11:00:00,5866.145899018168,34916.99999996422,168.00257464914452
2023-02-05 12:00:00,5909.887222693868,35681.499999951055,165.62888955626795
2023-02-05 13:00:00,5580.608932125532,35006.49999995542,159.41636359340805
2023-02-05 14:00:00,5059.395565766662,34647.99999992858,146.0227304830608
2023-02-05 15:00:00,5848.116844919882,35629.99999996651,164.1346293832551
2023-02-05 16:00:00,7760.884901967761,38047.00000004402,203.9815202764681
2023-02-05 17:00:00,9561.40155651731,40981.50000012818,233.31019012206494
2023-02-05 18:00:00,9582.294163840621,40510.5000001556,236.53853109203328
2023-02-05 19:00:00,8442.462254119766,37663.50000006593,224.1550109284848
2023-02-05 20:00:00,7429.442252697814,35378.50000001789,209.99879171513933
2023-02-05 21:00:00,6358.085137477232,32948.99999997586,192.96746904251694
2023-02-05 22:00:00,5668.127325818018,30229.499999939984,187.50317821430295
2023-02-05 23:00:00,4552.459154404042,27096.499999872965,168.0091212675211
2023-02-06 00:00:00,4286.7189370560145,27164.499999787444,157.80592085588017
2023-02-06 01:00:00,4210.552955434948,26828.999999829477,156.94036137991387
2023-02-06 02:00:00,4101.272924770301,26299.499999833868,155.9449010359972
2023-02-06 03:00:00,4092.0675975056474,25858.499999827964,158.24845205765502
2023-02-06 04:00:00,4064.7557988075123,25522.499999836917,159.26166319261378
2023-02-06 05:00:00,4772.242677090511,26208.999999900996,182.0841190853729
2023-02-06 06:00:00,6849.657106607284,31465.00000002626,217.69131119026116
2023-02-06 07:00:00,8454.913453718198,36960.000000087435,228.75848089010273
2023-02-06 08:00:00,9772.129513445176,40166.500000169486,243.29054095835937
2023-02-06 09:00:00,10214.244287846572,42573.50000022416,239.92023882914938
2023-02-06 10:00:00,9939.414812333664,42290.000000229804,235.02990806998469
2023-02-06 11:00:00,9988.82087003074,42142.00000024372,237.0276890032028
2023-02-06 12:00:00,9499.059287709346,42057.000000254084,225.86155188558286
2023-02-06 13:00:00,8953.917057795199,41224.00000017963,217.20155874626874
2023-02-06 14:00:00,8733.159407960638,40948.500000172884,213.2717781585105
2023-02-06 15:00:00,8593.459832038736,39175.50000018179,219.35801283962832
2023-02-06 16:00:00,8883.7473877128,39427.0000001873,225.32141394654926
2023-02-06 17:00:00,10287.609540268126,41862.50000028621,245.74761517343185
2023-02-06 18:00:00,10645.462328804992,42001.50000035668,253.45433683831743
2023-02-06 19:00:00,10086.489038116897,40582.00000024502,248.5458833486767
2023-02-06 20:00:00,9684.500797852486,38354.500000198925,252.49972748444793
2023-02-06 21:00:00,8647.91041700899,35579.00000013571,243.06221133185318
2023-02-06 22:00:00,7376.077933105,32243.000000067135,228.76524929720068
2023-02-06 23:00:00,6608.083536859783,30578.000000016356,216.10581257296906
2023-02-07 00:00:00,6177.228877620463,29176.999999995147,211.71569652882374
2023-02-07 01:00:00,6123.1103713718485,28785.999999974705,212.71140038133916
2023-02-07 02:00:00,6003.416665972725,28286.999999978623,212.2323564173388
2023-02-07 03:00:00,5962.389048224645,27607.999999981126,215.96598986629678
2023-02-07 04:00:00,5969.687060476087,26557.999999989588,224.77924017164048
2023-02-07 05:00:00,7180.699601126448,29028.00000003712,247.37148963474115
2023-02-07 06:00:00,8972.289812218442,33102.00000013769,271.04977983750587
2023-02-07 07:00:00,10231.380474569869,37103.000000242166,275.7561511064628
2023-02-07 08:00:00,10966.281071006993,40226.00000032191,272.6167421796658
2023-02-07 09:00:00,11302.048549394047,41709.00000039496,270.9738557454512
2023-02-07 10:00:00,11398.522512100571,42356.5000003704,269.1091688879132
2023-02-07 11:00:00,10908.715147002918,39841.00000035255,273.8062585503975
2023-02-07 12:00:00,10252.680840977879,40638.500000296845,252.2898443816329
2023-02-07 13:00:00,9710.535591990536,39381.000000223015,246.57920296426056
2023-02-07 14:00:00,9252.265289041612,37966.5000001833,243.69550232433704
2023-02-07 15:00:00,9500.877786138717,38160.50000019813,248.97152254528604
2023-02-07 16:00:00,10452.848611989866,39484.500000291155,264.73296133705094
2023-02-07 17:00:00,11781.594672255513,41978.500000465196,280.6578289392178
2023-02-07 18:00:00,12109.81413070215,42477.500000627064,285.0877318703639
2023-02-07 19:00:00,11299.203879520774,41723.50000037566,270.8115062115844
2023-02-07 20:00:00,10130.970977319577,39013.0000002351,259.6819259543877
2023-02-07 21:00:00,9255.486814893979,35894.000000170185,257.856098926007
2023-02-07 22:00:00,8517.28185668018,32704.500000119882,260.4314958690382
2023-02-07 23:00:00,7029.64612780974,29661.00000001919,236.99963345150846
2023-02-08 00:00:00,6339.952647058971,29382.499999989413,215.77308421888046
2023-02-08 01:00:00,6008.73828465652,29334.49999997875,204.83520375874386
2023-02-08 02:00:00,5463.997666442889,28792.499999961816,189.77156087349607
2023-02-08 03:00:00,5216.386936621793,29031.49999994892,179.68024169026648
2023-02-08 04:00:00,5157.48582421948,29799.499999939293,173.07289800936212
2023-02-08 05:00:00,5514.442359038628,31360.499999963813,175.8403838919976
2023-02-08 06:00:00,6761.791725842069,34946.500000037,193.4898123083831
2023-02-08 07:00:00,8315.173580201525,39547.0000000974,210.26054012140096
2023-02-08 08:00:00,8661.220217891572,41475.50000012043,208.82738527242404
2023-02-08 09:00:00,8398.180992201582,42991.000000121145,195.34742137140137
2023-02-08 10:00:00,7845.994252362362,43159.000000097236,181.792772129676
2023-02-08 11:00:00,6511.657153190929,42556.50000003213,153.01204641326268
2023-02-08 12:00:00,5282.9675171483295,41622.999999972795,126.9242370120314
2023-02-08 13:00:00,4703.094517741714,41072.499999926586,114.50714024590957
2023-02-08 14:00:00,4505.523174293248,40922.99999990891,110.0975777509781
2023-02-08 15:00:00,5038.455699803168,42071.99999996957,119.75793163640454
2023-02-08 16:00:00,5861.831471184662,43543.50000001568,134.62012633762907
2023-02-08 17:00:00,6906.089829100074,45350.50000005398,152.2825509992581
2023-02-08 18:00:00,7128.912329133535,45331.50000008625,157.26177887605687
2023-02-08 19:00:00,6068.416878292582,42640.00000000451,142.3174690030943
2023-02-08 20:00:00,5077.188172258922,40118.49999993559,126.55478575388096
2023-02-08 21:00:00,3977.281415311174,36195.99999982835,109.88179399187851
2023-02-08 22:00:00,3208.955747208008,33208.99999968877,96.62909895624925
2023-02-08 23:00:00,1402.6556897304033,29609.499866822036,47.37181296676016
2023-02-09 00:00:00,1401.6607379140414,29103.554783453983,48.161152420834746
2023-02-09 01:00:00,1403.8847020863027,29296.598026109976,47.91971753290672
2023-02-09 02:00:00,1407.6989971819164,28796.95822925229,48.88360034331539
2023-02-09 03:00:00,1543.5757458844485,27894.499998982465,55.33620412413755
2023-02-09 04:00:00,1780.2286173455627,27611.49999960428,64.4741726226781
2023-02-09 05:00:00,2753.411127961256,29486.499999597825,93.37870306746514
2023-02-09 06:00:00,5215.733866727453,34945.999999941065,149.25124096423764
2023-02-09 07:00:00,6346.819341894479,37877.49999999979,167.56172772475784
2023-02-09 08:00:00,6991.931549859588,39584.500000033666,176.63306470597433
2023-02-09 09:00:00,6819.947680332482,40735.50000003077,167.42025212228475
2023-02-09 10:00:00,6875.295460945191,41762.500000049535,164.6284456375226
2023-02-09 11:00:00,6934.916704354148,42381.50000005846,163.63075172763072
2023-02-09 12:00:00,6250.485839281638,42054.50000002637,148.62822859094078
2023-02-09 13:00:00,5894.029232752062,41738.00000000194,141.2149416060134
2023-02-09 14:00:00,5238.956001723053,39553.99999997215,132.45072563398753
2023-02-09 15:00:00,5317.494049919514,38966.99999997645,136.46146867664248
2023-02-09 16:00:00,6530.1728772484785,39414.00000004285,165.68155673723498
2023-02-09 17:00:00,8169.379358326572,41399.5000001126,197.33038704101142
2023-02-09 18:00:00,8694.422323699331,41640.00000015347,208.79976761929123
2023-02-09 19:00:00,8146.201451541465,40253.0000000824,202.37501432252972
2023-02-09 20:00:00,7947.573989962927,38205.000000069296,208.02444679880935
2023-02-09 21:00:00,7364.408365867156,35605.50000003874,206.83344892949526
2023-02-09 22:00:00,6262.246162100228,32889.4999999947,190.4025954210686
2023-02-09 23:00:00,4689.156203007962,29118.499999901785,161.03701093888003
2023-02-10 00:00:00,3816.7295784618814,28716.999999794934,132.90836711666037
2023-02-10 01:00:00,3895.1406989564207,29774.499999798318,130.8213638846263
2023-02-10 02:00:00,4018.279119378709,29993.999999822863,133.9694311996546
2023-02-10 03:00:00,3786.0341483515203,29380.999999805415,128.85994855098855
2023-02-10 04:00:00,3963.37706841621,30420.99999983366,130.28424668610108
2023-02-10 05:00:00,3840.9518417894474,30861.499999829357,124.4577172791564
2023-02-10 06:00:00,5117.339755714392,34702.999999955566,147.4610193850948
2023-02-10 07:00:00,6119.641543917198,38020.9999999798,160.9542501228387
2023-02-10 08:00:00,6230.153080822794,40250.000000005304,154.78641194588755
2023-02-10 09:00:00,6027.979196881233,42090.99999998865,143.21301933626808
2023-02-10 10:00:00,5711.568496835523,42210.49999998505,135.31155747592533
2023-02-10 11:00:00,4879.666471083711,41687.99999994489,117.05206464906357
2023-02-10 12:00:00,4249.3956003317135,41431.99999988588,102.56312995615511
2023-02-10 13:00:00,3827.6940584859944,40253.999999828826,95.08853923839298
2023-02-10 14:00:00,3552.85702229139,39246.99999978376,90.5255694017623
2023-02-10 15:00:00,3993.39788465294,39232.99999984424,101.78670722781317
2023-02-10 16:00:00,4778.889012689278,40553.49999991501,117.84159228424905
2023-02-10 17:00:00,5523.630124533374,41866.499999975014,131.9343657706441
2023-02-10 18:00:00,5302.723805662604,41501.99999997262,127.77031963920058
2023-02-10 19:00:00,4719.2254161242645,39709.99999990588,118.84224165538781
2023-02-10 20:00:00,4108.97985457213,37293.999999841006,110.17804082666507
2023-02-10 21:00:00,3405.2438407532827,34565.999999722626,98.51425796391275
2023-02-10 22:00:00,3063.4449450486245,32461.999999499854,94.3701849884734
2023-02-10 23:00:00,1440.0637945276242,28547.019483507353,50.445329165085035
2023-02-11 00:00:00,1552.9596711401384,29065.971812691918,53.428788865130066
2023-02-11 01:00:00,1464.7415313005965,28670.98464072367,51.08793958963336
2023-02-11 02:00:00,1445.3955192030958,28478.350089950993,50.75418746653884
2023-02-11 03:00:00,1254.2156113293527,27811.954158983095,45.09627781492113
2023-02-11 04:00:00,1313.715799605671,26785.559718266875,49.04567287088497
2023-02-11 05:00:00,1426.9118936400564,25617.57693856113,55.7005019273381
2023-02-11 06:00:00,2160.074305481796,26031.499998602492,82.97924843354244
2023-02-11 07:00:00,2204.1195559303414,29667.499998904856,74.29407789708281
2023-02-11 08:00:00,4237.429178594979,31259.499999907486,135.55652453198292
2023-02-11 09:00:00,5888.754720759947,33535.99999996882,175.59502387778574
2023-02-11 10:00:00,5806.4872477258095,33986.99999995653,170.84435954139042
2023-02-11 11:00:00,5653.345150879899,34098.49999996524,165.79454084155202
2023-02-11 12:00:00,5787.872096513853,34378.4999999613,168.35731915355146
2023-02-11 13:00:00,6111.104738312716,34374.99999998301,177.77759238736687
2023-02-11 14:00:00,6426.757168713917,33452.999999984546,192.11302928636854
2023-02-11 15:00:00,6852.178133613667,32903.00000000717,208.25390188165744
2023-02-11 16:00:00,7963.166631560219,34087.50000005592,233.60958215026488
2023-02-11 17:00:00,9424.031331275746,36174.00000013606,260.5194706485404
2023-02-11 18:00:00,9601.641364880823,36359.50000017597,264.0751760842243
2023-02-11 19:00:00,9076.501185598589,34868.50000012369,260.30661443900345
2023-02-11 20:00:00,8117.165931027545,33055.500000069085,245.56173499147133
2023-02-11 21:00:00,7692.531340116942,30848.000000043572,249.36888420987023
2023-02-11 22:00:00,7006.271808198009,28478.500000005006,246.01969233621074
2023-02-11 23:00:00,5565.383864447371,26156.99999995442,212.76843156543447
2023-02-12 00:00:00,5448.734401697895,25653.999999926327,212.3931707224426
2023-02-12 01:00:00,5299.361147675303,25599.49999993223,207.01033800227864
2023-02-12 02:00:00,5289.76373355676,25150.999999941938,210.320215242693
2023-02-12 03:00:00,5241.693611997995,24590.499999942185,213.15929371140555
2023-02-12 04:00:00,5023.267542894976,24081.49999993003,208.5944622598082
2023-02-12 05:00:00,5062.816220990056,23697.99999993276,213.63896619986585
2023-02-12 06:00:00,5149.926969140906,23765.999999912885,216.69304759571585
2023-02-12 07:00:00,5868.68214839612,25415.49999998174,230.90956890088083
2023-02-12 08:00:00,6804.662981926724,28053.500000006345,242.56021465860533
2023-02-12 09:00:00,7201.2344510667135,30996.00000002715,232.3278633068914
2023-02-12 10:00:00,7533.777161697632,32530.500000033473,231.59118862882158
2023-02-12 11:00:00,7481.236540013057,33578.50000003423,222.79841386617716
2023-02-12 12:00:00,7470.13869537516,34437.500000036154,216.91872799614714
2023-02-12 13:00:00,7589.089193446692,34315.000000057036,221.15952771190666
2023-02-12 14:00:00,7644.345253975233,33796.500000050786,226.18748254889547
2023-02-12 15:00:00,8089.4614687219255,34294.50000006963,235.8821813616032
2023-02-12 16:00:00,9116.859041446553,35945.50000011211,253.63005220175316
2023-02-12 17:00:00,10183.466820327827,37972.000000207714,268.18357790667125
2023-02-12 18:00:00,10189.300317971534,37896.00000023247,268.8753514331072
2023-02-12 19:00:00,9375.805074674794,35890.00000013738,261.2372547962916
2023-02-12 20:00:00,8614.461417566932,33810.50000010523,254.7865727374668
2023-02-12 21:00:00,7540.905104057086,31355.500000052423,240.4970453044754
2023-02-12 22:00:00,7046.223228587353,28867.000000017477,244.09267428493044
2023-02-12 23:00:00,6318.72087300125,26825.499999988566,235.54904374583674
2023-02-13 00:00:00,6100.8906492283395,26709.99999997962,228.4122294733431
2023-02-13 01:00:00,5962.968432016946,26415.999999973534,225.73320835943824
2023-02-13 02:00:00,5911.341369158688,25734.999999973883,229.7004612070988
2023-02-13 03:00:00,5965.378232326138,25127.99999997561,237.39964312050014
2023-02-13 04:00:00,6204.558978092126,25455.99999998657,243.73660347640634
2023-02-13 05:00:00,7389.454725703349,28217.00000003436,261.8795309811231
2023-02-13 06:00:00,8573.436839951617,30971.500000122738,276.81697172941705
2023-02-13 07:00:00,9470.238562792121,33637.50000017432,281.53812152339043
2023-02-13 08:00:00,10468.323097105707,36982.00000025396,283.0653587430053
2023-02-13 09:00:00,10499.406561177922,38946.50000025703,269.5853686751988
2023-02-13 10:00:00,10304.996292340214,39634.50000023702,260.0006633684943
2023-02-13 11:00:00,10183.066448822183,39613.00000022736,257.06375302965535
2023-02-13 12:00:00,9978.263793171862,39748.50000024141,251.0349772472234
2023-02-13 13:00:00,9808.536147424862,38779.00000020762,252.93422077341725
2023-02-13 14:00:00,9388.31024368588,37304.50000018756,251.66696360060254
2023-02-13 15:00:00,9552.24689806895,37006.00000020817,258.1269766528459
2023-02-13 16:00:00,9844.644492944193,37393.50000022906,263.27154432946605
2023-02-13 17:00:00,10824.46417410888,39313.50000032997,275.33707693331877
2023-02-13 18:00:00,11503.842151771418,40667.50000043227,282.8755677543281
2023-02-13 19:00:00,10881.864611874518,39799.50000031769,273.4171186016823
2023-02-13 20:00:00,10196.06078885468,37317.500000226464,273.224647653053
2023-02-13 21:00:00,9011.3888067168,34572.00000013043,260.6556984462225
2023-02-13 22:00:00,8189.831854666952,32220.000000078075,254.184725470115
2023-02-13 23:00:00,6500.274657316657,28008.50000000504,232.0822128038091
2023-02-14 00:00:00,6284.88772992449,27679.49999998588,227.05929405978054
2023-02-14 01:00:00,6326.4762423435495,27505.499999984302,230.00768000389596
2023-02-14 02:00:00,6315.833693834013,27417.99999997915,230.35355218611187
2023-02-14 03:00:00,6429.929068934499,27011.49999999346,238.04413190441315
2023-02-14 04:00:00,6478.562436006756,26979.499999998756,240.12907711436662
2023-02-14 05:00:00,7035.498625207882,28424.500000028234,247.51529930872638
2023-02-14 06:00:00,8653.899393138867,32802.000000132706,263.8223094050319
2023-02-14 07:00:00,9586.927582010847,35673.00000016745,268.74464110015543
2023-02-14 08:00:00,9678.807676259416,38192.0000001751,253.42500199557605
2023-02-14 09:00:00,9598.84281254127,39889.00000017236,240.63884310210318
2023-02-14 10:00:00,9226.722983068856,39836.000000154585,231.61770717524476
2023-02-14 11:00:00,8832.417357349366,40247.50000013532,219.45257114900727
2023-02-14 12:00:00,8318.471139369633,39783.50000011556,209.09349703634598
2023-02-14 13:00:00,8148.617447714977,39160.0000001044,208.0852259370085
2023-02-14 14:00:00,8131.9182776384605,38531.00000009997,211.0487212275145
2023-02-14 15:00:00,8091.896684395355,37622.50000009749,215.0813126287298
2023-02-14 16:00:00,7990.358438763655,37636.50000009658,212.30344050969538
2023-02-14 17:00:00,9286.021314398999,40432.00000015475,229.6700958241852
2023-02-14 18:00:00,9487.13775496172,41624.500000184045,227.92196314477704
2023-02-14 19:00:00,8398.799696111222,40122.00000008112,209.33153123209814
2023-02-14 20:00:00,7430.875685234039,37577.00000003364,197.75063696482923
2023-02-14 21:00:00,6378.973438560284,34286.99999998544,186.04641521751662
2023-02-14 22:00:00,4955.294076738161,31260.999999915508,158.51361366403998
2023-02-14 23:00:00,3122.5282672074277,27940.499999666677,111.75634892878361
2023-02-15 00:00:00,2722.7838183367826,27541.499999338637,98.86113023626766
2023-02-15 01:00:00,2861.0839423032016,28175.999999420837,101.54329721614182
2023-02-15 02:00:00,2588.7032949294976,27540.499999095442,93.99623445523947
2023-02-15 03:00:00,2226.1390538725846,26833.999998687446,82.95964276594893
2023-02-15 04:00:00,2290.351847672687,26580.499999081247,86.1666201821581
2023-02-15 05:00:00,2990.804260325978,28563.99999962345,104.70537250964166
2023-02-15 06:00:00,3890.5981901955215,31652.499999855674,122.91598421019704
2023-02-15 07:00:00,4685.33848239104,34831.999999926666,134.51247365643388
2023-02-15 08:00:00,5321.936195397126,38223.999999941334,139.23022696225652
2023-02-15 09:00:00,5115.68676180504,39882.49999993809,128.26895911271816
2023-02-15 10:00:00,5751.897666297232,39826.49999997529,144.42388023805256
2023-02-15 11:00:00,5404.253749439102,39380.49999995831,137.23171999961463
2023-02-15 12:00:00,5311.251212701657,39751.499999940504,133.611340772288
2023-02-15 13:00:00,5008.888008037515,39137.99999993259,127.9801729277465
2023-02-15 14:00:00,4637.335212276206,38233.499999909305,121.2898429986061
2023-02-15 15:00:00,4763.662970070149,37531.49999993673,126.92439604274222
2023-02-15 16:00:00,4984.142556271721,37966.99999994628,131.2756487549391
2023-02-15 17:00:00,6003.079737443856,40472.99999999602,148.3230730967422
2023-02-15 18:00:00,6519.330254156612,41053.00000001771,158.80277334552406
2023-02-15 19:00:00,5780.353623828362,38919.499999958076,148.5207575594391
2023-02-15 20:00:00,5220.8011991164085,36175.9999999227,144.31670718508306
2023-02-15 21:00:00,4329.813844234111,32676.499999854284,132.50543492275546
2023-02-15 22:00:00,3731.5575530064775,29510.499999782776,126.44846929174174
2023-02-15 23:00:00,2048.230340348308,26339.999999577365,77.76121261887518
2023-02-16 00:00:00,2331.8608469211954,26382.999996335107,88.384976964148
2023-02-16 01:00:00,2942.2632693192204,26406.499999380674,111.4219328342729
2023-02-16 02:00:00,3272.60002203158,25910.999999656917,126.30157161340402
2023-02-16 03:00:00,3451.2321475199565,25476.99999972966,135.46462093482663
2023-02-16 04:00:00,4018.295541653438,24977.499999869193,160.87661061653412
2023-02-16 05:00:00,4785.927276848966,25034.499999922184,191.17327195924994
2023-02-16 06:00:00,6400.260117280323,29308.999999998665,218.37183517965863
2023-02-16 07:00:00,7735.203605631559,33353.000000062,231.9192757957959
2023-02-16 08:00:00,8347.342874888624,37063.000000091255,225.22037813636433
2023-02-16 09:00:00,8477.718299719934,38691.50000010708,219.1106134343841
2023-02-16 10:00:00,8472.445673141749,38879.50000010432,217.91549976514654
2023-02-16 11:00:00,8484.531460704717,39776.50000010836,213.305128924908
2023-02-16 12:00:00,7967.14754998103,39742.00000008222,200.47173141675177
2023-02-16 13:00:00,6831.022296702245,38499.000000021624,177.433759232666
2023-02-16 14:00:00,6359.063020217687,37936.99999999905,167.62166276241788
2023-02-16 15:00:00,6475.171817451046,37226.500000003114,173.9398497696669
2023-02-16 16:00:00,6568.629626952639,37629.50000000138,174.56064063972144
2023-02-16 17:00:00,7108.625037079289,39779.000000029984,178.7029597796307
2023-02-16 18:00:00,7084.361594589014,40015.00000003719,177.04264887123406
2023-02-16 19:00:00,5156.253573855698,38257.499999902175,134.77758802506392
2023-02-16 20:00:00,3481.0903698046955,35737.99999952939,97.40585286950964
2023-02-16 21:00:00,2503.69382844174,33071.99999332569,75.70433686946706
2023-02-16 22:00:00,1721.0596188126601,30604.816674457696,56.23492658425331
2023-02-16 23:00:00,1485.3965725875858,32118.0934031942,46.24796851857528
2023-02-17 00:00:00,1464.8817994291408,33708.14167614851,43.457803562801395
2023-02-17 01:00:00,1362.548816242583,33598.56490163939,40.553780205537876
2023-02-17 02:00:00,1443.5472375659913,34086.49507825268,42.34953562259853
2023-02-17 03:00:00,1433.2116536580857,34086.38582718718,42.046453998504035
2023-02-17 04:00:00,1425.5096791504761,34074.03754700245,41.83565499639125
2023-02-17 05:00:00,1483.691585303642,34385.23406843178,43.14909075072378
2023-02-17 06:00:00,1591.151515317768,32564.024151793634,48.86225080477736
2023-02-17 07:00:00,1886.1297197314602,34202.508326742915,55.14594724202426
2023-02-17 08:00:00,1889.0609395943218,36643.50847128455,51.552403642644435
2023-02-17 09:00:00,1787.614245099262,38553.81463660219,46.366728219991444
2023-02-17 10:00:00,1733.7218227771486,38632.81560999003,44.8769212236456
2023-02-17 11:00:00,1812.0291701970473,39053.84751591297,46.398224130380854
2023-02-17 12:00:00,1844.6669370528846,39808.74355219967,46.338235584703746
2023-02-17 13:00:00,1795.2988497237784,39417.611773871955,45.54560179908707
2023-02-17 14:00:00,1816.3990306230257,37735.24859502065,48.1353402522094
2023-02-17 15:00:00,1742.4279321550239,35251.4186191611,49.42859040594519
2023-02-17 16:00:00,2181.9266691537537,35300.4999960265,61.81007831048728
2023-02-17 17:00:00,3892.4133792512466,37868.499999869484,102.78763033298551
2023-02-17 18:00:00,5264.337880417236,38033.499999975276,138.4131852293546
2023-02-17 19:00:00,6032.785776496552,36196.999999977415,166.66535283311646
2023-02-17 20:00:00,5718.605306936427,33798.999999957516,169.19451187738144
2023-02-17 21:00:00,4837.842998323095,31448.499999907228,153.83382349992422
2023-02-17 22:00:00,3480.770746033447,28567.99999962797,121.84159710440967
2023-02-17 23:00:00,2581.873042757551,25669.499994868314,100.58135309506234
2023-02-18 00:00:00,2049.5035811821576,25424.499995842874,80.6113623283553
2023-02-18 01:00:00,2473.8545794250367,25460.99999727883,97.16250656649122
2023-02-18 02:00:00,2269.455866967855,26759.999995291786,84.80776783883213
2023-02-18 03:00:00,1431.6776713571678,27517.334518616997,52.02821044998231
2023-02-18 04:00:00,1386.4410532703178,28072.504131737725,49.38786532060242
2023-02-18 05:00:00,1377.0778961191036,28285.596705583896,48.68477446145773
2023-02-18 06:00:00,1513.4973580301444,28772.03797855319,52.603064098494244
2023-02-18 07:00:00,1570.8714667109427,29217.177749442333,53.7653390133113
2023-02-18 08:00:00,1787.5115195234844,30351.49178525591,58.893695643382465
2023-02-18 09:00:00,2362.995416830767,31460.49999694844,75.1099129721387
2023-02-18 10:00:00,2381.679872122606,32281.499999295407,73.77847597461671
2023-02-18 11:00:00,2366.9683294534593,32934.49999933959,71.86896201554364
2023-02-18 12:00:00,2333.03987076636,33055.499999347216,70.57947605731067
2023-02-18 13:00:00,2541.105490321061,32421.499999171036,78.37717225871822
2023-02-18 14:00:00,3481.845757966796,31929.99999963058,109.0462185407792
2023-02-18 15:00:00,3620.560089487467,31238.999999713906,115.89871921382326
2023-02-18 16:00:00,4522.55023065645,32279.49999990073,140.1059567425257
2023-02-18 17:00:00,5921.5673887047715,34931.00000001694,169.52183987580946
2023-02-18 18:00:00,5923.608054216212,35313.49999996905,167.7434424291391
2023-02-18 19:00:00,4955.866262301491,33791.99999996239,146.65797414497533
2023-02-18 20:00:00,3890.0310528132454,32160.99999981725,120.95491598007992
2023-02-18 21:00:00,2616.558413581671,29822.99999857926,87.73625771070387
2023-02-18 22:00:00,1827.8595615532126,27830.511683972043,65.67825925406542
2023-02-18 23:00:00,1793.776385019616,27292.0939985423,65.72512849748442
2023-02-19 00:00:00,1813.209189989254,27172.48445397208,66.72960630672837
2023-02-19 01:00:00,1823.1267490884952,26747.89381452351,68.15963760475891
2023-02-19 02:00:00,1743.4304752715564,26020.89471380476,67.00117326659876
2023-02-19 03:00:00,1690.2384164864247,25259.954080336534,66.91375649816328
2023-02-19 04:00:00,1742.8261757251655,24911.407478024154,69.96096777199831
2023-02-19 05:00:00,1783.3704922233314,23674.3420971243,75.32925244161086
2023-02-19 06:00:00,2269.462551701014,22722.999977152394,99.87512889948165
2023-02-19 07:00:00,2317.3631055180504,24354.99999928623,95.14937818049539
2023-02-19 08:00:00,2384.131479743866,27450.4999999554,86.85202381551301
2023-02-19 09:00:00,3623.2145261188093,30480.99999981437,118.86796778783095
2023-02-19 10:00:00,4766.151945592176,32292.99999985574,147.59086940245464
2023-02-19 11:00:00,3664.3084557551206,32969.999999689724,111.14068716377328
2023-02-19 12:00:00,2510.44485991798,33101.49999818315,75.84081869570176
2023-02-19 13:00:00,2153.1415227262833,32393.49999870448,66.46831996580778
2023-02-19 14:00:00,1542.9031880402101,31793.99999884409,48.52812442902133
2023-02-19 15:00:00,1821.6828961012604,31907.999999396092,57.09172922576591
2023-02-19 16:00:00,2525.089328025071,33353.99999904105,75.7057422827148
2023-02-19 17:00:00,3341.6440064179096,35680.49999956014,93.65462946032439
2023-02-19 18:00:00,3342.7298377551547,36886.4999995825,90.62203889750965
2023-02-19 19:00:00,2157.3041530145642,34958.99999692662,61.70954984994483
2023-02-19 20:00:00,1358.1008365737753,32771.47806561331,41.44154968703755
2023-02-19 21:00:00,1364.5326026563662,32638.748132604655,41.80713663136053
2023-02-19 22:00:00,1158.6389735563505,32398.33804449362,35.76229657105116
2023-02-19 23:00:00,1182.1533045198094,32377.99045367643,36.5110152901901
2023-02-20 00:00:00,1201.0287057524565,32515.41256118301,36.93721257549868
2023-02-20 01:00:00,1172.6941830473909,32526.475653806072,36.05352745649124
2023-02-20 02:00:00,1048.0083303770334,32232.17881459732,32.51434960091532
2023-02-20 03:00:00,1232.3263443206606,32930.36394296855,37.42219024529769
2023-02-20 04:00:00,1148.6940004342048,32795.923878274836,35.02551124028982
2023-02-20 05:00:00,1187.456940576807,32706.095449759257,36.3069001128824
2023-02-20 06:00:00,1434.027899950638,33778.227491139,42.45420812346725
2023-02-20 07:00:00,1578.778510103571,34475.99998891582,45.79355234398292
2023-02-20 08:00:00,1623.5708990341925,36208.99999963627,44.83887704853771
2023-02-20 09:00:00,2121.2846309632546,37857.499999676824,56.033405031535715
2023-02-20 10:00:00,2089.057990165085,38306.50000013647,54.53533969842305
2023-02-20 11:00:00,2127.0675264182046,38505.99999969447,55.23989836480243
2023-02-20 12:00:00,2106.3498066752604,38384.49999967381,54.87500961828759
2023-02-20 13:00:00,2098.007297512928,37557.99999960623,55.86046375033079
2023-02-20 14:00:00,1995.2669927826812,36671.99999968083,54.4084585732997
2023-02-20 15:00:00,2041.2862554737774,36400.000000293825,56.079292732343404
2023-02-20 16:00:00,2078.1323628298865,37315.99999928087,55.69011584494412
2023-02-20 17:00:00,4274.228844646019,39457.999999883185,108.32350460384897
2023-02-20 18:00:00,5486.918558188976,40205.49999994432,136.4718398775435
2023-02-20 19:00:00,5331.539956767978,38678.999999927706,137.84068762837566
2023-02-20 20:00:00,5072.598234735059,35704.99999992079,142.06968869195666
2023-02-20 21:00:00,4830.640676109635,32397.499999905573,149.10535307118496
2023-02-20 22:00:00,4595.053759434873,29584.499999872092,155.3196356015731
2023-02-20 23:00:00,4018.2750242587385,26957.999999810385,149.05686713728772
2023-02-21 00:00:00,4017.08434873304,26335.49999978459,152.5349565706327
2023-02-21 01:00:00,3844.7606445182455,26165.499999783715,146.94007928570167
2023-02-21 02:00:00,3457.17388068752,25331.499999722917,136.47726667293037
2023-02-21 03:00:00,3578.3934992970353,24688.999999761196,144.93877837626664
2023-02-21 04:00:00,3972.4566970706364,24112.99999981627,164.74336238132562
2023-02-21 05:00:00,5161.555792358736,24750.999999915366,208.53928295326997
2023-02-21 06:00:00,7161.7887415553705,29040.000000009048,246.6180696127114
2023-02-21 07:00:00,8261.466703268918,32768.50000005548,252.11610855714878
2023-02-21 08:00:00,8908.339497715113,35530.50000010311,250.72373025117184
2023-02-21 09:00:00,8860.350730997583,36904.00000012551,240.09187976824867
2023-02-21 10:00:00,8711.02076802611,37287.500000093336,233.61772089853986
2023-02-21 11:00:00,8264.53588768879,37806.00000009631,218.60381652826894
2023-02-21 12:00:00,7956.3476044978,38431.00000010077,207.02941907514602
2023-02-21 13:00:00,7983.89954616505,38382.000000076485,208.01155609788808
2023-02-21 14:00:00,7748.677575747657,37597.50000007481,206.0955535802178
2023-02-21 15:00:00,7887.062361453829,36858.000000083,213.98508767258312
2023-02-21 16:00:00,8069.194085169705,37002.00000009551,218.07453881273653
2023-02-21 17:00:00,9470.432061731308,39196.500000167725,241.61422733383804
2023-02-21 18:00:00,9930.536915736946,39886.00000023916,248.9729959303365
2023-02-21 19:00:00,9225.782809302773,38556.50000014231,239.2795717782662
2023-02-21 20:00:00,8549.357419103571,36226.00000010379,236.00059126260356
2023-02-21 21:00:00,8126.254526280194,33642.50000008957,241.5472847219606
2023-02-21 22:00:00,7631.705778222118,31617.000000052652,241.379820293178
2023-02-21 23:00:00,5914.640340825033,27656.499999978238,213.86076838463606
2023-02-22 00:00:00,5497.430010989595,26890.499999956344,204.43762708014057
2023-02-22 01:00:00,5525.038838898695,27215.499999953434,203.010741632825
2023-02-22 02:00:00,5467.979748817491,26445.999999949807,206.76018107947777
2023-02-22 03:00:00,5400.276678829231,26052.99999996113,207.28041603029547
2023-02-22 04:00:00,5737.913235846972,25982.99999996944,220.83336165391682
2023-02-22 05:00:00,5771.873786253725,27153.499999968022,212.5646338873634
2023-02-22 06:00:00,6605.2649500166945,29489.000000020966,223.9908084374512
2023-02-22 07:00:00,7787.1835216701875,33693.00000007079,231.12170247985713
2023-02-22 08:00:00,8272.424719011968,36467.500000079475,226.84375729057214
2023-02-22 09:00:00,8613.58097262868,38061.00000011226,226.3098965503606
2023-02-22 10:00:00,9049.312529497553,38508.00000013932,234.9982478826429
2023-02-22 11:00:00,8870.047902323804,38227.00000012196,232.03620222082571
2023-02-22 12:00:00,8543.102731397772,38490.00000012052,221.95642326243237
2023-02-22 13:00:00,7841.619980271617,37689.00000009232,208.0612375030489
2023-02-22 14:00:00,8417.285423403508,37475.00000013002,224.61068508003478
2023-02-22 15:00:00,8694.368429325212,37912.50000016166,229.32722530268748
2023-02-22 16:00:00,9104.793565578088,38351.00000018322,237.40694025017834
2023-02-22 17:00:00,10123.048411187941,40046.50000024544,252.7823507953479
2023-02-22 18:00:00,10550.375741452066,40752.00000030093,258.89221980207486
2023-02-22 19:00:00,9115.40380139241,38837.5000001594,234.70624528754416
2023-02-22 20:00:00,8048.838773234746,36654.50000009542,219.58664756615954
2023-02-22 21:00:00,6521.029487937522,33440.00000002437,195.00686267741537
2023-02-22 22:00:00,5713.58136239263,30030.999999979875,190.25611409531678
2023-02-22 23:00:00,3647.4486835006064,26884.999999799627,135.66853946541903
2023-02-23 00:00:00,3249.1819422523045,26973.49999967933,120.45829952697765
2023-02-23 01:00:00,3134.734154455346,27132.49999965063,115.53429114514734
2023-02-23 02:00:00,2896.4715684499715,26300.499999617357,110.12990507755032
2023-02-23 03:00:00,2863.142713997666,25678.499999634405,111.4996091686987
2023-02-23 04:00:00,2913.6177565770113,24834.9999997189,117.31901576847149
2023-02-23 05:00:00,4222.275888385525,27204.4999998903,155.2050538845614
2023-02-23 06:00:00,5984.743717152193,31375.500000012536,190.74576396072737
2023-02-23 07:00:00,7590.2349183696415,35483.0000000687,213.91187099047278
2023-02-23 08:00:00,7866.727614372081,38089.00000009031,206.535420051811
2023-02-23 09:00:00,7891.83729741038,39815.00000009806,198.21266601509342
2023-02-23 10:00:00,8516.953691069328,39788.000000137596,214.05835153915436
2023-02-23 11:00:00,8670.625108618766,39085.000000143606,221.84022281148543
2023-02-23 12:00:00,8708.393417928057,39794.50000016177,218.83409561353093
2023-02-23 13:00:00,8291.668184624796,39127.50000011982,211.91408049579974
2023-02-23 14:00:00,7643.055777883655,38723.00000007841,197.37767677783688
2023-02-23 15:00:00,7513.451693756981,38396.50000006967,195.6806399995663
2023-02-23 16:00:00,7339.115826612784,39219.00000007863,187.13164095459013
2023-02-23 17:00:00,8298.627244075575,41234.000000103726,201.25690556469658
2023-02-23 18:00:00,8932.893022870097,42137.50000015796,211.99390146156298
2023-02-23 19:00:00,8350.079555047969,40473.000000093605,206.31234539146237
2023-02-23 20:00:00,7562.6460406541,38226.50000003918,197.83778375332162
2023-02-23 21:00:00,6068.409664263671,34958.99999997163,173.58647742408522
2023-02-23 22:00:00,4560.889558475633,31617.499999894346,144.25206162697475
2023-02-23 23:00:00,2676.3416477368132,28835.999999012696,92.81251379624244
2023-02-24 00:00:00,1817.8355097154433,28063.99999943868,64.77464045580825
2023-02-24 01:00:00,1535.0939373922909,28052.573078389323,54.72203683785681
2023-02-24 02:00:00,1591.2319676367126,28529.295640101056,55.77536815875894
2023-02-24 03:00:00,1438.67872226781,27847.661791915347,51.6624603177809
2023-02-24 04:00:00,1442.0963214340595,26814.5664485765,53.7803333199376
2023-02-24 05:00:00,1884.3795988406234,27722.000000538403,67.97415766553733
2023-02-24 06:00:00,4298.666413576666,31938.49999986429,134.5919944141062
2023-02-24 07:00:00,5726.142814824285,35151.499999964,162.89896063696142
2023-02-24 08:00:00,6513.446364046801,37684.49999999892,172.84152274932632
2023-02-24 09:00:00,6713.455209990892,39221.50000001297,171.16773223840678
2023-02-24 10:00:00,7281.410338796611,39713.500000041204,183.34849204399148
2023-02-24 11:00:00,6670.429560622591,39711.00000002059,167.97435372111335
2023-02-24 12:00:00,6309.243737080935,39383.999999995554,160.1981448578521
2023-02-24 13:00:00,6065.314466739768,38444.49999997962,157.768067389171
2023-02-24 14:00:00,5588.218402237101,37866.49999995105,147.5768397460638
2023-02-24 15:00:00,5343.459555320526,36566.999999939035,146.1279173935361
2023-02-24 16:00:00,5840.3523623884785,37197.49999997516,157.00927111747777
2023-02-24 17:00:00,6347.904226025309,38625.500000005595,164.34490753580897
2023-02-24 18:00:00,6763.417278936759,39761.00000002265,170.10179016958594
2023-02-24 19:00:00,6258.5724226423745,38348.49999998775,163.20253523982356
2023-02-24 20:00:00,5509.107076064197,35584.99999994333,154.81542998659464
2023-02-24 21:00:00,4910.732907096129,33267.99999990415,147.61130537183715
2023-02-24 22:00:00,4178.323250738111,30574.499999835443,136.66039512536915
2023-02-24 23:00:00,3105.827036922907,27905.49999954649,111.2980250120364
2023-02-25 00:00:00,2900.495839771882,27384.999999280342,105.91549533861985
2023-02-25 01:00:00,2638.201580545472,26623.999998934178,99.09110504248368
2023-02-25 02:00:00,2549.3910156055476,26605.499998778203,95.82195469818731
2023-02-25 03:00:00,2434.11440893505,26569.499998261326,91.6131055945477
2023-02-25 04:00:00,2376.032220555755,26003.999998466297,91.37179744254315
2023-02-25 05:00:00,2512.1725803519307,25806.999998884294,97.34461891969383
2023-02-25 06:00:00,2718.960404685951,26617.49999914977,102.14935304866351
2023-02-25 07:00:00,3550.976076778388,28928.99999972524,122.74797182108313
2023-02-25 08:00:00,4279.436250761361,32376.999999857868,132.17519383451673
2023-02-25 09:00:00,4508.648260693573,34937.99999986449,129.04711948912532
2023-02-25 10:00:00,4294.617421214376,35519.499999855565,120.90872397505144
2023-02-25 11:00:00,3855.2799469111756,36091.99999978484,106.81812997157704
2023-02-25 12:00:00,3955.3288499195573,35987.99999978135,109.90688145891932
2023-02-25 13:00:00,3834.356635461048,35255.49999976605,108.75910525978904
2023-02-25 14:00:00,3717.933602925591,34581.99999974109,107.51065880959534
2023-02-25 15:00:00,3457.76935969342,33970.99999966416,101.785916214642
2023-02-25 16:00:00,4109.741156954876,34888.99999981032,117.79475356064142
2023-02-25 17:00:00,5490.7907961313995,36890.99999995394,148.83822059955693
2023-02-25 18:00:00,6481.872503600576,37877.00000000019,171.12951140799282
2023-02-25 19:00:00,6001.605299428705,36109.99999997047,166.203414550917
2023-02-25 20:00:00,5359.901078006781,34143.99999994047,156.97929586504588
2023-02-25 21:00:00,4892.489519447379,31884.99999992028,153.4417286956127
2023-02-25 22:00:00,4379.314197505212,29758.999999890155,147.1593197863294
2023-02-25 23:00:00,3699.909697043987,27283.499999801275,135.60978969233918
2023-02-26 00:00:00,3380.2296738450036,26927.999999583946,125.52843411680148
2023-02-26 01:00:00,3354.2809839808456,26300.49999970439,127.53677625971169
2023-02-26 02:00:00,3058.290528286996,25698.999999488748,119.00426196925318
2023-02-26 03:00:00,3204.888452266787,25458.499999655534,125.88677464540923
2023-02-26 04:00:00,2938.0790497318253,24972.999999335574,117.65022423457314
2023-02-26 05:00:00,3165.617855496961,24858.499999625612,127.34548969345045
2023-02-26 06:00:00,3495.0243744383947,25629.4999996744,136.3672476826624
2023-02-26 07:00:00,4014.8037867416974,26600.49999989119,150.92963616315933
2023-02-26 08:00:00,4991.247282983822,29849.999999982734,167.2109642541611
2023-02-26 09:00:00,5591.788110714132,32617.999999985655,171.43258663059018
2023-02-26 10:00:00,6591.824650842726,33900.50000005382,194.44623680571854
2023-02-26 11:00:00,6510.100415609368,33785.50000005329,192.68918369120183
2023-02-26 12:00:00,7192.678644907867,34690.500000056345,207.33856949009626
2023-02-26 13:00:00,7634.493779292117,34542.00000009327,221.0206061974264
2023-02-26 14:00:00,7679.672994372106,34164.00000009342,224.78846137311513
2023-02-26 15:00:00,8060.158700923701,34773.5000001098,231.79026272587603
2023-02-26 16:00:00,8671.487107034074,35955.50000013833,241.17275818722345
2023-02-26 17:00:00,9553.998971499406,37928.00000020095,251.89830656635698
2023-02-26 18:00:00,10160.832712938261,39184.00061469594,259.3107532038841
2023-02-26 19:00:00,9283.285797441098,37772.50000016276,245.7683711006975
2023-02-26 20:00:00,8398.932524992344,35423.00000011269,237.10393035501298
2023-02-26 21:00:00,7668.8542980106995,33069.000000087355,231.90463267684058
2023-02-26 22:00:00,6423.597537569488,29697.500000028816,216.30095252338597
2023-02-26 23:00:00,5670.501870134265,27858.000000010532,203.5502143058411
2023-02-27 00:00:00,5732.264506297173,27953.999999971016,205.06061766842373
2023-02-27 01:00:00,5564.070278475594,27428.50000002932,202.85725717664644
2023-02-27 02:00:00,5832.856602894288,26673.500000033993,218.6760868609989
2023-02-27 03:00:00,5671.450160943581,26225.500000028427,216.2570841714146
2023-02-27 04:00:00,5425.511631030666,25579.500000012253,212.10389691073192
2023-02-27 05:00:00,6092.558003858833,26970.000000017506,225.90129788115976
2023-02-27 06:00:00,7339.322163789402,31032.000000069434,236.50819037680395
2023-02-27 07:00:00,8916.848788589892,35703.50000016381,249.74718973067013
2023-02-27 08:00:00,9635.622940949494,38917.50000733123,247.59100505259448
2023-02-27 09:00:00,10083.769864225556,40963.50000023844,246.1647531135489
2023-02-27 10:00:00,10044.104655021021,40884.000013228746,245.67323774021798
2023-02-27 11:00:00,9935.395987419708,40988.50008630855,242.39471965304833
2023-02-27 12:00:00,9978.327529014272,40580.50021296005,245.88971246410438
2023-02-27 13:00:00,10263.480326911023,40403.500104719315,254.02453501082206
2023-02-27 14:00:00,10177.81632819831,39756.50007873477,256.0038310223965
2023-02-27 15:00:00,10397.693397010818,39923.000074015225,260.4436885437973
2023-02-27 16:00:00,10540.735982208733,40527.000094443,260.0916909133391
2023-02-27 17:00:00,10970.905404749265,41416.50020422255,264.89214082919403
2023-02-27 18:00:00,11250.033411386514,42360.00184859162,265.5815137024257
2023-02-27 19:00:00,10682.498612703299,41121.50002508839,259.7789138573706
2023-02-27 20:00:00,9965.892219109906,38367.000076242286,259.7516667788945
2023-02-27 21:00:00,9460.983556986861,35598.50011175572,265.7691623884612
2023-02-27 22:00:00,9263.93408601371,33072.50013418113,280.1098812738151
2023-02-27 23:00:00,8453.252969041667,29970.50020118416,282.0524486510796
2023-02-28 00:00:00,8375.284442482376,29575.50000306602,283.1831901950645
2023-02-28 01:00:00,8302.895354652324,29221.500169559284,284.1365195651948
2023-02-28 02:00:00,7895.074384737456,28329.00015939697,278.69230612851663
2023-02-28 03:00:00,7899.356202593937,28476.500173383974,277.39912399688774
2023-02-28 04:00:00,8144.814979964407,29778.000193565666,273.5178630875391
2023-02-28 05:00:00,8663.099291234468,31673.500224083153,273.5125335041886
2023-02-28 06:00:00,10027.246602099605,35431.00110159657,283.0077133114865
2023-02-28 07:00:00,10875.144215424822,38245.50092953692,284.35094196990815
2023-02-28 08:00:00,10972.666322115318,39426.500673773815,278.3068782316318
2023-02-28 09:00:00,10718.8938014392,40844.50033033952,262.43175249415765
2023-02-28 10:00:00,10098.311497368784,41713.00032359711,242.09026967681712
2023-02-28 11:00:00,9879.554887688002,41913.50039573984,235.71295154083998
2023-02-28 12:00:00,10147.861977515604,41970.50082501983,241.7855822074482
2023-02-28 13:00:00,10053.068065643012,41536.50041188026,242.02973206591176
2023-02-28 14:00:00,10001.31468167687,40978.50038484807,244.06248612686878
2023-02-28 15:00:00,10213.758003608831,41157.00038343146,248.16575329723435
2023-02-28 16:00:00,10814.789872119407,41605.50102890002,259.93653734892496
2023-02-28 17:00:00,11184.678627148895,42972.000448966864,260.2782861000784
2023-02-28 18:00:00,11878.04670876635,44097.00182104706,269.36177559121666
2023-02-28 19:00:00,11105.747771550532,42566.50203197859,260.90346261497376
2023-02-28 20:00:00,10159.0927542532,39740.50082565797,255.6357505110783
2023-02-28 21:00:00,9516.920591698088,37819.00036683421,251.64389590910648
2023-02-28 22:00:00,8859.296587402161,34706.00042602511,255.2669993272636
2023-02-28 23:00:00,7741.449333642746,31771.000866073377,243.66400562185132
2023-03-01 00:00:00,7500.832343969624,31156.50086038176,240.74694323288384
2023-03-01 01:00:00,7275.660713861816,30766.500575530034,236.47995637334432
2023-03-01 02:00:00,7011.945481258163,30148.500532488393,232.58023972708048
2023-03-01 03:00:00,6767.151757337806,29597.500585633596,228.63929802986576
2023-03-01 04:00:00,6659.110225069026,29825.500873221143,223.2690157786391
2023-03-01 05:00:00,6893.990759008231,30931.50191295959,222.87927622809053
2023-03-01 06:00:00,8226.515344841611,35052.500670854715,234.6912541872299
2023-03-01 07:00:00,9430.717776775382,38370.00044147286,245.78362440105764
2023-03-01 08:00:00,10012.144040391013,40176.001904831384,249.2070779991425
2023-03-01 09:00:00,10282.58691227942,41312.50176642296,248.8977058425609
2023-03-01 10:00:00,9388.031036876713,41690.50210855151,225.18392828257757
2023-03-01 11:00:00,9127.358666789401,41852.50522991704,218.08392631810668
2023-03-01 12:00:00,9302.780332520335,41715.00133340403,223.00803152728102
2023-03-01 13:00:00,9483.502546713178,41202.00541418113,230.1708970566053
2023-03-01 14:00:00,9068.669994161739,40439.50522025767,224.25274356766613
2023-03-01 15:00:00,9057.63465638334,39996.5065637556,226.46064455517396
2023-03-01 16:00:00,9975.186551149065,40724.006020315224,244.94610245791952
2023-03-01 17:00:00,10897.231877078631,42008.01058730234,259.4084253152543
2023-03-01 18:00:00,11315.124089588324,42968.50457314987,263.3353011000274
2023-03-01 19:00:00,10536.335612792262,41319.00388505148,254.9997488348002
2023-03-01 20:00:00,9651.371346982529,39107.50456768945,246.79077465240454
2023-03-01 21:00:00,9031.363480061449,36639.00586845579,246.49586597645563
2023-03-01 22:00:00,8471.201831049018,35130.50745984367,241.13519682948285
2023-03-01 23:00:00,7601.473524784076,32022.512945343606,237.37904447906254
2023-03-02 00:00:00,7519.332286814,31237.510500631615,240.71483822828844
2023-03-02 01:00:00,7801.578083636262,30890.011881408547,252.55989261472956
2023-03-02 02:00:00,7501.268735458697,29749.01270549769,252.15185491088394
2023-03-02 03:00:00,7353.195658798471,29208.014672013054,251.75266930567042
2023-03-02 04:00:00,7732.513256564573,30036.013943945425,257.4413925561275
2023-03-02 05:00:00,8158.220652539996,31459.514128581202,259.32443264049624
2023-03-02 06:00:00,9386.91764221836,34953.50618049509,268.5543931915044
2023-03-02 07:00:00,10641.766346712777,38193.50643508057,278.62763438075854
2023-03-02 08:00:00,11198.311414651722,40060.51749668108,279.5348666072393
2023-03-02 09:00:00,11265.991453174789,41735.51610254864,269.9377533871401
2023-03-02 10:00:00,11010.878647027543,41933.516962756825,262.57942201239246
2023-03-02 11:00:00,10966.16751282542,41985.51957274242,261.1892772656029
2023-03-02 12:00:00,10995.39444509989,41949.50882186559,262.11020710136887
2023-03-02 13:00:00,10850.821823218192,41385.520129045464,262.1888474370724
2023-03-02 14:00:00,10635.911080686874,40339.51782720702,263.6598465615143
2023-03-02 15:00:00,10627.110944931273,40135.51756280665,264.7807127016933
2023-03-02 16:00:00,10814.196055239157,40073.01941785154,269.86227173143084
2023-03-02 17:00:00,11424.011621534473,41336.02488980349,276.36938123560293
2023-03-02 18:00:00,12218.814907077794,42494.00729188876,287.54207206553843
2023-03-02 19:00:00,11329.034340756256,41203.01537862703,274.95643793664897
2023-03-02 20:00:00,10816.014520039618,38905.015029456066,278.010804310203
2023-03-02 21:00:00,10243.918620112216,36770.51490282414,278.5905676650026
2023-03-02 22:00:00,9417.50290986754,33766.018623051496,278.90474784724455
2023-03-02 23:00:00,8521.674694043326,31212.522455429753,273.02101924674434
2023-03-03 00:00:00,8256.098826595871,30433.01777419647,271.2875498530431
2023-03-03 01:00:00,8207.753564520124,30133.021977652,272.3840167974975
2023-03-03 02:00:00,8177.017837633211,30009.021439347667,272.485320927911
2023-03-03 03:00:00,8115.3800731881265,29892.521847882916,271.4852936960514
2023-03-03 04:00:00,8164.602167425694,30103.52202817771,271.2175060374465
2023-03-03 05:00:00,8693.935302135784,31525.021334991034,275.7788871814655
2023-03-03 06:00:00,9293.231685889814,33321.51375576715,278.89584350835145
2023-03-03 07:00:00,9873.08035442898,35335.5139726204,279.4095583859089
2023-03-03 08:00:00,10519.899029544687,38422.024846657565,273.79866291611756
2023-03-03 09:00:00,10461.599663886553,40195.02308918724,260.27102013783394
2023-03-03 10:00:00,10405.813525219612,40850.523645387206,254.72901193506792
2023-03-03 11:00:00,10409.795295892338,40835.02652208084,254.9231917423494
2023-03-03 12:00:00,10674.303482415418,40825.01224013142,261.4647956411992
2023-03-03 13:00:00,10482.115661402155,40041.02651227218,261.78438902383004
2023-03-03 14:00:00,10452.374679111073,39760.02405670393,262.8865280414412
2023-03-03 15:00:00,10564.02025075995,38988.52297242255,270.9520506389051
2023-03-03 16:00:00,10850.935913890231,39421.524095893314,275.2540943748193
2023-03-03 17:00:00,11061.346152428667,40622.527841857285,272.2958599595346
2023-03-03 18:00:00,11070.348164200917,41212.01462640857,268.6194369422324
2023-03-03 19:00:00,10401.830818229148,39555.5196658021,262.967871642503
2023-03-03 20:00:00,9959.576930025716,37296.019751089516,267.0412820589192
2023-03-03 21:00:00,9605.04769881268,36374.019207573285,264.06341416383407
2023-03-03 22:00:00,8883.766447346343,34059.02069296076,260.83446519008163
2023-03-03 23:00:00,7694.5560256861245,30953.027204058326,248.58815827478332
2023-03-04 00:00:00,7577.562675416764,30140.021257430933,251.41198842215607
2023-03-04 01:00:00,7613.0892652671455,29621.024909513588,257.016402657357
2023-03-04 02:00:00,7381.777228937234,29306.023863671548,251.88600348093837
2023-03-04 03:00:00,7027.932444440607,28981.024254310065,242.50117534736236
2023-03-04 04:00:00,6860.711594728954,29242.52493918816,234.61420000483116
2023-03-04 05:00:00,6954.917971537117,29393.02487534087,236.61797317675564
2023-03-04 06:00:00,7326.29696472519,30556.5191372648,239.76215784966493
2023-03-04 07:00:00,7397.020943513393,30832.519435537808,239.90971477301744
2023-03-04 08:00:00,7678.838388938923,31983.025913786572,240.09105359943104
2023-03-04 09:00:00,8028.791017808607,34433.023440667675,233.1712471210435
2023-03-04 10:00:00,7994.484148605726,35982.0236591333,222.17994808572945
2023-03-04 11:00:00,7480.492191420667,35833.52776990379,208.75678887813706
2023-03-04 12:00:00,7701.0524462225485,36227.01590892671,212.57760963758898
2023-03-04 13:00:00,7905.00871026819,35943.02728583151,219.93163367695212
2023-03-04 14:00:00,7972.31814423533,35354.02573220999,225.49958538305836
2023-03-04 15:00:00,8443.3862170678,34757.5251033396,242.92253812560827
2023-03-04 16:00:00,8986.099433608366,35458.02576916911,253.42920928840363
2023-03-04 17:00:00,10426.582284539536,37177.02611847629,280.4576743527562
2023-03-04 18:00:00,11066.637578696298,37797.51353495614,292.7874493241885
2023-03-04 19:00:00,10573.042446060623,36641.518248219356,288.5536121739288
2023-03-04 20:00:00,9732.073317889288,34305.52074355869,283.68825503739396
2023-03-04 21:00:00,9423.262412550752,32868.519532518134,286.69567557577227
2023-03-04 22:00:00,9120.724850852746,30949.016822700367,294.70160241610364
2023-03-04 23:00:00,7468.773479124978,27394.526352850735,272.6374379656964
2023-03-05 00:00:00,6877.8006299173685,27002.524672763848,254.70953969184507
2023-03-05 01:00:00,6516.264097217219,26472.52501064968,246.15196678804838
2023-03-05 02:00:00,6176.904023851884,25981.024532114046,237.7467453686006
2023-03-05 03:00:00,5860.188581524432,25471.02489871079,230.07274363039252
2023-03-05 04:00:00,5901.261100895266,24916.02429704261,236.8460164648223
2023-03-05 05:00:00,6022.767649078574,25095.524733342518,239.99369262347324
2023-03-05 06:00:00,6178.457028510691,25492.024801183303,242.3682338573551
2023-03-05 07:00:00,6775.271223863378,26429.519105360203,256.3524215803562
2023-03-05 08:00:00,7669.074962927147,29693.52423215318,258.274326178595
2023-03-05 09:00:00,8463.647500824818,33010.020833028415,256.3963089764686
2023-03-05 10:00:00,8728.953162704649,34992.52212978157,249.45195805922137
2023-03-05 11:00:00,8908.112284389392,36091.02424915763,246.82348228444386
2023-03-05 12:00:00,8968.073815912017,36468.01236110937,245.9161669440436
2023-03-05 13:00:00,9111.581680946374,36299.52479073705,251.01104583251944
2023-03-05 14:00:00,9183.168813884282,36246.523389509275,253.35309307325565
2023-03-05 15:00:00,9527.502257072443,36157.02253534949,263.5035074516362
2023-03-05 16:00:00,10159.272551846878,36824.52361044801,275.8833395733176
2023-03-05 17:00:00,11071.917116136872,38194.5279601928,289.88228700394666
2023-03-05 18:00:00,11781.188398686832,38377.00077278288,306.9856466491279
2023-03-05 19:00:00,11374.194973857177,36899.51801920418,308.24779250334734
2023-03-05 20:00:00,10544.399176565024,35241.51746168173,299.2038917742404
2023-03-05 21:00:00,9872.8005878997,32550.517433861307,303.3070244723461
2023-03-05 22:00:00,9232.142332293393,30423.518351582712,303.4541312942233
2023-03-05 23:00:00,8484.705844915161,28946.022363582437,293.1216503028042
2023-03-06 00:00:00,8417.98086877397,28712.516325968973,293.18157883502346
2023-03-06 01:00:00,8026.66297510737,28693.020080751183,279.74270231986094
2023-03-06 02:00:00,7413.331899228812,27991.020640693936,264.8467876320006
2023-03-06 03:00:00,6894.093818911517,27900.521921343854,247.09551449779676
2023-03-06 04:00:00,6854.723690829461,28485.521199601597,240.63887203599182
2023-03-06 05:00:00,7485.622601685422,31047.01878572819,241.10600290957538
2023-03-06 06:00:00,8724.62569286753,35144.00934725721,248.25356739066646
2023-03-06 07:00:00,9436.43409220749,38898.50840539871,242.5911552664526
2023-03-06 08:00:00,9112.615450005627,40472.018198319434,225.1584145211721
2023-03-06 09:00:00,9133.330260873307,43044.51562754571,212.18336709609912
2023-03-06 10:00:00,8998.651821839128,43912.51474008257,204.9222613439926
2023-03-06 11:00:00,8344.558522225085,43741.51828198862,190.76975034177337
2023-03-06 12:00:00,8302.519788731439,44010.005093699874,188.6507345558104
2023-03-06 13:00:00,7820.424570606748,43255.017797346074,180.79808930483372
2023-03-06 14:00:00,7626.2951456044275,42807.51564185599,178.15318247872457
2023-03-06 15:00:00,7364.513730136784,41858.515187360725,175.9382457111263
2023-03-06 16:00:00,8080.61257407988,42950.514020933995,188.13773847133484
2023-03-06 17:00:00,8796.425174160317,44178.51576582322,199.11092578998063
2023-03-06 18:00:00,9618.900067599843,45116.00210095257,213.20373303637095
2023-03-06 19:00:00,9535.228643634142,43660.50643972353,218.39482454923444
2023-03-06 20:00:00,8940.45455480784,41259.50594485302,216.68835702389524
2023-03-06 21:00:00,8113.9473432665045,38601.00725728148,210.20040459529548
2023-03-06 22:00:00,7769.40708272661,35391.506407204346,219.52744800783776
2023-03-06 23:00:00,6728.447695221632,32763.510537810438,205.36406461867773
2023-03-07 00:00:00,6349.25550150589,31727.51040106618,200.11830179062923
2023-03-07 01:00:00,6462.445546993451,31002.5086175215,208.4491170285849
2023-03-07 02:00:00,6653.0843049579535,30893.006251059836,215.35891492365553
2023-03-07 03:00:00,6521.8815393151435,30076.00700623335,216.8466558065192
2023-03-07 04:00:00,6518.004667863069,29880.508576434248,218.13566697467792
2023-03-07 05:00:00,7033.33002374258,30888.007232008837,227.7042339090763
2023-03-07 06:00:00,9029.369701866111,35532.50126579291,254.1157920272467
2023-03-07 07:00:00,10788.121540849945,39630.00142141247,272.22107378025527
2023-03-07 08:00:00,11141.730213742921,40765.00405348534,273.316058036558
2023-03-07 09:00:00,11356.943070618563,42136.50216389441,269.52742841454955
2023-03-07 10:00:00,11313.267409158323,42351.50155640803,267.1278937794016
2023-03-07 11:00:00,11175.162075132586,42920.00293206286,260.3718851748801
2023-03-07 12:00:00,10890.463871980899,42581.00305407957,255.75874429612605
2023-03-07 13:00:00,10476.731254528884,42083.50252005724,248.95102895809617
2023-03-07 14:00:00,10272.430880106975,41783.50042020861,245.84897810856236
2023-03-07 15:00:00,10183.83340400671,40948.000305630194,248.70160515766312
2023-03-07 16:00:00,10697.285575512567,40731.50050526179,262.6293026973231
2023-03-07 17:00:00,11379.789050716347,40747.002537501605,279.27917005043327
2023-03-07 18:00:00,13054.191958146324,42752.5086702645,305.34329713441724
2023-03-07 19:00:00,12385.057671669727,41705.50076749398,296.9646076357118
2023-03-07 20:00:00,11604.567599679705,38730.50076046135,299.6234846394347
2023-03-07 21:00:00,10719.31640191639,35592.00000026925,301.17207242737976
2023-03-07 22:00:00,9952.26168247116,32079.000000193944,310.2422669787397
2023-03-07 23:00:00,8238.788505106022,28634.000174921995,287.727472751839
2023-03-08 00:00:00,8093.480074476192,28653.500417722844,282.4604308892812
2023-03-08 01:00:00,8027.835543750007,28762.00000005964,279.1125632338975
2023-03-08 02:00:00,7715.506864625213,28690.000000048618,268.9266944793356
2023-03-08 03:00:00,7391.829365868943,28218.000000030708,261.95440377988865
2023-03-08 04:00:00,7021.702824454814,27461.00000002083,255.69727338587407
2023-03-08 05:00:00,7225.964422213491,28012.000000052263,257.9596038197918
2023-03-08 06:00:00,8615.709346292091,32249.000000166685,267.1620622731731
2023-03-08 07:00:00,10164.367896119615,37505.500000259395,271.01006241882703
2023-03-08 08:00:00,10750.496754025602,40281.50003741288,266.88422089645854
2023-03-08 09:00:00,11054.579849339914,42087.00030108313,262.6601984046703
2023-03-08 10:00:00,11119.82313625854,43142.50029386137,257.7463767866219
2023-03-08 11:00:00,10593.088286371345,43568.500000304775,243.13640098459308
2023-03-08 12:00:00,10544.14378281954,43946.00119465651,239.93408947755697
2023-03-08 13:00:00,10354.800478246738,43224.00000027884,239.56136586572134
2023-03-08 14:00:00,10304.178599918396,42557.500000285785,242.12368207364625
2023-03-08 15:00:00,10241.728724380051,42099.50000029101,243.27435537973744
2023-03-08 16:00:00,10421.305657802941,43228.500000280845,241.0748848036651
2023-03-08 17:00:00,10860.507153181132,44424.50011329661,244.47111673701184
2023-03-08 18:00:00,10980.09280885649,45099.002727294086,243.46642153599768
2023-03-08 19:00:00,9316.325798033757,43082.000000177635,216.24636270357328
2023-03-08 20:00:00,8618.174846128863,40347.000000122855,213.60137918810867
2023-03-08 21:00:00,7647.819313582906,36839.50000006649,207.5983472514313
2023-03-08 22:00:00,7125.970472596557,32676.00000002319,218.0796447726619
2023-03-08 23:00:00,5591.518802287896,29518.49999997104,189.4242187879933
2023-03-09 00:00:00,5654.090582603966,29349.99999992631,192.64363143503107
2023-03-09 01:00:00,5951.412628253472,29126.499999990305,204.32982432683133
2023-03-09 02:00:00,5785.328410583671,28485.499999995944,203.09730952886537
2023-03-09 03:00:00,5689.855844657002,27977.499999992768,203.37256168916
2023-03-09 04:00:00,5314.149854801721,27593.499999966272,192.58701704416677
2023-03-09 05:00:00,5908.743914981156,27739.499999969157,213.00830638575772
2023-03-09 06:00:00,8280.865284917732,32541.000000101405,254.4748251403438
2023-03-09 07:00:00,9548.402220510876,37598.00000014922,253.96037609641414
2023-03-09 08:00:00,9853.976111193087,40282.500000190856,244.62176158744865
2023-03-09 09:00:00,9925.353217283153,42240.000000206586,234.97521821104664
2023-03-09 10:00:00,10101.02421315252,43018.00000022284,234.8092475963595
2023-03-09 11:00:00,9148.846923240486,43452.50000015506,210.54822905949806
2023-03-09 12:00:00,8774.672377668898,44207.00000014762,198.49056433686061
2023-03-09 13:00:00,8275.242576717683,43593.00000010346,189.82961889977847
2023-03-09 14:00:00,7679.64481177497,41356.500000089145,185.6937799803759
2023-03-09 15:00:00,7226.692071524401,41850.50000007691,172.67875106656126
2023-03-09 16:00:00,7905.374644459416,43117.00000009238,183.34704743935058
2023-03-09 17:00:00,8454.75588772684,45127.50000010223,187.3526317147568
2023-03-09 18:00:00,8100.394280733638,44554.500000125925,181.8086676028402
2023-03-09 19:00:00,7344.8651935287235,42663.50000003969,172.15805532883823
2023-03-09 20:00:00,5175.856197577371,39383.499999908054,131.4219456774907
2023-03-09 21:00:00,3413.045841783961,35658.49999953719,95.71479007328571
2023-03-09 22:00:00,2153.737641462443,31948.49999887458,67.41279376303459
2023-03-09 23:00:00,1678.0025242212641,31791.586947998832,52.78133887955815
2023-03-10 00:00:00,1754.3296172265418,32428.440130685867,54.098489170513105
2023-03-10 01:00:00,1747.512801005407,31979.34008274673,54.645055103817256
2023-03-10 02:00:00,1751.6829811741052,31506.27188496139,55.59791357003494
2023-03-10 03:00:00,1815.2672674441997,30290.040458849267,59.92950950033701
2023-03-10 04:00:00,1657.5658813406085,29193.730775034397,56.77814507894651
2023-03-10 05:00:00,1779.5142409604368,28757.914640687406,61.87911269625706
2023-03-10 06:00:00,2048.820980232572,31847.499999730775,64.33223895909856
2023-03-10 07:00:00,3967.8364605705324,37103.999999911306,106.93824009756408
2023-03-10 08:00:00,5159.484307724357,40381.49999999628,127.76851547676118
2023-03-10 09:00:00,6933.144345207619,42552.50000005261,162.93153974969854
2023-03-10 10:00:00,7227.541397684032,43083.500000089865,167.7565981795573
2023-03-10 11:00:00,7302.180055635775,43556.000000089996,167.65038239555255
2023-03-10 12:00:00,7230.15117782174,43802.00000007759,165.0644075112765
2023-03-10 13:00:00,7040.087825640443,42282.50000005121,166.5012197867183
2023-03-10 14:00:00,6977.026593339198,40722.000000039974,171.33310233614137
2023-03-10 15:00:00,6660.9439987739,39942.000000014865,166.7654098135151
2023-03-10 16:00:00,7392.335698399169,39911.500000066655,185.21818769995673
2023-03-10 17:00:00,8144.089761140815,40870.00000008766,199.2681615151296
2023-03-10 18:00:00,9467.758834782719,41906.500000179294,225.92578322556673
2023-03-10 19:00:00,9461.424807075193,40450.50000014561,233.90130670921582
2023-03-10 20:00:00,9224.300360385294,38183.50000012279,241.5781780181395
2023-03-10 21:00:00,8724.325841922693,35770.00000008876,243.90063857704905
2023-03-10 22:00:00,7888.537810342357,32474.00000005014,242.918575177994
2023-03-10 23:00:00,6650.105601304104,29146.50000001421,228.16137791161418
2023-03-11 00:00:00,6466.291736301265,28802.499999962085,224.50453038138278
2023-03-11 01:00:00,6444.594499656915,28478.499999993994,226.2968379534833
2023-03-11 02:00:00,6592.715474122914,28464.000000000575,231.61591744388636
2023-03-11 03:00:00,6430.51229082846,27807.0000000229,231.2551620391687
2023-03-11 04:00:00,6070.862233365991,26829.50000003132,226.27563813559345
2023-03-11 05:00:00,6296.4642806418005,26711.500000030017,235.7211044170011
2023-03-11 06:00:00,6767.581188062137,27788.99999998885,243.5345348182681
2023-03-11 07:00:00,7595.925003260976,30629.500000045464,247.99376428768673
2023-03-11 08:00:00,8661.388828199848,34003.00000010697,254.72425457084964
2023-03-11 09:00:00,9187.839964533163,36306.0000001259,253.0667097587534
2023-03-11 10:00:00,9205.527164820664,37248.500000152584,247.138197908183
2023-03-11 11:00:00,9128.875256176156,37610.50000016228,242.7214542783735
2023-03-11 12:00:00,8744.63530359432,37114.000000103195,235.61554409575916
2023-03-11 13:00:00,8202.790767214276,35782.000000085434,229.24349581338916
2023-03-11 14:00:00,8182.220170043106,35215.50000006883,232.34712470438055
2023-03-11 15:00:00,7933.981387147168,35233.5000000544,225.18289091730648
2023-03-11 16:00:00,8155.23377979551,36076.000000082924,226.0570401312996
2023-03-11 17:00:00,8550.550322221687,37537.50000010147,227.78688837025834
2023-03-11 18:00:00,8501.081837942518,38463.500000107786,221.01685592623386
2023-03-11 19:00:00,7460.525120711925,37766.00000003232,197.54607638366627
2023-03-11 20:00:00,5964.896699685491,35787.49999996434,166.67542297426291
2023-03-11 21:00:00,3969.1391387654353,33468.499999834625,118.59327841956012
2023-03-11 22:00:00,4058.972838530346,30834.999999823434,131.6352469127157
2023-03-11 23:00:00,2027.3965411896152,28606.49999191614,70.87188372441696
2023-03-12 00:00:00,1274.3643849067412,28586.563351356308,44.57913913063209
2023-03-12 01:00:00,1041.0742846022927,29456.486249629674,35.342785822439396
2023-03-12 02:00:00,1074.416019563543,29216.289263527713,36.77455442313118
2023-03-12 03:00:00,1165.14794555875,28430.039677286743,40.98298696676133
2023-03-12 04:00:00,1146.9834397607683,29066.219755887196,39.46104616952995
2023-03-12 05:00:00,987.6666172781094,29587.55813728874,33.38114665276714
2023-03-12 06:00:00,930.8151758764545,29326.908719877072,31.739287108892267
2023-03-12 07:00:00,853.741115509127,28863.212779697606,29.578866428537324
2023-03-12 08:00:00,1186.6096989637622,30374.530764873918,39.06594337700833
2023-03-12 09:00:00,1561.197492993871,33243.00751192065,46.96318443612658
2023-03-12 10:00:00,1560.1909337307102,34334.00759749511,45.441561964486084
2023-03-12 11:00:00,1617.3168549599372,34968.94287329119,46.25009285583014
2023-03-12 12:00:00,1654.9530220228098,36382.20721732086,45.48797746484493
2023-03-12 13:00:00,1630.9759004653242,35685.393965221854,45.70429857254301
2023-03-12 14:00:00,1558.1629309865377,34838.96486965647,44.72471948624523
2023-03-12 15:00:00,1652.5423685821459,34777.38275951539,47.5177324299942
2023-03-12 16:00:00,1527.817173764098,36124.000000234475,42.29368768005153
2023-03-12 17:00:00,1807.1591507867543,37200.00000042867,48.57954706360026
2023-03-12 18:00:00,1790.6149089306614,37334.50000040186,47.96140055207349
2023-03-12 19:00:00,1725.8191253558389,35388.0000002532,48.76848438294028
2023-03-12 20:00:00,1798.4264981983156,33291.999996675215,54.019779477890175
2023-03-12 21:00:00,1688.814290769737,31826.29904825938,53.06348338551479
2023-03-12 22:00:00,1613.1660965298922,30157.91394533594,53.49063928804584
2023-03-12 23:00:00,1200.65505916912,28429.236013380923,42.2331102602969
2023-03-13 00:00:00,1199.5706537048227,28126.504974141506,42.64911885809007
2023-03-13 01:00:00,1379.4711191134757,28822.116193005273,47.8615487452741
2023-03-13 02:00:00,1191.0673181264408,27963.51867389015,42.59361391592516
2023-03-13 03:00:00,1128.311787987655,28293.132466050833,39.87935197142013
2023-03-13 04:00:00,847.0176881610618,29298.665004671246,28.909770736175766
2023-03-13 05:00:00,748.8752030425323,30137.317415511945,24.848767815581343
2023-03-13 06:00:00,882.4943116940441,31356.099407400354,28.14426310581751
2023-03-13 07:00:00,1156.2948796602034,34252.55955297268,33.7579116641475
2023-03-13 08:00:00,1388.0989514173684,36490.86241974582,38.0396312767397
2023-03-13 09:00:00,1706.331812509896,38736.26817318977,44.04997933411887
2023-03-13 10:00:00,1710.1997001027678,38875.03562755447,43.99223492648287
2023-03-13 11:00:00,1713.4645065458478,40409.920004147854,42.402076182530685
2023-03-13 12:00:00,1762.4534096479197,40764.25193325447,43.23526928774949
2023-03-13 13:00:00,1791.006542427548,40217.741301683265,44.53274809723309
2023-03-13 14:00:00,1793.912530927026,39737.62711255079,45.14392683403167
2023-03-13 15:00:00,1795.0912027483514,39201.08617271054,45.791874103682034
2023-03-13 16:00:00,1802.6335396717086,38115.306902280456,47.29421553113235
2023-03-13 17:00:00,1801.0001805343106,39371.00000051647,45.74433416755188
2023-03-13 18:00:00,1790.4903479828065,40278.500000770415,44.45275638240152
2023-03-13 19:00:00,1809.504668833248,39116.50000070422,46.259370567424774
2023-03-13 20:00:00,1809.5812633149856,36286.49999967755,49.86926993044426
2023-03-13 21:00:00,1550.9290026590975,33401.045934698464,46.43354599407693
2023-03-13 22:00:00,1235.6336822986163,30802.812958201994,40.11431306534617
2023-03-13 23:00:00,1019.2998222956859,30499.464508696954,33.420253067231116
2023-03-14 00:00:00,1022.8578993605378,30161.847798001763,33.912308894692536
2023-03-14 01:00:00,1022.8899296946689,30076.04443252444,34.01012164314097
2023-03-14 02:00:00,1022.9205367825352,29674.39423142559,34.471488408658004
2023-03-14 03:00:00,1022.9512674692816,29642.609302265882,34.50948791444912
2023-03-14 04:00:00,1022.991382023482,28818.753872560672,35.49741902607063
2023-03-14 05:00:00,1213.6182318142978,28411.999992760804,42.71498775600169
2023-03-14 06:00:00,1583.559817812892,31577.99999047376,50.14756533949617
2023-03-14 07:00:00,2346.8930153783544,35772.99999855924,65.6051495673518
2023-03-14 08:00:00,3238.5129992979214,38041.99999976941,85.1299353166908
2023-03-14 09:00:00,4760.306967977539,39772.99999992406,119.68689734208202
2023-03-14 10:00:00,3528.3905294730403,39529.99999973379,89.25855121418674
2023-03-14 11:00:00,3337.660005850014,39637.49999967276,84.20460437407932
2023-03-14 12:00:00,3410.563105106352,40020.99999968668,85.21933747615134
2023-03-14 13:00:00,3786.3173063934846,39233.99999978167,96.50602300082976
2023-03-14 14:00:00,3550.417710644806,38078.99999969126,93.23820769121018
2023-03-14 15:00:00,4014.5942804133765,37924.499999827436,105.85754012397378
2023-03-14 16:00:00,5385.304944283852,39161.49999996479,137.51528782831846
2023-03-14 17:00:00,6872.49306548733,40339.50000003539,170.36634230670435
2023-03-14 18:00:00,8368.40990497367,41697.50000011742,200.69332465855518
2023-03-14 19:00:00,8497.600742032502,41243.50000009441,206.03490833738772
2023-03-14 20:00:00,8104.2451680699305,38871.000000065666,208.49078150951198
2023-03-14 21:00:00,7297.416607849258,35344.00000002713,206.46832865107672
2023-03-14 22:00:00,7099.838293960363,31829.50000002087,223.05842988283536
2023-03-14 23:00:00,6188.537716669964,29558.999999986718,209.36221511799263
2023-03-15 00:00:00,6103.669781294393,29781.999999952437,204.9449258378934
2023-03-15 01:00:00,5655.21573545765,29426.499999952848,192.18105229866657
2023-03-15 02:00:00,5601.86669142518,28943.499999941698,193.5448957947886
2023-03-15 03:00:00,5500.247100138973,28154.99999994207,195.35596164625431
2023-03-15 04:00:00,5773.890567038055,27777.49999995947,207.86213903506365
2023-03-15 05:00:00,6889.015123411571,27312.000000003005,252.2340042256449
2023-03-15 06:00:00,8440.347329014794,31475.500000123808,268.1561001090243
2023-03-15 07:00:00,10028.407249099788,36215.000000209024,276.913081569568
2023-03-15 08:00:00,11008.098532067987,39034.00000028452,282.01307916144253
2023-03-15 09:00:00,11075.972123270616,40388.00000031589,274.23918300445644
2023-03-15 10:00:00,10192.6744722875,40804.000000239015,249.79596295039198
2023-03-15 11:00:00,9203.197680990177,41037.00000015868,224.26584986608648
2023-03-15 12:00:00,8600.098570017728,40896.50000013917,210.28935410092458
2023-03-15 13:00:00,8120.711019445606,40147.000000107306,202.2744170031111
2023-03-15 14:00:00,7901.818867542472,39695.50000009503,199.06082219706403
2023-03-15 15:00:00,8451.840430134333,39740.00000012619,212.67842048584538
2023-03-15 16:00:00,9025.086553041956,40521.00000016087,222.72615564784002
2023-03-15 17:00:00,9463.743657614817,41307.50000020126,229.10473055906817
2023-03-15 18:00:00,9541.706185117935,41981.50000024634,227.28359360818325
2023-03-15 19:00:00,8221.994526437751,41054.000000108754,200.2726780926577
2023-03-15 20:00:00,6448.90880390145,38206.00000000702,168.79309019264682
2023-03-15 21:00:00,3786.6131298563673,34644.49999977701,109.2991132757217
2023-03-15 22:00:00,2696.111020249289,31349.999999175416,86.00035152536535
2023-03-15 23:00:00,1452.4664454825036,31029.147016916613,46.809744550523455
2023-03-16 00:00:00,1385.8142152222183,31718.313324172963,43.69129597336029
2023-03-16 01:00:00,1398.2407497425227,31713.35470334197,44.08996660309719
2023-03-16 02:00:00,1320.2734260599889,30620.600141347742,43.11716360768486
2023-03-16 03:00:00,1151.0078668946155,29784.338024970126,38.64473556302146
2023-03-16 04:00:00,1272.664159002992,29234.085333995165,43.53357200894057
2023-03-16 05:00:00,1404.7544271475049,29500.848207176216,47.6174250069797
2023-03-16 06:00:00,2009.1847275577368,30329.499997127543,66.24523080657522
2023-03-16 07:00:00,2185.0086934117962,33950.99999912889,64.35771239338631
2023-03-16 08:00:00,2273.440158651182,36960.49999934673,61.50999468869103
2023-03-16 09:00:00,2368.8155127297105,38175.49999916205,62.050674196322404
2023-03-16 10:00:00,2449.268195291774,38632.999999166714,63.398343264685714
2023-03-16 11:00:00,3319.6506091712395,39007.99999954,85.10178961265346
2023-03-16 12:00:00,2906.7197685047345,38829.99999910757,74.85757838196085
2023-03-16 13:00:00,2734.0466232315043,38634.49999883884,70.76697312799897
2023-03-16 14:00:00,2560.2678396882366,37532.499998258376,68.21468966381246
2023-03-16 15:00:00,2470.88861753279,36571.49999731818,67.56322868118569
2023-03-16 16:00:00,3249.850102460084,37652.999999541484,86.31052246832016
2023-03-16 17:00:00,3920.5134948024383,38603.99999976809,101.55718305942364
2023-03-16 18:00:00,4832.6697963405395,39430.49999988814,122.5617173597659
2023-03-16 19:00:00,4608.78193628056,38809.999999900145,118.75243329792369
2023-03-16 20:00:00,3924.4846744801403,36505.9999998053,107.50245643184876
2023-03-16 21:00:00,2426.192058315056,32793.999997438244,73.98280351602676
2023-03-16 22:00:00,1808.5671209377708,30219.38647307327,59.84790996830063
2023-03-16 23:00:00,1710.5902498174455,29648.45287866298,57.695767695470586
2023-03-17 00:00:00,1751.6669048502495,29818.07804406254,58.74513113359586
2023-03-17 01:00:00,1745.534376623288,29908.657608396054,58.362177249081086
2023-03-17 02:00:00,1774.1997033264379,29530.70419025115,60.07983053489619
2023-03-17 03:00:00,1828.0920502791985,28002.360131969166,65.28349902164638
2023-03-17 04:00:00,1867.6977036807887,25834.062297475728,72.2959355820429
2023-03-17 05:00:00,2289.0791683682623,24194.999994523918,94.60959573822493
2023-03-17 06:00:00,2409.878148346352,27753.499998898773,86.83150407847563
2023-03-17 07:00:00,4663.718723761198,32656.499999958814,142.81134609548113
2023-03-17 08:00:00,6647.106009147473,35834.00000003144,185.49718170289785
2023-03-17 09:00:00,6466.955791681178,37219.50000004676,173.75181804358073
2023-03-17 10:00:00,7741.232526254424,37156.500000062115,208.34127343106812
2023-03-17 11:00:00,7634.837336104148,37366.50000006018,204.3230523621921
2023-03-17 12:00:00,7664.509084360769,37577.00000005309,203.9680944287713
2023-03-17 13:00:00,7419.157365899199,36840.50000005856,201.38590317415364
2023-03-17 14:00:00,6813.7590594755775,35358.00000004623,192.70770573750406
2023-03-17 15:00:00,6469.500170854633,34459.50000004494,187.74213702596367
2023-03-17 16:00:00,6758.609407890728,34612.00000003605,195.26780908019438
2023-03-17 17:00:00,7732.58222514117,35967.00000006101,214.99102580498942
2023-03-17 18:00:00,8400.187590353855,36747.000000091415,228.5951939024399
2023-03-17 19:00:00,8180.699743457106,36230.50000005525,225.79593832391575
2023-03-17 20:00:00,7225.163063808415,34223.50000001945,211.11701210584275
2023-03-17 21:00:00,6099.431306700824,31655.499999981894,192.68156581650308
2023-03-17 22:00:00,5263.895010828354,29116.49999994606,180.78735462154125
2023-03-17 23:00:00,4081.7549896697005,26640.999999844396,153.2132798954071
2023-03-18 00:00:00,3843.1923513331267,26171.9999997133,146.84366312758775
2023-03-18 01:00:00,3781.3381893181054,25850.99999978637,146.27434874277026
2023-03-18 02:00:00,3648.031840326737,24914.499999777254,146.4220369808486
2023-03-18 03:00:00,3905.46468835506,24829.49999983874,157.29131429873436
2023-03-18 04:00:00,4031.489449432737,24415.99999986132,165.11670418805846
2023-03-18 05:00:00,4032.559179110294,24286.499999840158,166.04118251443538
2023-03-18 06:00:00,4300.8901415470555,24779.999999795036,173.5629597087421
2023-03-18 07:00:00,5084.8404014221505,26822.49999996671,189.5736937805373
2023-03-18 08:00:00,6075.8772801540035,29922.499999978605,203.05379831759873
2023-03-18 09:00:00,6570.609287042226,32308.50000000443,203.3709174688186
2023-03-18 10:00:00,6643.272651938999,32919.00000002001,201.8066360440767
2023-03-18 11:00:00,6211.19251607453,32744.499999997282,189.68658907831988
2023-03-18 12:00:00,6254.713556659757,33042.99999997027,189.29012367718985
2023-03-18 13:00:00,5754.81645531099,32476.499999946234,177.1994043483909
2023-03-18 14:00:00,5351.590802489686,31759.999999924155,168.50096985209277
2023-03-18 15:00:00,5128.421171948945,31081.499999931923,164.99915293535312
2023-03-18 16:00:00,5591.445837527973,31123.99999997202,179.65061809320778
2023-03-18 17:00:00,6247.80666483099,32721.499999994092,190.9388831450917
2023-03-18 18:00:00,6537.545547970581,33558.50000000874,194.8104220381983
2023-03-18 19:00:00,6505.063296553342,33244.49999998087,195.67336842356133
2023-03-18 20:00:00,5779.666831472879,31461.999999953845,183.7030967987209
2023-03-18 21:00:00,4573.683350462913,29381.49999988854,155.6654136269511
2023-03-18 22:00:00,3297.9316388323596,26811.49999962037,123.00436897894768
2023-03-18 23:00:00,1794.0260888500948,25152.06375620252,71.32719232264536
2023-03-19 00:00:00,1679.1659569050387,25548.65764979614,65.72423412305724
2023-03-19 01:00:00,1593.83229035753,26349.605388519874,60.48789979420104
2023-03-19 02:00:00,1689.6845524903308,26232.884378924777,64.41093278510408
2023-03-19 03:00:00,1634.8236235416107,24830.033907551508,65.84057152835442
2023-03-19 04:00:00,1541.3473508957936,23544.441512251266,65.4654454255693
2023-03-19 05:00:00,1575.0884971082673,24021.087168762955,65.57107453306752
2023-03-19 06:00:00,1721.7105639410277,25432.001522777766,67.69858685322133
2023-03-19 07:00:00,2275.720645089259,25710.49999959577,88.5132784319651
2023-03-19 08:00:00,2359.401955289907,27912.50000102006,84.52850712776294
2023-03-19 09:00:00,4769.443452875794,30202.499999929372,157.91551867848514
2023-03-19 10:00:00,6631.380348950258,31149.500000076878,212.88882161620222
2023-03-19 11:00:00,7058.2768713620135,31255.000000100667,225.8287272864911
2023-03-19 12:00:00,7442.24479214767,32498.500000064923,229.00271680640037
2023-03-19 13:00:00,7314.017760026043,31935.500000087668,229.02468287660957
2023-03-19 14:00:00,7370.963291859132,31301.50000004121,235.48274976756474
2023-03-19 15:00:00,7649.173875832893,31550.000000069234,242.44608164234887
2023-03-19 16:00:00,8454.366210558637,32438.500000102344,260.62753242387794
2023-03-19 17:00:00,9036.473641092116,33625.500000126485,268.7387144000275
2023-03-19 18:00:00,9493.87841399752,34228.50000015838,277.36764433012223
2023-03-19 19:00:00,9168.593433281456,34665.00000011613,264.4913726597646
2023-03-19 20:00:00,8134.584839871746,32657.500000062024,249.08780034773932
2023-03-19 21:00:00,6857.0531500558545,29862.000000009506,229.6247120103701
2023-03-19 22:00:00,6294.401522651343,26848.499999990723,234.44145939823522
2023-03-19 23:00:00,4433.548425498009,24529.999999938555,180.73984612756277
2023-03-20 00:00:00,3951.6348201943138,24298.99999979196,162.62540928549103
2023-03-20 01:00:00,3777.0688329261193,24280.49999986738,155.55976330581123
2023-03-20 02:00:00,3534.7115176438406,24272.999999790587,145.62318286467828
2023-03-20 03:00:00,3428.7157653514955,24035.999999787982,142.64918311623148
2023-03-20 04:00:00,3454.270623628195,22958.499999816893,150.45715633232768
2023-03-20 05:00:00,4000.560209056923,24567.499999880718,162.8395322713482
2023-03-20 06:00:00,5068.900155204356,28061.499999948675,180.63539565645556
2023-03-20 07:00:00,6977.234854339724,32520.00000004277,214.55211729183725
2023-03-20 08:00:00,7474.620397296301,35249.00000008032,212.05198437627362
2023-03-20 09:00:00,7750.192751786559,36874.00000007745,210.1804185000347
2023-03-20 10:00:00,8047.797729978874,37662.00000008322,213.6848210387417
2023-03-20 11:00:00,7938.305508987018,37350.5000000746,212.53545491951013
2023-03-20 12:00:00,7715.967707138535,37686.500000066255,204.74089414312738
2023-03-20 13:00:00,6622.256530707245,34635.500000043445,191.19852552147185
2023-03-20 14:00:00,7308.571772384377,35521.00000007653,205.75354782716227
2023-03-20 15:00:00,7448.294021003114,36195.50000006405,205.77955881228146
2023-03-20 16:00:00,8465.20666126067,37800.00000010843,223.9472661702748
2023-03-20 17:00:00,8966.955237425627,37970.000000154636,236.15894752144084
2023-03-20 18:00:00,9420.516749625516,39270.50000021217,239.88787383849504
2023-03-20 19:00:00,8183.481492644006,38209.000000110405,214.17680370123162
2023-03-20 20:00:00,6858.024163314312,35648.50000004527,192.37903876195642
2023-03-20 21:00:00,4812.234027939369,31576.499999922034,152.3992218248144
2023-03-20 22:00:00,3565.059823811126,28799.499999808617,123.78894855239908
2023-03-20 23:00:00,1231.2325076775792,25929.689620490626,47.48350349340905
2023-03-21 00:00:00,1414.1036244204608,27816.00001718833,50.83777766561132
2023-03-21 01:00:00,1375.7047685105983,27923.795340429377,49.266396338279584
2023-03-21 02:00:00,1387.424472015056,28703.64117533257,48.336183675797386
2023-03-21 03:00:00,1056.82217857333,28068.295045363302,37.651812369270004
2023-03-21 04:00:00,1096.4490329304447,27152.012859778657,40.38186924088629
2023-03-21 05:00:00,1067.861849889602,27402.16383622721,38.96998267260296
2023-03-21 06:00:00,1524.8528993973202,29811.000001739383,51.15067925625942
2023-03-21 07:00:00,1836.400501609197,33300.50000217908,55.146334183841944
2023-03-21 08:00:00,1959.8647380955917,35465.500002159824,55.261161917250206
2023-03-21 09:00:00,3373.056919237654,37054.999999641674,91.02838805209207
2023-03-21 10:00:00,4030.7719888593215,36874.49999979688,109.31055306191338
2023-03-21 11:00:00,3444.5359787000866,36498.99999971824,94.37343430578036
2023-03-21 12:00:00,3429.8492383967346,36782.999999735024,93.24550032410197
2023-03-21 13:00:00,2867.409230110845,36437.49999943766,78.69390683101469
2023-03-21 14:00:00,2069.653310233063,35377.99999866755,58.5011394174632
2023-03-21 15:00:00,2216.580113335992,35563.99999933683,62.326513141866066
2023-03-21 16:00:00,3341.8921464362347,35958.99999976992,92.93618138595671
2023-03-21 17:00:00,4276.331642183808,37100.4999998581,115.26345041711471
2023-03-21 18:00:00,4828.1464315086505,38076.99999989383,126.79954911159264
2023-03-21 19:00:00,4344.829292912043,37692.49999982272,115.27039312681508
2023-03-21 20:00:00,3216.2406587095893,35770.499999526946,89.91321504457927
2023-03-21 21:00:00,1555.9594273156104,33002.13193510936,47.14723977151006
2023-03-21 22:00:00,534.7376299569578,30328.00146323916,17.63181232383934
2023-03-21 23:00:00,381.5051864847097,29244.732216326436,13.04526174706182
2023-03-22 00:00:00,457.91097088694323,29242.726204028666,15.658969950067734
2023-03-22 01:00:00,456.0564685260571,29095.50283493541,15.674465951434364
2023-03-22 02:00:00,428.8644336056469,28137.27460681535,15.241861182311109
2023-03-22 03:00:00,140.18038755108333,29646.163076774727,4.728449586816948
2023-03-22 04:00:00,107.20438726218788,30165.926795097726,3.553823755867819
2023-03-22 05:00:00,154.60439876465642,30873.302344078355,5.007705267211568
2023-03-22 06:00:00,179.71517519717446,31080.926210261816,5.782169230781768
2023-03-22 07:00:00,734.1627644221005,33546.430401836595,21.884974217164597
2023-03-22 08:00:00,878.9088084849077,36172.45036165896,24.29774039904436
2023-03-22 09:00:00,927.9205541743863,37777.01985871559,24.56309570328122
2023-03-22 10:00:00,789.6044436972028,38378.6064910318,20.57407800571694
2023-03-22 11:00:00,708.8705110514957,38935.79066054891,18.206141419641128
2023-03-22 12:00:00,794.3549057218725,39148.89949710861,20.290606273122453
2023-03-22 13:00:00,867.5779064579438,39298.89131788837,22.07639649271818
2023-03-22 14:00:00,874.9560880528034,38159.12775217571,22.92914276592489
2023-03-22 15:00:00,892.1539817945841,38616.96337620829,23.102644635808822
2023-03-22 16:00:00,786.7085844531988,36689.104271691554,21.44256721634397
2023-03-22 17:00:00,772.1457321440208,36662.00001267861,21.061200476705967
2023-03-22 18:00:00,915.3389706646525,37655.00001276967,24.308563812355334
2023-03-22 19:00:00,963.5725336285661,37248.50001345046,25.868760709306937
2023-03-22 20:00:00,948.321827832618,34937.5000128379,27.143379677542868
2023-03-22 21:00:00,951.6472432893228,32114.500010257518,29.63294595853469
2023-03-22 22:00:00,773.291969300312,29453.33073189585,26.25482246267286
2023-03-22 23:00:00,92.78322833635096,28702.99544708005,3.232527716747061
2023-03-23 00:00:00,105.71682264800674,29763.30803395566,3.551917768260135
2023-03-23 01:00:00,103.80642043320151,29534.78642279969,3.514717152417498
2023-03-23 02:00:00,105.18430397642354,29212.372200064252,3.6006765645753407
2023-03-23 03:00:00,50.912160585795,28162.192391394878,1.8078195006348834
2023-03-23 04:00:00,19.217979392253493,27529.399847949688,0.698089297202198
2023-03-23 05:00:00,42.00787502682172,28000.48816963372,1.5002550945657755
2023-03-23 06:00:00,157.11031831065233,29035.13668025679,5.411041113420474
2023-03-23 07:00:00,1171.0771775091432,32880.97892006621,35.6156421119954
2023-03-23 08:00:00,1532.4812797824857,34976.72284089758,43.814318647102816
2023-03-23 09:00:00,1328.1671650107596,36403.49999449053,36.48460079969702
2023-03-23 10:00:00,1022.2900093655214,37089.50000296698,27.56278756207938
2023-03-23 11:00:00,1210.5822460354934,38300.5000051635,31.607478906862525
2023-03-23 12:00:00,1388.0439614537763,37185.00000282295,37.32806135130836
2023-03-23 13:00:00,1369.1149564589787,36585.49998356787,37.422338278113116
2023-03-23 14:00:00,1385.849940192098,36553.117092663626,37.9133176707998
2023-03-23 15:00:00,1494.1088352986403,35835.176611885334,41.693915771105594
2023-03-23 16:00:00,1559.7411274190713,35795.18703887183,43.57404602259148
2023-03-23 17:00:00,1807.183948935809,37381.50000003374,48.34434008625063
2023-03-23 18:00:00,2060.416803920149,37795.49999991557,54.514870921796295
2023-03-23 19:00:00,2297.4812904254927,37482.99999867534,61.293954339478866
2023-03-23 20:00:00,1802.4949631196691,34985.619143142176,51.521025131635874
2023-03-23 21:00:00,1399.5657027073526,31676.91872955219,44.18250760613477
2023-03-23 22:00:00,947.3362863490759,28804.65832312549,32.888301458813615
2023-03-23 23:00:00,668.4466835763251,28779.389917705932,23.22657587557396
2023-03-24 00:00:00,897.6553570658751,30226.73220174386,29.697400005882443
2023-03-24 01:00:00,681.9524188377279,29420.908951317047,23.179175734038626
2023-03-24 02:00:00,426.8162670023667,27715.725536049296,15.399786898856942
2023-03-24 03:00:00,442.62396249891555,27701.846721959573,15.978139181170272
2023-03-24 04:00:00,314.64660247917544,26778.912984844334,11.749789943200883
2023-03-24 05:00:00,414.65690156955725,26572.22384829463,15.604900212225534
2023-03-24 06:00:00,389.47361410142236,28036.19999730756,13.89181180540962
2023-03-24 07:00:00,1352.1746158421358,32513.043960390478,41.58868106872564
2023-03-24 08:00:00,1696.3494586700915,34912.40603135428,48.588729666658516
2023-03-24 09:00:00,1404.932850452857,35927.21451210733,39.104975699671904
2023-03-24 10:00:00,1710.134200491576,36561.499997334424,46.7741805072619
2023-03-24 11:00:00,1653.6204232170417,36612.999997414256,45.164843725830345
2023-03-24 12:00:00,1643.7527487918817,36346.99999813835,45.22389052400673
2023-03-24 13:00:00,1576.5853009960597,35565.240867121,44.32938629282744
2023-03-24 14:00:00,1400.844261446824,34623.99744116255,40.45876747268465
2023-03-24 15:00:00,1489.770582209697,34559.25647629216,43.10771509889652
2023-03-24 16:00:00,1485.6633833071478,33906.49999916226,43.816477175286586
2023-03-24 17:00:00,1622.8299317168735,34977.50002650455,46.39639569686678
2023-03-24 18:00:00,1799.5592691752329,35967.50002571447,50.03292605515153
2023-03-24 19:00:00,1792.9967206528659,35861.500027111855,49.99781713808213
2023-03-24 20:00:00,1799.4615826711347,33725.000026557645,53.3569038177643
2023-03-24 21:00:00,1732.1135159118915,30921.000001024728,56.0173835210533
2023-03-24 22:00:00,1301.6412429230538,28755.79193544238,45.265358917788724
2023-03-24 23:00:00,893.7317029758726,28115.51359342085,31.787849082188195
2023-03-25 00:00:00,860.0816160412439,27709.932715873118,31.03874790531564
2023-03-25 01:00:00,884.2735651887778,28683.31007461222,30.828853534984926
2023-03-25 02:00:00,889.9741634656144,29337.603726531197,30.33561199344902
2023-03-25 03:00:00,878.623981958903,29961.06997024961,29.325520845261824
2023-03-25 04:00:00,856.7179953779556,30240.0558059487,28.330569258057572
2023-03-25 05:00:00,843.782869470494,30054.344883604736,28.07523746527561
2023-03-25 06:00:00,849.5859423780222,29956.577783495242,28.360580721810845
2023-03-25 07:00:00,860.0927470362207,29643.794410099043,29.01425961661657
2023-03-25 08:00:00,1018.4068037297242,30834.283996344857,33.02839150895956
2023-03-25 09:00:00,1309.5118072029218,32734.1693336611,40.00443065638842
2023-03-25 10:00:00,1654.5448368992986,33222.17090330816,49.80242988078014
2023-03-25 11:00:00,1608.687559857876,32792.01355943111,49.05729734901294
2023-03-25 12:00:00,1663.414966609494,32735.956197941927,50.81308627588129
2023-03-25 13:00:00,1738.2594344625356,32163.887771794678,54.04382227657376
2023-03-25 14:00:00,1735.8538013698594,31377.622812473972,55.32139294758117
2023-03-25 15:00:00,2355.516855581795,30508.000001232354,77.20980908242576
2023-03-25 16:00:00,2363.683730677667,31503.500000849283,75.02924216718606
2023-03-25 17:00:00,4303.402681455072,33358.49999994076,129.0046819090401
2023-03-25 18:00:00,5945.13056438767,33736.99999997884,176.21989401521768
2023-03-25 19:00:00,6653.540333867235,33442.99999999618,198.95165905773987
2023-03-25 20:00:00,6278.155765854687,32147.49999998211,195.2921927321932
2023-03-25 21:00:00,5346.704944258294,29812.499999959233,179.34440064622575
2023-03-25 22:00:00,4771.271260967903,27388.499999932566,174.2071037471804
2023-03-25 23:00:00,4882.578099673466,25048.999999933585,194.92107867325686
2023-03-26 00:00:00,4562.789826781117,24447.49999982469,186.63625429241586
2023-03-26 01:00:00,4137.944518822259,23965.49999987191,172.66255737807995
2023-03-26 02:00:00,3374.317020245999,23481.999999821775,143.69802488168
2023-03-26 03:00:00,3179.265368750135,23630.99999979455,134.53791074342078
2023-03-26 04:00:00,2957.845730018797,23987.99999974086,123.30522469779683
2023-03-26 05:00:00,2594.6745919470277,24246.499999623098,107.01233547057765
2023-03-26 06:00:00,2336.123056750254,24782.9999993191,94.2631262080635
2023-03-26 07:00:00,2801.4937399468968,26755.999999445026,104.70525265379749
2023-03-26 08:00:00,3520.2664158519947,29407.49999964722,119.70641557066138
2023-03-26 09:00:00,3717.7534341029304,30990.499999717882,119.96429338464286
2023-03-26 10:00:00,4963.427897330496,32014.99999989969,155.0344493939106
2023-03-26 11:00:00,5155.014303417086,33136.99999992862,155.5667170663666
2023-03-26 12:00:00,4844.489667948915,33186.99999987929,145.97552258313604
2023-03-26 13:00:00,4653.636264799267,33225.99999986914,140.0600814066573
2023-03-26 14:00:00,4341.974723222351,33438.49999983453,129.8495663155894
2023-03-26 15:00:00,4505.425963041608,34286.499999863794,131.40524588568405
2023-03-26 16:00:00,5279.558110109405,35633.99999993021,148.1606923196875
2023-03-26 17:00:00,5408.168571420969,35087.49999994445,154.1337676217893
2023-03-26 18:00:00,5696.679384834183,35063.99999993464,162.46518893579744
2023-03-26 19:00:00,5466.184598452577,34006.4999999364,160.739405656648
2023-03-26 20:00:00,4951.583880784844,32286.999999901742,153.36153500789524
2023-03-26 21:00:00,4221.97258323263,29452.99999984514,143.34609660322647
2023-03-26 22:00:00,3913.1096991791737,26056.999999811098,150.1749894158016
2023-03-26 23:00:00,3357.2892291005955,24925.999999704272,134.69025231246198
2023-03-27 00:00:00,3373.6526915109434,25228.499999578264,133.72387147739022
2023-03-27 01:00:00,3190.827589601749,25604.999999611075,124.61736339192407
2023-03-27 02:00:00,2959.416584677739,25383.499999383792,116.58820039591002
2023-03-27 03:00:00,2946.289791210567,25268.499999412597,116.59931500797663
2023-03-27 04:00:00,3873.3298408651476,24985.499999862128,155.0231070375426
2023-03-27 05:00:00,6015.067894537072,29212.499999997497,205.90733057895036
2023-03-27 06:00:00,8006.193475429536,34359.50000008248,233.01251401825746
2023-03-27 07:00:00,9125.88960004063,38212.00000015204,238.82261069832302
2023-03-27 08:00:00,9301.669749185268,39546.0000001571,235.21139303970858
2023-03-27 09:00:00,9389.047571835203,39482.000000165805,237.80577406908904
2023-03-27 10:00:00,9106.445690820234,38818.50000016214,234.59035487672625
2023-03-27 11:00:00,8726.104854066052,37879.00000014696,230.36787808633272
2023-03-27 12:00:00,8545.975783459911,37193.50000012459,229.77067991534227
2023-03-27 13:00:00,8669.931044069612,36127.00000011425,239.98480482858233
2023-03-27 14:00:00,8546.353311785351,35319.50000010455,241.9726584962996
2023-03-27 15:00:00,9123.611678825398,35755.500000126434,255.16666467517268
2023-03-27 16:00:00,10111.322074652035,36680.00000018987,275.66308818428826
2023-03-27 17:00:00,10706.370565446097,36443.00000024225,293.78400695263633
2023-03-27 18:00:00,10924.721040678385,36292.50000027599,301.0186964412842
2023-03-27 19:00:00,10256.355593491891,36117.500000189146,283.97191371047774
2023-03-27 20:00:00,9084.660002960603,33701.50000010482,269.5624824690993
2023-03-27 21:00:00,7801.04074810821,30082.00000004041,259.325867565246
2023-03-27 22:00:00,5066.707047942156,26301.999999928736,192.6358089862324
2023-03-27 23:00:00,3910.390830456814,24949.499999828713,156.73223232865027
2023-03-28 00:00:00,3604.3366274848045,25250.999999726733,142.74035196720172
2023-03-28 01:00:00,3598.8829722703454,26302.499999755353,136.82665040600017
2023-03-28 02:00:00,3356.3898193618315,26097.49999968597,128.609630018286
2023-03-28 03:00:00,3211.9962541195237,25649.499999730477,125.22646656477806
2023-03-28 04:00:00,3577.8076461014352,26595.49999980608,134.52680514100214
2023-03-28 05:00:00,5218.056284561515,31487.99999994386,165.71571025694925
2023-03-28 06:00:00,6023.582765711873,34786.99999998914,173.15614355114712
2023-03-28 07:00:00,5670.597956837854,36455.999999979045,155.54635606871608
2023-03-28 08:00:00,5494.0677483514455,38267.99999995863,143.56819662269743
2023-03-28 09:00:00,5445.946069433294,39022.49999995906,139.55912792463343
2023-03-28 10:00:00,5648.420893291441,39609.99999998242,142.60088092133165
2023-03-28 11:00:00,5089.107435445499,39571.499999945234,128.60537092231888
2023-03-28 12:00:00,4287.686775535709,39136.49999985277,109.55723622582087
2023-03-28 13:00:00,4228.570092588456,38852.49999985856,108.83649939138664
2023-03-28 14:00:00,4073.2009208476566,37955.99999982307,107.31375595074938
2023-03-28 15:00:00,4717.011044511228,38394.99999990736,122.85482600657922
2023-03-28 16:00:00,5732.483603908757,39149.99999998423,146.4235914153529
2023-03-28 17:00:00,6858.196424445086,39053.50000003225,175.61028907625243
2023-03-28 18:00:00,6515.098072543937,38641.500000009626,168.60365339187956
2023-03-28 19:00:00,6104.224416753599,37020.99999998746,164.8854546542683
2023-03-28 20:00:00,5072.311869207285,33791.999999933556,150.10392605401452
2023-03-28 21:00:00,3720.971683928106,29794.499999798343,124.8878713840907
2023-03-28 22:00:00,2563.3651436402974,26638.99999908692,96.22602739322646
2023-03-28 23:00:00,2197.8124562952626,25322.999997422965,86.79115651853755
2023-03-29 00:00:00,2552.5527537944354,26006.49999876441,98.15056827776553
2023-03-29 01:00:00,2744.32798495725,26085.99999920272,105.20309687346187
2023-03-29 02:00:00,2809.8143565291048,25255.999999356325,111.25334006179584
2023-03-29 03:00:00,2857.8402706808874,24104.99999954531,118.55798675522898
2023-03-29 04:00:00,3994.9261831882873,25045.99999984372,159.50356077669943
2023-03-29 05:00:00,5779.375874878732,29491.99999995413,195.9641894373973
2023-03-29 06:00:00,7052.126353847698,33589.00000002268,209.95344767164656
2023-03-29 07:00:00,7053.637661213426,35813.000000027256,196.95746408309995
2023-03-29 08:00:00,6871.5532529111215,37514.00000001565,183.1730354776418
2023-03-29 09:00:00,6116.313680598808,37660.49999998154,162.4065979103253
2023-03-29 10:00:00,5964.169827588797,37532.9999999777,158.90469260630218
2023-03-29 11:00:00,5068.762537520925,38144.99999991908,132.88144022890754
2023-03-29 12:00:00,4086.166436382241,37941.499999810134,107.69649160952225
2023-03-29 13:00:00,2874.1163792790508,37494.99999934376,76.65332389196837
2023-03-29 14:00:00,2626.004704804112,37234.49999936638,70.52611703792984
2023-03-29 15:00:00,2291.401542756778,37240.49999934741,61.52982754788285
2023-03-29 16:00:00,2560.1257863394876,37786.999999610714,67.75149618561575
2023-03-29 17:00:00,2964.0332744398775,37370.99999972314,79.31372653827395
2023-03-29 18:00:00,2989.2068099162916,37161.99999956879,80.43718879368649
2023-03-29 19:00:00,2339.2475276817063,35537.99999864249,65.8238372381975
2023-03-29 20:00:00,1641.4222110514604,32873.99999438562,49.93071154504443
2023-03-29 21:00:00,1519.3568952659834,31697.85491771008,47.932483103678265
2023-03-29 22:00:00,1444.318186431266,28908.824951357037,49.961151615865546
2023-03-29 23:00:00,1572.914346912864,28298.518598864244,55.582921820366685
2023-03-30 00:00:00,1569.1573994969808,27923.787774515622,56.19428897569037
2023-03-30 01:00:00,1584.0715546213685,27895.88947063837,56.78512442805139
2023-03-30 02:00:00,1591.1370626512419,28670.543447526354,55.49727599560107
2023-03-30 03:00:00,1599.9550106180295,29002.242730353606,55.166596097188176
2023-03-30 04:00:00,1460.0498961463984,28224.02583806724,51.73074544798467
2023-03-30 05:00:00,1385.256037582009,27429.894134140482,50.50169099478429
2023-03-30 06:00:00,2011.145024458168,32311.000000125896,62.24335441336795
2023-03-30 07:00:00,2898.267021013316,34764.99999977,83.36738159161486
2023-03-30 08:00:00,3631.378002354914,35416.49999982366,102.53350845998318
2023-03-30 09:00:00,3268.730805122151,35850.499999794476,91.17671455463355
2023-03-30 10:00:00,3993.986699156246,35710.99999988602,111.84191703309885
2023-03-30 11:00:00,4302.137554493267,36446.499999886895,118.03979955569444
2023-03-30 12:00:00,3885.1443959454346,36357.499999796855,106.85950343030028
2023-03-30 13:00:00,2955.0125950632837,34837.99999947048,84.82153381675752
2023-03-30 14:00:00,2789.8224865105126,33777.99999926499,82.59288550450646
2023-03-30 15:00:00,2766.804744239242,34124.999999360894,81.07852730523253
2023-03-30 16:00:00,3816.655798870706,34541.499999802894,110.49479029261859
2023-03-30 17:00:00,4742.226395860213,34940.499999908316,135.72291168909024
2023-03-30 18:00:00,5366.983542121144,34907.9999999236,153.7465206294514
2023-03-30 19:00:00,5478.492225245925,33981.49999994371,161.2198468359254
2023-03-30 20:00:00,4404.636633366216,31375.499999878986,140.3845877638031
2023-03-30 21:00:00,3013.904209170514,28709.999999297623,104.97750641742418
2023-03-30 22:00:00,1777.5454803906696,27327.258614857266,65.04660805691847
2023-03-30 23:00:00,1850.4604941507087,27730.421928275493,66.73034037985104
2023-03-31 00:00:00,1846.8655855224667,28262.720401694143,65.34634880412152
2023-03-31 01:00:00,1860.2754464479976,28480.68443645743,65.31709062675138
2023-03-31 02:00:00,1860.275845046901,28467.616599163855,65.3470879294314
2023-03-31 03:00:00,1753.3803924385957,28633.761616473847,61.23472060442887
2023-03-31 04:00:00,1363.6204679423404,27388.554907881608,49.78796700040319
2023-03-31 05:00:00,1522.4648038714904,27348.999997964627,55.668024570726374
2023-03-31 06:00:00,1849.0526021852281,32784.49999928535,56.40020748297319
2023-03-31 07:00:00,2986.712433046813,35295.499999832355,84.6202046453797
2023-03-31 08:00:00,3888.054000193353,36196.4999999009,107.41519208221784
2023-03-31 09:00:00,4268.866613030482,36254.99999994866,117.74559682903121
2023-03-31 10:00:00,5832.953870711852,36257.50000002807,160.87578764965414
2023-03-31 11:00:00,6537.021300777816,36417.50000005212,179.50219814013758
2023-03-31 12:00:00,6255.399796986963,35813.000000000335,174.66841082810444
2023-03-31 13:00:00,5578.785434025809,35103.99999996185,158.92164522652325
2023-03-31 14:00:00,4946.198633358599,34485.49999992391,143.4283578132697
2023-03-31 15:00:00,5207.145448195531,35239.49999994299,147.76445319042423
2023-03-31 16:00:00,5568.609586343325,35714.50000000084,155.92013289681205
2023-03-31 17:00:00,5647.003009693402,35197.500000000684,160.4376165833736
2023-03-31 18:00:00,5351.301685756991,35010.9999999434,152.84629647155583
2023-03-31 19:00:00,4742.750581612863,34032.49999991167,139.35945292368098
2023-03-31 20:00:00,3649.4129793800707,31686.49999974493,115.17248605587388
2023-03-31 21:00:00,2576.105798295714,28902.999998491003,89.12935675985918
2023-03-31 22:00:00,2346.6985889731477,26637.49998559453,88.09755383358927
2023-03-31 23:00:00,1817.4800749662315,26379.905066336854,68.89638421350881
2023-04-01 00:00:00,1627.9174971216974,25421.458132599353,64.0371409315081
2023-04-01 01:00:00,1666.695724568281,24853.499999418487,67.06080530336885
2023-04-01 02:00:00,1437.8651038827575,24817.873997329625,57.93667515748811
2023-04-01 03:00:00,1554.2694717769375,24535.30855928398,63.34827491659212
2023-04-01 04:00:00,1548.985283068938,24137.106421492652,64.1744398031762
2023-04-01 05:00:00,1923.0125982724621,24220.9999997625,79.39443451101599
2023-04-01 06:00:00,2316.554207028865,26422.500003218658,87.67354363692588
2023-04-01 07:00:00,4463.460221408358,29522.999999851065,151.1858625963105
2023-04-01 08:00:00,5207.693317135033,31607.49999993152,164.7613166857966
2023-04-01 09:00:00,5370.986333143769,32551.499999958145,164.99965694824127
2023-04-01 10:00:00,5209.220836033034,32672.499999945063,159.43747298314466
2023-04-01 11:00:00,5122.651550619557,32539.499999953754,157.42871127788806
2023-04-01 12:00:00,4922.254549453962,32196.99999991463,152.87929153234813
2023-04-01 13:00:00,4567.049451182633,31835.99999990286,143.45550481205456
2023-04-01 14:00:00,4384.374842840365,31688.499999897555,138.35854782821968
2023-04-01 15:00:00,4463.3711515580335,31615.499999913674,141.1766744656963
2023-04-01 16:00:00,5398.837974506861,32599.999999965086,165.6085268255412
2023-04-01 17:00:00,5929.2102330061425,32715.000000010124,181.23827702901752
2023-04-01 18:00:00,6362.635114966659,32728.999999993794,194.4035905456282
2023-04-01 19:00:00,6187.016109472066,31940.000000000906,193.70745489893207
2023-04-01 20:00:00,5447.777447380647,30527.999999969445,178.45182938240632
2023-04-01 21:00:00,4354.717826339878,27870.99999990905,156.24548191145234
2023-04-01 22:00:00,3685.054976341681,25181.999999831456,146.3368666653302
2023-04-01 23:00:00,3220.2488732355564,23621.499999679112,136.32702721162084
2023-04-02 00:00:00,3456.8373912934376,23563.499999637548,146.70305308407538
2023-04-02 01:00:00,3394.1376153108795,23216.999999768228,146.19191176055315
2023-04-02 02:00:00,3118.1882969917847,22687.999999620533,137.43777754953888
2023-04-02 03:00:00,3078.853581263646,22672.999999590775,135.79383325185094
2023-04-02 04:00:00,3171.097696771183,22803.99999966972,139.05883602951727
2023-04-02 05:00:00,3299.081512440317,22931.999999754727,143.8636626755452
2023-04-02 06:00:00,4173.265763062571,25053.999999800802,166.5708375147981
2023-04-02 07:00:00,5237.005402559126,27518.000000001746,190.31199224357854
2023-04-02 08:00:00,5882.413400745589,29730.500000071883,197.85786988888066
2023-04-02 09:00:00,6224.381870062608,31049.500000103322,200.46641234293293
2023-04-02 10:00:00,7256.70069440171,32009.500000130374,226.70459377285349
2023-04-02 11:00:00,7350.781328345165,32556.000000144304,225.78883549307602
2023-04-02 12:00:00,7267.082171281859,33189.50000008442,218.95726573956745
2023-04-02 13:00:00,7123.1234673588615,32913.00000009462,216.42279547104138
2023-04-02 14:00:00,6983.348380898806,32002.000000082713,218.21599840262348
2023-04-02 15:00:00,7064.545704085498,32242.500000081698,219.10663577785832
2023-04-02 16:00:00,7534.101273939244,33022.5000000982,228.150542021859
2023-04-02 17:00:00,7538.302943467014,32505.000000082062,231.91210409007792
2023-04-02 18:00:00,7686.244347869977,31976.00000006574,240.37541743351812
2023-04-02 19:00:00,7740.81100157089,31910.50000005802,242.57880639779432
2023-04-02 20:00:00,7007.9548492394915,30142.500000010128,232.49414777265113
2023-04-02 21:00:00,5907.753210732916,27949.499999966847,211.372411339735
2023-04-02 22:00:00,4856.495368971201,25571.999999929092,189.91456941125713
2023-04-02 23:00:00,4587.423652563725,24619.99999990878,186.32914917062234
2023-04-03 00:00:00,4855.813854548685,25018.499999861393,194.08892837602522
2023-04-03 01:00:00,4889.510839829629,25345.99999992246,192.91055156019044
2023-04-03 02:00:00,5033.874058734713,25226.499999930915,199.54706593259067
2023-04-03 03:00:00,4793.355640953918,23978.49999992655,199.90223078877332
2023-04-03 04:00:00,5518.23388399409,25112.999999945867,219.73614797140863
2023-04-03 05:00:00,6873.184326726559,28596.000000009593,240.3547463534849
2023-04-03 06:00:00,8063.265396422468,32610.000000072025,247.26358161314502
2023-04-03 07:00:00,8775.090764385091,35930.50000010247,244.22400925008188
2023-04-03 08:00:00,8662.66456453171,37965.000000100015,228.17501816169863
2023-04-03 09:00:00,8295.56496890022,38099.500000093554,217.73422141707505
2023-04-03 10:00:00,8316.426162085607,37977.000000095664,218.98586412999072
2023-04-03 11:00:00,7661.6013598191375,38454.0000000697,199.24068652949632
2023-04-03 12:00:00,6860.011642799219,37409.00000002609,183.37864264734247
2023-04-03 13:00:00,6558.445467382815,36019.50000002506,182.08041386966096
2023-04-03 14:00:00,6288.628943082933,34862.00000000988,180.38635026909387
2023-04-03 15:00:00,6308.386299781097,34489.000000006476,182.91009596624755
2023-04-03 16:00:00,6769.183595931623,35410.00000002258,191.16587393186407
2023-04-03 17:00:00,7153.783705132921,35258.50000003908,202.8952934788772
2023-04-03 18:00:00,7404.022365288506,35098.00000004653,210.95282823177078
2023-04-03 19:00:00,6921.204535571224,34932.5000000191,198.13081043633983
2023-04-03 20:00:00,5925.616643631288,32789.49999996581,180.7168954585299
2023-04-03 21:00:00,5124.599433461966,29673.999999922642,172.6966176947943
2023-04-03 22:00:00,4480.753061593847,27112.49999988909,165.2652120465533
2023-04-03 23:00:00,4072.3500972002967,25749.49999987453,158.15258926270957
2023-04-04 00:00:00,4512.602702600678,25915.999999891286,174.12419750808795
2023-04-04 01:00:00,4847.054219074211,25992.499999929165,186.47895427863497
2023-04-04 02:00:00,5061.521070577945,25553.499999937234,198.07545230948313
2023-04-04 03:00:00,5334.236148294471,25465.49999995497,209.46913071818355
2023-04-04 04:00:00,6671.175962709574,27988.500000010903,238.35417984911572
2023-04-04 05:00:00,8019.671360259892,31044.00000005908,258.33241077968785
2023-04-04 06:00:00,9199.543586066406,33925.50000014943,271.1689904651629
2023-04-04 07:00:00,10157.80190957138,36874.0000002094,275.4732849572516
2023-04-04 08:00:00,9808.462079205146,37568.50000019161,261.0820788467764
2023-04-04 09:00:00,8830.976108269651,37875.00000012741,233.16108536607115
2023-04-04 10:00:00,7598.551744973268,37571.50000005914,202.24243761791004
2023-04-04 11:00:00,7039.2210884583355,37686.50004355992,186.78362491401577
2023-04-04 12:00:00,6328.74191951876,36779.49999999193,172.07253822156767
2023-04-04 13:00:00,5874.141582742607,35731.50008584971,164.39672470031195
2023-04-04 14:00:00,5633.284546202893,34830.500057034355,161.73424260284764
2023-04-04 15:00:00,5687.705273740364,34655.000051487565,164.12365503650372
2023-04-04 16:00:00,6826.356320135,35706.50005629325,191.17965382697483
2023-04-04 17:00:00,7413.554126931825,35577.00010154569,208.38052971784242
2023-04-04 18:00:00,8064.303347496223,35249.00000009716,228.7810532915542
2023-04-04 19:00:00,8016.455136304542,35261.50010478861,227.34299767399528
2023-04-04 20:00:00,6731.318130898569,33424.00001654353,201.3917582445799
2023-04-04 21:00:00,5664.431407899737,31357.500081139973,180.64040160225082
2023-04-04 22:00:00,4220.375797969543,28789.00013341196,146.59681747930716
2023-04-04 23:00:00,4129.706371755876,28087.00015482972,147.0326609816232
2023-04-05 00:00:00,4348.648736119906,28307.999999899577,153.61907362354575
2023-04-05 01:00:00,4209.973818866917,28014.000142094403,150.28106652076886
2023-04-05 02:00:00,4249.678805273256,28048.500138570755,151.51180220967794
2023-04-05 03:00:00,4461.620314892457,28364.00014563184,157.2986987725553
2023-04-05 04:00:00,4743.326158833903,28867.500179594528,164.31371366845272
2023-04-05 05:00:00,5749.035347782477,31197.000157155126,184.28167191786608
2023-04-05 06:00:00,6647.701588203241,32935.50000002379,201.84000814314157
2023-04-05 07:00:00,7595.621423075074,35949.5001769965,211.28587005878285
2023-04-05 08:00:00,7630.818972909997,37287.500140220756,204.6481781887784
2023-04-05 09:00:00,7848.825107228754,38047.000149405554,206.29287661070393
2023-04-05 10:00:00,7580.877878113938,38270.00016753568,198.0893087255529
2023-04-05 11:00:00,7356.234861851782,38427.50022009356,191.43152220984805
2023-04-05 12:00:00,6975.359860660697,37707.00000001658,184.9884599850858
2023-04-05 13:00:00,6870.642413415408,36876.50026557791,186.31492587241954
2023-04-05 14:00:00,7204.590839801595,36219.50020485393,198.91469509665063
2023-04-05 15:00:00,7529.47116266003,36557.000212244224,205.96523563052492
2023-04-05 16:00:00,8325.81276660635,36822.50022797914,226.10666617037808
2023-04-05 17:00:00,9231.56902551845,36720.000257403764,251.40438346421612
2023-04-05 18:00:00,9626.6306598069,36649.500000177075,262.6674486626117
2023-04-05 19:00:00,8956.044236781607,35045.500121301964,255.5547561251034
2023-04-05 20:00:00,8479.223739145265,32164.000145392627,263.6246642462437
2023-04-05 21:00:00,7567.812564494035,29087.00017071841,260.1785168658429
2023-04-05 22:00:00,5934.330113238498,26014.500313066033,228.11624447223855
2023-04-05 23:00:00,5464.112890150492,24399.000345854532,223.94822790675772
2023-04-06 00:00:00,5300.036927448458,24897.99999995068,212.86998664386525
2023-04-06 01:00:00,5007.14809743,25413.500299251722,197.0270934137094
2023-04-06 02:00:00,4574.996759622295,24949.00028120777,183.37395118265724
2023-04-06 03:00:00,4809.951666532181,26306.00025722432,182.84618032006753
2023-04-06 04:00:00,5226.269361170825,27828.500256149287,187.80276741704654
2023-04-06 05:00:00,6065.86986305186,30358.000203847492,199.81124653537253
2023-04-06 06:00:00,6853.063614353091,32449.500000019656,211.19165516722722
2023-04-06 07:00:00,7211.107591211979,34517.000304348316,208.91466603786978
2023-04-06 08:00:00,7255.415588627078,36085.00021877095,201.0645848590824
2023-04-06 09:00:00,6690.956809666766,36180.00021409451,184.93523410926335
2023-04-06 10:00:00,6944.154817997311,37061.000186833735,187.3709501359946
2023-04-06 11:00:00,6236.493083091527,37074.00024196474,168.21743114821274
2023-04-06 12:00:00,5355.331515924795,37119.49999997723,144.27272770183004
2023-04-06 13:00:00,3671.8518310379554,35841.50032224248,102.4469343644993
2023-04-06 14:00:00,3011.4867391783023,34540.00025057859,87.18838208832544
2023-04-06 15:00:00,3473.7853612746085,35114.50020575927,98.92737589654939
2023-04-06 16:00:00,4571.122167275536,35289.50017406538,129.53207454706038
2023-04-06 17:00:00,5409.6488111062445,34761.50020331264,155.62184541709524
2023-04-06 18:00:00,5904.085746809011,34377.499999971325,171.74273134503485
2023-04-06 19:00:00,6429.843779281329,34131.000168718776,188.38720657164663
2023-04-06 20:00:00,5384.334703344934,31786.00007341055,169.3932766283798
2023-04-06 21:00:00,4625.378148635913,29051.0001015733,159.21579747560634
2023-04-06 22:00:00,4117.374001348642,26300.00012668911,156.55414378383793
2023-04-06 23:00:00,3668.6651682011616,24939.000208894584,147.10554302384259
2023-04-07 00:00:00,3825.858202073675,24823.500037805377,154.12243222136354
2023-04-07 01:00:00,3979.6121196209197,24539.500124587667,162.17168644089438
2023-04-07 02:00:00,3972.6667472021895,23896.500082340153,166.24471087873013
2023-04-07 03:00:00,4213.634283444657,23575.500071640632,178.72937034804656
2023-04-07 04:00:00,4393.980210377407,23341.000082670784,188.2515828291205
2023-04-07 05:00:00,5306.973930326058,25245.00007063203,210.21881225897707
2023-04-07 06:00:00,6278.4993982626065,27674.50000000133,226.86947906059024
2023-04-07 07:00:00,7194.8790520678085,30429.500090307058,236.44420811105104
2023-04-07 08:00:00,6959.397400429942,31314.00001738101,222.24555778779745
2023-04-07 09:00:00,6451.815508995625,31362.00001103345,205.7207928934958
2023-04-07 10:00:00,6166.830615294987,31511.50000584023,195.70095406921436
2023-04-07 11:00:00,6305.681396292216,32046.500025977155,196.76661698409433
2023-04-07 12:00:00,6167.077820986064,31687.500000006352,194.62178527762768
2023-04-07 13:00:00,5910.698600562812,30706.500006206064,192.49014376005752
2023-04-07 14:00:00,5733.190756566271,29022.00000001577,197.54637022132025
2023-04-07 15:00:00,6238.23442260458,29200.50000005038,213.6345070322021
2023-04-07 16:00:00,7264.373361774493,30198.000000055305,240.5580952964166
2023-04-07 17:00:00,7765.799549585079,30708.500000053205,252.88762230560346
2023-04-07 18:00:00,8200.449904751666,30575.50000004988,268.2032969121776
2023-04-07 19:00:00,8343.636158643803,30529.50000005904,273.2975043360575
2023-04-07 20:00:00,7937.693428034993,28970.500000029628,273.9922827713321
2023-04-07 21:00:00,7617.403909956942,26638.00000003161,285.96005368075316
2023-04-07 22:00:00,6562.616247712129,24208.499999987045,271.0872729708838
2023-04-07 23:00:00,5983.8378778935585,22520.99999996851,265.7003631233926
2023-04-08 00:00:00,5829.827208619965,22535.99999995835,258.68952824950037
2023-04-08 01:00:00,5630.851613546749,22610.4999999577,249.03702322183423
2023-04-08 02:00:00,5276.338339090149,22220.49999994105,237.4536279158501
2023-04-08 03:00:00,5227.569324925556,22270.999999942127,234.72539737502316
2023-04-08 04:00:00,5150.209386680067,22556.999999939093,228.3197848425754
2023-04-08 05:00:00,5489.862136975132,23585.999999949676,232.75935457419
2023-04-08 06:00:00,6218.215241012378,25538.499999978067,243.48396503387897
2023-04-08 07:00:00,6960.862782183595,28201.500000015396,246.8259767097422
2023-04-08 08:00:00,7165.328542728977,29901.00000002485,239.6350805231605
2023-04-08 09:00:00,6685.983991091687,30698.500000015807,217.79513627989132
2023-04-08 10:00:00,6307.22071246925,30628.500000011092,205.926529620026
2023-04-08 11:00:00,5833.554593945128,30435.999999988275,191.6662700074706
2023-04-08 12:00:00,5202.885888163292,29507.49999992122,176.32418497592758
2023-04-08 13:00:00,5190.863206796461,28437.999999948373,182.53263966544358
2023-04-08 14:00:00,5331.156880349662,28069.99999996383,189.92365088551946
2023-04-08 15:00:00,5688.320754776789,28345.999999990014,200.67454860575717
2023-04-08 16:00:00,6271.220351282597,29297.0000000101,214.05674134827575
2023-04-08 17:00:00,6413.901501120753,29439.00000000238,217.87090258229676
2023-04-08 18:00:00,6570.007485043439,29669.49999999283,221.43977771937602
2023-04-08 19:00:00,6626.794280663111,29449.500000007007,225.0223019291171
2023-04-08 20:00:00,6299.967735724893,28297.999999973745,222.62943443814893
2023-04-08 21:00:00,5848.277008906198,26264.499999956795,222.66850725944977
2023-04-08 22:00:00,4971.34076677726,24106.499999934542,206.2240792645452
2023-04-08 23:00:00,4514.040632924628,22828.499999891425,197.73706695341775
2023-04-09 00:00:00,4263.519186386389,22826.499999839896,186.77936549257632
2023-04-09 01:00:00,3988.970929760028,22497.4999998476,177.3072976902789
2023-04-09 02:00:00,3554.7433069567865,21767.499999798536,163.30507899343917
2023-04-09 03:00:00,3422.211101845487,21976.999999785112,155.7178460153319
2023-04-09 04:00:00,3255.0043366967593,21888.999999745323,148.70502703342459
2023-04-09 05:00:00,3324.7447870940678,22382.999999716052,148.53883693589978
2023-04-09 06:00:00,3100.120885972624,23736.49999949497,130.60564472599515
2023-04-09 07:00:00,3541.7465467354104,26486.999999651813,133.71640981545545
2023-04-09 08:00:00,3631.1884030837855,29145.499999669082,124.58830361891249
2023-04-09 09:00:00,3283.8005844022496,30928.999999591924,106.17221974346329
2023-04-09 10:00:00,3263.8778652671917,32219.499999627285,101.30131955197778
2023-04-09 11:00:00,2611.305000418788,32651.999998865096,79.97381478958565
2023-04-09 12:00:00,1996.6634058160005,32440.499999008956,61.54847816393082
2023-04-09 13:00:00,1806.2164737555445,31030.44257819044,58.207886310491524
2023-04-09 14:00:00,1520.8331169204282,31428.770907383376,48.389837496417904
2023-04-09 15:00:00,1214.8844736187114,30645.82004525732,39.642746443873484
2023-04-09 16:00:00,1534.1560747412427,30265.99999737016,50.68909254194631
2023-04-09 17:00:00,1517.0264941265782,30875.99999877465,49.13287000216295
2023-04-09 18:00:00,2163.0114364462374,31203.4999991671,69.31951340407241
2023-04-09 19:00:00,1810.2664055275957,30872.49999857219,58.63685822694365
2023-04-09 20:00:00,910.4644507789701,30022.02686895828,30.326548395716692
2023-04-09 21:00:00,265.79821633350036,27805.135886170083,9.559320890271389
2023-04-09 22:00:00,170.46792090455773,26601.999999643136,6.408086644118658
2023-04-09 23:00:00,58.84261726611075,27185.17501692164,2.164511254000891
2023-04-10 00:00:00,52.30470510344764,27580.82175097845,1.8964157622168052
2023-04-10 01:00:00,16.358415164857746,27711.023047183116,0.5903215892464357
2023-04-10 02:00:00,64.49454635621986,27077.114294658688,2.381884038837264
2023-04-10 03:00:00,19.008376229196813,26942.686221545962,0.7055115467289927
2023-04-10 04:00:00,24.308355735342403,27408.872940176672,0.8868790697230952
2023-04-10 05:00:00,207.92628809662116,27533.238868575874,7.551828140855988
2023-04-10 06:00:00,364.69171667484716,28228.49983094855,12.91927374316273
2023-04-10 07:00:00,727.1333607695389,29516.12122989089,24.63512583872887
2023-04-10 08:00:00,868.848020330418,30214.325830204427,28.75616107448787
2023-04-10 09:00:00,872.2918236810447,30869.50000073081,28.257400465196838
2023-04-10 10:00:00,783.8680118855744,31470.0000014665,24.90842109466305
2023-04-10 11:00:00,1080.206855821483,32888.50000152941,32.84451573562948
2023-04-10 12:00:00,971.0790254573253,32169.499999714968,30.186326348433433
2023-04-10 13:00:00,630.0729081096327,32113.999945872696,19.619882579921658
2023-04-10 14:00:00,434.7420377590919,33271.024072756445,13.066686399805615
2023-04-10 15:00:00,207.37235683855738,31722.499996902046,6.537074847783401
2023-04-10 16:00:00,665.4081642114253,31973.499994551497,20.811239442814063
2023-04-10 17:00:00,900.4423948864871,31969.999999809115,28.165229743255033
2023-04-10 18:00:00,1345.4240129743616,30915.50000070085,43.51940007258045
2023-04-10 19:00:00,1294.7582813261538,31030.00000028686,41.72601615579066
2023-04-10 20:00:00,948.9954683704417,29577.999995704282,32.084504310915804
2023-04-10 21:00:00,804.1780394601772,28495.187261359522,28.2215390298793
2023-04-10 22:00:00,101.39519524350082,26981.271878852884,3.7579842677087196
2023-04-10 23:00:00,18.729457588156137,27242.567521916382,0.6875070630948595
2023-04-11 00:00:00,18.0997972802708,27627.880638697512,0.6551279671781619
2023-04-11 01:00:00,20.213670201581984,27573.63849770855,0.7330795391134832
2023-04-11 02:00:00,8.342379816608574,27138.9415287507,0.30739518001358845
2023-04-11 03:00:00,39.67257629027089,26990.150810810454,1.4698908712425833
2023-04-11 04:00:00,0.08385569567010809,26404.138522811463,0.0031758542547283713
2023-04-11 05:00:00,858.7861150962398,28548.20943955612,30.081960723824384
2023-04-11 06:00:00,1687.9799654545789,32560.99999953868,51.84054437758343
2023-04-11 07:00:00,2000.313706538632,34711.00000043571,57.627660007303824
2023-04-11 08:00:00,2199.0801999890014,35849.50000010952,61.34200476944681
2023-04-11 09:00:00,2270.855534485479,36271.499999123465,62.60715808666188
2023-04-11 10:00:00,2884.445811740395,35996.99999956235,80.13017228589781
2023-04-11 11:00:00,2927.516967465326,35945.4999994165,81.44321173757073
2023-04-11 12:00:00,2802.162211156891,34960.999999385065,80.15108867612994
2023-04-11 13:00:00,3118.0412877486733,34540.499999468244,90.27203682044777
2023-04-11 14:00:00,2783.4149297005783,35017.999998935455,79.4852627158945
2023-04-11 15:00:00,3185.0858826917165,35264.99999955586,90.31861286634994
2023-04-11 16:00:00,3976.1375014427363,36886.49999983573,107.79384060456924
2023-04-11 17:00:00,4008.085982974465,37892.49999986489,105.77517933598352
2023-04-11 18:00:00,3125.1892409660018,37882.9999997509,82.49582242659112
2023-04-11 19:00:00,2636.556612265972,37781.9999995621,69.7834051213946
2023-04-11 20:00:00,1245.481112559788,35392.49999853058,35.19053789959731
2023-04-11 21:00:00,955.0594205710626,34340.12845025283,27.81176028373391
2023-04-11 22:00:00,955.0612877497135,32418.620895377397,29.460268863130345
2023-04-11 23:00:00,850.2957781282254,31902.07493996511,26.653306398670107
2023-04-12 00:00:00,117.61366304601023,30786.493925883788,3.8203006594111186
2023-04-12 01:00:00,318.42371293984036,31561.65374844705,10.088942597170085
2023-04-12 02:00:00,616.6353754902169,32527.158524039773,18.957554347530284
2023-04-12 03:00:00,913.7805285927175,32538.038199511866,28.083454908674426
2023-04-12 04:00:00,853.1978448008817,31355.072729803105,27.21083928438521
2023-04-12 05:00:00,1094.9983163567063,33221.80335087842,32.96023111062552
2023-04-12 06:00:00,1067.721376756356,33361.88809887745,32.00422510835897
2023-04-12 07:00:00,1200.5642049082273,35208.999999340784,34.098219345357876
2023-04-12 08:00:00,1057.0109725482782,36881.499999873995,28.65965246944646
2023-04-12 09:00:00,1191.3632185015906,37514.99999944777,31.756983033963156
2023-04-12 10:00:00,1393.224529194946,37456.49999999035,37.19580124131472
2023-04-12 11:00:00,1558.6301755287118,38353.93833422889,40.638073773449115
2023-04-12 12:00:00,1610.9821704162723,39433.80629075077,40.85281949549287
2023-04-12 13:00:00,1653.3984562279113,38383.9258125564,43.075282718659295
2023-04-12 14:00:00,1633.4892381547497,37399.067798403514,43.677271502058126
2023-04-12 15:00:00,1531.4953054851012,36847.49999997917,41.56307227046521
2023-04-12 16:00:00,1931.3610535976532,37192.999997861196,51.92807930816867
2023-04-12 17:00:00,1932.5424765172463,37035.49999887116,52.18081237126947
2023-04-12 18:00:00,2153.9532377334035,36590.99999849894,58.8656565226904
2023-04-12 19:00:00,2525.109616180513,35182.49999875942,71.77175062231369
2023-04-12 20:00:00,1821.8425461385996,32738.500000066408,55.64832066633792
2023-04-12 21:00:00,1302.727604731604,29771.999999776366,43.756805210983124
2023-04-12 22:00:00,1313.1414484046215,27385.499998124058,47.95024551293836
2023-04-12 23:00:00,1420.66855896193,28477.932622963428,49.88664654035882
2023-04-13 00:00:00,1371.4196486650844,28784.913202687105,47.643695814134354
2023-04-13 01:00:00,1446.5907622676143,29036.695594355613,49.81940033661455
2023-04-13 02:00:00,1374.9942319867994,29341.116340528468,46.862369380524875
2023-04-13 03:00:00,1292.921870700275,28662.148429611087,45.109035488928924
2023-04-13 04:00:00,1239.1194304276937,28328.96263965038,43.740374336664594
2023-04-13 05:00:00,1476.5055707204303,30352.499999660256,48.64527043034206
2023-04-13 06:00:00,1976.5933908910022,34034.99999933581,58.07531631936463
2023-04-13 07:00:00,2529.115929811316,35878.9999996977,70.49014548433973
2023-04-13 08:00:00,3432.7958674998154,36533.99999977202,93.96167590521806
2023-04-13 09:00:00,3756.920048831794,36943.99999981502,101.69229235736803
2023-04-13 10:00:00,3503.615951156426,37217.49999976551,94.1389387029892
2023-04-13 11:00:00,3177.0267920368487,37521.49999969058,84.67216907807651
2023-04-13 12:00:00,3004.626523286769,36615.49999959094,82.05886914886692
2023-04-13 13:00:00,2773.240726401973,35550.99999949527,78.007390128023
2023-04-13 14:00:00,2850.547771445517,34716.49999969165,82.10930743222488
2023-04-13 15:00:00,3496.037747789999,34756.999999827334,100.5851410595669
2023-04-13 16:00:00,4732.598951101555,36101.49999996684,131.091476839076
2023-04-13 17:00:00,5676.416492876943,35860.000000002685,158.29382300269154
2023-04-13 18:00:00,6120.287984818274,34578.000000013024,176.99947899866876
2023-04-13 19:00:00,6236.788660139761,34449.50000001598,181.04148565688524
2023-04-13 20:00:00,6038.081079372088,31911.99999999028,189.21036222655826
2023-04-13 21:00:00,5830.646489715402,29650.99999998944,196.64249063159687
2023-04-13 22:00:00,5650.588177304152,28420.999999976564,198.8173596041241
2023-04-13 23:00:00,5502.649908735234,27462.499999966014,200.36959157913677
2023-04-14 00:00:00,5699.653696914176,26988.99999997563,211.18432312865698
2023-04-14 01:00:00,5581.419698550222,26214.499999971205,212.91345242351952
2023-04-14 02:00:00,5467.916054686389,25267.49999997411,216.4011498839217
2023-04-14 03:00:00,6172.944183164757,25884.499999995227,238.48033314013776
2023-04-14 04:00:00,7561.447376817794,28431.500000053282,265.9531638078759
2023-04-14 05:00:00,8860.973201092553,31192.50000012821,284.07383829626133
2023-04-14 06:00:00,9595.442951115992,32938.500000212065,291.31390169723016
2023-04-14 07:00:00,10281.67160447055,35363.00000023044,290.74658836647205
2023-04-14 08:00:00,10175.359298690912,36873.50000022305,275.95317229526245
2023-04-14 09:00:00,9868.574568699987,37575.50000020045,262.6332202804312
2023-04-14 10:00:00,8768.791228972592,37268.00000014067,235.29009415422058
2023-04-14 11:00:00,8381.909795595857,37948.00000012912,220.8788288069816
2023-04-14 12:00:00,8104.9975830417425,37138.00000009755,218.24001246756566
2023-04-14 13:00:00,7556.642656860471,35738.50000009088,211.4426362841545
2023-04-14 14:00:00,7757.322621562422,34772.500000093096,223.08786027871602
2023-04-14 15:00:00,8059.556338420079,35162.00000007954,229.21211359996153
2023-04-14 16:00:00,8770.145325667183,35740.00000011689,245.3873901969362
2023-04-14 17:00:00,9069.908249685184,35252.500000132284,257.2841145919055
2023-04-14 18:00:00,9230.855777052622,34569.00000015574,267.0269830487152
2023-04-14 19:00:00,9012.672168915036,33547.00000012218,268.65806685790716
2023-04-14 20:00:00,8680.26673828993,31633.500000100856,274.40108550309816
2023-04-14 21:00:00,8184.6352539358495,30191.50000007877,271.09071274744537
2023-04-14 22:00:00,6173.745261173203,26226.00000002931,235.4055235707429
2023-04-14 23:00:00,5771.7026543048105,24314.000000014643,237.3818645348908
2023-04-15 00:00:00,5702.651808036519,24511.49999996747,232.65209424327713
2023-04-15 01:00:00,5564.277847660925,24045.50000003068,231.40620272624088
2023-04-15 02:00:00,5572.987409986441,23621.50000004367,235.92859936820852
2023-04-15 03:00:00,5402.537010482624,22906.000000036824,235.8568501909517
2023-04-15 04:00:00,5599.8305668617395,23139.000000015967,242.00832217718462
2023-04-15 05:00:00,5660.505859984011,24653.000000043547,229.6071820863186
2023-04-15 06:00:00,6296.734812693345,27631.500000014472,227.8824824092086
2023-04-15 07:00:00,6881.349025952616,30157.000000090316,228.1841372129856
2023-04-15 08:00:00,6921.920846648903,31814.500000091848,217.57125985412057
2023-04-15 09:00:00,7023.995046612125,33148.00000010194,211.8980043016328
2023-04-15 10:00:00,7388.287698799003,33352.500000081855,221.52125624108749
2023-04-15 11:00:00,7112.371565871261,33040.00000006456,215.26548322812843
2023-04-15 12:00:00,6235.354834287146,31513.999999972955,197.85983481286087
2023-04-15 13:00:00,5446.139803876733,29890.49999995529,182.20303453889628
2023-04-15 14:00:00,5264.92007819521,29425.499999946973,178.9237252792543
2023-04-15 15:00:00,5878.046366447302,30197.99999998225,194.65018764324645
2023-04-15 16:00:00,6389.675382594558,30725.49999998538,207.96001310304464
2023-04-15 17:00:00,6983.600909472444,31309.500000015483,223.05054087318516
2023-04-15 18:00:00,7011.5391970857445,30947.00000000617,226.5660386171308
2023-04-15 19:00:00,7077.18580129187,31340.50000000204,225.81598255584336
2023-04-15 20:00:00,6572.022139517271,29866.499999986,220.0466120744095
2023-04-15 21:00:00,5915.744933924931,27305.999999964377,216.6463390438969
2023-04-15 22:00:00,4729.6778274822855,25137.999999910477,188.14853319671928
2023-04-15 23:00:00,4518.204407345529,23816.49999989683,189.70900037222518
2023-04-16 00:00:00,4727.563007515618,24140.499999895685,195.8353392653858
2023-04-16 01:00:00,4564.918985950663,24142.999999893327,189.0783658191125
2023-04-16 02:00:00,4540.253935445543,23241.99999990609,195.34695531640514
2023-04-16 03:00:00,4494.967301828351,22820.49999990968,196.97058792954326
2023-04-16 04:00:00,4439.398996879067,22487.49999990608,197.41629780534115
2023-04-16 05:00:00,4657.7052544372555,23103.499999919597,201.6017163829491
2023-04-16 06:00:00,5169.8662931946965,25004.999999935793,206.75330106810523
2023-04-16 07:00:00,5843.507418128284,27162.4999999741,215.13142818716452
2023-04-16 08:00:00,6463.580040287991,29576.500000011165,218.53769175817123
2023-04-16 09:00:00,6629.822743966648,30946.50000002522,214.23497791224355
2023-04-16 10:00:00,7084.270829134119,31873.500000027507,222.26209324761965
2023-04-16 11:00:00,6775.452748099597,32209.50000000764,210.35572573613342
2023-04-16 12:00:00,6440.479080119853,31363.999999995613,205.34622752584983
2023-04-16 13:00:00,6513.069928418059,31300.000000000266,208.08530122741226
2023-04-16 14:00:00,6846.149040344129,31150.000000032232,219.7800655003867
2023-04-16 15:00:00,7423.213169131967,32146.000000061384,230.92183068244236
2023-04-16 16:00:00,8262.054698886854,32918.00000008271,250.98896345057696
2023-04-16 17:00:00,8590.38458482358,32380.00000009751,265.2990915626223
2023-04-16 18:00:00,8590.765050438285,31637.00000009156,271.5417090878852
2023-04-16 19:00:00,8337.25443366575,31231.000000077645,266.9544501823516
2023-04-16 20:00:00,7867.62962701174,29309.00000005408,268.43732733963026
2023-04-16 21:00:00,7127.0354540038925,26838.500000030588,265.5526744786694
2023-04-16 22:00:00,6751.501002897597,25372.50000000953,266.0952213181618
2023-04-16 23:00:00,6399.488412239294,24081.999999994405,265.737414344356
2023-04-17 00:00:00,6311.719578364863,23541.999999996482,268.104646094886
2023-04-17 01:00:00,6110.273291777972,22975.499999979842,265.9473479046521
2023-04-17 02:00:00,6204.5471339519845,22996.99999998895,269.79810992542355
2023-04-17 03:00:00,6954.095417994046,24709.500000023847,281.43408073766506
2023-04-17 04:00:00,7694.646500301699,26475.5000000548,290.6327170510764
2023-04-17 05:00:00,9074.18614046718,30050.500000129967,301.96456433097404
2023-04-17 06:00:00,10049.393390712296,32962.000000255735,304.87814424592943
2023-04-17 07:00:00,9990.791182832232,34112.50000020955,292.87771880603475
2023-04-17 08:00:00,9469.888008525955,35018.500000167274,270.42528973201934
2023-04-17 09:00:00,9533.066132592494,35721.50000016948,266.8719435787205
2023-04-17 10:00:00,9544.889473874024,36111.000000177126,264.32082949315185
2023-04-17 11:00:00,9524.363574827677,37307.000000171414,255.2969569995957
2023-04-17 12:00:00,8912.236180617998,35630.50000014396,250.12941666779835
2023-04-17 13:00:00,8257.21673023428,34605.50000010078,238.60995304822163
2023-04-17 14:00:00,8073.622287386215,34504.00000008056,233.99090793436602
2023-04-17 15:00:00,8232.28009923433,35493.50000008894,231.93768152517222
2023-04-17 16:00:00,8533.064371603929,35677.00000010563,239.1755016279021
2023-04-17 17:00:00,8715.92030226723,35110.00000011158,248.24609234518746
2023-04-17 18:00:00,8972.185074636416,34101.000000125896,263.1062160817364
2023-04-17 19:00:00,8468.372020352357,33112.000000103195,255.7493362021613
2023-04-17 20:00:00,8008.129840588266,31590.50000006932,253.49804025167987
2023-04-17 21:00:00,7172.681239605414,28834.000000025688,248.75775957546728
2023-04-17 22:00:00,5702.259843090911,25557.999999964504,223.11056589321663
2023-04-17 23:00:00,4930.919813773617,23995.999999942316,205.48924044780256
2023-04-18 00:00:00,4764.3740212573875,23842.49999988463,199.8269485700091
2023-04-18 01:00:00,4715.087731428578,24009.49999993376,196.38425337643795
2023-04-18 02:00:00,4522.393559018389,23721.49999991946,190.64534532106924
2023-04-18 03:00:00,4455.841938037748,23640.49999991953,188.48340509096317
2023-04-18 04:00:00,5325.246407193629,26042.999999952102,204.47899271218458
2023-04-18 05:00:00,6482.905272891108,29401.500000007265,220.495732288812
2023-04-18 06:00:00,7387.573921635328,32787.500000041,225.31677991997222
2023-04-18 07:00:00,7472.657626589198,35126.00000006037,212.7386444962807
2023-04-18 08:00:00,7295.618484653261,36238.50000004242,201.32230872262156
2023-04-18 09:00:00,6355.568667717143,36593.50000000955,173.68026200597058
2023-04-18 10:00:00,5671.0839673117425,36488.50000000995,155.42113178974734
2023-04-18 11:00:00,4920.765548736675,37176.99999996688,132.36047956373721
2023-04-18 12:00:00,4039.9050568861485,36626.9999998559,110.29855180337027
2023-04-18 13:00:00,3234.3234410028335,35200.499999734275,91.88288351095153
2023-04-18 14:00:00,3125.951206478587,34826.99999968873,89.75654539600097
2023-04-18 15:00:00,3497.6255868637395,35127.49999978192,99.56944237094737
2023-04-18 16:00:00,4355.033635479429,35673.49999990516,122.0803575620841
2023-04-18 17:00:00,4730.696422134586,34728.99999993832,136.2174673080995
2023-04-18 18:00:00,4937.024381378561,34386.999999924665,143.57240763629795
2023-04-18 19:00:00,4779.525238035897,33793.49999993192,141.43327083745473
2023-04-18 20:00:00,3785.89847161983,32072.99999981205,118.04004837844965
2023-04-18 21:00:00,2838.2744697183016,29149.99999949013,97.36790633852303
2023-04-18 22:00:00,1399.5359116634422,27937.62275916315,50.09502503946632
2023-04-18 23:00:00,1360.9321748439627,26633.85267444291,51.09783370356608
2023-04-19 00:00:00,1440.131158382016,26531.53642561145,54.27997592298602
2023-04-19 01:00:00,1393.6948792400542,25760.91668329059,54.10113686459195
2023-04-19 02:00:00,1339.7554266650595,24765.585554363373,54.09746616828981
2023-04-19 03:00:00,1197.1319200506007,23639.810889042976,50.64050324554288
2023-04-19 04:00:00,1586.827786823603,24181.99999647383,65.62020457592386
2023-04-19 05:00:00,1599.4644907242466,28512.99999963578,56.09597344175211
2023-04-19 06:00:00,2684.297850065367,32412.999999608317,82.81547064751193
2023-04-19 07:00:00,4096.103201006999,34605.99999979851,118.36396003672337
2023-04-19 08:00:00,3638.8826580468663,35677.99999970871,101.99233864220461
2023-04-19 09:00:00,3120.7812376566676,36222.99999943774,86.15468728998451
2023-04-19 10:00:00,2675.9335015746765,36339.49999870114,73.63704788646847
2023-04-19 11:00:00,2336.7993734666675,37120.49997805213,62.95172141669222
2023-04-19 12:00:00,1859.5309580135875,37851.98480262717,49.126379176938805
2023-04-19 13:00:00,1825.5703393605256,36858.0090464473,49.52981418665342
2023-04-19 14:00:00,1832.9900316258952,36178.10091355141,50.66573383732541
2023-04-19 15:00:00,1809.639212337803,34844.90502471819,51.93411234882362
2023-04-19 16:00:00,2265.4284843784526,35025.499997898776,64.6794045628002
2023-04-19 17:00:00,2697.9898710697043,34227.49999963994,78.82520987796613
2023-04-19 18:00:00,3819.6842237955834,33391.499999780724,114.39091456869761
2023-04-19 19:00:00,3694.4137535807754,32923.49999974431,112.21205988456472
2023-04-19 20:00:00,3250.388325936283,31751.99999958527,102.36798708675792
2023-04-19 21:00:00,2203.550396956542,28513.499997603587,77.28095102817048
2023-04-19 22:00:00,1581.7402699996912,27977.87627878656,56.535394403720396
2023-04-19 23:00:00,1564.5165051549811,25598.89003019868,61.11657588705374
2023-04-20 00:00:00,1573.467583257706,24725.05925111594,63.63857684938365
2023-04-20 01:00:00,1649.8266233746813,25469.19310250916,64.77734165878009
2023-04-20 02:00:00,1642.840990730987,25001.06605755938,65.71083756783457
2023-04-20 03:00:00,1389.2701537538499,22470.50450968742,61.826389040571456
2023-04-20 04:00:00,1626.1167848838634,23284.000001054468,69.83837763314813
2023-04-20 05:00:00,2442.701096805204,27474.49999975093,88.90793633468665
2023-04-20 06:00:00,5500.155069721049,31879.999999956002,172.5268215096813
2023-04-20 07:00:00,6021.241774718703,34758.49999997351,173.23077160186116
2023-04-20 08:00:00,5737.984196402081,35521.999999979525,161.53325253097765
2023-04-20 09:00:00,4895.913767417672,35730.499999926615,137.02337687487517
2023-04-20 10:00:00,4435.698931035713,35814.99999990236,123.85031218896569
2023-04-20 11:00:00,4010.4636652220856,36448.99999986183,110.02945664455234
2023-04-20 12:00:00,3343.2023470753693,36064.499999797634,92.70064321130555
2023-04-20 13:00:00,3009.898744560592,35204.99999971014,85.49634269522437
2023-04-20 14:00:00,2555.4367929537475,33619.99999943795,76.00942275420789
2023-04-20 15:00:00,3033.990935029594,33965.99999966558,89.3243518536026
2023-04-20 16:00:00,4079.063174202816,34959.99999989162,116.67800841577409
2023-04-20 17:00:00,4555.872336859096,35121.49999992225,129.7174761006558
2023-04-20 18:00:00,4580.381385205266,34355.49999990698,133.32308903138272
2023-04-20 19:00:00,4636.221727650274,33149.99999990017,139.8558590547281
2023-04-20 20:00:00,3759.7976936120926,31454.999999810774,119.52941324542078
2023-04-20 21:00:00,3262.9994193256543,29345.99999973289,111.19060244514942
2023-04-20 22:00:00,2224.3986336793528,26179.499999097538,84.96719317618872
2023-04-20 23:00:00,2091.8958860715984,24833.99999870326,84.23515688897598
2023-04-21 00:00:00,2305.2853319208425,24317.99999895494,94.79748877456665
2023-04-21 01:00:00,2726.545680742305,23731.49999956231,114.89141776931892
2023-04-21 02:00:00,2806.8086488930285,23521.99999964104,119.32695557077894
2023-04-21 03:00:00,3240.4913604266753,24397.999999733816,132.8179096836638
2023-04-21 04:00:00,3838.6121285656523,26347.499999823387,145.69170238509852
2023-04-21 05:00:00,4846.363269887301,29797.999999922424,162.64055540304443
2023-04-21 06:00:00,5421.204908836216,32287.999999952033,167.90153954547418
2023-04-21 07:00:00,5630.399025109941,35254.99999996626,159.70497872969307
2023-04-21 08:00:00,5446.077876342686,36163.49999996015,150.59598424789326
2023-04-21 09:00:00,4385.269892496198,36916.99999988758,118.78727666141755
2023-04-21 10:00:00,3866.515101661967,36572.99999978157,105.72047963484155
2023-04-21 11:00:00,3419.1885679005272,37126.499999661544,92.09563432943308
2023-04-21 12:00:00,3011.771525290284,36526.99999934361,82.45329551686166
2023-04-21 13:00:00,2220.8920641960412,35008.99999971802,63.4377464141772
2023-04-21 14:00:00,2337.7328874604586,34065.49998198412,68.62464630481843
2023-04-21 15:00:00,2946.828076702186,34599.499999446496,85.16967230015831
2023-04-21 16:00:00,4751.071738527045,34516.99999991599,137.64439952888748
2023-04-21 17:00:00,5761.924132835006,33931.49999997868,169.81047501108486
2023-04-21 18:00:00,5843.6679718292235,33267.499999962325,175.65696165434255
2023-04-21 19:00:00,5697.717015389173,32398.499999960575,175.8636052717288
2023-04-21 20:00:00,5533.025181232559,31049.49999993625,178.20013788447218
2023-04-21 21:00:00,5197.8630703271,28376.499999936805,183.17491834224361
2023-04-21 22:00:00,4114.798219552015,25943.499999859465,158.6061333117854
2023-04-21 23:00:00,3372.0200722114378,23966.49999977511,140.69722622172944
2023-04-22 00:00:00,3529.4230170860064,23746.99999976683,148.62605874934357
2023-04-22 01:00:00,3736.186027772599,23488.999999831038,159.0610936097524
2023-04-22 02:00:00,3517.899667309659,22896.499999822816,153.64355544894994
2023-04-22 03:00:00,3295.6289239366174,22287.999999795924,147.86561934524377
2023-04-22 04:00:00,3297.221153344062,22522.999999789088,146.39351566731509
2023-04-22 05:00:00,3646.031682765313,24063.499999806227,151.5170977951949
2023-04-22 06:00:00,4413.520153363997,27094.499999853528,162.8935818482665
2023-04-22 07:00:00,5338.107525718503,30172.999999935833,176.91669789977317
2023-04-22 08:00:00,5900.394713841476,32342.499999964133,182.43471326731142
2023-04-22 09:00:00,5785.841370797566,32985.99999996001,175.4029397563991
2023-04-22 10:00:00,5424.115370021993,33160.499999940745,163.5715797419124
2023-04-22 11:00:00,4820.705560472096,32841.99999989313,146.78477438912927
2023-04-22 12:00:00,4402.115105135245,32100.99999985327,137.13327015218738
2023-04-22 13:00:00,4108.513070760754,31333.99999986151,131.11996779150164
2023-04-22 14:00:00,4192.2383179590815,30221.999999881624,138.71478783586466
2023-04-22 15:00:00,4914.663101140897,31134.999999926684,157.85010763296836
2023-04-22 16:00:00,5655.833967953609,31737.999999977044,178.20385556612578
2023-04-22 17:00:00,5769.599113370498,31669.999999970714,182.1786900339701
2023-04-22 18:00:00,6085.490663739442,31020.9999999589,196.17325888100012
2023-04-22 19:00:00,6532.869675844481,31017.999999986376,210.61543864360536
2023-04-22 20:00:00,6344.1513556181735,29514.499999984484,214.95032460727805
2023-04-22 21:00:00,5635.608690916241,27440.99999996746,205.37184107441144
2023-04-22 22:00:00,3691.513543512688,24938.999999831995,148.02171472543233
2023-04-22 23:00:00,2814.8611732023896,23410.49999904279,120.23925902127182
2023-04-23 00:00:00,2406.6010289329515,22954.49999211435,104.84223266721996
2023-04-23 01:00:00,2173.1662645144534,22839.9999994225,95.14738461337133
2023-04-23 02:00:00,2396.4745530176015,22822.499988242693,105.00490981497103
2023-04-23 03:00:00,2603.694076033634,23021.999998612842,113.0959115711283
2023-04-23 04:00:00,2602.2446059984936,23106.499998621053,112.6195921560509
2023-04-23 05:00:00,2762.8046525466575,23654.49999905675,116.7982689406594
2023-04-23 06:00:00,3372.4875324105524,25489.999999555836,132.30629786070295
2023-04-23 07:00:00,3878.1938844274073,27817.499999767653,139.41561551037296
2023-04-23 08:00:00,4339.405072824594,29955.499999853782,144.8617139705822
2023-04-23 09:00:00,4604.602063642289,31390.49999986066,146.68775787778875
2023-04-23 10:00:00,5008.8399364006555,32281.49999992109,155.16131333466222
2023-04-23 11:00:00,5186.700376423264,32930.99999992363,157.50206117139754
2023-04-23 12:00:00,5148.806331192563,32789.99999989093,157.02367585268954
2023-04-23 13:00:00,4731.163282604545,32442.49999987417,145.83226578170286
2023-04-23 14:00:00,4444.874917503856,32800.49999984551,135.512413454819
2023-04-23 15:00:00,4487.172272725337,33855.99999986153,132.53698820722147
2023-04-23 16:00:00,4283.740764818041,34089.999999877175,125.65974669502714
2023-04-23 17:00:00,4139.833958550405,33332.99999988719,124.19626071953967
2023-04-23 18:00:00,4285.067361815302,33068.49999987501,129.5815462398203
2023-04-23 19:00:00,4487.69647230048,32548.99999988365,137.87509515857698
2023-04-23 20:00:00,3883.5536083281686,30749.499999817323,126.29647988914422
2023-04-23 21:00:00,2496.4550571693135,28182.999999381376,88.5801744748292
2023-04-23 22:00:00,1332.2939000849592,28134.784293793527,47.353975995432116
2023-04-23 23:00:00,1273.8203873785674,27464.193158206803,46.38113270034028
2023-04-24 00:00:00,1329.113233328172,27748.911641831968,47.89785093136808
2023-04-24 01:00:00,1486.649322487577,27875.66609519402,53.33143672372682
2023-04-24 02:00:00,1462.741608188241,27076.2586367471,54.023032790913405
2023-04-24 03:00:00,1349.5210031658667,26076.142542481353,51.75309196777573
2023-04-24 04:00:00,1319.2650102989317,24182.999998150943,54.5534057147502
2023-04-24 05:00:00,1665.0420130880364,27944.49999982524,59.58388996398036
2023-04-24 06:00:00,2918.6480496120444,33175.99999979657,87.97468198788103
2023-04-24 07:00:00,3943.9502218985795,35864.9999998874,109.96654738354836
2023-04-24 08:00:00,4746.82699889553,37397.49999991219,126.92899255048268
2023-04-24 09:00:00,5070.372088298884,37629.499999914464,134.7446043213545
2023-04-24 10:00:00,5078.486844936072,37627.999999913955,134.96563317071556
2023-04-24 11:00:00,5400.981192287791,37805.49999995292,142.8623134806977
2023-04-24 12:00:00,5157.024925578278,37318.999999901724,138.18765040842086
2023-04-24 13:00:00,5004.195753544567,36946.499999903244,135.44437913084252
2023-04-24 14:00:00,4784.88906943909,36098.49999988758,132.55091124157488
2023-04-24 15:00:00,5241.089017229403,36809.49999993145,142.38414043220263
2023-04-24 16:00:00,5974.831107501212,37533.499999981424,159.18662281706125
2023-04-24 17:00:00,6058.543363896602,36999.99999999449,163.7444152404731
2023-04-24 18:00:00,6038.770109116431,35927.49999997059,168.08211284173333
2023-04-24 19:00:00,6209.299312972698,34725.999999982916,178.80836586349574
2023-04-24 20:00:00,5826.019971177123,33059.49999996105,176.22831474111788
2023-04-24 21:00:00,5103.7460971718865,30356.999999925865,168.124192021094
2023-04-24 22:00:00,3992.158704256557,26709.499999834108,149.4658718538854
2023-04-24 23:00:00,3149.7861535614597,24915.999999751577,126.41620459114081
2023-04-25 00:00:00,3322.6552810670123,24927.99999972196,133.29008669384115
2023-04-25 01:00:00,3312.0346961885225,24910.499999766384,132.95737525218618
2023-04-25 02:00:00,3305.9857551897394,24413.99999978602,135.41352319237794
2023-04-25 03:00:00,3357.679623326197,24357.999999796186,137.8470984216394
2023-04-25 04:00:00,4368.2175900862885,26591.49999989139,164.27119907128707
2023-04-25 05:00:00,5758.681512406147,29706.99999997675,193.8493120278269
2023-04-25 06:00:00,7157.1070262651965,34652.000000030836,206.5423936932595
2023-04-25 07:00:00,7387.950965533184,36439.000000058004,202.7484553780681
2023-04-25 08:00:00,7171.904973689647,36672.00000005552,195.56896197858825
2023-04-25 09:00:00,7248.2112381076895,36596.00000006128,198.06020434188306
2023-04-25 10:00:00,7680.310349592183,36833.00000008484,208.51710014320022
2023-04-25 11:00:00,7366.119263697498,37212.500000080865,197.94744410296246
2023-04-25 12:00:00,7068.02806113448,36819.000000044645,191.96686659403866
2023-04-25 13:00:00,6874.380596773845,35411.50000004819,194.12847794542705
2023-04-25 14:00:00,7484.693232028888,34998.50000006566,213.8575433808548
2023-04-25 15:00:00,8106.61488254357,35518.00000008296,228.23962167139578
2023-04-25 16:00:00,8739.333785279876,35489.500000105814,246.2512513631868
2023-04-25 17:00:00,9063.529811656608,35408.00000012893,255.97406833550625
2023-04-25 18:00:00,9240.370533613275,34276.00000013315,269.58719026658247
2023-04-25 19:00:00,9405.031738523412,33905.00000012882,277.39365103930623
2023-04-25 20:00:00,8984.902330439352,32350.000000100248,277.740412068362
2023-04-25 21:00:00,8267.46586642792,29084.50000006152,284.2567644762823
2023-04-25 22:00:00,7380.236088019294,26307.50000003389,280.53734060666295
2023-04-25 23:00:00,7155.762311365391,25028.500000033102,285.90456125440704
2023-04-26 00:00:00,7211.9229699240095,25225.50000003233,285.8981177742668
2023-04-26 01:00:00,7011.9114387644695,25117.00000002705,279.16994222068394
2023-04-26 02:00:00,6932.8070446375405,24598.00000002495,281.8443387523583
2023-04-26 03:00:00,7083.628305518895,24582.000000031316,288.16322128019976
2023-04-26 04:00:00,7800.446880308406,26306.50000005858,296.52165359477834
2023-04-26 05:00:00,8512.089858096517,28360.500000102707,300.13892061373
2023-04-26 06:00:00,9694.045005179098,33130.5000001716,292.60183230343296
2023-04-26 07:00:00,10220.4214544184,36021.500000202985,283.73114540929186
2023-04-26 08:00:00,10112.778782923022,37138.00000020946,272.302729895686
2023-04-26 09:00:00,9778.201727924341,37528.00000019785,260.5574964792366
2023-04-26 10:00:00,9151.106179223103,36833.500000171516,248.4451974202965
2023-04-26 11:00:00,9184.969884531136,36800.00000017119,249.5915729480546
2023-04-26 12:00:00,8965.181938968972,35984.50000013978,249.14010029135176
2023-04-26 13:00:00,8496.946968045328,34930.00000014764,243.25642622414583
2023-04-26 14:00:00,8345.456703570992,34471.00000013001,242.1008007757105
2023-04-26 15:00:00,8827.557317008275,35420.000000145235,249.2252206937346
2023-04-26 16:00:00,9427.573169343343,36172.50000016633,260.628189074573
2023-04-26 17:00:00,9683.594837980936,35561.0000001676,272.30940743891614
2023-04-26 18:00:00,9505.209374641949,34578.00000017025,274.89182065461125
2023-04-26 19:00:00,9262.79894358008,33857.500000147935,273.5818930381631
2023-04-26 20:00:00,8595.168509695017,32083.500000094242,267.8999644574242
2023-04-26 21:00:00,7795.721371538455,29433.500000069256,264.8587959814535
2023-04-26 22:00:00,6470.123725314993,26295.000000002627,246.0590882416561
2023-04-26 23:00:00,6157.223742506376,25422.499999994758,242.19584000423427
2023-04-27 00:00:00,6254.177567698713,25414.99999999843,246.08213919728897
2023-04-27 01:00:00,6110.643105104196,24991.999999990967,244.50396547320764
2023-04-27 02:00:00,6084.967271193031,24903.99999999326,244.3369447154946
2023-04-27 03:00:00,6316.3637516397885,25496.000000002103,247.73940036238108
2023-04-27 04:00:00,6812.275050778585,26852.00000001529,253.6971194240543
2023-04-27 05:00:00,7691.852941886938,29191.50000005317,263.4963239940712
2023-04-27 06:00:00,8333.390853339019,33021.5000000945,252.36257751208063
2023-04-27 07:00:00,8759.790207961783,35817.50000012724,244.5673262491984
2023-04-27 08:00:00,8329.678746449687,36852.000000101085,226.03057490575378
2023-04-27 09:00:00,7668.963067120635,37201.00000006935,206.14937950878576
2023-04-27 10:00:00,6993.985990597568,37520.500000040265,186.40439201476693
2023-04-27 11:00:00,6306.387868261121,37775.50005792729,166.94386198966302
2023-04-27 12:00:00,5344.496772648556,37414.99999994904,142.84369297489872
2023-04-27 13:00:00,4639.39252227479,36674.000102454505,126.50358590047247
2023-04-27 14:00:00,4497.609685721124,36330.00007512472,123.7987799730464
2023-04-27 15:00:00,5148.534538375009,36707.00005572088,140.2602917852067
2023-04-27 16:00:00,6036.023273263103,37119.50006131223,162.6105756622014
2023-04-27 17:00:00,6041.810691613793,37335.000113422146,161.82699004309706
2023-04-27 18:00:00,5859.862286105164,36811.49999998791,159.18564269608922
2023-04-27 19:00:00,5688.715004064883,36519.50015784125,155.77198426806606
2023-04-27 20:00:00,5002.752299382214,34876.000064745596,143.4439812505691
2023-04-27 21:00:00,4044.6767291758224,31949.000109038083,126.59791277886096
2023-04-27 22:00:00,2725.167235436335,26653.5001480369,102.24425386160965
2023-04-27 23:00:00,2262.3100312153592,25263.000199151018,89.55033105257965
2023-04-28 00:00:00,2303.273329989701,25069.999999330663,91.87368687878721
2023-04-28 01:00:00,2379.7922055503,25335.0001869213,93.932985513804
2023-04-28 02:00:00,2555.9139215482114,24573.50017280521,104.0109835218659
2023-04-28 03:00:00,2294.0017413207484,23456.500186534875,97.79812517118869
2023-04-28 04:00:00,3033.376625214967,23754.50022224644,127.69692465994991
2023-04-28 05:00:00,5017.891917569137,27371.000174075114,183.32877445676667
2023-04-28 06:00:00,6311.271722756626,31675.500000007447,199.24773792852972
2023-04-28 07:00:00,7185.27980793266,33887.50025196902,212.03333838456152
2023-04-28 08:00:00,7722.811270655141,34902.000194581386,221.27130902526685
2023-04-28 09:00:00,7996.023070814918,35573.50020947323,224.77470655770824
2023-04-28 10:00:00,8565.182276158552,35566.5002039668,240.82162222987742
2023-04-28 11:00:00,8099.2066290222765,35117.00031070296,230.63492204241032
2023-04-28 12:00:00,7482.975775753367,34037.000000039014,219.84827616255222
2023-04-28 13:00:00,7435.8794717521405,33665.00034625815,220.87863939614172
2023-04-28 14:00:00,7046.11672544833,32714.500334266493,215.38206769026948
2023-04-28 15:00:00,7156.376010644865,32949.00031125575,217.19554290089238
2023-04-28 16:00:00,7564.4711598622525,33473.5003144159,225.98387048887423
2023-04-28 17:00:00,7694.453448452992,32892.000412061476,233.9308449488965
2023-04-28 18:00:00,7855.949483806641,32498.500000041062,241.73267947125916
2023-04-28 19:00:00,7856.661735498404,31781.50049667502,247.20864693976193
2023-04-28 20:00:00,7509.968816927271,30552.500211346814,245.80537648235293
2023-04-28 21:00:00,6685.665506589928,27785.000329245,240.6213938228014
2023-04-28 22:00:00,5909.4666779616555,25121.500393296876,235.23541928007086
2023-04-28 23:00:00,5646.168533371007,23540.000473730655,239.8542234386027
2023-04-29 00:00:00,5687.037814573198,23517.501781069426,241.8215109544934
2023-04-29 01:00:00,5857.882506471037,23585.000444400066,248.37322010150356
2023-04-29 02:00:00,5568.860056962078,22825.00042336701,243.98072086171692
2023-04-29 03:00:00,5445.419604078414,22199.50042108043,245.29469135744588
2023-04-29 04:00:00,5461.159273690767,21945.000402285237,248.85664951375762
2023-04-29 05:00:00,5838.090623322333,23095.0003553206,252.78590749089813
2023-04-29 06:00:00,6489.490977833589,25760.500568009615,251.9163383763004
2023-04-29 07:00:00,7122.039410911605,28567.000625580644,249.3100169758142
2023-04-29 08:00:00,7655.462405081513,30780.00043005568,248.71547427290483
2023-04-29 09:00:00,7826.102481360227,31818.500406315954,245.9607580942674
2023-04-29 10:00:00,7389.074845831574,31832.500438661376,232.123607759614
2023-04-29 11:00:00,7244.563014757076,32112.50059079799,225.59946692015149
2023-04-29 12:00:00,7067.581466933151,31552.50023036432,223.9943400786894
2023-04-29 13:00:00,6866.236256895007,30683.000757558624,223.77981577318636
2023-04-29 14:00:00,6560.018036560359,29640.50062094446,221.3194075381083
2023-04-29 15:00:00,6699.534555047324,29528.500600023523,226.88366896089494
2023-04-29 16:00:00,7322.428946187292,30279.500524717274,241.82793042474282
2023-04-29 17:00:00,7459.490492614457,29978.00074090418,248.83215385461588
2023-04-29 18:00:00,7215.974698775594,29239.000147860796,246.79279942147866
2023-04-29 19:00:00,7350.786894308392,28816.501844416252,255.08949469287327
2023-04-29 20:00:00,6956.270708982895,28086.500252164962,247.67310439280138
2023-04-29 21:00:00,6005.272471702666,26130.000364749365,229.8229004161848
2023-04-29 22:00:00,4598.406588643831,23678.50084099617,194.20176216064755
2023-04-29 23:00:00,3816.800678810878,22215.501842250746,171.80798821982324
2023-04-30 00:00:00,3628.659268506229,22253.010970821273,163.06374329587226
2023-04-30 01:00:00,3410.079043340419,22059.00115091319,154.58900518708435
2023-04-30 02:00:00,3173.871180141528,21580.00106561697,147.07465354106958
2023-04-30 03:00:00,3045.44110355527,20915.50122950972,145.60689080013304
2023-04-30 04:00:00,2949.8967130027368,20664.00124724223,142.75534915564444
2023-04-30 05:00:00,3242.041782411139,21659.00109575893,149.68565577320032
2023-04-30 06:00:00,3810.644396597053,23894.50618495356,159.47784679461705
2023-04-30 07:00:00,4224.953017760433,26451.501130561068,159.72450852247024
2023-04-30 08:00:00,4638.245042209887,28813.000470120358,160.9775089900768
2023-04-30 09:00:00,4754.952326682584,29998.000456403177,158.5089757430023
2023-04-30 10:00:00,5427.94075892656,30686.500419556804,176.88366821611504
2023-04-30 11:00:00,5316.589066467575,30828.000742543154,172.45974239031966
2023-04-30 12:00:00,4781.899018317684,30188.503625922713,158.40132646427338
2023-04-30 13:00:00,4717.248157351091,29902.001697707143,157.75693564062655
2023-04-30 14:00:00,4590.988726258158,29407.501460562366,156.11624579582232
2023-04-30 15:00:00,4719.183072878907,29832.001267801195,158.19197078046855
2023-04-30 16:00:00,5275.186663654305,30536.000640971724,172.75303094460628
2023-04-30 17:00:00,5396.48989979823,30074.500895550194,179.43738845543706
2023-04-30 18:00:00,5187.832098031926,28945.00084720454,179.23067701457532
2023-04-30 19:00:00,5453.028912953266,28597.50177747012,190.68200276323816
2023-04-30 20:00:00,5365.320677691251,27811.500180481642,192.91734149086574
2023-04-30 21:00:00,4839.336345050695,25599.000260611963,189.04395858367818
2023-04-30 22:00:00,3022.267014074298,23542.000488380032,128.3776633836212
2023-04-30 23:00:00,2339.8640101473743,21752.000706403425,107.57005949611603
2023-05-01 00:00:00,2302.049443710271,21790.52752318898,105.64450269781138
2023-05-01 01:00:00,2371.8983191344987,21856.502942504598,108.52140094753403
2023-05-01 02:00:00,2560.511444189959,21389.00032256388,119.71159968092576
2023-05-01 03:00:00,2712.709513766044,21021.50027321795,129.0445248202442
2023-05-01 04:00:00,2815.8044619767306,21022.000244678136,133.94560123695038
2023-05-01 05:00:00,3107.026270786606,22027.000212205618,141.05535210668126
2023-05-01 06:00:00,3988.564212915892,24530.500665677315,162.59611930777373
2023-05-01 07:00:00,4799.094491505297,27079.00032419347,177.2256890597838
2023-05-01 08:00:00,5104.130608296549,29381.50014370364,173.71919688690053
2023-05-01 09:00:00,5099.788735148499,30748.000125896153,165.85757494040809
2023-05-01 10:00:00,5496.849719468275,30976.500105356186,177.45225253894347
2023-05-01 11:00:00,5325.719725646195,31772.00013228912,167.6230550003616
2023-05-01 12:00:00,4625.843432284229,30763.5003882014,150.3679156764085
2023-05-01 13:00:00,4363.3347671460415,29864.000218184763,146.10684219353584
2023-05-01 14:00:00,4798.410670484623,30186.000086695192,158.96146083295
2023-05-01 15:00:00,5564.114048634203,31034.000057812023,179.29090798057075
2023-05-01 16:00:00,5963.334669849018,31735.000055485085,187.91034061518187
2023-05-01 17:00:00,6379.195494392242,31820.000087202316,200.47754484318466
2023-05-01 18:00:00,6458.564994531753,30829.499999992695,209.49301787357183
2023-05-01 19:00:00,6402.890913173791,30096.00030009293,212.7488985024372
2023-05-01 20:00:00,6275.042022522906,29336.999999995987,213.89515023771227
2023-05-01 21:00:00,5638.0205966938465,26486.49999997833,212.86393433252638
2023-05-01 22:00:00,5307.916113232519,23538.99999996394,225.4945457853201
2023-05-01 23:00:00,5010.224501591263,22107.000020085943,226.6352059093989
2023-05-02 00:00:00,4854.798371564018,22514.50082156166,215.62984718340638
2023-05-02 01:00:00,4704.044087899415,22234.999999966152,211.56033676215765
2023-05-02 02:00:00,4700.482529719205,21832.999999967906,215.29256308002172
2023-05-02 03:00:00,4883.475673103721,21264.499999974672,229.6539148867614
2023-05-02 04:00:00,5842.794673665718,22147.49999998088,263.8128309592849
2023-05-02 05:00:00,7047.578277362239,25393.500000027117,277.53473437512406
2023-05-02 06:00:00,8349.824697534257,30190.500000079788,276.5712624008277
2023-05-02 07:00:00,9002.678153541206,33353.50000011637,269.917044793194
2023-05-02 08:00:00,9166.860907302424,34534.50000012229,265.4406725816202
2023-05-02 09:00:00,9092.328404982507,35176.000000126936,258.4810212914969
2023-05-02 10:00:00,9109.51620517174,35612.50000013981,255.7954708356891
2023-05-02 11:00:00,8843.272811554794,35178.50000012718,251.3828847598057
2023-05-02 12:00:00,8569.090882833085,34294.00000009974,249.8714318192151
2023-05-02 13:00:00,8348.883220184065,33761.50000010839,247.29005583748534
2023-05-02 14:00:00,8472.3480179798,33366.00000011591,253.9215973730854
2023-05-02 15:00:00,8559.767790253438,33770.500000119195,253.4687905190396
2023-05-02 16:00:00,8795.830811339421,33946.50000013225,259.1086212512381
2023-05-02 17:00:00,8705.565836338963,33505.500000120126,259.82497907232397
2023-05-02 18:00:00,8456.359678574021,32492.50000009605,260.255741434147
2023-05-02 19:00:00,8341.169993349115,31806.00000011143,262.2514617782774
2023-05-02 20:00:00,8132.957001700287,30778.0000000673,264.2457925038178
2023-05-02 21:00:00,6935.0919246151325,27720.500000026364,250.17917875249495
2023-05-02 22:00:00,5603.101166766166,24798.99999998157,225.94060916852817
2023-05-02 23:00:00,4991.393862399435,23158.999999972395,215.527175715937
2023-05-03 00:00:00,4961.245598034466,22798.499999932814,217.61280777459422
2023-05-03 01:00:00,4782.844388650407,22298.49999995659,214.49175454222114
2023-05-03 02:00:00,4621.57300652937,22222.499999955387,207.96818569191802
2023-05-03 03:00:00,4762.813440243145,22170.499999951946,214.82661375492066
2023-05-03 04:00:00,5305.989040323542,23285.999999954864,227.86176416446907
2023-05-03 05:00:00,6070.226482916471,26535.999999998112,228.75438961851458
2023-05-03 06:00:00,7442.199677042985,31555.500000045344,235.8447711819585
2023-05-03 07:00:00,7873.154394269071,33913.50000009863,232.15399160352584
2023-05-03 08:00:00,7680.598927072383,34551.50000009484,222.29422534625994
2023-05-03 09:00:00,7118.943455577515,34310.500000080094,207.48585580393456
2023-05-03 10:00:00,6514.492935160704,34600.50000006939,188.27742186233263
2023-05-03 11:00:00,6047.438911857815,35221.00000004589,171.6998072698088
2023-05-03 12:00:00,5390.408137185952,34517.99999996481,156.16223817114104
2023-05-03 13:00:00,4669.515834519684,33317.49999996612,140.1520472581806
2023-05-03 14:00:00,4348.99089801241,32550.499999917556,133.6074990560337
2023-05-03 15:00:00,4448.984104699049,32789.99999990636,135.68112548678727
2023-05-03 16:00:00,4811.39213121715,33167.99999996297,145.06126782508807
2023-05-03 17:00:00,5372.714570791012,33210.49999998817,161.77758753385
2023-05-03 18:00:00,5614.577705698364,33002.999999972126,170.12325260440284
2023-05-03 19:00:00,5032.882681630057,31873.999999967116,157.8993123434539
2023-05-03 20:00:00,4214.425160795649,30994.49999988628,135.9733230350905
2023-05-03 21:00:00,2689.8773206983,28004.4999996319,96.0516103031176
2023-05-03 22:00:00,1256.4100784415743,26871.05435189954,46.75700707489201
2023-05-03 23:00:00,1109.3866732844344,26746.282568886934,41.4781631962173
2023-05-04 00:00:00,1180.0465710747458,26620.13932933219,44.32909071119987
2023-05-04 01:00:00,1215.7673052072455,27629.98822043659,44.001730855172795
2023-05-04 02:00:00,1204.2141642573085,27562.05119303244,43.69102124597056
2023-05-04 03:00:00,1119.9461931759795,25637.646356632456,43.68365869459969
2023-05-04 04:00:00,1090.3761419730306,25889.227022440402,42.11698329300866
2023-05-04 05:00:00,1106.3155568619115,28622.068398131545,38.6525369680876
2023-05-04 06:00:00,1603.2025715714833,32468.53291776846,49.37711770445063
2023-05-04 07:00:00,1586.167125957379,34029.00448528778,46.61221066996386
2023-05-04 08:00:00,1485.7672399753503,35076.5046735177,42.357904637433414
2023-05-04 09:00:00,1267.352367336413,35853.757334991315,35.34782576607518
2023-05-04 10:00:00,1535.1444977620158,36032.57742903532,42.60434882254592
2023-05-04 11:00:00,1739.1065491096278,37688.58612734179,46.14411756475961
2023-05-04 12:00:00,1487.7424794115013,38017.17092258213,39.133434795585615
2023-05-04 13:00:00,1350.2943711982348,37727.20389571747,35.79100043911579
2023-05-04 14:00:00,1204.8801063251321,37196.78902892431,32.392046135708505
2023-05-04 15:00:00,1116.8540726009426,36297.57498581844,30.769385366303407
2023-05-04 16:00:00,1054.6696764459946,35368.999999862855,29.819041433178324
2023-05-04 17:00:00,958.4656847243926,35031.500000625936,27.360109750004053
2023-05-04 18:00:00,985.8646310834721,34418.00000082762,28.643867483867915
2023-05-04 19:00:00,1069.8919735949898,33139.00000076763,32.28498064426226
2023-05-04 20:00:00,1204.9154402236175,31354.00000017762,38.429401040275295
2023-05-04 21:00:00,953.8864275705897,28708.351571104027,33.226792043703064
2023-05-04 22:00:00,1074.6107027490484,26798.58791721085,40.099527111982695
2023-05-04 23:00:00,1089.1168159817955,26302.262777261883,41.40772317594398
2023-05-05 00:00:00,1117.5443849400074,25979.537423872316,43.016331149649645
2023-05-05 01:00:00,1159.1989038552474,26341.712733042456,44.00620854091899
2023-05-05 02:00:00,1163.1229476767362,26201.70402191459,44.391118482367524
2023-05-05 03:00:00,1055.7592727380782,23838.499225890744,44.287992408155844
2023-05-05 04:00:00,1397.6571772134403,23086.99999984746,60.53870911000455
2023-05-05 05:00:00,1426.111894419013,26659.00000054648,53.49457573013914
2023-05-05 06:00:00,2747.280863579688,30906.999999793232,88.88862922956183
2023-05-05 07:00:00,4403.128726280909,33531.49999990946,131.31320478632924
2023-05-05 08:00:00,4459.689559789747,34729.49999990235,128.41214413689477
2023-05-05 09:00:00,4522.7368372091105,34538.49999993517,130.94769133626534
2023-05-05 10:00:00,5732.843070181242,34960.999999968866,163.9782348956365
2023-05-05 11:00:00,5663.969261589478,34798.49999998697,162.7647531241749
2023-05-05 12:00:00,5317.44824283578,34200.99999995359,155.47639667971686
2023-05-05 13:00:00,5072.222820508945,32973.99999994257,153.82491722319946
2023-05-05 14:00:00,5219.7560535263,32101.499999981716,162.60162464462013
2023-05-05 15:00:00,5546.453710479791,32496.999999989413,170.675868864252
2023-05-05 16:00:00,6504.820383374528,32809.000000020256,198.26329310160358
2023-05-05 17:00:00,7059.087172166041,32222.500000043947,219.07323057355615
2023-05-05 18:00:00,7170.405549875414,31081.00000002556,230.70060647564483
2023-05-05 19:00:00,7180.848288599439,30002.500000032593,239.3416644810145
2023-05-05 20:00:00,6979.839413992587,29423.000000022428,237.22392053792157
2023-05-05 21:00:00,6245.617607325849,27313.499999996482,228.6641260668407
2023-05-05 22:00:00,5367.106819110247,24319.999999956584,220.68695802301923
2023-05-05 23:00:00,4516.010370647435,22448.499999922424,201.1720324593198
2023-05-06 00:00:00,4374.355182400503,22384.49999987317,195.4189364258879
2023-05-06 01:00:00,4513.900528985873,21857.499999949203,206.5149504287482
2023-05-06 02:00:00,4740.173598681163,21221.499999980082,223.3665668631158
2023-05-06 03:00:00,4988.976421519385,20787.999999986023,239.99309320390321
2023-05-06 04:00:00,5151.472231956466,20682.499999984542,249.07396262348925
2023-05-06 05:00:00,5481.455376551738,21674.000000000426,252.90464965173155
2023-05-06 06:00:00,6020.511700280607,24430.499999972948,246.43423999866044
2023-05-06 07:00:00,6614.444424471031,27578.000000031305,239.84496426367113
2023-05-06 08:00:00,7126.666715523947,30017.000000051026,237.42101860651738
2023-05-06 09:00:00,7069.909766518714,30670.500000027332,230.5117218992978
2023-05-06 10:00:00,7034.368907712493,30773.500000018375,228.58527329384998
2023-05-06 11:00:00,6732.854040311715,30814.99999999877,218.49274834697334
2023-05-06 12:00:00,6652.390506519039,31005.499999976153,214.55517590505414
2023-05-06 13:00:00,6164.453457938706,30296.999999987514,203.4674541354341
2023-05-06 14:00:00,5658.484329596125,29977.999999975116,188.75456433387222
2023-05-06 15:00:00,5215.366961374535,29696.499999977,175.62227741917647
2023-05-06 16:00:00,5378.282477019603,30127.999999975807,178.5144210377032
2023-05-06 17:00:00,5634.778316274235,30049.49999997978,187.51654158232338
2023-05-06 18:00:00,5767.199237036528,29390.999999949057,196.22330771482848
2023-05-06 19:00:00,5949.928418498979,28522.99999997732,208.60107346715668
2023-05-06 20:00:00,5603.560904919857,27791.999999967604,201.62496059752408
2023-05-06 21:00:00,4939.323904158549,25645.999999951135,192.5962685864447
2023-05-06 22:00:00,3608.101798185785,23592.49999982789,152.93427140879967
2023-05-06 23:00:00,3026.4175536617113,22006.999999742708,137.52067767969712
2023-05-07 00:00:00,2825.5720914736403,21417.99999956828,131.92511399433164
2023-05-07 01:00:00,2971.147179812753,21064.49999969655,141.04997412022857
2023-05-07 02:00:00,3089.1985514954886,20502.49999977362,150.67423736274105
2023-05-07 03:00:00,3062.935370817461,19968.999999833904,153.38451453968338
2023-05-07 04:00:00,3095.9660674425068,19868.499999847714,155.82283853669057
2023-05-07 05:00:00,3648.3346180814024,20788.99999991742,175.49351186184495
2023-05-07 06:00:00,4378.669631636682,22414.999999895186,195.3455111156439
2023-05-07 07:00:00,5413.593770662771,25106.999999984044,215.62089340288412
2023-05-07 08:00:00,5905.245011756829,27044.499999992717,218.35290028502723
2023-05-07 09:00:00,5956.517726879404,28274.50000002066,210.667482249909
2023-05-07 10:00:00,6213.90198362705,29219.0000000245,212.66648357650294
2023-05-07 11:00:00,6385.636598696369,30274.000000016593,210.9280768544913
2023-05-07 12:00:00,6081.266529013757,30065.499999953485,202.26726743354226
2023-05-07 13:00:00,5697.370470490008,29345.499999994485,194.1480114665308
2023-05-07 14:00:00,5111.949099857868,28431.499999940006,179.79878303531837
2023-05-07 15:00:00,5320.488546515702,28656.99999996706,185.66104430058337
2023-05-07 16:00:00,5565.154536526662,28600.999999984284,194.57901949336457
2023-05-07 17:00:00,5750.297834677455,28370.999999977983,202.6822401283676
2023-05-07 18:00:00,5945.946873877878,27861.999999947348,213.40703732284524
2023-05-07 19:00:00,5845.736180666096,27258.49999995765,214.45553426179643
2023-05-07 20:00:00,5708.058246414061,27240.499999957225,209.5430791073227
2023-05-07 21:00:00,5017.21249767995,25532.999999943713,196.49913827952102
2023-05-07 22:00:00,3391.2523374780876,23951.999999829488,141.58535143212382
2023-05-07 23:00:00,2791.7573727843974,22700.499999689553,122.98219743276918
2023-05-08 00:00:00,2201.9168740049163,22066.999999285727,99.783245301862
2023-05-08 01:00:00,1612.1368254425101,21075.49999596091,76.49340825847426
2023-05-08 02:00:00,1075.2955223229535,20505.6550707846,52.43897444929614
2023-05-08 03:00:00,979.9158049487969,20416.874600701565,47.995387350575434
2023-05-08 04:00:00,1092.3780008105382,19868.999999130443,54.979012575285395
2023-05-08 05:00:00,1697.158930262191,21963.49999903049,77.27178866469855
2023-05-08 06:00:00,2835.4073907657476,24373.49999969087,116.3315646419968
2023-05-08 07:00:00,2959.2847749122748,26736.99999972286,110.68125724437854
2023-05-08 08:00:00,3202.1926276799136,28959.49999974918,110.57485894810505
2023-05-08 09:00:00,3301.9857458761358,30215.4999996852,109.28118832753182
2023-05-08 10:00:00,3751.252444959857,30976.999999764397,121.09799028273842
2023-05-08 11:00:00,3379.4927432952045,31347.499999661333,107.80740867155961
2023-05-08 12:00:00,2889.5423741345217,30978.99999932711,93.27423009772055
2023-05-08 13:00:00,2794.917337517441,30152.999999290227,92.69118620313834
2023-05-08 14:00:00,3456.7398172409053,30625.999999664746,112.86945135762898
2023-05-08 15:00:00,4299.207435117449,30931.499999881864,138.9912366077904
2023-05-08 16:00:00,4875.209920814263,32014.49999995677,152.28130755816414
2023-05-08 17:00:00,4932.412168569277,31723.499999956613,155.4813361885045
2023-05-08 18:00:00,4505.159245765434,30888.499999893615,145.85231545011737
2023-05-08 19:00:00,4359.257874997117,29883.999999896536,145.8726366956301
2023-05-08 20:00:00,4030.990076115028,28735.499999873857,140.27909993327847
2023-05-08 21:00:00,3214.3566139655595,26319.999999790936,122.1260111698743
2023-05-08 22:00:00,2832.905631548407,23142.499999679712,122.41139166415098
2023-05-08 23:00:00,1931.4066195080823,21954.499997813964,87.97315446493405
2023-05-09 00:00:00,2256.2426093893914,22007.499998810974,102.52153172833317
2023-05-09 01:00:00,2426.2684188022154,21609.99999921965,112.27526232715546
2023-05-09 02:00:00,2401.322409561747,20940.499999238706,114.67359469205833
2023-05-09 03:00:00,2937.7221716892695,20525.99999973784,143.1219999866896
2023-05-09 04:00:00,3728.464793101506,21111.49999990174,176.60823689074013
2023-05-09 05:00:00,5500.693421918136,25143.99999999735,218.76763529743536
2023-05-09 06:00:00,7432.6614553354975,30284.50000002719,245.42790719109854
2023-05-09 07:00:00,8438.859461687824,32841.50000008107,256.9571871463542
2023-05-09 08:00:00,8852.537667077917,34184.00000009637,258.96728490091743
2023-05-09 09:00:00,8889.70532907709,34678.50000011039,256.34630474353827
2023-05-09 10:00:00,8520.361957930354,33910.50000010386,251.26028686997415
2023-05-09 11:00:00,8758.182777302043,35025.00000012808,250.0551827914352
2023-05-09 12:00:00,8328.538914980943,34505.50000008886,241.36844604365956
2023-05-09 13:00:00,8099.197718268915,33490.00000008608,241.83928689901754
2023-05-09 14:00:00,8263.97300993065,33008.50000009623,250.35893814946326
2023-05-09 15:00:00,8250.186184789833,33077.50000008962,249.4198831461713
2023-05-09 16:00:00,8630.181213035328,33430.50000011358,258.1529206265538
2023-05-09 17:00:00,9026.484789242588,33351.00000013774,270.65109859390446
2023-05-09 18:00:00,8894.759910139586,32937.00000012082,270.0537362269472
2023-05-09 19:00:00,8497.165182401144,31378.500000107528,270.7957736148008
2023-05-09 20:00:00,8229.75315658509,30129.50000006614,273.14602487817666
2023-05-09 21:00:00,7538.71427625597,27290.500000037922,276.2395073833566
2023-05-09 22:00:00,5556.638804483319,24353.50000003328,228.16592294642354
2023-05-09 23:00:00,5055.272569072221,23327.00000003553,216.7133608721448
2023-05-10 00:00:00,4739.327565497239,23429.49999989961,202.28035448974782
2023-05-10 01:00:00,4378.455349543505,22955.9999999862,190.7325034651567
2023-05-10 02:00:00,4255.401571386971,22398.499999971078,189.986006714399
2023-05-10 03:00:00,4374.494624702688,21636.499999962543,202.1812504199044
2023-05-10 04:00:00,4929.548109244429,22795.49999996179,216.25093151072326
2023-05-10 05:00:00,6374.648679229744,26811.00000002382,237.7624362845131
2023-05-10 06:00:00,7539.227883279226,30732.000000057415,245.32174551819412
2023-05-10 07:00:00,7882.591015006171,32996.50000008144,238.89173139535148
2023-05-10 08:00:00,7910.446090224675,34069.500000067375,232.1855645139797
2023-05-10 09:00:00,7833.113160373455,34261.00000007185,228.63060507156908
2023-05-10 10:00:00,7734.837762301143,34578.00000007432,223.69245654128403
2023-05-10 11:00:00,7583.517275747742,34648.00000008746,218.87316080953016
2023-05-10 12:00:00,6963.131842349781,33987.00000004097,204.8763304304995
2023-05-10 13:00:00,6771.835738514953,34047.500000048654,198.89377306719365
2023-05-10 14:00:00,5722.697406702731,32915.49999999577,173.8602605673153
2023-05-10 15:00:00,6147.981947826365,33997.000000008746,180.83895484380338
2023-05-10 16:00:00,7119.969990852257,34784.50000005589,204.68800732627514
2023-05-10 17:00:00,7413.641958297924,34425.00000007498,215.3563386574227
2023-05-10 18:00:00,7479.8553041182395,33315.0000000619,224.51914465268928
2023-05-10 19:00:00,7800.804046510231,32042.000000077678,243.45559098967982
2023-05-10 20:00:00,7797.518790863653,30854.000000062013,252.72310853853568
2023-05-10 21:00:00,6962.429150890518,27338.50000002247,254.67487795178212
2023-05-10 22:00:00,6266.257224328189,24684.499999994012,253.85392551316448
2023-05-10 23:00:00,6108.962200665326,23795.49999999314,256.7276249991422
2023-05-11 00:00:00,6057.436486423028,24507.999999981548,247.16159973998649
2023-05-11 01:00:00,5833.9235577851505,24046.49999999436,242.61009118942542
2023-05-11 02:00:00,5850.694797185407,23620.000000011663,247.7008804903691
2023-05-11 03:00:00,6228.787631900398,23642.00000000493,263.46280483457826
2023-05-11 04:00:00,6650.096369645867,23411.000000001724,284.05862071869535
2023-05-11 05:00:00,7675.7351502964,26485.000000044118,289.8144289327398
2023-05-11 06:00:00,8908.717294760652,29859.00000011664,298.35953296245185
2023-05-11 07:00:00,9298.060215380952,32371.000000135056,287.234259532982
2023-05-11 08:00:00,9097.253703559289,33265.00000013297,273.47824150076434
2023-05-11 09:00:00,9024.38216945311,33574.50000013154,268.78679263779816
2023-05-11 10:00:00,8583.189617461207,33728.00002406649,254.48261418811384
2023-05-11 11:00:00,8524.441781323892,34352.00006780902,248.14979519379068
2023-05-11 12:00:00,8259.648075546369,34348.00000010712,240.4695491883257
2023-05-11 13:00:00,7560.4034211024245,32951.000127721774,229.44382239681505
2023-05-11 14:00:00,7264.380879333009,32295.00009779614,224.9382522785235
2023-05-11 15:00:00,7723.622902769853,33206.50008227947,232.59370555861554
2023-05-11 16:00:00,7831.234882191755,32942.50009943493,237.72436392361385
2023-05-11 17:00:00,8134.55227736009,32398.50015392182,251.0780511046406
2023-05-11 18:00:00,7961.355345912918,31854.50000006999,249.92874934139368
2023-05-11 19:00:00,7834.963160409931,30474.5001882807,257.09898807209805
2023-05-11 20:00:00,7533.8689931919625,29551.500151812856,254.94032297814812
2023-05-11 21:00:00,6853.4309570540345,27253.00007598991,251.47436751713647
2023-05-11 22:00:00,5714.874223216846,24431.000130464174,233.91896331295493
2023-05-11 23:00:00,5031.03268813013,22346.50022555698,225.13738783920616
2023-05-12 00:00:00,4880.938496165433,21824.999999912594,223.6397936396326
2023-05-12 01:00:00,4605.944163799349,21573.500233788556,213.50008639699035
2023-05-12 02:00:00,4546.012981469767,21990.50018814055,206.72622007576825
2023-05-12 03:00:00,4423.244851468029,22235.500180674186,198.92715772197732
2023-05-12 04:00:00,4605.765303436179,23612.00020180445,195.06036185296162
2023-05-12 05:00:00,4786.990994226218,25896.000230141697,184.85445442089514
2023-05-12 06:00:00,5456.799614953673,29957.000004773578,182.15440845492355
2023-05-12 07:00:00,5857.232715020933,32528.500271656823,180.06464073366877
2023-05-12 08:00:00,5548.990744840606,33694.50025873557,164.68535524286295
2023-05-12 09:00:00,5725.7793941728705,33934.00025191808,168.73281521972135
2023-05-12 10:00:00,5750.727944001194,34379.50027875271,167.27200504293748
2023-05-12 11:00:00,5366.216483205223,34453.00035010096,155.75469273141252
2023-05-12 12:00:00,4670.382991259939,33827.00011067076,138.0667211393263
2023-05-12 13:00:00,4322.3689474014045,33144.00042973318,130.41180579770466
2023-05-12 14:00:00,4252.211381615237,32349.50038268112,131.445967675338
2023-05-12 15:00:00,4516.028441807992,32273.000380059017,139.93209148903227
2023-05-12 16:00:00,4898.581621001336,32887.50039132253,148.9496484291595
2023-05-12 17:00:00,5044.5323898845145,32092.500426630773,157.18726564847208
2023-05-12 18:00:00,5045.937984980367,31357.500079467874,160.91646247923714
2023-05-12 19:00:00,4955.4529831887685,29831.500493879397,166.1147746894425
2023-05-12 20:00:00,4805.769969448269,28668.500402101352,167.6324154400491
2023-05-12 21:00:00,4382.539964105722,26893.000331819483,162.96210575360578
2023-05-12 22:00:00,3472.421005897124,24061.000523275627,144.31739871074961
2023-05-12 23:00:00,3025.7640471090895,22719.500687042048,133.17916131998527
2023-05-13 00:00:00,2559.2378920825613,21820.507710585756,117.28590031115552
2023-05-13 01:00:00,2359.9268349454874,21601.000807888176,109.25080999412295
2023-05-13 02:00:00,2328.750005131586,21116.500691061803,110.2810564686648
2023-05-13 03:00:00,2607.7038289399698,21299.00108240076,122.43315162299797
2023-05-13 04:00:00,2412.7190088690295,21161.000625565895,114.01724576077355
2023-05-13 05:00:00,3025.4114181359055,22121.50128797319,136.76338593623086
2023-05-13 06:00:00,4023.1427712196232,24720.50525590499,162.74516760771363
2023-05-13 07:00:00,4607.912249337874,27521.00117520501,167.43258066822668
2023-05-13 08:00:00,5067.0197049356475,29214.50068066655,173.44194105254306
2023-05-13 09:00:00,5095.64559883568,29901.00067612544,170.41722630053368
2023-05-13 10:00:00,5279.36065261654,30239.500735855167,174.5849145702584
2023-05-13 11:00:00,5307.444423031768,30489.50157526181,174.0744895396406
2023-05-13 12:00:00,4859.193476556983,30009.006048709205,161.92450588565876
2023-05-13 13:00:00,4412.033105859593,29453.00455794345,149.7990840689858
2023-05-13 14:00:00,4224.911413186588,28712.005409915502,147.14790391226182
2023-05-13 15:00:00,4424.81247745656,28977.5053095684,152.6981853746907
2023-05-13 16:00:00,4933.05047830455,29530.504010887173,167.0493153955603
2023-05-13 17:00:00,5387.35790772258,29479.504935481335,182.74926663501708
2023-05-13 18:00:00,5521.870180847848,28327.508561527084,194.9296094591022
2023-05-13 19:00:00,5740.949076874756,27588.507283134713,208.0920514457949
2023-05-13 20:00:00,5778.434778609038,26603.006730560162,217.2098378628409
2023-05-13 21:00:00,5529.498129435832,25216.00397983364,219.28526557411783
2023-05-13 22:00:00,5183.348227555256,23444.00676636181,221.0948102519952
2023-05-13 23:00:00,4644.815914809476,21612.00903708931,214.91828486830198
2023-05-14 00:00:00,4412.460530061919,20785.52102670987,212.28529823196666
2023-05-14 01:00:00,4189.452884582644,20526.5106023675,204.09961370148508
2023-05-14 02:00:00,3869.9549939910107,20296.511671480224,190.67094171797527
2023-05-14 03:00:00,3654.2903849189306,19761.51233490993,184.91957108279618
2023-05-14 04:00:00,3500.1217457676307,19407.51252304789,180.34880779342384
2023-05-14 05:00:00,3837.364212776896,20436.51349697009,187.77000359409752
2023-05-14 06:00:00,4542.680284044561,22498.519719542594,201.91018523315168
2023-05-14 07:00:00,5280.497372733964,24597.512783276296,214.67606986362227
2023-05-14 08:00:00,5848.059321825022,26616.01020234252,219.71960776113337
2023-05-14 09:00:00,5892.857665559543,28256.51162872603,208.54866103035764
2023-05-14 10:00:00,5942.9366657813225,29514.011418046222,201.3598416563442
2023-05-14 11:00:00,5865.2770568133365,30463.012948594478,192.5376543256189
2023-05-14 12:00:00,5465.118136611467,29781.01479831933,183.51013804002028
2023-05-14 13:00:00,4550.284847636038,28569.016840376655,159.27341402960394
2023-05-14 14:00:00,4730.223727560308,28671.017029631876,164.98276718511798
2023-05-14 15:00:00,5043.958158335869,29268.0154974128,172.33686919366767
2023-05-14 16:00:00,5626.19012066964,30070.014396767652,187.1030072161995
2023-05-14 17:00:00,5881.6378843164985,30006.014734710076,196.0152968102356
2023-05-14 18:00:00,5461.849913267006,28927.012648665837,188.81486241265623
2023-05-14 19:00:00,5522.433849737854,28428.01677316612,194.26025718933056
2023-05-14 20:00:00,5526.242923029487,27817.514152999385,198.66055940996537
2023-05-14 21:00:00,5043.175354697304,25547.012393993526,197.40763721878602
2023-05-14 22:00:00,4487.123942380924,23722.515796439493,189.1504248910394
2023-05-14 23:00:00,3631.6891403720883,22513.519380535323,161.31148040372418
2023-05-15 00:00:00,3040.435930258188,22651.02508588555,134.22950699713647
2023-05-15 01:00:00,2386.7432984942975,22304.022352652803,107.0095456665655
2023-05-15 02:00:00,2121.0259504722353,21831.020339210187,97.1565193708656
2023-05-15 03:00:00,2286.9464009772114,22433.52163157858,101.94326323505035
2023-05-15 04:00:00,2546.2530347690195,24119.520637708083,105.56814428510022
2023-05-15 05:00:00,3253.3086885123157,26725.519064322696,121.73042105121651
2023-05-15 06:00:00,4187.164776367915,31337.513506745112,133.61509283328002
2023-05-15 07:00:00,4425.465432857554,32603.01757454651,135.7379090060841
2023-05-15 08:00:00,4386.571487729309,34184.01688742132,128.32229466114717
2023-05-15 09:00:00,4032.2176491265354,34132.518080708105,118.13419799828856
2023-05-15 10:00:00,4864.377187746181,34517.017027676586,140.9269284146369
2023-05-15 11:00:00,4889.552660748841,34832.51814990704,140.37321791395922
2023-05-15 12:00:00,4260.070196795751,34254.014713134,124.36703354256208
2023-05-15 13:00:00,3703.2788706301217,33505.52217300946,110.52741848068604
2023-05-15 14:00:00,3474.1405272811407,32771.02221187898,106.01257735627847
2023-05-15 15:00:00,3548.34466994323,32903.02177024549,107.84251655427076
2023-05-15 16:00:00,4020.633290926342,33508.01989184989,119.99017858719472
2023-05-15 17:00:00,4680.689564014292,33235.51971152822,140.83395128588066
2023-05-15 18:00:00,5215.311582766941,32195.014891148727,161.9912772334443
2023-05-15 19:00:00,5786.323961443144,30537.52039838428,189.48244277715798
2023-05-15 20:00:00,5756.343649227654,29292.519850898938,196.51240926106266
2023-05-15 21:00:00,5455.373137077437,27303.01442353354,199.80845530284145
2023-05-15 22:00:00,4691.159555052628,24878.520234753832,188.56264403135012
2023-05-15 23:00:00,4137.049266904867,23756.02254436497,174.1473876436522
2023-05-16 00:00:00,3680.6827184315666,23703.029434119206,155.28321933117235
2023-05-16 01:00:00,3156.769189043323,23450.5239816178,134.6140150863079
2023-05-16 02:00:00,2451.4542143023104,22796.521337795068,107.53632880986835
2023-05-16 03:00:00,2511.72675670472,22487.023380682,111.69672011203038
2023-05-16 04:00:00,2523.670202624067,22863.52361103636,110.3797579742204
2023-05-16 05:00:00,3904.3076055705264,26253.020246762506,148.71841673348047
2023-05-16 06:00:00,4869.794273111691,30463.016647373905,159.85922633605944
2023-05-16 07:00:00,4981.367039849035,32864.520017295756,151.5727914853912
2023-05-16 08:00:00,4650.049604307794,34191.51999047597,136.00008439528463
2023-05-16 09:00:00,4529.613215655147,34805.02099481529,130.14252214730448
2023-05-16 10:00:00,5714.266053962706,35838.01872270188,159.44704137181998
2023-05-16 11:00:00,6238.231510378593,36236.019081433325,172.1555421515646
2023-05-16 12:00:00,5850.008418089227,35168.51543570938,166.3422053962861
2023-05-16 13:00:00,5772.689670937622,34164.02258610096,168.96984704857738
2023-05-16 14:00:00,5745.2944714194655,33268.021870883946,172.69720735778785
2023-05-16 15:00:00,6105.811695444755,33951.52019605886,179.83912532298115
2023-05-16 16:00:00,6520.909856563333,34306.01848526706,190.08063729003644
2023-05-16 17:00:00,7052.074933258662,33922.01899326823,207.8907783955352
2023-05-16 18:00:00,7092.743962095009,32805.01305391337,216.20914920650833
2023-05-16 19:00:00,6982.042932614898,31067.522270832153,224.737681742004
2023-05-16 20:00:00,7017.663018844161,30491.519649008085,230.15130435037048
2023-05-16 21:00:00,6547.940137358525,27907.012459440353,234.63422130459884
2023-05-16 22:00:00,5797.263864275278,25006.519342027637,231.83009938260406
2023-05-16 23:00:00,5439.516806851547,23289.020828723358,233.5657152293305
2023-05-17 00:00:00,5206.21946418493,23264.524966967056,223.78361353077966
2023-05-17 01:00:00,5112.636612791507,23102.521602061533,221.30210289838166
2023-05-17 02:00:00,4874.582250109498,22517.022103454237,216.48432140419268
2023-05-17 03:00:00,5113.049302115821,22148.521185381356,230.85285285279346
2023-05-17 04:00:00,6011.409814139095,22640.016070544978,265.5214464251214
2023-05-17 05:00:00,7098.272611689394,26535.01829984423,267.5058494959117
2023-05-17 06:00:00,8392.819396940244,30692.5100386056,273.44845326705445
2023-05-17 07:00:00,8855.870777062793,33058.516989225456,267.8846960965953
2023-05-17 08:00:00,8838.373476983636,34006.01466347281,259.90618319874096
2023-05-17 09:00:00,8463.971533740625,34107.01510010786,248.1592572348513
2023-05-17 10:00:00,8181.954266442816,34724.014551173204,235.62811996824186
2023-05-17 11:00:00,7605.077314241769,33989.01723512318,223.75102114994138
2023-05-17 12:00:00,7139.808996391973,33079.511666107566,215.83779919300443
2023-05-17 13:00:00,6856.264998442634,32890.018091162725,208.46035959721334
2023-05-17 14:00:00,7084.09271024855,33246.51481162532,213.0777541762499
2023-05-17 15:00:00,6979.938539788,32993.51486151712,211.55486370835985
2023-05-17 16:00:00,6879.416788768447,32719.513229908454,210.25425226925648
2023-05-17 17:00:00,6966.7218004189635,32592.513204161856,213.75221225742595
2023-05-17 18:00:00,6917.1692834578125,31861.007004984986,217.104540430111
2023-05-17 19:00:00,6813.186120299541,30507.01279700903,223.33180130201143
2023-05-17 20:00:00,6750.4860825207725,29994.510057050757,225.05738782467452
2023-05-17 21:00:00,6171.832043751705,27670.004163296933,223.05135941896148
2023-05-17 22:00:00,4722.853427932783,24657.51063950476,191.5381279554683
2023-05-17 23:00:00,4252.404440810217,23197.010910601224,183.31691342468756
2023-05-18 00:00:00,3962.517174190029,22538.517216021268,175.81090788764556
2023-05-18 01:00:00,3540.053030444699,22277.51116288395,158.90702532079527
2023-05-18 02:00:00,3367.43298924426,21747.01166147928,154.84578026915906
2023-05-18 03:00:00,3479.3187649886872,21593.510593540508,161.12798101618048
2023-05-18 04:00:00,4295.690958643944,22904.506862020575,187.54784743988108
2023-05-18 05:00:00,5124.900221724258,25250.50827096873,202.96225987722036
2023-05-18 06:00:00,6942.499231573621,29944.004878327676,231.84938887711496
2023-05-18 07:00:00,7458.32805640671,31911.003630727977,233.722766689321
2023-05-18 08:00:00,7379.437741774221,33170.50227895946,222.46988241884742
2023-05-18 09:00:00,6996.101872003529,33765.002148030355,207.1998053289518
2023-05-18 10:00:00,6742.527122231828,34019.00213113579,198.19885063767788
2023-05-18 11:00:00,6597.045438777085,34096.503075105444,193.48158443830926
2023-05-18 12:00:00,6175.376589131625,33265.50343959745,185.63905399311625
2023-05-18 13:00:00,5821.807179135206,32415.503399873633,179.5994684184945
2023-05-18 14:00:00,5933.779103154288,31978.001758425078,185.55815801063764
2023-05-18 15:00:00,6107.7598079567515,32124.00156022224,190.13072815684723
2023-05-18 16:00:00,6800.088735561722,32812.00160175212,207.24394744630897
2023-05-18 17:00:00,7059.906462953739,32707.001837865104,215.85306100360566
2023-05-18 18:00:00,7142.966352849217,31898.001294772526,223.93147102981067
2023-05-18 19:00:00,6747.957262577421,30593.501851057874,220.56831857396824
2023-05-18 20:00:00,6181.4996596985475,29143.50156149443,212.10559227604256
2023-05-18 21:00:00,5619.626856262104,26489.00104173706,212.1494444961367
2023-05-18 22:00:00,4722.547030868734,23934.001165931586,197.3154007191642
2023-05-18 23:00:00,4410.420454155729,22875.001317167298,192.80525465350615
2023-05-19 00:00:00,4363.122351986999,22632.50381891992,192.78124890183796
2023-05-19 01:00:00,4278.447998656789,22433.00132180716,190.7211584077117
2023-05-19 02:00:00,4213.8561464944405,22174.501347924186,190.03160794363976
2023-05-19 03:00:00,4495.688319719561,22463.001327796843,200.13747291001454
2023-05-19 04:00:00,4931.496535320243,23141.001260884244,213.10644598840514
2023-05-19 05:00:00,6021.803292703973,25912.0011902037,232.39437388496947
2023-05-19 06:00:00,7426.026989783678,29527.001074531014,251.4995332929058
2023-05-19 07:00:00,7862.8586835174865,31725.001567719424,247.844233095895
2023-05-19 08:00:00,7873.645799444454,32733.501623061227,240.53784071476656
2023-05-19 09:00:00,7603.807884957686,32960.501604610545,230.69454391719748
2023-05-19 10:00:00,7875.865166549408,33756.50171818989,233.31402146761707
2023-05-19 11:00:00,7628.029198035134,33800.00167603705,225.68132602913818
2023-05-19 12:00:00,7121.080970887876,33071.001143453424,215.32704558892772
2023-05-19 13:00:00,6901.7051946790125,32755.00147115444,210.70691145463607
2023-05-19 14:00:00,6509.842691795106,31762.001395953954,204.9569424370207
2023-05-19 15:00:00,6376.696328528147,32077.501388449873,198.79030636794548
2023-05-19 16:00:00,6248.305018010393,31978.501376710075,195.39080160151062
2023-05-19 17:00:00,6067.383512966076,31716.501358833568,191.30052978798085
2023-05-19 18:00:00,5985.960967417353,30819.501013484885,194.22640765008595
2023-05-19 19:00:00,5725.653810413314,29856.001348266596,191.7756414740294
2023-05-19 20:00:00,5406.228802381301,28829.5013463075,187.52418702773483
2023-05-19 21:00:00,4777.510311109257,26726.501113422997,178.75554644561467
2023-05-19 22:00:00,3712.5223864069567,24078.001167458387,154.18731648806715
2023-05-19 23:00:00,2970.6583425601484,21757.50102139815,136.53490534774897
2023-05-20 00:00:00,2991.9611314924296,21337.001017019076,140.2240703417479
2023-05-20 01:00:00,2984.413334329966,20964.00101961473,142.35895769789522
2023-05-20 02:00:00,2798.607110315801,20730.500946811135,134.99949265559334
2023-05-20 03:00:00,2580.9473351952342,20463.00086675155,126.127509449935
2023-05-20 04:00:00,2355.768385888923,20374.50116246293,115.62336506324314
2023-05-20 05:00:00,2875.8693705184987,22226.001069744067,129.3921187843988
2023-05-20 06:00:00,3614.8174708412675,24733.00108984834,146.15361304960962
2023-05-20 07:00:00,3707.0716258441025,26956.001250269295,137.52305438133442
2023-05-20 08:00:00,3817.7562364071628,28700.001302979872,133.0228593408033
2023-05-20 09:00:00,3766.265281010292,29628.00137491888,127.11843884949204
2023-05-20 10:00:00,3841.6226322786815,30198.00141062023,127.21446628344202
2023-05-20 11:00:00,3544.6097294329193,30219.5014408863,117.29544037537109
2023-05-20 12:00:00,3256.327732165234,29783.501188116512,109.33327521159583
2023-05-20 13:00:00,2642.5578910533404,28517.50114987387,92.66442656266985
2023-05-20 14:00:00,2384.8613067783176,27544.501075785905,86.58212033743553
2023-05-20 15:00:00,2480.219041998474,27461.00107474383,90.31786697243014
2023-05-20 16:00:00,3098.1070920383527,28146.50108100788,110.07077160751714
2023-05-20 17:00:00,3624.7964052337434,28328.001199380582,127.95807158159126
2023-05-20 18:00:00,3846.815979695162,27612.501047791127,139.31429003976044
2023-05-20 19:00:00,3911.8182853455514,26717.50116949208,146.41407744420127
2023-05-20 20:00:00,3908.8028916028848,26212.001167949835,149.12264296639395
2023-05-20 21:00:00,3696.902697733996,25093.001067634996,147.32804130400604
2023-05-20 22:00:00,2854.2016127164325,22888.00065556839,124.70296797296
2023-05-20 23:00:00,2414.1769963574734,21533.50140866306,112.11260772417788
2023-05-21 00:00:00,2221.747345279094,20883.001197734222,106.39023214345985
2023-05-21 01:00:00,1816.2563356890082,20307.154273275708,89.43923462871449
2023-05-21 02:00:00,1659.8724236147614,20215.545065684644,82.10871476487425
2023-05-21 03:00:00,1661.350453635301,20252.77668848853,82.03074961961119
2023-05-21 04:00:00,1588.6061474984815,19793.22917209568,80.26007952952338
2023-05-21 05:00:00,2130.5246036470753,20824.50076754322,102.30855603355839
2023-05-21 06:00:00,2481.501626862505,22504.500826842366,110.26690376098813
2023-05-21 07:00:00,3556.1192758399443,24509.00108782137,145.09441911147474
2023-05-21 08:00:00,3594.217300594686,26476.501156455764,135.75121876397586
2023-05-21 09:00:00,3559.828769810704,27764.50121971456,128.21511690917754
2023-05-21 10:00:00,3771.623227660787,28158.001318849285,133.94499080217105
2023-05-21 11:00:00,3697.619978134287,28768.501339027916,128.53015645684758
2023-05-21 12:00:00,3471.4445052298347,28382.501154446825,122.30932314032326
2023-05-21 13:00:00,3136.2627926882683,27607.501287182626,113.60183451822732
2023-05-21 14:00:00,3077.127972971122,27573.50125031616,111.5972884631704
2023-05-21 15:00:00,3395.3130542252575,28239.00117427169,120.23488484141919
2023-05-21 16:00:00,3865.9839364515237,29396.00116126888,131.51394011867185
2023-05-21 17:00:00,4171.882421839101,28992.001171328306,143.8977046525816
2023-05-21 18:00:00,4359.796400152835,27957.50101469819,155.9437089123504
2023-05-21 19:00:00,4213.036172577963,26710.00126043501,157.7325336490586
2023-05-21 20:00:00,4110.327186103759,26460.001288783205,155.34115592980675
2023-05-21 21:00:00,3630.6154681595362,25319.001138697287,143.39489335582607
2023-05-21 22:00:00,2969.1858650884333,22734.501207734374,130.60263948427001
2023-05-21 23:00:00,2634.9039329963975,21397.001228623623,123.14360806184285
2023-05-22 00:00:00,2182.4607776714024,20817.00113673213,104.84030640803465
2023-05-22 01:00:00,2094.7720478003425,20676.001055822428,101.3141778308455
2023-05-22 02:00:00,1991.5322623761685,20413.001083905205,97.56195349180716
2023-05-22 03:00:00,2075.2774761357264,20398.50119579996,101.73676272661763
2023-05-22 04:00:00,2634.448537326151,22007.501286905393,119.70684463363702
2023-05-22 05:00:00,3551.50490199336,24892.001353231088,142.67655105732825
2023-05-22 06:00:00,4469.231696379415,28519.50124305142,156.70791919856282
2023-05-22 07:00:00,4476.586948752117,30840.50150856455,145.15285840954783
2023-05-22 08:00:00,4329.483217930062,32620.00156831217,132.7248010354427
2023-05-22 09:00:00,3599.592612562655,32325.50152750888,111.35457896915894
2023-05-22 10:00:00,4178.224364049419,33669.001636915134,124.09706735908554
2023-05-22 11:00:00,4080.907096361914,33796.50166877616,120.74939401589525
2023-05-22 12:00:00,3627.3237437672524,32931.501413026446,110.14753619257765
2023-05-22 13:00:00,3300.506868408051,33341.50169673949,98.99094823106938
2023-05-22 14:00:00,2983.840133561553,32987.50168215532,90.45365612442454
2023-05-22 15:00:00,2886.6629730380027,33324.001682718444,86.6241395773006
2023-05-22 16:00:00,2968.520622130525,33430.0017089658,88.79809962242327
2023-05-22 17:00:00,3412.2334197427263,33246.00172502936,102.63590334755398
2023-05-22 18:00:00,3204.073942081744,31698.501386917524,101.07966628996904
2023-05-22 19:00:00,3386.4940288308107,30511.001679808225,110.99255489445132
2023-05-22 20:00:00,3187.8530168811867,29569.001693742706,107.81064068036459
2023-05-22 21:00:00,2494.881310131422,27193.001474906112,91.7471840110668
2023-05-22 22:00:00,1954.9555159608944,23943.5013074514,81.64869000811079
2023-05-22 23:00:00,1603.5312799945818,22009.501734478985,72.85631902709409
2023-05-23 00:00:00,1769.0914343466213,21384.00124426218,82.72967318599035
2023-05-23 01:00:00,2030.7944507163181,21540.501155552163,94.27795741850097
2023-05-23 02:00:00,2009.1516536050974,21255.001083721676,94.52606686262762
2023-05-23 03:00:00,1879.986529513925,21168.00110771348,88.81266209065298
2023-05-23 04:00:00,1948.3882743746908,21578.001094664054,90.29512353007065
2023-05-23 05:00:00,3681.8832427266484,25222.00160115047,145.9790266034518
2023-05-23 06:00:00,5133.3237417832515,29586.001523952786,173.50515370004695
2023-05-23 07:00:00,5554.254501719278,31967.501854612616,173.74690480913665
2023-05-23 08:00:00,5502.12887723396,33299.001901268406,165.2340479617912
2023-05-23 09:00:00,5487.680017632178,33777.5019537731,162.46553771627208
2023-05-23 10:00:00,5760.741843597319,33570.00198481195,171.60385770020648
2023-05-23 11:00:00,5428.549795898384,33248.00192336442,163.27446709161705
2023-05-23 12:00:00,5371.672896103087,33044.001582526944,162.56121047226702
2023-05-23 13:00:00,5378.1986325417065,32578.50185130463,165.08428340532586
2023-05-23 14:00:00,4998.770055150958,32250.501786493554,154.9982102059706
2023-05-23 15:00:00,5617.567831757745,32403.50184965452,173.36298582239925
2023-05-23 16:00:00,6190.954346483654,33076.00198857167,187.17359941575575
2023-05-23 17:00:00,6201.775881073551,32573.502018849224,190.39327971198142
2023-05-23 18:00:00,5860.0445701970175,31303.001612496613,187.20391874041889
2023-05-23 19:00:00,5714.10050425108,29938.50188181847,190.8612704405637
2023-05-23 20:00:00,5645.892659151211,29021.00185526674,194.54506385783483
2023-05-23 21:00:00,5185.749011403521,26787.501553363327,193.58837930715563
2023-05-23 22:00:00,3709.904918837665,23624.501359330912,157.03632692219227
2023-05-23 23:00:00,2862.860344203446,21966.001471236363,130.33142822794815
2023-05-24 00:00:00,2395.3222635248258,21077.50148125616,113.64355806853779
2023-05-24 01:00:00,2228.4048685337493,20821.001389173754,107.0267864105925
2023-05-24 02:00:00,2263.714043819545,20527.50143327532,110.27713485626839
2023-05-24 03:00:00,2277.027424470528,20346.001495489905,111.91522938673116
2023-05-24 04:00:00,2901.748414130561,21283.501528314868,136.33792401453167
2023-05-24 05:00:00,4932.147710753606,25870.00169944743,190.65123257641508
2023-05-24 06:00:00,6044.218032140618,29783.00161675524,202.94186965830463
2023-05-24 07:00:00,6171.388998625274,31943.001976649473,193.20003182971334
2023-05-24 08:00:00,6130.063673313668,33052.5020358681,185.46443675160842
2023-05-24 09:00:00,6529.87121048336,33304.5022945542,196.06571966550885
2023-05-24 10:00:00,6334.402790572586,34110.00225873754,185.70514134017623
2023-05-24 11:00:00,6125.583380824759,34167.50223233405,179.28098282314232
2023-05-24 12:00:00,5949.240539213092,33909.00193888198,175.44723226994648
2023-05-24 13:00:00,5303.969462789344,33189.50206722845,159.8086482902231
2023-05-24 14:00:00,4836.231247432592,32639.50195558703,148.17111039296222
2023-05-24 15:00:00,5164.4319659758075,32941.5019607079,156.7758498727793
2023-05-24 16:00:00,5959.2144116343425,33650.50209347248,177.09139658841255
2023-05-24 17:00:00,6186.536914234103,33341.00213410624,185.55341826110183
2023-05-24 18:00:00,6279.361933818999,32326.501707333544,194.24811229711477
2023-05-24 19:00:00,6053.543482252978,30338.002047799906,199.53665612900758
2023-05-24 20:00:00,5838.721764102719,28936.00201839858,201.78052795234962
2023-05-24 21:00:00,5523.360150229283,27363.501629198938,201.85136482442866
2023-05-24 22:00:00,3985.687613665733,23932.001481074112,166.54217645848348
2023-05-24 23:00:00,3364.0720835322713,21951.001720560762,153.25369321898685
2023-05-25 00:00:00,3251.2812998040367,21481.0016297176,151.3561311454907
2023-05-25 01:00:00,3307.776588935756,21115.5017462014,156.65157421754435
2023-05-25 02:00:00,3326.992341804951,21185.501724946138,157.04099836764237
2023-05-25 03:00:00,3378.692068610556,20918.50174638126,161.51692456631335
2023-05-25 04:00:00,3847.6387145711456,21627.501674491563,177.90490887392795
2023-05-25 05:00:00,5439.569378966677,25352.50197683639,214.5574974784186
2023-05-25 06:00:00,6842.975555088247,29267.50165198037,233.8079839016673
2023-05-25 07:00:00,7220.318962782918,31352.502207328973,230.29482352113808
2023-05-25 08:00:00,7135.946326859255,32593.00223129377,218.94105600397145
2023-05-25 09:00:00,6638.690421562184,33003.00220693655,201.15413682476645
2023-05-25 10:00:00,5887.891915350337,32851.502142354155,179.22747915259887
2023-05-25 11:00:00,5536.885296050905,32901.00216591724,168.28925964409274
2023-05-25 12:00:00,5312.521381768766,32253.001650425293,164.71401450781602
2023-05-25 13:00:00,5257.229669606361,31785.502121977803,165.39709360045936
2023-05-25 14:00:00,5271.620179432213,31748.502074171025,166.04311495127
2023-05-25 15:00:00,5492.902740358019,31921.002083220472,172.07801703836256
2023-05-25 16:00:00,5876.46119838367,32320.002118309392,181.82118852816023
2023-05-25 17:00:00,6044.942433951537,32138.5021439608,188.090359870348
2023-05-25 18:00:00,5964.2238744041515,30876.501634703734,193.16384818999845
2023-05-25 19:00:00,5873.990868215737,29621.002097276833,198.3049340776946
2023-05-25 20:00:00,5642.558882367942,28751.502048050435,196.25266439777357
2023-05-25 21:00:00,5151.329931939464,26980.501591444146,190.92787858225046
2023-05-25 22:00:00,4194.928777158698,24354.00153591929,172.24802958855327
2023-05-25 23:00:00,3595.4908501383034,22441.501595564947,160.2161439521886
2023-05-26 00:00:00,3062.85424887022,21587.001787256773,141.8841893401928
2023-05-26 01:00:00,2815.3974368921245,20939.001734421094,134.45709936897154
2023-05-26 02:00:00,2726.1315218210866,20464.001718028907,133.21595450313848
2023-05-26 03:00:00,2933.701699060876,20390.50167560912,143.87589602908767
2023-05-26 04:00:00,3835.6729251109723,21417.50146547298,179.09058772772525
2023-05-26 05:00:00,5222.495817833975,24496.001936831744,213.19788556929876
2023-05-26 06:00:00,6536.4228739652835,29092.501584626985,224.67723701763927
2023-05-26 07:00:00,6995.906179581446,31527.00211212071,221.90204303922178
2023-05-26 08:00:00,6962.731557171919,32660.0021116949,213.18833762961404
2023-05-26 09:00:00,6537.114057859775,32705.5020833299,199.87811351141934
2023-05-26 10:00:00,6388.327570137216,32923.002091578164,194.03842797711866
2023-05-26 11:00:00,6107.155083064574,33243.502090812086,183.70973871469707
2023-05-26 12:00:00,5413.546210376677,32378.501605795936,167.19569905630289
2023-05-26 13:00:00,4674.785148287286,31062.50190585971,150.49609211952827
2023-05-26 14:00:00,4366.443273282601,30410.00176754667,143.5857619035865
2023-05-26 15:00:00,4344.374661216248,30268.001728978896,143.53027663061414
2023-05-26 16:00:00,4758.160823236762,30746.001751819746,154.75705952417516
2023-05-26 17:00:00,5114.0960958547,30511.50178149155,167.6120740460222
2023-05-26 18:00:00,5416.475500948118,29484.501477695525,183.70585322751955
2023-05-26 19:00:00,5366.267737435765,28130.00180132566,190.76670436554588
2023-05-26 20:00:00,5292.6507806757945,27506.501788227873,192.4145360767367
2023-05-26 21:00:00,4910.063905061504,25970.501478117745,189.06311490360056
2023-05-26 22:00:00,3439.0553111517975,23395.50134555889,146.99643578292563
2023-05-26 23:00:00,3016.3665300665057,21627.001330396633,139.47224971161484
2023-05-27 00:00:00,2652.7903135236893,20639.50128438929,128.52976808747457
2023-05-27 01:00:00,2395.038561446653,20028.000904317323,119.58450435911296
2023-05-27 02:00:00,2106.241154315454,19403.5008135716,108.54954343302126
2023-05-27 03:00:00,2012.4324117616159,19387.00082890639,103.80318387158886
2023-05-27 04:00:00,2054.9683265225153,19513.50081480373,105.3100797250862
2023-05-27 05:00:00,2532.440850753116,20786.50119107011,121.83103002640262
2023-05-27 06:00:00,3466.4650695425194,23463.50112486218,147.73861117723027
2023-05-27 07:00:00,3973.902455808488,26234.001431262473,151.4790820691531
2023-05-27 08:00:00,4115.645516914665,28303.001487682297,145.41374767993523
2023-05-27 09:00:00,3529.9964277796594,28857.001541226276,122.32720793033761
2023-05-27 10:00:00,3502.2224370747012,29347.501578063057,119.33630628688935
2023-05-27 11:00:00,3480.6393548417714,29857.501589015843,116.57503707953414
2023-05-27 12:00:00,2752.563564544061,29462.501003411453,93.4259981603511
2023-05-27 13:00:00,2336.0685186389446,28553.50115120535,81.8137329733496
2023-05-27 14:00:00,2752.6170580955763,28317.00134579773,97.20722277339819
2023-05-27 15:00:00,2867.1920460691877,27651.50137732093,103.69028455072558
2023-05-27 16:00:00,2916.1428759693918,27952.001324042725,104.32680086706677
2023-05-27 17:00:00,4137.120144963176,28840.00137315652,143.4507610257569
2023-05-27 18:00:00,4545.49945214595,28015.501100312063,162.24944311616537
2023-05-27 19:00:00,4737.898858744796,26509.001308897743,178.7279273004721
2023-05-27 20:00:00,4468.344569194275,25905.001224892843,172.4896490219239
2023-05-27 21:00:00,4276.767907309726,24759.501001381843,172.73239501357628
2023-05-27 22:00:00,3034.6247112894966,22668.00101312952,133.8726211248982
2023-05-27 23:00:00,2730.4811952767377,21247.001019690382,128.511369333785
2023-05-28 00:00:00,2553.3975855106073,20122.001001297205,126.89580849071608
2023-05-28 01:00:00,2608.85181780634,19614.50097619469,133.00628045406793
2023-05-28 02:00:00,2611.149280149759,19250.000978245822,135.64411155618043
2023-05-28 03:00:00,2654.3572156481073,18824.500984234404,141.00544911501996
2023-05-28 04:00:00,2571.5222104857176,18230.501006957093,141.05603622765923
2023-05-28 05:00:00,3170.280496966512,19583.500924685206,161.88527828394263
2023-05-28 06:00:00,3660.2704271427747,21420.00092635562,170.88096493213038
2023-05-28 07:00:00,3998.2035127116656,23642.000823471553,169.11443082018198
2023-05-28 08:00:00,4144.990746648427,25908.50079170083,159.985742902429
2023-05-28 09:00:00,3959.1865963333225,26986.000822754715,146.71260933909554
2023-05-28 10:00:00,3697.8587070933304,27663.500806048585,133.6728396387488
2023-05-28 11:00:00,3775.9333763409986,28344.500848028925,133.215730154711
2023-05-28 12:00:00,3654.705834254078,27758.500647561108,131.66077954484854
2023-05-28 13:00:00,3291.4824530891774,27426.00076756772,120.01321231571902
2023-05-28 14:00:00,3030.0916297419208,27138.00066733441,111.65493239113945
2023-05-28 15:00:00,2560.88607934608,27253.00043842245,93.96712428535513
2023-05-28 16:00:00,2277.5131174009043,27711.502073061383,82.18656323270532
2023-05-28 17:00:00,2346.2428739653833,27013.500942470502,86.8544539621901
2023-05-28 18:00:00,2633.4104808117104,26474.500221200124,99.4696956999755
2023-05-28 19:00:00,2519.0798936108345,25496.00036456612,98.80294389671432
2023-05-28 20:00:00,1971.7505671315403,24875.001931674353,79.26634830210124
2023-05-28 21:00:00,1853.336530678896,24788.92614793859,74.76469612351549
2023-05-28 22:00:00,1461.2436939481008,21851.00212154983,66.87307455372938
2023-05-28 23:00:00,1528.843697151742,21999.81480852514,69.49348030690241
2023-05-29 00:00:00,1412.820145264193,20937.008401360687,67.47956146267651
2023-05-29 01:00:00,1526.3634221534578,20271.02099654075,75.29780677618221
2023-05-29 02:00:00,1226.8404334091106,19023.001466340753,64.49247431220981
2023-05-29 03:00:00,1151.9842471336867,18736.559075044683,61.4832340623322
2023-05-29 04:00:00,1426.811146137018,18892.00169020265,75.52461457151782
2023-05-29 05:00:00,1715.4866702583397,20525.500394070466,83.57831172554117
2023-05-29 06:00:00,1941.527783491088,22813.000339965365,85.10620061184095
2023-05-29 07:00:00,3085.722583623436,25174.500432950503,122.57333931379958
2023-05-29 08:00:00,2812.674018976971,26461.500430418702,106.29306627464231
2023-05-29 09:00:00,2849.8752123431595,27778.00052689488,102.5946849408361
2023-05-29 10:00:00,3270.55499227489,28699.500651473405,113.95860269460762
2023-05-29 11:00:00,3311.312266870834,29607.000712648358,111.84220580155603
2023-05-29 12:00:00,3247.5920776632224,29397.500437170715,110.47170777679146
2023-05-29 13:00:00,2895.239421458529,28704.00065964973,100.86536214195651
2023-05-29 14:00:00,2717.2313374519185,27903.500600581578,97.37958603643031
2023-05-29 15:00:00,2919.560187830311,27689.50058257595,105.43925048859457
2023-05-29 16:00:00,3186.8837976706413,28512.000509420162,111.77341963843321
2023-05-29 17:00:00,3646.593492553443,28684.500598087663,127.12766185640179
2023-05-29 18:00:00,3951.005882830972,28355.50046722773,139.33825246348246
2023-05-29 19:00:00,3785.8636876680894,26874.000631462633,140.87458505287836
2023-05-29 20:00:00,3489.029086895569,26131.000581173557,133.5206846005464
2023-05-29 21:00:00,2990.945847788761,24812.000420740846,120.54432520840076
2023-05-29 22:00:00,2338.1707532260893,22396.5003235686,104.39893373723002
2023-05-29 23:00:00,1559.5246024091828,20825.501250468653,74.88533330615932
2023-05-30 00:00:00,1505.8579776000017,20045.50075041652,75.12199352608899
2023-05-30 01:00:00,1330.7917469523125,20359.02314325486,65.36618862252321
2023-05-30 02:00:00,1363.7060635347495,20523.54403252542,66.44593455075633
2023-05-30 03:00:00,1563.4401414619801,19728.500504100182,79.2477938775453
2023-05-30 04:00:00,1858.5571304867829,20353.500589576386,91.3138809860847
2023-05-30 05:00:00,3111.0033551933684,23304.000672376576,133.49653559189088
2023-05-30 06:00:00,4508.588732508505,27308.50048042225,165.09836326387673
2023-05-30 07:00:00,5112.446155212609,30370.00070714184,168.3386906872992
2023-05-30 08:00:00,5453.945110508641,32017.00072945081,170.3452848877201
2023-05-30 09:00:00,5426.394584143161,32728.50074545217,165.8002798951062
2023-05-30 10:00:00,5669.200312711889,32875.00084964302,172.44715334428497
2023-05-30 11:00:00,5405.599016962297,33508.50084135717,161.3202286355512
2023-05-30 12:00:00,4891.407492933567,33183.000565898205,147.4070279816832
2023-05-30 13:00:00,4500.143035223657,32603.500878632232,138.02637489684344
2023-05-30 14:00:00,4174.571409788413,31932.000909037262,130.73316080881557
2023-05-30 15:00:00,4343.820671114322,31851.50093261883,136.37726775587694
2023-05-30 16:00:00,4808.188962323644,32371.000967710414,148.53383641487451
2023-05-30 17:00:00,4892.443511704974,32188.501015688962,151.9935180989122
2023-05-30 18:00:00,4664.244936941661,31121.00073028689,149.87451648373337
2023-05-30 19:00:00,4281.353828778617,29452.00097628976,145.36716307409154
2023-05-30 20:00:00,4064.365685032357,27932.000983659273,145.5092919196904
2023-05-30 21:00:00,3481.4868298425813,26180.500764912133,132.98014660241225
2023-05-30 22:00:00,2991.673457027517,23874.500900458217,125.30831406700102
2023-05-30 23:00:00,2205.405914657281,22416.500941313774,98.38314732665086
2023-05-31 00:00:00,2244.047723371228,21743.501001460998,103.20544622599853
2023-05-31 01:00:00,2187.435601255836,21968.00094241107,99.57372120431805
2023-05-31 02:00:00,2315.2337735043347,21739.001029371266,106.50138754656913
2023-05-31 03:00:00,2665.2847149060053,21465.00109976639,124.16885992775525
2023-05-31 04:00:00,3225.6303731404373,22715.000992696834,142.00441259841983
2023-05-31 05:00:00,4337.54883204351,24679.501083074218,175.7551263877981
2023-05-31 06:00:00,5274.95251197482,27402.000957554043,192.50245703391408
2023-05-31 07:00:00,5660.215593456528,30495.501247899534,185.60821635441692
2023-05-31 08:00:00,5844.521075997847,31832.00127629606,183.6052036209867
2023-05-31 09:00:00,5701.505898017827,32124.001297008723,177.48430045508474
2023-05-31 10:00:00,5534.576659900834,32612.001267089763,169.70981371468375
2023-05-31 11:00:00,5451.157079962578,33225.50130354155,164.06545773867776
2023-05-31 12:00:00,5165.68750727961,32780.501033160705,157.58415352022865
2023-05-31 13:00:00,4937.57573236443,32656.001337477173,151.19964264264942
2023-05-31 14:00:00,4723.803663277156,31927.501329506285,147.95406676286257
2023-05-31 15:00:00,4922.978462716541,31958.00134359315,154.04525488899154
2023-05-31 16:00:00,5222.751680489569,32299.001397815402,161.700097664407
2023-05-31 17:00:00,5304.921410629201,31626.5014276941,167.7365870757961
2023-05-31 18:00:00,5076.071650440947,30516.001077483383,166.3413118105567
2023-05-31 19:00:00,4911.3215973170945,29175.5013687641,168.33717903388825
2023-05-31 20:00:00,4827.146632599539,28300.501382055878,170.56753049824846
2023-05-31 21:00:00,4231.838283227095,26598.50111870209,159.10062993179648
2023-05-31 22:00:00,3815.811806131319,24221.00110340321,157.541457095065
2023-05-31 23:00:00,3374.4682741869788,22447.00113003242,150.33047196991456
2023-06-01 00:00:00,2937.9740836301035,21806.00124944284,134.73236335365112
2023-06-01 01:00:00,2991.1487795516077,21578.0012005815,138.62028979176256
2023-06-01 02:00:00,2923.3396250018814,21414.50124157581,136.51215090297214
2023-06-01 03:00:00,3079.617167429021,21324.00124020815,144.42023017810328
2023-06-01 04:00:00,3573.7365933666515,22070.50116829678,161.9236720596156
2023-06-01 05:00:00,4007.2194090035805,23666.50139924253,169.32031234375165
2023-06-01 06:00:00,5045.978004917766,27430.00115652821,183.95835917479891
2023-06-01 07:00:00,5604.671446001953,30323.501484761095,184.82929647219498
2023-06-01 08:00:00,5678.679592837805,31813.00150577512,178.5018490571201
2023-06-01 09:00:00,5606.589454153831,32741.00154425185,171.24062153615296
2023-06-01 10:00:00,5736.246437779421,32888.50161797092,174.41495220460345
2023-06-01 11:00:00,5513.096548607392,33483.50162953904,164.65113504567742
2023-06-01 12:00:00,4965.85450334547,33031.501371135935,150.33692981587583
2023-06-01 13:00:00,4432.934194118248,32367.501620951858,136.9563287902567
2023-06-01 14:00:00,4051.431240300709,31542.00158737414,128.44559750204454
2023-06-01 15:00:00,4145.240590208457,31089.501566223364,133.3324878618183
2023-06-01 16:00:00,4532.1376857239775,31674.001574538997,143.08699439375908
2023-06-01 17:00:00,4602.923887238829,31320.501550073393,146.9620108056042
2023-06-01 18:00:00,4372.18063377702,30742.5012605002,142.2194178908487
2023-06-01 19:00:00,4261.998489318164,29530.00153320155,144.32774358397032
2023-06-01 20:00:00,3879.9180627312544,28542.00152324553,135.93714020270525
2023-06-01 21:00:00,3495.2703499367794,26634.00125702121,131.23339284274317
2023-06-01 22:00:00,4002.1106841503447,24501.00135700023,163.3447803147398
2023-06-01 23:00:00,3465.3934631829384,23032.001329934577,150.4599367437073
2023-06-02 00:00:00,2934.333775231525,21740.001297834824,134.9739466447855
2023-06-02 01:00:00,2784.2249714404497,21999.0013067026,126.56142579491365
2023-06-02 02:00:00,2959.2424488812962,22008.00130315053,134.4621171236331
2023-06-02 03:00:00,3092.9076684969505,21622.001323549048,143.04446763345584
2023-06-02 04:00:00,3361.047923936305,22317.501298571297,150.60144408511673
2023-06-02 05:00:00,4092.3339617121187,24620.501595441077,166.21651455183542
2023-06-02 06:00:00,4284.462869422712,26948.001258548346,158.99000554126852
2023-06-02 07:00:00,5208.4637602464745,30339.501594976216,171.67268697350391
2023-06-02 08:00:00,5616.090977653711,32246.501587574097,174.1612485435574
2023-06-02 09:00:00,5464.6718409609175,32683.001647888315,167.20226311630702
2023-06-02 10:00:00,5811.125431055076,33128.001771576484,175.41430573216667
2023-06-02 11:00:00,5666.087756581463,33384.00184936917,169.72464182536373
2023-06-02 12:00:00,5069.644700004116,32492.501431607172,156.02506660421673
2023-06-02 13:00:00,4796.179913800746,31382.00184055283,152.83218509033952
2023-06-02 14:00:00,4427.119090265092,30286.001768217215,146.17707296415094
2023-06-02 15:00:00,4371.067393581184,29890.50179930495,146.23599907857098
2023-06-02 16:00:00,5260.4498938720935,29942.501934302552,175.68504814374404
2023-06-02 17:00:00,5488.108962748225,29616.001950719547,185.30890739000935
2023-06-02 18:00:00,5551.870916947932,28554.501546052314,194.430671745187
2023-06-02 19:00:00,5444.912031856677,27471.001954053536,198.20580410439825
2023-06-02 20:00:00,5160.09084263864,26847.00192091872,192.20361580180716
2023-06-02 21:00:00,4834.807190305365,25973.501476059762,186.1438356611908
2023-06-02 22:00:00,3489.6059128901497,23197.00146723557,150.43349106215376
2023-06-02 23:00:00,2785.396236434983,21064.001521173024,132.23490482732686
2023-06-03 00:00:00,2748.0869127078886,20273.001225519,135.55402488945177
2023-06-03 01:00:00,2529.5603833874525,19483.001553589555,129.83422376832922
2023-06-03 02:00:00,2478.1322601596444,19189.001469232844,129.14336705497774
2023-06-03 03:00:00,2440.1877510343675,19048.501447665327,128.10392238668456
2023-06-03 04:00:00,2441.9260421813806,19020.501440701853,128.38389407315614
2023-06-03 05:00:00,2987.8192889846496,20222.501881806427,147.74726225505756
2023-06-03 06:00:00,3737.1512362075564,22852.501399344346,163.53357432962582
2023-06-03 07:00:00,4194.140617412252,25553.001792269024,164.13494788237267
2023-06-03 08:00:00,4458.657653784962,27274.501802562372,163.47347739147642
2023-06-03 09:00:00,4320.331605132637,28215.50186467649,153.1190770893691
2023-06-03 10:00:00,4404.414045146791,28650.50194865405,153.72903598827534
2023-06-03 11:00:00,3987.616090766244,28428.00204909707,140.27071209152732
2023-06-03 12:00:00,3802.25656499023,28204.501571737263,134.81027329340708
2023-06-03 13:00:00,3622.926115238232,27383.002040715503,132.30565844648225
2023-06-03 14:00:00,3166.874548684421,26286.501989214135,120.47531276637154
2023-06-03 15:00:00,3399.580200843945,26416.501946085806,128.6915356083953
2023-06-03 16:00:00,3950.881127516038,27283.50194810266,144.8084316680172
2023-06-03 17:00:00,4284.320885775699,27341.00197751235,156.69948340955105
2023-06-03 18:00:00,4289.701713189553,26552.501539579192,161.55546424864406
2023-06-03 19:00:00,4314.289666515166,25665.50200014357,168.09683545215802
2023-06-03 20:00:00,4083.431546704751,25025.00199951197,163.1740747427067
2023-06-03 21:00:00,3798.895748485606,23811.001643159638,159.54371871529156
2023-06-03 22:00:00,2966.844284657324,21692.501796585137,136.7681935665147
2023-06-03 23:00:00,2482.0655305871724,20284.001947106924,122.36567207297007
2023-06-04 00:00:00,2314.3047257362555,19696.00591060733,117.50122010726454
2023-06-04 01:00:00,2216.810487108461,19031.001819101402,116.48417188859969
2023-06-04 02:00:00,2229.1897694605855,18548.501654293967,120.18166270290244
2023-06-04 03:00:00,2213.9785086658676,18229.001537064007,121.4536355249249
2023-06-04 04:00:00,2391.0280783759877,18208.50158712375,131.3138298028223
2023-06-04 05:00:00,2835.215463472956,19458.50284514993,145.70573522719084
2023-06-04 06:00:00,3821.2821124149323,21528.50418401901,177.49872818621265
2023-06-04 07:00:00,4256.491279009673,23788.50197395959,178.93061461663706
2023-06-04 08:00:00,4468.092159416539,25913.001936032746,172.42665170350386
2023-06-04 09:00:00,4546.938395379699,27388.50198498622,166.0163231224633
2023-06-04 10:00:00,4836.2275957681495,28194.502051297848,171.53087459991258
2023-06-04 11:00:00,4585.407740367378,28707.002218796584,159.73133333180206
2023-06-04 12:00:00,4137.999204172619,28153.503690527352,146.97990167259033
2023-06-04 13:00:00,3968.8722755279246,27834.502921910593,142.58822177146666
2023-06-04 14:00:00,3825.8507737499363,26984.50291441352,141.7795534675717
2023-06-04 15:00:00,3968.2185706401924,27168.00279352489,146.06221152134015
2023-06-04 16:00:00,4043.9985121773116,28005.50305577734,144.40013822008683
2023-06-04 17:00:00,4570.710505621289,28174.502971511567,162.22861181412597
2023-06-04 18:00:00,4866.452878147635,27842.5062677265,174.785015089987
2023-06-04 19:00:00,4637.266785975894,26644.50367720164,174.04215301423574
2023-06-04 20:00:00,4401.724388184049,25828.00406596248,170.4244887426232
2023-06-04 21:00:00,4191.974658622909,24645.50198879709,170.09086122605345
2023-06-04 22:00:00,4107.207665429198,22516.002998823627,182.41282281068194
2023-06-04 23:00:00,3607.7377311618843,20481.005854126935,176.15041745788687
2023-06-05 00:00:00,3357.2168391089126,20283.514812307178,165.51455061781974
2023-06-05 01:00:00,3257.785254525023,19761.00788306201,164.85926597485988
2023-06-05 02:00:00,3116.8131011863275,19644.008828457063,158.66481879560106
2023-06-05 03:00:00,3416.635864902576,20126.00846936254,169.76221937418237
2023-06-05 04:00:00,3725.8683535387836,20624.00796251445,180.65685197129505
2023-06-05 05:00:00,4909.687303158107,23910.507435842137,205.33597274470333
2023-06-05 06:00:00,5811.829442169771,27319.505394645097,212.7355293668292
2023-06-05 07:00:00,6370.7966292794445,29778.506569738718,213.93942689367523
2023-06-05 08:00:00,6438.513127823098,31216.50652434852,206.25348076028723
2023-06-05 09:00:00,6552.860973462136,32237.00636212116,203.27138630222873
2023-06-05 10:00:00,6592.274377772795,32733.506479361724,201.3922456468018
2023-06-05 11:00:00,6629.968430229123,33397.508094689394,198.51685974389713
2023-06-05 12:00:00,6259.61189478923,32957.50673052598,189.9297767264487
2023-06-05 13:00:00,6024.461440907316,32052.01023255779,187.95892666937277
2023-06-05 14:00:00,5796.622311386476,31539.508699509148,183.78923928756979
2023-06-05 15:00:00,5823.021835798511,31449.007417841487,185.15757137998017
2023-06-05 16:00:00,6116.144537161986,31768.006322763184,192.52528707725347
2023-06-05 17:00:00,5922.376108979122,31029.508640797998,190.8627099944569
2023-06-05 18:00:00,5665.5593957800675,30454.006167170086,186.0365879181975
2023-06-05 19:00:00,5519.7140229768065,29145.50916286967,189.38471762945642
2023-06-05 20:00:00,5071.282700085171,27646.50916720287,183.43302112446256
2023-06-05 21:00:00,4556.26969734234,25496.50471294968,178.7017376945872
2023-06-05 22:00:00,3923.5854843288207,22744.508978218157,172.50693290790934
2023-06-05 23:00:00,3392.804891108862,21468.511045163563,158.03633908152167
2023-06-06 00:00:00,3265.621383040344,21055.517282046872,155.09575657990592
2023-06-06 01:00:00,3229.2084569461817,21164.511395769834,152.57656539104448
2023-06-06 02:00:00,3338.1921346603044,20965.51087389599,159.22302846512858
2023-06-06 03:00:00,3640.6002483628163,21465.509519381114,169.60232157898392
2023-06-06 04:00:00,3927.7147794908983,21489.50873662013,182.77359560098762
2023-06-06 05:00:00,5140.923841150361,24899.508489261567,206.46688039514885
2023-06-06 06:00:00,6005.745701689616,28057.005758520205,214.0551188312681
2023-06-06 07:00:00,6676.138210919099,30580.006799522063,218.31709373666462
2023-06-06 08:00:00,6825.748146719503,31697.004956013952,215.34363124186712
2023-06-06 09:00:00,6715.104758156181,32303.005196215767,207.87863907296284
2023-06-06 10:00:00,6780.507015477601,32867.00481589627,206.30133635414748
2023-06-06 11:00:00,6823.830194231349,33082.506515092224,206.26702487365404
2023-06-06 12:00:00,6442.58936508547,32685.505233236334,197.10845278702644
2023-06-06 13:00:00,6087.050877540462,31862.00794262319,191.04417048988148
2023-06-06 14:00:00,6105.30665704069,31494.005288765355,193.85615138696235
2023-06-06 15:00:00,6187.934458424107,31772.504746144306,194.75752723508626
2023-06-06 16:00:00,6600.189172852933,32060.003189627525,205.8698850968397
2023-06-06 17:00:00,6697.5410395527315,31792.50512936556,210.6641490596619
2023-06-06 18:00:00,6520.258894412418,31008.50270281329,210.27325817382527
2023-06-06 19:00:00,6522.88695004796,30227.504224936187,215.79310357574622
2023-06-06 20:00:00,6152.529464855092,28700.003706726806,214.37382126236594
2023-06-06 21:00:00,5623.402629382527,27085.00062002613,207.6205464519979
2023-06-06 22:00:00,4936.62665992884,24258.502106532305,203.50088551425893
2023-06-06 23:00:00,4577.653362627533,23066.503086984296,198.4545878222243
2023-06-07 00:00:00,4283.881197027078,22294.509226690152,192.14960748714645
2023-06-07 01:00:00,4229.08291486087,22056.502532470982,191.73859992693446
2023-06-07 02:00:00,4185.072906111877,21858.001531154954,191.4664019099253
2023-06-07 03:00:00,4290.895702438253,21812.50143626685,196.71726853408643
2023-06-07 04:00:00,4621.436710051051,22318.000801683822,207.0721634575073
2023-06-07 05:00:00,5625.783158526133,25299.002217744015,222.37174059696176
2023-06-07 06:00:00,6515.486080968394,28844.500417265986,225.88313150566128
2023-06-07 07:00:00,7235.635938343674,30776.50036625885,235.1026222031504
2023-06-07 08:00:00,7402.839867592054,32094.500150204578,230.6575841015199
2023-06-07 09:00:00,7227.375379158271,32412.00012747757,222.98455358301683
2023-06-07 10:00:00,7115.8105390966775,32933.0001287238,216.06930772427097
2023-06-07 11:00:00,6955.886030870176,33456.0003599805,207.91146449145452
2023-06-07 12:00:00,6796.006621219973,33971.000000043314,200.05318127848187
2023-06-07 13:00:00,6189.984735180669,32794.500387693515,188.75069484222198
2023-06-07 14:00:00,6263.412657943901,32202.500084331466,194.50081954945614
2023-06-07 15:00:00,6313.298165259424,32380.500043706506,194.97222577594135
2023-06-07 16:00:00,6306.132834200465,32442.000032544638,194.3817529090186
2023-06-07 17:00:00,6455.348210398722,32129.500071606828,200.91654697432966
2023-06-07 18:00:00,5934.41064739588,30863.49999999339,192.2792504867287
2023-06-07 19:00:00,5847.911950941929,29582.000095473708,197.68480603300074
2023-06-07 20:00:00,5667.624267303097,28347.500024959572,199.9338305781051
2023-06-07 21:00:00,5403.916542516403,27263.499999963584,198.2106678351503
2023-06-07 22:00:00,4533.946949123714,24583.499999932406,184.43048992764173
2023-06-07 23:00:00,3689.1223851232758,22810.99999987527,161.72558788055974
2023-06-08 00:00:00,3519.5057264575507,21842.500290152046,161.131082966924
2023-06-08 01:00:00,3406.636812752687,21291.999999842,159.99609302921127
2023-06-08 02:00:00,3202.8774845523967,21020.99999981922,152.36560984634136
2023-06-08 03:00:00,3288.8583010742427,21117.499999844407,155.74089267661773
2023-06-08 04:00:00,3592.627774241707,21903.499999891235,164.020716974892
2023-06-08 05:00:00,4544.927836694108,25085.99999996713,181.1738753368438
2023-06-08 06:00:00,5434.77621973731,28572.49999997635,190.21003481465775
2023-06-08 07:00:00,6361.578396013713,31590.000000020565,201.37949971540272
2023-06-08 08:00:00,6350.093165974723,32817.500000017484,193.4971635856278
2023-06-08 09:00:00,6131.062377106222,33195.00000001939,184.69836954669802
2023-06-08 10:00:00,5697.573254057954,33524.49999997156,169.95251992014164
2023-06-08 11:00:00,5369.074823172497,33388.49999997281,160.8061105822924
2023-06-08 12:00:00,5119.319802330074,33082.9999999287,154.74170426929558
2023-06-08 13:00:00,4881.539275845795,32354.99999995081,150.8743401592711
2023-06-08 14:00:00,4753.693507845054,31426.999999967768,151.26144741305023
2023-06-08 15:00:00,4613.6670556936915,31547.999999946758,146.24277468306954
2023-06-08 16:00:00,4929.920412659171,32047.499999960404,153.8316690120996
2023-06-08 17:00:00,4743.099724532945,31245.499999971606,151.80105053646943
2023-06-08 18:00:00,4702.318681692157,31655.49999992976,148.54665640102323
2023-06-08 19:00:00,4532.4973857900695,30636.999999924712,147.94194554953842
2023-06-08 20:00:00,4024.458452926184,29478.999999877964,136.5195038143371
2023-06-08 21:00:00,3478.62247040371,28831.499999810214,120.65353763857615
2023-06-08 22:00:00,2987.7752201701,25989.999999738622,114.95864641016344
2023-06-08 23:00:00,1878.2776110643968,23869.49999899541,78.68944096623086
2023-06-09 00:00:00,1621.2835799657469,22844.499998389063,70.97041213771699
2023-06-09 01:00:00,1286.8877881560272,21570.000528579065,59.660999379715896
2023-06-09 02:00:00,1287.5976312694959,21236.000125399398,60.63277564824743
2023-06-09 03:00:00,1120.4306439169507,21392.999999151027,52.3737037330629
2023-06-09 04:00:00,1666.974068711139,22306.9999985017,74.72874294271328
2023-06-09 05:00:00,2487.5244560281335,24769.499999569656,100.42691439356271
2023-06-09 06:00:00,3502.0223706665793,27817.9999997635,125.89051587807722
2023-06-09 07:00:00,4198.112926331052,30638.999999848842,137.01860133658943
2023-06-09 08:00:00,4104.563040723337,31827.99999984438,128.96075910341227
2023-06-09 09:00:00,3964.047588990324,32088.499999857293,123.5348361253394
2023-06-09 10:00:00,4351.563874842506,32601.999999917847,133.47536577061138
2023-06-09 11:00:00,4163.647406209306,33283.999999905405,125.09456213859929
2023-06-09 12:00:00,3736.7558914273336,32975.99999981417,113.3174396970036
2023-06-09 13:00:00,3312.418245979337,31813.49999980655,104.11989394437829
2023-06-09 14:00:00,3206.7569721277773,30767.99999979376,104.22377054567318
2023-06-09 15:00:00,3008.08935945777,30753.49999968112,97.81291103415742
2023-06-09 16:00:00,3314.005024592211,30653.999999778975,108.11003538253102
2023-06-09 17:00:00,3493.0720058415227,30437.999999800497,114.76023411079629
2023-06-09 18:00:00,3438.660682878255,29445.9999997641,116.77853300637788
2023-06-09 19:00:00,3288.10927656203,28105.99999971262,116.9895850208372
2023-06-09 20:00:00,2856.0119501790155,27194.999999537777,105.0197444466835
2023-06-09 21:00:00,2373.4104509419103,26131.499999019532,90.82564916024576
2023-06-09 22:00:00,1355.1551187470102,24017.60160555034,56.42341566835887
2023-06-09 23:00:00,1220.3214444357604,22773.236965211876,53.58577027499029
2023-06-10 00:00:00,1193.1182306843486,22423.403308436875,53.208614868708814
2023-06-10 01:00:00,1236.1651093124585,21924.107244452243,56.38382879308631
2023-06-10 02:00:00,1183.847581696308,20873.212945614196,56.716116717673486
2023-06-10 03:00:00,1079.0847300360676,20049.47290324013,53.82110219275043
2023-06-10 04:00:00,1417.0651160019756,19387.499997604053,73.09168877767115
2023-06-10 05:00:00,1822.7950694676235,21038.499996036386,86.64092353594765
2023-06-10 06:00:00,2038.5847508350514,23382.999999033767,87.18234404992045
2023-06-10 07:00:00,2262.4706917774865,26062.499999449592,86.80942702447068
2023-06-10 08:00:00,2271.5226332539128,28173.99999958742,80.62478289512234
2023-06-10 09:00:00,2510.825553707276,29205.499999436295,85.97098333381514
2023-06-10 10:00:00,3517.4102935150813,30394.49999975482,115.72522310100364
2023-06-10 11:00:00,3292.970822687365,31094.999999662134,105.90033197373035
2023-06-10 12:00:00,2597.471058792323,30824.499999371015,84.26644580918833
2023-06-10 13:00:00,1907.218897147103,29999.499998870568,63.57502282434396
2023-06-10 14:00:00,1907.946705723326,30221.99999898646,63.1310537286517
2023-06-10 15:00:00,1212.669351933605,29363.555734496935,41.29845046350892
2023-06-10 16:00:00,1442.1826310342162,30427.266785058186,47.39770552583527
2023-06-10 17:00:00,1336.8022858099807,29455.96988181624,45.38306805627254
2023-06-10 18:00:00,1135.7327722172085,27867.210002462416,40.75516609365819
2023-06-10 19:00:00,1349.167442075495,26518.80551975368,50.87587527539689
2023-06-10 20:00:00,1525.8152149381026,26080.0000005217,58.505184620689434
2023-06-10 21:00:00,1535.9099288739249,25514.4999976827,60.19753195294521
2023-06-10 22:00:00,1376.8103450728404,24333.37918620266,56.581140438295954
2023-06-10 23:00:00,1360.6981833343782,22804.55485263782,59.66782478882657
2023-06-11 00:00:00,1220.7055024126532,21389.824605582424,57.069448904881035
2023-06-11 01:00:00,1491.3950268520946,20282.36809980937,73.53160240031892
2023-06-11 02:00:00,1943.6620632575211,19364.500000476306,100.37243735752088
2023-06-11 03:00:00,1930.9171416312856,18854.500001726286,102.4114742610249
2023-06-11 04:00:00,1998.3004962492732,18668.000002004395,107.04416627569715
2023-06-11 05:00:00,3033.981152901965,19605.999999610864,154.74758507406827
2023-06-11 06:00:00,3557.3611302152835,21465.499999712345,165.72458737336444
2023-06-11 07:00:00,4430.955198339019,24036.999999914908,184.33894405935456
2023-06-11 08:00:00,5000.530909196902,26458.999999963184,188.99168181729695
2023-06-11 09:00:00,5249.6955989462895,28056.499999984513,187.11156412771325
2023-06-11 10:00:00,5480.625241372406,29343.500000002325,186.77476243024765
2023-06-11 11:00:00,5549.803833272395,30083.50000000182,184.47999179856268
2023-06-11 12:00:00,5403.404966513763,30068.499999930675,179.70317663090012
2023-06-11 13:00:00,5058.0335624785075,29674.499999956053,170.45050674774632
2023-06-11 14:00:00,4786.1881642025755,29109.999999927626,164.41731927909566
2023-06-11 15:00:00,4679.718258051066,28715.499999922227,162.96837102135575
2023-06-11 16:00:00,4830.035086867357,28929.499999958596,166.95881667067422
2023-06-11 17:00:00,5178.439359193458,28853.499999983473,179.4735251943932
2023-06-11 18:00:00,5554.191662334091,28338.499999952066,195.99455378172752
2023-06-11 19:00:00,5629.128215536654,27379.500000059328,205.5964577703923
2023-06-11 20:00:00,5595.537079183297,26448.000000041615,211.56749391918072
2023-06-11 21:00:00,5576.8752944741545,25350.500000067706,219.99074158139916
2023-06-11 22:00:00,5386.904464500213,23155.000000113934,232.64540982395624
2023-06-11 23:00:00,4902.3075305633165,21551.500000148473,227.46943509869584
2023-06-12 00:00:00,4705.925118278461,20969.999999908403,224.4122612445883
2023-06-12 01:00:00,4650.707141702441,20716.00000020182,224.49831732270383
2023-06-12 02:00:00,4661.113047614868,20293.000000166983,229.69068386027269
2023-06-12 03:00:00,4840.129601711392,20058.50000015906,241.3006756074986
2023-06-12 04:00:00,5159.800038682035,20552.000000099928,251.0607258980609
2023-06-12 05:00:00,6313.961248033939,24093.000000102613,262.0662120950918
2023-06-12 06:00:00,7739.9766035798475,28433.500000069354,272.2132907859028
2023-06-12 07:00:00,8312.809929746201,31030.000000156226,267.8959049211843
2023-06-12 08:00:00,8328.955407156558,32713.000000163822,254.60689655839718
2023-06-12 09:00:00,8204.871266052094,33973.50000014748,241.5079772768916
2023-06-12 10:00:00,7991.371097071644,34652.50000015566,230.61456163439135
2023-06-12 11:00:00,7686.886515249088,34988.500000138185,219.69751533271585
2023-06-12 12:00:00,7175.397142323566,34591.00000006968,207.43537747706372
2023-06-12 13:00:00,6956.319751554926,34550.00000011302,201.34065851033782
2023-06-12 14:00:00,6716.923379853185,34319.500000099164,195.71740205520993
2023-06-12 15:00:00,6611.9092089937685,34167.00000007683,193.51740594664153
2023-06-12 16:00:00,6594.956786178509,33602.50000007295,196.26387281196912
2023-06-12 17:00:00,6544.4452821272025,32846.000000042965,199.2463399536821
2023-06-12 18:00:00,6656.444749133588,31425.500000006763,211.81666955600244
2023-06-12 19:00:00,6695.696625925113,29939.000000010154,223.64463161504534
2023-06-12 20:00:00,6520.446599968308,29188.500000011394,223.3909450628077
2023-06-12 21:00:00,5673.367444547332,27462.99999996666,206.58221769487014
2023-06-12 22:00:00,5016.104675555368,24369.49999996388,205.83535466721938
2023-06-12 23:00:00,4384.390740772588,22660.99999993573,193.47737261308075
2023-06-13 00:00:00,4019.4781246549596,22103.999999837724,181.84392529336176
2023-06-13 01:00:00,3518.3387039158474,21666.999999870302,162.3823650683947
2023-06-13 02:00:00,3610.9037423686837,21385.999999892436,168.84427861156107
2023-06-13 03:00:00,3883.5788260422946,21110.999999911855,183.9599652341675
2023-06-13 04:00:00,4732.326315520765,22006.999999948537,215.03732064942207
2023-06-13 05:00:00,5661.203818585637,24981.00000000545,226.620384235395
2023-06-13 06:00:00,7075.952544531732,28988.50000001038,244.09515996099137
2023-06-13 07:00:00,7453.1706841054165,31670.500000081905,235.33479686415248
2023-06-13 08:00:00,7330.19190024547,33262.50000008113,220.3740518670452
2023-06-13 09:00:00,6955.684026991568,34365.00000006804,202.40605345490462
2023-06-13 10:00:00,7067.5311209772835,34818.500000060325,202.98206760673315
2023-06-13 11:00:00,6670.987280185548,35579.000000054904,187.4978858364556
2023-06-13 12:00:00,6058.744487939599,35127.50000001476,172.47867021385105
2023-06-13 13:00:00,5569.239215273522,34703.00000000851,160.48293275140927
2023-06-13 14:00:00,5390.687258439592,33519.500000005704,160.8224245122593
2023-06-13 15:00:00,5185.595929360963,33039.500000004686,156.95140451157638
2023-06-13 16:00:00,5437.754979702334,32839.50000001378,165.5858030633856
2023-06-13 17:00:00,5709.881931419126,31894.000000033906,179.02683675340364
2023-06-13 18:00:00,5414.338117488108,30967.499999972435,174.83936764326882
2023-06-13 19:00:00,5261.133987639681,30318.499999954063,173.52883512204272
2023-06-13 20:00:00,4481.340841875094,28832.99999992476,155.42402253968677
2023-06-13 21:00:00,4100.13215805697,27622.499999885138,148.43450658246067
2023-06-13 22:00:00,3357.3834802879574,25451.499999839652,131.91299060209062
2023-06-13 23:00:00,2546.185130011041,23504.9999996689,108.32525547955362
2023-06-14 00:00:00,2359.2844414044002,22750.999999495987,103.70025236062882
2023-06-14 01:00:00,2619.2833085096913,22134.499999687338,118.3348758068486
2023-06-14 02:00:00,2915.9572828361866,21949.499999764583,132.84846046003148
2023-06-14 03:00:00,3003.190883046086,21504.49999979701,139.65406696619007
2023-06-14 04:00:00,3476.248177984528,22043.499999856238,157.69946596535027
2023-06-14 05:00:00,4832.013248285691,25411.500080742768,190.15064962447715
2023-06-14 06:00:00,5850.886016504132,28547.499999980024,204.9526584292224
2023-06-14 07:00:00,6380.021215699382,31357.00001256854,203.46401802283816
2023-06-14 08:00:00,6464.973199519162,33096.50000008672,195.33706583784453
2023-06-14 09:00:00,6269.286469273477,34094.500016172904,183.87970101628147
2023-06-14 10:00:00,6495.948753476313,34861.500037554484,186.3358933631245
2023-06-14 11:00:00,6302.432395037739,35454.500101251615,177.7611410974386
2023-06-14 12:00:00,5868.398685635972,34690.50000000256,169.1644307702552
2023-06-14 13:00:00,5682.468306122112,34116.00014539139,166.5631457939168
2023-06-14 14:00:00,5767.684889740307,33509.50010780497,172.12088724644715
2023-06-14 15:00:00,5969.350654482384,33736.000090207555,176.94304714609865
2023-06-14 16:00:00,6369.938734548135,33715.50010196584,188.93205544285328
2023-06-14 17:00:00,6478.131359543925,32650.500152062283,198.4083346158099
2023-06-14 18:00:00,6507.348448352413,32093.500000028682,202.76219322749455
2023-06-14 19:00:00,6361.741712516573,31024.500183725664,205.0554134584806
2023-06-14 20:00:00,6029.515154572834,29463.000192792166,204.64701880726645
2023-06-14 21:00:00,5417.816136290053,28187.500072341587,192.20633693607243
2023-06-14 22:00:00,5018.74402854572,26260.000149360887,191.11744097487622
2023-06-14 23:00:00,4853.045972487648,24949.500218781734,194.51475700640782
2023-06-15 00:00:00,4735.997889467484,23991.99999991887,197.3990450768381
2023-06-15 01:00:00,4538.948342645072,22713.000253010483,199.8392238842801
2023-06-15 02:00:00,4698.403234927037,22519.500210389015,208.63710078074925
2023-06-15 03:00:00,4987.981906403788,22372.000197444915,222.9564572850961
2023-06-15 04:00:00,5559.736951613006,23363.00019286188,237.97187457592358
2023-06-15 05:00:00,6240.278056403057,25963.000369296962,240.35273148871562
2023-06-15 06:00:00,6913.2256540112085,28763.000000040774,240.35134214099392
2023-06-15 07:00:00,7790.2551651213635,31728.500304030837,245.52862853501077
2023-06-15 08:00:00,7827.694108704746,33285.00026825532,235.1718205082967
2023-06-15 09:00:00,7698.800114799243,33682.50027434735,228.5697336032581
2023-06-15 10:00:00,7514.665079107417,34794.50031157067,215.9727833944052
2023-06-15 11:00:00,7288.887490161056,35276.00038438533,206.62454390343615
2023-06-15 12:00:00,6945.220849350126,34842.00001719348,199.3347352598263
2023-06-15 13:00:00,6764.55480381021,33890.000439926356,199.60326692238039
2023-06-15 14:00:00,6782.546005039748,33548.00038665011,202.17437483215107
2023-06-15 15:00:00,7032.75355164452,33369.50036761678,210.75393620425345
2023-06-15 16:00:00,7056.669648314529,33430.500411029156,211.08477472824313
2023-06-15 17:00:00,7127.469471188618,32550.000455945523,218.96987315976295
2023-06-15 18:00:00,7330.31244378352,32069.000021141095,228.57938940880916
2023-06-15 19:00:00,7244.049761219719,30729.500517336546,235.73600739565782
2023-06-15 20:00:00,6908.295362749773,28648.00067029838,241.14406594217033
2023-06-15 21:00:00,6560.595388328361,27167.00030487215,241.49134297877487
2023-06-15 22:00:00,6044.95852470585,25016.50040636401,241.63885541592612
2023-06-15 23:00:00,5691.461266178066,23514.000594654768,242.04563758801027
2023-06-16 00:00:00,5700.646064881434,22841.50233095721,249.57404212223454
2023-06-16 01:00:00,5494.511635616632,21737.000631569696,252.77229958013098
2023-06-16 02:00:00,5455.159513900001,21369.00057067199,255.2837927940798
2023-06-16 03:00:00,5610.564007615112,21673.000568896176,258.8734305515161
2023-06-16 04:00:00,6225.38823205957,22835.0004577033,272.62483500233344
2023-06-16 05:00:00,6657.479230775353,25352.502941772625,262.59652729616715
2023-06-16 06:00:00,7388.319453044527,28031.000340615297,263.57673159238914
2023-06-16 07:00:00,8165.900952724631,31086.000916922763,262.6874062877362
2023-06-16 08:00:00,8262.841659294405,32368.0006439999,255.27809858178864
2023-06-16 09:00:00,8022.029753605209,33348.000675888354,240.5550435113607
2023-06-16 10:00:00,7856.866203054351,33839.50081266378,232.18032223791172
2023-06-16 11:00:00,7484.538460199343,33968.502441497585,220.33760461149635
2023-06-16 12:00:00,7163.919532962276,33098.5006181136,216.44241881584585
2023-06-16 13:00:00,6800.1362563463545,32416.503887306466,209.773894186323
2023-06-16 14:00:00,6685.9840205606215,31541.503378386566,211.97417067767643
2023-06-16 15:00:00,6839.985213917217,31331.502853807346,218.31015402716423
2023-06-16 16:00:00,7142.5537970459745,31109.00230494056,229.59764916381243
2023-06-16 17:00:00,7166.334414880191,30513.004588528944,234.86164379807755
2023-06-16 18:00:00,7246.167937681901,29377.002666522585,246.66124110542705
2023-06-16 19:00:00,7076.807395211346,27551.00683887644,256.86202455677466
2023-06-16 20:00:00,6940.713053354602,26738.50685940396,259.5774360120467
2023-06-16 21:00:00,6694.16074281014,25794.001846792464,259.523930507998
2023-06-16 22:00:00,6181.808691564581,23815.003324405545,259.5762262703311
2023-06-16 23:00:00,5660.198673287642,21952.00643233545,257.8442517650748
2023-06-17 00:00:00,5149.381267620737,20958.014135195,245.69986614205638
2023-06-17 01:00:00,4889.397667480241,20229.509664264227,241.6963015231874
2023-06-17 02:00:00,4711.352922473968,19992.509703078733,235.65590275784365
2023-06-17 03:00:00,4632.109545326334,19212.010287345183,241.10488574834213
2023-06-17 04:00:00,4818.18638529353,19575.009593529925,246.13966916706252
2023-06-17 05:00:00,5317.281593000283,21034.0108621767,252.79446834183221
2023-06-17 06:00:00,5831.436767358619,23473.011123930915,248.43155982716783
2023-06-17 07:00:00,6443.680992425272,26608.009967585345,242.17072228532507
2023-06-17 08:00:00,6404.160857810153,28364.009653471327,225.78475102959854
2023-06-17 09:00:00,6018.932946644764,29260.010511688273,205.70508490557197
2023-06-17 10:00:00,5933.871933687045,29604.511142983913,200.4380989447055
2023-06-17 11:00:00,5483.090635742141,29974.51258834141,182.92509743343714
2023-06-17 12:00:00,4706.46914436552,28928.016167932034,162.6958833624701
2023-06-17 13:00:00,4676.21283141304,28466.01647833858,164.27352365833966
2023-06-17 14:00:00,4611.728620262523,28284.016850244214,163.05069554583807
2023-06-17 15:00:00,5125.615868348126,28445.514335572963,180.19065529562988
2023-06-17 16:00:00,5925.993179666514,28813.01321984264,205.67072018644214
2023-06-17 17:00:00,6188.905385113971,28968.513619688223,213.64249013134486
2023-06-17 18:00:00,6298.281006422145,28130.509816563677,223.89501816684532
2023-06-17 19:00:00,6327.20824580231,27227.515262702207,232.38287389630733
2023-06-17 20:00:00,6243.993800283566,26478.015209560825,235.81804568300691
2023-06-17 21:00:00,5898.8748753513,25732.50936842232,229.23822900032096
2023-06-17 22:00:00,5289.865958893527,23483.012687872982,225.263514064586
2023-06-17 23:00:00,4632.178957308375,21931.01573250538,211.21588775492611
2023-06-18 00:00:00,3899.707871412962,20406.023913778314,191.10571897251614
2023-06-18 01:00:00,3766.4698816963846,19896.018400096535,189.30772006514178
2023-06-18 02:00:00,3483.75378916608,19376.019094876927,179.7971901301023
2023-06-18 03:00:00,3392.650482226581,18973.018547138025,178.81448193378506
2023-06-18 04:00:00,3179.4877319845423,18791.0188366314,169.20251954547655
2023-06-18 05:00:00,3742.5798030592973,19827.01898181041,188.761598831009
2023-06-18 06:00:00,4163.0740924112215,21674.020816514996,192.07668607751248
2023-06-18 07:00:00,4429.722905928115,24648.51871893092,179.71558276749238
2023-06-18 08:00:00,4487.5215878556555,27072.016337741865,165.76236996427468
2023-06-18 09:00:00,4516.811001242185,28514.016403710586,158.40669154747357
2023-06-18 10:00:00,4124.2175541904635,29816.517494587642,138.31989449938612
2023-06-18 11:00:00,4191.30412739817,30116.017865771064,139.17192326286525
2023-06-18 12:00:00,3660.4355314665268,29337.019802239938,124.77189421902511
2023-06-18 13:00:00,3250.590798999821,28536.024392741772,113.911831384144
2023-06-18 14:00:00,3474.923091270951,28143.52269884183,123.47150456093942
2023-06-18 15:00:00,4219.795007950504,28829.0204680644,146.37316632471158
2023-06-18 16:00:00,5411.451992608148,29871.015893288033,181.1606278119283
2023-06-18 17:00:00,6000.018383358706,29591.515248651027,202.76144472298444
2023-06-18 18:00:00,5684.896044549245,28729.012166847788,197.87996926359352
2023-06-18 19:00:00,5168.159169420951,27428.019210008748,188.42626329848275
2023-06-18 20:00:00,5190.349971913841,26819.017729889623,193.53244120232
2023-06-18 21:00:00,4644.065599774845,25527.51311769953,181.92393353643513
2023-06-18 22:00:00,4232.185888883232,23488.51765129443,180.1810549185508
2023-06-18 23:00:00,3848.0175109282045,22289.02086098416,172.64183720443145
2023-06-19 00:00:00,3507.8907789455543,21618.02559751322,162.26693613264462
2023-06-19 01:00:00,3213.88590651761,21529.521662761454,149.27809158326582
2023-06-19 02:00:00,2694.986138650639,20431.524589859757,131.90333040482798
2023-06-19 03:00:00,2579.42707799692,20518.02454269465,125.71517655754602
2023-06-19 04:00:00,2051.772702001282,20850.02169530352,98.40626220851584
2023-06-19 05:00:00,2860.2871460845945,24233.02444752143,118.03261092228817
2023-06-19 06:00:00,4530.703197304853,28767.514849555857,157.4937293332032
2023-06-19 07:00:00,5554.068442647496,31718.018098176173,175.10767619389378
2023-06-19 08:00:00,6057.108975684127,33423.51595754612,181.22297436863747
2023-06-19 09:00:00,6321.93811401058,33966.5171435872,186.12264799731304
2023-06-19 10:00:00,6762.738667195045,34300.51630923663,197.16142480846386
2023-06-19 11:00:00,6386.38886003205,35024.019364650296,182.34311697753986
2023-06-19 12:00:00,5886.9869600123675,35106.51197544636,167.68931542187246
2023-06-19 13:00:00,5671.510806421708,34618.02187554926,163.83116362947072
2023-06-19 14:00:00,5249.846185559927,33066.02120367405,158.7686088151605
2023-06-19 15:00:00,5291.622529344547,32697.019963185598,161.83806766801743
2023-06-19 16:00:00,5729.4446640944425,32937.01877561382,173.95152558058643
2023-06-19 17:00:00,6289.957789700518,32403.52007384502,194.11341037536076
2023-06-19 18:00:00,6894.079619780494,32254.009288144804,213.74333833017354
2023-06-19 19:00:00,7060.314561494387,30284.51966184347,233.13278996430395
2023-06-19 20:00:00,6950.195997526586,29087.519065812685,238.94083169490148
2023-06-19 21:00:00,6406.398881715039,27789.01194979977,230.537123568411
2023-06-19 22:00:00,5329.044542766769,25998.517683633265,204.97493771045032
2023-06-19 23:00:00,4819.023452034119,24749.519702246183,194.71179683526387
2023-06-20 00:00:00,4734.129637850284,24353.020955549495,194.39599080916014
2023-06-20 01:00:00,4757.389603437509,23861.019027707935,199.37914629350595
2023-06-20 02:00:00,5078.322503292409,23365.5177175787,217.3426056582435
2023-06-20 03:00:00,5213.588936050323,23230.01746691667,224.43327662044695
2023-06-20 04:00:00,5331.761493710017,23854.01616192362,223.51630255959617
2023-06-20 05:00:00,5642.6342980220625,26058.51815212653,216.53703656827435
2023-06-20 06:00:00,6026.86263003762,28737.01251834183,209.72474526330404
2023-06-20 07:00:00,7096.997979533288,31244.016115083374,227.14743051573126
2023-06-20 08:00:00,7813.326705407934,33554.5130083343,232.85471922859534
2023-06-20 09:00:00,7465.383834097515,34252.01277791264,217.95460262444945
2023-06-20 10:00:00,6846.315133026533,34500.01466993406,198.44383251793028
2023-06-20 11:00:00,6773.591838188397,34917.01498829256,193.9911484546871
2023-06-20 12:00:00,6082.881774282554,34702.50959587601,175.28650939427834
2023-06-20 13:00:00,6049.927394816245,34254.01528128504,176.61951000885063
2023-06-20 14:00:00,5489.077485167114,33699.01358089224,162.88540529505258
2023-06-20 15:00:00,5799.8093738444495,33878.011395675916,171.19686589941696
2023-06-20 16:00:00,6321.401153654203,34084.01048243378,185.46529777979404
2023-06-20 17:00:00,6453.536909787548,32445.51219356501,198.9038382654194
2023-06-20 18:00:00,6262.747455074938,30885.507167337702,202.77301652012278
2023-06-20 19:00:00,6444.658955381526,29551.01213857652,218.0858958454601
2023-06-20 20:00:00,6329.792808625055,28456.012158794238,222.4413165591389
2023-06-20 21:00:00,6072.33237419457,26726.504344181347,227.20264109348753
2023-06-20 22:00:00,5504.359451598928,24397.008591624406,225.61616236379885
2023-06-20 23:00:00,5273.481808594831,24438.00892669991,215.79015804488282
2023-06-21 00:00:00,4939.444512497917,24104.511739961305,204.91784134789722
2023-06-21 01:00:00,5179.3964311067075,24227.507800091364,213.78164332227254
2023-06-21 02:00:00,5180.200703140492,24069.50670338571,215.21839923756414
2023-06-21 03:00:00,5310.730751924032,24207.005642959914,219.38817341782806
2023-06-21 04:00:00,5169.985283262024,24172.506015225215,213.87874637431773
2023-06-21 05:00:00,6055.94592421691,26617.00746056894,227.52166761001703
2023-06-21 06:00:00,6887.124019614129,28871.00193024273,238.5481472466593
2023-06-21 07:00:00,7683.3712362274755,31853.503089907823,241.20961561247577
2023-06-21 08:00:00,7628.824531558972,33249.50189055856,229.44176898256728
2023-06-21 09:00:00,7464.037010984994,33660.500640571176,221.74468201428206
2023-06-21 10:00:00,7517.875988774641,34219.00067396943,219.69887608358852
2023-06-21 11:00:00,7374.015791629987,34806.50207110508,211.85742182784836
2023-06-21 12:00:00,6974.383477037345,34399.000206286015,202.74959839567833
2023-06-21 13:00:00,6789.050605870229,34471.00155015617,196.9496185363802
2023-06-21 14:00:00,6851.025395188468,34405.00028161541,199.12877021103728
2023-06-21 15:00:00,7282.215033183139,34475.000110197514,211.23176243381943
2023-06-21 16:00:00,7420.9929872419325,33482.000152769644,221.6412685437511
2023-06-21 17:00:00,7675.648400566966,32308.500274652873,237.57365198993082
2023-06-21 18:00:00,7869.127687966481,31811.00000008007,247.37127685224215
2023-06-21 19:00:00,7590.513732546676,29616.000512194954,256.2977309991988
2023-06-21 20:00:00,7332.312859214658,27888.0004311644,262.91999232117456
2023-06-21 21:00:00,7102.532777730016,26772.50000002319,265.29210113825246
2023-06-21 22:00:00,6352.933343494604,24610.500000001408,258.1391415653579
2023-06-21 23:00:00,6071.403198779041,23551.000040366773,257.798105743814
2023-06-22 00:00:00,5786.189618537168,22678.001576535786,255.14548091944556
2023-06-22 01:00:00,5779.5062108010125,22561.500011304826,256.1667534474699
2023-06-22 02:00:00,5702.751927790736,22373.999999961816,254.88298595693522
2023-06-22 03:00:00,5763.49945615815,22570.99999996757,255.34976102815256
2023-06-22 04:00:00,6154.220563367906,22861.999999988442,269.18994678379045
2023-06-22 05:00:00,6869.640085633728,25411.00016303094,270.3411924583743
2023-06-22 06:00:00,7850.148829940311,28695.000000046944,273.5720101037626
2023-06-22 07:00:00,8514.546469234685,31665.000000082426,268.8945671628777
2023-06-22 08:00:00,8654.88549686146,33343.50000008847,259.5673968491159
2023-06-22 09:00:00,8500.936738273122,34112.50000009737,249.2029824330922
2023-06-22 10:00:00,8697.112434195633,34189.500000112545,254.37963217265548
2023-06-22 11:00:00,8740.773005397541,34945.50000300891,250.12585324705427
2023-06-22 12:00:00,8678.394764305407,34945.50031035403,248.34083607994813
2023-06-22 13:00:00,8201.520574359341,33716.00000009627,243.25307196393177
2023-06-22 14:00:00,7626.5063664197905,33181.00000008263,229.84558531692227
2023-06-22 15:00:00,7450.431764878674,33352.00000008947,223.38785574654256
2023-06-22 16:00:00,7588.448456342201,33143.00000008175,228.96081997174315
2023-06-22 17:00:00,7399.196266782561,32277.500000105298,229.2369689956912
2023-06-22 18:00:00,7791.118658936341,31370.000000046748,248.36208667276793
2023-06-22 19:00:00,7625.6159402993835,29757.000000062606,256.26292772400916
2023-06-22 20:00:00,7406.081178122622,28410.500000049557,260.6811276855284
2023-06-22 21:00:00,7160.024996021333,27095.00000001302,264.2563202073406
2023-06-22 22:00:00,6312.836156322016,24684.00000002095,255.74607666166983
2023-06-22 23:00:00,5638.340253945587,22833.999999999087,246.92740010273334
2023-06-23 00:00:00,5205.483900931155,22050.99999991312,236.06566146440815
2023-06-23 01:00:00,4960.44188424844,21370.499999945656,232.11632316796775
2023-06-23 02:00:00,4774.546467636728,20793.999999929354,229.61173740756703
2023-06-23 03:00:00,4783.586308682675,21105.499999929445,226.65117190773336
2023-06-23 04:00:00,5429.22185592267,22703.999999948766,239.13063142771853
2023-06-23 05:00:00,6086.377960283022,25469.499999991473,238.96731228665894
2023-06-23 06:00:00,6447.321018983825,28489.999999976517,226.30119406771286
2023-06-23 07:00:00,6676.576500694622,30922.49999999535,215.91321855269226
2023-06-23 08:00:00,6714.6720315216435,32148.499999994685,208.86424036962077
2023-06-23 09:00:00,6896.654887941862,33351.50000001639,206.78694775162953
2023-06-23 10:00:00,6992.603204369736,34089.00000002514,205.12784782083895
2023-06-23 11:00:00,6236.406992193047,34598.00000000655,180.25339592438482
2023-06-23 12:00:00,5598.153380019067,34175.49999996575,163.80604175578054
2023-06-23 13:00:00,4501.384231777749,33512.499999897635,134.31955932238714
2023-06-23 14:00:00,3680.108632245476,31892.999999845044,115.38922748764169
2023-06-23 15:00:00,3654.6307565557204,31670.999999849882,115.3936016094548
2023-06-23 16:00:00,4379.170693317577,31682.49999991459,138.22049059668214
2023-06-23 17:00:00,4894.785501931773,31355.499999959375,156.1061217948403
2023-06-23 18:00:00,5236.337623433536,31072.99999996098,168.51728585717862
2023-06-23 19:00:00,5176.26700965386,29561.99999995296,175.09867430018593
2023-06-23 20:00:00,4751.468345318853,28419.49999992982,167.19042718311675
2023-06-23 21:00:00,4543.8153937104025,27671.999999904077,164.2026378189561
2023-06-23 22:00:00,3782.7486791825986,25441.99999984997,148.68126244811356
2023-06-23 23:00:00,2820.321228489674,23250.49999971362,121.30153022620644
2023-06-24 00:00:00,2033.3041056156403,21663.99999904838,93.85635643025093
2023-06-24 01:00:00,993.1596353634269,20246.515654029245,49.053360703365215
2023-06-24 02:00:00,1031.0684634553552,21159.891809524885,48.72749221672445
2023-06-24 03:00:00,1001.8554959689877,20797.53365526516,48.17184155465257
2023-06-24 04:00:00,1018.2874543533386,20794.56813301875,48.968915720661016
2023-06-24 05:00:00,1560.417811584551,21690.999999129614,71.9384911551872
2023-06-24 06:00:00,1707.162472506927,23363.999999794472,73.06807363987093
2023-06-24 07:00:00,2661.089605829897,25973.9999989467,102.45205228065797
2023-06-24 08:00:00,2905.5825261747314,28145.499999116702,103.23435455990897
2023-06-24 09:00:00,2887.5469710995776,28847.499999083902,100.09695714329756
2023-06-24 10:00:00,3453.8440251799093,29729.999999663134,116.1736974510274
2023-06-24 11:00:00,3441.1418768238527,29633.99999967874,116.12141043602476
2023-06-24 12:00:00,3531.5737069812076,29198.499999713724,120.95051824634255
2023-06-24 13:00:00,3704.656633142521,28957.499999761018,127.93427033318122
2023-06-24 14:00:00,3661.1777964680587,28144.49999977132,130.08501826281534
2023-06-24 15:00:00,3839.045553466272,28181.49999982518,136.22573509181862
2023-06-24 16:00:00,4636.158390722845,28805.999999929485,160.94419186052193
2023-06-24 17:00:00,5136.409686234608,28963.999999959047,177.3377187626664
2023-06-24 18:00:00,5663.205812923238,28630.999999972602,197.7997908885005
2023-06-24 19:00:00,5702.7475135115,27536.49999998314,207.09776164418105
2023-06-24 20:00:00,5542.8577497949045,27007.499999965177,205.23401832091275
2023-06-24 21:00:00,5106.129881731749,26655.499999935633,191.5600863515627
2023-06-24 22:00:00,2858.666094645157,24703.999999689102,115.71672986889301
2023-06-24 23:00:00,1669.708946329676,23333.999987226565,71.55691039871877
2023-06-25 00:00:00,1149.8808674424604,22742.120635641248,50.56172578912353
2023-06-25 01:00:00,1162.0549855022773,22844.147524036194,50.868826874786386
2023-06-25 02:00:00,1097.5821727253065,22056.81288771287,49.76159422092816
2023-06-25 03:00:00,959.5362894234551,21942.024504600482,43.73052674434274
2023-06-25 04:00:00,927.656710385165,22269.976545767164,41.65503760090326
2023-06-25 05:00:00,931.4720564039253,23242.462093029935,40.07630743574536
2023-06-25 06:00:00,1359.2942539629234,24667.999999379786,55.10354524068021
2023-06-25 07:00:00,1455.0914215715966,27131.50000179412,53.631071686982885
2023-06-25 08:00:00,1462.976669478775,28759.500001378427,50.86933602491891
2023-06-25 09:00:00,2249.7107823620254,30428.499999415297,73.93433072301478
2023-06-25 10:00:00,2661.3036920822633,31733.499999393476,83.86417168396581
2023-06-25 11:00:00,2359.3930239898555,32017.999999363685,73.68958161149182
2023-06-25 12:00:00,1815.2656228970698,31506.499998525276,57.61559116315798
2023-06-25 13:00:00,1984.5223719717071,30104.499998567273,65.92112049913315
2023-06-25 14:00:00,1810.276533628632,29303.499997342562,61.77680255917552
2023-06-25 15:00:00,1989.5615668497258,29470.999997977433,67.50912988993477
2023-06-25 16:00:00,2335.6686452598437,30232.999999059786,77.25560299449214
2023-06-25 17:00:00,2518.297890625824,30065.999999504522,83.7589932371225
2023-06-25 18:00:00,2925.841776826008,29500.99999968647,99.1777152251484
2023-06-25 19:00:00,2913.718765347764,28515.499999711254,102.18017447974849
2023-06-25 20:00:00,2653.4353069170093,26844.499999585267,98.84465372638729
2023-06-25 21:00:00,2908.649007563572,25637.999999665688,113.450698478879
2023-06-25 22:00:00,1741.4067256458832,23506.49999940588,74.0819231144533
2023-06-25 23:00:00,1218.1594516591476,22162.000819504185,54.96613151404083
2023-06-26 00:00:00,1103.921143223529,22929.078144451356,48.14502948042282
2023-06-26 01:00:00,1103.6250521476388,23852.136517510353,46.26944220856042
2023-06-26 02:00:00,1146.4793674242546,24935.983802901985,45.97690536239562
2023-06-26 03:00:00,1036.7477890995137,24676.239071360807,42.014011377558795
2023-06-26 04:00:00,1041.4417809039453,24678.563144643922,42.20025999082419
2023-06-26 05:00:00,1534.7212592153714,25469.99999715362,60.25603688209199
2023-06-26 06:00:00,1661.9758597477228,28239.999999972606,58.851836393390045
2023-06-26 07:00:00,2200.5974315575104,31027.500000029384,70.92409738314161
2023-06-26 08:00:00,2332.008326080091,32437.499999982065,71.89235687341443
2023-06-26 09:00:00,2794.7400178850603,32903.499999567575,84.93746920302671
2023-06-26 10:00:00,4277.991035768255,33501.49999982491,127.69550723969414
2023-06-26 11:00:00,4468.016410613141,33915.99999984639,131.73771702539736
2023-06-26 12:00:00,4333.898647807558,34103.49999982976,127.08075850951344
2023-06-26 13:00:00,3933.6311620591746,32964.49999978783,119.32931371883366
2023-06-26 14:00:00,3873.1857364706784,32311.499999780946,119.8701928569375
2023-06-26 15:00:00,3701.7802017791805,32682.49999974158,113.2649032910105
2023-06-26 16:00:00,4117.971094079748,32500.49999982904,126.70485358998812
2023-06-26 17:00:00,4421.906028337342,31570.499999896045,140.06449148261518
2023-06-26 18:00:00,4568.361958163013,30307.999999898566,150.73122469903333
2023-06-26 19:00:00,4976.452349885635,29077.499999944193,171.14443641630766
2023-06-26 20:00:00,5207.715538548574,28023.9999999549,185.83055732789592
2023-06-26 21:00:00,5299.4162637953,26661.999999940348,198.76289339911324
2023-06-26 22:00:00,4209.730514139985,24583.999999904725,171.23863139262528
2023-06-26 23:00:00,3581.3350197662085,22767.49999984816,157.30031930559318
2023-06-27 00:00:00,3275.861026356028,21896.999999763786,149.60318885652677
2023-06-27 01:00:00,3208.841994270419,21601.499999806492,148.54718395940856
2023-06-27 02:00:00,3330.2908745184905,21327.4999998312,156.1500820323455
2023-06-27 03:00:00,3690.7818341864877,20915.99999987548,176.45734529587207
2023-06-27 04:00:00,4473.639817430597,22650.999999916367,197.50297194150875
2023-06-27 05:00:00,5145.8130682896435,24521.999999954718,209.8447544367974
2023-06-27 06:00:00,5835.972604782354,27851.99999995699,209.5351358893927
2023-06-27 07:00:00,6291.539014079452,30799.999999989184,204.27074721044352
2023-06-27 08:00:00,6324.1740837501375,32620.999999984095,193.86818563971738
2023-06-27 09:00:00,6023.897289562093,32978.499999973144,182.66134874439402
2023-06-27 10:00:00,6036.417648706572,33549.499999971835,179.92571122406116
2023-06-27 11:00:00,5041.457654462807,34001.49999991193,148.27162491289695
2023-06-27 12:00:00,4327.876437573454,33683.99999982534,128.48463477009545
2023-06-27 13:00:00,4003.6377696636514,32961.99999982078,121.46222224638736
2023-06-27 14:00:00,3864.8278507898917,32390.499999815143,119.31979595288584
2023-06-27 15:00:00,4227.424160298949,32627.499999868047,129.56629102186946
2023-06-27 16:00:00,4758.425804595177,33369.49999992577,142.59805524822855
2023-06-27 17:00:00,4840.334370417221,31763.49999994401,152.38668189669758
2023-06-27 18:00:00,4854.147068658342,31316.499999930173,155.00286011109688
2023-06-27 19:00:00,5109.341030341657,30297.999999957286,168.63624761861706
2023-06-27 20:00:00,5171.424671444227,29648.999999958727,174.42155457018538
2023-06-27 21:00:00,5099.371560590468,29296.499999949127,174.06077724640565
2023-06-27 22:00:00,3859.1623448244204,26420.499999863987,146.06696863588076
2023-06-27 23:00:00,3282.120257935454,24936.999999797194,131.61648385780757
2023-06-28 00:00:00,2942.433618384934,24060.99999971833,122.29057887948879
2023-06-28 01:00:00,2609.7840508050576,23043.999999668642,113.2522153637643
2023-06-28 02:00:00,2939.8765645087806,22311.4999997494,131.76507919870025
2023-06-28 03:00:00,3461.3129101426534,21940.4999998282,157.759071587692
2023-06-28 04:00:00,4217.264594523175,23029.999999899665,183.12047740084884
2023-06-28 05:00:00,5230.143434876144,25333.499999965486,206.45167208965478
2023-06-28 06:00:00,6267.14352581284,28170.999999993754,222.46791117866707
2023-06-28 07:00:00,7007.651778068572,31210.00000003936,224.53225818839266
2023-06-28 08:00:00,7317.32084956366,32759.50000004955,223.36485140348884
2023-06-28 09:00:00,7492.167610339756,33459.50000005595,223.91750057015878
2023-06-28 10:00:00,7570.711295973335,33685.00000006393,224.75022401540647
2023-06-28 11:00:00,7531.289113549537,34423.00000006234,218.78654136873308
2023-06-28 12:00:00,6792.8968630478485,33662.50000001046,201.7941882820865
2023-06-28 13:00:00,6262.508823647708,32935.00000000768,190.14752766498395
2023-06-28 14:00:00,6187.671797383583,32663.500000010703,189.436888189617
2023-06-28 15:00:00,6579.132510249274,33126.50000002047,198.60632756992766
2023-06-28 16:00:00,6879.429568198687,32908.00000002457,209.05036976399506
2023-06-28 17:00:00,6709.754699655203,31956.000000031483,209.96854110804205
2023-06-28 18:00:00,6893.316558121741,31622.000000037377,217.9911630546326
2023-06-28 19:00:00,6920.6457732198805,30363.500000037162,227.9264832187136
2023-06-28 20:00:00,6858.226720782265,28959.500000032294,236.8213097869306
2023-06-28 21:00:00,6292.067259697568,27522.499999998687,228.6153968461393
2023-06-28 22:00:00,4949.418074706085,24438.499999947104,202.52544447150183
2023-06-28 23:00:00,4244.79386931342,23055.49999990838,184.11198496368712
2023-06-29 00:00:00,4257.79229054301,22603.999999877386,188.36455010467643
2023-06-29 01:00:00,4288.8489141606815,22504.49999990074,190.57739181850732
2023-06-29 02:00:00,4155.492532826375,22571.99999988942,184.09943881121447
2023-06-29 03:00:00,4104.0914799669035,22637.499999882046,181.2961448918073
2023-06-29 04:00:00,4349.757983179051,23174.999999899217,187.6918223602143
2023-06-29 05:00:00,5189.575500758634,25791.499999958425,201.21262822119687
2023-06-29 06:00:00,6397.716123434578,28626.499999996013,223.48928871624085
2023-06-29 07:00:00,6838.259284910986,31735.000000024273,215.4800467907911
2023-06-29 08:00:00,6791.853710478628,32837.000000024,206.8353902754108
2023-06-29 09:00:00,6783.896782696247,33304.500000030625,203.69309801047933
2023-06-29 10:00:00,6969.762594960688,33900.000000042215,205.597716665251
2023-06-29 11:00:00,6586.328208297844,34258.50000004168,192.25384089466354
2023-06-29 12:00:00,6426.597395261876,34060.000000032116,188.68459762935456
2023-06-29 13:00:00,6542.247366103646,33089.00000003943,197.71668427863793
2023-06-29 14:00:00,6432.631965104377,32853.0000000355,195.80044334147343
2023-06-29 15:00:00,6115.968403207372,32052.500000021697,190.81096336333303
2023-06-29 16:00:00,6294.535734316168,32020.500000025302,196.5783087182022
2023-06-29 17:00:00,6530.563549262428,31783.000000028307,205.47347793652617
2023-06-29 18:00:00,6542.790999264921,31028.500000016378,210.86391540878444
2023-06-29 19:00:00,6336.230682040277,29836.500000006105,212.36507908229788
2023-06-29 20:00:00,5996.565199861185,28494.499999990676,210.44640895131155
2023-06-29 21:00:00,5270.337267994428,26813.499999952957,196.55536457395246
2023-06-29 22:00:00,3854.118308534133,24985.499999865126,154.25419977806882
2023-06-29 23:00:00,3188.17166152859,23673.999999784897,134.66975000243124
2023-06-30 00:00:00,2756.793509687577,22716.9999996484,121.35376633051217
2023-06-30 01:00:00,2436.8880734349177,21920.499999561172,111.16936536501001
2023-06-30 02:00:00,2463.3064874248803,21416.99999957492,115.01641161104597
2023-06-30 03:00:00,2649.4147374309637,21232.49999965622,124.78110149411803
2023-06-30 04:00:00,3094.74095119446,22029.99999976316,140.47848167170818
2023-06-30 05:00:00,4333.174073337444,25048.999999897107,172.98790663720078
2023-06-30 06:00:00,5272.703397638721,27630.49999993548,190.8290981940621
2023-06-30 07:00:00,5660.943904221531,30065.499999955635,188.28703677736556
2023-06-30 08:00:00,5694.452640770995,31765.99999995581,179.26250207073338
2023-06-30 09:00:00,5737.729686314114,31853.499999963467,180.12870442245574
2023-06-30 10:00:00,5541.125289434646,31524.999999949934,175.7692399506248
2023-06-30 11:00:00,4689.357276198328,32057.499999880805,146.27956878158818
2023-06-30 12:00:00,4047.3145577885634,31759.999999795204,127.43433746267827
2023-06-30 13:00:00,2930.7194188853846,30953.499999551208,94.6813581316451
2023-06-30 14:00:00,1518.1921151989093,30487.999997362967,49.79638268598215
2023-06-30 15:00:00,1683.1142405279122,32311.69077869581,52.089946392952186
2023-06-30 16:00:00,1700.9124568140905,31638.999996023897,53.759994216879356
2023-06-30 17:00:00,1947.354391768736,31717.99999912778,61.39587590082245
2023-06-30 18:00:00,2618.0881437219327,30880.99999958634,84.7799016792527
2023-06-30 19:00:00,2676.403534487239,29698.999999640146,90.11763138555737
2023-06-30 20:00:00,2220.447507327222,27735.49999921069,80.05795847885967
2023-06-30 21:00:00,1511.3522896556526,26428.499994871185,57.186457420926324
2023-06-30 22:00:00,824.1736720362253,24197.575251440096,34.06017600822113
2023-06-30 23:00:00,37.93490639869121,22471.122889022066,1.6881624735016578
2023-07-01 00:00:00,42.12031552520759,22379.584718426166,1.8820865559014572
2023-07-01 01:00:00,44.236536206312216,22443.273908817362,1.9710375761591925
2023-07-01 02:00:00,36.60409893783651,21899.223610843725,1.6714792993716658
2023-07-01 03:00:00,31.303691321426342,22217.57284358755,1.4089608951349173
2023-07-01 04:00:00,0.5637926216983298,22731.510406647463,0.02480225077931723
2023-07-01 05:00:00,25.049872807234088,23220.650829305014,1.0787756549709
2023-07-01 06:00:00,52.932588702675616,24425.005399991245,2.1671474718566324
2023-07-01 07:00:00,69.36117561715103,26484.000013580408,2.618984125569557
2023-07-01 08:00:00,78.7960137952122,28402.500014509962,2.7742633132631895
2023-07-01 09:00:00,147.08983791037545,29578.00001434159,4.972947387891524
2023-07-01 10:00:00,60.563802538424056,31031.500014301368,1.9516878820073875
2023-07-01 11:00:00,57.909620013640904,30561.203781609114,1.8948736583631993
2023-07-01 12:00:00,12.01156670818405,30836.951933721437,0.3895186117616548
2023-07-01 13:00:00,0.031050291257482893,31202.642623778433,0.0009951173569452917
2023-07-01 14:00:00,0.6669022384412983,31220.991709867296,0.021360700026403258
2023-07-01 15:00:00,28.969118494785814,30725.482398565317,0.9428368973675898
2023-07-01 16:00:00,63.10146375852866,30293.56150454789,2.0829991795139504
2023-07-01 17:00:00,61.08770574500807,29287.14447863442,2.0858197967908008
2023-07-01 18:00:00,76.03583478032941,28213.471263875388,2.6950187755764006
2023-07-01 19:00:00,39.56988451414926,27159.67887544741,1.4569349179573983
2023-07-01 20:00:00,35.64791434530177,26435.128686520908,1.3485054212532885
2023-07-01 21:00:00,6.816333097288354,25573.084912092843,0.2665432473524181
2023-07-01 22:00:00,0.03203782952863883,24249.211597745838,0.0013211905632270953
2023-07-01 23:00:00,0.03193566863842518,23389.22737497469,0.0013654007516552154
2023-07-02 00:00:00,0.034708167328257856,22769.067265738075,0.0015243561329578586
2023-07-02 01:00:00,25.57745726715661,22697.17893233169,1.1269002788149156
2023-07-02 02:00:00,35.753317583632146,22895.873997566076,1.5615615978421644
2023-07-02 03:00:00,34.37510734594085,22434.77318587846,1.5322244205962472
2023-07-02 04:00:00,13.38741984226879,21696.77505500493,0.6170234888977488
2023-07-02 05:00:00,7.027753171932354,21352.218564218016,0.3291345651411344
2023-07-02 06:00:00,65.44580058970466,23021.578630510896,2.8428024698084005
2023-07-02 07:00:00,145.69990433131056,24775.765371035486,5.880742820629203
2023-07-02 08:00:00,223.36998720201726,26248.46079702941,8.509831830874308
2023-07-02 09:00:00,475.94997039721596,27985.45555359816,17.007047445973125
2023-07-02 10:00:00,457.62181218543384,29527.14462451455,15.498342897860125
2023-07-02 11:00:00,555.1036853750975,30264.53626801073,18.34172116365238
2023-07-02 12:00:00,760.3457583686206,29980.615547218178,25.36124574130604
2023-07-02 13:00:00,699.7077033304471,29942.937952440203,23.36803771366144
2023-07-02 14:00:00,444.36743479703205,29999.07274316347,14.812705665987611
2023-07-02 15:00:00,404.6391403838041,32482.689503525064,12.457070106214331
2023-07-02 16:00:00,520.7749419345055,32111.932916518268,16.217489719113754
2023-07-02 17:00:00,693.3168531386526,31177.64442474444,22.23762782374909
2023-07-02 18:00:00,191.04676965647718,29097.514689238695,6.565741840732986
2023-07-02 19:00:00,191.23090214313638,27602.86288490924,6.927937255656341
2023-07-02 20:00:00,202.8070104003474,26905.329024187206,7.537800790989364
2023-07-02 21:00:00,19.641694647725263,25748.142226456963,0.762839294383843
2023-07-02 22:00:00,0.031615845920231,25049.330524351357,0.001262143349080571
2023-07-02 23:00:00,0.03168499210614948,24624.821914789773,0.001286709492389033
2023-07-03 00:00:00,0.03408468662062277,24673.49874260291,0.0013814289970060013
2023-07-03 01:00:00,0.03184174602970257,24835.854387691063,0.0012820878046975388
2023-07-03 02:00:00,0.03187373764822576,24807.338612472682,0.0012848511541742014
2023-07-03 03:00:00,0.03203763946790512,24577.333378967032,0.0013035441629856606
2023-07-03 04:00:00,0.03376288677814553,24456.827539311907,0.0013805096643820652
2023-07-03 05:00:00,48.21831147444103,24898.01020564653,1.936633131570722
2023-07-03 06:00:00,777.0209382880071,27587.50853059147,28.165680036904295
2023-07-03 07:00:00,729.2488378488699,30513.50949551045,23.899212181940808
2023-07-03 08:00:00,841.6724860466944,31974.00950931721,26.323645328291764
2023-07-03 09:00:00,777.0383634687507,32441.50015237886,23.951986184947504
2023-07-03 10:00:00,1536.375228601728,32680.50603271721,47.0119779376619
2023-07-03 11:00:00,1456.987767867494,33691.505761891705,43.244958481953205
2023-07-03 12:00:00,1304.995694460374,33570.000001577304,38.87386638066899
2023-07-03 13:00:00,1140.4785146476956,32641.00882315687,34.940051051320246
2023-07-03 14:00:00,820.7725205563698,31826.121864861045,25.78927222240602
2023-07-03 15:00:00,743.4563355815185,32421.82800695169,22.930734671163854
2023-07-03 16:00:00,708.0800013924577,32258.141610320567,21.95042758340167
2023-07-03 17:00:00,952.9867729789808,31493.402272264986,30.259886332390295
2023-07-03 18:00:00,948.8412371415827,30468.179481238923,31.142039114146645
2023-07-03 19:00:00,900.2495543097996,28500.509458711473,31.587139016373936
2023-07-03 20:00:00,863.4353502870634,27211.715922517476,31.73027944087045
2023-07-03 21:00:00,719.039787910027,26378.34774391593,27.258712141129877
2023-07-03 22:00:00,360.9897500370487,25050.222583165647,14.410640418007404
2023-07-03 23:00:00,5.410636836533364,24308.295182047652,0.22258396962898774
2023-07-04 00:00:00,19.890236620474617,24517.212444526387,0.8112764314246186
2023-07-04 01:00:00,24.58788908374363,23962.194878612427,1.026111723416859
2023-07-04 02:00:00,705.6666744469118,25270.1984322458,27.924856875933845
2023-07-04 03:00:00,739.1380174273305,24024.29785555366,30.766269294170655
2023-07-04 04:00:00,899.2201725328373,24477.99094433171,36.73586507070209
2023-07-04 05:00:00,1396.5973352108558,26812.499999765947,52.08754630202506
2023-07-04 06:00:00,1667.137755735524,28596.500001804026,58.298664369078445
2023-07-04 07:00:00,2097.597818841976,30919.500001987744,67.84061251660363
2023-07-04 08:00:00,2099.392741029601,32167.500002457873,65.2644047833742
2023-07-04 09:00:00,3036.2704203794488,32031.999999651314,94.78866197591472
2023-07-04 10:00:00,3797.8685067084975,32333.499999820957,117.4592452635665
2023-07-04 11:00:00,3962.090937585996,32538.499999863277,121.766244221542
2023-07-04 12:00:00,4591.314980524699,32062.999999870208,143.19667468868434
2023-07-04 13:00:00,5369.4608729277425,32321.999999959855,166.12402923502296
2023-07-04 14:00:00,5644.1247808451235,32250.99999997153,175.00619456296258
2023-07-04 15:00:00,6214.366684736553,32627.000000029635,190.46699619121918
2023-07-04 16:00:00,6603.216279118645,32399.500000020493,203.80611673372948
2023-07-04 17:00:00,7141.358619596628,32211.500000033324,221.70214425249492
2023-07-04 18:00:00,7108.962766885393,31384.000000012125,226.51551003322223
2023-07-04 19:00:00,7033.587920830186,30351.000000022697,231.74155450643886
2023-07-04 20:00:00,6371.451854802233,28202.5000000042,225.91798084571528
2023-07-04 21:00:00,5867.327013971018,26114.500000002226,224.67698075668758
2023-07-04 22:00:00,4370.752857800574,23360.000000010263,187.10414630987387
2023-07-04 23:00:00,3286.744854320417,21697.499999842967,151.48034816657238
2023-07-05 00:00:00,2560.727274604241,20828.99999925389,122.94048080541398
2023-07-05 01:00:00,1594.090985842609,21003.99999893534,75.89463844617268
2023-07-05 02:00:00,1456.3073475353851,22608.224003951847,64.41493800135858
2023-07-05 03:00:00,1377.7026782651203,22658.360738034826,60.80328114612802
2023-07-05 04:00:00,1321.2113491346388,21356.47110521651,61.8646846019388
2023-07-05 05:00:00,2127.353482775685,24521.999999532556,86.75285387881237
2023-07-05 06:00:00,3075.118699180426,28749.999999754218,106.96065040719009
2023-07-05 07:00:00,4238.609529970902,31689.49999986512,133.75438331273588
2023-07-05 08:00:00,4048.212043633296,32589.999999830066,124.21638673379579
2023-07-05 09:00:00,3482.2026315052726,32680.99999972468,106.5512876452559
2023-07-05 10:00:00,3770.056973541016,32813.99999978482,114.89172223946298
2023-07-05 11:00:00,3749.1508270643144,33023.499999767955,113.529784156454
2023-07-05 12:00:00,3840.1707043838396,33585.49999977135,114.34013798841713
2023-07-05 13:00:00,3180.807205066109,31626.499999508163,100.57411364253316
2023-07-05 14:00:00,3331.898941763283,30908.49999960828,107.79879132942426
2023-07-05 15:00:00,3862.1754687525954,31450.999999801068,122.79976690016292
2023-07-05 16:00:00,4845.828775639287,32039.499999944026,151.24545562969936
2023-07-05 17:00:00,4860.614254428291,31300.499999932206,155.28870958734905
2023-07-05 18:00:00,5110.03024464423,30357.99999991011,168.32565533498126
2023-07-05 19:00:00,5516.723255321079,28985.99999995021,190.32371680571845
2023-07-05 20:00:00,5537.191920203235,27884.499999951175,198.57598021169218
2023-07-05 21:00:00,5161.889049229037,26314.499999964017,196.16139577936482
2023-07-05 22:00:00,4573.672825572945,23737.499999938376,192.67710692300446
2023-07-05 23:00:00,3692.415022657477,22135.499999860844,166.80965068241917
2023-07-06 00:00:00,3357.0494883802003,21355.99999977508,157.19467542683822
2023-07-06 01:00:00,3220.6724193947957,21015.9999998064,153.24859247356608
2023-07-06 02:00:00,3258.8438533728254,20919.499999807205,155.78019806414392
2023-07-06 03:00:00,3328.7351789618324,20955.999999823038,158.84401503101458
2023-07-06 04:00:00,3628.463295579208,21391.999999863376,169.6177681190343
2023-07-06 05:00:00,4539.600543349741,23964.499999928597,189.4302215094522
2023-07-06 06:00:00,5724.756026243713,27528.499999956734,207.95742689404472
2023-07-06 07:00:00,6369.543087489496,30799.499999988777,206.80670424817993
2023-07-06 08:00:00,6344.123682801151,31890.49999999011,198.9345944028196
2023-07-06 09:00:00,6165.375813626295,32945.99999998623,187.13579231557316
2023-07-06 10:00:00,5848.342076158339,32832.50000000012,178.12661467016886
2023-07-06 11:00:00,5350.15005274818,32908.99999996071,162.57406948720921
2023-07-06 12:00:00,5363.082216217586,32875.49999994449,163.1330996099418
2023-07-06 13:00:00,5163.402940000248,32479.49999995456,158.9742126574446
2023-07-06 14:00:00,4921.0102280278015,31870.999999950924,154.4040107946214
2023-07-06 15:00:00,4277.765139859405,32428.99999991276,131.91171913629506
2023-07-06 16:00:00,4452.9317334217185,32911.49999993139,135.3001757267521
2023-07-06 17:00:00,4274.570893236492,32289.999999906024,132.38064085626922
2023-07-06 18:00:00,4086.2760320797074,31511.499999859665,129.67570671335562
2023-07-06 19:00:00,3712.641783753388,30275.999999819574,122.6265617576798
2023-07-06 20:00:00,3180.509464136662,29989.99999969736,106.05233291659745
2023-07-06 21:00:00,1756.1772611908757,28841.4999959877,60.89063541893408
2023-07-06 22:00:00,1023.5585906107266,29011.01174969332,35.28172679539681
2023-07-06 23:00:00,528.1489803481454,27695.95089490439,19.069537722401016
2023-07-07 00:00:00,128.9573593795187,26526.37599670896,4.861476720209274
2023-07-07 01:00:00,567.0552216075287,27637.805001566176,20.517375441913526
2023-07-07 02:00:00,737.6778035338981,27419.295122564563,26.90360201589683
2023-07-07 03:00:00,742.9245570713582,26797.716093756455,27.723428163508704
2023-07-07 04:00:00,922.510838158257,26788.545674097866,34.43676448065796
2023-07-07 05:00:00,1031.1973793557538,26881.79089875323,38.360441952681825
2023-07-07 06:00:00,1751.7538693391384,29369.999994995203,59.64432651132605
2023-07-07 07:00:00,1555.6932424760764,31212.999999893083,49.841195735155395
2023-07-07 08:00:00,1766.420383245939,32449.999999816584,54.435142781384386
2023-07-07 09:00:00,2013.81564160751,33194.49999794949,60.667147923056795
2023-07-07 10:00:00,2246.733294668152,34042.49999480128,65.99789366266452
2023-07-07 11:00:00,2169.581338473792,34260.499994769445,63.32602673063798
2023-07-07 12:00:00,2085.729670768705,33650.99999492337,61.98120920874152
2023-07-07 13:00:00,2147.122374465129,32983.499994205726,65.09686282057143
2023-07-07 14:00:00,2260.8223952695143,32231.999998591167,70.14216912907462
2023-07-07 15:00:00,2632.363388846169,31846.99999961631,82.65655756830733
2023-07-07 16:00:00,3296.4142264821635,32977.99999977411,99.95797884967988
2023-07-07 17:00:00,3651.8517895280643,32875.99999983618,111.07956532261409
2023-07-07 18:00:00,4053.847002210854,31796.999999855805,127.49149297824441
2023-07-07 19:00:00,3980.377912923611,30763.99999984163,129.38427749785794
2023-07-07 20:00:00,3725.290354927445,30292.999999808784,122.97528653322418
2023-07-07 21:00:00,2663.4624575493035,29328.9999995391,90.81327210580515
2023-07-07 22:00:00,879.6668532687552,26391.703790004172,33.33118847756725
2023-07-07 23:00:00,921.0025446084315,26645.014662620837,34.5656610165228
2023-07-08 00:00:00,986.9529339481371,27793.130052854725,35.51067951221147
2023-07-08 01:00:00,979.8585020225195,28001.632018217002,34.99290689146452
2023-07-08 02:00:00,980.0584336149095,28190.807863939768,34.76517729981587
2023-07-08 03:00:00,980.3910423907134,28320.398537495523,34.61784060322101
2023-07-08 04:00:00,980.9598457818149,28091.347446750166,34.92035573022327
2023-07-08 05:00:00,982.3230069036781,27628.550076565018,35.554634759386104
2023-07-08 06:00:00,988.4565995608825,27419.172901570455,36.049832834464084
2023-07-08 07:00:00,1425.6864857206515,29776.05560748994,47.88030034985665
2023-07-08 08:00:00,1682.3404319439185,30582.49879790048,55.009907563845395
2023-07-08 09:00:00,1690.7311790091562,30881.57636573689,54.74886252519876
2023-07-08 10:00:00,1775.6904544404827,30815.93273381744,57.622479571804035
2023-07-08 11:00:00,1771.0532688913684,29516.909177315843,60.00131173125835
2023-07-08 12:00:00,1915.3148969422539,29236.999998285737,65.5099667221177
2023-07-08 13:00:00,2380.907241787452,28465.999998750696,83.64038649237492
2023-07-08 14:00:00,2396.090946424216,27950.999999512176,85.72469487553342
2023-07-08 15:00:00,2178.5364121983102,28105.999995992715,77.51143572578526
2023-07-08 16:00:00,2145.759074662283,29038.49999885846,73.89359211896743
2023-07-08 17:00:00,2703.70386971915,28918.999999765943,93.49230159206863
2023-07-08 18:00:00,3508.5000432604775,28187.49999981921,124.47006805438511
2023-07-08 19:00:00,3597.2383603780513,26746.999999872685,134.49128352320537
2023-07-08 20:00:00,3607.338006452661,25862.499999921616,139.48141155973298
2023-07-08 21:00:00,3895.8725513524223,24810.999999908345,157.0219882861156
2023-07-08 22:00:00,4186.298813759144,23098.9999999207,181.23290245350515
2023-07-08 23:00:00,3928.990283912494,21988.99999991417,178.67980735494248
2023-07-09 00:00:00,3673.9569420789676,20857.499999782984,176.14560432061342
2023-07-09 01:00:00,3492.196589852838,19861.999999906497,175.8230082503916
2023-07-09 02:00:00,3195.972618710541,19182.4999998523,166.60876417230023
2023-07-09 03:00:00,2780.0376005917515,18432.9999997838,150.818510314347
2023-07-09 04:00:00,2706.7674465221858,18416.49999973391,146.97512809498517
2023-07-09 05:00:00,2934.6099628041147,19286.999999789245,152.1548173814581
2023-07-09 06:00:00,3170.3566442323113,21168.999999731474,149.76411943278035
2023-07-09 07:00:00,3777.2027103192245,23990.499999756245,157.4457685482838
2023-07-09 08:00:00,3785.3246466570104,25430.49999978827,148.8497924416951
2023-07-09 09:00:00,4409.896195088413,27127.999999892796,162.5588393949366
2023-07-09 10:00:00,5118.858945256296,28465.99999994989,179.823612213353
2023-07-09 11:00:00,5295.381259119121,29362.99999994409,180.3419697963152
2023-07-09 12:00:00,4897.321566121081,29370.999999906213,166.74003493707121
2023-07-09 13:00:00,4760.408405048464,28803.99999991891,165.26900448069247
2023-07-09 14:00:00,4810.997084554552,28400.49999994773,169.39832342963703
2023-07-09 15:00:00,4762.29522434944,28127.49999992939,169.31100255484472
2023-07-09 16:00:00,5450.788559821911,29216.49999994723,186.565418850025
2023-07-09 17:00:00,5346.500054317164,28486.499999946955,187.68539674326854
2023-07-09 18:00:00,5079.312548704973,27560.499999944295,184.29682149145478
2023-07-09 19:00:00,5189.5296448770305,26522.49999995581,195.66517654390336
2023-07-09 20:00:00,5262.6258484957925,25657.999999959266,205.10662750425394
2023-07-09 21:00:00,4707.329921682382,24335.999999955537,193.43071670327836
2023-07-09 22:00:00,4697.298074188991,22697.999999955016,206.94766385577145
2023-07-09 23:00:00,4004.752156729873,21329.499999918215,187.75649484259964
2023-07-10 00:00:00,3465.8365939389028,20946.499999803,165.46137034690753
2023-07-10 01:00:00,3229.5550497560967,20329.499999820622,158.86052533434628
2023-07-10 02:00:00,3221.630764988346,20567.49999980594,156.63696438647105
2023-07-10 03:00:00,3401.832706688847,20722.49999982014,164.16130808147537
2023-07-10 04:00:00,4234.793283935449,22302.99999989029,189.8755003343174
2023-07-10 05:00:00,5133.68822527585,24178.999999948883,212.3201218117665
2023-07-10 06:00:00,6179.694109997047,27493.999999992102,224.76518913213147
2023-07-10 07:00:00,6899.100477831441,30368.000000023476,227.18323491260892
2023-07-10 08:00:00,6769.455346307369,32146.00000001196,210.58468693787253
2023-07-10 09:00:00,6527.842762835929,32842.50000000655,198.7620541321345
2023-07-10 10:00:00,6510.074502694424,34179.50000001635,190.46722458465777
2023-07-10 11:00:00,6180.237933459932,33954.000000004984,182.01796352297296
2023-07-10 12:00:00,6224.2241278260535,33790.9999999835,184.19768955725172
2023-07-10 13:00:00,6078.328503445665,33563.49999999839,181.09936399499324
2023-07-10 14:00:00,5781.684356760872,32966.99999998309,175.3779341997706
2023-07-10 15:00:00,5425.979869079888,32652.999999979354,166.1709450611986
2023-07-10 16:00:00,5478.140636044149,33471.99999999424,163.66337942295328
2023-07-10 17:00:00,5181.199095413076,33936.49999997848,152.67334861922598
2023-07-10 18:00:00,4209.482411987748,32448.49999991437,129.7281049046599
2023-07-10 19:00:00,4210.1363070045645,32190.999999932035,130.78612988144056
2023-07-10 20:00:00,3992.6566876608267,31205.499999901724,127.94721083377614
2023-07-10 21:00:00,3470.351220863627,29774.99999981463,116.5525179138617
2023-07-10 22:00:00,2797.0786654406497,28248.999999687883,99.01513913666162
2023-07-10 23:00:00,2276.8246877992633,26814.999999476964,84.9086215865625
2023-07-11 00:00:00,2247.6296147085513,26047.99999943564,86.28799196703197
2023-07-11 01:00:00,2089.790247403143,25117.49999930739,83.20056723243827
2023-07-11 02:00:00,1920.795514546103,24966.99999906693,76.93337263659579
2023-07-11 03:00:00,1824.065492028729,25467.999998896543,71.62185849331557
2023-07-11 04:00:00,2153.6146840569995,25923.999999370495,83.07416618227492
2023-07-11 05:00:00,2979.6664426369734,27992.999999741027,106.44326948396169
2023-07-11 06:00:00,3662.6413587745046,30369.999999820076,120.600637431551
2023-07-11 07:00:00,4440.492662670508,32423.99999987798,136.9507976402424
2023-07-11 08:00:00,5107.546449828501,34414.99999991863,148.41047362605192
2023-07-11 09:00:00,5221.566705965575,35150.99999993468,148.5467470619692
2023-07-11 10:00:00,5734.894351379857,35806.49999996497,160.16349968261255
2023-07-11 11:00:00,5755.318186760672,35826.99999996872,160.64192331944335
2023-07-11 12:00:00,5642.188864816879,35866.99999995015,157.30863648548024
2023-07-11 13:00:00,5145.659912051424,35508.99999993396,144.91142842831374
2023-07-11 14:00:00,4349.675920173561,34767.99999987026,125.10572711084309
2023-07-11 15:00:00,4014.898560445644,34328.99999985865,116.95355415136402
2023-07-11 16:00:00,4441.660985373024,34635.49999992719,128.24012892501514
2023-07-11 17:00:00,4962.9895443097275,34426.49999995931,144.16189691997712
2023-07-11 18:00:00,4650.511076651475,32349.499999929114,143.7583603042293
2023-07-11 19:00:00,5187.7892213705045,31076.499999963053,166.9360842236633
2023-07-11 20:00:00,5623.725068235666,30693.99999997975,183.21903525898796
2023-07-11 21:00:00,5396.429599030582,29360.499999957658,183.79896796847345
2023-07-11 22:00:00,4353.541505046999,26367.49999989697,165.1101357756333
2023-07-11 23:00:00,3225.781679345403,25062.999999779513,128.70692572213147
2023-07-12 00:00:00,2535.6367972702383,24444.49999959879,103.7303605028475
2023-07-12 01:00:00,1878.4312387322009,23751.499999013875,79.08684667537588
2023-07-12 02:00:00,2115.5108078098974,23630.999999352785,89.52269509829621
2023-07-12 03:00:00,2696.325738382213,24306.49999966182,110.93023423445281
2023-07-12 04:00:00,3162.0687916936204,24998.49999976,126.4903410894245
2023-07-12 05:00:00,4299.338010538619,27457.999999898595,156.57870240201385
2023-07-12 06:00:00,4933.088850049764,29344.999999932726,168.10662293614155
2023-07-12 07:00:00,5601.266346196434,31826.999999965436,175.9910247966355
2023-07-12 08:00:00,5619.582131766829,33649.99999995885,167.00095488183362
2023-07-12 09:00:00,5287.252885852216,34656.499999939726,152.56165180734962
2023-07-12 10:00:00,5297.858022794278,35137.499999943495,150.775041559667
2023-07-12 11:00:00,5005.007342613979,36132.999999926615,138.5162411818599
2023-07-12 12:00:00,4663.20448767997,36238.99999989164,128.67917127111437
2023-07-12 13:00:00,4232.556842885864,35213.499999859596,120.19699384902779
2023-07-12 14:00:00,3902.958033902297,34665.49999982457,112.58911695841826
2023-07-12 15:00:00,4151.142050163449,35120.49999987297,118.19712276814009
2023-07-12 16:00:00,4647.309869822867,34423.49999992567,135.003990582971
2023-07-12 17:00:00,4974.451782090284,33514.4999999653,148.42685351401437
2023-07-12 18:00:00,5635.281884163017,32341.999999984677,174.24036497945974
2023-07-12 19:00:00,5748.590521792971,30670.999999984375,187.42755442587134
2023-07-12 20:00:00,5341.658144426775,28948.999999972562,184.51960842971562
2023-07-12 21:00:00,4927.869580845414,27947.999999939773,176.3227987997722
2023-07-12 22:00:00,4457.602652394282,27287.499999906853,163.35694557616117
2023-07-12 23:00:00,4225.815877393316,26649.499999887183,158.57017495304623
2023-07-13 00:00:00,3981.7083243647694,25903.99999986176,153.7101731155813
2023-07-13 01:00:00,3510.6914274496526,24836.499999815383,141.35209983193076
2023-07-13 02:00:00,3143.9224138122754,23663.499999776603,132.85956911876755
2023-07-13 03:00:00,3763.3905519196783,23915.499999851352,157.3619849864343
2023-07-13 04:00:00,4570.900679261268,24316.999999912056,187.97140598255538
2023-07-13 05:00:00,5287.624183395693,24848.499999967662,212.79450201833407
2023-07-13 06:00:00,6422.047248408199,27841.50000000894,230.66455645012437
2023-07-13 07:00:00,7232.553894336479,30922.500000055676,233.8929224455803
2023-07-13 08:00:00,7416.056245535513,32521.5000000741,228.03549176755732
2023-07-13 09:00:00,7236.63336152576,32887.50000004847,220.04206344401652
2023-07-13 10:00:00,7218.188278628177,33285.00000007607,216.86009549682078
2023-07-13 11:00:00,7092.3331778147185,33545.50000005643,211.42427979319993
2023-07-13 12:00:00,6694.907416001615,33544.000000010805,199.58583997136472
2023-07-13 13:00:00,5854.692298386616,32346.49999997973,180.99925180128562
2023-07-13 14:00:00,6127.665249366299,32200.500000003296,190.29720809818704
2023-07-13 15:00:00,6483.841208645581,32416.000000020398,200.01978062196142
2023-07-13 16:00:00,7032.511501603247,32858.00000005299,214.0273754212644
2023-07-13 17:00:00,6964.458326261956,31594.50000004526,220.43261726730853
2023-07-13 18:00:00,7095.749400454915,30873.500000043983,229.8330089055276
2023-07-13 19:00:00,7497.7983057466845,29250.00000007069,256.33498481123297
2023-07-13 20:00:00,7490.746217302685,28336.00000007532,264.35439784312445
2023-07-13 21:00:00,7108.3969606735645,27261.00000004836,260.7533458296084
2023-07-13 22:00:00,6527.629746948988,26588.500000020795,245.5057542525484
2023-07-13 23:00:00,6004.862001984497,25544.000000003296,235.07915760976047
2023-07-14 00:00:00,5584.013631465113,24424.999999965778,228.6187771329759
2023-07-14 01:00:00,5043.901528354161,22853.99999995556,220.70103825868424
2023-07-14 02:00:00,4844.185744502718,22000.49999995689,220.1852569038072
2023-07-14 03:00:00,5140.583112105176,21962.99999995829,234.05650922528517
2023-07-14 04:00:00,5321.304287894789,22326.999999962296,238.33494369614257
2023-07-14 05:00:00,6116.847985437076,24676.500000016822,247.88150610633218
2023-07-14 06:00:00,6828.871149090111,27866.500000019827,245.0566504256097
2023-07-14 07:00:00,6895.35373197478,31016.500000045027,222.31243795930456
2023-07-14 08:00:00,6934.5518032015625,32484.50000003256,213.4726347394792
2023-07-14 09:00:00,6569.53994203112,32930.50000001902,199.4971209677146
2023-07-14 10:00:00,6449.946757263536,32956.000000005566,195.71388388343385
2023-07-14 11:00:00,5826.08133607225,33299.99999997577,174.95739747977444
2023-07-14 12:00:00,4736.135071926671,32867.499999885295,144.09781918135545
2023-07-14 13:00:00,3576.1237385132763,32570.499999764477,109.7964028350543
2023-07-14 14:00:00,1781.6172320725855,32659.49999954679,54.55127090424864
2023-07-14 15:00:00,1185.195692121784,33410.149839567115,35.474120822953495
2023-07-14 16:00:00,985.435632956701,33485.94532263103,29.42833548410257
2023-07-14 17:00:00,929.389702069678,32910.499984445974,28.239914389295887
2023-07-14 18:00:00,852.0439233340891,32115.668351476957,26.530474596051953
2023-07-14 19:00:00,823.3615242823006,31551.500003948375,26.09579652882635
2023-07-14 20:00:00,681.5205927541003,30847.559743024747,22.093176848719963
2023-07-14 21:00:00,220.6342202453231,29485.50000009452,7.482804098442144
2023-07-14 22:00:00,0.060520820111966106,28753.780139988256,0.0021047952588257785
2023-07-14 23:00:00,0.06279020625068636,28434.087700747634,0.0022082722298502086
2023-07-15 00:00:00,0.06658336159866177,27389.552536210605,0.002430976610904272
2023-07-15 01:00:00,0.061090309850703114,26606.387683174602,0.002296076813514054
2023-07-15 02:00:00,0.060393016844036695,26148.86291083714,0.0023095848201876265
2023-07-15 03:00:00,0.060384963032152156,25845.20548715965,0.0023364087030436835
2023-07-15 04:00:00,0.06025183979586859,25085.330872085487,0.0024018754268422173
2023-07-15 05:00:00,0.060576795182322306,25159.893032935914,0.002407673001750182
2023-07-15 06:00:00,18.93380444300863,26623.309331558463,0.71117396440889
2023-07-15 07:00:00,207.68761400793602,27482.573542513877,7.557065705169709
2023-07-15 08:00:00,523.2896995043625,28821.000000778848,18.15654208702756
2023-07-15 09:00:00,363.1287719688588,30000.000001693217,12.104292398278787
2023-07-15 10:00:00,449.28321446398655,31368.000001894616,14.32297929217196
2023-07-15 11:00:00,408.4039886330206,31752.000001728367,12.862307527424724
2023-07-15 12:00:00,435.31750851958355,32005.00000077146,13.60154689920608
2023-07-15 13:00:00,309.2596971838984,31428.071523399267,9.840237793580306
2023-07-15 14:00:00,181.47033608348823,30004.359827723572,6.048132242295415
2023-07-15 15:00:00,166.8168230069766,29474.50000154977,5.6596998421756215
2023-07-15 16:00:00,176.6874375824704,29820.50000168527,5.925032698059561
2023-07-15 17:00:00,182.0034139825028,29622.500001757457,6.1440936440781435
2023-07-15 18:00:00,218.46260703404153,27963.000001646382,7.812559704651829
2023-07-15 19:00:00,814.9371887515164,26833.000001473214,30.370707289783994
2023-07-15 20:00:00,896.8168253643244,26709.500001501216,33.57669837750308
2023-07-15 21:00:00,813.4955209141752,25696.500001029588,31.657833591406643
2023-07-15 22:00:00,744.4456016536695,24840.49999964957,29.969026455352008
2023-07-15 23:00:00,248.41178070629704,21852.024963349162,11.367906687043437
2023-07-16 00:00:00,0.03884919719691223,21998.885190166922,0.0017659620867641543
2023-07-16 01:00:00,0.03501382106538776,21455.827312282163,0.0016319026321275649
2023-07-16 02:00:00,0.03510580360584411,21501.233117788077,0.0016327344303244127
2023-07-16 03:00:00,0.03505367111587157,21655.589470598232,0.0016186893071400295
2023-07-16 04:00:00,0.03514022108503019,24960.0232276913,0.0014078601115260466
2023-07-16 05:00:00,0.034752543517544025,25997.186782085493,0.0013367809297539762
2023-07-16 06:00:00,340.489004833954,27624.017294500205,12.325832307589222
2023-07-16 07:00:00,557.0488638773486,29175.245606975495,19.09320220920999
2023-07-16 08:00:00,691.6392411264754,30485.350109170777,22.68759383276404
2023-07-16 09:00:00,709.8322457487299,31459.446184541226,22.563405648810576
2023-07-16 10:00:00,687.6368111801418,32638.899592130085,21.068014540108614
2023-07-16 11:00:00,719.0045758813426,33887.47215467347,21.217415468453098
2023-07-16 12:00:00,500.6529731371184,34174.303099094745,14.649983400843084
2023-07-16 13:00:00,363.4162082610529,34150.67110912285,10.641553927295197
2023-07-16 14:00:00,583.0482366856693,34531.429533024595,16.884567032710397
2023-07-16 15:00:00,547.9295736253987,32225.59615218593,17.00293055985037
2023-07-16 16:00:00,594.0131726228007,31641.092199008366,18.773472448002824
2023-07-16 17:00:00,427.62042814778886,29854.103833031644,14.323673239008915
2023-07-16 18:00:00,927.931528357186,29720.99999867372,31.22141006017948
2023-07-16 19:00:00,927.932131800562,28795.999999315438,32.22434129124259
2023-07-16 20:00:00,927.9581407041087,28320.999999447056,32.76572651821003
2023-07-16 21:00:00,975.3829736056716,27389.99999940599,35.610915429968045
2023-07-16 22:00:00,927.5919091214937,24494.16170899892,37.86991856025452
2023-07-16 23:00:00,927.5935337450815,24609.21761170585,37.692930688859185
2023-07-17 00:00:00,1003.1951746906577,25137.354412116816,39.90854241236672
2023-07-17 01:00:00,1015.1932784227927,24979.80500228138,40.640560578037984
2023-07-17 02:00:00,1050.593445819732,24283.2705989661,43.26408345770618
2023-07-17 03:00:00,964.1935729055366,23215.21880888511,41.53282296596373
2023-07-17 04:00:00,1396.3152374304666,22765.499999069314,61.33470547484351
2023-07-17 05:00:00,1451.5879118448488,25638.00000022778,56.6186095573739
2023-07-17 06:00:00,2008.1255181586541,27627.499999449756,72.68574855483301
2023-07-17 07:00:00,3450.240074551676,30233.499999802338,114.11977027384303
2023-07-17 08:00:00,4055.852145014388,32063.99999984709,126.49239474281842
2023-07-17 09:00:00,3708.996357493706,32694.49999980089,113.44404586448161
2023-07-17 10:00:00,4164.039652738351,33407.999999871354,124.64199152162313
2023-07-17 11:00:00,3667.3690429159046,34267.49999979277,107.02178574270322
2023-07-17 12:00:00,4412.897488727233,34269.49999983212,128.77040776051157
2023-07-17 13:00:00,4247.785693907021,33904.99999984301,125.28493419633358
2023-07-17 14:00:00,4119.045436562217,31825.499999843993,129.42594575363808
2023-07-17 15:00:00,4928.692281175396,32438.999999924625,151.93724471120711
2023-07-17 16:00:00,5907.515965612804,33239.49999997096,177.7257770308809
2023-07-17 17:00:00,6692.09324256945,33404.000000009044,200.33808054627104
2023-07-17 18:00:00,6591.293440291358,30752.50000001007,214.3335806939013
2023-07-17 19:00:00,6790.407687806851,29205.0000000268,232.50839540491762
2023-07-17 20:00:00,6609.351547935304,27688.50000002528,238.7038498990292
2023-07-17 21:00:00,6353.023255114475,26345.499999999458,241.14263366095182
2023-07-17 22:00:00,5820.96177816856,25053.999999972104,232.33662401912036
2023-07-17 23:00:00,5627.735865556477,24095.999999961234,233.55477529737428
2023-07-18 00:00:00,5641.2769696844625,23781.49999996039,237.21283223067758
2023-07-18 01:00:00,5486.681245596524,23319.499999964115,235.28297114453426
2023-07-18 02:00:00,5627.592094568424,23172.499999968968,242.85649345456727
2023-07-18 03:00:00,5836.7980733164795,22772.49999996917,256.30906019648177
2023-07-18 04:00:00,6142.783209598626,22798.999999978827,269.43213340955003
2023-07-18 05:00:00,6986.99405040448,24470.500000018354,285.52722872026476
2023-07-18 06:00:00,7884.888749255347,27589.50000004264,285.7931006086794
2023-07-18 07:00:00,8075.363609528497,30337.00000008923,266.18860169116084
2023-07-18 08:00:00,8138.571156648075,31858.000000098353,255.46397001139272
2023-07-18 09:00:00,8017.022546321128,32289.500000089174,248.2857444772755
2023-07-18 10:00:00,8095.338689838615,32678.50000009534,247.72675275226823
2023-07-18 11:00:00,8012.634888289833,32503.50000009177,246.51606406286123
2023-07-18 12:00:00,7932.637025482234,32541.500000051612,243.7698638805726
2023-07-18 13:00:00,7908.785921532849,32012.50000007872,247.05305494770485
2023-07-18 14:00:00,7488.673231493157,31744.500000068627,235.90458918795278
2023-07-18 15:00:00,7635.671686024936,32329.500000069493,236.18279546570542
2023-07-18 16:00:00,8050.228497014774,32205.500000063672,249.9644003974122
2023-07-18 17:00:00,7938.233955164576,31253.500000071024,253.9950391203077
2023-07-18 18:00:00,7945.259803813083,29855.00000005801,266.12828014730013
2023-07-18 19:00:00,8060.339440994141,28904.50000007431,278.8610576544628
2023-07-18 20:00:00,8029.782996940225,27900.500000075157,287.8006844651026
2023-07-18 21:00:00,7444.535199876618,26120.00000004048,285.01283307293573
2023-07-18 22:00:00,6596.3181802150475,23764.000000010372,277.57608905117695
2023-07-18 23:00:00,6496.644722152382,23257.499999998432,279.335471230907
2023-07-19 00:00:00,6090.805281988013,22495.9999999812,270.75059041576736
2023-07-19 01:00:00,5832.408111183019,22112.49999996913,263.76068337778
2023-07-19 02:00:00,5581.867572401989,22036.99999996293,253.29525672330072
2023-07-19 03:00:00,5638.753269495577,22086.49999996476,255.30316118464103
2023-07-19 04:00:00,6017.070888358707,23127.499999981024,260.1695336012817
2023-07-19 05:00:00,6835.168030717044,25307.00000001264,270.0900158341024
2023-07-19 06:00:00,7389.19817540717,27806.500000034714,265.7363629150719
2023-07-19 07:00:00,7791.79164663951,30471.500000054235,255.7075183901561
2023-07-19 08:00:00,7936.254258166378,32276.500000068867,245.88335966258563
2023-07-19 09:00:00,7751.634459690244,32659.500000073258,237.34700346523542
2023-07-19 10:00:00,7953.068023970551,33666.00000007668,236.2344211950465
2023-07-19 11:00:00,7957.783658466879,33932.50000007294,234.5180478435062
2023-07-19 12:00:00,7754.681894443659,33853.50000006066,229.06588371748163
2023-07-19 13:00:00,7550.911523890931,33444.500000069274,225.77438813183903
2023-07-19 14:00:00,7001.852402256921,32385.500000052827,216.20331328049588
2023-07-19 15:00:00,6968.950167505015,32211.50000005955,216.3497560651361
2023-07-19 16:00:00,7084.656075486228,32507.500000053355,217.93912406289624
2023-07-19 17:00:00,7202.2418046636985,31824.500000055777,226.31123205866788
2023-07-19 18:00:00,7670.581063898647,31020.500000067266,247.27457854908894
2023-07-19 19:00:00,7644.286226018975,29248.5000000582,261.3565217362861
2023-07-19 20:00:00,7350.539451013787,27791.000000045373,264.493521319916
2023-07-19 21:00:00,6925.317698058042,26151.500000023174,264.815314534612
2023-07-19 22:00:00,6242.853593765855,24464.499999993535,255.1801015253737
2023-07-19 23:00:00,6042.804796454327,23995.49999997908,251.83075145171364
2023-07-20 00:00:00,5997.582627864263,23888.99999997886,251.06043065300221
2023-07-20 01:00:00,5923.388810308168,23557.499999972424,251.44386332654577
2023-07-20 02:00:00,5973.747860654119,23582.99999997782,253.30737652799635
2023-07-20 03:00:00,5911.262852603041,23471.999999974436,251.84316856720685
2023-07-20 04:00:00,6150.267382369994,23840.999999983822,257.9701934639557
2023-07-20 05:00:00,6912.821186180947,25463.500000017342,271.47961537794254
2023-07-20 06:00:00,7943.017992109337,27967.500000058673,284.0088671526834
2023-07-20 07:00:00,8315.726537718214,30286.000000064723,274.5732859308077
2023-07-20 08:00:00,8094.2739315759345,32215.00000006407,251.25792120316115
2023-07-20 09:00:00,7907.33256498031,32909.00000006368,240.27872511972436
2023-07-20 10:00:00,7957.6829997428895,32882.50000008449,242.00358852649413
2023-07-20 11:00:00,7816.4420483442655,33187.500000060296,235.52367753913563
2023-07-20 12:00:00,7522.998234268942,33173.500000042746,226.77734439414738
2023-07-20 13:00:00,7259.791724123183,32488.50000004503,223.45727639358913
2023-07-20 14:00:00,7059.937366715868,31980.000000047286,220.76101834601093
2023-07-20 15:00:00,7389.979549847158,31898.500000053064,231.67169458861275
2023-07-20 16:00:00,7405.093455902893,31876.00000005215,232.3093693026345
2023-07-20 17:00:00,7393.08220088753,30581.000000055355,241.75410224891755
2023-07-20 18:00:00,7557.280938214423,30529.00000005673,247.544332870398
2023-07-20 19:00:00,7411.661552139998,29313.500000048498,252.84123533961267
2023-07-20 20:00:00,7260.977989624313,27882.50000004043,260.4134489236541
2023-07-20 21:00:00,6719.048086948388,25952.000000013697,258.9029010074307
2023-07-20 22:00:00,6209.7763402945775,23944.999999992084,259.3349901982305
2023-07-20 23:00:00,6009.289458158522,23731.499999981905,253.2199590486528
2023-07-21 00:00:00,5484.879570803279,22822.499999952834,240.32772793579207
2023-07-21 01:00:00,5054.114888356109,22037.99999993529,229.33636847131993
2023-07-21 02:00:00,4755.430479375985,21950.99999992096,216.6384437790127
2023-07-21 03:00:00,4745.853528258741,22176.9999999247,213.9988965268005
2023-07-21 04:00:00,5093.355997845816,23406.999999944182,217.59969230819678
2023-07-21 05:00:00,5856.412679431579,25408.49999998191,230.49029574495736
2023-07-21 06:00:00,6569.485586872408,27826.00000000748,236.09162606449516
2023-07-21 07:00:00,7034.166938799757,30143.000000029995,233.3598825197478
2023-07-21 08:00:00,7303.396468497183,31759.50000004372,229.95942846981626
2023-07-21 09:00:00,7099.183634681066,32470.500000048043,218.63487272048664
2023-07-21 10:00:00,7539.961842821395,33244.000000073065,226.80669723272842
2023-07-21 11:00:00,7079.873246997458,32582.500000052412,217.29066974560178
2023-07-21 12:00:00,6689.943959253517,31887.00000002159,209.80161066418876
2023-07-21 13:00:00,6634.337201776941,31801.00000003232,208.62039564070935
2023-07-21 14:00:00,6426.197830128638,30935.00000002871,207.73227186431788
2023-07-21 15:00:00,6444.564023264235,30870.000000036172,208.76462660371507
2023-07-21 16:00:00,6882.257425974087,30679.000000061857,224.33121763943447
2023-07-21 17:00:00,7057.395127062624,29495.000000050582,239.27428808443872
2023-07-21 18:00:00,7110.876562799392,29484.500000030082,241.17338136282237
2023-07-21 19:00:00,7013.355188455216,27655.50000005541,253.59712131189687
2023-07-21 20:00:00,7147.80715867072,26625.000000052856,268.46224070071474
2023-07-21 21:00:00,6812.361782352541,25546.500000025542,266.6651706631331
2023-07-21 22:00:00,5322.682521516811,22624.999999987915,235.25668603401786
2023-07-21 23:00:00,4291.596918614751,21066.499999958283,203.71665528793343
2023-07-22 00:00:00,3642.424245153604,20103.49999983117,181.18358719547308
2023-07-22 01:00:00,3269.615595861489,19331.499999882504,169.13408664001042
2023-07-22 02:00:00,3032.8718711177926,18804.999999855565,161.28007823137926
2023-07-22 03:00:00,2951.188516044184,18518.49999984403,159.36433923206738
2023-07-22 04:00:00,2849.0770708559794,18630.999999800042,152.92131774389767
2023-07-22 05:00:00,3084.5984670995226,19672.999999800835,156.79349703302753
2023-07-22 06:00:00,3033.1065040888525,22140.499999607488,136.9935866011438
2023-07-22 07:00:00,3234.9424975126744,25000.499999497333,129.39511200086866
2023-07-22 08:00:00,3348.915893815839,27189.499999571868,123.16945489503564
2023-07-22 09:00:00,3012.011161700114,28525.99999933181,105.5882760208465
2023-07-22 10:00:00,3568.799587330437,28847.999999682106,123.71046822551872
2023-07-22 11:00:00,3220.10410735139,29108.9999995321,110.62228545821397
2023-07-22 12:00:00,3221.1068376350586,29280.49999950465,110.00860086711468
2023-07-22 13:00:00,3012.131521388686,28985.999999365184,103.91677090508018
2023-07-22 14:00:00,2933.9182556117084,29048.999999288786,100.99894163942098
2023-07-22 15:00:00,3094.4014796103947,29066.499999448235,106.45937693458569
2023-07-22 16:00:00,3393.1660079936423,29821.499999762847,113.78253971197378
2023-07-22 17:00:00,3218.2293212246036,30003.999999752035,107.26000937379017
2023-07-22 18:00:00,2812.9767661347387,28381.499999633037,99.11304075440373
2023-07-22 19:00:00,2586.182088539081,27075.999999570093,95.51566289629724
2023-07-22 20:00:00,2387.1943893255816,26029.499999417003,91.71111198367426
2023-07-22 21:00:00,1940.1912748445736,24804.499998897292,78.21932612755052
2023-07-22 22:00:00,635.7355219983201,22122.325319629537,28.73728293988248
2023-07-22 23:00:00,145.32310082418348,21636.37618848144,6.7166100070652845
2023-07-23 00:00:00,50.48216956793222,21693.795194451955,2.3270326429947445
2023-07-23 01:00:00,46.76650720185141,22426.2008816286,2.0853513017517935
2023-07-23 02:00:00,48.73896917730614,23070.100703639855,2.112646572436349
2023-07-23 03:00:00,629.548692330342,25348.238480643886,24.83599374414401
2023-07-23 04:00:00,747.8595864431574,25851.850826497495,28.92866709862878
2023-07-23 05:00:00,752.4793381935511,26241.494333071485,28.675171034189948
2023-07-23 06:00:00,897.384870981661,27177.01488904713,33.01999408858273
2023-07-23 07:00:00,924.1663618382436,27955.112657072244,33.05893892022799
2023-07-23 08:00:00,842.1175981281561,29529.868663050118,28.517485388679493
2023-07-23 09:00:00,829.9702149332694,30528.98320361043,27.18630389351176
2023-07-23 10:00:00,1017.323766305315,32258.436073113797,31.536673507653905
2023-07-23 11:00:00,936.0905506161114,32137.0388211255,29.12808973553487
2023-07-23 12:00:00,918.0655503444124,31569.125400391502,29.081120832477264
2023-07-23 13:00:00,958.0067081074815,31427.35959345194,30.483207004990877
2023-07-23 14:00:00,1298.8741598839608,29103.70364007818,44.62917077314191
2023-07-23 15:00:00,1831.1680636553044,29133.521122521022,62.85433387726555
2023-07-23 16:00:00,1915.5736738495355,29431.499998987183,65.08583231963901
2023-07-23 17:00:00,1918.7850565001222,28582.999999667452,67.1302892111551
2023-07-23 18:00:00,1911.1426929374388,27862.999999725896,68.59070067674837
2023-07-23 19:00:00,1733.6309127342633,26404.999999760366,65.65540286877471
2023-07-23 20:00:00,1609.8388568133746,25631.999999679647,62.80582306622561
2023-07-23 21:00:00,1606.342108717544,24337.999999535794,66.00140146060409
2023-07-23 22:00:00,1448.4622522719342,22177.019779965518,65.31365650764579
2023-07-23 23:00:00,1220.088899840527,20595.40927864705,59.24081834612984
2023-07-24 00:00:00,1242.3400576753595,19948.999997241077,62.275806198164005
2023-07-24 01:00:00,1548.7316615286518,19884.999998032734,77.88441849041342
2023-07-24 02:00:00,1092.6664698175755,20285.827561576596,53.86353928627472
2023-07-24 03:00:00,1156.4081940464687,19886.85108068691,58.14938671560291
2023-07-24 04:00:00,1482.7004184285827,20494.49999956642,72.34625965307524
2023-07-24 05:00:00,1486.9257928698323,23268.500004107133,63.902950022879615
2023-07-24 06:00:00,2849.6958244992484,26571.499999837215,107.24632875512133
2023-07-24 07:00:00,4454.9225021630355,29670.499999937823,150.14652608390057
2023-07-24 08:00:00,5502.528504207786,31622.999999965552,174.0040003862309
2023-07-24 09:00:00,6090.384495154462,32336.49999997432,188.34396100874548
2023-07-24 10:00:00,6549.200487931478,33182.99999999042,197.3661359109595
2023-07-24 11:00:00,6206.865687752835,33305.000000013715,186.3643803558108
2023-07-24 12:00:00,6035.76500802455,32783.49999997855,184.10984208606462
2023-07-24 13:00:00,5851.364611706557,32896.499999998116,177.87195025935563
2023-07-24 14:00:00,5545.754283419321,31775.499999985328,174.52925314855415
2023-07-24 15:00:00,5278.898493559822,31239.999999965603,168.9788250181061
2023-07-24 16:00:00,5627.103070516935,31884.999999983233,176.48120026720696
2023-07-24 17:00:00,6087.1216979035735,31724.50000000777,191.87447234478344
2023-07-24 18:00:00,6007.726939457653,30591.49999999232,196.38549726097645
2023-07-24 19:00:00,6046.037540651508,29207.000000015072,207.00645532401094
2023-07-24 20:00:00,5986.732862000348,27802.500000005668,215.33073867454826
2023-07-24 21:00:00,5703.577755801504,25503.499999987926,223.63902036207597
2023-07-24 22:00:00,5278.748409795699,22994.999999969306,229.56070492727747
2023-07-24 23:00:00,5134.517472914953,21479.99999996491,239.0371262999693
2023-07-25 00:00:00,5175.021944510156,21313.99999993039,242.7991904160203
2023-07-25 01:00:00,5030.427594349382,20902.499999958596,240.66152825544057
2023-07-25 02:00:00,4898.836070030866,20973.999999949174,233.56708639471427
2023-07-25 03:00:00,4892.559488776862,21092.99999993888,231.95180812549373
2023-07-25 04:00:00,5003.241565685262,21513.499999939086,232.56288217628133
2023-07-25 05:00:00,5948.407045009554,24115.499999991905,246.66322676334934
2023-07-25 06:00:00,6863.458802159736,26750.000000008076,256.5778991460809
2023-07-25 07:00:00,7609.287997437173,30078.00000005975,252.98517180072
2023-07-25 08:00:00,7821.867501586082,31397.000000061584,249.1278625846654
2023-07-25 09:00:00,7558.125408026857,31666.50000006831,238.6789006682315
2023-07-25 10:00:00,7666.291896197018,31926.50000006586,240.12315462644523
2023-07-25 11:00:00,7854.348734728604,32796.500000089276,239.48740672654776
2023-07-25 12:00:00,7602.1707010769815,32233.00000005927,235.85054760844486
2023-07-25 13:00:00,7555.138993143955,32481.500000088534,232.598217235145
2023-07-25 14:00:00,7304.124113341151,31851.00000007625,229.3216575091415
2023-07-25 15:00:00,6884.555813062882,31273.5000000392,220.14024055683737
2023-07-25 16:00:00,7043.08588706725,31482.000000040753,223.7178669416852
2023-07-25 17:00:00,7329.40135773347,31075.000000059685,235.8616687922572
2023-07-25 18:00:00,7082.023710457789,29593.500000014035,239.31010899198913
2023-07-25 19:00:00,7205.441108622679,28207.000000060107,255.44868680140837
2023-07-25 20:00:00,7221.816915084401,27453.50000005697,263.0563285216608
2023-07-25 21:00:00,7035.695600721665,25633.500000032,274.47268616119067
2023-07-25 22:00:00,6098.09424530702,23141.00000001378,263.51904607853544
2023-07-25 23:00:00,5383.717204120442,21398.999999987715,251.58732670328203
2023-07-26 00:00:00,4952.216718734546,21045.999999929358,235.30441503141537
2023-07-26 01:00:00,4540.1173680626,21066.999999966833,215.5084904385887
2023-07-26 02:00:00,4518.715909617984,21205.49999995748,213.09169364679187
2023-07-26 03:00:00,4676.247146182955,20956.999999947315,223.13533168844353
2023-07-26 04:00:00,4909.449356855341,21201.499999944364,231.56141578983676
2023-07-26 05:00:00,5752.170259156444,23189.000000006377,248.0559859914124
2023-07-26 06:00:00,6742.707640257102,26500.000000014166,254.441797745415
2023-07-26 07:00:00,7633.1119102813855,29891.500000072163,255.3606179102072
2023-07-26 08:00:00,7834.732380261369,31628.500000075117,247.711158614628
2023-07-26 09:00:00,7795.66185705015,32358.500000092146,240.91542738470417
2023-07-26 10:00:00,7537.732628787151,33198.00000009092,227.05381736148283
2023-07-26 11:00:00,7408.349625149389,33499.50000008111,221.14806564669476
2023-07-26 12:00:00,7209.488637271177,32880.00000003642,219.26668604815055
2023-07-26 13:00:00,6865.0678069619225,32176.50000005738,213.35657411308503
2023-07-26 14:00:00,6500.761193100639,31355.500000032796,207.3244309002835
2023-07-26 15:00:00,6474.782349566111,31460.500000036718,205.8067211124602
2023-07-26 16:00:00,6348.201097968181,32379.00000001869,196.0592080658611
2023-07-26 17:00:00,5904.52461568038,31635.500000000968,186.64236745681904
2023-07-26 18:00:00,5700.20088392771,30880.999999984375,184.58602001005775
2023-07-26 19:00:00,5492.960422952625,30019.999999979438,182.97669630101223
2023-07-26 20:00:00,5364.759206367389,29538.499999964293,181.6192158157616
2023-07-26 21:00:00,4768.157944783177,27963.4999999299,170.51363186994226
2023-07-26 22:00:00,2797.7925589723027,23795.999999729403,117.57406954967716
2023-07-26 23:00:00,2001.2169208203225,22287.499999192896,89.79100037656953
2023-07-27 00:00:00,1938.0511143653437,22009.999999033378,88.0532082894347
2023-07-27 01:00:00,1597.3151117158927,22030.499997334296,72.50471445991552
2023-07-27 02:00:00,1674.2765051167685,22326.999998173378,74.9888702133625
2023-07-27 03:00:00,2073.883823948351,22040.49999925129,94.094227627268
2023-07-27 04:00:00,2467.3634148077763,21886.49999961394,112.73448997561502
2023-07-27 05:00:00,3807.872485506138,24780.49999988137,153.6640699551812
2023-07-27 06:00:00,5030.324106844078,27483.999999945092,183.02736526175696
2023-07-27 07:00:00,5489.467200562419,29949.99999998111,183.28771955144842
2023-07-27 08:00:00,5622.093284960483,31974.499999982887,175.83053010878956
2023-07-27 09:00:00,5682.1841584878985,32639.999999989217,174.08652446353477
2023-07-27 10:00:00,5894.747654361185,33452.00000001027,176.21510386103597
2023-07-27 11:00:00,6202.975041034703,33993.00000002506,182.47801138558322
2023-07-27 12:00:00,6216.888015336824,33820.99999998374,183.81739201501472
2023-07-27 13:00:00,6186.5768433846915,33270.00000002657,185.95061146317255
2023-07-27 14:00:00,6153.061662232856,32779.00000003309,187.71352580086779
2023-07-27 15:00:00,6386.010319669539,32498.00000003006,196.50471781843905
2023-07-27 16:00:00,6618.593775091986,32393.000000037766,204.3217292342256
2023-07-27 17:00:00,6787.538513864283,31945.000000043292,212.4757712898759
2023-07-27 18:00:00,6596.347621724662,30681.999999994776,214.99079661449008
2023-07-27 19:00:00,6611.091509722692,29317.500000033742,225.4998383121031
2023-07-27 20:00:00,6609.734786606513,28041.500000033797,235.71259692236674
2023-07-27 21:00:00,6005.342213859802,26329.50000000423,228.0841722728816
2023-07-27 22:00:00,5529.236155448177,24045.99999999837,229.94411359263708
2023-07-27 23:00:00,5289.12113214238,22480.999999982076,235.2707233729192
2023-07-28 00:00:00,5272.9478285184405,21571.499999944383,244.4404806588339
2023-07-28 01:00:00,5156.779047871228,21215.999999981846,243.06085255824095
2023-07-28 02:00:00,5059.973624623518,21190.499999987504,238.78500387562832
2023-07-28 03:00:00,5341.760873815671,20747.99999998629,257.4590743117024
2023-07-28 04:00:00,5822.381655812627,21505.499999993866,270.7391902450205
2023-07-28 05:00:00,6304.979479599986,23452.00000002305,268.8461316558839
2023-07-28 06:00:00,6821.765272686004,26485.000000016844,257.5708994782581
2023-07-28 07:00:00,7362.809550925933,28675.000000067106,256.76755190614483
2023-07-28 08:00:00,7645.021926444103,30118.50000007586,253.83143006540325
2023-07-28 09:00:00,7768.989437010113,30610.500000076725,253.8014549579602
2023-07-28 10:00:00,7798.472673766362,32005.50000005604,243.66039192491002
2023-07-28 11:00:00,7439.811987850634,32156.50000005265,231.36261682205628
2023-07-28 12:00:00,6995.553835879873,32713.500000016284,213.8430261475046
2023-07-28 13:00:00,6226.777983600984,31359.50000000193,198.56113725029417
2023-07-28 14:00:00,5821.9815405072795,30426.000000005868,191.34889701262594
2023-07-28 15:00:00,6034.220007688569,30542.500000012278,197.56797929724624
2023-07-28 16:00:00,5703.857341818532,30990.499999992637,184.05180109452536
2023-07-28 17:00:00,5751.951597634044,30639.49999999048,187.72994329658877
2023-07-28 18:00:00,5656.348970396966,29370.499999969856,192.58606324042054
2023-07-28 19:00:00,5518.930479901816,28416.99999997574,194.21228419279052
2023-07-28 20:00:00,5296.5917442355685,27428.999999965286,193.10189012513297
2023-07-28 21:00:00,4623.583482945544,26310.99999991829,175.72815487666384
2023-07-28 22:00:00,2464.766034045187,23246.49999959931,106.02740344084792
2023-07-28 23:00:00,1958.0377354668817,22332.999999080585,87.67464001914169
2023-07-29 00:00:00,1630.975008747466,21494.499998065206,75.87871357297335
2023-07-29 01:00:00,1084.1048819220237,20790.999996993865,52.14298889321209
2023-07-29 02:00:00,1022.6320053884301,21476.924498738183,47.61538391814489
2023-07-29 03:00:00,1005.0885718268969,20603.446510809827,48.78254574056656
2023-07-29 04:00:00,991.7866991656905,20534.057606544196,48.299596610151156
2023-07-29 05:00:00,1466.5932457126312,20770.9999983506,70.6077341403443
2023-07-29 06:00:00,1675.0868572072118,22139.999999136915,75.65884630860486
2023-07-29 07:00:00,2455.8620148970713,25098.999999234453,97.84700645332394
2023-07-29 08:00:00,3150.7991410443547,26675.999999688876,118.1136280207341
2023-07-29 09:00:00,3037.625127017124,27820.999999683,109.18461331554349
2023-07-29 10:00:00,3579.4975249896265,28815.499999785097,124.22125331909292
2023-07-29 11:00:00,2987.7698957957055,29738.99999947646,100.46638743227088
2023-07-29 12:00:00,2535.922830544488,30506.999998764346,83.12593275796384
2023-07-29 13:00:00,2167.4176271978117,30432.49999077012,71.22049216643944
2023-07-29 14:00:00,1558.642114398569,29725.052852227825,52.43530170146535
2023-07-29 15:00:00,1433.3150198878088,29003.921506591745,49.41797334412376
2023-07-29 16:00:00,1469.126588450767,29550.433572934613,49.71590636139929
2023-07-29 17:00:00,1111.4810125879146,28204.352797546097,39.40813748027639
2023-07-29 18:00:00,1121.9581753802263,26753.000011299995,41.93765838994995
2023-07-29 19:00:00,1091.8922711533123,25591.50001274985,42.66620833516303
2023-07-29 20:00:00,1059.789622108627,24906.500012694647,42.5507245726401
2023-07-29 21:00:00,957.3817087970039,23581.50001238964,40.59884690515866
2023-07-29 22:00:00,876.6832622029218,22406.027326082003,39.12711742444446
2023-07-29 23:00:00,759.6606342619159,23175.353309186376,32.77881567228567
2023-07-30 00:00:00,760.926234649199,24607.746771471666,30.922223059096112
2023-07-30 01:00:00,634.367516440161,24511.43031793269,25.880477320658617
2023-07-30 02:00:00,361.52464630044557,24054.660621715135,15.02929731521892
2023-07-30 03:00:00,363.32839674943096,25074.14712493042,14.49015972264856
2023-07-30 04:00:00,646.2855090722272,25734.66192748328,25.11342526641191
2023-07-30 05:00:00,743.0862288322803,25692.6586105002,28.9221228560828
2023-07-30 06:00:00,823.5500502584849,26169.589054305958,31.469735674851098
2023-07-30 07:00:00,1114.548768515411,28252.293623154725,39.44985081147396
2023-07-30 08:00:00,1169.2101140109012,29492.898870458404,39.6437840561696
2023-07-30 09:00:00,1399.6681821896182,30795.894597758357,45.44983026054066
2023-07-30 10:00:00,1598.2217135649485,30979.008409598362,51.590473537228014
2023-07-30 11:00:00,1629.937654984312,31568.506175263727,51.63176381977458
2023-07-30 12:00:00,1683.1873717187689,30800.505836434888,54.648043141151064
2023-07-30 13:00:00,1684.8214543907884,30912.045115436176,54.503720090310665
2023-07-30 14:00:00,1690.331244029355,30076.497867725757,56.2010660770183
2023-07-30 15:00:00,1667.5590756272359,28875.793971200303,57.74937573285086
2023-07-30 16:00:00,1830.3529837228268,29833.22942143216,61.35282767637295
2023-07-30 17:00:00,1843.9549009516447,28418.595805993024,64.88550361671227
2023-07-30 18:00:00,1873.2895027815287,27467.440979746563,68.20036508544136
2023-07-30 19:00:00,1726.050464831417,26400.499996501876,65.3794611867246
2023-07-30 20:00:00,1611.50153728451,25490.999996817907,63.218451119441255
2023-07-30 21:00:00,1598.427618885239,23988.281227256848,66.63368682992656
2023-07-30 22:00:00,1095.5587793267096,22329.501062919688,49.0632896919489
2023-07-30 23:00:00,1193.1888077437166,21440.43676532444,55.651329345746234
2023-07-31 00:00:00,930.1813031602294,21481.012230344233,43.30248934201753
2023-07-31 01:00:00,1006.4449980990444,20965.41794334424,48.005005233799984
2023-07-31 02:00:00,1009.2019779648334,21136.442237548898,47.7470127953694
2023-07-31 03:00:00,929.9216735042563,21010.530453630603,44.25979037304918
2023-07-31 04:00:00,1078.3723574815106,21510.699003004516,50.13190679349325
2023-07-31 05:00:00,1433.5939315457952,23558.99999871624,60.851221682750264
2023-07-31 06:00:00,1551.3533149017148,26348.00000278989,58.879357626288446
2023-07-31 07:00:00,2007.650541638963,29585.000003381552,67.86042053099509
2023-07-31 08:00:00,2143.4265297787297,30514.50000331102,70.2428854985713
2023-07-31 09:00:00,2275.632925736359,31034.00000187134,73.32709046849067
2023-07-31 10:00:00,2277.1111149410017,31367.000000091062,72.59575716308193
2023-07-31 11:00:00,2277.9756985159415,32093.00000173998,70.98045363139741
2023-07-31 12:00:00,2281.782163147015,32136.499998722928,71.00282119203058
2023-07-31 13:00:00,2507.9821519373118,31854.49999820679,78.73242876449153
2023-07-31 14:00:00,2705.24431271285,32066.49999906881,84.36356673760494
2023-07-31 15:00:00,2313.684794972246,32110.499999014646,72.05383893253747
2023-07-31 16:00:00,2606.7825296647397,32332.499999384938,80.62421803802145
2023-07-31 17:00:00,3006.9328041211797,32098.99999964322,93.67683741408149
2023-07-31 18:00:00,3058.9466695041247,30744.499999667194,99.49573645813844
2023-07-31 19:00:00,3208.1546417885597,29057.999999747535,110.40521170818478
2023-07-31 20:00:00,3087.3708190362217,27485.99999975104,112.32521352922166
2023-07-31 21:00:00,2368.130892156596,25244.49999934141,93.8077954492415
2023-07-31 22:00:00,1140.761836439884,24817.54324108878,45.96594535397845
2023-07-31 23:00:00,1011.5444787174964,24975.24995328589,40.501876081701106
2023-08-01 00:00:00,975.3128406492378,24731.043624192975,39.43678461248375
2023-08-01 01:00:00,1017.8411342294941,25861.220001394173,39.3578158406534
2023-08-01 02:00:00,1025.8090926911032,26014.92819072074,39.43155580406325
2023-08-01 03:00:00,969.3758194797903,25019.05415789964,38.745502262471206
2023-08-01 04:00:00,981.2413705733097,24756.23281586432,39.636134377622646
2023-08-01 05:00:00,964.9014770253473,24060.398595020826,40.10330390889819
2023-08-01 06:00:00,1420.1115210684666,28003.500000050306,50.7119296182947
2023-08-01 07:00:00,1560.5057347679974,30700.000001317363,50.830805690587454
2023-08-01 08:00:00,1824.6492746532783,31513.000000720574,57.90147794914974
2023-08-01 09:00:00,2696.4036750837786,32123.999999502972,83.9373575870221
2023-08-01 10:00:00,4160.627122603304,32664.999999876054,127.37263501053394
2023-08-01 11:00:00,5389.849947049505,33625.99999995826,160.288168294064
2023-08-01 12:00:00,5336.18461413688,32904.49999993016,162.1718796562235
2023-08-01 13:00:00,5864.390730932449,32382.000000016596,181.10032520935837
2023-08-01 14:00:00,6222.3349096159345,31711.500000039905,196.2169846777385
2023-08-01 15:00:00,6616.314129335992,31336.500000032538,211.13762319752115
2023-08-01 16:00:00,7184.257534964656,30891.500000051914,232.56421782537535
2023-08-01 17:00:00,7507.832937526317,30043.00000005774,249.90290375501408
2023-08-01 18:00:00,7636.664317119381,29260.00000001469,260.9933122732586
2023-08-01 19:00:00,7420.70313338543,28317.000000044336,262.0582382799665
2023-08-01 20:00:00,7012.776707434457,27443.500000035958,255.53507050577616
2023-08-01 21:00:00,6062.355476620854,25295.999999982138,239.65668392730606
2023-08-01 22:00:00,4309.2736646660405,22827.999999913714,188.77140637297742
2023-08-01 23:00:00,3144.3992509985587,21353.99999968102,147.2510654231305
2023-08-02 00:00:00,2505.197587724299,20773.999999213553,120.59293288818422
2023-08-02 01:00:00,2101.3038138199463,20462.999998902385,102.6879643225655
2023-08-02 02:00:00,2137.80091134117,21305.99999900069,100.33797575525385
2023-08-02 03:00:00,1853.604795932914,21689.999998304356,85.45895786435324
2023-08-02 04:00:00,1154.4611438392797,22259.00956666775,51.864892747431725
2023-08-02 05:00:00,1202.483597638826,24226.87095541994,49.63429242891192
2023-08-02 06:00:00,1939.1698097991932,27589.999998605126,70.28524138808382
2023-08-02 07:00:00,2736.246261708547,30373.49999950367,90.08663017937543
2023-08-02 08:00:00,3084.962031810029,31391.49999951027,98.27380124741273
2023-08-02 09:00:00,3386.005210287906,31856.99999964082,106.28763569470075
2023-08-02 10:00:00,3762.8381837756124,32880.499999757136,114.43981033753762
2023-08-02 11:00:00,2967.5515820070577,32842.99999930364,90.35567950765697
2023-08-02 12:00:00,3110.9847816444067,32543.499999420463,95.59465889347511
2023-08-02 13:00:00,3193.7334729682243,32140.99999952369,99.36633810446325
2023-08-02 14:00:00,3363.599029285789,31961.499999636115,105.23908544104889
2023-08-02 15:00:00,3464.8694115780695,31664.999999671796,109.42268787664558
2023-08-02 16:00:00,3548.9213432662077,31385.999999678977,113.07338760283268
2023-08-02 17:00:00,4271.334563227465,31506.499999817555,135.5699478917747
2023-08-02 18:00:00,4028.5385647290714,30415.499999752665,132.45018378004082
2023-08-02 19:00:00,3369.4031856627266,29216.499999581738,115.32535333496357
2023-08-02 20:00:00,2821.9217918729896,28488.999998970223,99.05303071273096
2023-08-02 21:00:00,1465.611215012357,26029.499994527563,56.30577672719364
2023-08-02 22:00:00,1098.6660354299725,25363.84360914964,43.31622810643906
2023-08-02 23:00:00,1059.8820885599407,25028.2325246165,42.34746051354184
2023-08-03 00:00:00,1059.7799868268178,24631.867289317604,43.02475221951302
2023-08-03 01:00:00,1059.8833566645653,24427.459672341283,43.38901264729749
2023-08-03 02:00:00,1059.883279703021,24264.090886014103,43.68114530571351
2023-08-03 03:00:00,1058.5058082093706,24221.109512060993,43.70178862707687
2023-08-03 04:00:00,1005.718577644248,23105.26016364215,43.527688955730575
2023-08-03 05:00:00,1315.5397404169016,25314.82122385542,51.96717483342141
2023-08-03 06:00:00,2027.4284577142398,27099.499999694213,74.81423855558653
2023-08-03 07:00:00,2153.56755009293,30208.000000113596,71.29129866541419
2023-08-03 08:00:00,2329.96656535513,32329.500000139273,72.06936591487937
2023-08-03 09:00:00,2330.975483702791,33133.500000164284,70.35101886885579
2023-08-03 10:00:00,2333.749872185478,32286.00000045897,72.28364839720938
2023-08-03 11:00:00,3077.7594718879686,31966.99999960167,96.27927149642818
2023-08-03 12:00:00,3198.276032185136,31625.999999473388,101.12806021116775
2023-08-03 13:00:00,3309.263765112396,31245.499999574466,105.91169176865357
2023-08-03 14:00:00,3446.3859725696807,31306.49999964336,110.08531687058411
2023-08-03 15:00:00,3746.7651798020906,31356.99999974915,119.48736103045776
2023-08-03 16:00:00,4623.168444879005,31952.499999864718,144.68878632027474
2023-08-03 17:00:00,4501.3330990042705,30990.499999863023,145.24880524754897
2023-08-03 18:00:00,4558.514897391847,29659.999999863125,153.69234313597045
2023-08-03 19:00:00,4521.196673850567,28602.49999987537,158.0699824795129
2023-08-03 20:00:00,4234.156604397706,27966.499999857766,151.40101923441406
2023-08-03 21:00:00,3802.017970907555,26716.999999851287,142.30706931649203
2023-08-03 22:00:00,3110.977319918645,24173.49999977391,128.69370674282754
2023-08-03 23:00:00,2650.766281912441,22570.499999653046,117.443844042143
2023-08-04 00:00:00,2686.069239019608,22097.999999618474,121.55259476269272
2023-08-04 01:00:00,2226.2160241899264,21934.999999414846,101.4914987120727
2023-08-04 02:00:00,1706.4474563907588,21490.499998453208,79.40473495328547
2023-08-04 03:00:00,1776.092416110403,21582.999998740215,82.29126702562536
2023-08-04 04:00:00,2070.734068795387,22111.49999925377,93.64964244240649
2023-08-04 05:00:00,3317.0099738352624,24518.99999979115,135.2832486587347
2023-08-04 06:00:00,4441.912023760659,27326.499999889664,162.54961388317545
2023-08-04 07:00:00,5185.6284547489695,29542.499999945736,175.53113158190723
2023-08-04 08:00:00,5772.165752082479,31370.999999970623,183.99686819316835
2023-08-04 09:00:00,6116.23127850889,32003.999999996537,191.1083389110596
2023-08-04 10:00:00,6332.4173389788275,32377.500000001586,195.5807995978231
2023-08-04 11:00:00,6407.196518451471,32160.00000000138,199.22874746427848
2023-08-04 12:00:00,6467.050645032671,31353.49999997614,206.26247930972914
2023-08-04 13:00:00,6544.571487836295,30788.50000002026,212.56545423882255
2023-08-04 14:00:00,6638.339374123748,31049.000000023938,213.80203465872106
2023-08-04 15:00:00,6635.67478956622,30397.000000037715,218.30031876691734
2023-08-04 16:00:00,7084.894587335742,30324.500000052016,233.63599028256323
2023-08-04 17:00:00,7301.7291407365865,29368.000000051376,248.628750365153
2023-08-04 18:00:00,7267.292055481002,27990.000000021926,259.63887300733506
2023-08-04 19:00:00,7332.4280506330615,26809.500000052776,273.50111156935515
2023-08-04 20:00:00,7426.923042054705,26470.00000003775,280.57888334129626
2023-08-04 21:00:00,6889.899365111506,25051.000000049535,275.0349034009773
2023-08-04 22:00:00,6203.393807977293,22357.500000058906,277.46366131995745
2023-08-04 23:00:00,5609.039796386358,20693.00000005318,271.0597688286833
2023-08-05 00:00:00,5072.305656958875,20236.499999950756,250.65133086112806
2023-08-05 01:00:00,4914.153569116525,19843.500000048138,247.6455045281631
2023-08-05 02:00:00,4869.809392393505,19362.000000038497,251.51375851584663
2023-08-05 03:00:00,4960.685266908808,19796.000000014927,250.59028424454777
2023-08-05 04:00:00,4871.689711366419,20356.000000008775,239.32450930262917
2023-08-05 05:00:00,4665.347556361237,21225.499999997577,219.7991828867056
2023-08-05 06:00:00,4576.034264796573,22837.49999995452,200.37369522958664
2023-08-05 07:00:00,4752.2641796001135,25059.50000000551,189.63922582649568
2023-08-05 08:00:00,5321.944027620396,27093.00000001836,196.43243744202522
2023-08-05 09:00:00,5757.528253619277,28175.500000021566,204.34520252044754
2023-08-05 10:00:00,6463.574645772268,28793.500000081425,224.48033916522792
2023-08-05 11:00:00,6131.260871251118,29453.000000054606,208.1710138607188
2023-08-05 12:00:00,4808.082909148409,28730.999999965123,167.34826177836644
2023-08-05 13:00:00,3657.926588875433,27589.499999874875,132.58401163094737
2023-08-05 14:00:00,3512.3240435635294,28188.999999826716,124.59910048547732
2023-08-05 15:00:00,3953.0910304276745,28636.99999990378,138.0413810958186
2023-08-05 16:00:00,4630.710220585867,28777.99999997117,160.9114678084129
2023-08-05 17:00:00,5180.379163911968,28213.000000024822,183.61674277487012
2023-08-05 18:00:00,5010.905107751916,26987.500000012307,185.67503873088026
2023-08-05 19:00:00,4844.598622872672,26217.500000017615,184.78491934278316
2023-08-05 20:00:00,4434.097327508816,26388.99999999885,168.02824387089353
2023-08-05 21:00:00,3366.7026985485877,25137.499999942203,133.9314847759852
2023-08-05 22:00:00,1379.7903375124122,22783.204357521605,60.561732926601735
2023-08-05 23:00:00,1335.2198267923818,22658.831490919863,58.927126375755435
2023-08-06 00:00:00,1341.021270750903,22427.081438745237,59.79472961801183
2023-08-06 01:00:00,1348.691714248461,22349.228633942206,60.34623101936399
2023-08-06 02:00:00,1307.5230601194041,22936.155746459106,57.00707104420758
2023-08-06 03:00:00,1266.474726325748,23372.09618373883,54.18746852526217
2023-08-06 04:00:00,1336.400972429588,23646.791289473244,56.51510837432344
2023-08-06 05:00:00,1322.5630777368674,23488.812048474883,56.30608627662551
2023-08-06 06:00:00,1190.7811121571078,22940.543005162002,51.90727664507166
2023-08-06 07:00:00,1324.4578246188103,24665.999995153197,53.695687378539795
2023-08-06 08:00:00,1436.0114933933241,26854.034499359273,53.47470203881606
2023-08-06 09:00:00,1439.1346136292298,28281.999998291474,50.885178336615816
2023-08-06 10:00:00,1820.9650163063316,28850.499999721585,63.11727756274256
2023-08-06 11:00:00,2370.9497595082466,28984.999999359523,81.79919819081032
2023-08-06 12:00:00,2065.580487312503,28255.99999898917,73.1023671923272
2023-08-06 13:00:00,1577.987255643032,27778.67846842208,56.80569928612111
2023-08-06 14:00:00,1645.383047330398,27569.49999960383,59.68127994174874
2023-08-06 15:00:00,1908.7620017381184,28062.49999919219,68.01824505275953
2023-08-06 16:00:00,2324.8690291352987,29166.999999724663,79.70888432671325
2023-08-06 17:00:00,2388.968063145078,28800.499999882886,82.9488398866267
2023-08-06 18:00:00,2345.5325586948697,27449.000000321164,85.45056499935976
2023-08-06 19:00:00,3063.855641254447,26269.499999760843,116.63166947533605
2023-08-06 20:00:00,4370.911870857812,25767.49999996938,169.62886856943848
2023-08-06 21:00:00,3947.1619874943176,24524.50000001055,160.9477048458733
2023-08-06 22:00:00,2719.694616568034,21929.999999050207,124.0170823842145
2023-08-06 23:00:00,2109.6052607564716,20766.999999588068,101.58449755854565
2023-08-07 00:00:00,1994.5542498320524,20084.499997215044,99.30813563238424
2023-08-07 01:00:00,2049.419034568005,19636.499999519092,104.36783717150186
2023-08-07 02:00:00,2025.5003405367645,19185.49999919608,105.57454017990868
2023-08-07 03:00:00,1839.9173810566997,19281.049371621386,95.42620557596638
2023-08-07 04:00:00,1954.224638035894,19323.499997027127,101.13202258061669
2023-08-07 05:00:00,3331.1949392525385,22235.499999758405,149.81425824868938
2023-08-07 06:00:00,5592.688596969932,26126.999999921554,214.05781746801102
2023-08-07 07:00:00,6495.34126024215,29260.499999989526,221.98326276873175
2023-08-07 08:00:00,6484.151954980966,30860.999999996187,210.1082905603113
2023-08-07 09:00:00,6086.314572928171,31505.499999983003,193.18260535244497
2023-08-07 10:00:00,6395.29540968238,31918.499999999643,200.36328178587502
2023-08-07 11:00:00,6243.391608153202,32556.00000000755,191.773915964853
2023-08-07 12:00:00,6026.43915298815,32242.999999987427,186.90689926466212
2023-08-07 13:00:00,5796.358346506896,31796.99999998329,182.29261711827976
2023-08-07 14:00:00,5459.174966190589,31089.999999961583,175.59263320030024
2023-08-07 15:00:00,5207.422094442631,30792.499999943324,169.11332611682116
2023-08-07 16:00:00,5859.456123954798,31795.49999998094,184.2857047053297
2023-08-07 17:00:00,5924.63248107734,30949.499999983484,191.42902085915773
2023-08-07 18:00:00,5457.439119179224,29564.999999945645,184.59120984912084
2023-08-07 19:00:00,5123.139633573528,27478.999999945616,186.43835778535126
2023-08-07 20:00:00,4797.632570104357,27459.49999991512,174.71667620019255
2023-08-07 21:00:00,4028.0299109708917,25335.9999998361,158.9844454924593
2023-08-07 22:00:00,1700.9127201616466,23337.997482960905,72.88169095928151
2023-08-07 23:00:00,1665.6025634950995,23492.770820263093,70.89851496182291
2023-08-08 00:00:00,1602.9224898368138,23212.636082966786,69.05387583330199
2023-08-08 01:00:00,1519.454479794568,22669.545139412152,67.02624470188064
2023-08-08 02:00:00,1355.623919381805,21387.41872412604,63.384176317294234
2023-08-08 03:00:00,1183.3755127164352,20558.58227274902,57.561143906553944
2023-08-08 04:00:00,1553.1072233748587,20740.999998995798,74.88101940359935
2023-08-08 05:00:00,1636.2520162889587,23128.000000238288,70.74766587132913
2023-08-08 06:00:00,3495.5343185526845,26925.49999987787,129.82244781224267
2023-08-08 07:00:00,5464.6192438776425,30560.499999938387,178.81314912677016
2023-08-08 08:00:00,5723.074330511756,32226.499999952615,177.5890751561656
2023-08-08 09:00:00,5855.475319330353,32597.999999965177,179.62682739237403
2023-08-08 10:00:00,5885.119683600533,32974.999999962994,178.472166295895
2023-08-08 11:00:00,5673.937148928621,33067.49999995266,171.58651694070443
2023-08-08 12:00:00,5531.558824058721,33089.49999993704,167.16961042231662
2023-08-08 13:00:00,5205.194147895296,32267.49999992276,161.31383428861102
2023-08-08 14:00:00,5629.114302364941,32402.499999953387,173.7246910693014
2023-08-08 15:00:00,5603.713895287963,32464.9999999573,172.60785138750447
2023-08-08 16:00:00,6120.568410184453,32655.99999998391,187.4255392634575
2023-08-08 17:00:00,6071.275789656351,31729.999999980955,191.34181499086023
2023-08-08 18:00:00,5798.467194969314,30442.99999996713,190.4696381754615
2023-08-08 19:00:00,5721.59962437974,28939.999999975425,197.70558480941943
2023-08-08 20:00:00,5196.673766088259,28363.999999936445,183.21371337258154
2023-08-08 21:00:00,4543.823501133548,25984.499999914693,174.86668980155346
2023-08-08 22:00:00,3555.9655515462337,23607.999999843636,150.62544694890656
2023-08-08 23:00:00,2616.282615950402,22127.499999613057,118.23670166065541
2023-08-09 00:00:00,2209.1561126940937,21443.999999318654,103.01977768906389
2023-08-09 01:00:00,1920.0785899952643,21065.99999896673,91.1458554110625
2023-08-09 02:00:00,1872.9784153927808,20637.499998913325,90.7560710110916
2023-08-09 03:00:00,2350.0930302794463,20437.999999554027,114.9864482987928
2023-08-09 04:00:00,3084.273869446493,21312.49999976749,144.71666249760193
2023-08-09 05:00:00,4508.394106502945,24369.49999991336,185.00150214485208
2023-08-09 06:00:00,5708.706249141957,27616.499999970616,206.7136041550534
2023-08-09 07:00:00,6536.144216035752,30614.00000002544,213.50180362024958
2023-08-09 08:00:00,6712.3993441144885,31887.000000028154,210.50582820925652
2023-08-09 09:00:00,6715.759968808697,32544.500000031065,206.3562189863813
2023-08-09 10:00:00,7048.4466904313895,32991.00000004707,213.6475611658129
2023-08-09 11:00:00,7184.525249761182,33335.0000000497,215.52498124345192
2023-08-09 12:00:00,7143.749860738827,33416.50000001865,213.77911692531654
2023-08-09 13:00:00,6941.320022003488,32588.00000002115,213.0023328218664
2023-08-09 14:00:00,7286.281256878,32058.500000025095,227.2807915801518
2023-08-09 15:00:00,7664.506721566038,32196.00000004584,238.0577314435062
2023-08-09 16:00:00,8235.358671889739,32633.50000006791,252.35903816239758
2023-08-09 17:00:00,8422.264362512318,31620.00000008011,266.3587717422827
2023-08-09 18:00:00,8034.828968370275,30382.500000058782,264.45582056627103
2023-08-09 19:00:00,7772.925038675655,28896.50000007002,268.99192077437823
2023-08-09 20:00:00,7595.7332018155785,28239.50000004615,268.9754847572784
2023-08-09 21:00:00,6917.812241147548,25995.00000001552,266.1208786744919
2023-08-09 22:00:00,6017.235775961791,23743.99999998251,253.42131805787665
2023-08-09 23:00:00,5402.222012471259,22324.999999963075,241.9808292264365
2023-08-10 00:00:00,5210.75242253655,21617.999999933894,241.03767335333907
2023-08-10 01:00:00,5215.467883871584,21355.999999961034,244.21557800529592
2023-08-10 02:00:00,5129.861531785326,21162.4999999592,242.40338012027013
2023-08-10 03:00:00,5466.438027427743,21378.999999966934,255.69194197278628
2023-08-10 04:00:00,5637.520779476416,21956.99999997519,256.7527795000585
2023-08-10 05:00:00,6269.420764235391,24682.49999999601,254.0026644074306
2023-08-10 06:00:00,7142.378769197593,27182.50000002194,262.7565076498419
2023-08-10 07:00:00,7921.098826085827,30489.50000008692,259.7975967484952
2023-08-10 08:00:00,8057.6990849193035,32267.000000099604,249.71949933041282
2023-08-10 09:00:00,7981.817552985853,32958.50000008914,242.17781613132473
2023-08-10 10:00:00,8034.051113018099,33896.50000009267,237.017128995505
2023-08-10 11:00:00,7672.160001648505,34692.000000078166,221.1506976141825
2023-08-10 12:00:00,7315.86406032651,34289.00000004412,213.35892152926877
2023-08-10 13:00:00,6999.365992398514,33210.00000004517,210.76079471210463
2023-08-10 14:00:00,6917.441760148607,32586.00000004247,212.28262935431138
2023-08-10 15:00:00,6585.3309154971275,31940.500000039046,206.1749476523247
2023-08-10 16:00:00,6549.672100801421,32484.000000040127,201.62763516787743
2023-08-10 17:00:00,6711.226428712237,32140.50000004357,208.80902377695242
2023-08-10 18:00:00,6798.543149536799,31566.500000030977,215.37209223480994
2023-08-10 19:00:00,6523.917783838815,30288.500000013733,215.3925676027488
2023-08-10 20:00:00,6010.108149448899,30160.499999988555,199.27083932465243
2023-08-10 21:00:00,5114.043264405649,29159.499999943426,175.38172000259163
2023-08-10 22:00:00,3368.5126584537625,25479.999999805113,132.20222364519336
2023-08-10 23:00:00,2359.490710419974,23495.49999954176,100.42308997322857
2023-08-11 00:00:00,1965.2939850115051,22834.49999909977,86.06687184256214
2023-08-11 01:00:00,1827.1938535912193,23067.99999884807,79.20902781699594
2023-08-11 02:00:00,1010.9195723378854,22752.49998635568,44.431142641209455
2023-08-11 03:00:00,956.2795558639589,22685.02456309871,42.154662570633505
2023-08-11 04:00:00,1352.5969742025754,22789.99999972975,59.35045959713098
2023-08-11 05:00:00,2062.222660330411,24493.99999935784,84.19297217214324
2023-08-11 06:00:00,2850.1174997926046,27026.99999961962,105.45445294826348
2023-08-11 07:00:00,3797.5959506012805,30637.499999784184,123.95254020817728
2023-08-11 08:00:00,3800.5079362640613,32101.999999761276,118.38850963467458
2023-08-11 09:00:00,3493.4226403733396,32758.999999700118,106.64008792714428
2023-08-11 10:00:00,4218.673282822775,33889.49999983752,124.48319635412152
2023-08-11 11:00:00,3473.0111321693735,34331.99999967777,101.15959257258447
2023-08-11 12:00:00,2724.546422464891,33792.49999907081,80.62577265783258
2023-08-11 13:00:00,2430.001974651576,32069.499999154035,75.77299224233857
2023-08-11 14:00:00,2439.5690208670685,31045.999999281285,78.57917351425448
2023-08-11 15:00:00,2356.268527694035,30941.49999954345,76.15236907482839
2023-08-11 16:00:00,3254.1536014337,31680.999999815995,102.71625268939113
2023-08-11 17:00:00,3813.9490928503087,31237.49999987204,122.09520905533196
2023-08-11 18:00:00,4236.0536356737675,30539.499999883923,138.70736703907622
2023-08-11 19:00:00,4313.517263390968,29300.49999988875,147.2165070018377
2023-08-11 20:00:00,4368.434147388003,28815.999999883115,151.5975203847072
2023-08-11 21:00:00,3874.939177100897,27703.99999982689,139.86930324592512
2023-08-11 22:00:00,2057.0583907183027,24254.499999035186,84.81141193593477
2023-08-11 23:00:00,1661.866998811463,23802.99999578994,69.81754396947439
2023-08-12 00:00:00,995.935404272258,22358.115149270918,44.54469429211857
2023-08-12 01:00:00,817.5243697094098,21643.968090532293,37.77146437704364
2023-08-12 02:00:00,625.1180004836377,21263.160863146506,29.399109779915065
2023-08-12 03:00:00,621.049653854666,21108.034336602956,29.422429580651105
2023-08-12 04:00:00,448.4738495360586,20665.058435550207,21.70203635933333
2023-08-12 05:00:00,310.9094160766144,21444.110926690904,14.498592044197732
2023-08-12 06:00:00,637.0294789890318,23915.801322129722,26.636342659343672
2023-08-12 07:00:00,681.9003366039109,25738.37911803509,26.493522901218665
2023-08-12 08:00:00,473.88721239038614,28085.30264880351,16.87313889104822
2023-08-12 09:00:00,893.6566334980806,31235.496050592283,28.610291062790253
2023-08-12 10:00:00,1186.0400890686155,30082.788703095663,39.425869083293016
2023-08-12 11:00:00,1274.9826056611191,32118.382916484403,39.69635112005432
2023-08-12 12:00:00,497.12560137757134,32381.712669484896,15.352047819448435
2023-08-12 13:00:00,703.4878888951415,32922.0005413396,21.368321405978463
2023-08-12 14:00:00,1188.913846126748,33991.06291654516,34.9772482562775
2023-08-12 15:00:00,966.5282266224041,33499.190557994,28.852285996258466
2023-08-12 16:00:00,899.9076766300126,31687.451904049252,28.39949641122819
2023-08-12 17:00:00,789.3041218032093,29068.8872500702,27.152883941276535
2023-08-12 18:00:00,777.1702983330551,27661.272825051576,28.095970248672245
2023-08-12 19:00:00,844.4335939643626,26762.009688560545,31.55344474467165
2023-08-12 20:00:00,842.3438348741785,26515.010653984507,31.768564827923097
2023-08-12 21:00:00,756.0243877291398,25344.509683612752,29.82990782488761
2023-08-12 22:00:00,802.4817168040537,24703.67841071702,32.484300656048
2023-08-12 23:00:00,806.983589433623,24963.61406250866,32.326392621394625
2023-08-13 00:00:00,789.5082026511855,24445.21098134371,32.29705005425106
2023-08-13 01:00:00,785.9686543027943,24022.0245170845,32.71866839299128
2023-08-13 02:00:00,795.4417595353796,23082.343020825145,34.461049245205444
2023-08-13 03:00:00,801.1915130099109,21958.17124882435,36.487169351719444
2023-08-13 04:00:00,801.208138926553,21018.45691649152,38.11926546795681
2023-08-13 05:00:00,886.028677312312,20647.140821308665,42.91289941694471
2023-08-13 06:00:00,1106.1352993334544,22134.49999831519,49.97335830570603
2023-08-13 07:00:00,1282.7506290293604,25029.99999975442,51.24852692936261
2023-08-13 08:00:00,1569.223838861271,26987.999999893076,58.14524377010108
2023-08-13 09:00:00,1379.4350976881055,27582.999999890308,50.010335992951866
2023-08-13 10:00:00,2116.861621338589,28992.500000474825,73.01411128063879
2023-08-13 11:00:00,2221.0974812997483,29552.49999998389,75.15768484226238
2023-08-13 12:00:00,2217.653141748246,30358.999999804586,73.04763469687803
2023-08-13 13:00:00,2008.5439685030847,29694.499999503125,67.64026902411872
2023-08-13 14:00:00,1457.5181709783121,29718.55859989401,49.04403980694778
2023-08-13 15:00:00,1600.1635949155334,29397.42764101866,54.432095707680276
2023-08-13 16:00:00,1583.6935962790621,29673.49999983507,53.370636975343814
2023-08-13 17:00:00,1507.0729885089283,29569.5000002438,50.96714481125831
2023-08-13 18:00:00,2508.948018747618,28093.499999820466,89.30706457948108
2023-08-13 19:00:00,4656.802355530534,27513.49999995179,169.2551785682917
2023-08-13 20:00:00,4877.343791214371,26568.99999994512,183.57272728459654
2023-08-13 21:00:00,4603.290183857264,24923.999999920103,184.69307430075511
2023-08-13 22:00:00,3911.8054097089434,22462.499999882217,174.1482653190631
2023-08-13 23:00:00,3573.749578615157,21495.99999987264,166.25184120935666
2023-08-14 00:00:00,3385.6031111885227,21140.499999808228,160.14773118985997
2023-08-14 01:00:00,3316.297781190932,21050.499999870048,157.54009554221537
2023-08-14 02:00:00,3503.468037532889,21132.999999887787,165.7818595349213
2023-08-14 03:00:00,3582.593502042209,21456.49999988652,166.97007909310264
2023-08-14 04:00:00,3966.7154747582836,22245.499999921063,178.31541097176324
2023-08-14 05:00:00,4440.502616681061,24535.49999996002,180.98276443065342
2023-08-14 06:00:00,4951.1817811742585,27266.999999981763,181.5814640839685
2023-08-14 07:00:00,5498.794901711545,30313.000000061267,181.4005509748435
2023-08-14 08:00:00,5585.782733898384,32392.500000057917,172.44061847305386
2023-08-14 09:00:00,5326.430301126943,32837.00000003881,162.20818896734318
2023-08-14 10:00:00,5969.6289925078945,33294.00000008868,179.30044429903268
2023-08-14 11:00:00,5729.890591274434,33751.00000007222,169.76950582981758
2023-08-14 12:00:00,5098.696612180913,33654.49999998931,151.5011844532687
2023-08-14 13:00:00,5072.177745241055,33732.50000004077,150.3647148961662
2023-08-14 14:00:00,4289.670765212032,32167.499999944095,133.35418559787013
2023-08-14 15:00:00,3783.3624702949014,32857.499999908054,115.14456274231115
2023-08-14 16:00:00,4373.791040881337,33701.99999994951,129.7783823181974
2023-08-14 17:00:00,4630.667311346162,33545.49999995705,138.0413859191871
2023-08-14 18:00:00,4624.983406154784,31497.499999944208,146.83652372927932
2023-08-14 19:00:00,4599.23651579707,29799.49999995828,154.3393854193362
2023-08-14 20:00:00,4503.012181303835,29155.49999992751,154.44812063984602
2023-08-14 21:00:00,4465.043160992597,28460.99999990904,156.88286290035023
2023-08-14 22:00:00,3723.1228730743555,25283.9999998548,147.25213071886319
2023-08-14 23:00:00,3294.8073638976343,23945.499999806314,137.59609796931719
2023-08-15 00:00:00,3310.753844228679,23467.499999781263,141.07825052773146
2023-08-15 01:00:00,3176.9615888346575,22605.499999805892,140.5393195842577
2023-08-15 02:00:00,2917.0579202629037,22100.999999760195,131.9875987645154
2023-08-15 03:00:00,2848.617215984279,21948.499999732412,129.7864189361008
2023-08-15 04:00:00,3212.01360690525,22251.499999790703,144.35043061975426
2023-08-15 05:00:00,4304.402499990843,24707.99999989484,174.21088311515152
2023-08-15 06:00:00,5024.081581984843,27174.9999999325,184.87880706521884
2023-08-15 07:00:00,6002.916463792503,30763.500000014577,195.1311282457997
2023-08-15 08:00:00,6261.13237312591,32584.500000016797,192.15063521375754
2023-08-15 09:00:00,6535.4152149745,33120.00000002689,197.3253386162196
2023-08-15 10:00:00,6571.175063046296,32837.0000000616,200.1149637005198
2023-08-15 11:00:00,6627.657689844117,33654.50000004136,196.93228809924298
2023-08-15 12:00:00,6780.913727774719,33544.50000000148,202.1468117806025
2023-08-15 13:00:00,6649.746894697012,32555.500000046177,204.2587856026656
2023-08-15 14:00:00,6830.566704133355,32523.500000041873,210.01942300565932
2023-08-15 15:00:00,7243.033057451898,32401.500000056556,223.54005393081354
2023-08-15 16:00:00,7591.517718873153,32550.500000064912,233.2227682787673
2023-08-15 17:00:00,7659.870037706918,31765.50000006787,241.1380282914027
2023-08-15 18:00:00,7896.499102582105,30890.00000006337,255.63286185062822
2023-08-15 19:00:00,8120.921362035467,29471.000000078955,275.55635580786907
2023-08-15 20:00:00,8031.9220462787935,28847.000000056403,278.43179693774357
2023-08-15 21:00:00,7433.51398082776,26271.000000040858,282.95512088676486
2023-08-15 22:00:00,6949.616888773659,23800.000000010143,292.00070961221417
2023-08-15 23:00:00,6525.132427222184,22360.49999999687,291.81513951938
2023-08-16 00:00:00,6412.1819257264515,21998.499999993775,291.4826886255093
2023-08-16 01:00:00,6386.4260434354055,22316.99999999602,286.1686626086187
2023-08-16 02:00:00,6411.428479212819,22521.00000000046,284.6866692958878
2023-08-16 03:00:00,6365.21004403084,22193.49999999419,286.8051476347808
2023-08-16 04:00:00,6535.17361055133,22575.999999996555,289.4743803398444
2023-08-16 05:00:00,7230.257998767456,25158.0000000254,287.3939899340232
2023-08-16 06:00:00,8107.950688853365,28334.000000069645,286.1562324004177
2023-08-16 07:00:00,8775.978684955433,30817.000000124266,284.7771906713841
2023-08-16 08:00:00,9010.714059007405,32245.000000146563,279.4453111789874
2023-08-16 09:00:00,8923.974831091062,32576.50000013925,273.9390306218567
2023-08-16 10:00:00,8369.198448981044,33009.000000134874,253.54292613974516
2023-08-16 11:00:00,8083.590744737562,33509.00000015576,241.23640647885608
2023-08-16 12:00:00,8094.8392063736355,33757.50000010314,239.7938000843932
2023-08-16 13:00:00,8206.076048993078,33298.500000158485,246.43981107119004
2023-08-16 14:00:00,7899.697115496314,32670.00000014309,241.80278896423982
2023-08-16 15:00:00,7570.664543991039,32038.500000123047,236.29896980076978
2023-08-16 16:00:00,7852.012207454249,32336.000000118718,242.82571151117705
2023-08-16 17:00:00,7688.4502530157915,31855.500000093307,241.3539342654572
2023-08-16 18:00:00,7519.4371780397905,30839.000000054577,243.82882642194892
2023-08-16 19:00:00,7592.636714765661,29783.500000064218,254.9276181358568
2023-08-16 20:00:00,7163.400103518112,29244.500000026157,244.948626357493
2023-08-16 21:00:00,6343.202023506604,26755.50000000324,237.08030212501487
2023-08-16 22:00:00,5160.82679981653,24011.99999997372,214.9269864993411
2023-08-16 23:00:00,4867.931069855492,22747.499999946176,213.99850840167096
2023-08-17 00:00:00,4529.684053657387,21916.999999896005,206.6744560696665
2023-08-17 01:00:00,4311.908051121852,21964.499999913187,196.3125976525254
2023-08-17 02:00:00,3682.0613034839807,21763.99999987992,169.1812765807892
2023-08-17 03:00:00,4044.675119357435,21948.499999894986,184.28025238065413
2023-08-17 04:00:00,4568.663394323316,22835.999999913693,200.06408277897108
2023-08-17 05:00:00,5479.029016479156,25488.499999958636,214.96082611719197
2023-08-17 06:00:00,6245.598991746633,28882.4999999974,216.24163392182794
2023-08-17 07:00:00,6325.751557368065,30746.50000001357,205.73891523800344
2023-08-17 08:00:00,6502.928224189388,32420.500000037002,200.5807505800949
2023-08-17 09:00:00,6279.075799569434,33352.00000003699,188.2668445539239
2023-08-17 10:00:00,6616.938525860713,34509.50000004061,191.7425209247577
2023-08-17 11:00:00,6079.14519568615,35057.00000002226,173.40745630494027
2023-08-17 12:00:00,5813.077354180832,35219.50000001044,165.05280751229031
2023-08-17 13:00:00,5878.6816253519955,35561.000000011394,165.31260721999132
2023-08-17 14:00:00,5276.78902062864,34593.99999998897,152.5348043195445
2023-08-17 15:00:00,5341.093494894003,34374.999999989464,155.37726530605497
2023-08-17 16:00:00,5733.30807577993,34957.50000000576,164.00795468151284
2023-08-17 17:00:00,5724.73006431655,34611.499999994885,165.39965226347877
2023-08-17 18:00:00,5612.102411578129,34106.99999998602,164.54400596887527
2023-08-17 19:00:00,5546.038056677511,33606.4999999761,165.0287312478674
2023-08-17 20:00:00,4930.635726036803,32659.499999941774,150.97094952603663
2023-08-17 21:00:00,3765.804762512337,30324.99999984948,124.18152555749478
2023-08-17 22:00:00,2387.3592172732738,26174.49999953492,91.20935327573376
2023-08-17 23:00:00,1542.7502460954665,24445.49999707008,63.109784879850004
2023-08-18 00:00:00,1292.9783914874397,23519.999999475007,54.97357106786992
2023-08-18 01:00:00,934.652672798404,23235.35654334182,40.225449997074925
2023-08-18 02:00:00,927.6584816009085,23164.432303872734,40.04667454966373
2023-08-18 03:00:00,1313.65706254586,23180.49999956162,56.67078201810588
2023-08-18 04:00:00,1606.9842263978003,24478.999998738636,65.64746217086505
2023-08-18 05:00:00,2513.176096076026,26886.499999594707,93.47353118159337
2023-08-18 06:00:00,3190.7798767068402,29889.499999765787,106.75253439274137
2023-08-18 07:00:00,3095.75381062748,30905.499999765983,100.16837814146095
2023-08-18 08:00:00,2990.36216757593,32015.999999730502,93.40211667919483
2023-08-18 09:00:00,3488.8301250216273,32726.49999978784,106.60565978776359
2023-08-18 10:00:00,4443.777689382449,33013.49999988478,134.6048643554291
2023-08-18 11:00:00,4066.780629776766,33454.99999984954,121.55972589433735
2023-08-18 12:00:00,3885.0528942255614,33676.9999998095,115.3622025194506
2023-08-18 13:00:00,3557.527133453573,32622.99999981298,109.04966230800255
2023-08-18 14:00:00,3590.4302016435936,32913.499999856,109.08685498835742
2023-08-18 15:00:00,3668.0185375889305,34060.99999986005,107.68969019124518
2023-08-18 16:00:00,3002.964830584322,34491.99999975747,87.0626472980818
2023-08-18 17:00:00,2051.6996007351304,33660.49999919123,60.95273691075377
2023-08-18 18:00:00,1889.780066102378,32842.99999893699,57.53981262867409
2023-08-18 19:00:00,1594.7053528951672,31864.49999793573,50.04645775074068
2023-08-18 20:00:00,836.1939230826317,30700.54884532899,27.23710013444455
2023-08-18 21:00:00,0.7797808543258261,28118.714738776463,0.02773173886395623
2023-08-18 22:00:00,33.0120614917525,26256.79900628651,1.257276695603627
2023-08-18 23:00:00,55.91109096060724,25589.305301944987,2.184939774678352
2023-08-19 00:00:00,0.035679586834556166,25828.028722666142,0.0013814289591231755
2023-08-19 01:00:00,37.58640417921338,27005.10862298749,1.3918256987575603
2023-08-19 02:00:00,76.0584048079871,26675.602353699873,2.851234764992585
2023-08-19 03:00:00,174.07037444423366,26491.726782859412,6.570744741217099
2023-08-19 04:00:00,174.9862995868394,28254.59544596684,6.193197843567694
2023-08-19 05:00:00,230.47634583734288,29533.4347895549,7.8039126664283405
2023-08-19 06:00:00,165.8326199983167,29469.688428804562,5.627226782493801
2023-08-19 07:00:00,122.53783872272075,29985.799514822567,4.086528980564547
2023-08-19 08:00:00,76.98847501926639,31549.64230032257,2.4402328966651785
2023-08-19 09:00:00,0.03766231033251032,32828.80079290317,0.0011472338136899612
2023-08-19 10:00:00,0.042611131296310036,32300.531110203574,0.001319208379296568
2023-08-19 11:00:00,0.04030601200593281,33454.89340955499,0.001204786741135486
2023-08-19 12:00:00,0.043530175250980414,33898.05756931093,0.0012841495463855066
2023-08-19 13:00:00,0.040380771305018034,33978.65107935833,0.0011884159618552053
2023-08-19 14:00:00,23.85593854980195,33231.44462576913,0.7178724493759445
2023-08-19 15:00:00,0.04291417538002088,32181.187863700157,0.0013335174438488442
2023-08-19 16:00:00,327.7546943084523,31967.01543990861,10.25290255590371
2023-08-19 17:00:00,598.7503985494943,30916.182776393136,19.3668928302069
2023-08-19 18:00:00,927.9002459352497,29784.999997264073,31.1532733261871
2023-08-19 19:00:00,927.8976369851541,29092.999998608004,31.894188878065194
2023-08-19 20:00:00,927.9180343560488,28203.49999882424,32.9008114026533
2023-08-19 21:00:00,927.928154123307,26387.499998568826,35.165444023633725
2023-08-19 22:00:00,948.6872589325055,24086.63795513603,39.38645404558071
2023-08-19 23:00:00,940.2055973064874,23586.681036765844,39.86171669684844
2023-08-20 00:00:00,983.4578425125793,23036.158408854815,42.69192046077223
2023-08-20 01:00:00,980.0628141086947,21556.987566315325,45.463811262763286
2023-08-20 02:00:00,1000.0975553736167,20089.43093837311,49.782273994795744
2023-08-20 03:00:00,1008.9389591526258,19094.499998783216,52.839244767703775
2023-08-20 04:00:00,1051.673444341646,18666.99999890946,56.33864276011601
2023-08-20 05:00:00,1471.4456523480949,19024.49999916691,77.34477397106521
2023-08-20 06:00:00,1631.6993326156694,21057.99999940401,77.48595938179552
2023-08-20 07:00:00,2101.069008439626,23876.499999397838,87.99736177800828
2023-08-20 08:00:00,2058.116928064039,26101.499993252066,78.850523096225
2023-08-20 09:00:00,1884.5271216501096,27918.500002798402,67.50101622441086
2023-08-20 10:00:00,2246.6619210862677,28571.999999456206,78.6315946076238
2023-08-20 11:00:00,2543.551943024711,29028.499999586573,87.62257584997283
2023-08-20 12:00:00,2435.740850052185,29219.49999911428,83.36011396930198
2023-08-20 13:00:00,2632.3992570875794,28306.999999381005,92.99463938761235
2023-08-20 14:00:00,2189.9954919017305,27591.999998633724,79.37066874493233
2023-08-20 15:00:00,2921.473165482572,27925.499999657954,104.61668244143723
2023-08-20 16:00:00,4824.1653270608585,29558.499999953874,163.20737950397978
2023-08-20 17:00:00,5674.472103750963,29412.499999990738,192.92722834688482
2023-08-20 18:00:00,5570.523731822054,28576.49999995875,194.93372987700016
2023-08-20 19:00:00,5851.665079647879,28149.999999978707,207.87442556491314
2023-08-20 20:00:00,5505.340522062562,27599.999999955606,199.4688594953412
2023-08-20 21:00:00,4528.502301455138,25764.999999899945,175.76178154367258
2023-08-20 22:00:00,3551.2865466418,24292.999999820484,146.18559036216368
2023-08-20 23:00:00,2725.3787465144874,23308.99999966528,116.92388118553451
2023-08-21 00:00:00,2557.100939841477,22999.49999958572,111.18071870638653
2023-08-21 01:00:00,2248.1961970077805,22273.49999945472,100.93591923419395
2023-08-21 02:00:00,2111.2415473069095,21772.499999339096,96.96826489245592
2023-08-21 03:00:00,2394.2578551867036,22085.99999954958,108.40613308138785
2023-08-21 04:00:00,2962.8406624460745,23611.49999971015,125.48294951538213
2023-08-21 05:00:00,3833.3749908534915,25284.499999846958,151.60968146005237
2023-08-21 06:00:00,4862.185350676963,27810.499999917436,174.83271968110597
2023-08-21 07:00:00,4909.8637115569345,29658.99999993081,165.54380496875785
2023-08-21 08:00:00,4990.428500191414,31265.99999992815,159.6119906672706
2023-08-21 09:00:00,4795.204406400479,32529.4999999218,147.410947183695
2023-08-21 10:00:00,4636.9368288592395,33028.99999992152,140.38986432741703
2023-08-21 11:00:00,4746.618675693204,34778.999999926404,136.4794466690603
2023-08-21 12:00:00,4527.768635576819,35822.49999989965,126.39454632115299
2023-08-21 13:00:00,4087.8726230691495,35809.99999988607,114.15449938794066
2023-08-21 14:00:00,3737.3039410865913,35530.49999985437,105.18579645943372
2023-08-21 15:00:00,3990.7264904530944,35849.99999987213,111.31733585682923
2023-08-21 16:00:00,4531.165802215976,35905.49999991905,126.19698381100925
2023-08-21 17:00:00,4279.05570095645,35188.49999989838,121.60381093166257
2023-08-21 18:00:00,4227.051575804154,34260.999999879146,123.37793922591473
2023-08-21 19:00:00,3968.708829703419,33545.99999984541,118.30646961550433
2023-08-21 20:00:00,3499.4697378167457,31923.999999780288,109.61877389552782
2023-08-21 21:00:00,2036.3174193766151,28922.99999904614,70.4047788764572
2023-08-21 22:00:00,1091.7646115440755,26650.999996391318,40.965240016956436
2023-08-21 23:00:00,1045.6611503643448,26341.662876279264,39.69609493810527
2023-08-22 00:00:00,937.7367703899689,25429.693501356986,36.87566153087646
2023-08-22 01:00:00,927.6558152985602,25288.265949753622,36.68325132066235
2023-08-22 02:00:00,927.6566410876359,24807.874124341124,37.393637054028446
2023-08-22 03:00:00,927.658700529052,24327.088617542355,38.132746384625484
2023-08-22 04:00:00,1001.4262275296595,23879.999996151357,41.93577167885491
2023-08-22 05:00:00,1526.955347403654,26850.999998172003,56.867727366117016
2023-08-22 06:00:00,2891.3016317817783,29259.99999981038,98.81413642517141
2023-08-22 07:00:00,4884.100280555833,32360.499999934556,150.92783735003198
2023-08-22 08:00:00,5262.762875814924,34319.99999995129,153.34390663818164
2023-08-22 09:00:00,5493.682298096452,35597.99999996207,154.32558846289973
2023-08-22 10:00:00,6412.885977599712,35993.00000000907,178.17036583774888
2023-08-22 11:00:00,5822.478089108106,36050.00000000025,161.51118138996023
2023-08-22 12:00:00,5694.694527817855,35750.49999999408,159.2899267931581
2023-08-22 13:00:00,5365.900214466651,35037.499999989486,153.14734825453473
2023-08-22 14:00:00,5193.144917626941,34512.99999998532,150.46924108681222
2023-08-22 15:00:00,5886.563636669708,35382.499999999454,166.36935311721328
2023-08-22 16:00:00,6049.35466465816,34698.00000001944,174.34303604400168
2023-08-22 17:00:00,6418.246229182518,33759.00000003316,190.1195600929001
2023-08-22 18:00:00,6820.774102767104,32414.000000042302,210.4267940630037
2023-08-22 19:00:00,6849.042373666649,30968.500000037293,221.16157946488855
2023-08-22 20:00:00,6832.351742499019,29743.500000020053,229.70907063709421
2023-08-22 21:00:00,6287.644587846959,27690.499999997148,227.06865487613467
2023-08-22 22:00:00,6445.714860469848,27298.50000000087,236.1197450581403
2023-08-22 23:00:00,6306.61931573743,26256.4999999978,240.19268812438668
2023-08-23 00:00:00,6177.346525276189,25648.99999999302,240.84161274427345
2023-08-23 01:00:00,6033.6204601014,25027.499999982905,241.07963081032946
2023-08-23 02:00:00,5844.302908897378,24371.49999997482,239.80070610768382
2023-08-23 03:00:00,5918.60072028122,24225.499999975018,244.31284061370553
2023-08-23 04:00:00,6231.846199500471,24586.9999999888,253.46102409823524
2023-08-23 05:00:00,7142.3531043259145,26404.000000030024,270.5026929373501
2023-08-23 06:00:00,8209.616197636435,28646.0000000902,286.58857074672153
2023-08-23 07:00:00,8647.6871644047,30154.500000095126,286.77932528735084
2023-08-23 08:00:00,8871.7125288416,32401.000000102504,273.80983700544834
2023-08-23 09:00:00,9288.331489616256,33121.00000013224,280.4363240717119
2023-08-23 10:00:00,9363.670231443924,34132.50000013932,274.33297389308444
2023-08-23 11:00:00,9255.095735002556,34810.50000014338,265.87080722668264
2023-08-23 12:00:00,8865.165233390799,35521.50000013849,249.57181519238307
2023-08-23 13:00:00,8544.241879077046,35115.50000011636,243.31824633135608
2023-08-23 14:00:00,8483.71833668946,34549.50000011276,245.55256477407113
2023-08-23 15:00:00,8264.953984392738,33009.500000100656,250.3810716420284
2023-08-23 16:00:00,8393.277651464663,32532.50000010161,257.9967002670698
2023-08-23 17:00:00,8207.189731023484,31639.500000096643,259.3969478341445
2023-08-23 18:00:00,7746.498465060795,30409.50000007711,254.73942238580548
2023-08-23 19:00:00,8112.983940275926,30464.00000009652,266.31381106388596
2023-08-23 20:00:00,7527.482694846221,29566.000000058608,254.59929293212812
2023-08-23 21:00:00,6621.726737270153,27761.000000015643,238.52623238595228
2023-08-23 22:00:00,5672.1597491470175,26182.999999968364,216.63521174631902
2023-08-23 23:00:00,5725.8053402828655,26344.499999968983,217.34348119302345
2023-08-24 00:00:00,5634.671606246822,25917.999999969426,217.403796830522
2023-08-24 01:00:00,5200.203166581346,24807.49999994829,209.62221774028762
2023-08-24 02:00:00,4952.6219419767285,24497.499999930726,202.16846380205055
2023-08-24 03:00:00,4728.3955407397225,23956.99999991851,197.3701022981094
2023-08-24 04:00:00,5341.593019906815,24947.499999948675,214.1133588502978
2023-08-24 05:00:00,6550.719910326746,26925.000000009066,243.2950755923692
2023-08-24 06:00:00,8078.770173060982,29838.000000075055,270.75441293118377
2023-08-24 07:00:00,8648.833284352202,31118.50000010599,277.9322038119686
2023-08-24 08:00:00,8788.891054667196,32229.000000119056,272.7013265889333
2023-08-24 09:00:00,8735.266183213862,33069.000000127024,264.152716537552
2023-08-24 10:00:00,8943.215509044921,34231.00000014187,261.2607142358639
2023-08-24 11:00:00,8451.890619652379,33609.50000011696,251.47326260798187
2023-08-24 12:00:00,8493.131095117005,33227.0000001389,255.6093266043128
2023-08-24 13:00:00,8718.891582692484,33309.50000013919,261.7539015192678
2023-08-24 14:00:00,8163.222203180343,32883.00000010649,248.2505307652558
2023-08-24 15:00:00,7859.110014479928,32433.000000096512,242.31831820850806
2023-08-24 16:00:00,7929.566444479178,32262.500000095773,245.78276464798572
2023-08-24 17:00:00,7861.105064836357,31508.000000097512,249.49552700304775
2023-08-24 18:00:00,8073.282052374112,30598.500000090757,263.8456804206143
2023-08-24 19:00:00,8122.145668095936,29953.500000102627,271.158484586713
2023-08-24 20:00:00,7603.455133381332,28585.500000060965,265.98992962743756
2023-08-24 21:00:00,7036.712613957745,27545.000000033175,255.46242925936724
2023-08-24 22:00:00,6108.880018511557,25888.999999991433,235.9643098811688
2023-08-24 23:00:00,5492.579764288202,25399.999999957046,216.2432978069878
2023-08-25 00:00:00,5247.941115731547,24780.99999994737,211.77277413109613
2023-08-25 01:00:00,5264.775892372788,24162.499999949086,217.89036285085902
2023-08-25 02:00:00,5150.721012917327,23663.999999943415,217.66062427863605
2023-08-25 03:00:00,5326.045418744469,23673.49999995219,224.97921383636663
2023-08-25 04:00:00,5621.764212485833,23871.499999966756,235.50108759372733
2023-08-25 05:00:00,6678.583735087358,25893.000000009964,257.9300867062445
2023-08-25 06:00:00,7918.2092156803965,28578.000000079584,277.07359562104926
2023-08-25 07:00:00,8348.989568565532,29951.500000368145,278.7502985981641
2023-08-25 08:00:00,8342.789959467555,31168.000000112028,267.6716491092649
2023-08-25 09:00:00,8266.801901540359,31942.00000011148,258.8066464689596
2023-08-25 10:00:00,8396.806728708094,32858.50000680069,255.54443224645723
2023-08-25 11:00:00,8281.049536954799,32747.000055849065,252.87963852663475
2023-08-25 12:00:00,8192.444365375046,32986.50000012534,248.3574906505363
2023-08-25 13:00:00,7806.276277309009,31714.50009374632,246.1421827313716
2023-08-25 14:00:00,7551.167059600924,30978.00007119023,243.75902389591528
2023-08-25 15:00:00,7625.723678584243,31060.50006718629,245.51194160072137
2023-08-25 16:00:00,7541.983690435534,31205.000082309245,241.69151323640725
2023-08-25 17:00:00,7983.727486268033,31032.00013043661,257.27402206464564
2023-08-25 18:00:00,7814.855838628131,30264.50000007237,258.2185675827932
2023-08-25 19:00:00,7759.544267698548,29656.50018026009,261.6473360151729
2023-08-25 20:00:00,7365.784018093124,28640.50004666298,257.1807058568219
2023-08-25 21:00:00,6712.752734739096,26962.000097911077,248.97087420673873
2023-08-25 22:00:00,5991.187961329625,24326.500132275218,246.28236403726683
2023-08-25 23:00:00,5011.171770951968,22177.000197953057,225.96256149262697
2023-08-26 00:00:00,4823.419497545981,21175.499999911754,227.78302744048938
2023-08-26 01:00:00,4556.311359704648,21006.5002182477,216.90006961496232
2023-08-26 02:00:00,4379.148401187275,20373.500185106495,214.94335099025034
2023-08-26 03:00:00,4314.34970986399,20054.500178603997,215.1312509132957
2023-08-26 04:00:00,4284.05983544827,19818.50019466333,216.16468417735612
2023-08-26 05:00:00,4403.538392690651,20389.50021632036,215.97088432633225
2023-08-26 06:00:00,4833.396995329464,22106.499999917305,218.6414400899077
2023-08-26 07:00:00,5749.696154909598,24883.500285899096,231.0646046114267
2023-08-26 08:00:00,5884.735995646625,26778.000240828504,219.76009943693066
2023-08-26 09:00:00,5840.881079275077,28124.500230967227,207.67946208138554
2023-08-26 10:00:00,5770.209152418178,28651.00028611575,201.3964292623464
2023-08-26 11:00:00,5243.26827081122,28444.50036852827,184.333287731519
2023-08-26 12:00:00,5253.574524203243,27864.500003774385,188.5400607759558
2023-08-26 13:00:00,4868.13920717215,27304.000397980006,178.29399121794268
2023-08-26 14:00:00,4409.064424239655,26253.00038916021,167.94516279595018
2023-08-26 15:00:00,5126.6643789200325,26752.000357573055,191.6366742821442
2023-08-26 16:00:00,5965.927939823172,27891.000332792224,213.90154059153141
2023-08-26 17:00:00,5964.040100752714,28161.000408367203,211.78367296144344
2023-08-26 18:00:00,5784.848519018599,27032.500117939104,213.99606006769983
2023-08-26 19:00:00,5974.610762120694,25747.000502175233,232.0507494306348
2023-08-26 20:00:00,5773.097813709368,25178.500287525712,229.2868021440323
2023-08-26 21:00:00,5283.670732457778,23298.00036733665,226.7864472980859
2023-08-26 22:00:00,4618.709586583554,21393.50046033748,215.8931211442662
2023-08-26 23:00:00,4146.60677161304,20910.500585733975,198.3026066072292
2023-08-27 00:00:00,3473.812761047619,20143.003084210002,172.45754004628648
2023-08-27 01:00:00,3095.436940610761,19489.50066934588,158.82587210042934
2023-08-27 02:00:00,2893.0130078277257,19302.50057780643,149.87762835008255
2023-08-27 03:00:00,2694.3752479049394,19518.500546563937,138.04212272746847
2023-08-27 04:00:00,2526.838485569907,19995.000560715613,126.37351411404374
2023-08-27 05:00:00,2636.0976344444093,20557.500590538693,128.23045402988518
2023-08-27 06:00:00,3205.063187181307,21639.502213496307,148.1116873928064
2023-08-27 07:00:00,3712.569082142632,23557.000849641692,157.59939500953496
2023-08-27 08:00:00,4039.610989280124,25542.50060916622,158.15252590541047
2023-08-27 09:00:00,4085.154084817842,26931.50060209299,151.68683487693824
2023-08-27 10:00:00,4223.699193822958,28027.00059996491,150.70107765396222
2023-08-27 11:00:00,4534.590286591702,28326.000679639692,160.0857931861556
2023-08-27 12:00:00,3796.2772705200346,28197.50533223252,134.63167134081598
2023-08-27 13:00:00,3782.22494522228,28030.502319032043,134.93247114070587
2023-08-27 14:00:00,3911.237033042264,27645.501934391006,141.47824272912496
2023-08-27 15:00:00,4056.873597439747,27413.002506452678,147.99085202304306
2023-08-27 16:00:00,4933.5634372875775,28142.500887460505,175.30650374735646
2023-08-27 17:00:00,5562.048520408818,28260.501594130783,196.81351025857091
2023-08-27 18:00:00,5500.059089964016,27259.501854878414,201.76667641414417
2023-08-27 19:00:00,5490.142731318634,26679.50363285472,205.78129214359697
2023-08-27 20:00:00,5119.703913458617,25354.500548130545,201.92485762990532
2023-08-27 21:00:00,4637.658903099223,24311.500753722277,190.75987739626325
2023-08-27 22:00:00,3683.203949457942,22371.00437651896,164.64186799426426
2023-08-27 23:00:00,2730.5574777356937,20823.008285698477,131.1317481255135
2023-08-28 00:00:00,2648.672880119666,20383.516999368177,129.94189767162192
2023-08-28 01:00:00,2312.8340110855966,20090.50921190322,115.1207262439764
2023-08-28 02:00:00,1914.7859286044215,19730.504982268383,97.04698031425052
2023-08-28 03:00:00,2074.354820260656,19818.508553361415,104.66755430538315
2023-08-28 04:00:00,2624.094723907558,20450.011903826293,128.31751571824648
2023-08-28 05:00:00,3860.2185185587255,21938.509208801068,175.95628225322267
2023-08-28 06:00:00,5283.24953846056,24561.505720599293,215.10283606226932
2023-08-28 07:00:00,5887.634124134467,26412.506240674513,222.91084649391115
2023-08-28 08:00:00,5922.302046216468,27372.506988942056,216.35950439647195
2023-08-28 09:00:00,5909.519207386439,28356.507444448805,208.40081307485954
2023-08-28 10:00:00,6148.345868153954,28587.00878137344,215.07482350374687
2023-08-28 11:00:00,6183.480081065476,28958.01095222014,213.53262457383676
2023-08-28 12:00:00,5908.5092390002865,28829.508348586023,204.9465834643717
2023-08-28 13:00:00,5685.816418786491,29519.51262321989,192.6121373126621
2023-08-28 14:00:00,5491.393947810228,29374.513532140652,186.94416647280715
2023-08-28 15:00:00,5750.098870138857,29593.01345025222,194.3059594050855
2023-08-28 16:00:00,6824.546548658045,30839.51036530056,221.29231196668948
2023-08-28 17:00:00,7099.936407156771,30273.512819995605,234.5263481437567
2023-08-28 18:00:00,7072.9715327051745,29334.50822650791,241.1143721275592
2023-08-28 19:00:00,7147.282647713941,28728.015776914894,248.7913785350019
2023-08-28 20:00:00,6897.7615225527825,27627.008317793636,249.6745736348935
2023-08-28 21:00:00,6477.156755961994,25739.00916545947,251.6474785149862
2023-08-28 22:00:00,5367.52060342557,23871.51432102058,224.8504443934285
2023-08-28 23:00:00,4529.9362091507,22369.017441397034,202.50939590969298
2023-08-29 00:00:00,4286.882171595867,21931.52036853402,195.4667118174998
2023-08-29 01:00:00,3940.681471311914,21776.017332809315,180.96428796346518
2023-08-29 02:00:00,3631.8171272688924,21596.517771077888,168.16679271010216
2023-08-29 03:00:00,3490.2476076544513,21149.519481753705,165.0272768922995
2023-08-29 04:00:00,3837.502860084911,22289.519221419177,172.1662464750362
2023-08-29 05:00:00,4774.598898918421,24563.51661646075,194.37766071812447
2023-08-29 06:00:00,6079.907363789706,27360.510257134043,222.21469214757855
2023-08-29 07:00:00,6636.091777726937,29144.015827085525,227.6999785170156
2023-08-29 08:00:00,6983.444693498585,30585.514722348504,228.32523032204713
2023-08-29 09:00:00,7092.206987956413,31808.014526091334,222.969182252443
2023-08-29 10:00:00,7354.701371541498,33036.51370339646,222.6234111011952
2023-08-29 11:00:00,6990.0526943236555,33495.51644875051,208.6862193935334
2023-08-29 12:00:00,6567.175869284477,33756.50763277394,194.54547670412612
2023-08-29 13:00:00,6112.147339353676,33214.517524862444,184.02035600181398
2023-08-29 14:00:00,5820.593251393756,33295.51651319428,174.81612724305336
2023-08-29 15:00:00,5617.928242206756,33492.0162072505,167.73932651419662
2023-08-29 16:00:00,6056.467913627469,34029.51484464951,177.97691037548637
2023-08-29 17:00:00,6059.102374365689,33292.016360101916,181.99866024417454
2023-08-29 18:00:00,6016.842400540902,32418.507542367708,185.59899442247607
2023-08-29 19:00:00,6000.568737753979,31724.01488609113,189.14909601763014
2023-08-29 20:00:00,5522.029971692741,30208.00890337543,182.80019677416448
2023-08-29 21:00:00,4758.158520132963,28118.511771334175,169.21800694244908
2023-08-29 22:00:00,3370.292285718634,24584.017445901987,137.09282029005564
2023-08-29 23:00:00,3023.148478646208,23471.017725637415,128.8034679188206
2023-08-30 00:00:00,2477.862268382814,22768.523407932847,108.82841297997808
2023-08-30 01:00:00,2287.7650822995306,22196.01892668438,103.07096465615037
2023-08-30 02:00:00,2117.0505237894176,21846.51752398178,96.90562907637101
2023-08-30 03:00:00,1972.0795500394242,21820.515079299854,90.37731432427313
2023-08-30 04:00:00,2747.4725054719934,23108.01900413263,118.8969294590175
2023-08-30 05:00:00,4040.038252791259,26033.01410197457,155.18903177964424
2023-08-30 06:00:00,5240.406127250361,29273.50826638496,179.01530898050808
2023-08-30 07:00:00,5559.0522644105895,30910.013285915247,179.8463240047742
2023-08-30 08:00:00,5744.874471464484,32645.011022673458,175.9801663866618
2023-08-30 09:00:00,5850.963886643698,33185.512184983716,176.3107905048767
2023-08-30 10:00:00,6704.903772188594,33582.01169077958,199.65759746398757
2023-08-30 11:00:00,6931.9905335026015,33569.01421868344,206.49967521669066
2023-08-30 12:00:00,6969.261307740267,33194.506813446744,209.95224742779106
2023-08-30 13:00:00,6506.348489357257,32406.515065269738,200.77285312082662
2023-08-30 14:00:00,6286.78290730317,32354.013586660403,194.31230349409316
2023-08-30 15:00:00,6592.001270337674,32922.51198698377,200.22777341364122
2023-08-30 16:00:00,6671.384690681213,33393.01176813607,199.78385708374805
2023-08-30 17:00:00,6792.20307809062,33133.513164453034,204.99495614541618
2023-08-30 18:00:00,6792.812466959893,31887.00608850445,213.02760278296438
2023-08-30 19:00:00,6985.597204818292,30757.013207119577,227.12209270051227
2023-08-30 20:00:00,6497.141056680142,28430.0055831816,228.53112137704503
2023-08-30 21:00:00,6100.611127702225,26596.506743714384,229.37640595015347
2023-08-30 22:00:00,5317.579972404475,23725.011200280424,224.1339288531768
2023-08-30 23:00:00,5163.966735793666,22764.010859885322,226.8478418666367
2023-08-31 00:00:00,5075.480927749293,22087.51418765121,229.78959445725752
2023-08-31 01:00:00,4947.7575608277475,21434.01051597423,230.83676091043753
2023-08-31 02:00:00,4832.644640140905,21074.511067489842,229.31230170249995
2023-08-31 03:00:00,5020.891595020979,21072.011149883438,238.2730133971457
2023-08-31 04:00:00,5955.696472601972,22897.007030858367,260.1080772074473
2023-08-31 05:00:00,7068.8470951561585,25726.002691102,274.77440549289463
2023-08-31 06:00:00,7738.5491553029215,27279.003422358237,283.68152001331185
2023-08-31 07:00:00,8328.201279742234,30506.00604304838,273.00202025758267
2023-08-31 08:00:00,8375.943030103339,32217.00488985305,259.98515562635043
2023-08-31 09:00:00,8487.183764107356,33202.002615420024,255.62264609200557
2023-08-31 10:00:00,8638.649451304671,33800.001856646704,255.58133067397736
2023-08-31 11:00:00,8465.138366512096,34068.003640917355,248.4776758784024
2023-08-31 12:00:00,8212.4028716273,33719.5023722595,243.55053585795247
2023-08-31 13:00:00,7944.356962978502,32591.004108244204,243.75919614483132
2023-08-31 14:00:00,7906.658442634266,32310.001539982848,244.7124130542045
2023-08-31 15:00:00,7885.970876839026,32129.001193093416,245.44712203920696
2023-08-31 16:00:00,7964.853778873768,32262.50117542627,246.87651262886104
2023-08-31 17:00:00,7976.236078912683,32228.001687752912,247.49396987725007
2023-08-31 18:00:00,7842.076276582656,31493.50098595392,249.0061768642431
2023-08-31 19:00:00,7638.1298383180365,30564.501281099914,249.90199473796764
2023-08-31 20:00:00,7309.0034304571545,28785.000663019404,253.91708397099882
2023-08-31 21:00:00,6656.4416985422695,26552.500652791456,250.68982336480917
2023-08-31 22:00:00,5541.025092136909,24223.500811353166,228.7458421179122
2023-08-31 23:00:00,5189.052877080948,22504.50096151656,230.5784467717991
2023-09-01 00:00:00,5124.441408985984,21952.00382676371,233.43843456961795
2023-09-01 01:00:00,5134.852191129823,22194.500908518432,231.35695694598948
2023-09-01 02:00:00,4993.429334706787,21963.50093546414,227.35124738897932
2023-09-01 03:00:00,5141.37041588416,22172.50093692616,231.88049153813333
2023-09-01 04:00:00,5542.360853968678,22350.000895350706,247.9803414737944
2023-09-01 05:00:00,6266.036715651685,24782.000772718427,252.84628037578506
2023-09-01 06:00:00,7215.4476105396125,28148.00086177591,256.339611682262
2023-09-01 07:00:00,7859.070271546128,30297.501191278407,259.3966486519516
2023-09-01 08:00:00,7867.399830286577,31656.001196892852,248.52791043799903
2023-09-01 09:00:00,7864.915702332212,32231.001288727257,244.01710737677126
2023-09-01 10:00:00,7836.145412515126,32953.501428488285,237.79401498563615
2023-09-01 11:00:00,7544.032072150225,33810.501318205366,223.1268918833841
2023-09-01 12:00:00,7346.073722807644,33131.501181780775,221.72474716742678
2023-09-01 13:00:00,7495.336370652544,32711.001354517746,229.13808994775258
2023-09-01 14:00:00,7366.6195757571495,32455.50125018886,226.97599149587262
2023-09-01 15:00:00,7396.436771077178,31851.50126440907,232.2162685418527
2023-09-01 16:00:00,7582.248243386984,32067.501316231057,236.44649355792518
2023-09-01 17:00:00,7879.528879748976,32257.501395840387,244.26965942145299
2023-09-01 18:00:00,8032.582296883537,31309.5014547076,256.5541424702495
2023-09-01 19:00:00,7902.7958208526425,30181.501398277116,261.8423688260839
2023-09-01 20:00:00,7126.507494778712,27740.000940055008,256.9036500820169
2023-09-01 21:00:00,6621.904748651926,26517.00088636469,249.72299005567314
2023-09-01 22:00:00,5961.669147054154,23980.000978030745,248.6100460344406
2023-09-01 23:00:00,5681.063391107057,22957.001029430274,247.46539775923182
2023-09-02 00:00:00,5044.44675364968,21337.501131022145,236.41225477502917
2023-09-02 01:00:00,4994.718576490256,21261.00114077037,234.9239597618157
2023-09-02 02:00:00,4862.939855131588,21031.00115818626,231.2272163628645
2023-09-02 03:00:00,4768.249120490954,20794.501181337375,229.30336625580404
2023-09-02 04:00:00,4950.215211763652,20854.501164745838,237.36914983763327
2023-09-02 05:00:00,5040.101424150034,21382.001138604443,235.71701224214746
2023-09-02 06:00:00,5487.25776249111,22728.501005773764,241.42629384565095
2023-09-02 07:00:00,6356.074284066349,25496.50109034155,249.29202095397017
2023-09-02 08:00:00,6823.433630388779,27920.50112849029,244.3879355527074
2023-09-02 09:00:00,6814.631959365021,29082.501147631585,234.32069768593442
2023-09-02 10:00:00,6654.8157660016595,29414.50115654772,226.24268657774894
2023-09-02 11:00:00,6086.860301748928,29334.501152887155,207.49834026578796
2023-09-02 12:00:00,5507.098802219455,29194.001004914655,188.63802879544892
2023-09-02 13:00:00,5049.528348414933,28284.001115271294,178.52949191437264
2023-09-02 14:00:00,4968.536314402678,27316.001179595325,181.89105651796888
2023-09-02 15:00:00,5719.628991851875,28459.001327565184,200.97785322887924
2023-09-02 16:00:00,6354.431233961795,29313.501499096536,216.77489583281763
2023-09-02 17:00:00,6611.226570000354,29123.501562306632,227.00658284019653
2023-09-02 18:00:00,6511.73173618674,28763.001242422262,226.39263828221974
2023-09-02 19:00:00,6574.09962103012,28412.001526889984,231.38460044105628
2023-09-02 20:00:00,6462.340906164188,27258.001352023377,237.08051161588503
2023-09-02 21:00:00,6018.317830696883,25898.501345288376,232.38093009546958
2023-09-02 22:00:00,3848.115480855435,22161.501040305175,173.63965887765718
2023-09-02 23:00:00,2561.151492706875,20551.50089798002,124.62114107484031
2023-09-03 00:00:00,1945.87391848474,20008.50060859661,97.25236071156174
2023-09-03 01:00:00,1164.8654741285889,19291.001961384995,60.38387619576798
2023-09-03 02:00:00,1161.030048722003,19754.089223755684,58.774162431431286
2023-09-03 03:00:00,1142.9149527457423,19364.788982121092,59.020263727167915
2023-09-03 04:00:00,1157.8226434408077,19317.00171638961,59.93801007215562
2023-09-03 05:00:00,1615.8718542540528,19911.001039493534,81.15472702999541
2023-09-03 06:00:00,2348.6570558816193,21400.00062429205,109.75032651240014
2023-09-03 07:00:00,3050.335250543708,23852.001347820427,127.885924793579
2023-09-03 08:00:00,3603.848028078468,26326.50143154336,136.89050318552702
2023-09-03 09:00:00,3565.3817264798245,27536.501464343433,129.47838457607182
2023-09-03 10:00:00,3626.011547576226,28703.50151141046,126.32645345149903
2023-09-03 11:00:00,3141.865323688259,29774.501510875034,105.52201260332448
2023-09-03 12:00:00,2951.194396868071,29731.50111429798,99.26153360110136
2023-09-03 13:00:00,2633.135439601494,28919.50123791609,91.05051355966037
2023-09-03 14:00:00,2491.277311107862,28639.501171704305,86.98745471060202
2023-09-03 15:00:00,2939.4748649599537,28922.00144576851,101.63455909065446
2023-09-03 16:00:00,4024.7478931254,30529.001603448072,131.83359041360947
2023-09-03 17:00:00,4616.364660095144,30277.001591238382,152.4709983643505
2023-09-03 18:00:00,4922.264985269672,28960.00132019039,169.96770583148964
2023-09-03 19:00:00,5696.107464944322,29272.501604670237,194.5890222117383
2023-09-03 20:00:00,5444.107770608911,27861.50132207262,195.39893804272293
2023-09-03 21:00:00,4752.911138425622,25504.00128513472,186.35942985134284
2023-09-03 22:00:00,3726.6920096712233,23227.50120127014,160.44308758737412
2023-09-03 23:00:00,3303.3745914147917,22156.00126122532,149.09615469267675
2023-09-04 00:00:00,3158.1322157922523,21640.501386724798,145.93618508901946
2023-09-04 01:00:00,3155.665211313731,21535.5013511199,146.53316678646206
2023-09-04 02:00:00,3088.896725615045,21101.501417660937,146.38279354993136
2023-09-04 03:00:00,3048.260823237813,20957.001468492803,145.45309966316663
2023-09-04 04:00:00,3616.2710674384643,22394.00139220043,161.48391723767463
2023-09-04 05:00:00,4909.947090186322,25643.00128179431,191.473183510396
2023-09-04 06:00:00,6105.3038860159395,28725.001421973073,212.5432057018355
2023-09-04 07:00:00,6844.680565053639,31354.001827043743,218.30325209555554
2023-09-04 08:00:00,7077.92068264372,33087.5018615793,213.91523337887568
2023-09-04 09:00:00,6689.239414883795,33660.001821607846,198.72962129757448
2023-09-04 10:00:00,6684.5464621540195,34545.0018639723,193.5025648131596
2023-09-04 11:00:00,6410.593136325157,35090.501851471265,182.6874167676338
2023-09-04 12:00:00,6119.331755084312,34875.50151193431,175.4621866294967
2023-09-04 13:00:00,5856.603862562123,34474.00169993979,169.88465434148748
2023-09-04 14:00:00,5778.182398623669,33727.001702582886,171.3221486326537
2023-09-04 15:00:00,6116.572008406997,33841.001821365135,180.74441296668022
2023-09-04 16:00:00,6966.184393531461,34897.50200793886,199.61842517973685
2023-09-04 17:00:00,7403.3626446623075,34491.00207625676,214.64620332845314
2023-09-04 18:00:00,7577.705274955502,33442.00195604937,226.59245355330054
2023-09-04 19:00:00,7497.512435622902,32674.0019019347,229.46416108211582
2023-09-04 20:00:00,6831.484377103494,30962.50152374974,220.63735295623366
2023-09-04 21:00:00,5772.010633276401,28285.001317310376,204.0661256658291
2023-09-04 22:00:00,5100.736303409324,25893.001371759477,196.99285649335752
2023-09-04 23:00:00,4718.74924070664,24317.001460532432,194.05144373435098
2023-09-05 00:00:00,4764.506497162579,23761.501450675038,200.5136967902853
2023-09-05 01:00:00,4682.309051166378,23741.001484944296,197.22458019034
2023-09-05 02:00:00,4633.089624425038,23332.50151759548,198.56806270562709
2023-09-05 03:00:00,4905.982403496579,23224.001487399637,211.2462146610849
2023-09-05 04:00:00,5318.139831292981,24058.501425646074,221.05033631163363
2023-09-05 05:00:00,6158.434527568738,26242.001370126352,234.67853845093697
2023-09-05 06:00:00,6919.545651712872,29110.50166622744,237.6992925457065
2023-09-05 07:00:00,7335.020906638361,32090.50186182013,228.57295713923526
2023-09-05 08:00:00,7455.244448668982,33859.00196884052,220.18500295814482
2023-09-05 09:00:00,7398.572993144016,34614.5020628857,213.74200269305337
2023-09-05 10:00:00,7247.612302094258,35553.002034547644,203.85373631885125
2023-09-05 11:00:00,6916.730288886851,36343.50194732686,190.31545993865322
2023-09-05 12:00:00,6320.842640675968,36201.00163199446,174.60408153705902
2023-09-05 13:00:00,5912.656253389242,35134.50178167299,168.28632693102332
2023-09-05 14:00:00,6104.31061457647,35370.501802161496,172.5819624703044
2023-09-05 15:00:00,6839.94725798043,36238.50202644767,188.74806836630506
2023-09-05 16:00:00,7680.667938149286,36708.00236070703,209.23688144824857
2023-09-05 17:00:00,8155.71254105034,36333.002653068834,224.47119548379732
2023-09-05 18:00:00,8046.944163938414,35011.503014027054,229.83715268420426
2023-09-05 19:00:00,7963.655078762671,34847.50219642617,228.52872018986182
2023-09-05 20:00:00,7324.767951381879,33213.00181068615,220.53917297608325
2023-09-05 21:00:00,6499.363735943739,30527.501387507058,212.9019225465832
2023-09-05 22:00:00,6295.0606820256835,28384.501310557567,221.7780968969938
2023-09-05 23:00:00,5609.351984851441,26418.001391792102,212.33067186506506
2023-09-06 00:00:00,5282.018993105824,25399.001411356556,207.96167957784732
2023-09-06 01:00:00,5213.841030412888,24813.501423757745,210.12113290149708
2023-09-06 02:00:00,5151.319457629046,24293.501456219135,212.04516223865738
2023-09-06 03:00:00,5401.433051738766,24147.501444129597,223.68496650620915
2023-09-06 04:00:00,6273.920633484369,25762.501352182422,243.52917240906368
2023-09-06 05:00:00,6948.760064776084,27544.50127274647,252.2739473831548
2023-09-06 06:00:00,7877.936131707724,30223.00204750855,260.6602785297149
2023-09-06 07:00:00,8281.20458087764,32191.501854909013,257.24815879054137
2023-09-06 08:00:00,8544.09520274454,33918.50193417356,251.90072425150933
2023-09-06 09:00:00,8528.509802839337,34705.50213738859,245.73941529725013
2023-09-06 10:00:00,8439.572530727548,35415.00204141006,238.30501325001543
2023-09-06 11:00:00,8277.765975679746,35793.00208638257,231.26771975433203
2023-09-06 12:00:00,8248.784346259992,35895.002249999336,229.80314331252467
2023-09-06 13:00:00,8000.03489000175,34937.50221643375,228.98130611749139
2023-09-06 14:00:00,8060.611550917598,34682.50227985457,232.41147613503156
2023-09-06 15:00:00,8619.61825906657,35385.00258030565,243.59524178370472
2023-09-06 16:00:00,9034.46649760738,35494.502781976924,254.53142851728632
2023-09-06 17:00:00,9336.840073412488,34705.5028925779,269.0305368088834
2023-09-06 18:00:00,9474.85921400623,33742.00318667873,280.80310352607887
2023-09-06 19:00:00,9105.431537059547,32503.002447124418,280.1412439319161
2023-09-06 20:00:00,8664.766307016152,30439.00203002911,284.6599996434859
2023-09-06 21:00:00,7759.24370388633,27967.50159113712,277.43785688547985
2023-09-06 22:00:00,6234.344200426242,24832.001465437457,251.0608824304213
2023-09-06 23:00:00,5847.734589050676,23796.001565160717,245.74441941591712
2023-09-07 00:00:00,5988.6799503904585,23552.50132863704,254.26938170295043
2023-09-07 01:00:00,6064.714388886939,23335.001565886614,259.8977493857524
2023-09-07 02:00:00,6121.904976956338,23463.00152500277,260.9173839260369
2023-09-07 03:00:00,6211.061424729948,23451.001526215758,264.852715044457
2023-09-07 04:00:00,6355.393165816862,24168.001553313617,262.9672607309763
2023-09-07 05:00:00,7032.026995010443,26775.501507000947,262.6291422841059
2023-09-07 06:00:00,7442.890624212995,29171.501523533305,255.14252731244048
2023-09-07 07:00:00,8104.907985290267,31864.5021744167,254.35539337556378
2023-09-07 08:00:00,8244.630904389796,33543.50219415545,245.7892099837543
2023-09-07 09:00:00,8201.657717101625,34334.50223662339,238.87510180221017
2023-09-07 10:00:00,7978.34086442215,35403.5021987695,225.35456576099548
2023-09-07 11:00:00,7883.32562604045,35755.50226796957,220.47867114154556
2023-09-07 12:00:00,7580.3187520326355,35700.50165253759,212.33087494987137
2023-09-07 13:00:00,7401.899688632256,35299.00215262927,209.69147106842283
2023-09-07 14:00:00,7591.419276778213,34800.00222605022,218.1442181373054
2023-09-07 15:00:00,7893.777812872721,34805.002353992924,226.80009421022567
2023-09-07 16:00:00,7938.135584117379,34724.00242591794,228.60658419354235
2023-09-07 17:00:00,8317.90496545432,34159.50259212636,243.50193457944454
2023-09-07 18:00:00,8391.995805778393,33381.002204281,251.4003550409325
2023-09-07 19:00:00,8513.960938008293,32851.00230875973,259.16898540834
2023-09-07 20:00:00,7963.579993989651,30927.001875473805,257.4960232503186
2023-09-07 21:00:00,7310.147125981488,28099.001638191196,260.15682763781143
2023-09-07 22:00:00,6607.945560570514,25580.001674613144,258.3246727121432
2023-09-07 23:00:00,6518.232751693529,24487.00187504048,266.19154051429797
2023-09-08 00:00:00,6674.2050944849225,24295.004323161666,274.71512273500866
2023-09-08 01:00:00,6682.053316557092,23965.00190497747,278.82548655960034
2023-09-08 02:00:00,6717.765636581656,23712.50167860333,283.3005866539735
2023-09-08 03:00:00,6862.194909509778,23892.001676044874,287.21724544285894
2023-09-08 04:00:00,7331.699323062167,24962.50167015922,293.70851607499975
2023-09-08 05:00:00,8084.614392693864,26874.501803647752,300.82843774229576
2023-09-08 06:00:00,8706.22532384269,28997.004592532958,300.2456786893304
2023-09-08 07:00:00,9243.910002023664,31630.502968011264,292.24669653126494
2023-09-08 08:00:00,9413.636396139887,33304.00238577189,282.6578105267484
2023-09-08 09:00:00,9298.433333078186,34067.0024110828,272.9454508757479
2023-09-08 10:00:00,9490.557749005773,35383.002548501165,268.22364031985734
2023-09-08 11:00:00,9176.987635420199,35552.00323506551,258.1285666167129
2023-09-08 12:00:00,8836.443762197385,35095.502756901304,251.78279460492286
2023-09-08 13:00:00,8523.311985898208,34338.50475444725,248.2144183868209
2023-09-08 14:00:00,8317.724151442193,33282.00332126252,249.91657116169858
2023-09-08 15:00:00,8351.762002744705,33373.00443471005,250.25502331034784
2023-09-08 16:00:00,8620.134634588489,33079.0034660399,260.5923314297612
2023-09-08 17:00:00,8896.341309866679,32446.005696932687,274.18910644855436
2023-09-08 18:00:00,9025.664610067239,31714.00296450361,284.5955655667105
2023-09-08 19:00:00,8740.993269856182,30992.005710824244,282.04025745914566
2023-09-08 20:00:00,8339.53890189867,29470.0029651032,282.9839858439752
2023-09-08 21:00:00,7922.9460908956025,27705.50258996062,285.97012687893147
2023-09-08 22:00:00,7160.516455279776,25813.003744881942,277.39958224348544
2023-09-08 23:00:00,6584.547829339892,24080.005061338084,273.4446198232651
2023-09-09 00:00:00,5892.952208012408,23079.512949215463,255.3326069306296
2023-09-09 01:00:00,5377.234846809364,22283.00894105258,241.31547319458915
2023-09-09 02:00:00,5149.444626804497,22202.508289459252,231.93076023978878
2023-09-09 03:00:00,5031.775791192466,22228.00834096898,226.3709691847775
2023-09-09 04:00:00,5122.608160214463,22302.50742803744,229.6875441805531
2023-09-09 05:00:00,5196.515456584483,22686.50770729235,229.0575316232615
2023-09-09 06:00:00,5594.858344384325,24137.51247134365,231.79100791875757
2023-09-09 07:00:00,6519.7565262737335,27276.508890636273,239.0245963079203
2023-09-09 08:00:00,6904.998658398612,29596.506585750543,233.30451647705863
2023-09-09 09:00:00,6546.62141500859,30732.50723643354,213.01943784292152
2023-09-09 10:00:00,6435.456521761804,31254.507279922425,205.9049104221801
2023-09-09 11:00:00,5701.858022127753,31680.51003829908,179.97999448981994
2023-09-09 12:00:00,5226.546468928731,31253.01010272312,167.2333785369792
2023-09-09 13:00:00,4817.695808118388,30592.51345696412,157.47956815956493
2023-09-09 14:00:00,4863.888831666105,30048.512725201796,161.8678726680121
2023-09-09 15:00:00,5311.889340530422,30237.51101975301,175.6721754333671
2023-09-09 16:00:00,6637.058730985062,31849.507670135597,208.3881107276408
2023-09-09 17:00:00,7274.107521548694,31428.50974960639,231.4493299078489
2023-09-09 18:00:00,7651.511323761312,30924.00462719077,247.42951037568767
2023-09-09 19:00:00,7701.991344533916,29664.00735668042,259.6409598988117
2023-09-09 20:00:00,7580.427639024269,28319.00425531714,267.6798792316639
2023-09-09 21:00:00,7228.730337978662,27103.00432571753,266.713248874755
2023-09-09 22:00:00,6177.331550040713,24773.008575966986,249.35734111978317
2023-09-09 23:00:00,5468.658522872788,22968.01240835657,238.0989014479589
2023-09-10 00:00:00,5310.820082716744,22262.015728675866,238.559712985731
2023-09-10 01:00:00,5233.669395365495,22347.011083027883,234.19997313825849
2023-09-10 02:00:00,5190.9541920400925,22063.510234467594,235.2732696146776
2023-09-10 03:00:00,5182.182627431577,21861.01017444936,237.05137988034934
2023-09-10 04:00:00,5415.096577594853,21835.00863462211,248.0006611496616
2023-09-10 05:00:00,5412.823593021053,21888.009721933402,247.296289694033
2023-09-10 06:00:00,5582.861393625186,22529.51291724897,247.80213465471127
2023-09-10 07:00:00,6425.9926905443535,25472.010318879366,252.27662089087372
2023-09-10 08:00:00,7061.3807400501,27972.5075213385,252.44003365316493
2023-09-10 09:00:00,7162.15369238375,29167.506828789592,245.55248189106086
2023-09-10 10:00:00,7050.67827864562,30029.50715640528,234.79167479915543
2023-09-10 11:00:00,7084.213161834797,30972.508051556808,228.7258477757895
2023-09-10 12:00:00,6910.561299787174,31147.00625282929,221.8691980761214
2023-09-10 13:00:00,6780.498348105489,30611.00979644682,221.50521636475176
2023-09-10 14:00:00,6627.6028416376275,30548.50926225594,216.95339647314083
2023-09-10 15:00:00,6663.936065408433,30795.50740225804,216.39312443735895
2023-09-10 16:00:00,7242.730253976459,32069.004485677255,225.84830337378344
2023-09-10 17:00:00,7354.275382931896,31928.007497018098,230.33931521153474
2023-09-10 18:00:00,7834.858308274914,31879.00186504426,245.76862040545683
2023-09-10 19:00:00,7865.25305490451,30756.002394432282,255.73066857116467
2023-09-10 20:00:00,7690.729554372519,29406.001139648946,261.53605578158295
2023-09-10 21:00:00,6449.251241375824,27306.001564783557,236.18438701378375
2023-09-10 22:00:00,5679.522333713122,24119.004582553833,235.4791348985161
2023-09-10 23:00:00,5120.596905260074,23908.50402535132,214.17470954395398
2023-09-11 00:00:00,3990.033234252456,24010.509703713662,166.17861442713667
2023-09-11 01:00:00,2955.409396032486,23681.50601738385,124.79820303079596
2023-09-11 02:00:00,2368.6637864447853,23421.50679786919,101.13199833327027
2023-09-11 03:00:00,2861.3314684970856,24174.50530225871,118.36153140348819
2023-09-11 04:00:00,3576.702267608921,25735.00282849583,138.98200406057515
2023-09-11 05:00:00,4789.952143276544,29139.50082700833,164.3800342261496
2023-09-11 06:00:00,6093.970172818021,31606.00131653256,192.81053973855174
2023-09-11 07:00:00,6603.42314513264,32465.001414703234,203.4012893078755
2023-09-11 08:00:00,7173.762756965142,33824.50031140915,212.087767473845
2023-09-11 09:00:00,7565.460841517576,34455.5003909411,219.57193352811254
2023-09-11 10:00:00,8030.050877524221,34865.000458013645,230.31839300258866
2023-09-11 11:00:00,8002.806651106132,35331.00085820006,226.50948053312055
2023-09-11 12:00:00,7885.396061406346,35120.500210181,224.5240248349443
2023-09-11 13:00:00,7564.095883777608,34543.50065339334,218.9730554431969
2023-09-11 14:00:00,7133.015134944199,33750.00015320992,211.34859563151107
2023-09-11 15:00:00,7430.727508103377,34201.000095141535,217.26638073250254
2023-09-11 16:00:00,8265.780485649062,35209.50027602831,234.7599489015371
2023-09-11 17:00:00,8850.98450326782,34924.500646474706,253.43195577404032
2023-09-11 18:00:00,9158.3945442657,34269.00086787139,267.25011854232594
2023-09-11 19:00:00,8874.85757872185,33205.500060260165,267.2707100515298
2023-09-11 20:00:00,8336.36049024642,30903.000000098393,269.75893894508226
2023-09-11 21:00:00,7616.214156824071,28700.500000058903,265.3686924202868
2023-09-11 22:00:00,6786.943995161217,26831.50000001968,252.94687196601902
2023-09-11 23:00:00,6483.225117624813,25901.5000093963,250.30307570113274
2023-09-12 00:00:00,6277.826639631061,25399.50001345565,247.1633944095481
2023-09-12 01:00:00,6022.221272659423,24994.499999983494,240.94185811532137
2023-09-12 02:00:00,5872.3883454768775,24408.499999976182,240.58784216492646
2023-09-12 03:00:00,6090.835641703482,24824.49999998457,245.35582354960894
2023-09-12 04:00:00,6700.846591816701,26613.500000011074,251.78374102669372
2023-09-12 05:00:00,7554.439340746627,28877.00000005187,261.60748487491975
2023-09-12 06:00:00,8365.185318951486,30773.500000120628,271.83080634047786
2023-09-12 07:00:00,8501.673511525396,31389.500000111268,270.8445025086497
2023-09-12 08:00:00,8682.44649218751,32865.5000001094,264.18117759226567
2023-09-12 09:00:00,8712.845222581962,33745.50000011592,258.1928026715275
2023-09-12 10:00:00,9003.91879299816,33993.50000013973,264.8717782211644
2023-09-12 11:00:00,8940.792954503571,34497.000000138665,259.1759560097293
2023-09-12 12:00:00,8725.080908797221,34293.50000014703,254.4237511120128
2023-09-12 13:00:00,8216.977704874016,33758.00000013518,243.4083092849432
2023-09-12 14:00:00,8280.302394698487,34278.50000014292,241.5596480203032
2023-09-12 15:00:00,8264.834609413389,35260.50000013391,234.39357381154554
2023-09-12 16:00:00,8223.244874291688,35872.00000012792,229.23853909072156
2023-09-12 17:00:00,7876.602499599638,35630.500000101594,221.0634849237922
2023-09-12 18:00:00,7996.20440313035,35631.5000001158,224.4139147412925
2023-09-12 19:00:00,7777.6528519885815,34622.000000085056,224.64481693632587
2023-09-12 20:00:00,7156.992425404501,32887.50000004757,217.62044623015277
2023-09-12 21:00:00,6290.028186399361,30441.500000003336,206.62674922059267
2023-09-12 22:00:00,4232.096412522172,25148.499999889133,168.2842480681086
2023-09-12 23:00:00,3431.420518916785,23350.499999828735,146.952764135327
2023-09-13 00:00:00,3607.561080302086,24022.999999826156,150.17113101312043
2023-09-13 01:00:00,3588.590001835957,23379.99999985534,153.48973489555866
2023-09-13 02:00:00,3294.607273663467,22799.99999982712,144.50031902142317
2023-09-13 03:00:00,3502.2309236305323,22987.499999839307,152.35371065383424
2023-09-13 04:00:00,4137.717522081035,24535.99999987984,168.63863392978882
2023-09-13 05:00:00,5395.397128489585,27534.49999996136,195.9504304961832
2023-09-13 06:00:00,6280.5889149642835,29898.000000020635,210.06719228576992
2023-09-13 07:00:00,6897.999665908265,31814.000000054173,216.82277192105738
2023-09-13 08:00:00,7406.3979410767715,33031.00000006728,224.22566501352324
2023-09-13 09:00:00,7426.124377240642,33527.00000006933,221.49683470711025
2023-09-13 10:00:00,7689.193407581617,33347.00000007079,230.58126390875626
2023-09-13 11:00:00,7679.008851442756,33473.50000007124,229.40561493200335
2023-09-13 12:00:00,7488.944910228252,33188.50000007396,225.64879130456524
2023-09-13 13:00:00,7025.533684898932,31995.500000075906,219.57880592215358
2023-09-13 14:00:00,7440.726768625401,32190.500000081676,231.14666651982796
2023-09-13 15:00:00,7951.281624488729,33894.50000010177,234.58914055274028
2023-09-13 16:00:00,8787.75892262147,35445.500000136824,247.92311922775946
2023-09-13 17:00:00,8219.870121127778,35289.50000008779,232.92679468701255
2023-09-13 18:00:00,7573.581307647442,34331.00000006077,220.6047393793958
2023-09-13 19:00:00,6698.834462600726,33335.00000001791,200.95498612860735
2023-09-13 20:00:00,5859.1844125365715,32468.49999997984,180.45750227267075
2023-09-13 21:00:00,4309.004193164717,29959.99999988973,143.82524009280965
2023-09-13 22:00:00,2248.682049516313,26248.999999405787,85.66734159652626
2023-09-13 23:00:00,1265.452153334049,25154.99999900594,50.30618777118093
2023-09-14 00:00:00,927.595987158723,25449.39972073167,36.448639156038
2023-09-14 01:00:00,927.593572764399,25981.0196361957,35.702739374867086
2023-09-14 02:00:00,953.3506314317461,26510.567897244175,35.961154628107714
2023-09-14 03:00:00,950.8072101971172,26160.969012285,36.34449510454391
2023-09-14 04:00:00,929.7167585947705,24820.992314472933,37.45687307000453
2023-09-14 05:00:00,1417.6479711445484,27470.499999151278,51.60619468842386
2023-09-14 06:00:00,3423.9736428399387,30522.999999870353,112.17683854321272
2023-09-14 07:00:00,5105.918045994216,31602.499999954638,161.56690280837103
2023-09-14 08:00:00,5382.195743849602,32986.49999996481,163.16358946403355
2023-09-14 09:00:00,5400.678261566496,34174.49999996085,158.03240022744103
2023-09-14 10:00:00,6303.949610996734,34681.00000000186,181.76954560123397
2023-09-14 11:00:00,5962.099364660155,34677.499999987565,171.9299074230349
2023-09-14 12:00:00,5709.507214867748,34307.99999998176,166.41912133819469
2023-09-14 13:00:00,5579.549153563582,33849.99999998567,164.83158503887577
2023-09-14 14:00:00,6036.105451277608,33811.50000000622,178.52226169429034
2023-09-14 15:00:00,6776.432793289274,34529.5000000359,196.25053340715124
2023-09-14 16:00:00,7143.453351446897,34139.000000043205,209.24612177971986
2023-09-14 17:00:00,7437.873536668775,33337.50000005163,223.10831756002267
2023-09-14 18:00:00,7823.364299048359,33584.00000006891,232.94915135279615
2023-09-14 19:00:00,7790.240838911273,31960.50000005976,243.74590006090978
2023-09-14 20:00:00,7266.67681187743,29721.000000034117,244.4963766989364
2023-09-14 21:00:00,6490.990761375816,27282.000000000782,237.9221010694095
2023-09-14 22:00:00,4977.125201185493,23874.999999954525,208.465977013402
2023-09-14 23:00:00,4702.045189217511,22740.99999994012,206.7651022043838
2023-09-15 00:00:00,4761.4895365690145,22748.999999904023,209.30544360583337
2023-09-15 01:00:00,4564.695505347746,23048.499999979707,198.04740027992125
2023-09-15 02:00:00,4387.393588585282,23157.99999997942,189.45477107648244
2023-09-15 03:00:00,4644.634267538848,23288.999999944863,199.4346802159751
2023-09-15 04:00:00,4879.311497558292,23444.999999924094,208.11735967473192
2023-09-15 05:00:00,5928.553604185934,26123.49999997497,226.94331173815203
2023-09-15 06:00:00,6936.123253518953,28696.50000003025,241.7062447863552
2023-09-15 07:00:00,7704.308041973114,31164.500000077052,247.214235490833
2023-09-15 08:00:00,8078.526373925803,32707.5000001201,246.9930864143129
2023-09-15 09:00:00,8271.13539572516,33580.50000012289,246.30769034692426
2023-09-15 10:00:00,8372.007498918565,34411.50000013354,243.29097827430002
2023-09-15 11:00:00,8102.927233354686,34670.00000012249,233.71581290239567
2023-09-15 12:00:00,7668.338651312944,34310.00000007373,223.50156372184395
2023-09-15 13:00:00,7247.129535820879,33053.0000000883,219.25784454668315
2023-09-15 14:00:00,7332.7021724672895,32202.500000102133,227.7059909151163
2023-09-15 15:00:00,7240.540963033311,31930.500000072425,226.75939816216118
2023-09-15 16:00:00,7578.534227188478,33806.0000000666,224.17719420143018
2023-09-15 17:00:00,7389.302780954905,33219.500000054904,222.43871162849206
2023-09-15 18:00:00,7187.08896573567,32647.500000045882,220.1420925254788
2023-09-15 19:00:00,6719.086472754008,31430.000000017462,213.77939779669984
2023-09-15 20:00:00,5630.43636649793,28321.499999971755,198.80431356049453
2023-09-15 21:00:00,4473.2782198079085,25904.99999991634,172.680108852436
2023-09-15 22:00:00,3664.584838907008,23883.49999986401,153.4358380860374
2023-09-15 23:00:00,3101.449840973844,21991.49999979729,141.02948143611997
2023-09-16 00:00:00,3000.1415980109055,21633.49999970741,138.68036138634443
2023-09-16 01:00:00,3016.6829193734243,21623.999999778738,139.50623933612152
2023-09-16 02:00:00,2958.318275578963,21674.49999976799,136.4884207529876
2023-09-16 03:00:00,2861.732926509638,21725.999999726715,131.7192730620287
2023-09-16 04:00:00,3106.52832425948,22225.499999774336,139.77315805228326
2023-09-16 05:00:00,3231.4840597354637,23010.499999789346,140.43519522674634
2023-09-16 06:00:00,3461.2358933224186,24235.499999773005,142.8167726415728
2023-09-16 07:00:00,3996.7324809892757,26481.499999839478,150.9254566778129
2023-09-16 08:00:00,4451.552233043724,28355.499999856645,156.9907860226845
2023-09-16 09:00:00,4624.345704864322,29446.499999873166,157.04228702508755
2023-09-16 10:00:00,4838.805360658332,29947.499999882915,161.57627049594288
2023-09-16 11:00:00,4923.911770249158,30044.499999923057,163.88729285765342
2023-09-16 12:00:00,4797.769469363904,29784.499999897707,161.0827601396828
2023-09-16 13:00:00,4183.010584894237,28999.999999861684,144.2417443073858
2023-09-16 14:00:00,4109.72600964403,28079.999999914893,146.35776387665547
2023-09-16 15:00:00,4559.593399128598,29071.49999995491,156.84066522661954
2023-09-16 16:00:00,5082.353792595128,30991.999999980453,163.98921633319353
2023-09-16 17:00:00,5349.071332269308,31430.99999999136,170.18457358247522
2023-09-16 18:00:00,5341.709231744133,31423.49999996977,169.99090590638446
2023-09-16 19:00:00,4853.468266875618,30322.499999956035,160.06161322063338
2023-09-16 20:00:00,4537.4465190347555,28687.499999925472,158.1680703807074
2023-09-16 21:00:00,3584.899424417713,25931.999999863587,138.24230388849955
2023-09-16 22:00:00,2585.863071064507,22928.499999661275,112.77942608991901
2023-09-16 23:00:00,2135.2127330002845,21937.99999921695,97.3294162219208
2023-09-17 00:00:00,2125.0130928290096,21715.499999111882,97.85697280356972
2023-09-17 01:00:00,1935.524230395354,21770.99999895963,88.90378165852955
2023-09-17 02:00:00,1895.5340793043742,21507.999998900388,88.13158263907778
2023-09-17 03:00:00,1895.867346718004,21448.49999892361,88.39160532499466
2023-09-17 04:00:00,1793.7677904884945,21667.999998694788,82.78418823133401
2023-09-17 05:00:00,1807.3328934635276,22188.9999987161,81.4517505776783
2023-09-17 06:00:00,1634.4092011706548,23531.49999700341,69.4562268184683
2023-09-17 07:00:00,1872.6361067058663,25468.4999980319,73.52753820800503
2023-09-17 08:00:00,1917.7019015671335,27181.49999822233,70.5517319387286
2023-09-17 09:00:00,2136.3119810766716,28871.999997524745,73.99251805416395
2023-09-17 10:00:00,3537.3945489403245,29099.499999810923,121.56203883102145
2023-09-17 11:00:00,3722.9766658564145,29843.99999976488,124.7479113351342
2023-09-17 12:00:00,3532.164751655968,30012.49999965341,117.68978764503983
2023-09-17 13:00:00,3668.7836380033154,29533.999999759082,124.22237550054997
2023-09-17 14:00:00,3849.4603329512543,29380.499999812564,131.02092656611742
2023-09-17 15:00:00,4531.293949319863,30783.999999899625,147.19639908181645
2023-09-17 16:00:00,5349.896682762732,31917.999999958018,167.6137816520386
2023-09-17 17:00:00,5302.700506313885,31780.499999943466,166.85390432256628
2023-09-17 18:00:00,4822.451808316553,31620.49999990593,152.51029579958885
2023-09-17 19:00:00,3991.5027302810145,30217.499999855176,132.0924209580589
2023-09-17 20:00:00,3071.3062480230406,28458.99999970974,107.92038539844567
2023-09-17 21:00:00,1914.563944674436,25812.499998856318,74.17196880423303
2023-09-17 22:00:00,2731.0041910304003,23670.499999617474,115.3758556462489
2023-09-17 23:00:00,1956.6627384478247,22626.9999986219,86.47468681517636
2023-09-18 00:00:00,1586.8228495818646,21573.499996688905,73.55426100657797
2023-09-18 01:00:00,1685.7284861164242,21824.999998254087,77.23841861403326
2023-09-18 02:00:00,1900.9745272960583,21688.49999890274,87.64896269415736
2023-09-18 03:00:00,1596.2500539165349,21769.499996821134,73.32506737176442
2023-09-18 04:00:00,1721.3457306062758,22869.99999829706,75.26653829184305
2023-09-18 05:00:00,2183.389490503483,25119.999999299023,86.91837143966603
2023-09-18 06:00:00,2663.3111452536295,28865.499999543692,92.26623981208472
2023-09-18 07:00:00,3142.461253347252,32264.999999745847,97.3953588523789
2023-09-18 08:00:00,3224.009622646823,33712.49999974746,95.63246934137113
2023-09-18 09:00:00,2478.0906061103997,34190.999999323,72.47786277556862
2023-09-18 10:00:00,2302.2451549472257,34590.49999932508,66.55715167436568
2023-09-18 11:00:00,1760.9875049857549,34605.999999333304,50.88676833553953
2023-09-18 12:00:00,1302.4141415754439,34996.50814347211,37.21554551202798
2023-09-18 13:00:00,642.2287687525253,35226.44379879841,18.2314392114265
2023-09-18 14:00:00,499.50747785507036,33880.1424663356,14.743370053753377
2023-09-18 15:00:00,240.07630897486058,33598.681865715494,7.145408559013662
2023-09-18 16:00:00,224.69602304432894,33468.462019612365,6.713664431686706
2023-09-18 17:00:00,604.6166665931263,32843.805785486424,18.408849161454505
2023-09-18 18:00:00,826.1604910639204,32925.69837498744,25.091661888378564
2023-09-18 19:00:00,840.4756269213644,32064.11253404522,26.212346467689052
2023-09-18 20:00:00,266.2937650953488,29842.778365635648,8.923222959762674
2023-09-18 21:00:00,82.65426522387654,28502.47233360586,2.8998980950302675
2023-09-18 22:00:00,20.03104288488324,28207.3202176755,0.7101363309348055
2023-09-18 23:00:00,0.2955816960580064,28300.192570014275,0.01044451182891217
2023-09-19 00:00:00,0.33038503209049147,28038.890269152096,0.011783099435071987
2023-09-19 01:00:00,0.32594897090137026,28681.74034256702,0.011364337275504314
2023-09-19 02:00:00,0.3336162741472901,28259.03223058278,0.011805651072022222
2023-09-19 03:00:00,0.3402572347626598,27861.635884966796,0.012212392558982913
2023-09-19 04:00:00,0.3501980224683872,27768.40879525084,0.01261138241843662
2023-09-19 05:00:00,1.689322636609952,27552.831508022453,0.06131212453130555
2023-09-19 06:00:00,334.2374576078363,29715.612091269664,11.24787389811277
2023-09-19 07:00:00,1105.5107528434596,32356.500001412485,34.166574035980396
2023-09-19 08:00:00,1266.9436553792357,33769.5000089592,37.51739454368912
2023-09-19 09:00:00,1290.498206435374,34584.500009151736,37.314351981202066
2023-09-19 10:00:00,1293.0378974181751,34498.500009263546,37.480988943605325
2023-09-19 11:00:00,1294.2651042958719,34584.50000921005,37.42327065451869
2023-09-19 12:00:00,1294.5996571212456,33955.00000870965,38.12692259723674
2023-09-19 13:00:00,1268.4302575833856,33638.50000460058,37.707693785689266
2023-09-19 14:00:00,1257.1007729078324,33637.00000296305,37.37255916987531
2023-09-19 15:00:00,1305.058059337726,34207.500008946736,38.15122587141408
2023-09-19 16:00:00,1145.5701419792133,34772.00000925433,32.945189856043015
2023-09-19 17:00:00,968.424058686021,34128.50000948234,28.37581664640848
2023-09-19 18:00:00,969.4954756677117,34100.500008987125,28.4305354881073
2023-09-19 19:00:00,901.9760655428843,32426.500008609688,27.816016693241547
2023-09-19 20:00:00,606.7817632415217,30101.92864743034,20.157570976546708
2023-09-19 21:00:00,95.47619255307039,28825.189152179613,3.3122486048231523
2023-09-19 22:00:00,95.97116198436713,28791.216746905404,3.3333485982207574
2023-09-19 23:00:00,29.343320372127724,28396.060916795537,1.0333588330475763
2023-09-20 00:00:00,16.52188773964007,28309.96668192094,0.5836067532425296
2023-09-20 01:00:00,10.107382850055828,30147.72688618871,0.33526185533696823
2023-09-20 02:00:00,0.03140648989173181,29837.39085353892,0.0010525883461424302
2023-09-20 03:00:00,0.03482892644830123,29239.892381210593,0.0011911441394593548
2023-09-20 04:00:00,0.346648715434582,28940.23474551517,0.011978089275461101
2023-09-20 05:00:00,197.65641486737192,29425.669552423016,6.717142477089231
2023-09-20 06:00:00,392.9385424205308,30501.450904921487,12.882618064478013
2023-09-20 07:00:00,555.7297737635487,33007.949278339394,16.83624053943369
2023-09-20 08:00:00,568.8521620663593,34133.51995241199,16.665499569321806
2023-09-20 09:00:00,605.9814423261097,35034.63864313285,17.296637436415754
2023-09-20 10:00:00,460.94463847974333,34967.56724925269,13.182061971714502
2023-09-20 11:00:00,448.33098704046944,35061.870820172066,12.786852970279389
2023-09-20 12:00:00,458.23101943307444,35450.08126478128,12.926092214302338
2023-09-20 13:00:00,458.68976400928506,35614.703167022046,12.879224680272374
2023-09-20 14:00:00,402.1053110839769,35571.518445049194,11.304136811172352
2023-09-20 15:00:00,359.6222460078216,35338.646169022155,10.1764579290269
2023-09-20 16:00:00,667.4289791001416,35640.210654883056,18.72685281136792
2023-09-20 17:00:00,710.1868680099537,35150.01090863723,20.2044565464258
2023-09-20 18:00:00,906.408974328309,34722.5122048148,26.10436045012382
2023-09-20 19:00:00,860.1565169139878,33146.174887065405,25.950400607149568
2023-09-20 20:00:00,699.049595178009,30404.99596783939,22.99127406290145
2023-09-20 21:00:00,341.5120304648665,28373.146791528827,12.036452388383983
2023-09-20 22:00:00,395.6591074931438,24772.181145623195,15.97191241123512
2023-09-20 23:00:00,285.2266875219453,23482.801752691917,12.14619492707035
2023-09-21 00:00:00,165.36585595933602,23025.88526374615,7.181737165159146
2023-09-21 01:00:00,249.4188167898442,22949.401908406355,10.868205532558223
2023-09-21 02:00:00,602.4315527403384,24093.067131176686,25.00435288958231
2023-09-21 03:00:00,796.410933715926,23920.49075153031,33.294088402637634
2023-09-21 04:00:00,828.8009431541794,23731.834607873658,34.923593428348056
2023-09-21 05:00:00,1482.5022216444554,26162.999999268526,56.66407604960837
2023-09-21 06:00:00,1554.456773234943,30939.000003111367,50.24263140627104
2023-09-21 07:00:00,2235.9440247474377,32964.999999693275,67.82781813342157
2023-09-21 08:00:00,3513.6391976349073,34459.99999983521,101.96283220115235
2023-09-21 09:00:00,3239.232258192034,34841.99999981837,92.96918254431203
2023-09-21 10:00:00,3771.8946504372484,34678.499999894004,108.76752600166608
2023-09-21 11:00:00,3950.9528634761564,35266.499999919906,112.03132898033911
2023-09-21 12:00:00,3790.0527072796126,34846.4999999015,108.76422904137651
2023-09-21 13:00:00,4789.991204908799,34749.99999994438,137.84147352277597
2023-09-21 14:00:00,4684.555402179089,33619.499999938205,139.34042452111717
2023-09-21 15:00:00,5304.039710541964,34034.49999996918,155.84303311483254
2023-09-21 16:00:00,6294.726182383773,34424.00000000621,182.85865042942825
2023-09-21 17:00:00,7159.844390079272,33841.00000004313,211.57307378830845
2023-09-21 18:00:00,7144.784248904682,33719.00000003814,211.8919377471633
2023-09-21 19:00:00,6732.959287959674,32741.50000000471,205.63991533554375
2023-09-21 20:00:00,5805.224401003512,30199.49999996835,192.22915614528705
2023-09-21 21:00:00,4718.218838295279,27196.499999923763,173.48625147752486
2023-09-21 22:00:00,3874.7794038670263,24344.99999984859,159.16119958476585
2023-09-21 23:00:00,3301.7705735863733,22211.499999785723,148.65140011337485
2023-09-22 00:00:00,3119.836677167854,21495.499999658587,145.13906060419188
2023-09-22 01:00:00,2984.308268601693,20823.49999971285,143.31444131115546
2023-09-22 02:00:00,2923.3598508006557,20614.499999694246,141.81085405146933
2023-09-22 03:00:00,2849.35524269977,20532.49999969261,138.7729328012871
2023-09-22 04:00:00,3562.8296240256605,21980.499999846274,162.09047219356148
2023-09-22 05:00:00,5025.659473185127,25701.999999945343,195.53573547567564
2023-09-22 06:00:00,5947.950965194231,28216.49999997386,210.79690837629545
2023-09-22 07:00:00,6793.92535699217,31039.500000019434,218.87998701615413
2023-09-22 08:00:00,6603.000022198177,32329.000000015592,204.24386842138614
2023-09-22 09:00:00,6351.232296741551,33540.5000000113,189.36009590612576
2023-09-22 10:00:00,5923.165144898982,33808.49999998758,175.19751378798702
2023-09-22 11:00:00,5572.874539082053,34170.99999997228,163.0878387839564
2023-09-22 12:00:00,4960.065580547971,33350.49999993579,148.7253738491933
2023-09-22 13:00:00,4506.980547737751,32871.49999993062,137.1090624932621
2023-09-22 14:00:00,3710.7194982401907,31634.49999987714,117.29976760355314
2023-09-22 15:00:00,3719.573024598512,31882.49999986527,116.6650364499092
2023-09-22 16:00:00,4465.836065071692,32848.49999992414,135.95251122827543
2023-09-22 17:00:00,4821.073389333983,32467.999999935055,148.4869221801043
2023-09-22 18:00:00,5216.312034532377,32743.999999949967,159.3058891564973
2023-09-22 19:00:00,4920.882117544874,31931.499999932184,154.10745243898108
2023-09-22 20:00:00,4288.418625484959,29382.99999989443,145.94897136100354
2023-09-22 21:00:00,3140.1821640364774,26788.999999767017,117.21908858351514
2023-09-22 22:00:00,2491.4625412909613,24463.4999995678,101.84407551392803
2023-09-22 23:00:00,1893.949001282048,22891.999998877858,82.73409930870554
2023-09-23 00:00:00,1716.8607470859286,21968.499998520245,78.15102292835529
2023-09-23 01:00:00,1106.499798917333,22141.99999721116,49.97289310164843
2023-09-23 02:00:00,1028.0410588050684,21793.942496721742,47.17095399144542
2023-09-23 03:00:00,1032.706730933317,21474.143144760405,48.09070722737046
2023-09-23 04:00:00,1850.2698687133104,21428.49999917611,86.34621503065777
2023-09-23 05:00:00,3309.064868022639,22780.999999827964,145.25547026239536
2023-09-23 06:00:00,4205.37325790277,24372.49999984909,172.54583066689133
2023-09-23 07:00:00,5526.494630466827,27477.50000002803,201.1280003807184
2023-09-23 08:00:00,6059.426781572375,29160.000000106746,207.79927234397098
2023-09-23 09:00:00,6168.247717600416,29705.500000130174,207.6466552514984
2023-09-23 10:00:00,6019.064592244474,29887.500000083128,201.39070153835993
2023-09-23 11:00:00,5873.208177071331,29824.500000050346,196.92562078363147
2023-09-23 12:00:00,5510.508469843438,29096.49999995999,189.38733077349565
2023-09-23 13:00:00,5330.609575692001,28162.99999995383,189.27705058767674
2023-09-23 14:00:00,5245.930949353651,28044.99999993493,187.05405417599653
2023-09-23 15:00:00,5329.650918913152,28475.999999950625,187.16290626922296
2023-09-23 16:00:00,6380.744287117013,29864.000000002026,213.66006854797016
2023-09-23 17:00:00,6245.411227589178,29681.00000000059,210.41781704083604
2023-09-23 18:00:00,6422.390533158405,30589.499999996522,209.9540866362358
2023-09-23 19:00:00,5935.127888397277,30440.99999997461,194.97151500943554
2023-09-23 20:00:00,4591.975690229477,29627.49999990141,154.99031947497284
2023-09-23 21:00:00,2878.753274942979,27681.49999966576,103.99556653280126
2023-09-23 22:00:00,823.0567125495254,24781.125864457994,33.21304758513752
2023-09-23 23:00:00,351.2133638259921,24820.50293246851,14.15013083262541
2023-09-24 00:00:00,0.036840271809350504,25256.058346031423,0.0014586706803019146
2023-09-24 01:00:00,0.03286002923262584,25484.05188629288,0.0012894350309457768
2023-09-24 02:00:00,0.032855457865626714,27575.594604085127,0.0011914687003978298
2023-09-24 03:00:00,0.03287173917331731,28631.34744760123,0.001148103114374079
2023-09-24 04:00:00,0.033119759573623,27841.87605179508,0.0011895663751971784
2023-09-24 05:00:00,0.03336075034713147,26729.741276844867,0.0012480760663415337
2023-09-24 06:00:00,0.03698794526347484,26000.812306519754,0.0014225688346744473
2023-09-24 07:00:00,7.884129396696197,26825.5000076087,0.2939042848953409
2023-09-24 08:00:00,147.79740848770444,28893.000008004285,5.115336186853558
2023-09-24 09:00:00,497.9462077464708,31020.500008032428,16.05216574902187
2023-09-24 10:00:00,453.19894934809116,31760.000008110896,14.269488325955693
2023-09-24 11:00:00,662.2940752278461,33560.50000795542,19.73433277426889
2023-09-24 12:00:00,359.6839865723574,33179.50000739009,10.84054872714311
2023-09-24 13:00:00,273.0640820676111,32757.500007015715,8.335925574574635
2023-09-24 14:00:00,146.9307636907528,32206.881279155616,4.562092256534221
2023-09-24 15:00:00,61.93660908468431,32335.82296734699,1.9154177441912785
2023-09-24 16:00:00,107.4103154499484,32718.024022923844,3.2829096089266114
2023-09-24 17:00:00,57.272214593903655,31908.6607232974,1.7948799258781682
2023-09-24 18:00:00,55.57849840984916,32085.53960445143,1.7321977157005144
2023-09-24 19:00:00,37.66285289821128,30827.180925397395,1.2217417151881773
2023-09-24 20:00:00,0.03271029401478363,32095.096888116183,0.001019167947328903
2023-09-24 21:00:00,26.59637725617257,32410.196600269748,0.8206175847742686
2023-09-24 22:00:00,19.26755851392863,31109.861671655806,0.6193392538123467
2023-09-24 23:00:00,0.031020398548522583,29922.90398521,0.0010366774081771956
2023-09-25 00:00:00,0.033139782050722474,29656.269427523268,0.0011174629409040316
2023-09-25 01:00:00,0.030699393457116884,29249.5275600967,0.0010495688654813744
2023-09-25 02:00:00,0.030593892748212503,29796.340644267653,0.0010267667803058992
2023-09-25 03:00:00,0.030517394614769433,30764.835789755696,0.000991957012978153
2023-09-25 04:00:00,13.77082229298718,30542.74453040725,0.45087049329432227
2023-09-25 05:00:00,82.47180415904857,29758.452815879038,2.77137405863526
2023-09-25 06:00:00,277.71258966847495,29321.007151301274,9.471454654863381
2023-09-25 07:00:00,987.0511985861676,31539.829433416602,31.295387968724462
2023-09-25 08:00:00,1090.0148401576357,33528.75427638496,32.50985202648454
2023-09-25 09:00:00,1189.8804123909163,34189.66006660545,34.80234696902193
2023-09-25 10:00:00,1276.2058270904577,34770.0064014148,36.704216052100826
2023-09-25 11:00:00,1113.574314780527,34827.006977093224,31.974447747202582
2023-09-25 12:00:00,1109.1887303562032,34915.49892764296,31.767804110570708
2023-09-25 13:00:00,1000.882120743637,34711.81691453669,28.834045858443247
2023-09-25 14:00:00,1396.8691738522627,33563.49999915139,41.618698106204086
2023-09-25 15:00:00,1398.4185845784586,34648.49999887151,40.360147903199405
2023-09-25 16:00:00,2136.541172187043,35419.99999968228,60.32019119723907
2023-09-25 17:00:00,3855.0915386640713,35268.99999993007,109.30538259297725
2023-09-25 18:00:00,5391.103152597752,35423.49999999592,152.1900194107972
2023-09-25 19:00:00,5087.293356418783,34140.499999971034,149.01051116483646
2023-09-25 20:00:00,4543.819431925233,32885.49999993617,138.1709091220767
2023-09-25 21:00:00,3424.782109863965,30665.999999841646,111.68010532451738
2023-09-25 22:00:00,2605.2960744478123,26535.999999591026,98.17968324118048
2023-09-25 23:00:00,2148.235677839167,25305.499999011037,84.8920463110044
2023-09-26 00:00:00,1842.4899202581546,24593.49999826384,74.91775958640389
2023-09-26 01:00:00,1852.3210443183768,24624.999998323947,75.22115916525692
2023-09-26 02:00:00,1860.728062339604,24724.49999836207,75.25847084725162
2023-09-26 03:00:00,1769.2765254443889,24733.499997577343,71.53360929984396
2023-09-26 04:00:00,2334.439164413925,26525.999999298005,88.00569872863245
2023-09-26 05:00:00,2992.804769668042,28864.999999698008,103.68282590332075
2023-09-26 06:00:00,3228.1583149775242,30927.499999762375,104.37824961611275
2023-09-26 07:00:00,3463.6003423010325,33033.99999981138,104.84955931224827
2023-09-26 08:00:00,3113.099070677896,34468.99999975472,90.31590909803153
2023-09-26 09:00:00,2614.0000354565695,35418.49999963907,73.80323942242633
2023-09-26 10:00:00,2552.3984019603768,36488.99999964657,69.94980410493845
2023-09-26 11:00:00,1939.4105827756414,37395.49999916288,51.862138033160576
2023-09-26 12:00:00,1527.0909663684797,36824.49999101631,41.469428416978594
2023-09-26 13:00:00,2089.5564105518406,36643.49999936623,57.02393086326309
2023-09-26 14:00:00,2423.2372190718206,35822.99999960387,67.64473157185655
2023-09-26 15:00:00,2839.875524551202,35455.99999974105,80.09576727696138
2023-09-26 16:00:00,3860.4585663019634,36014.9999998793,107.19029755143417
2023-09-26 17:00:00,5032.001460198138,36797.999999954984,136.74660199479032
2023-09-26 18:00:00,5887.66020322605,36472.00000000326,161.4295953944265
2023-09-26 19:00:00,5314.5297255382675,33762.49999995799,157.40924770218083
2023-09-26 20:00:00,5244.095114728525,32220.49999995441,162.75647847599961
2023-09-26 21:00:00,4410.758771877982,29498.499999899537,149.52484946329488
2023-09-26 22:00:00,3769.093583502612,26975.999999840362,139.72025443078726
2023-09-26 23:00:00,3705.5364895060975,25170.499999834712,147.2174366631744
2023-09-27 00:00:00,3479.154838539492,23914.49999979963,145.48306837143332
2023-09-27 01:00:00,3661.3469172387577,22971.99999983551,159.38302791506942
2023-09-27 02:00:00,4243.45406656232,22387.4999998826,189.545686949618
2023-09-27 03:00:00,4629.0856830934135,22288.499999911186,207.68942203880295
2023-09-27 04:00:00,5809.576575063918,24509.999999964293,237.0288280323289
2023-09-27 05:00:00,6543.27227458486,26763.999999997188,244.48035699393017
2023-09-27 06:00:00,7236.3242485467545,30391.500000039607,238.10355686745714
2023-09-27 07:00:00,7242.370781046962,32447.500000033677,223.2027361442159
2023-09-27 08:00:00,7617.492886349848,33925.000000044376,224.53921551480866
2023-09-27 09:00:00,6769.981338133969,34180.50000002823,198.06560284748255
2023-09-27 10:00:00,5938.636961085379,34728.49999998261,171.00182734895986
2023-09-27 11:00:00,5042.105568056537,34688.9999999416,145.35171287915549
2023-09-27 12:00:00,3824.049754957488,34235.4999998454,111.69837610009365
2023-09-27 13:00:00,2788.5365349099634,34444.99999971079,80.95620655925032
2023-09-27 14:00:00,1607.208014801167,34754.99999820614,46.2439365525571
2023-09-27 15:00:00,1755.0569432940138,36216.49999878714,48.46014781529935
2023-09-27 16:00:00,2063.8883761606226,37554.99999919085,54.95642061523341
2023-09-27 17:00:00,2062.817805431606,38302.49999917741,53.85595732591626
2023-09-27 18:00:00,2324.1354227074507,38689.49999931785,60.07147734523394
2023-09-27 19:00:00,842.7572334662132,35169.585323979656,23.962671885459976
2023-09-27 20:00:00,178.48144728656655,32413.096845504177,5.506460803091162
2023-09-27 21:00:00,532.5981589048286,33352.04618431912,15.968980012843595
2023-09-27 22:00:00,480.88952983367363,32207.56405511332,14.930950040517795
2023-09-27 23:00:00,281.87084201539653,31200.77459708175,9.034097571467354
2023-09-28 00:00:00,2.16043007027611,30393.647829310146,0.07108163134642552
2023-09-28 01:00:00,2.6571335754891283,30190.670983922057,0.08801174299518472
2023-09-28 02:00:00,3.6472629364152676,29961.70905167126,0.12173080414489319
2023-09-28 03:00:00,5.530462829725319,29374.976327241446,0.18827122677871022
2023-09-28 04:00:00,126.06582579119424,29883.63379829344,4.218557443251545
2023-09-28 05:00:00,728.2225569151352,32437.226970342243,22.450209988078146
2023-09-28 06:00:00,1018.0884777592361,32545.81923984525,31.281697666187767
2023-09-28 07:00:00,936.1284442394236,32463.003283212896,28.836778780831704
2023-09-28 08:00:00,1306.426637188634,33792.9999982841,38.65968210146984
2023-09-28 09:00:00,1250.8499346605026,34070.49999716813,36.71357728135691
2023-09-28 10:00:00,1615.315911928251,34079.49999955385,47.398462769389155
2023-09-28 11:00:00,1622.775052189677,34087.49999968373,47.606162147553604
2023-09-28 12:00:00,1578.4806188439286,34159.49999967,46.20912539291201
2023-09-28 13:00:00,1416.8112783376152,33222.999999677224,42.645494938788794
2023-09-28 14:00:00,1397.4975172865568,33644.50000012913,41.53717598065637
2023-09-28 15:00:00,1399.27806885031,34903.00000098027,40.09048129991722
2023-09-28 16:00:00,1762.7699255755272,36950.99999943559,47.70560811892649
2023-09-28 17:00:00,2744.0345150438184,35716.49999974687,76.8282030731809
2023-09-28 18:00:00,3611.2961730619295,36539.4999998582,98.83266528211782
2023-09-28 19:00:00,3194.9731282125445,34650.99999964282,92.20435566781558
2023-09-28 20:00:00,2177.4364411897022,33308.499999239444,65.37179522462498
2023-09-28 21:00:00,918.6434730328226,30945.852351558093,29.685512054948127
2023-09-28 22:00:00,944.2506179292676,28366.84858941515,33.287117352951455
2023-09-28 23:00:00,957.4703348244095,27134.40773719851,35.28620724276267
2023-09-29 00:00:00,958.3934080153318,25986.259125134042,36.88077623640599
2023-09-29 01:00:00,951.940638857575,25230.525311075766,37.72971934277125
2023-09-29 02:00:00,975.3000297088487,26201.171271111714,37.22352789564689
2023-09-29 03:00:00,947.7002394634069,26670.259749758985,35.533971110722725
2023-09-29 04:00:00,953.0208932167073,27299.38322784518,34.90997892745916
2023-09-29 05:00:00,975.2798869814496,28273.0861013356,34.4949922865116
2023-09-29 06:00:00,1070.6865315464393,29634.114038874195,36.13020217651544
2023-09-29 07:00:00,1313.347736308699,32584.504494248686,40.30589866850702
2023-09-29 08:00:00,986.1264235519631,34300.50412351848,28.74961895606122
2023-09-29 09:00:00,942.8953376761342,34767.254643633416,27.120212606398514
2023-09-29 10:00:00,939.750848959402,34771.00476002931,27.026853421264487
2023-09-29 11:00:00,937.3614770656403,35444.286232772894,26.446053135608825
2023-09-29 12:00:00,935.1731365897801,36622.088875936926,25.535767218462766
2023-09-29 13:00:00,941.5497518559395,36927.87409544733,25.49699312292713
2023-09-29 14:00:00,935.7376239929212,36064.914533300034,25.94592656330631
2023-09-29 15:00:00,927.3877447679115,34451.46796318682,26.91867138314319
2023-09-29 16:00:00,1396.2632910741124,33976.49999926201,41.09497126262093
2023-09-29 17:00:00,1397.7058296833345,33220.99999698844,42.07296077210319
2023-09-29 18:00:00,1444.4834940211779,33536.00000042925,43.07262327059544
2023-09-29 19:00:00,1453.4260742435922,31233.499999378135,46.53420443666353
2023-09-29 20:00:00,1535.7567804347339,29326.99999869132,52.36665122594418
2023-09-29 21:00:00,1406.5819905660012,26559.499999646563,52.95965626554412
2023-09-29 22:00:00,1434.0469965900854,24168.49999921045,59.33537441864136
2023-09-29 23:00:00,1430.3361362081453,22695.499999211585,63.0228960039582
2023-09-30 00:00:00,2017.601055935127,22042.999999108033,91.53023889746265
2023-09-30 01:00:00,2600.751558592854,21566.499999604654,120.59219431249993
2023-09-30 02:00:00,2704.038224784885,20789.49999968729,130.06749680490435
2023-09-30 03:00:00,2966.0311889970417,20356.49999975784,145.70437889776363
2023-09-30 04:00:00,3354.9896085732466,20132.499999831707,166.64545429535784
2023-09-30 05:00:00,4046.892122037196,21556.9999998959,187.72983819904155
2023-09-30 06:00:00,4870.352756818644,23254.999999901906,209.43249868153893
2023-09-30 07:00:00,6209.604008279798,26128.500000015763,237.65635257577176
2023-09-30 08:00:00,6745.636220729776,28103.0000000308,240.0326022389917
2023-09-30 09:00:00,6678.919278385543,28863.000000030916,231.40073029062776
2023-09-30 10:00:00,6424.877290050613,29053.500000027623,221.13952845765587
2023-09-30 11:00:00,6198.252791576375,28907.50000000273,214.41677044281897
2023-09-30 12:00:00,6111.9766294726205,28791.49999996429,212.28406402862655
2023-09-30 13:00:00,5799.252664066262,28644.499999978943,202.45606186425056
2023-09-30 14:00:00,5471.8323603639055,28206.499999986227,193.99189407996658
2023-09-30 15:00:00,5882.4655123207995,29155.500000008724,201.76177778872045
2023-09-30 16:00:00,6327.853735737456,30868.00000000726,204.99720538214228
2023-09-30 17:00:00,6333.035990559759,31611.000000004937,200.34279176738383
2023-09-30 18:00:00,6270.268719114129,31693.000000003605,197.84396299225116
2023-09-30 19:00:00,5373.330494532904,31081.499999957476,172.8787379804789
2023-09-30 20:00:00,4251.255802105053,30229.99999988982,140.63036063911832
2023-09-30 21:00:00,2521.9890401298608,28218.499999551565,89.37360384747379
2023-09-30 22:00:00,927.588086175385,26134.57768470667,35.4927520683905
2023-09-30 23:00:00,877.5731453960694,27539.971368449693,31.865434195818874
2023-10-01 00:00:00,838.2145564609293,27767.339911811912,30.187067220809375
2023-10-01 01:00:00,838.2577057415806,27781.232370643273,30.17352486592267
2023-10-01 02:00:00,838.4283756504516,27210.238341663593,30.812974334248015
2023-10-01 03:00:00,842.3879007593002,26394.870363759153,31.914833797248757
2023-10-01 04:00:00,927.5934174261721,25926.868269422226,35.77730282681932
2023-10-01 05:00:00,927.5931495677934,25262.986497483867,36.717477945854874
2023-10-01 06:00:00,927.5967836198175,25231.8694316085,36.76290360229105
2023-10-01 07:00:00,1017.8813314501485,25855.40748757853,39.36821850280874
2023-10-01 08:00:00,1463.733845229175,28575.99999479383,51.22248899411562
2023-10-01 09:00:00,1898.3696834313587,30517.499999164294,62.205937035581044
2023-10-01 10:00:00,2028.7074291015595,30756.499999982785,65.96028251272723
2023-10-01 11:00:00,2029.2975084730986,31184.000000046337,65.07495858357116
2023-10-01 12:00:00,2029.8138873975724,31250.499996848903,64.95300515518939
2023-10-01 13:00:00,2030.6420141620981,30515.99999674293,66.54351862560083
2023-10-01 14:00:00,2034.1228601042912,30999.500001114386,65.61792480624422
2023-10-01 15:00:00,2958.686339131896,31584.999999887466,93.67377993169028
2023-10-01 16:00:00,6282.965152109942,32153.500000003267,195.40532607987635
2023-10-01 17:00:00,6879.337214236686,32132.000000027947,214.09614136159288
2023-10-01 18:00:00,7009.754929287528,31763.50000003403,220.6858478845221
2023-10-01 19:00:00,6435.819009227762,29827.500000000942,215.7679661127335
2023-10-01 20:00:00,6016.023249763881,27905.499999986114,215.5855745199647
2023-10-01 21:00:00,5231.645970296233,26090.99999995111,200.5153489826391
2023-10-01 22:00:00,4251.068252755269,24050.999999891763,176.7522453442435
2023-10-01 23:00:00,3933.5959618790566,22849.999999860436,172.14861977694017
2023-10-02 00:00:00,3938.003498046666,22658.999999845684,173.79423178752307
2023-10-02 01:00:00,3572.5711027800203,21950.999999823744,162.7520888710631
2023-10-02 02:00:00,3354.115688965819,21794.99999979362,153.89381459039137
2023-10-02 03:00:00,3855.8590480932326,22493.999999854004,171.41722450956962
2023-10-02 04:00:00,4416.650073424852,23551.999999899752,187.52760162379633
2023-10-02 05:00:00,5708.13265444278,26451.999999966018,215.7921009545635
2023-10-02 06:00:00,6770.320083923664,29341.500000027245,230.74212579170722
2023-10-02 07:00:00,7496.6112005068135,31937.50000004517,234.72755226602618
2023-10-02 08:00:00,7707.8653065896215,33680.50000004637,228.85246081795134
2023-10-02 09:00:00,7658.409235198117,34562.00000005626,221.58466625732456
2023-10-02 10:00:00,7286.753035893974,34567.50000004366,210.79780244115918
2023-10-02 11:00:00,7528.407355427248,34815.50000004797,216.2372321355969
2023-10-02 12:00:00,7220.62888317421,34319.00000003147,210.39741493538824
2023-10-02 13:00:00,6973.161723206193,33344.00000003217,209.12793075814136
2023-10-02 14:00:00,7134.665304214852,33331.000000044856,214.05494297216558
2023-10-02 15:00:00,7869.056705008516,34067.500000073276,230.9842725469022
2023-10-02 16:00:00,8518.174010314444,34768.00000011794,245.0004029649548
2023-10-02 17:00:00,8777.068428884586,34684.00000012447,253.0581371483418
2023-10-02 18:00:00,8556.637206670146,34944.000000128355,244.86713617899255
2023-10-02 19:00:00,7673.832062976486,32534.500000061886,235.8675271776695
2023-10-02 20:00:00,6707.492639711807,30931.00000001607,216.85340401889115
2023-10-02 21:00:00,5393.824880209639,28237.499999952524,191.0163746868068
2023-10-02 22:00:00,2361.203480807008,24306.499999357227,97.14288280375409
2023-10-02 23:00:00,1050.257289643281,25316.420379941013,41.48522081247444
2023-10-03 00:00:00,942.0967934996066,25562.8833573506,36.85408959270265
2023-10-03 01:00:00,896.8327904645091,24614.285845554936,36.435458501286035
2023-10-03 02:00:00,870.8623348680443,23885.751078704758,36.45949135107826
2023-10-03 03:00:00,862.0642175631922,23352.535602155265,36.91522977417622
2023-10-03 04:00:00,847.2249249392673,23443.18570085989,36.139496387139545
2023-10-03 05:00:00,1264.1155683238537,25931.003745146263,48.74919539358246
2023-10-03 06:00:00,1510.1968528126504,29937.00152698782,50.44582876649245
2023-10-03 07:00:00,1247.0249549425926,31625.50354899626,39.43099128874332
2023-10-03 08:00:00,1427.7687783705057,33741.50378093402,42.31491244848669
2023-10-03 09:00:00,1169.6598379779596,34661.51144419871,33.74520582753541
2023-10-03 10:00:00,1063.5762707409629,35588.50286534549,29.885389524958818
2023-10-03 11:00:00,1021.0872786942059,35889.502969250876,28.450861511485545
2023-10-03 12:00:00,865.258471411477,35792.685144836534,24.174170446005206
2023-10-03 13:00:00,901.1914021905368,37972.01148870164,23.733043545999173
2023-10-03 14:00:00,905.0089679268609,38285.24955490716,23.63858087509482
2023-10-03 15:00:00,927.3745538406911,38079.64843519085,24.35354820617695
2023-10-03 16:00:00,1008.6256052738541,36181.05523297616,27.877174913200758
2023-10-03 17:00:00,1086.69970892987,34427.17332168151,31.565173788040543
2023-10-03 18:00:00,1398.5113311689947,34384.008465628955,40.673306969633245
2023-10-03 19:00:00,1268.358318811615,32529.508606423107,38.99100764655177
2023-10-03 20:00:00,1367.532808395891,31073.771968390785,44.00923099348827
2023-10-03 21:00:00,892.2801040030049,29226.88243800192,30.52943145392845
2023-10-03 22:00:00,844.1678587622418,27842.421100892552,30.319484634731715
2023-10-03 23:00:00,847.4532647141872,28303.486136441952,29.94165667892955
2023-10-04 00:00:00,844.1719925589601,27788.75593413375,30.37818585905239
2023-10-04 01:00:00,845.0849212181499,27241.169076144488,31.022344116582126
2023-10-04 02:00:00,844.169510252509,26344.03970650014,32.04404182720003
2023-10-04 03:00:00,844.1700287859204,26011.366320116795,32.453890287687514
2023-10-04 04:00:00,844.1714726459526,27429.43521797315,30.776115728872494
2023-10-04 05:00:00,913.7608354698829,29150.794029589724,31.346001571770678
2023-10-04 06:00:00,940.8219033338057,31833.999998431264,29.55399583401923
2023-10-04 07:00:00,1092.7234927162622,32410.999998364416,33.71458741696971
2023-10-04 08:00:00,1441.87262022403,34092.4999982633,42.2929565240883
2023-10-04 09:00:00,1358.4725974004484,34231.173113381956,39.685248089536906
2023-10-04 10:00:00,1463.899766957197,34874.99999848323,41.97562055973805
2023-10-04 11:00:00,1434.7164856654656,35912.1984176053,39.950672720780084
2023-10-04 12:00:00,1381.26268805959,36835.43580080418,37.49820405353897
2023-10-04 13:00:00,1239.97015010594,35362.65923961179,35.06439212345707
2023-10-04 14:00:00,1395.8058939494351,33696.49999893154,41.42287460103256
2023-10-04 15:00:00,1396.824927235935,34636.99999979231,40.327537813445474
2023-10-04 16:00:00,1711.47609736257,37037.999999364794,46.208653204598576
2023-10-04 17:00:00,2936.32321821885,37937.99999987619,77.39794449439698
2023-10-04 18:00:00,4036.376093863207,36784.49999992844,109.73035093235085
2023-10-04 19:00:00,3365.7045196557597,34828.49999984964,96.63650515153651
2023-10-04 20:00:00,2647.861558101078,32638.499999749693,81.12693776127533
2023-10-04 21:00:00,1732.8292641623832,28718.499998926305,60.338432168364236
2023-10-04 22:00:00,1020.5601318641278,25586.22494419687,39.88709292167768
2023-10-04 23:00:00,1214.100886303799,25355.999998886906,47.88219302559932
2023-10-05 00:00:00,1462.7214096365342,24696.499995570965,59.22788289429096
2023-10-05 01:00:00,1628.5830672716113,23744.499993727663,68.58780213109634
2023-10-05 02:00:00,1490.2828143802012,22654.49999951777,65.78308126032019
2023-10-05 03:00:00,1824.6219529940213,22586.499998913107,80.7837404237852
2023-10-05 04:00:00,3023.9677915467564,24328.99999974119,124.29478365649739
2023-10-05 05:00:00,5539.251900981749,29418.49999997412,188.29144589243577
2023-10-05 06:00:00,6729.879675036119,32012.00000003721,210.22990363077272
2023-10-05 07:00:00,6808.601318258466,32090.50000002748,212.16875144521384
2023-10-05 08:00:00,7024.6652819520295,33123.500000038286,212.07497039696622
2023-10-05 09:00:00,6793.513382565597,33690.00000003102,201.64777033420427
2023-10-05 10:00:00,5962.802446776767,34130.50000000599,174.70597989410413
2023-10-05 11:00:00,5068.001981215047,34518.49999997504,146.81987865112072
2023-10-05 12:00:00,4652.003147517912,35176.49999994348,132.2474705421343
2023-10-05 13:00:00,3851.750498976722,34974.499999871965,110.1302520119179
2023-10-05 14:00:00,3471.7860977722344,35801.99999983969,96.97184787966538
2023-10-05 15:00:00,3549.4803935146065,37188.999999844295,95.4443624063424
2023-10-05 16:00:00,3619.690407764332,37908.99999984658,95.4836689909779
2023-10-05 17:00:00,3653.144511254214,37699.999999843785,96.9003849143064
2023-10-05 18:00:00,3444.889620991547,37475.99999981615,91.92255366123511
2023-10-05 19:00:00,2326.8035650449488,35335.49999936575,65.84889318353252
2023-10-05 20:00:00,1114.2228927902488,33203.499997175764,33.55739283162988
2023-10-05 21:00:00,170.8106327808652,29948.232102583082,5.703529750797294
2023-10-05 22:00:00,225.37130581513512,30547.98159577483,7.3776169174564
2023-10-05 23:00:00,81.78244752701144,30095.20093994228,2.7174580987253014
2023-10-06 00:00:00,2.5279191455088132,29866.1222752748,0.0846416927584066
2023-10-06 01:00:00,3.0678838343470907,29956.44759759449,0.10241146999664413
2023-10-06 02:00:00,4.834168471799053,29852.05720340909,0.1619375321057268
2023-10-06 03:00:00,10.311514160233815,29901.979368589513,0.34484386578988574
2023-10-06 04:00:00,69.90853586623327,29980.970784504156,2.331763583264819
2023-10-06 05:00:00,746.3606277411336,31740.76854063317,23.514258225527048
2023-10-06 06:00:00,970.2199145440503,31861.377249939855,30.45128611149042
2023-10-06 07:00:00,1061.6165062605035,32255.623227923785,32.91260251767385
2023-10-06 08:00:00,1176.1844670013386,33785.00964354476,34.81379698898709
2023-10-06 09:00:00,1272.0065670547988,35092.45070554143,36.24729939006331
2023-10-06 10:00:00,1268.1718280152363,34973.49320316886,36.2609425557848
2023-10-06 11:00:00,1298.4709437985514,36900.746193891995,35.188202888251645
2023-10-06 12:00:00,1253.5096323758319,35008.00905426096,35.806367349624026
2023-10-06 13:00:00,1260.6377083772647,33518.37321898222,37.610348812016234
2023-10-06 14:00:00,1396.2694968093988,32798.13210778667,42.571616341465614
2023-10-06 15:00:00,1695.0580548447226,33982.499996741746,49.88032237202223
2023-10-06 16:00:00,2055.33411911024,34542.49999920731,59.50160292849117
2023-10-06 17:00:00,2749.4833334061536,33623.499999726504,81.77266891990774
2023-10-06 18:00:00,3633.6184222334123,33122.49999978185,109.70242047723885
2023-10-06 19:00:00,3044.506458934261,31645.49999962993,96.20661575800239
2023-10-06 20:00:00,2003.8607194965643,29256.999998022933,68.4916676225169
2023-10-06 21:00:00,1546.2653177553336,26681.499999101135,57.95271322104924
2023-10-06 22:00:00,1390.009159528478,26101.61961526931,53.25375130037257
2023-10-06 23:00:00,845.8826272363368,25812.909343309955,32.76975159933175
2023-10-07 00:00:00,845.9215151231562,26023.741349070177,32.505760942531836
2023-10-07 01:00:00,942.0940286253666,26037.47927171749,36.18222865562454
2023-10-07 02:00:00,844.4841347572992,25199.932565552706,33.511364864193126
2023-10-07 03:00:00,844.5291727110578,24839.319697095245,33.99969012878475
2023-10-07 04:00:00,915.6897901819927,25163.634165100393,36.389409581067945
2023-10-07 05:00:00,904.0870049450235,25672.835276012476,35.215705442155084
2023-10-07 06:00:00,1021.4552792237663,26816.593979294317,38.09041819451249
2023-10-07 07:00:00,1412.146450153582,29755.480370570753,47.45836506643146
2023-10-07 08:00:00,1777.0103318125198,32194.978013586984,55.195264648498366
2023-10-07 09:00:00,1699.3021571038864,32919.5210803949,51.6198930401785
2023-10-07 10:00:00,1624.1158642937537,30593.00831068877,53.087811692134586
2023-10-07 11:00:00,1635.2741833749035,30513.00873795655,53.59268885669442
2023-10-07 12:00:00,1638.6072098940037,32227.002727984844,50.84578369651151
2023-10-07 13:00:00,1780.9432760908026,32571.549261762506,54.67788043418455
2023-10-07 14:00:00,1470.5320718123505,31333.62409162307,46.9314391310864
2023-10-07 15:00:00,1283.219227555385,29466.999993811678,43.54767121949544
2023-10-07 16:00:00,1760.1010585756014,30338.999997863208,58.01447175910763
2023-10-07 17:00:00,2110.1248891477353,30368.999998645577,69.48285716493281
2023-10-07 18:00:00,2096.9964089630557,30144.500000867884,69.56480979623751
2023-10-07 19:00:00,2796.242412831822,29018.499999630687,96.36068069911985
2023-10-07 20:00:00,2492.13570654228,26951.99999902318,92.4657059451099
2023-10-07 21:00:00,2121.9095430405932,24950.999998702762,85.04306613566247
2023-10-07 22:00:00,1928.331690875593,22799.499998541218,84.57780613605446
2023-10-07 23:00:00,1779.493180101969,21274.499998448817,83.64441844610764
2023-10-08 00:00:00,2071.9124889789377,21087.99999844972,98.25078192010879
2023-10-08 01:00:00,2404.904413349527,20179.499999292206,119.17561948679992
2023-10-08 02:00:00,2096.3200723015793,19884.49999900765,105.42483202525574
2023-10-08 03:00:00,2156.219192946479,19754.9999991204,109.14802293305421
2023-10-08 04:00:00,2159.917930426009,19089.499999143183,113.14690958500513
2023-10-08 05:00:00,2419.452195204206,20472.4999995404,118.18059324745498
2023-10-08 06:00:00,3431.144902059181,22865.999999786523,150.05444336968486
2023-10-08 07:00:00,3998.0817376148107,24414.999999894204,163.75513977604487
2023-10-08 08:00:00,4408.093532581192,27219.99999991231,161.94318635545162
2023-10-08 09:00:00,4526.420903337512,28452.499999912743,159.08693096745077
2023-10-08 10:00:00,5029.459811095022,30314.99999991895,165.9066406435253
2023-10-08 11:00:00,5077.072336839646,30879.999999926724,164.4129642762854
2023-10-08 12:00:00,5017.170196883018,30502.499999898246,164.48390121792494
2023-10-08 13:00:00,4653.698416626875,29796.99999992371,156.18009922605597
2023-10-08 14:00:00,5121.557540404877,29927.999999974116,171.12929498828208
2023-10-08 15:00:00,5624.558174652579,30625.500000001488,183.65604397160226
2023-10-08 16:00:00,6493.285020094325,31302.500000040505,207.43662710920606
2023-10-08 17:00:00,6723.92005268356,31219.50000004682,215.3756483183099
2023-10-08 18:00:00,6911.276849372861,31164.000000038937,221.77117344898684
2023-10-08 19:00:00,6050.660147641339,29847.9999999931,202.715764796393
2023-10-08 20:00:00,4766.259025377087,28404.49999992617,167.79943408225722
2023-10-08 21:00:00,2961.269805746327,24660.499999751944,120.081498987292
2023-10-08 22:00:00,2499.4672415480527,23095.99999961023,108.2207846202907
2023-10-08 23:00:00,1797.6439632752501,21952.99999889136,81.88602757554924
2023-10-09 00:00:00,1709.5580886889288,21154.999998704512,80.8110654121304
2023-10-09 01:00:00,1263.6455211304828,20951.49999920613,60.31289030276416
2023-10-09 02:00:00,1609.4981071493203,20415.499998242503,78.83706533211904
2023-10-09 03:00:00,2220.969056681336,21040.99999949554,105.55434897270017
2023-10-09 04:00:00,4070.118838283203,23079.499999893247,176.35212367261116
2023-10-09 05:00:00,5499.966032363898,26491.999999972188,207.60856229690748
2023-10-09 06:00:00,6816.533242572576,30281.500000043783,225.10553448682262
2023-10-09 07:00:00,7565.16744610836,32168.500000072705,235.1731490772421
2023-10-09 08:00:00,8309.588314663448,33097.00000011332,251.06771957080693
2023-10-09 09:00:00,8608.361789496621,33757.50000015636,255.00590356089015
2023-10-09 10:00:00,9492.14565515449,34883.000000217726,272.11379913124574
2023-10-09 11:00:00,9391.740608952405,35566.00000021044,264.0651354916728
2023-10-09 12:00:00,8954.07993706288,35142.5000001919,254.79348188131135
2023-10-09 13:00:00,8932.21863517088,34637.00000017088,257.88083942393433
2023-10-09 14:00:00,8837.526972939808,34073.50000015929,259.3665744023506
2023-10-09 15:00:00,9059.483052082642,34842.00000016732,260.0161601526645
2023-10-09 16:00:00,9313.186622232219,33990.00000017102,273.99784119403824
2023-10-09 17:00:00,10022.648011975218,33946.000000222804,295.252695808326
2023-10-09 18:00:00,10391.24453421433,34281.00000026392,303.11964453004083
2023-10-09 19:00:00,9495.897457369543,32653.000000168915,290.8124049036971
2023-10-09 20:00:00,8866.80058004321,31615.500000133783,280.4573889391497
2023-10-09 21:00:00,7415.9257111810675,29227.000000050513,253.7354402151521
2023-10-09 22:00:00,5200.694676969221,26069.999999954918,199.48963087756866
2023-10-09 23:00:00,4283.712530549984,25280.999999894906,169.4439512110989
2023-10-10 00:00:00,3843.4312919676386,25447.99999984893,151.03078010022222
2023-10-10 01:00:00,3442.2466037774852,25351.999999804946,135.77810838608272
2023-10-10 02:00:00,3150.3169573912737,25124.999999760894,125.38574954910464
2023-10-10 03:00:00,3008.64707506001,25069.49999973603,120.01224895158221
2023-10-10 04:00:00,3396.175700120465,26088.999999803178,130.17653801012253
2023-10-10 05:00:00,4227.934961879749,29063.49999988912,145.47232652281653
2023-10-10 06:00:00,5124.273678590152,32199.49999995601,159.14140525775719
2023-10-10 07:00:00,5293.717885216431,32784.99999995879,161.4676798908978
2023-10-10 08:00:00,5079.111023648876,33941.99999995853,149.64088809307293
2023-10-10 09:00:00,4473.973907536236,34954.99999992202,127.99238757105469
2023-10-10 10:00:00,3390.0065927271235,34843.49999981968,97.29236709127002
2023-10-10 11:00:00,2612.125935464161,35139.99999962093,74.33483026443766
2023-10-10 12:00:00,1758.4674551315898,35251.499998497966,49.88347886491402
2023-10-10 13:00:00,1049.8813512849847,35226.499998953674,29.8037372806316
2023-10-10 14:00:00,927.6606443578241,35408.93775109059,26.198488383889806
2023-10-10 15:00:00,1401.0362605240239,36349.50000125341,38.54348094129804
2023-10-10 16:00:00,1834.1951006017387,36622.99999893849,50.083147220459885
2023-10-10 17:00:00,2535.2317059005545,37100.999999591964,68.33324454673559
2023-10-10 18:00:00,2354.0480303653558,36049.499999400316,65.30043496871012
2023-10-10 19:00:00,971.3140251712048,33339.5661634268,29.13397314199989
2023-10-10 20:00:00,882.9068403970206,32515.250158675462,27.153622871987974
2023-10-10 21:00:00,835.7947419478867,31927.737268805507,26.177700439939624
2023-10-10 22:00:00,731.6704633285427,30064.816860916002,24.33643506672106
2023-10-10 23:00:00,444.4424429325498,28951.80013411165,15.351116022968737
2023-10-11 00:00:00,309.6369948940116,28545.87810466124,10.846994923706731
2023-10-11 01:00:00,409.80036151968756,28973.35761631485,14.144041120347394
2023-10-11 02:00:00,268.9138299903651,29025.8444082595,9.264634172497798
2023-10-11 03:00:00,660.9692734269935,30848.051378035685,21.426613478010943
2023-10-11 04:00:00,743.0344717189907,31342.697479360224,23.706781211422324
2023-10-11 05:00:00,837.579423820856,31723.136454408548,26.402793589612358
2023-10-11 06:00:00,837.6553738474645,31032.44106072182,26.99289341139509
2023-10-11 07:00:00,1215.5137723097512,31677.499991342433,38.37151835346714
2023-10-11 08:00:00,1436.062418283215,33247.99999726633,43.19244521178083
2023-10-11 09:00:00,1706.4163816185137,34353.999997746374,49.67154863277798
2023-10-11 10:00:00,2089.590078173607,35034.499999818465,59.64378193450553
2023-10-11 11:00:00,2270.3132581930663,35094.49999984363,64.69142624066967
2023-10-11 12:00:00,2275.960891025239,34562.499999863714,65.85058635903692
2023-10-11 13:00:00,2276.301058999527,34174.99999995019,66.60719997082208
2023-10-11 14:00:00,2139.6920772262815,34511.000004119145,62.000291993013626
2023-10-11 15:00:00,2291.645808678595,34700.499999653606,66.04071436150693
2023-10-11 16:00:00,4143.001800697982,35077.49999991647,118.10995084335678
2023-10-11 17:00:00,5319.133846634441,35757.49999997852,148.75575324442806
2023-10-11 18:00:00,5892.536929067538,35323.9999999726,166.81397715638403
2023-10-11 19:00:00,5774.220739789212,32933.999999967535,175.32704013466034
2023-10-11 20:00:00,5058.70625907243,29737.499999921805,170.1120221634546
2023-10-11 21:00:00,4294.541336483428,26797.49999986529,160.25902925664766
2023-10-11 22:00:00,3875.330860935726,24365.49999983269,159.0499214447615
2023-10-11 23:00:00,3793.466325577454,23365.999999831383,162.34983846635407
2023-10-12 00:00:00,4154.590325720904,23151.499999818494,179.45231737699396
2023-10-12 01:00:00,4263.1872871366195,22942.499999899588,185.82052030752
2023-10-12 02:00:00,4210.345161335489,22038.49999990035,191.0449967717643
2023-10-12 03:00:00,4402.4844333379515,21234.49999992802,207.32696476737738
2023-10-12 04:00:00,5367.672211174814,21715.999999964613,247.17591689001478
2023-10-12 05:00:00,8058.524852165077,27093.00000007084,297.43937002709214
2023-10-12 06:00:00,9139.227952023668,30628.000000163625,298.3945393749132
2023-10-12 07:00:00,9750.953865973312,32797.00000018126,297.31237204376686
2023-10-12 08:00:00,9861.153381519125,34479.50000018849,286.0004751073889
2023-10-12 09:00:00,9988.685240714309,35385.500000208966,282.28187366733044
2023-10-12 10:00:00,9792.755686403756,35602.00000020743,275.06195400108703
2023-10-12 11:00:00,9594.924577200687,36059.50000020083,266.0859018330051
2023-10-12 12:00:00,9362.141640769187,35470.00000020915,263.9453521486886
2023-10-12 13:00:00,8956.222049723778,35285.500000158725,253.8215995149138
2023-10-12 14:00:00,8905.9836118432,34673.50000015327,256.8527437900365
2023-10-12 15:00:00,8937.488400883061,34204.500000145184,261.29568918841454
2023-10-12 16:00:00,9728.69333494782,35665.50000018864,272.7760254278326
2023-10-12 17:00:00,9964.200094757813,36066.50000021357,276.27299834191865
2023-10-12 18:00:00,9325.728690227723,35164.50000017642,265.2029373425169
2023-10-12 19:00:00,8425.643334024817,33565.50000010526,251.02093917857303
2023-10-12 20:00:00,7101.5522822291405,31234.00000003518,227.36608446632331
2023-10-12 21:00:00,5918.075431095606,29408.499999980195,201.23690195350298
2023-10-12 22:00:00,3316.825947889358,24585.499999792588,134.9098431155494
2023-10-12 23:00:00,1694.9731814600739,23118.99999178804,73.31515991444851
2023-10-13 00:00:00,1287.9167706833482,22944.8177148521,56.13105262761292
2023-10-13 01:00:00,1171.1549763697783,23242.048288381004,50.38949071262595
2023-10-13 02:00:00,1108.9536294170293,24024.542112229334,46.15919938189095
2023-10-13 03:00:00,1411.3836242838288,23411.49999949605,60.285911808906306
2023-10-13 04:00:00,1051.7695491892177,23428.49999683383,44.89273958347123
2023-10-13 05:00:00,1554.4374421641858,25825.999990259752,60.188857846760634
2023-10-13 06:00:00,2135.837437469753,30079.49999731282,71.00641425756943
2023-10-13 07:00:00,2331.7327078148787,32853.000000459724,70.97472705026176
2023-10-13 08:00:00,2840.925123447583,34726.49999903838,81.80856474237979
2023-10-13 09:00:00,2732.108479342467,35506.49999880368,76.94671340274373
2023-10-13 10:00:00,2438.3359275642356,36171.49999563687,67.41041781121478
2023-10-13 11:00:00,1765.2065600938195,37194.31934178455,47.459036523105965
2023-10-13 12:00:00,1509.2967865641035,36772.27430379638,41.04442314595383
2023-10-13 13:00:00,1359.0726135415648,35372.98711692864,38.42120002613933
2023-10-13 14:00:00,1190.3716308419491,34117.500077518,34.890353283133834
2023-10-13 15:00:00,1436.5546957958722,34295.00006198993,41.88816717303478
2023-10-13 16:00:00,1606.4600423043617,35062.51127617798,45.81702746990104
2023-10-13 17:00:00,1452.493350080806,34839.500012894394,41.69099296899284
2023-10-13 18:00:00,1249.8282048272624,34309.508541118375,36.42804161212046
2023-10-13 19:00:00,630.0225730470397,31940.184418083303,19.72507624878788
2023-10-13 20:00:00,425.4434785645458,31134.7728086916,13.664576297976993
2023-10-13 21:00:00,173.07140094492473,30183.97995150861,5.733882716029122
2023-10-13 22:00:00,438.158554192768,28594.056332164535,15.323413687896304
2023-10-13 23:00:00,204.8825591780498,27573.548937006704,7.4304022179413804
2023-10-14 00:00:00,181.9872046914681,27078.374138295498,6.720758187401411
2023-10-14 01:00:00,115.39883737510729,26864.159215697422,4.295642995879684
2023-10-14 02:00:00,27.140642983277996,27208.131501253218,0.9975195460235073
2023-10-14 03:00:00,11.372427292856711,28239.28187869469,0.40271658966783835
2023-10-14 04:00:00,109.66264014001432,27689.415121829727,3.9604534677786924
2023-10-14 05:00:00,37.2344597176237,27003.38466933012,1.3788812096549445
2023-10-14 06:00:00,142.25580178457295,27407.02576595521,5.190486665695844
2023-10-14 07:00:00,644.3406887266334,28415.59168092201,22.675603449047248
2023-10-14 08:00:00,1226.4046778525428,30931.783214213167,39.64868980747962
2023-10-14 09:00:00,1443.1944548353047,32213.008585283238,44.80160401703798
2023-10-14 10:00:00,1505.2420369642687,32683.510993970893,46.055089896613
2023-10-14 11:00:00,1524.1827024726576,33115.01170661664,46.026941375597154
2023-10-14 12:00:00,1408.7767073613118,32821.835986381695,42.921934895593154
2023-10-14 13:00:00,1143.6041917252533,31397.75108546672,36.423124338182326
2023-10-14 14:00:00,813.4659509265406,30061.998518503955,27.05960984017183
2023-10-14 15:00:00,1381.623932740999,31564.18085263412,43.7718925509736
2023-10-14 16:00:00,1463.7931404591004,32091.379559387,45.61328183945051
2023-10-14 17:00:00,1657.124005990823,32454.010830369967,51.06068444520613
2023-10-14 18:00:00,1741.037940009575,32625.505251832616,53.36432115213844
2023-10-14 19:00:00,1492.0401753973304,31317.010219737007,47.64312317581956
2023-10-14 20:00:00,1400.051077114621,29381.489973310734,47.65078552470911
2023-10-14 21:00:00,909.2795576411911,26903.708335023843,33.797554832151924
2023-10-14 22:00:00,933.0411618306586,26247.52262733267,35.54778007350083
2023-10-14 23:00:00,751.6988319884176,24741.819583294506,30.3817118000472
2023-10-15 00:00:00,844.0400487093998,25441.00631205782,33.176362536782406
2023-10-15 01:00:00,799.9976230304418,24794.923073139216,32.2645737061025
2023-10-15 02:00:00,750.8960930571542,24221.294047781696,31.00148536968548
2023-10-15 03:00:00,753.6661348677692,24070.248065133568,31.311107921628604
2023-10-15 04:00:00,857.7526808085411,24097.284020345716,35.595409013079106
2023-10-15 05:00:00,917.3197236033919,23840.832164100408,38.47683324513708
2023-10-15 06:00:00,1154.191660040918,24600.013721423846,46.91833399408826
2023-10-15 07:00:00,1702.6677404819875,27050.535237846303,62.943957504389466
2023-10-15 08:00:00,1879.023759450319,29720.999995011007,63.222090769682495
2023-10-15 09:00:00,2326.3927810423374,31484.499995156344,73.89009771157986
2023-10-15 10:00:00,2329.006576324403,32362.49999521586,71.96621326129623
2023-10-15 11:00:00,2324.3414402836183,32738.999995321017,70.99610374830655
2023-10-15 12:00:00,2264.207457072991,31870.999995404287,71.0428746320945
2023-10-15 13:00:00,2328.8413581485593,31097.499995044058,74.88837876098405
2023-10-15 14:00:00,2330.1290351170915,31007.999995255675,75.14606022554207
2023-10-15 15:00:00,2380.787406294674,31798.999999317446,74.86988290027286
2023-10-15 16:00:00,4237.840316823246,33013.49999993405,128.36688981270424
2023-10-15 17:00:00,6624.3757517577515,34100.000000011976,194.26321852655204
2023-10-15 18:00:00,7921.0934181346265,33371.00000003505,237.36458056774768
2023-10-15 19:00:00,7206.695858976438,31279.499999997417,230.39677293361575
2023-10-15 20:00:00,6408.146126514848,28963.499999982403,221.24902468689012
2023-10-15 21:00:00,5717.607474984175,26734.999999967924,213.86225827533326
2023-10-15 22:00:00,5055.804848625629,24241.99999995107,208.55559972922342
2023-10-15 23:00:00,4816.955532793686,23587.49999993828,204.21645078140074
2023-10-16 00:00:00,4871.3503405929005,23319.49999984697,208.89600294281044
2023-10-16 01:00:00,4850.524746994805,23073.499999938856,210.2205884242815
2023-10-16 02:00:00,4777.182205281962,22740.49999995203,210.0737541079589
2023-10-16 03:00:00,4620.543418874421,22211.99999994412,208.02014311570528
2023-10-16 04:00:00,5643.086106457311,23216.999999971813,243.05836699246942
2023-10-16 05:00:00,7619.148833978314,28239.000000047683,269.8094420470076
2023-10-16 06:00:00,8788.935158604398,32246.000000121174,272.5589269543934
2023-10-16 07:00:00,9939.632496005968,35132.00000015192,282.92247796774984
2023-10-16 08:00:00,10391.762532212322,36765.50000019205,282.64983563824893
2023-10-16 09:00:00,10529.378481074462,37752.50000021673,278.90546271144996
2023-10-16 10:00:00,10453.407424693529,37971.00000020529,275.29976625943516
2023-10-16 11:00:00,10005.942059378436,37886.000000174674,264.1065844726892
2023-10-16 12:00:00,9672.982993191788,37567.500000166234,257.4827442110597
2023-10-16 13:00:00,9318.736630420428,36708.50000013858,253.85773405029488
2023-10-16 14:00:00,9082.964251994577,36016.00000014232,252.19247700907061
2023-10-16 15:00:00,9444.56322471241,36112.00000016478,261.5353130446753
2023-10-16 16:00:00,9868.942156634259,36705.000000172135,268.87187458351656
2023-10-16 17:00:00,10310.436059655245,37609.0000001989,274.14810443246876
2023-10-16 18:00:00,10023.524145025307,37070.00000020281,270.3945008084831
2023-10-16 19:00:00,8927.065377376737,34802.00000012704,256.5101252038432
2023-10-16 20:00:00,7795.687463440684,32153.000000072396,242.4559905272644
2023-10-16 21:00:00,6846.593697948279,29029.000000034186,235.85358427573175
2023-10-16 22:00:00,4795.908366601699,25263.499999942713,189.8354688231074
2023-10-16 23:00:00,4078.1190953366977,23683.99999989968,172.18878125966776
2023-10-17 00:00:00,3763.382472002676,23783.9999998197,158.2316881950557
2023-10-17 01:00:00,3670.8644239898604,23982.99999988956,153.0611026146339
2023-10-17 02:00:00,3427.8778685204393,23273.499999875,147.28673678384644
2023-10-17 03:00:00,3560.672956199618,23771.49999990266,149.78747475818517
2023-10-17 04:00:00,4262.6093844535135,25047.99999992004,170.1776343207889
2023-10-17 05:00:00,5850.575553182411,29352.99999997953,199.31780578429772
2023-10-17 06:00:00,6767.665983024772,32753.000000041735,206.6273618604753
2023-10-17 07:00:00,6977.334835919029,34813.000000030406,200.42325671194482
2023-10-17 08:00:00,7074.695901896431,36591.00000005054,193.3452461503282
2023-10-17 09:00:00,6967.677123083082,36707.500000063104,189.81617171071588
2023-10-17 10:00:00,6528.127175290716,37881.50000005686,172.3302185837656
2023-10-17 11:00:00,5351.527044342343,37279.999999978,143.54954518094158
2023-10-17 12:00:00,4443.859489660389,36518.499999873566,121.68789763204333
2023-10-17 13:00:00,4098.1219996036125,35563.49999985689,115.23393365726388
2023-10-17 14:00:00,3454.176475989406,34842.999999820626,99.1354497605599
2023-10-17 15:00:00,3790.450890904155,35983.99999987041,105.3371190228381
2023-10-17 16:00:00,4726.851428277911,37359.99999996328,126.52171917244532
2023-10-17 17:00:00,5549.5410215958145,38542.49999998777,143.9849781824629
2023-10-17 18:00:00,4683.824934024852,37891.99999993861,123.60986313819382
2023-10-17 19:00:00,3274.554652754216,35464.49999975768,92.33330944399583
2023-10-17 20:00:00,1976.5256857581378,32871.99999871934,60.127941282402695
2023-10-17 21:00:00,1097.6047109147505,30406.53196269976,36.097661918866706
2023-10-17 22:00:00,595.5348158995502,27892.89426026808,21.350771646091143
2023-10-17 23:00:00,325.37555840404946,26929.63856059396,12.082433177553682
2023-10-18 00:00:00,165.3004850228498,27180.70318185775,6.0815382117554115
2023-10-18 01:00:00,19.211600427446,27601.612521315263,0.6960318138155841
2023-10-18 02:00:00,0.47745509787371654,27710.486066382946,0.017230123525438356
2023-10-18 03:00:00,35.31713254021818,27715.492510920565,1.2742740373927106
2023-10-18 04:00:00,127.86095745430384,28526.139485083844,4.482238387748248
2023-10-18 05:00:00,274.54053841523285,30152.873930207836,9.104954275691508
2023-10-18 06:00:00,880.0900294275641,34663.5447065681,25.389498877787975
2023-10-18 07:00:00,827.827532743495,34734.20599246524,23.833207326606875
2023-10-18 08:00:00,1008.11289774905,35996.881729987086,28.00556185146573
2023-10-18 09:00:00,1064.6535569780622,36604.57673471745,29.085257963611316
2023-10-18 10:00:00,1588.4019791333312,37091.00571067064,42.82445160758656
2023-10-18 11:00:00,1404.3201340096127,38089.203192925735,36.86924420278856
2023-10-18 12:00:00,1147.197036356191,37309.41663361322,30.74819013178151
2023-10-18 13:00:00,764.5679756497981,36300.913754807414,21.061948490168366
2023-10-18 14:00:00,821.2344317288614,36460.54534511462,22.523920691682672
2023-10-18 15:00:00,1075.7993767770215,37184.57911479525,28.931331277297563
2023-10-18 16:00:00,1409.3938461812465,38187.00694941206,36.90768035442866
2023-10-18 17:00:00,1686.1197705173709,38962.00590186041,43.276000079781824
2023-10-18 18:00:00,1545.349737679201,37570.35363004998,41.132158427254744
2023-10-18 19:00:00,1028.5307545426979,35158.10510809008,29.25444222265628
2023-10-18 20:00:00,709.2293342259975,33262.27419451404,21.322334428442993
2023-10-18 21:00:00,733.3591656310098,32448.573742314533,22.60065947597177
2023-10-18 22:00:00,528.5006843165414,31366.453991508093,16.84923276503055
2023-10-18 23:00:00,340.85980901951325,30684.898402693674,11.108389688837649
2023-10-19 00:00:00,232.12969603137518,30452.5933766167,7.622657721152184
2023-10-19 01:00:00,91.01983675760992,30074.335530225217,3.0264953540248114
2023-10-19 02:00:00,517.2290808877055,30850.599946375936,16.765608506374125
2023-10-19 03:00:00,758.4312730364098,31559.143666235217,24.032061232632465
2023-10-19 04:00:00,776.1695364673244,31433.84275464559,24.69216196459514
2023-10-19 05:00:00,820.7404489528246,32170.08411668058,25.51253661557138
2023-10-19 06:00:00,999.6950016571226,33721.99859607521,29.645188401540167
2023-10-19 07:00:00,1571.8686044083709,35193.49999918574,44.663605621627255
2023-10-19 08:00:00,1690.1952207738038,36168.49999931239,46.731139549772216
2023-10-19 09:00:00,1704.8413070475394,36781.49999981181,46.350510638670585
2023-10-19 10:00:00,1796.058151432143,37536.0000000466,47.84894904704585
2023-10-19 11:00:00,1600.2128012759085,37056.00000064632,43.18363561226247
2023-10-19 12:00:00,2237.7566447545373,37207.49999948776,60.14262298690707
2023-10-19 13:00:00,1995.0003856256446,35847.99999905021,55.65165101758821
2023-10-19 14:00:00,1686.6627681728744,36109.99999957941,46.70902155060979
2023-10-19 15:00:00,3095.433229749789,36522.49999970019,84.75414415155586
2023-10-19 16:00:00,3890.4937411048822,36645.99999981913,106.16421276876288
2023-10-19 17:00:00,4012.3860857474488,37038.4999998299,108.33014527494028
2023-10-19 18:00:00,4008.86626013282,35660.99999977602,112.41597992647428
2023-10-19 19:00:00,2785.0704918770016,33550.49999931,83.01129616352303
2023-10-19 20:00:00,1762.3685267291817,31517.999994399317,55.916255061944
2023-10-19 21:00:00,1463.6358641910388,28589.85188495505,51.194244380162516
2023-10-19 22:00:00,560.5318183244553,28991.33412232486,19.334460979248835
2023-10-19 23:00:00,168.21367652448487,28247.196701301735,5.955057356779512
2023-10-20 00:00:00,297.117154755074,29128.425521335914,10.200247676876405
2023-10-20 01:00:00,627.2820666061791,29905.445043842377,20.975513512223703
2023-10-20 02:00:00,774.0215815636604,30362.35135288964,25.49280760793236
2023-10-20 03:00:00,746.037446981787,30208.966061082036,24.695894770887275
2023-10-20 04:00:00,744.7154870888886,30414.542567656437,24.485506741792562
2023-10-20 05:00:00,771.0627692666192,31131.399802032673,24.768008318606796
2023-10-20 06:00:00,819.845052833331,32337.939434587857,25.35242093862187
2023-10-20 07:00:00,1141.454099412304,34319.27008125615,33.25985945242238
2023-10-20 08:00:00,1261.430548054961,35633.999973866674,35.39963374810774
2023-10-20 09:00:00,1284.058850338561,36603.49998107866,35.08022049810334
2023-10-20 10:00:00,1295.7258144470115,36822.99998167279,35.18794815989758
2023-10-20 11:00:00,1436.5352827522804,36688.99998157068,39.1543864230115
2023-10-20 12:00:00,1536.3724139513206,36600.999981526074,41.97624148866934
2023-10-20 13:00:00,1286.9579774580427,35845.999264575534,35.90241599792328
2023-10-20 14:00:00,1250.038606366327,35613.28157903801,35.100348828907144
2023-10-20 15:00:00,1289.2835877315076,36281.99998145752,35.53507492394069
2023-10-20 16:00:00,1220.9997291281256,37467.99998172621,32.58780104952568
2023-10-20 17:00:00,1269.79783137323,37786.99998193869,33.60409220049658
2023-10-20 18:00:00,1410.188960825804,35666.49998222402,39.5381930250693
2023-10-20 19:00:00,1462.2976844380505,33307.999959532965,43.90229633165144
2023-10-20 20:00:00,1297.0164983361535,30964.505677101188,41.88720181298811
2023-10-20 21:00:00,1223.5404116038255,29212.274634113866,41.88446216286713
2023-10-20 22:00:00,1229.2827648018445,27826.979775188243,44.175931945655385
2023-10-20 23:00:00,920.2929000709184,26767.726788432545,34.38068937809898
2023-10-21 00:00:00,917.4437924945992,27001.948906397956,33.976947207585305
2023-10-21 01:00:00,952.4677591514097,27393.308218256494,34.7700887955048
2023-10-21 02:00:00,879.5361585035653,26988.724623638474,32.58902266664392
2023-10-21 03:00:00,881.1470196635564,27015.07505840691,32.61686364959217
2023-10-21 04:00:00,876.8276282385294,26769.647666342185,32.75454496702158
2023-10-21 05:00:00,1168.8244002693893,27143.96582157469,43.06019274974105
2023-10-21 06:00:00,1642.9768804424973,27962.694927488752,58.75602779714081
2023-10-21 07:00:00,1809.3032619075075,28408.519337354286,63.6887561939372
2023-10-21 08:00:00,2328.4853476877943,30176.99999988319,77.16092877677725
2023-10-21 09:00:00,2328.7755394475817,31591.000000092292,73.71642364726594
2023-10-21 10:00:00,2330.828747860443,32588.000001728546,71.52414225287868
2023-10-21 11:00:00,2377.2487397110226,32763.499998782278,72.55783844214989
2023-10-21 12:00:00,3389.570975471186,32610.999999698586,103.93949819087163
2023-10-21 13:00:00,3701.7984918134557,32258.499999776453,114.7542040652575
2023-10-21 14:00:00,3765.3445215163824,31346.999999794516,120.11817786522043
2023-10-21 15:00:00,4294.95674688821,31971.999999879838,134.33494141449867
2023-10-21 16:00:00,6153.534386077347,33469.499999966945,183.85498397297314
2023-10-21 17:00:00,6751.319353992819,34247.99999998922,197.13032451515255
2023-10-21 18:00:00,6590.374532606641,32888.99999997721,200.38233247016348
2023-10-21 19:00:00,6135.8508324420045,31120.99999997072,197.1611076908768
2023-10-21 20:00:00,5145.945721111071,28926.999999925665,177.8942068352852
2023-10-21 21:00:00,3847.8684651634153,26989.999999782936,142.56644924766064
2023-10-21 22:00:00,2495.8245217638655,24533.999998071187,101.72921341648659
2023-10-21 23:00:00,1866.42477775503,23846.49999381821,78.26829003161336
2023-10-22 00:00:00,1960.9614115988606,23766.99999894753,82.50773811106566
2023-10-22 01:00:00,2110.5099368617243,23061.999999687705,91.51461004640984
2023-10-22 02:00:00,2378.9389585411527,22350.999998403528,106.43545965330742
2023-10-22 03:00:00,2528.0306781164218,21769.49999889249,116.12718152667878
2023-10-22 04:00:00,2605.755707284175,21409.999998933792,121.70741277038488
2023-10-22 05:00:00,2855.924433885114,21927.999999368374,130.24099023930032
2023-10-22 06:00:00,3193.404812274745,23218.499999628275,137.53708518318888
2023-10-22 07:00:00,4277.542752528918,25433.999999890915,168.1820693774972
2023-10-22 08:00:00,5422.728694005709,28739.499999932712,188.68556147526593
2023-10-22 09:00:00,5655.553080063074,30563.499999948297,185.04271696869276
2023-10-22 10:00:00,6023.788916269012,31510.999999975025,191.16463826199694
2023-10-22 11:00:00,5913.075097168606,32251.49999996067,183.34263823933202
2023-10-22 12:00:00,5502.138416407705,31646.999999934662,173.85971549970185
2023-10-22 13:00:00,5250.1851016185765,30382.499999935593,172.8029326628719
2023-10-22 14:00:00,5948.971747053427,30533.99999996391,194.83106527348065
2023-10-22 15:00:00,6838.468960294599,31366.5000000157,218.018234750169
2023-10-22 16:00:00,7972.974347150714,32545.000000053114,244.98308026233528
2023-10-22 17:00:00,8885.18192668135,33435.00000008568,265.74493574573296
2023-10-22 18:00:00,8684.548265854892,32208.500000071854,269.6352908653156
2023-10-22 19:00:00,8084.300587979444,30659.00000004034,263.6844185384
2023-10-22 20:00:00,7283.528251202627,28444.500000025448,256.0610399618946
2023-10-22 21:00:00,6262.121122775662,25971.500000001965,241.1151116714548
2023-10-22 22:00:00,5220.699793479252,23501.000000009604,222.14798491456187
2023-10-22 23:00:00,4724.555038800307,22198.500000003336,212.83217509289352
2023-10-23 00:00:00,4869.44191666874,22321.99999988123,218.14541334533865
2023-10-23 01:00:00,5004.921504631495,22456.500000026856,222.87184132102107
2023-10-23 02:00:00,4652.008547927565,21745.50000001286,213.92971179898433
2023-10-23 03:00:00,4636.867345822998,21731.99999999855,213.36588191714097
2023-10-23 04:00:00,5480.526019762248,23972.499999984506,228.61720804112173
2023-10-23 05:00:00,7011.146710206593,27736.5000000253,252.77690805257325
2023-10-23 06:00:00,8146.407770899988,31828.000000095744,255.95097935388594
2023-10-23 07:00:00,8729.874270390288,34153.5000001137,255.60701744656404
2023-10-23 08:00:00,8955.025314066235,35532.000000124215,252.02705488109112
2023-10-23 09:00:00,8686.16866213687,36372.00000011094,238.81471082454573
2023-10-23 10:00:00,8456.853974761076,36375.500000112224,232.48763521422345
2023-10-23 11:00:00,8083.5050730229,36280.50000010411,222.80577922023411
2023-10-23 12:00:00,7699.209992977619,35799.500000085034,215.06473534432968
2023-10-23 13:00:00,7359.29252252528,35309.00000007782,208.42540209320742
2023-10-23 14:00:00,6830.629520161122,35622.000000051186,191.7531166175764
2023-10-23 15:00:00,7252.43920075254,37149.000000060725,195.22569115563502
2023-10-23 16:00:00,7788.143694522638,38704.00000009326,201.22322484766102
2023-10-23 17:00:00,7771.270531155702,38592.00000009264,201.36998681428918
2023-10-23 18:00:00,6715.95091676464,36786.000000050626,182.5681214797857
2023-10-23 19:00:00,5648.175141976923,34258.99999998654,164.8669004343134
2023-10-23 20:00:00,4158.45636724837,31108.499999886415,133.675888174086
2023-10-23 21:00:00,3080.307786569722,27964.499999740605,110.15064766394158
2023-10-23 22:00:00,2169.243295804541,25987.499997257666,83.47256550393269
2023-10-23 23:00:00,2221.8454771560414,25047.999997390216,88.70350835945139
2023-10-24 00:00:00,2351.293599381097,24466.999998937597,96.10060896240628
2023-10-24 01:00:00,2598.4240898038315,24346.99999930412,106.72461041927544
2023-10-24 02:00:00,2526.482183633834,23818.49999908223,106.07226247375714
2023-10-24 03:00:00,2644.471562655624,23549.499999383166,112.29417026794161
2023-10-24 04:00:00,2922.1574779065136,23714.999999697062,123.21979666640698
2023-10-24 05:00:00,4745.2818396999,27678.49999992242,171.44288309385263
2023-10-24 06:00:00,6099.299839790104,31166.50000000226,195.70050662697648
2023-10-24 07:00:00,6730.863465351959,33875.50000000835,198.69414371301679
2023-10-24 08:00:00,7175.668650511613,35439.500000024986,202.47657699760308
2023-10-24 09:00:00,7576.604499177817,36506.00000005412,207.54408862013327
2023-10-24 10:00:00,7591.305944819684,36446.500000065396,208.28628111906664
2023-10-24 11:00:00,7660.34623215611,36736.00000008423,208.52423323547873
2023-10-24 12:00:00,7835.257154878738,36361.500000091364,215.4822313397151
2023-10-24 13:00:00,7813.829989156942,36288.00000008954,215.32820737262077
2023-10-24 14:00:00,8201.124179966935,35742.00000009281,229.4534211836394
2023-10-24 15:00:00,8522.579107422287,35715.500000102744,238.62410178767678
2023-10-24 16:00:00,9152.084224337132,36655.000000117594,249.68174121696276
2023-10-24 17:00:00,9925.886911753407,38188.000000169,259.9216222821169
2023-10-24 18:00:00,9507.42915949913,36961.50000015636,257.22519809690925
2023-10-24 19:00:00,8471.822058886984,34351.50000007196,246.6216048460544
2023-10-24 20:00:00,7231.239370242313,31478.00000001393,229.72359648767753
2023-10-24 21:00:00,6032.590634087442,28818.999999976597,209.3268549947028
2023-10-24 22:00:00,4323.462955927374,25674.99999986866,168.39193596687403
2023-10-24 23:00:00,4261.852794617156,24910.000016398084,171.09003580134916
2023-10-25 00:00:00,4533.954477460981,24946.99999983002,181.74347526724154
2023-10-25 01:00:00,4657.569651578663,24624.499999918473,189.14372481041576
2023-10-25 02:00:00,4758.680356369236,24220.499999940683,196.47325019635804
2023-10-25 03:00:00,4582.6717064993,23788.99999992917,192.63826585871388
2023-10-25 04:00:00,4439.424833778625,24096.500012377805,184.23525538971205
2023-10-25 05:00:00,5541.801286805496,27186.000004051915,203.8476159044921
2023-10-25 06:00:00,7386.428619435314,32336.000000051998,228.4274065878104
2023-10-25 07:00:00,8163.3069410208045,34453.50000006416,236.93694228469104
2023-10-25 08:00:00,8831.570848302117,36236.00000009672,243.72366840375716
2023-10-25 09:00:00,8863.61007566057,36673.500000105756,241.68977805868025
2023-10-25 10:00:00,8791.219845073289,37074.50000012763,237.12308581485993
2023-10-25 11:00:00,8780.451392026182,37812.00000012509,232.21335533685428
2023-10-25 12:00:00,8618.576771240718,37966.50000012992,227.0047745041346
2023-10-25 13:00:00,8066.394895971311,36659.50000982424,220.03559497018858
2023-10-25 14:00:00,8003.954172125089,35843.50000008869,223.3028072622731
2023-10-25 15:00:00,7835.8840483483755,35336.00000008228,221.75356713635188
2023-10-25 16:00:00,8655.67947875688,36798.500000096596,235.218269188531
2023-10-25 17:00:00,9464.755974905536,38146.00000013135,248.11922547247272
2023-10-25 18:00:00,8952.47035245852,36659.000000110194,244.2093442928506
2023-10-25 19:00:00,7972.520583274999,34500.50000003998,231.08420409170185
2023-10-25 20:00:00,6749.915463083859,31797.499999993393,212.27818108609992
2023-10-25 21:00:00,5381.0535661894455,28475.99999993809,188.96802803066248
2023-10-25 22:00:00,4171.403753774833,26012.499999874417,160.36150903584706
2023-10-25 23:00:00,3794.569349230042,25089.999999847656,151.23831603240663
2023-10-26 00:00:00,3606.094198875618,24564.999999744872,146.79805409782497
2023-10-26 01:00:00,3710.649610242157,24417.999999822194,151.96369933119735
2023-10-26 02:00:00,3542.2579453479057,24201.499999819032,146.36522303883615
2023-10-26 03:00:00,3740.4179405667783,24320.999999860764,153.79375603750637
2023-10-26 04:00:00,4327.105203336203,24460.999999912245,176.89813185690392
2023-10-26 05:00:00,6415.20716601749,29175.5000000072,219.88336672947872
2023-10-26 06:00:00,7524.578028001506,33000.50000007925,228.0140612409944
2023-10-26 07:00:00,7726.95540855949,35288.00000008053,218.96835775736386
2023-10-26 08:00:00,7754.911491813644,37282.50000007525,208.00406334870226
2023-10-26 09:00:00,6939.397025455674,37216.00000005003,186.46273176715243
2023-10-26 10:00:00,7238.558229931182,38236.000000072105,189.31264331827418
2023-10-26 11:00:00,6557.883833620115,38223.00000004336,171.5690509277837
2023-10-26 12:00:00,6138.054399466385,38126.50000003254,160.991814078427
2023-10-26 13:00:00,5589.951791062843,37360.499999996915,149.62197484143158
2023-10-26 14:00:00,6027.471041669392,38143.00000000748,158.02299351567027
2023-10-26 15:00:00,6664.345433302043,38312.00000003391,173.94929612904946
2023-10-26 16:00:00,7388.293197957235,37728.00000006268,195.83050249005936
2023-10-26 17:00:00,8035.1730505772175,38200.00000009301,210.34484425543596
2023-10-26 18:00:00,7678.9216925444625,37029.00000009095,207.37588626551087
2023-10-26 19:00:00,6448.403750663668,35310.50000001331,182.62000681557151
2023-10-26 20:00:00,5091.360858300629,32438.999999932068,156.9518437162456
2023-10-26 21:00:00,3851.797082868373,29381.9999998256,131.09376771122578
2023-10-26 22:00:00,2819.639531093666,26182.99999943239,107.68970443244821
2023-10-26 23:00:00,2487.937820184747,24945.499999176067,99.7349349689091
2023-10-27 00:00:00,2487.7504846776164,24389.499999159063,102.00088090216663
2023-10-27 01:00:00,2403.806472063086,23901.999999210344,100.56926082095644
2023-10-27 02:00:00,2163.4771415266323,23379.499998946736,92.5373571558031
2023-10-27 03:00:00,2210.900065826398,23336.499999062442,94.74000239604149
2023-10-27 04:00:00,2644.0358649622112,24230.499999614312,109.12015290663822
2023-10-27 05:00:00,4326.074926627985,27853.499999889056,155.315307830083
2023-10-27 06:00:00,5880.628081912508,31787.49999998159,184.99813077203032
2023-10-27 07:00:00,6666.9055749886875,34284.50000001118,194.45829966855322
2023-10-27 08:00:00,7018.49205312364,35706.500000026004,196.5606277041583
2023-10-27 09:00:00,7176.827291362023,37006.50000003716,193.93423564386842
2023-10-27 10:00:00,6913.4890810882025,37303.50000002541,185.33084244329604
2023-10-27 11:00:00,6866.518579188676,37238.50000002423,184.39299593657663
2023-10-27 12:00:00,6300.174233278777,36302.499999998276,173.54656658023762
2023-10-27 13:00:00,5711.585841161759,35459.99999998721,161.07123071527974
2023-10-27 14:00:00,5825.6256200141415,35359.49999997782,164.75418543864578
2023-10-27 15:00:00,5612.199802921193,34762.49999996912,161.44407919241073
2023-10-27 16:00:00,6201.478474270611,35362.49999999205,175.36877976025465
2023-10-27 17:00:00,7017.8777803709845,36584.00000002019,191.82915428512771
2023-10-27 18:00:00,6543.960778459059,35452.99999998714,184.5812985773117
2023-10-27 19:00:00,5563.28790754556,33351.49999995397,166.80772701537379
2023-10-27 20:00:00,4418.1727616410835,31148.49999987488,141.84223194243162
2023-10-27 21:00:00,3083.416456366585,28278.999999608895,109.03555487850451
2023-10-27 22:00:00,1844.6985207500686,25800.937721892446,71.4973440358649
2023-10-27 23:00:00,1725.5054984129008,25438.59124346319,67.83023013730346
2023-10-28 00:00:00,1569.7174567292527,25825.99800790146,60.78051490010174
2023-10-28 01:00:00,1665.1808977605988,26810.49439795014,62.10929470543125
2023-10-28 02:00:00,1412.6654476750887,26521.72154304152,53.26447023367261
2023-10-28 03:00:00,1412.6660306156684,26626.04485707075,53.05579699121269
2023-10-28 04:00:00,1337.660801078705,26388.277478819327,50.691478523082246
2023-10-28 05:00:00,1382.3496734443836,26892.018419171738,51.40371584971417
2023-10-28 06:00:00,1735.447729329015,27378.665883127775,63.38686248399314
2023-10-28 07:00:00,2307.0542532162194,28857.500000007767,79.94643518030315
2023-10-28 08:00:00,2355.632390221848,31148.00000034357,75.62708328611353
2023-10-28 09:00:00,2355.6935492041484,32621.00000025554,72.21402008478266
2023-10-28 10:00:00,2355.925665612812,32936.50000025546,71.52932660102134
2023-10-28 11:00:00,2356.1283879285015,33175.50000002202,71.02013196265129
2023-10-28 12:00:00,2327.331633777576,32417.999999647596,71.79133918819407
2023-10-28 13:00:00,1886.9427182841337,31957.53902428719,59.045307489105745
2023-10-28 14:00:00,2357.520049775057,31873.499998851355,73.96489402983723
2023-10-28 15:00:00,2366.480020758775,32077.499999637592,73.77382965584947
2023-10-28 16:00:00,3610.8890313872375,33989.49999969323,106.23542657055347
2023-10-28 17:00:00,4070.4474027320503,34636.99999972787,117.51731970909808
2023-10-28 18:00:00,2806.6375550587004,33428.999998448286,83.95816671719105
2023-10-28 19:00:00,1702.0818725218355,31298.010168956676,54.38306982883106
2023-10-28 20:00:00,841.9766267043052,30022.248097942444,28.04508922707922
2023-10-28 21:00:00,778.0853350312499,30380.69661447403,25.611174914947572
2023-10-28 22:00:00,468.0148302390296,28650.7734631544,16.33515516922809
2023-10-28 23:00:00,289.7952015334496,27964.45456075219,10.362984227132898
2023-10-29 00:00:00,346.2599956833313,28188.8946143296,12.283560615651552
2023-10-29 01:00:00,264.7712977345677,26651.830226158083,9.934450860890655
2023-10-29 02:00:00,503.71647868534905,24927.39475821813,20.207345515691422
2023-10-29 03:00:00,337.05871832286147,24301.39803831725,13.86993117809123
2023-10-29 04:00:00,235.32610604777435,24837.93828692452,9.474462144535462
2023-10-29 05:00:00,480.6171574030539,26265.439492839476,18.298462416137394
2023-10-29 06:00:00,421.2024842751072,26942.478883135504,15.633397583871046
2023-10-29 07:00:00,652.5041956053759,29225.258140349444,22.326721374772223
2023-10-29 08:00:00,850.0739691566055,30372.473192962756,27.988302557908455
2023-10-29 09:00:00,1238.911076434429,32272.479394760965,38.389088773747915
2023-10-29 10:00:00,1589.9085895280798,32309.987558010893,49.20796043865638
2023-10-29 11:00:00,1535.3400255827269,32997.49420414319,46.528988416033975
2023-10-29 12:00:00,1644.8459920960117,33130.62683046394,49.64729464712571
2023-10-29 13:00:00,1717.4524588075205,33386.999985000315,51.44075417315469
2023-10-29 14:00:00,1740.745663470397,33128.99999923447,52.544467491038716
2023-10-29 15:00:00,1797.0219237305007,33697.500002796645,53.32804877457856
2023-10-29 16:00:00,1764.2059229518522,34949.000003272275,50.47943926254456
2023-10-29 17:00:00,1803.1115194646316,36673.00000399142,49.167276177797945
2023-10-29 18:00:00,1803.1325592276621,35970.50000298992,50.128092717025986
2023-10-29 19:00:00,1803.1320544205514,33747.99999807091,53.42930112965572
2023-10-29 20:00:00,1386.4793555447914,31774.077006896845,43.63555093178139
2023-10-29 21:00:00,957.8325294584356,30135.784260435663,31.78389257039991
2023-10-29 22:00:00,1121.137816964184,30319.03714467495,36.97801521909787
2023-10-29 23:00:00,1279.2945189680806,30565.934424938234,41.85360411963475
2023-10-30 00:00:00,1241.5056852763528,29526.40060068734,42.04730884967577
2023-10-30 01:00:00,1125.9503563480882,28779.662792238065,39.12312539852827
2023-10-30 02:00:00,974.8099805010693,27271.689061094105,35.744393327354885
2023-10-30 03:00:00,813.9704002588154,25109.073338890856,32.417381130432865
2023-10-30 04:00:00,853.0175192871144,23877.75927795521,35.72435375352202
2023-10-30 05:00:00,1053.5853810722394,24212.499991365883,43.514109713905846
2023-10-30 06:00:00,1549.719644829752,27323.49999966817,56.71746463112605
2023-10-30 07:00:00,1861.4768689269447,31885.499999303647,58.38004324748233
2023-10-30 08:00:00,3222.3699338435117,34813.4999998594,92.56092992248772
2023-10-30 09:00:00,4893.425606886231,36499.99999995121,134.06645498336366
2023-10-30 10:00:00,5040.946979794742,37100.499999964784,135.8727504966113
2023-10-30 11:00:00,4800.125744396066,37174.49999995823,129.1241508130966
2023-10-30 12:00:00,5165.401569615077,37500.99999998198,137.74036877996744
2023-10-30 13:00:00,5990.6686242437345,36833.50000001418,162.64185114749966
2023-10-30 14:00:00,6961.060197647112,36527.50000004832,190.57039758094322
2023-10-30 15:00:00,7774.5309030651015,36546.00000008853,212.7327451170106
2023-10-30 16:00:00,8420.332764463108,38466.500000110515,218.9004137220417
2023-10-30 17:00:00,9203.334921093938,40349.500000154534,228.090432869272
2023-10-30 18:00:00,8881.008630853012,39781.00000016066,223.2474958099883
2023-10-30 19:00:00,7616.352439006866,37780.00000005342,201.59747059280298
2023-10-30 20:00:00,6574.5832637293,34896.50000000586,188.40236882576178
2023-10-30 21:00:00,5154.084339507622,31748.49999993635,162.34103467936924
2023-10-30 22:00:00,3927.970031932474,28879.499999841788,136.012397442961
2023-10-30 23:00:00,2599.185981161284,26103.999998976436,99.57040994725715
2023-10-31 00:00:00,2308.7734406796617,25175.499998654035,91.70715341514949
2023-10-31 01:00:00,2491.304344717322,25082.999999062387,99.32242334690618
2023-10-31 02:00:00,2355.560169349326,24512.99999895784,96.09432421366098
2023-10-31 03:00:00,2123.8029161612635,24300.999998159845,87.39570043710486
2023-10-31 04:00:00,1900.4330309455554,24014.999996033835,79.1352501044938
2023-10-31 05:00:00,2467.5868055515825,24937.49999937593,98.95084934790314
2023-10-31 06:00:00,4007.066183049441,28608.999999808366,140.06313338726562
2023-10-31 07:00:00,5791.547348339215,33137.99999996278,174.77057602588326
2023-10-31 08:00:00,6878.6745526598115,36059.00000002529,190.76165597090844
2023-10-31 09:00:00,7421.605372558688,37463.50000004074,198.10229616962158
2023-10-31 10:00:00,8172.073140112127,37866.50000007516,215.81274055156686
2023-10-31 11:00:00,7788.776993152528,37798.5000000465,206.0604784090095
2023-10-31 12:00:00,7062.510701989257,37343.000000013744,189.1254238274016
2023-10-31 13:00:00,6834.762850346618,36777.00000002196,185.84340349518823
2023-10-31 14:00:00,7018.118683361082,36299.50000004105,193.33926592248227
2023-10-31 15:00:00,7532.1687918088,36278.00000006042,207.62359534142607
2023-10-31 16:00:00,8143.855643426726,37385.00000008339,217.83751888213348
2023-10-31 17:00:00,8862.317323954616,38798.50000009726,228.41907094172197
2023-10-31 18:00:00,8610.220379214075,38183.500000117485,225.4958392810398
2023-10-31 19:00:00,7888.503743704015,36865.50000004146,213.9806524716915
2023-10-31 20:00:00,6904.136522509279,34655.49999999549,199.2219567604039
2023-10-31 21:00:00,5549.565399872362,31516.49999994222,176.0844446522468
2023-10-31 22:00:00,4323.10522778993,28185.999999847474,153.37774880484366
2023-10-31 23:00:00,2855.618060592945,25633.49999902474,111.40180079589562
2023-11-01 00:00:00,2091.0061216879203,25464.499999220392,82.11455641194358
2023-11-01 01:00:00,1851.8261127705005,25673.999997499584,72.1284612039749
2023-11-01 02:00:00,1082.7261826029157,24966.529672515608,43.36710775606249
2023-11-01 03:00:00,916.709432669268,25313.24328191203,36.214617876497755
2023-11-01 04:00:00,895.3039177452027,27267.485789994542,32.83412063145635
2023-11-01 05:00:00,950.0476049076464,31088.27223927084,30.559678504987556
2023-11-01 06:00:00,1135.0580022491133,35100.63501988306,32.33724978497254
2023-11-01 07:00:00,1536.212240638649,37583.78699573698,40.87433341437618
2023-11-01 08:00:00,1609.1931513125685,38191.16308375603,42.13522242785561
2023-11-01 09:00:00,1796.2724875574772,38936.97151324017,46.13282486406707
2023-11-01 10:00:00,1796.4842700253555,39077.30466849542,45.97257372957205
2023-11-01 11:00:00,1796.6316017312415,39842.82340462109,45.092979066409804
2023-11-01 12:00:00,1759.7701782920155,39853.63616066893,44.15582485867905
2023-11-01 13:00:00,1756.0569950469148,40023.065384704874,43.876124383965994
2023-11-01 14:00:00,1774.1287011924678,39466.012057057706,44.953330947842765
2023-11-01 15:00:00,1703.076670762844,38934.706414892105,43.741864972980395
2023-11-01 16:00:00,1337.191648708625,38278.00001129158,34.933686407705956
2023-11-01 17:00:00,1628.2220035177327,40348.0000125873,40.354466219137976
2023-11-01 18:00:00,1847.754767048285,39717.500012003395,46.5224338513214
2023-11-01 19:00:00,1855.310827373065,38227.00001247271,48.53404208459241
2023-11-01 20:00:00,1883.045399996413,35779.00001202683,52.629905792879676
2023-11-01 21:00:00,1875.7688274957059,32759.00000474871,57.25964856142729
2023-11-01 22:00:00,1796.9293659176594,30977.852659398406,58.006905309896844
2023-11-01 23:00:00,1119.7410144664336,29235.460754421772,38.30078218613593
2023-11-02 00:00:00,1023.0621018358174,29260.290899906002,34.96418081882788
2023-11-02 01:00:00,1023.1779234868482,29679.301993974288,34.474460473988955
2023-11-02 02:00:00,1076.0848919774317,29186.52166544167,36.86924068281734
2023-11-02 03:00:00,1088.2766528415825,28744.315351419275,37.86058702517846
2023-11-02 04:00:00,1067.8363402205302,27854.836584265013,38.335760362124795
2023-11-02 05:00:00,1027.4143052912846,27301.262097355095,37.63248386201233
2023-11-02 06:00:00,1589.3383573022388,29305.499999065058,54.23344960341724
2023-11-02 07:00:00,2262.244681156958,32791.49999959271,68.98875260921449
2023-11-02 08:00:00,2357.473971891253,35805.50000177586,65.84111300706117
2023-11-02 09:00:00,2928.3109907701614,37346.999999642096,78.40819853798763
2023-11-02 10:00:00,3551.699904949215,38173.99999972859,93.03976279599902
2023-11-02 11:00:00,3691.970654030318,38448.499999783126,96.02378906982439
2023-11-02 12:00:00,3664.2304286370686,38677.99999978905,94.73681236509266
2023-11-02 13:00:00,3024.1866870768536,38637.999999494146,78.2697522417425
2023-11-02 14:00:00,3056.8738453874857,38197.99999958017,80.02706543329712
2023-11-02 15:00:00,3891.593936125452,38528.999999805426,101.0042808311948
2023-11-02 16:00:00,4657.040232340898,40143.49999988196,116.00982057754285
2023-11-02 17:00:00,5023.039241178692,41665.49999990743,120.55631736544267
2023-11-02 18:00:00,4356.916555000685,40781.49999980671,106.8356130848874
2023-11-02 19:00:00,3396.09520258736,38651.99999946746,87.86337583137096
2023-11-02 20:00:00,2281.346886691685,35931.49999889727,63.491557178567525
2023-11-02 21:00:00,1886.7762343965694,35361.816452221654,53.35631547507877
2023-11-02 22:00:00,1703.2990935836312,33461.570100716,50.9031431716106
2023-11-02 23:00:00,1321.4787080410467,31409.79487423825,42.07218523177622
2023-11-03 00:00:00,980.1532670210952,30887.537109370307,31.732969305725174
2023-11-03 01:00:00,1047.4927867455322,31008.13195838732,33.781228361362096
2023-11-03 02:00:00,876.8403435883698,30199.744676008042,29.03469393517651
2023-11-03 03:00:00,850.8251565263895,30138.798113404482,28.23022846912989
2023-11-03 04:00:00,823.4363889692371,29173.815411771207,28.225186776118168
2023-11-03 05:00:00,921.4148291760677,29296.87858210958,31.45095565705551
2023-11-03 06:00:00,957.3828333380964,29310.222245390563,32.6637862150178
2023-11-03 07:00:00,1465.2092587417649,32971.99999962539,44.437985525852596
2023-11-03 08:00:00,1653.1821756430152,35546.50000109589,46.50759359126912
2023-11-03 09:00:00,1840.3389904361238,36599.00000118453,50.283859951817284
2023-11-03 10:00:00,1396.9855494544345,33276.999999689404,41.98051355192696
2023-11-03 11:00:00,1397.3239666646025,34912.500001023625,40.023600905796876
2023-11-03 12:00:00,2058.039597148722,37889.99999977797,54.31616777938195
2023-11-03 13:00:00,1853.5670586284295,37334.49999967745,49.647566155819504
2023-11-03 14:00:00,1960.8329200547298,35634.99999943853,55.0254783242774
2023-11-03 15:00:00,2497.0886600958884,35758.99999969311,69.83105400367234
2023-11-03 16:00:00,4734.892590604157,37536.99999992354,126.13934492937106
2023-11-03 17:00:00,6188.435877686776,39790.00000000577,155.5274158754933
2023-11-03 18:00:00,6370.263058405123,38669.50000002483,164.7361113642802
2023-11-03 19:00:00,5781.504592022533,36761.499999962274,157.27063890288662
2023-11-03 20:00:00,5606.5072308763465,34177.99999996036,164.03848179773095
2023-11-03 21:00:00,5218.815564067697,32018.499999945583,162.99375561242925
2023-11-03 22:00:00,4357.3210382242805,29248.49999991013,148.97588041224913
2023-11-03 23:00:00,3233.1478748310215,26761.999999667794,120.81114546263939
2023-11-04 00:00:00,3051.3991605598108,26430.99999935143,115.44773790755882
2023-11-04 01:00:00,2989.123484463023,25412.999999481162,117.62182680218982
2023-11-04 02:00:00,3431.8414073968875,24063.99999988388,142.61309040115725
2023-11-04 03:00:00,3984.4242994229116,23456.50000002895,169.8644000348728
2023-11-04 04:00:00,4148.042110583291,23692.500000012587,175.0782783826564
2023-11-04 05:00:00,3948.166140105086,24365.49999999163,162.03920051328487
2023-11-04 06:00:00,3511.5759434741694,25295.49999967928,138.82215981177254
2023-11-04 07:00:00,3656.2191585467817,26728.49999985717,136.79103423560318
2023-11-04 08:00:00,4809.057851413674,29918.00000002258,160.74128790059643
2023-11-04 09:00:00,5485.1606125538465,31976.500000025208,171.53724180412246
2023-11-04 10:00:00,5860.7753402719,33468.00000004175,175.11579240661496
2023-11-04 11:00:00,5621.560417416709,34106.50000002362,164.8237261933302
2023-11-04 12:00:00,5204.759140860857,34466.499999966116,151.00921593042443
2023-11-04 13:00:00,4389.130201848497,34273.499999908294,128.0619196131192
2023-11-04 14:00:00,4308.548796441188,33895.49999990059,127.11270807198078
2023-11-04 15:00:00,4591.385350779925,33760.99999992597,135.99672257308708
2023-11-04 16:00:00,5931.353275342084,35255.50000001384,168.2390910734426
2023-11-04 17:00:00,6973.143713888199,36662.00000003618,190.20085412365165
2023-11-04 18:00:00,6542.358037761537,35539.00000000479,184.0895365024524
2023-11-04 19:00:00,5664.373391252223,32992.499999988235,171.68669822699835
2023-11-04 20:00:00,5423.118510796607,31632.999999980926,171.43864036923077
2023-11-04 21:00:00,5037.1852750891,29995.499999964057,167.93136554133577
2023-11-04 22:00:00,4223.394484103399,28062.499999910382,150.49958072576877
2023-11-04 23:00:00,3851.608638556534,25559.499999890635,150.69186167855452
2023-11-05 00:00:00,3992.5587895993763,24690.499999817974,161.70425020266137
2023-11-05 01:00:00,3818.5960733990614,23728.99999993456,160.92528439502686
2023-11-05 02:00:00,3758.8822106014745,23103.999999894742,162.6940014983812
2023-11-05 03:00:00,3568.123665325373,22197.49999988062,160.74439307780438
2023-11-05 04:00:00,3298.849278246496,22157.499999814143,148.88183586930685
2023-11-05 05:00:00,2884.956680381781,23130.49999977697,124.72521910073705
2023-11-05 06:00:00,2554.472366522176,24137.499999468222,105.83003072308458
2023-11-05 07:00:00,3046.2858073749526,26406.499999678224,115.36121058875932
2023-11-05 08:00:00,3828.555623880204,28830.499999919622,132.79532522470572
2023-11-05 09:00:00,4277.197424389922,31098.999999906366,137.53488615077012
2023-11-05 10:00:00,4362.466683885547,32770.499999919935,133.12176145912346
2023-11-05 11:00:00,3949.729667866353,34022.99999986198,116.08998818100625
2023-11-05 12:00:00,3777.6018324356096,33896.49999978635,111.44518851384125
2023-11-05 13:00:00,3878.25342852194,33714.499999829,115.03220954015663
2023-11-05 14:00:00,4105.74771348412,33141.999999842534,123.88352282613083
2023-11-05 15:00:00,4845.571456578854,33620.99999992351,144.12335910858923
2023-11-05 16:00:00,6508.839879006546,36222.000000014676,179.69300091115645
2023-11-05 17:00:00,7745.0934265325795,37858.50000005021,204.58003952936085
2023-11-05 18:00:00,7118.7532759630685,36194.00000003056,196.6832424146836
2023-11-05 19:00:00,6478.745435570413,34213.500000000524,189.3622527823904
2023-11-05 20:00:00,6022.814208226646,32909.99999997762,183.0086359231462
2023-11-05 21:00:00,4886.613359502387,29991.499999914726,162.93327641219278
2023-11-05 22:00:00,4125.392951670721,27632.49999984367,149.29495889601233
2023-11-05 23:00:00,3192.899416679611,24775.49999968898,128.87325853039064
2023-11-06 00:00:00,2822.0924307838604,24466.999999515818,115.34280585440419
2023-11-06 01:00:00,2861.829782512752,24890.49999954436,114.9767896412342
2023-11-06 02:00:00,2555.74410373777,24397.99999917358,104.75219705813342
2023-11-06 03:00:00,2349.8791034925903,24093.999998969655,97.5296382332979
2023-11-06 04:00:00,2099.339451150626,23998.49999843087,87.4779445085272
2023-11-06 05:00:00,2129.449182135742,24708.999997649804,86.1811154776917
2023-11-06 06:00:00,3215.6820018401613,27673.999999729713,116.19867029961583
2023-11-06 07:00:00,5629.664727361192,32740.49999996406,171.94803767099987
2023-11-06 08:00:00,6330.933183840818,35938.00000005385,176.16264633066203
2023-11-06 09:00:00,6191.292055161201,37740.50000001292,164.04902041994887
2023-11-06 10:00:00,6610.859749905025,38091.500000023065,173.5520982345411
2023-11-06 11:00:00,5786.737365324695,38222.99999998057,151.39411781722094
2023-11-06 12:00:00,5091.242512304317,38089.99999994328,133.66349467870566
2023-11-06 13:00:00,4633.699403485188,37374.49999993257,123.98023795618799
2023-11-06 14:00:00,4498.723781558041,36564.99999995535,123.03360540307766
2023-11-06 15:00:00,5034.402072495199,36456.99999997217,138.0915070493744
2023-11-06 16:00:00,6283.687314442361,38383.000000016735,163.7101663350864
2023-11-06 17:00:00,7691.319557255386,40895.000000071734,188.0748149466168
2023-11-06 18:00:00,7282.901581939613,40568.00000006241,179.523308566565
2023-11-06 19:00:00,6203.2197407011945,38662.00000000134,160.44746109101908
2023-11-06 20:00:00,5036.6122816621355,36094.99999993646,139.53767230006932
2023-11-06 21:00:00,3360.566304297526,32595.999999638123,103.09750596192276
2023-11-06 22:00:00,1850.1788799293363,29993.96020078596,61.68504817449395
2023-11-06 23:00:00,1784.1940566506719,28970.71949360818,61.58611480271725
2023-11-07 00:00:00,1762.072357484844,28350.76614134986,62.15254814277645
2023-11-07 01:00:00,1632.6884089590053,27344.53441525016,59.70803467212988
2023-11-07 02:00:00,1567.4602014607165,27149.585175682965,57.734222873675485
2023-11-07 03:00:00,1460.9870395610594,26542.37822917712,55.0435619199732
2023-11-07 04:00:00,1314.6330241539247,25546.58101226054,51.46023350533657
2023-11-07 05:00:00,1543.7127194360805,24629.999995279268,62.67611529565399
2023-11-07 06:00:00,1882.3961664654466,29939.999999656782,62.87228344980045
2023-11-07 07:00:00,4255.968080809487,33451.99999994382,127.22611744638989
2023-11-07 08:00:00,5533.916448260258,36677.50000001845,150.8804157387356
2023-11-07 09:00:00,5688.979306424722,38231.00000000397,148.80540154388143
2023-11-07 10:00:00,5592.960482879512,38495.49999999797,145.2886826480967
2023-11-07 11:00:00,5277.304309526119,38706.99999997145,136.33979149843728
2023-11-07 12:00:00,4804.372936461136,38283.499999932894,125.4946109020742
2023-11-07 13:00:00,5139.501093498041,37414.99999998294,137.3647225310807
2023-11-07 14:00:00,5515.1485624625575,36357.50000000634,151.69218352366352
2023-11-07 15:00:00,6400.256250476094,36696.00000005406,174.412912864254
2023-11-07 16:00:00,7931.815802120918,38756.500000116306,204.6576910220767
2023-11-07 17:00:00,9108.340179828821,41123.000000173924,221.49016802738856
2023-11-07 18:00:00,9057.3098053015,41116.50000018622,220.2840661355047
2023-11-07 19:00:00,8488.987174806001,39253.50000011893,216.2606436312757
2023-11-07 20:00:00,7482.476587447736,36153.00000005901,206.96696228350407
2023-11-07 21:00:00,6267.549218539686,33336.999999993954,188.00579591867364
2023-11-07 22:00:00,4864.319243456099,29627.999999932552,164.17980435625668
2023-11-07 23:00:00,3002.8061989728053,26358.999999520467,113.91957961331741
2023-11-08 00:00:00,2720.7175705805394,25637.999999311996,106.12050747537056
2023-11-08 01:00:00,2684.486089694013,25672.499999051142,104.56660199798353
2023-11-08 02:00:00,2602.237802281234,25633.99999926994,101.51508942636133
2023-11-08 03:00:00,2320.411009698116,25615.49999846761,90.5862079536581
2023-11-08 04:00:00,1557.1434044692296,25451.99999954859,61.17960885183273
2023-11-08 05:00:00,1913.353745083535,27492.49999887443,69.59548040963425
2023-11-08 06:00:00,2047.4998308973795,31333.499999165353,65.34539170382881
2023-11-08 07:00:00,1708.4736027604908,35146.49999853296,48.61006367154065
2023-11-08 08:00:00,2125.0948758626632,37978.4999990272,55.95520823405602
2023-11-08 09:00:00,2107.939375459967,38673.99999643897,54.50533628934328
2023-11-08 10:00:00,2487.4096613407255,38572.49999899334,64.48660733438697
2023-11-08 11:00:00,2622.8075403904118,39329.99999899089,66.68719909630579
2023-11-08 12:00:00,2706.4883529469166,39716.99999886885,68.14432996006744
2023-11-08 13:00:00,2417.631737609732,38627.99999842097,62.58754628012218
2023-11-08 14:00:00,2723.9972410398905,38107.9999995971,71.4809814492676
2023-11-08 15:00:00,3441.9401344728713,38198.49999981193,90.10668310247307
2023-11-08 16:00:00,5037.940539380782,39327.99999995893,128.1006036255605
2023-11-08 17:00:00,6064.418821842306,41062.49999999173,147.68752077548928
2023-11-08 18:00:00,6553.9451521643905,40896.50000000599,160.2568716678305
2023-11-08 19:00:00,6821.715566958999,39702.00000000199,171.8229703027217
2023-11-08 20:00:00,6080.987249060861,36953.49999996356,164.55781587851914
2023-11-08 21:00:00,4823.433512315273,33388.49999989715,144.4639175862986
2023-11-08 22:00:00,3961.3865348599743,29510.999999813353,134.23423587425125
2023-11-08 23:00:00,3089.2347126068116,27153.999999427444,113.76720603491013
2023-11-09 00:00:00,2769.897040166208,26850.499998940606,103.159979898903
2023-11-09 01:00:00,2249.1784330160995,26235.99999812674,85.72870990915887
2023-11-09 02:00:00,2055.196707473945,25878.99999715544,79.41561527492745
2023-11-09 03:00:00,1488.8954768631315,26030.75160490936,57.197560003696864
2023-11-09 04:00:00,1301.5416088237014,25534.553887492748,50.97177787238407
2023-11-09 05:00:00,2280.8069665408602,26407.9999995295,86.36803114895093
2023-11-09 06:00:00,4805.207687085665,31208.499999936746,153.97111963392678
2023-11-09 07:00:00,6195.437116712109,35605.50000001017,174.00225012176037
2023-11-09 08:00:00,6417.883055834107,37685.50000002374,170.30112525586932
2023-11-09 09:00:00,6537.094477491912,38922.00000002097,167.95371454417526
2023-11-09 10:00:00,7717.990987237164,39302.500000084176,196.37404712729813
2023-11-09 11:00:00,7102.7910960774825,39144.000000057014,181.4528687938672
2023-11-09 12:00:00,6519.282134391911,39157.00000003342,166.4908479808552
2023-11-09 13:00:00,6248.263868554534,38356.50000001872,162.899739771655
2023-11-09 14:00:00,6772.400372308233,38321.50000005503,176.72586856721446
2023-11-09 15:00:00,7577.443559138815,38427.50000009103,197.18804395604357
2023-11-09 16:00:00,8443.111028605033,40163.50000013826,210.2185075647284
2023-11-09 17:00:00,9128.470927515815,41563.500000172935,219.62709895648428
2023-11-09 18:00:00,9043.468340987796,41402.00000017672,218.4307120658228
2023-11-09 19:00:00,7986.129864887743,39616.00000009991,201.58849618506667
2023-11-09 20:00:00,6914.731836335307,37309.50000006196,185.33434745370008
2023-11-09 21:00:00,5580.035022974403,34020.50000003177,164.01978286530746
2023-11-09 22:00:00,4751.210024864984,30715.499999994125,154.68444351763418
2023-11-09 23:00:00,3755.93804490789,27743.499999904663,135.38082956082675
2023-11-10 00:00:00,3391.803132409248,26664.49999961814,127.20295270707577
2023-11-10 01:00:00,3291.23723699439,26527.999999696487,124.06654240922971
2023-11-10 02:00:00,3168.30142035637,25851.999999629006,122.55536981285151
2023-11-10 03:00:00,3309.78328820632,25210.999999711377,131.28330047376983
2023-11-10 04:00:00,3640.358512126899,24759.99999982507,147.02578805139814
2023-11-10 05:00:00,4548.813096493467,25340.999999935557,179.50408809853735
2023-11-10 06:00:00,6633.983623897973,29342.99999999807,226.0840276692366
2023-11-10 07:00:00,8588.867456423817,34020.50000008234,252.4615292662668
2023-11-10 08:00:00,9272.837682541423,36407.50000011703,254.69580944892172
2023-11-10 09:00:00,9630.64964845024,38181.50000015437,252.23340226055296
2023-11-10 10:00:00,9809.55549087269,38912.000000171174,252.09589563192685
2023-11-10 11:00:00,9774.363374245095,39532.50000018053,247.24880476065158
2023-11-10 12:00:00,9164.715086633663,39601.50000018256,231.4234331172156
2023-11-10 13:00:00,8090.452648259299,39410.50000011203,205.28672938014745
2023-11-10 14:00:00,7378.09268361888,38617.00000008231,191.0581527203862
2023-11-10 15:00:00,6749.898396530502,38463.00000005261,175.4906896633458
2023-11-10 16:00:00,7041.7965427002155,40081.00000006544,175.68914305253656
2023-11-10 17:00:00,7990.681365498314,41836.00000011347,191.00012825023046
2023-11-10 18:00:00,7730.626854507159,41135.00000011948,187.93307048704767
2023-11-10 19:00:00,7027.189444296315,38793.50000004809,181.14347620832365
2023-11-10 20:00:00,6013.848242642806,36404.49999999588,165.19518857952963
2023-11-10 21:00:00,5166.252061490736,33461.999999929416,154.3916102295629
2023-11-10 22:00:00,3274.5852533285088,30307.99999967942,108.0435942115331
2023-11-10 23:00:00,2340.4789817619076,27799.499998316638,84.19140566929737
2023-11-11 00:00:00,2452.144756462018,27215.999998705494,90.0993811206148
2023-11-11 01:00:00,2440.669320953742,26892.49999873051,90.75650538510575
2023-11-11 02:00:00,2355.091335873837,26246.999998844112,89.72801981093278
2023-11-11 03:00:00,2385.694518463972,25592.999998812964,93.21668106805079
2023-11-11 04:00:00,2071.7795982281355,24698.49999511024,83.88281064187308
2023-11-11 05:00:00,2054.0595291805034,24063.999996895553,85.35819188187722
2023-11-11 06:00:00,2885.0799193514445,25579.499999400883,112.78875347129608
2023-11-11 07:00:00,4464.351569040725,27966.999999901745,159.62926195360276
2023-11-11 08:00:00,6067.39021737784,31702.999999993892,191.38221043368162
2023-11-11 09:00:00,6984.868447826112,34426.00000003771,202.89515040430084
2023-11-11 10:00:00,7611.338784282769,35396.50000006413,215.03083028742896
2023-11-11 11:00:00,7692.956589253557,35367.50000008313,217.51485372829504
2023-11-11 12:00:00,7560.478492530242,34867.0000000528,216.83765430116708
2023-11-11 13:00:00,7773.566134062321,33963.50000009311,228.88000747982423
2023-11-11 14:00:00,7998.878664404869,33145.000000088156,241.32987371801462
2023-11-11 15:00:00,8408.006617570076,32797.500000119515,256.36120489486814
2023-11-11 16:00:00,9890.887333707105,35597.000000188935,277.8573288101415
2023-11-11 17:00:00,11209.56226401973,37824.50000027863,296.35718288244806
2023-11-11 18:00:00,11070.605118274409,37323.500000289634,296.6121911982665
2023-11-11 19:00:00,10260.073649414391,35441.000000188935,289.497295487139
2023-11-11 20:00:00,9391.107771751578,33382.00000012284,281.3225022981553
2023-11-11 21:00:00,8439.461201696678,31087.000000072516,271.4787918318587
2023-11-11 22:00:00,7529.839938631088,28942.500000023912,260.16549844086956
2023-11-11 23:00:00,6260.730175771875,26063.000000000506,240.21525441322004
2023-11-12 00:00:00,5996.4851010741795,25562.999999942844,234.57673594991147
2023-11-12 01:00:00,5751.314818125857,25120.500000001866,228.9490582641838
2023-11-12 02:00:00,5353.46947751606,24436.999999988264,219.07228700407705
2023-11-12 03:00:00,5071.704377879578,23816.999999978903,212.94471922929296
2023-11-12 04:00:00,4722.182393771177,23279.999999966043,202.84288633067288
2023-11-12 05:00:00,4420.094832796146,23133.999999947016,191.0648756292154
2023-11-12 06:00:00,4638.300518384544,24014.49999989002,193.14582932835523
2023-11-12 07:00:00,5372.029378378506,25948.49999998116,207.02658644555203
2023-11-12 08:00:00,6265.219250502698,28733.000000016284,218.04960326102903
2023-11-12 09:00:00,7376.453379736946,31971.50000004377,230.71965280724544
2023-11-12 10:00:00,7989.221267764069,33688.000000059365,237.15332663708116
2023-11-12 11:00:00,8180.32421711113,34695.00000006914,235.7781875513713
2023-11-12 12:00:00,8462.712588704098,35708.50000007918,236.99434556717122
2023-11-12 13:00:00,8304.859649765327,35979.00000009229,230.82519385597223
2023-11-12 14:00:00,7735.849526497093,35620.500000074804,217.17408589101353
2023-11-12 15:00:00,7284.108012498532,36169.500000055734,201.38813122899978
2023-11-12 16:00:00,7894.265353293037,39307.50000007814,200.83356492469235
2023-11-12 17:00:00,8422.221799323228,40512.00000010392,207.8944954408971
2023-11-12 18:00:00,7469.281845465686,39518.50000008544,189.007220553653
2023-11-12 19:00:00,6252.7965986418485,37149.50000000998,168.31442142263472
2023-11-12 20:00:00,5407.53147968387,34453.999999962005,156.94930863440626
2023-11-12 21:00:00,4630.572672288988,31996.499999902164,144.72122489344605
2023-11-12 22:00:00,3784.4952396541853,29401.999999801432,128.71557171892198
2023-11-12 23:00:00,2298.598511517124,26118.99999857996,88.00484366331385
2023-11-13 00:00:00,2692.0070621856935,25686.49999950941,104.8024083560278
2023-11-13 01:00:00,2439.4132963840243,26134.999999311225,93.3389438090038
2023-11-13 02:00:00,1970.15475387969,25845.49999868297,76.22815399122031
2023-11-13 03:00:00,1888.6755848159419,26185.499998513184,72.1267718746322
2023-11-13 04:00:00,1277.0130062923156,26294.499999085543,48.56578396001928
2023-11-13 05:00:00,1130.0813361097134,29670.742514574238,38.08739655081495
2023-11-13 06:00:00,1142.6608349386852,33043.64611722951,34.58034960442464
2023-11-13 07:00:00,1503.9439724517158,36627.0000017884,41.06107440899561
2023-11-13 08:00:00,2687.172496188353,38439.49999967569,69.90654134968
2023-11-13 09:00:00,2997.0686697064493,39924.49999972443,75.06840836396539
2023-11-13 10:00:00,3264.0344351981007,39739.499999793596,82.13577008304215
2023-11-13 11:00:00,2259.0872197705953,39586.99999919341,57.066390982307944
2023-11-13 12:00:00,2665.0990349053177,39022.99999956839,68.29559580080452
2023-11-13 13:00:00,3023.943063840898,38613.49999970133,78.31310458425908
2023-11-13 14:00:00,3744.273865864126,38432.49999982439,97.42467614340038
2023-11-13 15:00:00,3680.6924938990364,39124.49999977628,94.07640976677231
2023-11-13 16:00:00,4222.76945165953,41330.99999985532,102.16954469222405
2023-11-13 17:00:00,5185.717841661556,42921.999999917505,120.81724620640983
2023-11-13 18:00:00,5252.880110642758,41579.99999993945,126.3318929930353
2023-11-13 19:00:00,3860.5757658326293,38988.99999975144,99.0170500873898
2023-11-13 20:00:00,2942.3992269402615,36235.4999991863,81.20211469432836
2023-11-13 21:00:00,1712.2595553207548,33118.49998571443,51.700999624358985
2023-11-13 22:00:00,1696.0668392540185,31442.94202570987,53.94109870085311
2023-11-13 23:00:00,1316.9033239593614,29235.966029397005,45.04394767168645
2023-11-14 00:00:00,1402.3992260985465,28794.0763542417,48.70443520554035
2023-11-14 01:00:00,1437.268890893068,28358.577200279342,50.6819817067166
2023-11-14 02:00:00,1326.3761155583388,27699.306170605836,47.884813698542125
2023-11-14 03:00:00,1109.8611867499994,26795.191168282792,41.420163035213996
2023-11-14 04:00:00,1263.4369618818537,26882.46845798772,46.99854717048658
2023-11-14 05:00:00,1235.8245986526333,26959.999213500087,45.839192681941924
2023-11-14 06:00:00,2167.31680697412,29139.999999368163,74.37600573167857
2023-11-14 07:00:00,2359.5716056911624,33792.99999928276,69.82427146868415
2023-11-14 08:00:00,3532.9901263087136,36363.99999988981,97.15625691121491
2023-11-14 09:00:00,5567.840426382904,38002.9999999938,146.51054986142705
2023-11-14 10:00:00,7492.5361019407965,38459.50000004528,194.81626391221872
2023-11-14 11:00:00,8288.209340256755,38803.50000007835,213.59437525584084
2023-11-14 12:00:00,8077.5342870907225,38040.0000000733,212.34317263604515
2023-11-14 13:00:00,8318.786078896806,38081.00000008527,218.44978017589295
2023-11-14 14:00:00,7865.739246959988,37994.500000079584,207.02310194747955
2023-11-14 15:00:00,7524.686329267954,37862.00000008579,198.7398005718373
2023-11-14 16:00:00,8339.983638268617,39670.00000011116,210.23402163461677
2023-11-14 17:00:00,9244.811491331093,41310.50000016299,223.7884191983786
2023-11-14 18:00:00,8745.56426250647,40655.50000016715,215.1139270817113
2023-11-14 19:00:00,7640.694060331617,38501.50000006839,198.45185409186774
2023-11-14 20:00:00,6138.1797371616,35780.99999998829,171.54857989334027
2023-11-14 21:00:00,4679.846033190167,32502.49999989435,143.98418685348446
2023-11-14 22:00:00,2901.8903050039976,28957.499999255782,100.21204541409227
2023-11-14 23:00:00,1374.3859588396397,26499.499995759154,51.864599673940624
2023-11-15 00:00:00,1322.4482486226311,26584.49999682096,49.745086376677115
2023-11-15 01:00:00,1140.2266770799913,27432.109833242983,41.56540215139535
2023-11-15 02:00:00,1131.5009732547953,27497.488599163127,41.149247836736336
2023-11-15 03:00:00,1083.8552143008467,27764.640133162193,39.03725058572922
2023-11-15 04:00:00,1021.1317750695947,27249.386885012405,37.47356883215723
2023-11-15 05:00:00,1418.0770470528246,26969.99998028867,52.579794144947805
2023-11-15 06:00:00,1879.0757375719577,31302.9999995513,60.028615072002445
2023-11-15 07:00:00,4386.944552753566,35356.499999952175,124.07745542572088
2023-11-15 08:00:00,5917.059705491982,37486.500000003114,157.84508304300186
2023-11-15 09:00:00,6023.619141193113,39113.000000027634,154.00555163727807
2023-11-15 10:00:00,5962.981905204742,39687.50000001936,150.24836296571547
2023-11-15 11:00:00,5710.102576645816,39651.500000013395,144.00722738468625
2023-11-15 12:00:00,5513.90773879325,39590.50000000071,139.2735059873745
2023-11-15 13:00:00,5299.302748043495,38775.999999994376,136.6645024768997
2023-11-15 14:00:00,5854.465339705007,38995.50000002824,150.13181879193158
2023-11-15 15:00:00,6890.6583887035795,39818.50000008857,173.05168172302453
2023-11-15 16:00:00,8062.816836663336,40966.500000142216,196.814881345376
2023-11-15 17:00:00,8983.71866447402,41594.00000018218,215.98592740382435
2023-11-15 18:00:00,9092.698088009358,40657.00000019519,223.64409789127836
2023-11-15 19:00:00,9052.46576240069,38593.50000014792,234.5593367371706
2023-11-15 20:00:00,9013.076505611018,36141.0000001283,249.3864725818052
2023-11-15 21:00:00,8714.308877864469,33610.000000115964,259.27726503523957
2023-11-15 22:00:00,8488.729941794953,30705.50000010897,276.456333287679
2023-11-15 23:00:00,8022.070640052029,28212.000000071006,284.34959024641427
2023-11-16 00:00:00,8107.101953804247,27523.000000060874,294.55735035375204
2023-11-16 01:00:00,8161.993336617511,27189.500000079246,300.18916628087027
2023-11-16 02:00:00,8008.159240254238,26498.500000071963,302.21179463865843
2023-11-16 03:00:00,7834.582005542602,26056.000000076445,300.68245338960764
2023-11-16 04:00:00,7730.319195917373,25910.000000068478,298.3527285178287
2023-11-16 05:00:00,8166.754718012859,27149.500000079875,300.80681846770034
2023-11-16 06:00:00,9429.870756991022,30312.50000019709,311.0885198162378
2023-11-16 07:00:00,11012.7229840815,34870.00000029519,315.82228230537055
2023-11-16 08:00:00,11872.787006480312,37456.00000038308,316.97957620565154
2023-11-16 09:00:00,12226.92888787948,38548.50000050653,317.18300031697254
2023-11-16 10:00:00,12654.957827673174,39234.000000657754,322.5507933797475
2023-11-16 11:00:00,12575.904643418666,39374.00000063335,319.39616607955446
2023-11-16 12:00:00,12630.006809050357,39619.00000072491,318.78661270651116
2023-11-16 13:00:00,12448.732085681551,39046.000000619635,318.822211890693
2023-11-16 14:00:00,12255.17141344776,38649.00000056967,317.0889651289069
2023-11-16 15:00:00,12210.751181095582,38382.500000566404,318.133294624253
2023-11-16 16:00:00,13220.7407119008,40440.00000092851,326.92237170121786
2023-11-16 17:00:00,13656.127421992893,41269.50000125586,330.90120843667427
2023-11-16 18:00:00,13362.802631888439,40883.50000119028,326.8507498501693
2023-11-16 19:00:00,12615.267872504257,39326.00000074281,320.78695703264947
2023-11-16 20:00:00,11684.785578539704,36996.50000042538,315.83489190613585
2023-11-16 21:00:00,10749.474863894397,34449.00000033408,312.04025846294957
2023-11-16 22:00:00,9468.560280871221,31097.500000186945,304.47979036302917
2023-11-16 23:00:00,7919.801251819718,28052.000000100797,282.3257255023264
2023-11-17 00:00:00,7738.550238309261,28249.500000090575,273.93583030795054
2023-11-17 01:00:00,7263.266752169936,27763.000000062384,261.61678320619586
2023-11-17 02:00:00,7090.3143600092435,27285.50000006034,259.8564937418616
2023-11-17 03:00:00,7351.808766211842,26851.500000073684,273.7950865386168
2023-11-17 04:00:00,7225.56491313177,26206.50000008005,275.7165173949096
2023-11-17 05:00:00,7518.680620656266,27179.00000009631,276.6356606434977
2023-11-17 06:00:00,8896.887009317312,30114.000000195127,295.4402274443669
2023-11-17 07:00:00,10779.946728776744,34749.00000031248,310.22322163745156
2023-11-17 08:00:00,11820.965236993781,37660.500000443586,313.8823233057062
2023-11-17 09:00:00,12131.696683228824,39854.50000053079,304.3996708795055
2023-11-17 10:00:00,12002.046367604722,39736.50000055469,302.04085330709
2023-11-17 11:00:00,11845.0924915524,39867.000000548825,297.11522039253856
2023-11-17 12:00:00,11795.256926172196,39303.500000576394,300.1070369305333
2023-11-17 13:00:00,11427.314698537923,38277.5000004451,298.5386897891723
2023-11-17 14:00:00,11138.697937101771,36738.50000042001,303.1886967887755
2023-11-17 15:00:00,11504.226946974577,36525.50000045928,314.9642563915599
2023-11-17 16:00:00,12593.442731829287,38809.50000065075,324.4938154734826
2023-11-17 17:00:00,13107.481023785242,39827.50000082284,329.1062964914805
2023-11-17 18:00:00,12576.695781109769,39285.50000068586,320.1358206180449
2023-11-17 19:00:00,11569.414679240776,37316.50000040318,310.034828537397
2023-11-17 20:00:00,10288.225484146638,35008.500000287815,293.8779291903982
2023-11-17 21:00:00,8425.817465866427,32154.50000012481,262.0416260813796
2023-11-17 22:00:00,6641.1827837049905,29190.00000003051,227.51568289476015
2023-11-17 23:00:00,4066.954577166411,26603.99999986759,152.87004124141683
2023-11-18 00:00:00,2541.321606060605,26178.49999903529,97.07667002136317
2023-11-18 01:00:00,1470.7584925965632,25668.999998477924,57.29707011117588
2023-11-18 02:00:00,1055.5727944949674,26259.135416547495,40.1983072843208
2023-11-18 03:00:00,1124.3851035367252,27929.166795601566,40.25845496091918
2023-11-18 04:00:00,940.2096041932614,29415.250242747512,31.963338623137336
2023-11-18 05:00:00,927.5944548961502,30961.625111862035,29.959488610330396
2023-11-18 06:00:00,927.598284753081,31344.142941020484,29.59399102085899
2023-11-18 07:00:00,944.0277675095783,31008.564295084274,30.444097911983405
2023-11-18 08:00:00,1346.021883279379,31721.950356796526,42.43187660720204
2023-11-18 09:00:00,1871.8176048582018,32816.49999493657,57.03891655560509
2023-11-18 10:00:00,2276.2973736934764,34095.4999993719,66.76239895984543
2023-11-18 11:00:00,2276.4753748703506,34830.99999946028,65.35773807543927
2023-11-18 12:00:00,2276.688310742684,34912.49999937524,65.21126561499248
2023-11-18 13:00:00,2276.762970843685,34185.499999317595,66.60025364230839
2023-11-18 14:00:00,2277.239681865446,33518.99999910466,67.93877150053028
2023-11-18 15:00:00,2277.985075213783,33558.99999896961,67.88000462718574
2023-11-18 16:00:00,2286.350208605911,35078.99999929913,65.17717747517294
2023-11-18 17:00:00,2747.556239019398,36378.999999310516,75.52588688725562
2023-11-18 18:00:00,3541.5236887032943,35841.49999952081,98.81069957313848
2023-11-18 19:00:00,2576.018330778262,33676.99999836654,76.49191824993937
2023-11-18 20:00:00,1731.9951059711586,32049.671526337355,54.04096277704009
2023-11-18 21:00:00,1410.030482672862,30988.844993863197,45.50122739173061
2023-11-18 22:00:00,1084.8195503902373,29460.775912909445,36.82250439014674
2023-11-18 23:00:00,845.8362699284892,28429.94852820076,29.751593432871385
2023-11-19 00:00:00,839.4586707247565,28637.37539954155,29.3133940877206
2023-11-19 01:00:00,843.1183442421731,29006.834801548357,29.066195950382294
2023-11-19 02:00:00,766.8395641206891,29091.351182014376,26.359709431261653
2023-11-19 03:00:00,760.9624619183986,29131.689818539267,26.121466576721748
2023-11-19 04:00:00,766.280990189407,28800.97052877338,26.606082229897776
2023-11-19 05:00:00,746.6785497965175,27821.331809748106,26.838346737049246
2023-11-19 06:00:00,746.7738529282581,27142.914680316437,27.512662575983608
2023-11-19 07:00:00,1182.7189361106634,28946.695628295573,40.858512878221184
2023-11-19 08:00:00,1566.795179806613,30097.167018130025,52.0578956438924
2023-11-19 09:00:00,1642.8251087454596,30781.598960875486,53.37036295072095
2023-11-19 10:00:00,2275.547280001026,31938.499999294032,71.24778183231288
2023-11-19 11:00:00,2276.339845745314,33065.49999978139,68.84335170375056
2023-11-19 12:00:00,2276.948017732696,34082.499999741776,66.80695423604334
2023-11-19 13:00:00,2277.2649502037116,33789.50000025115,67.39563918337902
2023-11-19 14:00:00,2278.0857807485695,33756.50000070482,67.48584067367779
2023-11-19 15:00:00,2286.518595268868,34717.50000116947,65.86069259571818
2023-11-19 16:00:00,4242.88221737633,37337.49999988409,113.63594823942424
2023-11-19 17:00:00,5180.306332583662,38430.49999994497,134.79674562108428
2023-11-19 18:00:00,5244.932011270352,36850.49999992286,142.33000939692351
2023-11-19 19:00:00,4706.1596156365695,34918.999999874984,134.7736079399014
2023-11-19 20:00:00,3796.4032591204045,33168.99999975095,114.45636766706593
2023-11-19 21:00:00,2633.3730877793746,30439.999998663403,86.51028541047977
2023-11-19 22:00:00,1803.5019869042997,28638.51933135034,62.97469383935718
2023-11-19 23:00:00,1519.753199575067,27546.532877593625,55.170398624330524
2023-11-20 00:00:00,1562.1833182081477,27303.822306265265,57.21482145192842
2023-11-20 01:00:00,1751.731481684904,27552.538569335,63.57786151997331
2023-11-20 02:00:00,1681.8435489764227,26374.452177351046,63.767904548959656
2023-11-20 03:00:00,1707.080142696479,25217.027129695423,67.69553500167477
2023-11-20 04:00:00,1324.110881701862,23176.974051543206,57.130446742408026
2023-11-20 05:00:00,1695.1073244682634,24023.000000224074,70.56185007919295
2023-11-20 06:00:00,2321.41339883425,28505.999999705167,81.43595730226127
2023-11-20 07:00:00,6136.86476204018,33354.000000015956,183.99186790301744
2023-11-20 08:00:00,7315.762084860623,35784.00000004399,204.44226707052397
2023-11-20 09:00:00,8111.669628530533,38161.000000081905,212.5643884728682
2023-11-20 10:00:00,8723.303886371248,39153.00000011275,222.8003955340875
2023-11-20 11:00:00,7770.912820672143,38929.00000007147,199.61758125453713
2023-11-20 12:00:00,7253.8994799053735,38816.50000007223,186.87670139996845
2023-11-20 13:00:00,7365.7271071996465,38777.50000007013,189.94847803974793
2023-11-20 14:00:00,7323.427063334568,37846.500000072585,193.50341678412858
2023-11-20 15:00:00,7872.7431852071795,38762.50000010003,203.10204927924832
2023-11-20 16:00:00,8823.489613837844,41176.0000001584,214.28719676034345
2023-11-20 17:00:00,9294.048391445735,41916.50000019903,221.72768221110076
2023-11-20 18:00:00,8797.554402700496,41234.0000001947,213.35680270308376
2023-11-20 19:00:00,7591.1418290612155,38760.50000009088,195.8473659793712
2023-11-20 20:00:00,6490.089249954905,36700.50000003274,176.8392596817241
2023-11-20 21:00:00,4645.765365178771,32859.99999993272,141.38056497834094
2023-11-20 22:00:00,3586.5494055838335,29356.499999835574,122.17224143218442
2023-11-20 23:00:00,2393.018457531611,26591.999999563224,89.99016461984493
2023-11-21 00:00:00,1909.5417938100175,26036.999999014282,73.33954733196258
2023-11-21 01:00:00,1699.457629963646,25693.499997768875,66.14348493242339
2023-11-21 02:00:00,1946.4949868075823,25649.999998863324,75.88674412841486
2023-11-21 03:00:00,2044.6839307709934,25392.99999917809,80.52155833643819
2023-11-21 04:00:00,2119.880667660904,24523.49999940525,86.44282699093993
2023-11-21 05:00:00,3245.825617905756,25815.499999827414,125.7316580320914
2023-11-21 06:00:00,5400.293840945623,30978.999999987293,174.32111562503107
2023-11-21 07:00:00,7761.3483812279765,36540.50000009721,212.40400052564496
2023-11-21 08:00:00,8451.233207977315,38240.000000146414,221.00505250902083
2023-11-21 09:00:00,8768.526520510764,39749.500000173764,220.59463692555713
2023-11-21 10:00:00,9455.981537952654,40568.000000228756,233.0896652016203
2023-11-21 11:00:00,9265.591361625218,40517.50000021783,228.68122074598395
2023-11-21 12:00:00,9055.716724319282,40717.500000217406,222.40355435060917
2023-11-21 13:00:00,9448.564000887725,40669.000000219574,232.32840740703514
2023-11-21 14:00:00,9458.712715390913,39589.00000022366,238.9227491307554
2023-11-21 15:00:00,9794.37945070015,40176.00000024894,243.78682423933344
2023-11-21 16:00:00,10177.15512597542,41000.00000028456,248.22329575377523
2023-11-21 17:00:00,10792.766092207776,42399.50000032213,254.5493718587667
2023-11-21 18:00:00,10324.694628384595,41167.50000030651,250.79722179650753
2023-11-21 19:00:00,9651.242821236016,39652.500000197404,243.39556954007864
2023-11-21 20:00:00,8634.85608048751,37331.000000132204,231.30524444716002
2023-11-21 21:00:00,7314.872497936622,33745.000000056614,216.76907683877164
2023-11-21 22:00:00,5783.225677469539,30056.999999973028,192.40861288467673
2023-11-21 23:00:00,4332.282989815664,27024.999999867618,160.30649361098563
2023-11-22 00:00:00,3809.460883383805,26465.9999997506,143.93791594573048
2023-11-22 01:00:00,3516.3493447022447,27072.499999803353,129.88639190055542
2023-11-22 02:00:00,2836.4021101843223,26676.49999966701,106.32587146813592
2023-11-22 03:00:00,2237.056479678121,26050.999999424195,85.8721922278441
2023-11-22 04:00:00,2075.137845078056,26114.49999929257,79.46305099214118
2023-11-22 05:00:00,2574.9277698188343,27774.999999624673,92.70667038176884
2023-11-22 06:00:00,3839.842189355729,32232.499999865504,119.12951801355003
2023-11-22 07:00:00,5311.353913488795,36932.499999969,143.8124663505924
2023-11-22 08:00:00,5928.377204701527,39411.00000000411,150.4244298470201
2023-11-22 09:00:00,5641.804315410014,39505.99999998927,142.80879652233958
2023-11-22 10:00:00,5399.848016384329,39631.499999985004,136.25141658494815
2023-11-22 11:00:00,5107.978426402477,40772.49999997263,125.27999083710606
2023-11-22 12:00:00,5030.346031060906,41741.499999979045,120.51186543520073
2023-11-22 13:00:00,4614.803003648134,41242.49999994273,111.89435663828677
2023-11-22 14:00:00,4432.807310009588,41019.999999928856,108.06453705551624
2023-11-22 15:00:00,4826.610181251557,41729.49999995185,115.66422270233592
2023-11-22 16:00:00,5196.599284422722,42264.99999997263,122.95278089260825
2023-11-22 17:00:00,5318.22931423362,42325.49999997383,125.65071444488332
2023-11-22 18:00:00,5191.490458213713,41651.49999997771,124.64114037229132
2023-11-22 19:00:00,3861.7211521075305,39119.99999978359,98.71475337752794
2023-11-22 20:00:00,2535.7989809913747,36720.49999869715,69.05676614102055
2023-11-22 21:00:00,1238.5035104674716,33592.09577132003,36.86889674578954
2023-11-22 22:00:00,289.5972536584452,30411.27087512859,9.522694886627972
2023-11-22 23:00:00,429.5465823816724,30984.642407263385,13.863209287223485
2023-11-23 00:00:00,508.12594487277266,31286.081284892523,16.241278038171476
2023-11-23 01:00:00,705.2853084254443,32052.663366396053,22.00395331780335
2023-11-23 02:00:00,786.6086731910365,32344.04924587009,24.320043146467697
2023-11-23 03:00:00,743.3038922937725,32240.36033824849,23.055073966153866
2023-11-23 04:00:00,744.7794309910753,32152.249917713365,23.164146611735568
2023-11-23 05:00:00,745.6066612437371,31894.67190086523,23.377154139137282
2023-11-23 06:00:00,762.3645941415432,32044.99999273661,23.790438268508108
2023-11-23 07:00:00,946.0433626600625,34266.00001015373,27.608806466460344
2023-11-23 08:00:00,1417.9427208766124,36407.00001335277,38.94698053551686
2023-11-23 09:00:00,1539.781795373343,38319.00001491786,40.18324577295584
2023-11-23 10:00:00,1578.447011495524,39184.50001492528,40.28243338295238
2023-11-23 11:00:00,1673.215306313375,39900.5000147736,41.93469519664788
2023-11-23 12:00:00,1601.6354885458804,39891.00001433513,40.15029675792336
2023-11-23 13:00:00,1297.462503183203,38570.00001494348,33.63916263107381
2023-11-23 14:00:00,1286.872454457696,37728.000037624945,34.10921472578294
2023-11-23 15:00:00,1253.8754279039804,37770.50001497853,33.19721548316106
2023-11-23 16:00:00,1496.174376756944,39737.50001519974,37.651447025722604
2023-11-23 17:00:00,1683.033274168077,41100.00001692053,40.94971468309455
2023-11-23 18:00:00,1607.888210999295,40524.00001603459,39.67743091410236
2023-11-23 19:00:00,1746.9463213258912,39034.00001503406,44.75447867636035
2023-11-23 20:00:00,1688.211666419473,36843.000003093046,45.82177527013935
2023-11-23 21:00:00,1497.825084390235,35047.82637176461,42.73660421911128
2023-11-23 22:00:00,1168.0047530315335,32333.861994514136,36.12326771326298
2023-11-23 23:00:00,969.7365851461035,31438.53712398652,30.845474180992596
2023-11-24 00:00:00,967.1056693571626,31324.876223117994,30.87340752661718
2023-11-24 01:00:00,1105.7925484244508,31200.7290203274,35.44124073844629
2023-11-24 02:00:00,976.2177379688425,30625.213524243805,31.876275317918687
2023-11-24 03:00:00,830.1545170599184,30312.186320240962,27.386824173272604
2023-11-24 04:00:00,756.0854352133654,29734.297153688614,25.428058087445695
2023-11-24 05:00:00,756.4181594920339,29538.491813129836,25.607880195014104
2023-11-24 06:00:00,829.1684924959239,29729.105858974966,27.890798210656744
2023-11-24 07:00:00,1644.7259754054771,34274.99999969975,47.98616996119285
2023-11-24 08:00:00,2163.2931338517355,36836.50000021494,58.72689136696246
2023-11-24 09:00:00,2303.4506486210535,38676.999984913266,59.55608370658428
2023-11-24 10:00:00,2642.4037454350364,39855.499999376494,66.29960094532434
2023-11-24 11:00:00,2484.107304237422,40546.99999943223,61.264885300323236
2023-11-24 12:00:00,2888.5971061205414,40564.499999400105,71.20997685570536
2023-11-24 13:00:00,2547.7424066859594,39394.49999881745,64.67254075473576
2023-11-24 14:00:00,2596.569262063496,38493.9999991298,67.4538697491088
2023-11-24 15:00:00,4201.473910187899,37897.49999983282,110.86414434214481
2023-11-24 16:00:00,5859.656429581496,40217.49999997497,145.69917149462654
2023-11-24 17:00:00,6925.530296585744,41054.000000017084,168.69319181036835
2023-11-24 18:00:00,6939.37557057747,40369.00000003261,171.89862445371114
2023-11-24 19:00:00,6416.174328866267,38708.999999985106,165.75407085868238
2023-11-24 20:00:00,5761.123368971568,36661.99999994083,157.14154625991125
2023-11-24 21:00:00,4868.180656882647,34244.99999988716,142.15741442250513
2023-11-24 22:00:00,4154.929899372052,31500.999999815853,131.89834923959052
2023-11-24 23:00:00,3154.6874596859175,29117.49999948984,108.34334883630773
2023-11-25 00:00:00,2930.06018852071,28556.499999187745,102.60571808884325
2023-11-25 01:00:00,2821.955798814269,28353.999999104115,99.52584463932541
2023-11-25 02:00:00,2534.1611276268677,27761.999998442374,91.28164857607703
2023-11-25 03:00:00,2510.2632520763896,27416.49999868177,91.5603104771611
2023-11-25 04:00:00,2196.0618997867214,26535.999988529267,82.75783466747114
2023-11-25 05:00:00,2236.219808638212,26173.999967418786,85.43668569656312
2023-11-25 06:00:00,2822.9676532651083,27155.999999242693,103.95373594578852
2023-11-25 07:00:00,4097.271009197899,30258.499999815074,135.40892672217524
2023-11-25 08:00:00,5543.579785224594,33523.99999993811,165.36152563043873
2023-11-25 09:00:00,6412.796144399938,36690.5000000622,174.78083276022585
2023-11-25 10:00:00,6876.548600773073,37991.50000007182,181.00229263809203
2023-11-25 11:00:00,6827.616490818516,38309.00000008892,178.22486858969611
2023-11-25 12:00:00,6642.12015520807,37899.500000058884,175.2561420387538
2023-11-25 13:00:00,6286.99681848091,36730.00000008743,171.16789595605624
2023-11-25 14:00:00,6159.9380650831545,35355.500000064465,174.22856599600973
2023-11-25 15:00:00,6861.445156050564,35501.000000075794,193.27470088267697
2023-11-25 16:00:00,8659.0410273166,38366.00000014002,225.69569481533125
2023-11-25 17:00:00,9788.169845131708,39694.50000018238,246.58755860602187
2023-11-25 18:00:00,9934.914350145484,39251.000000216176,253.1123882217209
2023-11-25 19:00:00,9833.490617752826,37957.00000017475,259.0692261692851
2023-11-25 20:00:00,9538.00700790589,35910.50000014896,265.6049625559746
2023-11-25 21:00:00,8920.020162386068,33827.00000011994,263.6952778063216
2023-11-25 22:00:00,8346.339519397381,31497.00000007629,264.988396335434
2023-11-25 23:00:00,7409.950928557623,28900.50000003132,256.3952502049996
2023-11-26 00:00:00,7194.765640645197,28281.00000000944,254.40280190385045
2023-11-26 01:00:00,7099.158013365884,28064.000000031217,252.96315612022474
2023-11-26 02:00:00,6828.744745894029,27286.50000001116,250.26092558192641
2023-11-26 03:00:00,6609.407144826441,26323.500000008462,251.0839039194756
2023-11-26 04:00:00,6177.483285479042,24973.000000002576,247.36648722533954
2023-11-26 05:00:00,5967.009670881605,24621.99999999979,242.34463775816977
2023-11-26 06:00:00,6349.102901558155,25358.999999987092,250.3688198099841
2023-11-26 07:00:00,7340.370137524654,27362.50000004901,268.26386980398377
2023-11-26 08:00:00,8381.262239394595,30229.00000009024,277.25899763040707
2023-11-26 09:00:00,9584.429059722404,33724.50000014966,284.19781048436215
2023-11-26 10:00:00,10466.614171502159,35745.50000020939,292.809281488323
2023-11-26 11:00:00,10620.027590411744,36892.5000002356,287.8641347250504
2023-11-26 12:00:00,10832.586139367562,37746.50000029436,286.98253187138107
2023-11-26 13:00:00,10831.214891521458,37895.500000292624,285.81797024548615
2023-11-26 14:00:00,10815.597104827402,37804.00000027291,286.0966327570978
2023-11-26 15:00:00,11185.542610954702,38583.0000003037,289.90857659763776
2023-11-26 16:00:00,11824.308957911833,40092.00000039896,294.92938635623483
2023-11-26 17:00:00,12093.317705150706,41024.50000045388,294.78281770690467
2023-11-26 18:00:00,11527.765409271757,40243.00000040489,286.45392761861126
2023-11-26 19:00:00,10689.095431575988,38401.000000272295,278.35461137731295
2023-11-26 20:00:00,9733.647098973737,36257.500000182605,268.4588595166439
2023-11-26 21:00:00,8445.637044024304,33352.000000082866,253.22730402984288
2023-11-26 22:00:00,7334.506023817796,29901.500000023825,245.28889934658633
2023-11-26 23:00:00,6077.1887489926,26924.99999998502,225.7080315318842
2023-11-27 00:00:00,5834.127385868019,26217.99999993344,222.52373887721527
2023-11-27 01:00:00,5678.842240034188,26003.49999997821,218.38761090003064
2023-11-27 02:00:00,5315.8180062026495,25476.499999967702,208.65574180948673
2023-11-27 03:00:00,5302.842040947439,25570.49999994103,207.38124170273045
2023-11-27 04:00:00,5197.007472728361,25452.999999923188,204.18054739103619
2023-11-27 05:00:00,5463.541303985222,25601.999999960794,213.40291008489916
2023-11-27 06:00:00,7846.67768409609,31626.500000103606,248.1045226019441
2023-11-27 07:00:00,9475.829254583385,36986.00000020401,256.20043407048934
2023-11-27 08:00:00,9421.161480892475,38644.00000019775,243.7936414668322
2023-11-27 09:00:00,9878.2644869087,40532.50000026094,243.71219359390875
2023-11-27 10:00:00,10013.927220468539,41539.5000002808,241.06999892634352
2023-11-27 11:00:00,10060.721205309457,41901.000016640886,240.10694735958245
2023-11-27 12:00:00,9921.420551021594,42246.000929482005,234.84875095237197
2023-11-27 13:00:00,9220.062323819524,42009.00005179623,219.47826209744048
2023-11-27 14:00:00,8487.591613276905,42178.0000373059,201.23267119753757
2023-11-27 15:00:00,7723.039312883931,42354.50005332594,182.3428278733152
2023-11-27 16:00:00,7698.084697071023,43609.00006012012,176.5251367024768
2023-11-27 17:00:00,7932.631347575099,44448.500000108834,178.46792012229153
2023-11-27 18:00:00,7796.88570801244,43527.000000145876,179.12756927852388
2023-11-27 19:00:00,6958.319260079491,41605.500031899035,167.24517803522446
2023-11-27 20:00:00,6434.834746298156,39120.5000405447,164.4875382377285
2023-11-27 21:00:00,5307.666395540509,35591.50006137251,149.12735867800424
2023-11-27 22:00:00,4192.279778636135,32144.00010176875,130.42184436794633
2023-11-27 23:00:00,3257.012869092449,29007.000179196453,112.28368493713968
2023-11-28 00:00:00,3392.7361685569945,28610.49999959876,118.58360282429788
2023-11-28 01:00:00,3271.851808351085,28183.000166338843,116.09309828763061
2023-11-28 02:00:00,3175.4206883010293,27506.000152599758,115.44465464568468
2023-11-28 03:00:00,3447.6079810842766,27008.50015443826,127.64899795880511
2023-11-28 04:00:00,3919.6340833439835,26547.000202948246,147.64885122156585
2023-11-28 05:00:00,5004.623787817141,27172.00031209805,184.18311976792097
2023-11-28 06:00:00,7654.9744705533485,31426.000028009534,243.58729917045062
2023-11-28 07:00:00,10216.416117397894,36902.00011335483,276.85263904436914
2023-11-28 08:00:00,11317.493071293704,39430.50004488778,287.0238282144492
2023-11-28 09:00:00,11925.395137713243,41510.50025838983,287.28623031477343
2023-11-28 10:00:00,11638.761605243602,41698.000226426244,279.1203784844219
2023-11-28 11:00:00,11025.215121615249,42153.50028672935,261.5492200320593
2023-11-28 12:00:00,10103.079837513787,41927.50008611789,240.9654717491467
2023-11-28 13:00:00,9385.116772844347,40944.500362078965,229.21556472420502
2023-11-28 14:00:00,8783.645239010935,39741.00036524028,221.02224801300187
2023-11-28 15:00:00,9140.204538198665,39982.50036497154,228.60512611178137
2023-11-28 16:00:00,9848.678060247043,42422.000396400086,232.15968054827508
2023-11-28 17:00:00,10330.198067414105,43844.00009808483,235.6125819793834
2023-11-28 18:00:00,10064.374265240287,43659.50029402843,230.51968523370505
2023-11-28 19:00:00,9646.792478050287,42557.50021364974,226.6766710831434
2023-11-28 20:00:00,8845.056312949944,40051.50026811488,220.84207217554643
2023-11-28 21:00:00,7425.703471198815,36433.50030979861,203.81526364629062
2023-11-28 22:00:00,5397.654952907167,33166.50043247192,162.74418110216268
2023-11-28 23:00:00,4272.024561501148,29885.00065580746,142.94878593790423
2023-11-29 00:00:00,4313.631708276035,29949.501069001402,144.0301692618435
2023-11-29 01:00:00,4236.783166859438,29625.000557857296,143.01377509124592
2023-11-29 02:00:00,4376.649374200503,28527.50051139657,153.41860645842624
2023-11-29 03:00:00,4584.127589200349,27782.500551809855,165.0005398416782
2023-11-29 04:00:00,5126.916814598769,27171.500627292367,188.68728985284847
2023-11-29 05:00:00,6187.134966739618,28224.000825490577,219.21537648027885
2023-11-29 06:00:00,8163.116820007085,32700.50046550418,249.63277943156777
2023-11-29 07:00:00,10544.291200722006,38050.000308069226,277.11671788044345
2023-11-29 08:00:00,11127.676892591204,39829.50023314836,279.38278982798084
2023-11-29 09:00:00,11892.036568807964,42790.50073051949,277.913003255094
2023-11-29 10:00:00,11854.756495718404,43895.00063819925,270.07076713428506
2023-11-29 11:00:00,11460.280995490222,43472.502054454664,263.62138027240314
2023-11-29 12:00:00,11350.740576667717,42681.00011155738,265.94364112836485
2023-11-29 13:00:00,11230.332754464423,42105.00307199006,266.72205047136765
2023-11-29 14:00:00,10945.17188752594,40612.00296343519,269.50583790167576
2023-11-29 15:00:00,11476.916081464778,40777.50265346392,281.4521570631264
2023-11-29 16:00:00,12620.65107651427,42923.003233706244,294.0300101509119
2023-11-29 17:00:00,13007.456293428775,43647.00092345895,298.01489262089615
2023-11-29 18:00:00,12929.694440333513,43771.50812883183,295.39065463035433
2023-11-29 19:00:00,12425.555395065758,42574.00060828018,291.8578291336127
2023-11-29 20:00:00,11730.396812014644,40268.000945153406,291.3081488199999
2023-11-29 21:00:00,10842.70231559222,37236.00091786694,291.1886896637595
2023-11-29 22:00:00,10046.28809156029,35399.50212958128,283.79744027996367
2023-11-29 23:00:00,9385.119167136178,33942.50608972949,276.50047825949946
2023-11-30 00:00:00,8945.125496739169,33248.50526591655,269.0384251922725
2023-11-30 01:00:00,8401.98297099505,32602.50871487293,257.70970708036805
2023-11-30 02:00:00,7606.7749196048,31447.509924044254,241.88798852365682
2023-11-30 03:00:00,7267.758393981906,30630.012672110373,237.27572272927713
2023-11-30 04:00:00,7691.908893596157,31743.012019295365,242.31817979089507
2023-11-30 05:00:00,8476.39215535013,33667.51018105092,251.76771640573813
2023-11-30 06:00:00,9754.466596264101,36898.00501625047,264.36298092452637
2023-11-30 07:00:00,11168.358169431262,40530.501834701834,275.5544013488878
2023-11-30 08:00:00,11896.587072595388,42233.500472706815,281.6860297972103
2023-11-30 09:00:00,12516.338733910654,44523.514485771855,281.1174921492425
2023-11-30 10:00:00,12828.248194212601,45520.52465209249,281.8123976438596
2023-11-30 11:00:00,12787.722251177325,46357.02636774868,275.85294513355467
2023-11-30 12:00:00,12817.049878971122,46431.00292261342,276.04507919704656
2023-11-30 13:00:00,12877.570386913174,46815.53368203966,275.0704600394961
2023-11-30 14:00:00,12362.13268293889,45338.01250535649,272.665959529619
2023-11-30 15:00:00,12214.024832262367,44274.01226337187,275.8734573140798
2023-11-30 16:00:00,12804.49085283479,45901.53516901816,278.9556123926188
2023-11-30 17:00:00,13235.020837461492,46002.005127780445,287.70530329489725
2023-11-30 18:00:00,12441.364380264158,44615.51053358705,278.85738012340266
2023-11-30 19:00:00,12091.3828368132,43473.50872857286,278.13220488610267
2023-11-30 20:00:00,11431.589939252464,41372.0101134556,276.31217114912477
2023-11-30 21:00:00,10897.96983527648,38356.01357885722,284.12675923349104
2023-11-30 22:00:00,10332.249552522253,35952.51989336825,287.3859630191909
2023-11-30 23:00:00,9801.017871446065,34300.51970334188,285.739631825204
2023-12-01 00:00:00,9689.127555650088,33597.017238936474,288.39249290324204
2023-12-01 01:00:00,9486.474728679961,33046.01862966756,287.06861286349744
2023-12-01 02:00:00,9192.200723140055,32334.02201711232,284.28881251689677
2023-12-01 03:00:00,9158.225656410608,31890.52142598108,287.17704342549376
2023-12-01 04:00:00,9359.218319461263,32467.01714177615,288.2684996466311
2023-12-01 05:00:00,9956.834970364702,34019.021711359725,292.68434156764386
2023-12-01 06:00:00,10776.018664095476,36019.00663082079,299.1758982846195
2023-12-01 07:00:00,12248.879627511384,39462.01342547702,310.39672242378293
2023-12-01 08:00:00,12653.185832599964,41419.0088105424,305.4922412672353
2023-12-01 09:00:00,12655.396900147507,43670.52513629245,289.79264299320783
2023-12-01 10:00:00,12957.87193151498,44780.032157885435,289.36718682622006
2023-12-01 11:00:00,12824.947308482862,45002.53622824608,284.9827672697526
2023-12-01 12:00:00,12602.684277663091,44736.00529070798,281.7123298284473
2023-12-01 13:00:00,12143.789854433306,43589.525251630475,278.5942215321344
2023-12-01 14:00:00,12076.714670659017,42844.52262922788,281.8730126875183
2023-12-01 15:00:00,12281.175049818448,42234.02172465978,290.78867103597815
2023-12-01 16:00:00,13268.387246642978,43793.53337597504,302.97594699042855
2023-12-01 17:00:00,14171.79242181117,44981.00860888943,315.0616862559736
2023-12-01 18:00:00,13859.877289946786,44256.01259381651,313.1750123345568
2023-12-01 19:00:00,13175.22798092703,42491.01667306964,310.07090468789255
2023-12-01 20:00:00,12467.960131338545,40577.515597768695,307.26277712340135
2023-12-01 21:00:00,11604.359444676307,37798.51867713223,307.00566717438164
2023-12-01 22:00:00,10789.851684074623,34571.520602034456,312.10231705688017
2023-12-01 23:00:00,9747.2992771056,31787.02568094605,306.6439551451452
2023-12-02 00:00:00,9647.4341720015,31618.520149186417,305.11972497390076
2023-12-02 01:00:00,9383.691692784396,31402.522926000693,298.8196749317513
2023-12-02 02:00:00,9147.484763996725,30687.521918293744,298.08483032133125
2023-12-02 03:00:00,8899.77794263626,30115.52238446609,295.52128729557955
2023-12-02 04:00:00,8629.875990393673,29422.523316353574,293.3084935511643
2023-12-02 05:00:00,8679.7859812699,29180.02254492331,297.456452197978
2023-12-02 06:00:00,8970.690076167284,29785.517217539822,301.1762398030378
2023-12-02 07:00:00,9790.37790080499,32326.01678465071,302.8637263299861
2023-12-02 08:00:00,10662.66109807829,35311.5111959251,301.9599200645014
2023-12-02 09:00:00,11472.78428488947,38879.024078579205,295.08930732678857
2023-12-02 10:00:00,11749.924664369264,40543.522058343005,289.81016122528445
2023-12-02 11:00:00,11621.968062499847,40890.523767724175,284.2215504139209
2023-12-02 12:00:00,11310.64965310639,40735.0098536905,277.66409517835604
2023-12-02 13:00:00,11164.027132400784,40591.523308051444,275.0334607468739
2023-12-02 14:00:00,10874.61122710738,39933.02139288241,272.32127316681454
2023-12-02 15:00:00,11027.890934522437,39760.52136706538,277.35780506281566
2023-12-02 16:00:00,12182.65034007095,41845.02446258178,291.1373692938044
2023-12-02 17:00:00,12913.466454990008,43290.51357654605,298.29783451648103
2023-12-02 18:00:00,12406.271680896298,42284.00511921249,293.40341923426945
2023-12-02 19:00:00,11487.046975805575,40618.01637374181,282.8066951893684
2023-12-02 20:00:00,10683.07012102894,38738.01451738827,275.7774308808121
2023-12-02 21:00:00,9650.170440480993,36048.01413111421,267.7032472685262
2023-12-02 22:00:00,8546.619761604186,33534.01550518399,254.86419186163295
2023-12-02 23:00:00,7067.731433991531,31028.025330226938,227.78540879642364
2023-12-03 00:00:00,6613.12342216343,30093.52108486896,219.7523979833823
2023-12-03 01:00:00,6554.830618828795,29696.02212510942,220.73093127467632
2023-12-03 02:00:00,6338.458289121904,29348.52065769694,215.9719858813252
2023-12-03 03:00:00,6357.608340478504,29252.018882397515,217.33913019946164
2023-12-03 04:00:00,6170.175239993049,29447.019225128315,209.5347985078161
2023-12-03 05:00:00,5691.277627182202,28767.02119210436,197.8403529922757
2023-12-03 06:00:00,5735.820679990838,29619.51832836484,193.65003226598677
2023-12-03 07:00:00,6245.632569741205,31273.517052663967,199.70995136951456
2023-12-03 08:00:00,6624.749881637962,33393.012664402995,198.3873077944823
2023-12-03 09:00:00,7558.286782469641,36322.51885127252,208.08817839473278
2023-12-03 10:00:00,7930.781393875495,38705.01770503123,204.90318475799538
2023-12-03 11:00:00,8579.345539105854,40586.51902453001,211.38411830589857
2023-12-03 12:00:00,8916.988825751801,41410.00749722894,215.3341514451188
2023-12-03 13:00:00,9261.448878439913,41309.51947933991,224.1964805006224
2023-12-03 14:00:00,9699.652938143983,41150.51710484464,235.71156866463886
2023-12-03 15:00:00,10249.242538447974,40915.518058225694,250.4976846159585
2023-12-03 16:00:00,11357.109659298507,42712.51524086233,265.89653161969153
2023-12-03 17:00:00,11743.506599006645,43913.00354038591,267.4266311163703
2023-12-03 18:00:00,11271.139047425884,42285.50050946908,266.54855474400534
2023-12-03 19:00:00,10390.678247903954,40017.01182023133,259.6565254442801
2023-12-03 20:00:00,9315.075533534637,37984.00852444916,245.23676924563674
2023-12-03 21:00:00,7737.044198114027,34573.01042249183,223.7885594446416
2023-12-03 22:00:00,6703.451758604034,31392.011021735485,213.54005495100768
2023-12-03 23:00:00,4829.904289757128,28505.518826574404,169.43751556117712
2023-12-04 00:00:00,4458.979803206115,28608.018074976244,155.8646877081791
2023-12-04 01:00:00,4064.2074713761585,29268.01508447774,138.86173898863427
2023-12-04 02:00:00,3396.785060251098,28875.516157052378,117.63547504315306
2023-12-04 03:00:00,2849.4148235626412,28742.515028511363,99.13589053484505
2023-12-04 04:00:00,2363.533796206158,28122.015438264974,84.04567593651743
2023-12-04 05:00:00,2982.281838360618,29782.513636479154,100.13533023981448
2023-12-04 06:00:00,4371.2132703993675,34816.50902242869,125.5500161599615
2023-12-04 07:00:00,6472.872672268058,40862.50170744438,158.40617685648994
2023-12-04 08:00:00,7118.632930272181,43036.00094844844,165.4111156563869
2023-12-04 09:00:00,7206.040387906608,43237.001879285155,166.66373880467927
2023-12-04 10:00:00,7341.683697233125,44032.50580283669,166.73327041860412
2023-12-04 11:00:00,7352.753685038838,44446.50724385839,165.42927984638973
2023-12-04 12:00:00,7312.366584859162,44551.50135882587,164.13288804711732
2023-12-04 13:00:00,7436.59376679875,44183.5060425904,168.3115359752188
2023-12-04 14:00:00,7553.37276209824,43669.00441674953,172.9687420856587
2023-12-04 15:00:00,8230.867482272912,44726.00329998029,184.0286829804115
2023-12-04 16:00:00,8759.436014774044,45843.0012572603,191.07466297021261
2023-12-04 17:00:00,8886.46817339535,46473.00100457178,191.2178680374255
2023-12-04 18:00:00,8566.838860868755,45663.50160934742,187.60801425519904
2023-12-04 19:00:00,7517.624313040185,43455.00021967076,172.99791220889662
2023-12-04 20:00:00,6569.04364449542,40887.50006767915,160.66141568014655
2023-12-04 21:00:00,5136.366669583351,37270.500085499996,137.8131942903992
2023-12-04 22:00:00,4172.1536582949475,33596.00014637132,124.18602333961411
2023-12-04 23:00:00,2913.00043316399,31208.00156078916,93.34146012168837
2023-12-05 00:00:00,2759.5779221203143,30800.004591814395,89.59667242561767
2023-12-05 01:00:00,2587.8373204705304,30188.500116330535,85.72261988831416
2023-12-05 02:00:00,2458.079349509773,29275.000049384034,83.96513562299694
2023-12-05 03:00:00,2251.422240807889,28669.500319436036,78.5302225613459
2023-12-05 04:00:00,2762.3709041859215,27957.00008662087,98.8078440328755
2023-12-05 05:00:00,3095.2782679369266,27986.00108700951,110.60094860689787
2023-12-05 06:00:00,5907.672511156821,33825.50000002919,174.6514467236766
2023-12-05 07:00:00,8524.922227842086,39691.00000016804,214.7822485653169
2023-12-05 08:00:00,9303.456587409402,41289.00034990024,225.3253047680502
2023-12-05 09:00:00,9742.962093360666,42950.50022786453,226.84164425726127
2023-12-05 10:00:00,10252.533527482243,43172.50052933632,237.47833462913508
2023-12-05 11:00:00,10076.540538857187,43939.00000030987,229.33022005020882
2023-12-05 12:00:00,10037.549668222453,44229.001535359006,226.94497546361984
2023-12-05 13:00:00,10088.710932916183,43802.00000035648,230.32534890722062
2023-12-05 14:00:00,9931.755665442006,43053.500000326734,230.68404811145746
2023-12-05 15:00:00,10484.317553488265,43256.500000360305,242.37554017086302
2023-12-05 16:00:00,11187.24738606964,44379.00038444457,252.08425807605434
2023-12-05 17:00:00,11778.387931187273,44967.50143296931,261.931118159738
2023-12-05 18:00:00,11713.400693786938,44742.50111871842,261.79584066404664
2023-12-05 19:00:00,11493.660868243109,43759.50100412398,262.6552086862216
2023-12-05 20:00:00,11049.921614358651,40825.000847789604,270.665557498866
2023-12-05 21:00:00,10477.318464451002,37566.00000034304,278.9042875034693
2023-12-05 22:00:00,9166.164126295986,33836.000000208136,270.89975547463064
2023-12-05 23:00:00,8463.995959451267,31531.50000015343,268.42985457114577
2023-12-06 00:00:00,8450.534462663487,31378.000000177366,269.3139926896462
2023-12-06 01:00:00,8556.500411058454,31499.500000162847,271.63924541704534
2023-12-06 02:00:00,8182.851756702135,30752.500000140495,266.08736709746364
2023-12-06 03:00:00,8041.284506791006,30607.00037905286,262.7269711897146
2023-12-06 04:00:00,8386.447574894199,31556.50056884846,265.7597459704713
2023-12-06 05:00:00,9118.634406851388,33233.50000019614,274.3808027080377
2023-12-06 06:00:00,10605.76517034376,36768.500786484394,288.4470387283862
2023-12-06 07:00:00,12021.27640468289,40203.00159782328,299.01440009229964
2023-12-06 08:00:00,12774.571868893712,42295.00000115867,302.03503649470986
2023-12-06 09:00:00,13276.702467951165,44467.500367982255,298.57091939241843
2023-12-06 10:00:00,13008.892981876217,44865.000964961204,289.95637361149153
2023-12-06 11:00:00,12851.10345690673,45221.50012165888,284.18127267634986
2023-12-06 12:00:00,12166.236309105094,44720.50000086024,272.0505430143014
2023-12-06 13:00:00,11434.617995671357,43846.50000054497,260.78747438288656
2023-12-06 14:00:00,11145.337338538797,43051.00000050763,258.88683975766827
2023-12-06 15:00:00,11316.861279258384,42909.000000513945,263.7409699392397
2023-12-06 16:00:00,11578.457731648603,45415.500298252475,254.94506623532948
2023-12-06 17:00:00,11152.269436035607,45573.0010184965,244.71220211083505
2023-12-06 18:00:00,10295.010542421254,44940.000470725936,229.0834542631449
2023-12-06 19:00:00,9593.507986775843,43560.500000236825,220.23411087392674
2023-12-06 20:00:00,8650.579095650868,41471.00000017699,208.59345315073062
2023-12-06 21:00:00,7075.246470892038,38646.50000007873,183.07599577911645
2023-12-06 22:00:00,5403.478218534956,35274.999999985,153.18152285009933
2023-12-06 23:00:00,3485.780384257627,31500.499999823387,110.65793826374725
2023-12-07 00:00:00,2730.817782334564,30584.49999969872,89.28763858691379
2023-12-07 01:00:00,2641.8138086734643,31352.99999966682,84.26031986417689
2023-12-07 02:00:00,2270.4238748476428,31699.49999948904,71.6233339606063
2023-12-07 03:00:00,1778.038502786292,31873.99999876682,55.78335015545846
2023-12-07 04:00:00,1537.5086799930866,32935.999996264494,46.68170634465225
2023-12-07 05:00:00,1058.6554986974882,33940.861936598136,31.19117895930478
2023-12-07 06:00:00,2178.408042314608,37373.49999942788,58.28750431048619
2023-12-07 07:00:00,4313.01077371372,42916.999999925254,100.49655786101617
2023-12-07 08:00:00,5059.386713907921,44954.999999980944,112.54335922389203
2023-12-07 09:00:00,5711.048717946387,46646.00000001578,122.43383608336094
2023-12-07 10:00:00,6159.533581680319,47360.50000003368,130.05634614659766
2023-12-07 11:00:00,6163.787801963782,47573.00000002859,129.5648330347062
2023-12-07 12:00:00,6158.404363666354,47412.000000038555,129.8912588302823
2023-12-07 13:00:00,6162.285629634414,47335.00000002478,130.18454905738224
2023-12-07 14:00:00,5781.837977453942,46529.000000020365,124.26310424576954
2023-12-07 15:00:00,6271.777453752922,47592.00000005104,131.78217880623205
2023-12-07 16:00:00,6754.08589042348,48418.50000007749,139.49391018748352
2023-12-07 17:00:00,7264.679204742062,49447.50000010233,146.91701713386982
2023-12-07 18:00:00,6810.369656573171,48346.00000009765,140.8672828477933
2023-12-07 19:00:00,5419.904278363918,44588.00000000213,121.55522289323717
2023-12-07 20:00:00,3862.54457092046,40470.99999986951,95.43981050463081
2023-12-07 21:00:00,2887.9777457569885,36885.99999968056,78.29468486097703
2023-12-07 22:00:00,3007.029105204607,33751.9999996716,89.09187915483126
2023-12-07 23:00:00,1335.0411184745649,30453.999999127605,43.837956213069184
2023-12-08 00:00:00,1867.5786231955346,30218.49999829432,61.8024926221007
2023-12-08 01:00:00,1895.928080871812,30055.99999748875,63.07985364087773
2023-12-08 02:00:00,1960.851114753321,29195.999998010306,67.16163566539774
2023-12-08 03:00:00,2160.986575809842,27985.499998195184,77.21807993243668
2023-12-08 04:00:00,2082.25830195048,26865.49999711232,77.50677642978148
2023-12-08 05:00:00,3007.45968131519,27412.49999956951,109.71125148608918
2023-12-08 06:00:00,5671.73874043056,32907.999999985186,172.35136563854118
2023-12-08 07:00:00,7664.926259827634,37795.000000084554,202.80265272682857
2023-12-08 08:00:00,8203.864649811285,39508.50000011915,207.64809217729206
2023-12-08 09:00:00,8271.81840242006,41339.50000013707,200.09478591643906
2023-12-08 10:00:00,8300.1218117994,42144.50000015178,196.9443654989265
2023-12-08 11:00:00,7852.899318166662,43253.0000001306,181.55733285882943
2023-12-08 12:00:00,7047.722797974993,42890.00000010468,164.32088593979464
2023-12-08 13:00:00,6463.652946967894,42301.00000005379,152.8014218803261
2023-12-08 14:00:00,6028.07280874083,41629.00000002923,144.8046508140142
2023-12-08 15:00:00,6202.5184527330075,41900.00000003456,148.03146665221698
2023-12-08 16:00:00,6978.59439669783,43903.00000007747,158.9548412793093
2023-12-08 17:00:00,7140.519582099978,44609.000000086366,160.06903499486992
2023-12-08 18:00:00,6615.43722355421,43800.000000075,151.0373795329425
2023-12-08 19:00:00,5216.5393717079605,40640.999999977335,128.35657025444428
2023-12-08 20:00:00,3674.6282753540763,37305.99999984134,98.49965891196334
2023-12-08 21:00:00,2334.3967302559013,34392.499999314525,67.87516843214155
2023-12-08 22:00:00,825.708062595647,31860.839454196514,25.91607995083412
2023-12-08 23:00:00,904.998672630965,31913.877495342418,28.35752793633561
2023-12-09 00:00:00,917.4245582329071,31393.90612860925,29.223013997511398
2023-12-09 01:00:00,816.7837683760858,31164.506606802744,26.208782275339928
2023-12-09 02:00:00,871.9693371152927,31308.738067126025,27.850670162616833
2023-12-09 03:00:00,861.6553619497736,30497.69831718389,28.253127596329946
2023-12-09 04:00:00,938.2116653505262,30201.154765943833,31.065423578057867
2023-12-09 05:00:00,857.5781060094076,30407.30400917152,28.203029961181137
2023-12-09 06:00:00,858.881094438345,31257.99332536265,27.477166736146533
2023-12-09 07:00:00,1124.5984844477452,32632.43912130297,34.46259350296587
2023-12-09 08:00:00,1437.420876245285,34423.85405294237,41.756535280291246
2023-12-09 09:00:00,1391.874611790388,34974.029766429965,39.79737596970845
2023-12-09 10:00:00,1373.36672680542,36597.500000081294,37.52624432822923
2023-12-09 11:00:00,1505.4081838979819,37294.0000000438,40.36596192138719
2023-12-09 12:00:00,1526.6401281285957,37288.499999869826,40.94131241894754
2023-12-09 13:00:00,1647.0865547171816,37054.61701658075,44.450238251826036
2023-12-09 14:00:00,1786.746831771592,37350.16427974637,47.83772350742991
2023-12-09 15:00:00,1799.608826581041,36821.04621275346,48.8744620721212
2023-12-09 16:00:00,2359.2166616424474,38653.99999690027,61.034217980846414
2023-12-09 17:00:00,2472.0791574706623,40481.999997032945,61.066132050092605
2023-12-09 18:00:00,2257.886325306147,39568.999997280756,57.06200119945695
2023-12-09 19:00:00,1894.3704369176298,37480.49999804393,50.54282725728032
2023-12-09 20:00:00,1865.7499814857993,35591.69562196454,52.420935526724314
2023-12-09 21:00:00,1848.6846248649626,34513.195227184464,53.56457472847482
2023-12-09 22:00:00,1455.8344928499512,31907.53862464795,45.62666240025633
2023-12-09 23:00:00,1241.973280432576,29668.45645695904,41.86174236042059
2023-12-10 00:00:00,1345.9790469006261,29271.968074694083,45.981843225096945
2023-12-10 01:00:00,1355.3526260994397,29222.074252303093,46.38112320149962
2023-12-10 02:00:00,1438.3632488189935,28883.78662103259,49.798292297714404
2023-12-10 03:00:00,1252.762948594538,29011.716991652193,43.18127565338539
2023-12-10 04:00:00,1124.2831478763842,28596.251118318378,39.31575307632487
2023-12-10 05:00:00,1166.3476425796064,26637.58242670299,43.78579196475409
2023-12-10 06:00:00,1368.2162322538334,25708.65604113293,53.220060592227625
2023-12-10 07:00:00,1945.7345687994984,27125.499999958556,71.73082777469433
2023-12-10 08:00:00,2325.410439901659,29723.500000004806,78.23474489549626
2023-12-10 09:00:00,2330.9098522202285,32839.50000408456,70.9788471788642
2023-12-10 10:00:00,2728.111730070167,35006.99999958418,77.9304633388343
2023-12-10 11:00:00,3307.5016839469968,36813.49999965975,89.84480378061218
2023-12-10 12:00:00,4624.153102914315,37560.99999983493,123.11048968170809
2023-12-10 13:00:00,3931.4228728810263,37666.9999997551,104.37313491668004
2023-12-10 14:00:00,3092.1566160936786,36784.999999380445,84.06025869636424
2023-12-10 15:00:00,2838.5610408695215,36956.49999908766,76.8081674655229
2023-12-10 16:00:00,4372.652084207411,39498.49999985874,110.70425672425658
2023-12-10 17:00:00,5302.41563825204,40650.99999992527,130.43752031344337
2023-12-10 18:00:00,5159.703243568964,39768.49999992544,129.7434714303692
2023-12-10 19:00:00,4408.543890924007,37556.49999983656,117.38431139598187
2023-12-10 20:00:00,3712.0237157001065,35580.49999970375,104.32747476092278
2023-12-10 21:00:00,2657.820886145908,33046.99999867934,80.42548147342035
2023-12-10 22:00:00,1742.5553605759426,30742.49999585737,56.68229196749634
2023-12-10 23:00:00,1259.9614945378041,30341.726305808963,41.525702322895945
2023-12-11 00:00:00,1230.7846924397784,29601.36662551552,41.578644256879606
2023-12-11 01:00:00,1254.5518435881913,29423.83935826968,42.637258459460526
2023-12-11 02:00:00,1225.6158628039354,28961.559126880646,42.31871141448256
2023-12-11 03:00:00,1381.5538578616674,27920.988083071537,49.48083691562843
2023-12-11 04:00:00,1321.5345817586694,27823.166700696987,47.497633751573076
2023-12-11 05:00:00,1257.8601190678962,28071.33707731913,44.80941237687651
2023-12-11 06:00:00,1635.7004851077609,31031.00000135627,52.71181995540812
2023-12-11 07:00:00,3136.144089151946,36471.99999990572,85.98771904913504
2023-12-11 08:00:00,6012.929418236019,38680.00000000628,155.45319075064745
2023-12-11 09:00:00,7336.656648318504,40327.500000063286,181.92688979745807
2023-12-11 10:00:00,8331.91130788905,40941.00000010454,203.5102051212177
2023-12-11 11:00:00,8372.195161056214,41430.50000009798,202.0780623221157
2023-12-11 12:00:00,8324.731695685969,41529.500000111555,200.4534534647325
2023-12-11 13:00:00,8220.74697558467,40513.00000012309,202.91627318538974
2023-12-11 14:00:00,8723.835612389614,39544.000000137494,220.61085404509612
2023-12-11 15:00:00,9685.010092601895,39505.000000183834,245.15909612851098
2023-12-11 16:00:00,11000.327925914937,41636.50000027765,264.19915040509125
2023-12-11 17:00:00,11683.688717532521,42833.500000384505,272.76988145791586
2023-12-11 18:00:00,11257.803813885259,41903.00000037594,268.6634325414471
2023-12-11 19:00:00,10826.391597908858,40995.50000026277,264.0873168479336
2023-12-11 20:00:00,9595.733996755273,38306.500000163796,250.49884475778893
2023-12-11 21:00:00,8072.787356737202,34910.000000074484,231.2456991326261
2023-12-11 22:00:00,6238.753427091837,31056.49999998602,200.88398329157008
2023-12-11 23:00:00,4490.509429810489,27969.499999878713,160.55022184272013
2023-12-12 00:00:00,4113.2009106459045,27936.999999827494,147.23130295562527
2023-12-12 01:00:00,3654.564007583626,27757.999999833923,131.6580448016965
2023-12-12 02:00:00,2781.8245248773505,27368.99999966298,101.64143830288303
2023-12-12 03:00:00,2127.538986053423,26862.99999907736,79.19960488875014
2023-12-12 04:00:00,1841.906433168898,26908.999998815743,68.44945680812961
2023-12-12 05:00:00,2334.6237571521083,28546.999999536238,81.78175490209254
2023-12-12 06:00:00,3800.793955205224,33126.49999986969,114.7357540102388
2023-12-12 07:00:00,5963.492492225895,38822.50000001521,153.60918261893386
2023-12-12 08:00:00,6761.399952035508,40991.00000005762,164.94840213768884
2023-12-12 09:00:00,6896.49467322733,41612.50000005682,165.73132287696998
2023-12-12 10:00:00,7782.205403728089,42014.00000010073,185.2288618962591
2023-12-12 11:00:00,7726.132397647318,41390.00000009274,186.6666440596764
2023-12-12 12:00:00,7908.088913749988,41216.000000103144,191.8693932873204
2023-12-12 13:00:00,8349.459950264463,41068.50000011649,203.30569536848876
2023-12-12 14:00:00,8809.632285860056,40607.00000015902,216.94861195915868
2023-12-12 15:00:00,9238.417179031767,40779.50000016624,226.5456216725096
2023-12-12 16:00:00,10183.714440067866,42401.000000219516,240.17627980507874
2023-12-12 17:00:00,10343.606863803992,42528.50000027155,243.2158873164571
2023-12-12 18:00:00,10320.657445198953,42066.0000002764,245.34439797297435
2023-12-12 19:00:00,9968.071770137665,40856.50000019966,243.9776233913564
2023-12-12 20:00:00,8715.220625916794,38259.00000010884,227.79530635646518
2023-12-12 21:00:00,7235.318415933536,34729.50000003325,208.3335036763158
2023-12-12 22:00:00,6530.212097786541,31443.9999999883,207.6775250537136
2023-12-12 23:00:00,5118.775317705006,28308.49999991477,180.8211426857805
2023-12-13 00:00:00,4657.167817151177,27618.499999840325,168.62493680605758
2023-12-13 01:00:00,4354.929319772812,27416.99999987382,158.84047560976236
2023-12-13 02:00:00,3913.831462964674,26767.49999983163,146.21580136319386
2023-12-13 03:00:00,3504.52144878336,26197.9999997757,133.77057213578763
2023-12-13 04:00:00,3210.8052040494636,25580.499999775056,125.51768746028021
2023-12-13 05:00:00,3588.1866746027317,26053.49999985984,137.72378661684746
2023-12-13 06:00:00,5302.213782456239,31392.49999998021,168.9006540562103
2023-12-13 07:00:00,7865.422123058969,38368.000000111955,204.99953406578447
2023-12-13 08:00:00,8173.91213072385,39605.00000014483,206.38586367110113
2023-12-13 09:00:00,8703.6040398366,41254.00000018669,210.97600329173446
2023-12-13 10:00:00,9344.554976023499,42148.00000022983,221.70814691023403
2023-12-13 11:00:00,9283.071071764456,42076.000000228436,220.62627321309193
2023-12-13 12:00:00,9005.588627723566,42292.50000024606,212.93583088422702
2023-12-13 13:00:00,8678.542640034924,41897.500000180386,207.13748171126105
2023-12-13 14:00:00,8339.254581684125,41459.00000016848,201.14461471936698
2023-12-13 15:00:00,8938.368579045631,42450.50000020506,210.55979503191847
2023-12-13 16:00:00,9731.97026180107,44155.50000027248,220.40222082732652
2023-12-13 17:00:00,10177.389996103922,44754.00000032132,227.40738249163988
2023-12-13 18:00:00,9717.226800046717,43916.50000030938,221.265966094253
2023-12-13 19:00:00,8756.926423687812,42004.00000015132,208.47839309723514
2023-12-13 20:00:00,7785.604913789494,39636.50000008067,196.42513627019665
2023-12-13 21:00:00,6512.842569600558,36547.000000014996,178.20457409904742
2023-12-13 22:00:00,5785.677302622813,33036.99999997825,175.12719988578326
2023-12-13 23:00:00,4666.9478758178775,29955.499999921256,155.79602663384506
2023-12-14 00:00:00,4344.403724209638,29839.499999901676,145.59237668942018
2023-12-14 01:00:00,4020.965628551146,29522.49999987054,136.20003822741225
2023-12-14 02:00:00,3385.9982593636087,28989.499999810647,116.80085063163303
2023-12-14 03:00:00,2869.9172308239,28419.499999721756,100.98408595689573
2023-12-14 04:00:00,2788.740898910598,27720.99999970568,100.60029937376743
2023-12-14 05:00:00,3886.623365910865,29168.499999859578,133.24728271695753
2023-12-14 06:00:00,5945.136716913483,33820.00000001601,175.78760251066436
2023-12-14 07:00:00,8067.3552083886025,39265.500000118,205.45657659686898
2023-12-14 08:00:00,8617.022776444162,41462.000000157714,207.82940466961037
2023-12-14 09:00:00,8705.675439780713,42407.000000172186,205.2886419634816
2023-12-14 10:00:00,9389.854675834433,42748.00000021669,219.65599971429856
2023-12-14 11:00:00,9254.299977848867,43128.00000020417,214.57753612050305
2023-12-14 12:00:00,8757.026410641603,43459.5000002084,201.49855406987223
2023-12-14 13:00:00,8574.37310938083,43123.500000170156,198.83295904430292
2023-12-14 14:00:00,8265.133679735982,42539.50000014715,194.29315529584017
2023-12-14 15:00:00,7979.3172202617025,41630.00000013366,191.6722848963748
2023-12-14 16:00:00,8864.949119224042,43116.000000175394,205.6069468222465
2023-12-14 17:00:00,9602.654667751494,43685.500000230044,219.81331718077914
2023-12-14 18:00:00,9566.466390837446,43147.500000245214,221.71542709967153
2023-12-14 19:00:00,8791.977972596442,41608.000000160275,211.30498876568387
2023-12-14 20:00:00,8582.330271265795,40651.500000154854,211.1196455538689
2023-12-14 21:00:00,6624.88386715221,36712.00000004239,180.4555422517041
2023-12-14 22:00:00,5430.696809099424,33479.99999997791,162.20719262553786
2023-12-14 23:00:00,3081.5361457306503,29169.499999739633,105.64240544946455
2023-12-15 00:00:00,2628.2212598740543,28875.99999957109,91.01749757283186
2023-12-15 01:00:00,2573.3026259191106,28969.499999543943,88.82799585631858
2023-12-15 02:00:00,2019.8256470555896,27832.999998949374,72.56945521976908
2023-12-15 03:00:00,2201.535724162818,27377.999999437816,80.41258398013093
2023-12-15 04:00:00,2479.784958357963,27353.999999605916,90.65529569326932
2023-12-15 05:00:00,3438.0084074229835,29026.49999980785,118.44378093968417
2023-12-15 06:00:00,5823.555493994489,34918.00000000711,166.77803694350487
2023-12-15 07:00:00,7321.136054118827,38803.00000006918,188.6744853260257
2023-12-15 08:00:00,7420.798787339056,39756.00000007849,186.65858706420175
2023-12-15 09:00:00,6982.315736728034,40606.50000006913,171.95069106463612
2023-12-15 10:00:00,6906.038274048315,41606.00000006969,165.98659505928825
2023-12-15 11:00:00,6246.636472384058,41567.500000031185,150.27693444107467
2023-12-15 12:00:00,5751.179622429182,41454.000000011,138.73642163428514
2023-12-15 13:00:00,4975.746366656988,39905.49999996617,124.68823512200592
2023-12-15 14:00:00,4900.00929334569,40141.999999957545,122.06689485702935
2023-12-15 15:00:00,5232.869454712646,40805.99999998559,128.23774579019002
2023-12-15 16:00:00,6036.142022228059,41954.50000002407,143.8735301868595
2023-12-15 17:00:00,6512.6422769942255,43123.50000003939,151.02304490563793
2023-12-15 18:00:00,5699.753119945679,42214.000000015876,135.0204462960993
2023-12-15 19:00:00,4292.810168107806,39377.4999998912,109.0168285980488
2023-12-15 20:00:00,2931.051033788098,36799.9999996885,79.64812591882902
2023-12-15 21:00:00,1643.373897035495,34200.4999977844,48.05116583505964
2023-12-15 22:00:00,795.91300063615,31473.403470417838,25.288431274496144
2023-12-15 23:00:00,301.0131617327134,29127.60613194896,10.334291131551094
2023-12-16 00:00:00,312.64243572881384,29591.46370454788,10.565291357343847
2023-12-16 01:00:00,84.57367674272412,29035.21795298782,2.91279634544714
2023-12-16 02:00:00,4.178143775980786,28747.89149071488,0.14533739899951484
2023-12-16 03:00:00,103.70555790129006,29186.357544204722,3.5532202928789918
2023-12-16 04:00:00,155.3289561669575,29759.34914197235,5.219501119662687
2023-12-16 05:00:00,735.1978359998574,31516.474147004614,23.327413865225527
2023-12-16 06:00:00,741.96885923019,31588.132233750388,23.48884871507003
2023-12-16 07:00:00,744.6247377263868,31708.214227717042,23.483654184330867
2023-12-16 08:00:00,824.9342207096703,32400.999988070114,25.460146940323046
2023-12-16 09:00:00,948.1277990435726,34585.50000425884,27.414026078177866
2023-12-16 10:00:00,1101.9536309713562,35816.50000601466,30.766647516823397
2023-12-16 11:00:00,1350.5539800482095,36456.50000199195,37.04562917379387
2023-12-16 12:00:00,1093.4949697573463,36362.499989343094,30.072051428747233
2023-12-16 13:00:00,1245.5328706885703,36855.22677352427,33.795284406805635
2023-12-16 14:00:00,1075.3758831038494,36214.11782464952,29.694935226943002
2023-12-16 15:00:00,931.8891153754901,35300.000025165515,26.3991250626386
2023-12-16 16:00:00,1235.8033817465846,37414.0000009935,33.03050680798014
2023-12-16 17:00:00,1535.1697132108422,39022.000001068605,39.34113354438014
2023-12-16 18:00:00,1433.0407872920284,37991.50000095554,37.72003704133781
2023-12-16 19:00:00,1460.6431524694895,35871.000000458975,40.719331840506264
2023-12-16 20:00:00,1363.3363245782862,33969.49999775963,40.13412987144943
2023-12-16 21:00:00,1317.020537328293,32504.499995386643,40.51809864834768
2023-12-16 22:00:00,870.8868058908363,31848.49998152657,27.344672634377954
2023-12-16 23:00:00,446.59808550793474,30911.600984968387,14.447588325337962
2023-12-17 00:00:00,592.6150992864564,31394.30003697561,18.876518940969717
2023-12-17 01:00:00,380.6636319035066,31131.025124789303,12.227789813461305
2023-12-17 02:00:00,406.9200563614512,31250.733411355617,13.021136208393372
2023-12-17 03:00:00,223.37466190296354,30976.493436917102,7.211102262360999
2023-12-17 04:00:00,726.8452735079201,32858.36187440626,22.120557205076853
2023-12-17 05:00:00,963.5763237645513,33853.808825385764,28.46286303365664
2023-12-17 06:00:00,973.0725582369504,34055.241216116905,28.573356801725904
2023-12-17 07:00:00,975.440387514204,34294.25630078135,28.443258222572382
2023-12-17 08:00:00,926.0048917625977,34336.334938914726,26.96865851902906
2023-12-17 09:00:00,1042.9875606073886,35069.992003469946,29.740171041504425
2023-12-17 10:00:00,1263.8885091867887,36241.420331919144,34.87414393838301
2023-12-17 11:00:00,1510.8783883634053,37980.9515768311,39.779898228907506
2023-12-17 12:00:00,1442.4373117686814,38170.46534936374,37.789356209478996
2023-12-17 13:00:00,1463.1368789119238,38376.44903129727,38.12590575325734
2023-12-17 14:00:00,1420.6051951238874,37623.3956017847,37.75855880101635
2023-12-17 15:00:00,1293.4964928431607,36027.608455078705,35.902924127088994
2023-12-17 16:00:00,1485.4548980557597,38780.499999513384,38.304170860984236
2023-12-17 17:00:00,1718.291384439104,39439.499999835214,43.56777810180867
2023-12-17 18:00:00,1733.861619770963,38697.99999993767,44.80494133479136
2023-12-17 19:00:00,1699.4495711027016,37131.49999988713,45.76840610015398
2023-12-17 20:00:00,1652.7469207376844,35429.99999980619,46.648233721330094
2023-12-17 21:00:00,1668.4365208259937,32963.49999849331,50.61466533900388
2023-12-17 22:00:00,1612.1044950751616,30739.999997376963,52.443217150706644
2023-12-17 23:00:00,1332.7111721469912,29303.56609132482,45.479487649850704
2023-12-18 00:00:00,1471.7557970416335,29802.32225340381,49.38393003496699
2023-12-18 01:00:00,1397.822257949806,29328.04466161723,47.661624703510874
2023-12-18 02:00:00,1289.0546603386676,29023.659818026405,44.41392534300737
2023-12-18 03:00:00,1219.155248273558,28400.80139576876,42.92679038469638
2023-12-18 04:00:00,1011.0290799550589,27640.372275433994,36.577983461302146
2023-12-18 05:00:00,1211.145572244562,27821.999996078433,43.531937762032754
2023-12-18 06:00:00,1401.3686631097348,32816.00000087409,42.703823228681365
2023-12-18 07:00:00,3272.6016170291487,37493.499999894535,87.28450576868934
2023-12-18 08:00:00,3665.723192751711,37060.99999988959,98.9105310909752
2023-12-18 09:00:00,3838.62996684052,38730.49999988191,99.11129386019348
2023-12-18 10:00:00,4563.641894789226,39376.99999992546,115.89612958828415
2023-12-18 11:00:00,5371.198202089032,40885.999999978,131.37010717829875
2023-12-18 12:00:00,4981.426747512952,41579.99999997679,119.80343308118644
2023-12-18 13:00:00,4389.038507392026,41846.49999992613,104.88424378143391
2023-12-18 14:00:00,4253.356212638917,42113.99999991266,100.99625332781825
2023-12-18 15:00:00,4519.1374720157455,42541.99999992569,106.22766846936297
2023-12-18 16:00:00,5107.1784848083025,43745.99999996783,116.74618216093033
2023-12-18 17:00:00,5244.337316326589,43420.49999997846,120.78021479092111
2023-12-18 18:00:00,5360.034103755931,42836.99999998696,125.1262717687411
2023-12-18 19:00:00,4348.505019837121,39641.499999872925,109.69577386958265
2023-12-18 20:00:00,3478.398142640762,36987.49999970589,94.04253173824726
2023-12-18 21:00:00,3189.059269954986,33987.49999958596,93.83035733707497
2023-12-18 22:00:00,2632.390584988025,30379.499998992887,86.6502274584931
2023-12-18 23:00:00,1666.5117232153627,27587.44937141061,60.40832919270891
2023-12-19 00:00:00,1726.2696795968645,27852.570448279854,61.97882823068049
2023-12-19 01:00:00,1718.8795138702164,27345.32071878705,62.85826856985061
2023-12-19 02:00:00,1638.3111145667133,26446.16126418733,61.94891947457303
2023-12-19 03:00:00,1982.3212175304432,25989.49999940419,76.27392668484919
2023-12-19 04:00:00,2079.248821803274,25048.999998821982,83.0072586490901
2023-12-19 05:00:00,2833.5426785200907,26260.499999683714,107.90132246355623
2023-12-19 06:00:00,4496.0001719761785,31665.499999916505,141.9841837958672
2023-12-19 07:00:00,5852.457326822144,36144.99999998743,161.91609702100374
2023-12-19 08:00:00,5584.25701713091,37693.49999998322,148.14907124924446
2023-12-19 09:00:00,5513.727142264993,39338.999999976215,140.15931117385614
2023-12-19 10:00:00,5865.893375786996,39863.499999990374,147.14948200204228
2023-12-19 11:00:00,5673.2838967185235,40248.99999998524,140.95465469255396
2023-12-19 12:00:00,5221.929147053005,40973.49999996832,127.44649949496731
2023-12-19 13:00:00,4899.721248546975,40945.99999994954,119.66300123462642
2023-12-19 14:00:00,4393.6351017240295,40654.99999991678,108.07121145573788
2023-12-19 15:00:00,4620.276077139726,40855.499999933,113.08822746380054
2023-12-19 16:00:00,5366.575030487079,41968.4999999771,127.87149958873934
2023-12-19 17:00:00,5808.499160704636,43517.50000000379,133.47501949110426
2023-12-19 18:00:00,4961.827687789823,42658.99999997414,116.3137365571821
2023-12-19 19:00:00,3939.3975067709607,40261.999999868945,97.84405908260354
2023-12-19 20:00:00,2494.2707106269727,37540.99999951955,66.44124319168094
2023-12-19 21:00:00,955.4736209525555,35355.29976662967,27.02490509935898
2023-12-19 22:00:00,927.907504909479,34901.48669535066,26.58647504070618
2023-12-19 23:00:00,891.2735597368613,34711.056013370726,25.676935884449673
2023-12-20 00:00:00,953.2532607001992,35169.02603028988,27.104909299427135
2023-12-20 01:00:00,1013.8955059469482,35205.74210668601,28.799151651866378
2023-12-20 02:00:00,1054.694207721476,35197.846444895134,29.964736887317205
2023-12-20 03:00:00,1046.548689579274,34928.98821301499,29.96218164685676
2023-12-20 04:00:00,1124.6180643842715,34424.70285910007,32.6689258288538
2023-12-20 05:00:00,1055.4269039763633,33635.62624181704,31.3782444955408
2023-12-20 06:00:00,1124.9003271215024,33395.4172618564,33.68427225511394
2023-12-20 07:00:00,1237.7988389922546,34974.49999856235,35.391466326699025
2023-12-20 08:00:00,1472.0350120211658,37685.499999013984,39.06104501889801
2023-12-20 09:00:00,1660.502551911846,39438.99999908743,42.10305920409412
2023-12-20 10:00:00,1502.8791792789252,39449.49999921761,38.09627952974642
2023-12-20 11:00:00,1609.4979975819797,40221.9999992703,40.01536466638106
2023-12-20 12:00:00,1548.7983663716466,40381.999999164436,38.35368150175062
2023-12-20 13:00:00,1775.6573365361826,39709.49999896705,44.716184705986535
2023-12-20 14:00:00,1711.6706729010411,38747.49999904576,44.174996398301694
2023-12-20 15:00:00,1753.962044131128,39536.99999915011,44.36254759260519
2023-12-20 16:00:00,1905.5491837994307,41423.49999942928,46.00164601797735
2023-12-20 17:00:00,1989.8439875350011,42466.999999317224,46.856241024018495
2023-12-20 18:00:00,2263.1099977396334,40961.99999855968,55.2490112255068
2023-12-20 19:00:00,1578.1046748695512,39254.04464394033,40.20234575020192
2023-12-20 20:00:00,1212.4670073016318,36899.08448547409,32.85899973423293
2023-12-20 21:00:00,621.1824724985106,34047.61552762902,18.244522057482477
2023-12-20 22:00:00,129.31059830402577,32301.17049964325,4.003279023757171
2023-12-20 23:00:00,0.06651755111168027,32147.896393516643,0.0020691105351793738
2023-12-21 00:00:00,0.06882966990909978,32151.055130411623,0.0021408214949684163
2023-12-21 01:00:00,3.7296748268291138,32199.248563562676,0.1158311138679705
2023-12-21 02:00:00,114.64328885163815,32518.662668002835,3.525461364204344
2023-12-21 03:00:00,0.06757191749047024,32117.98657274689,0.0021038653010648904
2023-12-21 04:00:00,0.06664988584161285,32184.566629450786,0.002070864790847432
2023-12-21 05:00:00,103.57471844270391,32411.83460819797,3.195583332284024
2023-12-21 06:00:00,195.66957103436863,32662.064647795534,5.9907287902442805
2023-12-21 07:00:00,360.7275780178339,35247.75770647166,10.234057468898298
2023-12-21 08:00:00,394.26669631553625,37568.00000050813,10.49474809173242
2023-12-21 09:00:00,542.8517023545785,38651.00000088325,14.044958793877862
2023-12-21 10:00:00,669.2284872100863,38599.5000009642,17.337750157213677
2023-12-21 11:00:00,672.3393020866548,38986.00000096453,17.245660033602338
2023-12-21 12:00:00,1028.5370065297393,40517.50000095075,25.38500663924488
2023-12-21 13:00:00,926.5874979153514,38561.00000056989,24.02913560077948
2023-12-21 14:00:00,878.3872243203299,38939.00000089386,22.558032417375028
2023-12-21 15:00:00,1220.3142795171195,40019.500002060835,30.49299165292616
2023-12-21 16:00:00,1321.8417898808284,40775.000001035995,32.41794702261787
2023-12-21 17:00:00,1303.803300225621,41338.500001286775,31.539685769561945
2023-12-21 18:00:00,1410.1139721490474,40605.00000091288,34.72759443707291
2023-12-21 19:00:00,1304.3161541199768,39109.99999982251,33.34994001856037
2023-12-21 20:00:00,816.2272093459551,36854.499999799285,22.147287559196307
2023-12-21 21:00:00,458.58095722378954,35073.44982702644,13.074874569949554
2023-12-21 22:00:00,149.53164401237848,32466.033574248646,4.605787265956126
2023-12-21 23:00:00,232.16121399441698,32116.57788856693,7.228703344420243
2023-12-22 00:00:00,314.3590615363875,31448.711903576546,9.995928052641055
2023-12-22 01:00:00,620.5616554941512,31824.25053924361,19.499647123784257
2023-12-22 02:00:00,543.2274611241528,31593.566528264953,17.194243031667803
2023-12-22 03:00:00,354.70729827003015,31274.183330339714,11.341856461074125
2023-12-22 04:00:00,288.59953730559215,30113.617043935064,9.583688896771589
2023-12-22 05:00:00,165.88062583777617,29738.815083852525,5.577916449261808
2023-12-22 06:00:00,129.83087948246074,30019.530526719416,4.324880409668714
2023-12-22 07:00:00,405.7542658724978,33342.01133538361,12.169459778267736
2023-12-22 08:00:00,458.62366094625315,35165.499998493215,13.041863785980704
2023-12-22 09:00:00,459.2210637264843,36540.49999930755,12.567454296881179
2023-12-22 10:00:00,459.3812698119296,37237.999999408254,12.336357210892894
2023-12-22 11:00:00,459.5111156083499,37040.499999316846,12.405640194296105
2023-12-22 12:00:00,407.3057958028906,36769.49999935384,11.077273169611997
2023-12-22 13:00:00,372.17298674429685,35768.99999665431,10.404903317931964
2023-12-22 14:00:00,435.28282341584395,35471.16700524592,12.271454822771094
2023-12-22 15:00:00,830.7173285789862,36246.02436281164,22.918853672440303
2023-12-22 16:00:00,733.7499481825221,36962.49999939478,19.85119913952077
2023-12-22 17:00:00,834.1002550513025,38320.50000138281,21.76642410775443
2023-12-22 18:00:00,1276.576368987974,37584.0000009494,33.96595277127838
2023-12-22 19:00:00,1650.0812256102186,35946.99999979196,45.90316926641356
2023-12-22 20:00:00,1654.3380769379514,33540.499998691674,49.32359615994046
2023-12-22 21:00:00,992.141477499912,31167.499994271122,31.83256525811428
2023-12-22 22:00:00,851.011935550717,28755.378936183028,29.59487814225549
2023-12-22 23:00:00,424.4575449590097,27387.50137801042,15.498220852662707
2023-12-23 00:00:00,528.9961422355548,27516.03568469776,19.225012945078443
2023-12-23 01:00:00,198.24588517521923,27082.365213021203,7.320109732509721
2023-12-23 02:00:00,158.4256934853452,27978.84527276756,5.662338525441022
2023-12-23 03:00:00,29.809588934257626,27442.812992640465,1.0862439263151293
2023-12-23 04:00:00,19.115778145444594,27490.66397989047,0.6953552725910099
2023-12-23 05:00:00,9.6818827333184,27315.838612997202,0.3544420828695204
2023-12-23 06:00:00,47.33291378422271,27268.614381635743,1.7358019414473596
2023-12-23 07:00:00,53.37711223530411,28039.833581316354,1.9036172978883377
2023-12-23 08:00:00,234.30704354735062,29835.499999470558,7.853297030433827
2023-12-23 09:00:00,347.3756506348288,32137.50000629032,10.80904396940759
2023-12-23 10:00:00,430.91775807488693,33614.50000646668,12.819401091552393
2023-12-23 11:00:00,458.9996102382247,33941.00000615955,13.523455707107225
2023-12-23 12:00:00,432.43808596482774,34291.00000404895,12.610833335678956
2023-12-23 13:00:00,401.83328895653085,34834.26284145349,11.535576073059337
2023-12-23 14:00:00,521.9424709710347,34625.13915329858,15.074090205390888
2023-12-23 15:00:00,377.72319051390184,34007.73180490134,11.106979809205116
2023-12-23 16:00:00,409.7938134881625,35581.5000060529,11.517047157046527
2023-12-23 17:00:00,710.0532877729139,36787.50000599726,19.30148250512152
2023-12-23 18:00:00,432.5684682487183,35883.0000051557,12.054969433619444
2023-12-23 19:00:00,429.58684316760355,34486.49999152604,12.456666906562303
2023-12-23 20:00:00,293.3156863122483,32833.22594421217,8.93350189867511
2023-12-23 21:00:00,111.54872397403628,30458.87414676248,3.6622733800518024
2023-12-23 22:00:00,51.14485195354008,30536.032283779292,1.674901685924277
2023-12-23 23:00:00,0.03345475092244572,28549.652997889847,0.0011718093710252249
2023-12-24 00:00:00,40.51765050656354,27518.194033845855,1.4723949710046043
2023-12-24 01:00:00,180.568852719145,27651.753574999126,6.530104943594006
2023-12-24 02:00:00,51.032730023351526,27255.298526695307,1.8723966634732443
2023-12-24 03:00:00,0.6325031633371321,27162.306152538546,0.023286062670272178
2023-12-24 04:00:00,30.03243217679907,27315.096028879532,1.099481112753423
2023-12-24 05:00:00,11.43255037499516,27102.69373897906,0.42182339826070053
2023-12-24 06:00:00,0.035401401140639534,26695.029262660344,0.0013261420615918644
2023-12-24 07:00:00,105.96520081649405,27150.73328969999,3.9028485781889883
2023-12-24 08:00:00,165.66183289178767,28731.162299275544,5.765928686287948
2023-12-24 09:00:00,358.66400162988776,31490.82557081261,11.389475986374801
2023-12-24 10:00:00,263.5152106435248,33494.77013162164,7.867353906535581
2023-12-24 11:00:00,385.64321486638676,34186.043278297046,11.28072095758481
2023-12-24 12:00:00,409.4890460450743,34585.775580088506,11.839810996773558
2023-12-24 13:00:00,376.74523122987347,34359.18580424268,10.964905669660915
2023-12-24 14:00:00,401.09914471669083,33883.73101148671,11.83751413268854
2023-12-24 15:00:00,389.4050886612272,33721.874721927474,11.547551607740793
2023-12-24 16:00:00,595.281796002382,35541.138272009906,16.749092036570776
2023-12-24 17:00:00,592.1667120527026,36254.42158154689,16.33364114555641
2023-12-24 18:00:00,739.1077578275936,35420.15821861843,20.86686776681549
2023-12-24 19:00:00,599.8961490098449,33579.94008326914,17.864717671391467
2023-12-24 20:00:00,485.16391565749996,31485.314514938793,15.409212934090428
2023-12-24 21:00:00,370.2736376282088,29208.47648241489,12.676924037826275
2023-12-24 22:00:00,284.38325587299306,27539.900879317436,10.3262265583013
2023-12-24 23:00:00,55.147090773484564,25526.814556015055,2.160359282293994
2023-12-25 00:00:00,223.21572647187173,25396.07658505283,8.789378379936375
2023-12-25 01:00:00,264.57902189845333,24519.69980226587,10.7904674213835
2023-12-25 02:00:00,308.16676383494695,23298.017145370275,13.227167012201512
2023-12-25 03:00:00,232.59244874584172,24342.322670509628,9.555063906355334
2023-12-25 04:00:00,136.3462795808007,25455.288327500908,5.356304663557767
2023-12-25 05:00:00,166.6545672540117,24105.719607156654,6.913486507348832
2023-12-25 06:00:00,84.40466669842672,23950.12272560596,3.5241851436605196
2023-12-25 07:00:00,250.08432241911134,24065.149717047727,10.391970353791395
2023-12-25 08:00:00,749.0064400611894,26390.16195797567,28.38203271559778
2023-12-25 09:00:00,932.1881816899077,28810.573651640167,32.35576607954277
2023-12-25 10:00:00,1068.6341474166938,30872.00000089002,34.61499570438863
2023-12-25 11:00:00,1210.9225297274224,32644.000001594708,37.09479627705756
2023-12-25 12:00:00,1652.1797686323002,34338.500001233886,48.114500300622694
2023-12-25 13:00:00,1229.9570017825163,34421.49999975358,35.73223136096107
2023-12-25 14:00:00,932.1924394761421,32830.622471936105,28.39399223310457
2023-12-25 15:00:00,932.1916086187338,31297.500003622124,29.784858487446257
2023-12-25 16:00:00,690.7603227642941,30540.626723926627,22.617752052322082
2023-12-25 17:00:00,855.7115617411406,29687.805378287827,28.82367190290749
2023-12-25 18:00:00,587.2297412226443,30232.72215046113,19.423647606065387
2023-12-25 19:00:00,315.6791429409783,30000.2379909732,10.522554622265439
2023-12-25 20:00:00,204.6011354977125,29358.0071969745,6.969176556329673
2023-12-25 21:00:00,47.311143532064314,28275.778871007522,1.6732039017526283
2023-12-25 22:00:00,16.677020377770795,28079.88108630487,0.5939134972300334
2023-12-25 23:00:00,42.31504218239043,28550.718224169468,1.4821007951585905
2023-12-26 00:00:00,53.95376861627676,28029.430992406436,1.924897035223212
2023-12-26 01:00:00,48.053166710577,27543.801958123793,1.7446090697150165
2023-12-26 02:00:00,14.875020875035215,27699.817544637204,0.5370079009027653
2023-12-26 03:00:00,14.768906628787454,27568.490961578027,0.5357169041051523
2023-12-26 04:00:00,14.769006301105016,26589.962439542865,0.5554353953934703
2023-12-26 05:00:00,3.1086884706120212,26137.266026484544,0.11893701764607013
2023-12-26 06:00:00,103.23789738805979,25791.665871758545,4.002761896086115
2023-12-26 07:00:00,47.205476092692656,25138.193010544306,1.8778388754073192
2023-12-26 08:00:00,353.7876501258968,25999.401602298432,13.607530493879551
2023-12-26 09:00:00,1511.9552318907556,28861.765070416608,52.38609725364697
2023-12-26 10:00:00,2303.202763145913,30881.999999531086,74.58075134968219
2023-12-26 11:00:00,2304.8603518450304,31443.99999976645,73.30048186815131
2023-12-26 12:00:00,2306.778257039128,31311.499999455933,73.67191789212305
2023-12-26 13:00:00,2544.4612004642713,30925.499999257685,82.27712407318707
2023-12-26 14:00:00,3667.4710886090834,29628.4999998357,123.78186842497664
2023-12-26 15:00:00,5461.839180951977,30054.999999983036,181.72813777924006
2023-12-26 16:00:00,7140.779174677344,31449.50000007148,227.05541183996928
2023-12-26 17:00:00,7710.9549799578135,32261.50000005542,239.01414937137352
2023-12-26 18:00:00,8563.966719372283,31715.50000006988,270.0246478647165
2023-12-26 19:00:00,8219.664336982458,30796.500000044285,266.90254856787743
2023-12-26 20:00:00,7665.108115624394,30084.00000001608,254.7901913183186
2023-12-26 21:00:00,6387.645264090537,28285.99999997455,225.82356162399367
2023-12-26 22:00:00,4431.9711570033005,26359.499999813524,168.13563068474946
2023-12-26 23:00:00,2734.641446408111,24344.999999099564,112.32866898785194
2023-12-27 00:00:00,1526.3075902097414,24822.55226941408,61.488745139653965
2023-12-27 01:00:00,1408.1294119627576,25320.593243166295,55.61202292694283
2023-12-27 02:00:00,735.1671310991244,24793.2947107646,29.65185303831096
2023-12-27 03:00:00,231.13871248758196,26555.067211565478,8.704128317435197
2023-12-27 04:00:00,231.12573470886852,29680.620104947953,7.787092516653261
2023-12-27 05:00:00,231.13134581057344,31842.518317468148,7.258576206385648
2023-12-27 06:00:00,231.16552350990506,32471.60759501894,7.119004589885634
2023-12-27 07:00:00,155.13305044491702,32587.634514904625,4.760488226721818
2023-12-27 08:00:00,22.316091787969437,32644.028437661284,0.6836194200291608
2023-12-27 09:00:00,66.7587330014367,33656.80014164539,1.9835139621259623
2023-12-27 10:00:00,426.7969074950396,35160.38034466807,12.138574819477505
2023-12-27 11:00:00,1041.9137978728613,35971.999954641295,28.964577982504647
2023-12-27 12:00:00,1159.6194848659504,36676.49998861936,31.617506720264416
2023-12-27 13:00:00,1180.373180783798,36650.999989812815,32.20575648991526
2023-12-27 14:00:00,1161.9043913019605,36438.9999911924,31.886286439880404
2023-12-27 15:00:00,1054.459677951723,36466.99999129937,28.915448986845792
2023-12-27 16:00:00,1192.3368995342075,37237.499991272285,32.01978918599979
2023-12-27 17:00:00,1533.0853845838728,38437.49998985554,39.88514822734273
2023-12-27 18:00:00,1128.4793220260894,37068.5000046186,30.443080294198175
2023-12-27 19:00:00,588.4203021037688,35201.91051455834,16.715578600781278
2023-12-27 20:00:00,306.6317042496877,33018.5167395443,9.28665895771306
2023-12-27 21:00:00,311.1893782212359,31160.55168991447,9.986645336640702
2023-12-27 22:00:00,26.60138271440712,29986.863133210707,0.887101214829832
2023-12-27 23:00:00,7.457169329079886,29469.134801669526,0.2530501617800266
2023-12-28 00:00:00,7.883619253373351,30113.806896047885,0.26179417569447166
2023-12-28 01:00:00,6.185329863555058,29788.374207527457,0.20764241178332046
2023-12-28 02:00:00,8.728960146690836,28808.180949518628,0.30300282277408747
2023-12-28 03:00:00,3.216847433343193,29784.35072181377,0.10800461837790558
2023-12-28 04:00:00,17.44091890238556,30237.591019981366,0.5767959124409214
2023-12-28 05:00:00,33.01316291169737,31169.396874882557,1.0591530867349117
2023-12-28 06:00:00,123.69964760830923,31361.201407335473,3.944352960259218
2023-12-28 07:00:00,121.86524273666095,31584.617158015022,3.858373274780568
2023-12-28 08:00:00,377.08950505707156,33305.24473501925,11.322225915384903
2023-12-28 09:00:00,551.4046098394593,36014.60244570181,15.310584385064264
2023-12-28 10:00:00,657.51054819416,36812.76691681796,17.86093801859201
2023-12-28 11:00:00,801.4065301194508,37335.09147536353,21.465235478217014
2023-12-28 12:00:00,752.1137621067386,36913.200620355026,20.375197746791994
2023-12-28 13:00:00,630.6342160318244,36163.69907377654,17.438321636989773
2023-12-28 14:00:00,692.4526277909398,35746.40597599306,19.3712517072621
2023-12-28 15:00:00,588.8600995904806,35730.5000025876,16.480600594669408
2023-12-28 16:00:00,731.4061490371512,37270.50000385081,19.62426447087058
2023-12-28 17:00:00,924.0864134997487,37979.500003949615,24.33118954708856
2023-12-28 18:00:00,926.3649759427906,37105.000003617475,24.96604166156789
2023-12-28 19:00:00,917.1294794690226,35739.00000296217,25.66186741075597
2023-12-28 20:00:00,801.9651152407064,34492.36470253038,23.250511298863593
2023-12-28 21:00:00,459.8264809659159,32156.30332139143,14.299730798347838
2023-12-28 22:00:00,176.95197039123897,30636.36523603926,5.775880037592728
2023-12-28 23:00:00,178.44381352242434,30068.115318235024,5.9346524261268145
2023-12-29 00:00:00,320.98218312213976,30325.020507157526,10.584730950021264
2023-12-29 01:00:00,539.861376743054,30565.65510357441,17.662352562498214
2023-12-29 02:00:00,388.8872252979461,29568.175633175615,13.152222515264452
2023-12-29 03:00:00,127.53706901168998,28513.994550001273,4.472788573626359
2023-12-29 04:00:00,9.789181771630146,28210.70667615605,0.34700235921080463
2023-12-29 05:00:00,88.83729285363538,28719.626876411032,3.0932606901868285
2023-12-29 06:00:00,137.79620697779694,28821.683354183227,4.78099093951072
2023-12-29 07:00:00,407.7036393496065,30655.922148729347,13.299343512539071
2023-12-29 08:00:00,570.1546947057201,31076.413461875603,18.346862819455765
2023-12-29 09:00:00,1342.7027302404354,32942.56842375481,40.75889630002909
2023-12-29 10:00:00,1560.5967017575992,34698.52026342735,44.97588628880196
2023-12-29 11:00:00,1743.4527995608073,35496.34120680462,49.116408629365694
2023-12-29 12:00:00,1776.521506672466,36013.97550965951,49.3286698158601
2023-12-29 13:00:00,1758.5396889983892,35700.5781023879,49.25801716585553
2023-12-29 14:00:00,1630.539723364416,35010.76265982346,46.572527973963254
2023-12-29 15:00:00,1302.5310653733118,34811.885423679545,37.41627462921935
2023-12-29 16:00:00,2026.7823834043902,37276.99999594139,54.370855584544366
2023-12-29 17:00:00,2059.3514256184335,38480.999998590974,53.5160579427208
2023-12-29 18:00:00,2141.4045868000358,37862.49999850951,56.55740077608012
2023-12-29 19:00:00,2246.3337664250835,36556.49999414746,61.4482723123032
2023-12-29 20:00:00,1665.0563371534092,34468.55590267216,48.30653021423292
2023-12-29 21:00:00,1723.5812907543834,32942.02724849633,52.321652148261705
2023-12-29 22:00:00,1764.0557329326232,32236.46073131958,54.72237624457146
2023-12-29 23:00:00,1443.461608923356,31356.05949663595,46.03453469904974
2023-12-30 00:00:00,1286.160713856035,30576.69272870817,42.063434566566805
2023-12-30 01:00:00,1413.6223311523238,29828.738974232696,47.39128705284758
2023-12-30 02:00:00,1282.927256926608,27651.989317036005,46.395477815992585
2023-12-30 03:00:00,1000.5063386591137,25314.653757435255,39.522813475781845
2023-12-30 04:00:00,1045.0586747226548,24232.99999924144,43.125435346649944
2023-12-30 05:00:00,1123.7167420816004,24693.500004356734,45.506580350429886
2023-12-30 06:00:00,1278.883301649288,25024.000004272486,51.106270038001
2023-12-30 07:00:00,1487.3034514475362,26344.000004519745,56.45700923141379
2023-12-30 08:00:00,1744.7799828990285,28211.50000447733,61.846409535902794
2023-12-30 09:00:00,1790.5169847709017,30442.500004519745,58.81635820005147
2023-12-30 10:00:00,1830.8867244242379,32340.000004479152,56.613689677509484
2023-12-30 11:00:00,1830.3594011419802,33542.0000024482,54.56917896989995
2023-12-30 12:00:00,1687.051555903701,35767.28338888852,47.16745014042081
2023-12-30 13:00:00,1715.0763861781675,39180.63413732749,43.7735739591874
2023-12-30 14:00:00,1252.0039977091824,39237.43559061111,31.908405298759302
2023-12-30 15:00:00,1272.4914146630738,38066.35339226971,33.42824571479662
2023-12-30 16:00:00,1604.5342965258483,36971.81720801787,43.39884857425623
2023-12-30 17:00:00,1809.8115559608068,37554.0167403044,48.19222317751294
2023-12-30 18:00:00,1844.6538574349322,36823.01490720019,50.09513376576446
2023-12-30 19:00:00,1844.6600526525765,35432.01475156658,52.06195768393377
2023-12-30 20:00:00,1837.6883056333827,33974.19702578919,54.09070608021809
2023-12-30 21:00:00,1360.3541414281397,32486.778987661728,41.87408489911522
2023-12-30 22:00:00,1141.167606595086,30502.093054413253,37.412763922768704
2023-12-30 23:00:00,1137.6673069729784,29737.45681068002,38.25704781063834
2023-12-31 00:00:00,1172.0576879283135,29379.64836843705,39.89352334071741
2023-12-31 01:00:00,1201.8677614962148,28436.07171297569,42.26560453312507
2023-12-31 02:00:00,1179.3228886724276,28079.134597334294,41.99997277638276
2023-12-31 03:00:00,909.0740210127929,27189.365612961155,33.43491105873532
2023-12-31 04:00:00,1028.763733417126,27149.21578814984,37.89294473345943
2023-12-31 05:00:00,862.1708845791449,26360.92502895815,32.706397200858014
2023-12-31 06:00:00,920.7651508102674,26912.388516141706,34.213431121433324
2023-12-31 07:00:00,1377.5297634975975,29046.585232438618,47.42484365973599
2023-12-31 08:00:00,1362.423126617503,28504.641039680595,47.79653687695656
2023-12-31 09:00:00,2187.805831231052,29656.999995609407,73.77030149896979
2023-12-31 10:00:00,2327.911735295143,32024.99999977618,72.69045231261241
2023-12-31 11:00:00,2328.483926230688,33281.49999969683,69.96331073575105
2023-12-31 12:00:00,2329.538215269738,34366.99999880399,67.78415966918288
2023-12-31 13:00:00,2329.838059597327,34423.49999852323,67.68161458588689
2023-12-31 14:00:00,2330.49613748879,34022.999997798994,68.49766739086951
2023-12-31 15:00:00,2333.1726858413062,34647.99999944979,67.33931787919524
2023-12-31 16:00:00,2664.3130555875896,35675.49999963486,74.68187006811002
2023-12-31 17:00:00,4778.0284045833005,36545.99999989349,130.74011942749485
2023-12-31 18:00:00,4792.8163398427305,35541.49999982837,134.85126795058946
2023-12-31 19:00:00,3938.4106342013333,33439.499999711814,117.77719864936003
2023-12-31 20:00:00,2952.012695613911,31113.49999909944,94.87883702249361
2023-12-31 21:00:00,1799.956572700415,28990.07138784915,62.088725088646925
2023-12-31 22:00:00,1714.242806442684,27449.456844714558,62.450882585414966
2023-12-31 23:00:00,1510.4382706084978,26292.499978108448,57.447495364309695
