snapshot,system_emissions_t,system_generation_mwh,system_gCO2_per_kWh
2023-01-01 00:00:00,663.6272196750556,27529.500000000033,24.106039691060673
2023-01-01 01:00:00,405.6004495506152,27443.50000000002,14.77947235413176
2023-01-01 02:00:00,208.206,27309.095601871006,7.624053283761449
2023-01-01 03:00:00,208.1,27090.44375723163,7.681675570354913
2023-01-01 04:00:00,197.5,26622.231290260297,7.418611830341023
2023-01-01 05:00:00,847.8285624603566,28524.16187305905,29.72317175289652
2023-01-01 06:00:00,905.9140000000006,28438.273623775374,31.855449876627716
2023-01-01 07:00:00,906.8680000000006,28166.091491606065,32.19715452072083
2023-01-01 08:00:00,906.5500000000006,28107.665772229026,32.25276717555435
2023-01-01 09:00:00,1003.3600000000007,28529.23848067729,35.16953320291291
2023-01-01 10:00:00,1663.1180000000006,31408.15857110802,52.95178309274975
2023-01-01 11:00:00,1706.7320000000007,32531.440355774084,52.464077253716454
2023-01-01 12:00:00,1718.0020000000006,33089.47476945557,51.91989331864114
2023-01-01 13:00:00,1719.1220000000005,32486.230424358142,52.91848200125444
2023-01-01 14:00:00,1719.2280000000005,31647.570463198186,54.32417006541556
2023-01-01 15:00:00,1898.7719999999968,31756.49999999999,59.79160171933297
2023-01-01 16:00:00,2373.2719999999913,33602.000000000065,70.62889113743189
2023-01-01 17:00:00,2631.492265402942,34459.00000000003,76.36589179613279
2023-01-01 18:00:00,3032.515555305828,33214.50000000003,91.30095456218896
2023-01-01 19:00:00,3393.4356412560287,31591.000000000033,107.41779751372306
2023-01-01 20:00:00,3212.1157728363955,30070.00000000004,106.82127611694018
2023-01-01 21:00:00,2691.070388032773,28111.500000000044,95.72845234273407
2023-01-01 22:00:00,1909.7639999999967,26100.50000000001,73.16963276565568
2023-01-01 23:00:00,1914.2495904008154,24411.0,78.41749991400661
2023-01-02 00:00:00,2298.9863167827993,24040.500000000025,95.62972137779153
2023-01-02 01:00:00,1904.5479999999968,24055.369158227557,79.17350955924084
2023-01-02 02:00:00,1904.4419999999968,24086.70876774955,79.06609484770763
2023-01-02 03:00:00,1908.2219999999968,25768.02710899475,74.05386496717479
2023-01-02 04:00:00,1883.7839999999967,25899.268712882385,72.73502664818471
2023-01-02 05:00:00,1577.2999999999968,24017.861641243722,65.67195796029739
2023-01-02 06:00:00,1927.0999999999913,23600.000000000036,81.65677966101644
2023-01-02 07:00:00,2135.7799999999916,25283.500000000025,84.47327308323568
2023-01-02 08:00:00,1936.2539999999915,26959.500000000036,71.82084237467271
2023-01-02 09:00:00,4074.1064059379014,29827.50000000003,136.58893323067295
2023-01-02 10:00:00,5096.052621555585,32060.00000000001,158.95360641159024
2023-01-02 11:00:00,5392.085278857026,32933.500000000015,163.7264572200654
2023-01-02 12:00:00,5252.366078627169,33433.49999999997,157.09890016382295
2023-01-02 13:00:00,5267.398586607551,32968.00000000003,159.77307045036235
2023-01-02 14:00:00,4859.350732672111,32892.500000000044,147.73430820618998
2023-01-02 15:00:00,5916.963621940688,33642.99999999971,175.87502963293224
2023-01-02 16:00:00,7335.692478036214,37043.500000000015,198.0291408219043
2023-01-02 17:00:00,8936.131925110756,39389.000000000044,226.8687177920421
2023-01-02 18:00:00,8674.803026740687,38396.50000000003,225.9269211188697
2023-01-02 19:00:00,7876.934841540848,36399.50000000003,216.40228139234992
2023-01-02 20:00:00,6700.799811627406,34192.0,195.97566131338925
2023-01-02 21:00:00,5596.4386332152435,31739.499999999996,176.32409562895586
2023-01-02 22:00:00,4055.815579703291,28895.500000000036,140.36149503221213
2023-01-02 23:00:00,2809.0403689819473,26061.500000000025,107.7850610663985
2023-01-03 00:00:00,2237.0586075327233,25712.00000000003,87.00445735581522
2023-01-03 01:00:00,1797.681999999997,26120.74873418723,68.82199351533764
2023-01-03 02:00:00,1609.767999999997,26418.797545543504,60.932674820832005
2023-01-03 03:00:00,1458.059999999997,26914.729802995527,54.17330995601225
2023-01-03 04:00:00,1225.565999999997,27788.715562923644,44.10300998708901
2023-01-03 05:00:00,1370.5279999999968,30614.004343116267,44.76800828272464
2023-01-03 06:00:00,1359.6039999999969,32938.62844340738,41.27688565830735
2023-01-03 07:00:00,1374.167999999997,35130.99957329938,39.11553945776158
2023-01-03 08:00:00,1018.5873287079918,35652.00000000002,28.570271757769305
2023-01-03 09:00:00,1375.4465047672252,37678.500000000044,36.50481056218331
2023-01-03 10:00:00,2001.3999999999912,38820.50000000002,51.555234991821074
2023-01-03 11:00:00,2219.377999999991,39655.00000000012,55.967166813768365
2023-01-03 12:00:00,2315.1779999999912,40498.00000000003,57.16771198577682
2023-01-03 13:00:00,2230.943999999991,40341.50000000005,55.3014637532067
2023-01-03 14:00:00,2084.3959999999915,39386.00000000005,52.92225663941474
2023-01-03 15:00:00,2153.153999999992,39497.00000000006,54.51436817986147
2023-01-03 16:00:00,4242.885935838244,41055.00000000002,103.3463874275543
2023-01-03 17:00:00,4394.349518442502,41735.000000000044,105.29171003815736
2023-01-03 18:00:00,4136.079747493663,40228.00000000005,102.8159428133056
2023-01-03 19:00:00,2609.5211698245103,38039.00000000003,68.60120323416778
2023-01-03 20:00:00,1644.0275168362318,35320.50000000003,46.54598651877041
2023-01-03 21:00:00,977.8109196288855,32290.49999999999,30.281690268930053
2023-01-03 22:00:00,538.0726316661986,29987.500000000062,17.94323073501284
2023-01-03 23:00:00,274.63531512042584,29218.999999999993,9.399203091153904
2023-01-04 00:00:00,445.3379215951386,29485.499999999996,15.103624547494146
2023-01-04 01:00:00,372.6975364234388,29624.499999999975,12.580719891422273
2023-01-04 02:00:00,762.8676117284183,31378.80029024899,24.311560820426923
2023-01-04 03:00:00,990.5040000000006,32236.496578643273,30.726167701989397
2023-01-04 04:00:00,917.5400000000006,32246.59765370515,28.45385456950913
2023-01-04 05:00:00,918.4560000000006,32727.410300338957,28.06381536367661
2023-01-04 06:00:00,962.9360000000006,33323.066309791,28.896980579397347
2023-01-04 07:00:00,1121.3560000000007,34568.2974510926,32.43885532940986
2023-01-04 08:00:00,1461.4800000000005,37267.67262925548,39.215757166781714
2023-01-04 09:00:00,1698.7020000000005,38407.062770290286,44.22889639230699
2023-01-04 10:00:00,1559.6520000000005,37788.81829996327,41.27284393017171
2023-01-04 11:00:00,1429.0440000000006,38135.70620189843,37.472598315980875
2023-01-04 12:00:00,1513.4060000000004,38490.067837999675,39.31939030010948
2023-01-04 13:00:00,1308.3260000000005,37788.91978939115,34.62194757859418
2023-01-04 14:00:00,1501.8300000000004,37861.12474910633,39.66680889572488
2023-01-04 15:00:00,1666.0029060712702,37635.49999999975,44.266793481454506
2023-01-04 16:00:00,1736.5319999999979,39904.999999999956,43.516652048615455
2023-01-04 17:00:00,1804.799999999998,40963.000000000015,44.059273002465574
2023-01-04 18:00:00,1814.863999999998,39841.50000000003,45.552100197030654
2023-01-04 19:00:00,1815.287999999998,37943.000000000015,47.84250059299468
2023-01-04 20:00:00,1737.5533062215952,35496.999999999985,48.94930011611111
2023-01-04 21:00:00,1719.2280000000005,35075.26046480647,49.01540222987155
2023-01-04 22:00:00,1538.7220000000007,33268.84449184427,46.25114047400151
2023-01-04 23:00:00,1350.2500000000005,30674.779513670386,44.018246305511475
2023-01-05 00:00:00,1251.4280000000006,30071.632262757288,41.61490101586046
2023-01-05 01:00:00,1390.9200000000008,30297.671254734316,45.908478849926645
2023-01-05 02:00:00,1398.8480000000006,29635.68134686497,47.20147931230131
2023-01-05 03:00:00,1310.2860000000005,28481.990009988916,46.0040186637405
2023-01-05 04:00:00,1141.5460000000007,27086.069840817287,42.145132413405754
2023-01-05 05:00:00,1399.4320000000005,25875.041115979355,54.084242561290814
2023-01-05 06:00:00,2299.4159999999915,28303.00000000003,81.24283644843266
2023-01-05 07:00:00,2519.7662593515106,32885.00000000002,76.62357486244515
2023-01-05 08:00:00,3962.840199843281,35427.50000000002,111.85774327410284
2023-01-05 09:00:00,5597.593914431213,37126.5,150.7708487045968
2023-01-05 10:00:00,5467.668618321862,37834.000000000044,144.5173288132858
2023-01-05 11:00:00,5277.122850720486,38492.5,137.09483277834605
2023-01-05 12:00:00,4354.331017909881,38539.50000000006,112.9835887312984
2023-01-05 13:00:00,3483.2581775989393,38968.999999999985,89.38536214937362
2023-01-05 14:00:00,3753.3330335393416,38480.000000000124,97.53983974894308
2023-01-05 15:00:00,3263.5451727528252,38618.500000000065,84.50730019945932
2023-01-05 16:00:00,3939.209519260135,41365.49999999998,95.22934617640635
2023-01-05 17:00:00,3998.3170749098567,42278.00000000004,94.57204869932005
2023-01-05 18:00:00,3376.9824549481286,41163.50000000008,82.03827310476811
2023-01-05 19:00:00,1288.3073520802,37427.50000000004,34.42141078298574
2023-01-05 20:00:00,513.738,35223.78040204975,14.584976232991293
2023-01-05 21:00:00,230.77999999999997,33761.85520630097,6.835524842750037
2023-01-05 22:00:00,65.316,31876.107175318237,2.049058237907243
2023-01-05 23:00:00,210.53000000000003,32446.154729567446,6.488596314562625
2023-01-06 00:00:00,203.82,32413.59657765705,6.288101954736327
2023-01-06 01:00:00,53.754,32359.038997967535,1.661174177742926
2023-01-06 02:00:00,110.916,32400.75166916562,3.4232539149872223
2023-01-06 03:00:00,0.0,31917.08820800166,0.0
2023-01-06 04:00:00,0.0,31921.796067637963,0.0
2023-01-06 05:00:00,98.882,31959.504545134543,3.093977876295132
2023-01-06 06:00:00,257.94599999999997,31817.6992375783,8.106997243073842
2023-01-06 07:00:00,608.5259999999998,33592.15773393216,18.11512094042458
2023-01-06 08:00:00,546.418,35991.0,15.182073296101803
2023-01-06 09:00:00,488.85200000000003,37878.50000000008,12.905790884010692
2023-01-06 10:00:00,1304.7270392786943,38725.00000000003,33.69211205367833
2023-01-06 11:00:00,1390.2952883397766,38642.499999999905,35.97839912893265
2023-01-06 12:00:00,1379.5676025150885,38659.4999999999,35.68508652504798
2023-01-06 13:00:00,1248.033558685613,37608.59280648509,33.18479808876035
2023-01-06 14:00:00,1531.3800000000006,36546.0280210526,41.90277529251162
2023-01-06 15:00:00,1719.6084154271975,37055.028021052494,46.40688476743876
2023-01-06 16:00:00,2401.8569039257177,39210.500000000044,61.255452083643796
2023-01-06 17:00:00,2957.1510013224183,40127.00000000003,73.69479406191383
2023-01-06 18:00:00,3254.926398777762,39143.000000000044,83.15475049888252
2023-01-06 19:00:00,1742.7412348832113,36957.0,47.155917279086815
2023-01-06 20:00:00,1672.0952569922172,34250.99999999999,48.8188741056383
2023-01-06 21:00:00,637.54,31376.570170630977,20.318983130818697
2023-01-06 22:00:00,357.10864301578374,29596.500000000007,12.065907895047848
2023-01-06 23:00:00,38.956,29318.685674088887,1.3287089480422491
2023-01-07 00:00:00,96.50184820127467,29796.50000000003,3.2386974376612883
2023-01-07 01:00:00,25.439999999999998,30314.466293615522,0.8392032950076338
2023-01-07 02:00:00,31.694,30490.495504906925,1.039471463981272
2023-01-07 03:00:00,20.988,29744.27523395525,0.705614772419826
2023-01-07 04:00:00,17.596,28762.83150728247,0.6117617452073473
2023-01-07 05:00:00,0.0,27476.627117711796,0.0
2023-01-07 06:00:00,34.15767516677787,26618.999999999996,1.2832065504631232
2023-01-07 07:00:00,486.63323333671605,27053.500000000015,17.98781057300223
2023-01-07 08:00:00,1139.7852987574083,28787.99999999999,39.59237525209841
2023-01-07 09:00:00,1626.6287097048212,31030.999999999978,52.41947438705882
2023-01-07 10:00:00,1719.2280000000005,32538.0,52.837543794947464
2023-01-07 11:00:00,1782.3260000000005,33811.99999999995,52.71282384952097
2023-01-07 12:00:00,1579.3241297725795,34551.500000000015,45.709278317079686
2023-01-07 13:00:00,1199.232,34305.00000000003,34.95793616090946
2023-01-07 14:00:00,1126.608,33137.0,33.99849111265353
2023-01-07 15:00:00,1153.7839999999999,33044.500000000015,34.916067726853164
2023-01-07 16:00:00,1030.202,35426.08048456172,29.08032686395974
2023-01-07 17:00:00,1103.132,37479.999999999985,29.432550693703323
2023-01-07 18:00:00,1027.77,36613.00000000004,28.0711769043782
2023-01-07 19:00:00,944.128,34356.500000000015,27.48033123280892
2023-01-07 20:00:00,568.4739999999999,33394.90496226467,17.022776397847515
2023-01-07 21:00:00,44.397999999999996,32816.67588203242,1.3529097267376955
2023-01-07 22:00:00,120.25600000000001,32822.66049695123,3.663810251188204
2023-01-07 23:00:00,139.232,32559.43811736212,4.276240870562057
2023-01-08 00:00:00,6.412,32303.8400707326,0.19849033384143377
2023-01-08 01:00:00,0.916,32215.254865461604,0.02843373438532239
2023-01-08 02:00:00,0.0,31938.74639724897,0.0
2023-01-08 03:00:00,0.0,31745.817648430682,0.0
2023-01-08 04:00:00,0.0,31631.466687571363,0.0
2023-01-08 05:00:00,0.0,31328.797711170886,0.0
2023-01-08 06:00:00,0.0,31241.892569533935,0.0
2023-01-08 07:00:00,0.0,31262.580836996356,0.0
2023-01-08 08:00:00,164.676,31818.0234568304,5.175557187687247
2023-01-08 09:00:00,412.878,33679.78024349573,12.25892796850227
2023-01-08 10:00:00,512.512,35282.908168828086,14.525786750560334
2023-01-08 11:00:00,586.426,36464.417428598965,16.082143671931185
2023-01-08 12:00:00,810.942,37654.14080521316,21.53659551535236
2023-01-08 13:00:00,994.1879999999999,37626.32654141696,26.42266974708927
2023-01-08 14:00:00,997.436,36784.769352388525,27.115461577176756
2023-01-08 15:00:00,1090.2569965665984,36536.02802105264,29.840599967198816
2023-01-08 16:00:00,1841.575999999998,39061.99999999998,47.14494905534789
2023-01-08 17:00:00,1841.575999999998,40412.00000000002,45.57002870434517
2023-01-08 18:00:00,1841.469999999998,39011.5,47.20326057700929
2023-01-08 19:00:00,1856.231999999998,36882.50000000001,50.32825865925568
2023-01-08 20:00:00,1831.3011149577947,34741.50000000003,52.712206293850095
2023-01-08 21:00:00,1324.1448135245091,31705.500000000004,41.76388366449067
2023-01-08 22:00:00,916.906,29558.945879707044,31.019577075970048
2023-01-08 23:00:00,481.40199999999993,27351.262022077193,17.60072349171403
2023-01-09 00:00:00,569.5079999999999,26872.662612396176,21.192838544301516
2023-01-09 01:00:00,753.588,27237.847285504256,27.666944164161347
2023-01-09 02:00:00,1223.048701856101,27730.023670791557,44.10557727523169
2023-01-09 03:00:00,1041.7460000000005,27010.490152565602,38.568200507129625
2023-01-09 04:00:00,843.9200000000005,26912.61717813583,31.357782649456045
2023-01-09 05:00:00,785.1860000000006,27671.62368575774,28.375132912931548
2023-01-09 06:00:00,1040.1953490891922,29626.032618753798,35.11085545861211
2023-01-09 07:00:00,1572.8439999999969,35136.00000000002,44.76445810564651
2023-01-09 08:00:00,1912.705999999997,37932.00000000002,50.42460191922377
2023-01-09 09:00:00,1669.369999999997,39921.5000000001,41.816314517239896
2023-01-09 10:00:00,1438.9839999999967,40740.500000000124,35.32072507701163
2023-01-09 11:00:00,1420.0559999999966,41455.49999999998,34.25494807685343
2023-01-09 12:00:00,1607.660168625275,40627.000000000095,39.571225259686194
2023-01-09 13:00:00,1476.7959999999969,40602.71433138887,36.3718540575088
2023-01-09 14:00:00,1417.0939999999966,40432.758530447274,35.0481651884542
2023-01-09 15:00:00,1692.687044382779,39644.50000000011,42.69664251996556
2023-01-09 16:00:00,2170.413999999991,41925.49999999996,51.76835100356568
2023-01-09 17:00:00,2396.8879999999913,43696.5,54.85308892016503
2023-01-09 18:00:00,2308.5519999999915,43087.50000000008,53.57823034522743
2023-01-09 19:00:00,2314.8499999999913,40962.49999999995,56.511443393347434
2023-01-09 20:00:00,1930.9539999999968,38185.459022378884,50.56778285337218
2023-01-09 21:00:00,1907.9019999999966,38282.32381117521,49.83767467749829
2023-01-09 22:00:00,1209.8859999999968,35108.7744994526,34.46107183316413
2023-01-09 23:00:00,1155.3759999999968,33534.058005573694,34.45380811973194
2023-01-10 00:00:00,1206.4019999999969,31869.681228475678,37.85422236737254
2023-01-10 01:00:00,1190.005999999997,30889.28401487417,38.52488129627645
2023-01-10 02:00:00,1507.3119999999967,30212.428953635655,49.89046072108718
2023-01-10 03:00:00,1331.515999999997,28303.14092626763,47.04481398261495
2023-01-10 04:00:00,1241.3759999999968,28705.474278482845,43.2452704998681
2023-01-10 05:00:00,1231.2319999999968,28582.803930559872,43.075969838060594
2023-01-10 06:00:00,1187.9659999999967,30961.000000000047,38.36975549885323
2023-01-10 07:00:00,1243.6559999999968,36196.00000000004,34.35893468891578
2023-01-10 08:00:00,1383.4179999999967,38711.50000000003,35.7366157343424
2023-01-10 09:00:00,2011.2362583941988,40837.00000000005,49.25034303191215
2023-01-10 10:00:00,2328.477999999992,41632.00000000008,55.93000576479601
2023-01-10 11:00:00,2387.6339999999914,41856.00000000005,57.04400802752266
2023-01-10 12:00:00,2374.0379999999914,41873.50000000009,56.695475658829245
2023-01-10 13:00:00,2112.081358246808,41274.00000000006,51.17219940511715
2023-01-10 14:00:00,1950.9939999999967,40991.78882089159,47.59475143972411
2023-01-10 15:00:00,1966.1225832616467,40384.99999999998,48.68447649527418
2023-01-10 16:00:00,2395.5379999999914,42539.50000000006,56.31326179198129
2023-01-10 17:00:00,2399.6659999999915,43703.000000000044,54.90849598425712
2023-01-10 18:00:00,2835.097190994214,42685.00000000006,66.41905097795971
2023-01-10 19:00:00,1635.2543341973385,40369.50000000001,40.50717334119417
2023-01-10 20:00:00,967.0199999999999,38762.95383437755,24.947015238616377
2023-01-10 21:00:00,528.468,35553.62532286483,14.863969432116896
2023-01-10 22:00:00,135.462,33670.42817262157,4.023174261566064
2023-01-10 23:00:00,0.0,32456.46445825263,0.0
2023-01-11 00:00:00,0.0,32453.607272388046,0.0
2023-01-11 01:00:00,200.46800000000002,32866.6380052224,6.099437367708444
2023-01-11 02:00:00,100.76,32563.870632526316,3.094226762446237
2023-01-11 03:00:00,62.288000000000004,32468.73813998626,1.9183991608004747
2023-01-11 04:00:00,106.256,32486.30323517146,3.2707938244251014
2023-01-11 05:00:00,131.904,32388.98586141885,4.072495525620071
2023-01-11 06:00:00,47.480000000000004,32124.725296545454,1.4779892921016133
2023-01-11 07:00:00,492.074,35475.652006220844,13.870752816994377
2023-01-11 08:00:00,803.1049765822811,38109.50000000001,21.073616200219917
2023-01-11 09:00:00,1140.066145758047,39808.50000000005,28.638761715664884
2023-01-11 10:00:00,1029.647916422463,40583.5,25.37109703259854
2023-01-11 11:00:00,959.7879999999999,41359.245274874644,23.20612945476213
2023-01-11 12:00:00,901.96,40823.77705440874,22.09398701148828
2023-01-11 13:00:00,995.776,41078.715586124345,24.240680016206625
2023-01-11 14:00:00,1142.7064010922834,39938.00000000004,28.612008640700143
2023-01-11 15:00:00,1578.4689553200658,40572.551014084296,38.90484861975079
2023-01-11 16:00:00,1837.975999999998,42470.50000000005,43.27653312299116
2023-01-11 17:00:00,1837.975999999998,43390.00000000003,42.35943765844657
2023-01-11 18:00:00,1841.575999999998,42472.00000000005,43.35976643435666
2023-01-11 19:00:00,1841.575999999998,40596.00000000002,45.36348408710211
2023-01-11 20:00:00,1559.938539273466,38006.499999999985,41.04399350830691
2023-01-11 21:00:00,1658.932374770179,37812.75254794472,43.87229870839828
2023-01-11 22:00:00,1370.3220000000006,34173.51261652465,40.09895076859554
2023-01-11 23:00:00,1161.5900000000006,32189.4890762818,36.086003019410946
2023-01-12 00:00:00,1095.0660000000005,30877.143876661863,35.465262084285385
2023-01-12 01:00:00,1370.0460000000003,31431.18576431837,43.588746866665076
2023-01-12 02:00:00,1095.1560000000006,31103.20712366827,35.21038829357991
2023-01-12 03:00:00,1387.1380000000004,30368.82146171005,45.67638562296357
2023-01-12 04:00:00,1152.0280000000005,28612.20234395843,40.26352065286772
2023-01-12 05:00:00,1315.5540000000005,28439.83920994794,46.257434519525496
2023-01-12 06:00:00,1548.1440000000005,30120.370750998758,51.39857051555933
2023-01-12 07:00:00,1810.4199999999983,34794.50000000003,52.03178663294477
2023-01-12 08:00:00,1717.892936009814,37178.50000000007,46.20662307542829
2023-01-12 09:00:00,1925.513999999997,38554.00000000002,49.94330030606412
2023-01-12 10:00:00,1924.9539999999968,39215.50000000001,49.086560161160676
2023-01-12 11:00:00,1958.8459999999968,39608.50000000006,49.45519269853678
2023-01-12 12:00:00,1995.4859999999967,40071.0,49.79875720595934
2023-01-12 13:00:00,1948.8863870058067,40157.00000000002,48.531672859172886
2023-01-12 14:00:00,1745.7899999999977,40170.310298331584,43.45970909944668
2023-01-12 15:00:00,1866.633999999998,40613.28340264724,45.96116944039859
2023-01-12 16:00:00,1967.4719999999966,41160.00000000003,47.80058309037889
2023-01-12 17:00:00,1904.6659999999968,42531.50000000004,44.78247886860316
2023-01-12 18:00:00,1904.6659999999968,41935.50000000006,45.41894099271486
2023-01-12 19:00:00,1904.6659999999968,40185.5,47.39684712147408
2023-01-12 20:00:00,1819.761999999998,37940.87268257802,47.96310341157783
2023-01-12 21:00:00,1641.2459999999978,34831.83429327306,47.11913780311493
2023-01-12 22:00:00,1376.345999999998,32250.325661086936,42.67696439607397
2023-01-12 23:00:00,1241.8179999999982,32268.599753891787,38.48378948795965
2023-01-13 00:00:00,1298.989999999998,31197.259126849294,41.637952703417085
2023-01-13 01:00:00,1188.939999999998,31599.319183562187,37.62549417895303
2023-01-13 02:00:00,838.139999999998,33452.16421765367,25.054881189351793
2023-01-13 03:00:00,838.139999999998,33642.71165593391,24.91297397700006
2023-01-13 04:00:00,838.139999999998,33683.59538347773,24.88273565983747
2023-01-13 05:00:00,932.487999999998,33768.37548863778,27.61423925512073
2023-01-13 06:00:00,847.3639999999981,33367.82771393849,25.394640827818563
2023-01-13 07:00:00,1171.211999999998,35380.941807115574,33.10290625911071
2023-01-13 08:00:00,1647.397999999998,37577.418795591686,43.84010538247132
2023-01-13 09:00:00,1813.549999999998,38977.50000000013,46.528125200435944
2023-01-13 10:00:00,1815.3119999999979,39796.00000000001,45.6154387375615
2023-01-13 11:00:00,1809.287999999998,40371.910636750734,44.81551582433641
2023-01-13 12:00:00,1809.287999999998,40504.57296751332,44.66873410691521
2023-01-13 13:00:00,1809.287999999998,40753.43385718908,44.395964431861785
2023-01-13 14:00:00,1809.287999999998,39849.95097421674,45.402515078892385
2023-01-13 15:00:00,1809.287999999998,38258.29252066983,47.29139438260328
2023-01-13 16:00:00,1904.7719999999968,39638.02802105269,48.054156452695565
2023-01-13 17:00:00,2373.2719999999913,40934.50000000003,57.977305207098894
2023-01-13 18:00:00,2373.1659999999915,40143.50000000002,59.11706752027079
2023-01-13 19:00:00,2920.40211661481,38387.000000000065,76.07789399053858
2023-01-13 20:00:00,2707.306891322819,35831.500000000044,75.55661614285798
2023-01-13 21:00:00,1921.6719999999968,33278.50000000002,57.745150773021486
2023-01-13 22:00:00,1803.4845337995655,30484.000000000004,59.161676085801254
2023-01-13 23:00:00,1188.8184287245188,29314.000000000004,40.554630167309774
2023-01-14 00:00:00,760.39,29210.449214918444,26.031438079071084
2023-01-14 01:00:00,574.4219999999999,28903.00464470051,19.87412751931044
2023-01-14 02:00:00,555.97,29217.076704041676,19.028940014491294
2023-01-14 03:00:00,559.756,29304.17216468991,19.101580377502643
2023-01-14 04:00:00,216.53199999999998,28304.18625285668,7.6501757749048815
2023-01-14 05:00:00,298.338,28818.10992137075,10.35244854065743
2023-01-14 06:00:00,248.73999999999998,28978.11169704595,8.583720105729205
2023-01-14 07:00:00,508.328,30306.380594384103,16.772969586945504
2023-01-14 08:00:00,917.592,32740.076837039014,28.02656831159063
2023-01-14 09:00:00,1081.840661431382,33579.49999999997,32.21729511849143
2023-01-14 10:00:00,1667.6664000185267,35003.5,47.64284714438632
2023-01-14 11:00:00,1493.2387769792467,35706.00000000006,41.82038808545467
2023-01-14 12:00:00,1518.1484298269972,36302.999999999956,41.818814693744294
2023-01-14 13:00:00,1020.0953533535118,35993.00000000003,28.341492883435972
2023-01-14 14:00:00,739.246,36034.451565007636,20.51497852454809
2023-01-14 15:00:00,486.256,35087.3503650628,13.858441715911816
2023-01-14 16:00:00,1241.9712403726762,37013.50000000004,33.55454740493806
2023-01-14 17:00:00,1723.2260000000006,38899.000000000015,44.300007712280525
2023-01-14 18:00:00,1725.1220000000005,38437.999999999876,44.88063895103819
2023-01-14 19:00:00,1471.6132555220129,36566.0,40.2453988820766
2023-01-14 20:00:00,807.9313091802641,34526.999999999985,23.3999857844662
2023-01-14 21:00:00,606.162,33671.40137197375,18.002280133922092
2023-01-14 22:00:00,93.268,32322.759849980976,2.8855209280668803
2023-01-14 23:00:00,63.147999999999996,32206.67860686205,1.9607113409870676
2023-01-15 00:00:00,26.605999999999998,32174.82393649761,0.8269198318695196
2023-01-15 01:00:00,15.475999999999999,31653.612083759606,0.48891734564284406
2023-01-15 02:00:00,82.68913462693868,30977.49999999999,2.6693288556835997
2023-01-15 03:00:00,362.2944208522998,30767.49999999997,11.775231034445444
2023-01-15 04:00:00,448.16502764215755,30770.79354911424,14.564623656092166
2023-01-15 05:00:00,748.0800000000006,32004.46584257313,23.374237947908075
2023-01-15 06:00:00,823.9200000000006,32008.842263134164,25.740387397545508
2023-01-15 07:00:00,790.1620000000006,32512.75169716393,24.303141344659732
2023-01-15 08:00:00,823.5520000000006,32910.32683617918,25.024120972710868
2023-01-15 09:00:00,893.8380000000005,34195.1410314362,26.139327782806316
2023-01-15 10:00:00,1486.1040000000005,35794.60867714016,41.5175372750781
2023-01-15 11:00:00,1671.6440000000005,36286.06291422281,46.06848651372362
2023-01-15 12:00:00,1898.6659999999968,37033.99999999991,51.268185991251315
2023-01-15 13:00:00,2367.1659999999915,36751.99999999997,64.40917501088359
2023-01-15 14:00:00,2367.1659999999915,36212.00000000002,65.36965646746907
2023-01-15 15:00:00,2367.0599999999918,36412.000000000044,65.00768977260213
2023-01-15 16:00:00,4167.360434923803,38882.500000000015,107.17830476239443
2023-01-15 17:00:00,6722.102531576614,40696.500000000015,165.1764287242542
2023-01-15 18:00:00,7734.823793736651,39580.999999999905,195.41759414205475
2023-01-15 19:00:00,7026.4706516457845,37277.500000000015,188.49093022991838
2023-01-15 20:00:00,6538.771014806538,35109.49999999997,186.239365835644
2023-01-15 21:00:00,5715.668997694957,32336.00000000003,176.7586899336638
2023-01-15 22:00:00,5521.034915384206,29410.50000000001,187.72325922320954
2023-01-15 23:00:00,4480.545109175747,26736.000000000033,167.5847213186618
2023-01-16 00:00:00,4185.895413514168,26151.000000000036,160.06636126779708
2023-01-16 01:00:00,3885.745926287931,26070.00000000003,149.05047665086025
2023-01-16 02:00:00,3610.3566760490376,26337.000000000033,137.08306473968307
2023-01-16 03:00:00,3268.623741643967,26551.000000000025,123.1073685226155
2023-01-16 04:00:00,3335.3449719048444,26678.50000000003,125.01995883969641
2023-01-16 05:00:00,3243.0209570332568,27454.50000000002,118.12347546060772
2023-01-16 06:00:00,4561.388333713581,31374.000000000025,145.38752896390568
2023-01-16 07:00:00,6762.67429624885,37065.500000000044,182.45199164314096
2023-01-16 08:00:00,8129.19472006645,40435.50000000024,201.04103374674236
2023-01-16 09:00:00,8347.977819458984,42046.500000000015,198.5415627807066
2023-01-16 10:00:00,8009.277969435641,43312.500000000015,184.9183946767247
2023-01-16 11:00:00,7863.102149442253,43458.000000000065,180.93566545727464
2023-01-16 12:00:00,8015.655274718971,43914.5,182.52866990900432
2023-01-16 13:00:00,7143.934644460877,43440.99999999997,164.45143169956683
2023-01-16 14:00:00,6288.697634190494,42676.000000000044,147.35911599471572
2023-01-16 15:00:00,6289.919139421125,42464.00000000006,148.1235667723511
2023-01-16 16:00:00,7534.825646772826,43991.0,171.28107219142154
2023-01-16 17:00:00,8907.079026181551,46066.50000000003,193.35263209016412
2023-01-16 18:00:00,8936.56433267538,45429.00000000003,196.71496913151012
2023-01-16 19:00:00,8172.910278326873,43678.499999999716,187.1151774517652
2023-01-16 20:00:00,7733.0164654508335,41176.50000000012,187.80169430259522
2023-01-16 21:00:00,6829.880363828261,37687.0,181.22642725152602
2023-01-16 22:00:00,6642.675758851594,33773.50000000003,196.68307278936408
2023-01-16 23:00:00,5467.142370390308,31396.000000000047,174.13499714582431
2023-01-17 00:00:00,5372.3823386208405,30849.500000000007,174.14811710468044
2023-01-17 01:00:00,5388.206806703412,30762.000000000036,175.157883320441
2023-01-17 02:00:00,5127.629559280855,30374.000000000047,168.81640743006673
2023-01-17 03:00:00,4893.21656808524,29566.50000000004,165.49867478684436
2023-01-17 04:00:00,5170.632764797735,29100.000000000025,177.68497473531718
2023-01-17 05:00:00,5939.043442311292,29512.50000000003,201.2382360800097
2023-01-17 06:00:00,8213.997183596584,34719.49999999997,236.58166689026604
2023-01-17 07:00:00,9343.193037376801,39140.49999999986,238.70908745102474
2023-01-17 08:00:00,9838.059089855842,41854.00000000007,235.05660366645543
2023-01-17 09:00:00,10619.022389064738,44469.00000000006,238.79606892587475
2023-01-17 10:00:00,10693.431565791208,45178.500000000044,236.69293061503143
2023-01-17 11:00:00,10483.512826637008,45964.00000000003,228.08095088845624
2023-01-17 12:00:00,10063.762220155551,46167.500000000015,217.98369459371958
2023-01-17 13:00:00,8886.376553071816,44499.500000000044,199.6960989016013
2023-01-17 14:00:00,8507.81077326354,43466.00000000005,195.73484501135437
2023-01-17 15:00:00,8769.097266293438,43298.00000000001,202.52892203550826
2023-01-17 16:00:00,9690.586943747741,45076.50000000004,214.98090898245724
2023-01-17 17:00:00,10352.145899063647,46261.50000000007,223.77454036431223
2023-01-17 18:00:00,9946.056896214326,45582.50000000007,218.19902147127317
2023-01-17 19:00:00,8922.523835160011,44583.00000000006,200.13287206244533
2023-01-17 20:00:00,7688.317483592964,41787.00000000008,183.98826150699855
2023-01-17 21:00:00,5736.066023915525,38230.50000000005,150.03900090021102
2023-01-17 22:00:00,3718.2846884272763,34393.500000000015,108.11009895553737
2023-01-17 23:00:00,2340.7822553108404,31156.500000000025,75.12982059316157
2023-01-18 00:00:00,1755.8835773779197,30896.500000000004,56.831148427100786
2023-01-18 01:00:00,2013.6606233707248,30802.00000000002,65.37434658044035
2023-01-18 02:00:00,1471.062811240663,30246.500000000047,48.635802861179336
2023-01-18 03:00:00,1372.0815566926556,29850.000000000022,45.96588129623633
2023-01-18 04:00:00,1411.313999999997,30851.766157938706,45.74499860964494
2023-01-18 05:00:00,1930.7599999999914,31859.00000000003,60.60328321667314
2023-01-18 06:00:00,4525.766802264271,37780.000000000044,119.79266284447502
2023-01-18 07:00:00,7111.505427175498,43956.5000000001,161.78506994814148
2023-01-18 08:00:00,8041.965133300791,46393.50000000001,173.34249697265327
2023-01-18 09:00:00,8557.782772259245,47958.00000000003,178.44327895782226
2023-01-18 10:00:00,8744.146160408163,48705.50000000005,179.5309802878146
2023-01-18 11:00:00,8268.381200358352,48616.50000000003,170.07355939564442
2023-01-18 12:00:00,8320.085736091467,48256.500000000044,172.41378334714412
2023-01-18 13:00:00,7764.6323834114855,47157.00000000008,164.65492680644383
2023-01-18 14:00:00,7655.800619074952,46368.50000000013,165.10779126076818
2023-01-18 15:00:00,7716.371242562444,45257.49999999997,170.49928172264154
2023-01-18 16:00:00,8471.00545372567,46147.000000000015,183.56568040664976
2023-01-18 17:00:00,9405.799449611795,47227.50000000002,199.15937641441514
2023-01-18 18:00:00,9152.302137059338,46398.50000000003,197.25426763924116
2023-01-18 19:00:00,8201.527482054704,44597.000000000146,183.9031208837966
2023-01-18 20:00:00,7184.694683895932,41783.50000000004,171.95052314659915
2023-01-18 21:00:00,6540.759683616407,39501.00000000001,165.584660733055
2023-01-18 22:00:00,5517.914871175703,35564.00000000002,155.1545065565094
2023-01-18 23:00:00,4238.257912878548,32249.000000000025,131.42292514119958
2023-01-19 00:00:00,4509.841337400257,32290.000000000025,139.66681131620481
2023-01-19 01:00:00,4785.7080995049055,31742.000000000033,150.76895279140888
2023-01-19 02:00:00,4579.172014385629,31057.000000000015,147.4441193413925
2023-01-19 03:00:00,4676.150143342403,30750.00000000004,152.06992336072835
2023-01-19 04:00:00,5122.462981148037,31494.500000000022,162.64627097264707
2023-01-19 05:00:00,5949.69825395421,32692.500000000036,181.98969959330745
2023-01-19 06:00:00,7913.960952729349,37508.00000000006,210.99394669748682
2023-01-19 07:00:00,9936.089050173756,42201.50000000003,235.4439782987275
2023-01-19 08:00:00,10534.82029190923,43854.00000000002,240.22484361538795
2023-01-19 09:00:00,10947.655022611749,45998.999999999935,237.99767435404607
2023-01-19 10:00:00,10839.379850372477,47016.00000000007,230.54661924392678
2023-01-19 11:00:00,10129.951485076184,46173.500000000015,219.38885908748918
2023-01-19 12:00:00,9788.634181808682,46944.00000000002,208.51725847411123
2023-01-19 13:00:00,9466.103303432323,46836.50000000006,202.10953643915133
2023-01-19 14:00:00,8761.344657238269,45486.50000000007,192.61417469443143
2023-01-19 15:00:00,8538.458131162646,44487.999999999935,191.92721927626908
2023-01-19 16:00:00,9107.583358112934,45607.00000000007,199.6970499728752
2023-01-19 17:00:00,10321.521002889807,47776.499999999876,216.03761269431277
2023-01-19 18:00:00,9598.069419528802,47386.500000000044,202.54860391733496
2023-01-19 19:00:00,8531.72231183228,45420.000000000044,187.84064975412312
2023-01-19 20:00:00,7994.662245856665,43181.000000000044,185.14305471982254
2023-01-19 21:00:00,6652.007763643867,39729.99999999998,167.43034894648557
2023-01-19 22:00:00,5498.765440211999,37078.999999999905,148.2986445214815
2023-01-19 23:00:00,4155.366392468704,34463.0,120.57471469311159
2023-01-20 00:00:00,3827.8559144940505,34230.000000000015,111.82751722156146
2023-01-20 01:00:00,3592.5667129421686,33497.0,107.25040191486309
2023-01-20 02:00:00,3279.844056874252,32100.000000000036,102.17582731695478
2023-01-20 03:00:00,3463.686987520573,31713.50000000002,109.21806131523077
2023-01-20 04:00:00,3939.5537670844337,32164.000000000033,122.48332816454513
2023-01-20 05:00:00,4544.056459302159,32738.50000000003,138.79855397474395
2023-01-20 06:00:00,6599.766944607023,36697.00000000005,179.84486319336767
2023-01-20 07:00:00,8587.32665958237,40760.00000000003,210.68024189358107
2023-01-20 08:00:00,9319.19013050663,42099.0,221.36369344893296
2023-01-20 09:00:00,9888.452718303379,44214.99999999981,223.64475219503382
2023-01-20 10:00:00,9843.347490843034,45023.50000000007,218.62688353510987
2023-01-20 11:00:00,9514.229175155273,44952.000000000015,211.65307828695654
2023-01-20 12:00:00,9409.482102419379,44786.500000000044,210.09639294026928
2023-01-20 13:00:00,9195.259448913186,43588.500000000065,210.9560881634645
2023-01-20 14:00:00,8927.531918212786,41748.50000000003,213.84078273980572
2023-01-20 15:00:00,8778.482054227485,40433.000000000044,217.11181594804924
2023-01-20 16:00:00,9675.663493219698,41612.50000000008,232.51819749401452
2023-01-20 17:00:00,10819.907717661386,44053.49999999982,245.60835615016813
2023-01-20 18:00:00,10554.714931327124,43164.50000000006,244.52304396731364
2023-01-20 19:00:00,9980.664679229238,41941.00000000009,237.9691633301356
2023-01-20 20:00:00,9471.970933293047,39198.00000000004,241.64424035137094
2023-01-20 21:00:00,8648.191884202617,36600.99999999994,236.28293992521054
2023-01-20 22:00:00,7613.496727981017,33420.50000000003,227.8091808315558
2023-01-20 23:00:00,6332.392940145418,30655.000000000033,206.56966041903152
2023-01-21 00:00:00,5933.826032756426,29722.00000000005,199.64423769451636
2023-01-21 01:00:00,5872.024968800403,30190.000000000025,194.50231761511753
2023-01-21 02:00:00,5158.076380034253,29484.500000000047,174.94196544062964
2023-01-21 03:00:00,4941.854712870037,29017.99999999999,170.30307784375347
2023-01-21 04:00:00,4566.908034409001,28331.50000000004,161.19541974159486
2023-01-21 05:00:00,4497.538591894462,28215.000000000036,159.40239560143385
2023-01-21 06:00:00,4730.573985028681,29462.500000000044,160.56254510067623
2023-01-21 07:00:00,5872.4284527281825,31766.50000000002,184.86230628895783
2023-01-21 08:00:00,6785.800477681278,34978.4999999998,193.99918457570553
2023-01-21 09:00:00,7457.6143297698945,38966.50000000001,191.38527529467345
2023-01-21 10:00:00,7627.033949055756,40353.00000000001,189.0078544112149
2023-01-21 11:00:00,7348.775388548564,40250.500000000065,182.57600249806964
2023-01-21 12:00:00,7030.346294830765,40256.50000000003,174.63878615455295
2023-01-21 13:00:00,6700.080521879551,39034.500000000146,171.64509656533392
2023-01-21 14:00:00,6113.2556572603435,37936.50000000003,161.14442969858416
2023-01-21 15:00:00,6035.6424078255,37846.500000000044,159.47689767417052
2023-01-21 16:00:00,7000.430632598641,39270.50000000006,178.2618156784006
2023-01-21 17:00:00,8615.089982698551,42145.000000000044,204.415469989288
2023-01-21 18:00:00,8314.530286188085,41756.00000000002,199.12180970849892
2023-01-21 19:00:00,7439.910473524599,39915.500000000065,186.3915139112522
2023-01-21 20:00:00,6554.526941742043,37719.500000000015,173.7702499169406
2023-01-21 21:00:00,5685.989564330702,34983.500000000044,162.53346761561008
2023-01-21 22:00:00,5223.983257898159,32475.50000000001,160.8592094932536
2023-01-21 23:00:00,3642.918029925603,29973.000000000036,121.53998698580719
2023-01-22 00:00:00,3027.634777739252,29084.500000000007,104.09787954887489
2023-01-22 01:00:00,3058.7021557053345,29069.50000000003,105.22032218322748
2023-01-22 02:00:00,2759.1518413340536,28896.50000000004,95.48394585275206
2023-01-22 03:00:00,2592.0725712511835,28262.000000000033,91.7158223498401
2023-01-22 04:00:00,2499.4479481558355,27624.500000000036,90.47939141544036
2023-01-22 05:00:00,2563.927600451955,27474.000000000036,93.32196259925573
2023-01-22 06:00:00,3088.8236884840876,28160.500000000022,109.68639365366685
2023-01-22 07:00:00,4016.0404914285964,29777.50000000003,134.86828952828787
2023-01-22 08:00:00,4883.563898315946,32051.500000000044,152.36615753758605
2023-01-22 09:00:00,5835.7738587768445,36060.00000000007,161.83510423673965
2023-01-22 10:00:00,6929.618666115594,38505.50000000008,179.9643860257776
2023-01-22 11:00:00,6902.892447952956,39378.500000000015,175.2959723695152
2023-01-22 12:00:00,7201.845479873641,39937.500000000015,180.32789933955902
2023-01-22 13:00:00,7106.26820421858,39712.00000000005,178.94510989672065
2023-01-22 14:00:00,7216.166572828135,38732.000000000015,186.3101975841199
2023-01-22 15:00:00,7596.292599298722,39108.50000000003,194.2363578070935
2023-01-22 16:00:00,8950.623640949163,41002.49999999999,218.29458303637986
2023-01-22 17:00:00,10416.338239771363,43166.00000000004,241.30885974543284
2023-01-22 18:00:00,10118.723360096856,41827.000000000044,241.9184584143459
2023-01-22 19:00:00,9452.018454794626,40045.00000000002,236.03492208252268
2023-01-22 20:00:00,8772.42258504287,37844.500000000015,231.8017832193018
2023-01-22 21:00:00,8034.248269224755,34933.999999999985,229.98363397334282
2023-01-22 22:00:00,7025.003075225043,31651.500000000055,221.9485040274562
2023-01-22 23:00:00,5927.142543413727,29228.500000000025,202.78640858797826
2023-01-23 00:00:00,6042.283212250113,29165.00000000001,207.17583446768768
2023-01-23 01:00:00,5878.274304286341,28737.50000000004,204.5506499969146
2023-01-23 02:00:00,5686.378637666363,28271.50000000002,201.13466344786653
2023-01-23 03:00:00,5515.484546188485,28005.00000000007,196.94642193138623
2023-01-23 04:00:00,5782.542009363158,28054.000000000055,206.1218367920135
2023-01-23 05:00:00,6137.983988784156,29808.50000000002,205.91388324753518
2023-01-23 06:00:00,8238.304711488274,34467.50000000003,239.01660147931435
2023-01-23 07:00:00,10579.186680793171,40591.50000000004,260.62566499866136
2023-01-23 08:00:00,11116.713745948555,41864.50000000005,265.5403443478016
2023-01-23 09:00:00,11561.166956429082,44238.49999999991,261.33722789943386
2023-01-23 10:00:00,11555.656773468667,45007.00000000006,256.7524334763182
2023-01-23 11:00:00,11336.333149700695,44984.50000000004,252.00531626895233
2023-01-23 12:00:00,10902.783850759122,44439.50000000006,245.33993070937134
2023-01-23 13:00:00,10427.09366478478,43595.50000000007,239.17821024612084
2023-01-23 14:00:00,10292.628384698633,43146.50000000006,238.55071407179307
2023-01-23 15:00:00,10071.003614677595,42915.50000000003,234.67054128875554
2023-01-23 16:00:00,10728.75480240753,43870.00000000005,244.55789383194704
2023-01-23 17:00:00,11731.94522125537,45483.500000000015,257.93848805072975
2023-01-23 18:00:00,11663.910287098439,44877.50000000007,259.9055269811915
2023-01-23 19:00:00,11000.132406446077,43024.500000000044,255.67135949159353
2023-01-23 20:00:00,10099.138877100146,40579.000000000044,248.87599194411234
2023-01-23 21:00:00,9286.53235522508,37275.500000000044,249.13233505184553
2023-01-23 22:00:00,8514.838749197488,33856.500000000015,251.49790289006495
2023-01-23 23:00:00,7188.00820504036,31014.99999999999,231.75909092504796
2023-01-24 00:00:00,6912.078304242097,30753.000000000036,224.76110637147883
2023-01-24 01:00:00,6594.683407164636,30480.000000000033,216.36100417206788
2023-01-24 02:00:00,6013.5055739748805,29682.50000000002,202.5943089017056
2023-01-24 03:00:00,6091.08831855958,29277.000000000022,208.0502892563984
2023-01-24 04:00:00,6226.81073467156,29340.000000000025,212.22940472636517
2023-01-24 05:00:00,7231.069812854127,31726.500000000025,227.91892622426428
2023-01-24 06:00:00,9216.025769434598,35822.00000000002,257.27278681912213
2023-01-24 07:00:00,10870.689225468463,40096.99999999984,271.1097893974239
2023-01-24 08:00:00,11328.433019919807,41556.49999999982,272.6031552204795
2023-01-24 09:00:00,11771.336654246736,43940.500000000044,267.8926424197887
2023-01-24 10:00:00,11315.07129232049,44104.500000000065,256.55140161027725
2023-01-24 11:00:00,10735.538631789184,44036.000000000015,243.79004977266737
2023-01-24 12:00:00,10527.42024703528,43609.499999999854,241.40199376363668
2023-01-24 13:00:00,9902.905162776804,43013.500000000044,230.22783923132957
2023-01-24 14:00:00,9675.745797436726,42006.00000000003,230.34199393983525
2023-01-24 15:00:00,9741.115499370995,41829.00000000007,232.8794735559296
2023-01-24 16:00:00,10633.447375095104,43160.00000000019,246.3727380698577
2023-01-24 17:00:00,11504.66542129326,44772.50000000007,256.9582985380142
2023-01-24 18:00:00,11393.75723199413,44231.9999999999,257.5908218483034
2023-01-24 19:00:00,10427.394364629648,42818.50000000008,243.52544728632785
2023-01-24 20:00:00,10035.296886753189,40913.00000000013,245.2838190001505
2023-01-24 21:00:00,9099.941700619498,38934.000000000044,233.72737711561842
2023-01-24 22:00:00,8197.366985840536,36759.000000000044,223.002992079233
2023-01-24 23:00:00,6341.607694233072,32722.500000000033,193.79960865560594
2023-01-25 00:00:00,5814.363541494797,32614.50000000004,178.27541558186664
2023-01-25 01:00:00,5822.477488449283,32734.000000000036,177.87247169454622
2023-01-25 02:00:00,5316.964423590638,32204.50000000002,165.10004575728968
2023-01-25 03:00:00,5668.39761101242,32316.500000000033,175.4025841601787
2023-01-25 04:00:00,5532.173881026449,32549.00000000003,169.96448066074055
2023-01-25 05:00:00,5957.161534205252,33790.00000000003,176.2995422966927
2023-01-25 06:00:00,7688.795144821676,38195.00000000009,201.30370846502578
2023-01-25 07:00:00,9034.32952561719,42023.00000000006,214.9853538685286
2023-01-25 08:00:00,9287.794649701118,43387.000000000044,214.06860694911168
2023-01-25 09:00:00,9622.165713644474,45116.000000000095,213.2761262887768
2023-01-25 10:00:00,10214.372934084868,45925.500000000015,222.41179593221335
2023-01-25 11:00:00,10230.591747237077,46361.50000000017,220.66999012622628
2023-01-25 12:00:00,9784.454249334192,46870.50000000007,208.7550644719851
2023-01-25 13:00:00,10170.521332803608,47200.00000000002,215.47714688143228
2023-01-25 14:00:00,10241.183596102648,46307.50000000006,221.15604591270605
2023-01-25 15:00:00,9995.527736159667,45584.00000000002,219.2771089891116
2023-01-25 16:00:00,10355.976548723675,46037.50000000009,224.94654463695153
2023-01-25 17:00:00,10244.035803954946,47139.50000000005,217.31320450906216
2023-01-25 18:00:00,9167.909128031668,46389.500000000044,197.62897052202888
2023-01-25 19:00:00,8106.418520819457,44664.50000000005,181.49578570944368
2023-01-25 20:00:00,7047.62102276358,42374.000000000044,166.3194653033363
2023-01-25 21:00:00,5803.619276775628,39503.50000000006,146.9140525972539
2023-01-25 22:00:00,4824.345145313967,36020.999999999985,133.9314606844332
2023-01-25 23:00:00,3064.394869084903,32109.500000000033,95.43577038212678
2023-01-26 00:00:00,2920.0096005599107,31448.500000000036,92.8505207103648
2023-01-26 01:00:00,2988.7306385741977,30892.000000000033,96.74772234151865
2023-01-26 02:00:00,2938.5778883905004,30000.000000000033,97.95259627968323
2023-01-26 03:00:00,3009.793415775265,30047.500000000036,100.16784809968422
2023-01-26 04:00:00,2874.0847595681144,29314.500000000015,98.04311039138014
2023-01-26 05:00:00,3749.9236090107997,31071.000000000022,120.68886128579051
2023-01-26 06:00:00,5835.18756562841,36263.50000000002,160.91076607686537
2023-01-26 07:00:00,8190.540223260048,41395.50000000007,197.86064241910435
2023-01-26 08:00:00,8689.13615773673,42263.49999999974,205.59433453776387
2023-01-26 09:00:00,8982.823019634916,43663.500000000015,205.72842350326735
2023-01-26 10:00:00,9073.811117624466,43715.000000000044,207.5674509350213
2023-01-26 11:00:00,9062.047841543059,44310.0,204.5147335035671
2023-01-26 12:00:00,8653.835008380765,44501.00000000004,194.46383246175947
2023-01-26 13:00:00,8338.675110999262,43542.50000000057,191.5065765860746
2023-01-26 14:00:00,7829.3060247150015,41863.000000000044,187.02209647457167
2023-01-26 15:00:00,8236.137085897812,41434.50000000008,198.77486360153483
2023-01-26 16:00:00,9259.864353987288,42833.50000000002,216.18276241696998
2023-01-26 17:00:00,10348.42881837664,44682.00000000003,231.6017371285223
2023-01-26 18:00:00,10415.951393048681,44021.50000000004,236.61055150434836
2023-01-26 19:00:00,9719.141387387132,42529.00000000004,228.52974176178898
2023-01-26 20:00:00,8943.004022570263,40076.00000000006,223.1511134487037
2023-01-26 21:00:00,7939.139919964728,36536.500000000015,217.29338934941018
2023-01-26 22:00:00,7222.182631804502,33050.500000000044,218.5196179121191
2023-01-26 23:00:00,5549.893787685499,29842.500000000025,185.97281687812665
2023-01-27 00:00:00,5325.64831476254,29618.999999999596,179.8051357156762
2023-01-27 01:00:00,5145.5712966361425,29795.500000000044,172.6962560331639
2023-01-27 02:00:00,4600.969202295984,29763.00000000003,154.5868764000934
2023-01-27 03:00:00,4415.146344519526,29286.000000000025,150.75962386531182
2023-01-27 04:00:00,4432.338438180583,28429.000000000036,155.90905196034248
2023-01-27 05:00:00,4985.741185900345,27696.500000000022,180.01340190639036
2023-01-27 06:00:00,7677.375332960125,33097.00000000003,231.9658982070918
2023-01-27 07:00:00,9610.69141433819,37971.99999999999,253.09942627036213
2023-01-27 08:00:00,10487.138163450454,40476.500000000306,259.09202039332393
2023-01-27 09:00:00,10692.529483642504,41181.00000000009,259.6471548442845
2023-01-27 10:00:00,10913.478430436344,42609.500000000044,256.1278219748256
2023-01-27 11:00:00,10709.410631767183,42959.50000000002,249.29085840773698
2023-01-27 12:00:00,10395.819504309626,43026.000000000204,241.61715019545338
2023-01-27 13:00:00,10186.589722743098,41830.00000000015,243.52354106485922
2023-01-27 14:00:00,9558.755573092996,40377.499999999825,236.73470554375672
2023-01-27 15:00:00,9598.26213537691,40141.500000000044,239.11069928569933
2023-01-27 16:00:00,10247.11393556335,41610.00000000006,246.2656557453337
2023-01-27 17:00:00,11218.222363675577,44026.99999999984,254.80324263919002
2023-01-27 18:00:00,10888.191662196556,42769.000000000044,254.5813945193141
2023-01-27 19:00:00,9990.737804595898,40699.00000000006,245.4787047494013
2023-01-27 20:00:00,9327.38710331681,38143.500000000044,244.53411730220876
2023-01-27 21:00:00,8653.13126176211,35243.00000000003,245.5276583083762
2023-01-27 22:00:00,8042.502340005983,32314.000000000022,248.8860042088871
2023-01-27 23:00:00,6646.840924186772,29742.000000000025,223.48332069755787
2023-01-28 00:00:00,6736.373648863434,29302.50000000003,229.8907481908857
2023-01-28 01:00:00,6886.219762698037,29294.500000000025,235.06869080196046
2023-01-28 02:00:00,6408.981077824587,28170.50000000002,227.5068272776338
2023-01-28 03:00:00,6184.329093676532,27479.500000000022,225.0524606953011
2023-01-28 04:00:00,6142.276349064964,26727.500000000025,229.81110650322546
2023-01-28 05:00:00,5978.636140385726,26541.500000000025,225.25615132474505
2023-01-28 06:00:00,6831.674882146881,28156.50000000002,242.63224769225138
2023-01-28 07:00:00,8424.745276294418,31205.00000000004,269.98062093556825
2023-01-28 08:00:00,9151.482655871501,33400.50000000003,273.99238502032887
2023-01-28 09:00:00,9525.896403276773,36174.50000000003,263.33180564421804
2023-01-28 10:00:00,9990.94471687576,37919.49999999981,263.47775463483987
2023-01-28 11:00:00,9738.01471094762,38105.000000000044,255.55739957873269
2023-01-28 12:00:00,9390.430805552112,38136.00000000005,246.2353368353288
2023-01-28 13:00:00,8889.166942383288,37561.000000000015,236.65948570014868
2023-01-28 14:00:00,8968.071800854308,36892.00000000003,243.0898785876152
2023-01-28 15:00:00,9310.907042502464,36725.500000000015,253.5270327838276
2023-01-28 16:00:00,10029.561518065037,38100.500000000044,263.2396298753304
2023-01-28 17:00:00,11037.973184687946,41232.00000000029,267.7040450302646
2023-01-28 18:00:00,10840.833743899404,40475.000000000044,267.8402407387126
2023-01-28 19:00:00,10028.979206637447,37931.00000000002,264.4006012664428
2023-01-28 20:00:00,9284.002464309597,35634.500000000015,260.53410218494975
2023-01-28 21:00:00,7919.694739646425,33490.50000000002,236.47585851648734
2023-01-28 22:00:00,6423.808596890028,30704.500000000044,209.21391316875437
2023-01-28 23:00:00,4174.230441404224,28082.500000000036,148.64169648016446
2023-01-29 00:00:00,3115.2406385797985,27359.50000000002,113.86321528462861
2023-01-29 01:00:00,2543.3880729886787,27304.500000000022,93.14904403994494
2023-01-29 02:00:00,1682.2134654157805,26689.50000000003,63.02903634072496
2023-01-29 03:00:00,1399.3589993203366,26134.999999999985,53.543485721076614
2023-01-29 04:00:00,1100.987047554782,25351.499999999985,43.42887196239997
2023-01-29 05:00:00,1025.435451578239,25207.499999999993,40.67977592296893
2023-01-29 06:00:00,868.2528798406013,25522.49999999999,34.01911567599576
2023-01-29 07:00:00,1088.5760752510992,27403.743429945855,39.72362673858424
2023-01-29 08:00:00,1355.0340000000006,30142.67350561655,44.95400846734827
2023-01-29 09:00:00,1415.3040000000005,32713.999999999927,43.26294552790865
2023-01-29 10:00:00,1476.9020000000005,35031.000000000044,42.15985841112154
2023-01-29 11:00:00,1489.8280000000007,35977.50000000001,41.40999235633383
2023-01-29 12:00:00,1255.0271821815502,36965.07067299149,33.95170519986413
2023-01-29 13:00:00,1463.9460000000004,37975.60178792057,38.54964585355585
2023-01-29 14:00:00,1416.1100000000004,37758.5245088254,37.50437863823331
2023-01-29 15:00:00,1383.8820000000005,37806.70144194909,36.60414548793432
2023-01-29 16:00:00,1585.5280000000007,38085.49999999999,41.630751860944486
2023-01-29 17:00:00,1674.1820000000005,40624.99999999993,41.210633846153925
2023-01-29 18:00:00,1626.2020000000002,39414.500000000065,41.25897829478993
2023-01-29 19:00:00,1562.6460000000004,37635.99999999999,41.5199808693804
2023-01-29 20:00:00,1310.9968052317925,36490.79039107453,35.926785667883365
2023-01-29 21:00:00,1418.215394550068,36657.00000000003,38.68880144447354
2023-01-29 22:00:00,913.9415110744225,35138.49999999998,26.009690540985616
2023-01-29 23:00:00,517.736,33957.04370930018,15.246792519167446
2023-01-30 00:00:00,539.96,34008.68487548787,15.877120858301176
2023-01-30 01:00:00,595.76,34169.76550328548,17.43529670821758
2023-01-30 02:00:00,638.36,34185.181575000664,18.67358810423366
2023-01-30 03:00:00,557.96,33807.08078545034,16.50423482408842
2023-01-30 04:00:00,725.4970021589851,34353.984628669234,21.118278127001904
2023-01-30 05:00:00,1146.5000000000005,35392.39858614172,32.39396157933543
2023-01-30 06:00:00,1017.4040000000007,34333.824367136185,29.632702408003354
2023-01-30 07:00:00,1808.4039999999914,40057.50000000005,45.14520376958096
2023-01-30 08:00:00,2456.8161997590287,41172.500000000044,59.671290297140715
2023-01-30 09:00:00,3803.0874768548883,42425.5000000001,89.64154757999032
2023-01-30 10:00:00,4810.878503381962,43318.499999999935,111.05828926167733
2023-01-30 11:00:00,4466.137413017701,42422.00000000004,105.2788037579015
2023-01-30 12:00:00,3816.4536611295034,41895.000000000044,91.09568352141066
2023-01-30 13:00:00,3723.6257798845595,40879.000000000065,91.08896450217846
2023-01-30 14:00:00,5103.211630728009,39641.000000000044,128.73569361842547
2023-01-30 15:00:00,6434.8496421641,39380.99999999997,163.39985379152648
2023-01-30 16:00:00,7263.777109050612,40133.00000000007,180.99262724068967
2023-01-30 17:00:00,8767.974126683941,42745.000000000044,205.12280095178227
2023-01-30 18:00:00,9228.879083096006,42629.500000000065,216.49043697664743
2023-01-30 19:00:00,8006.830017880218,40623.00000000007,197.10090386924168
2023-01-30 20:00:00,6596.622581095899,39563.500000000065,166.73506087924193
2023-01-30 21:00:00,4252.548038174111,36333.00000000001,117.0436803504833
2023-01-30 22:00:00,3315.8412802713224,34020.000000000044,97.46740976694058
2023-01-30 23:00:00,1566.4959999999967,32386.060631554057,48.36945183983705
2023-01-31 00:00:00,1605.326105192704,34123.00000000003,47.045280461644715
2023-01-31 01:00:00,1666.1240000000005,35435.61837984724,47.01834132369903
2023-01-31 02:00:00,1309.0440000000003,35368.40362491983,37.01167895170919
2023-01-31 03:00:00,1231.5087705128806,35885.63124960672,34.31760087894168
2023-01-31 04:00:00,1276.751999999998,36570.148823275194,34.91240919389983
2023-01-31 05:00:00,1162.123999999998,36552.28330582622,31.793472114360696
2023-01-31 06:00:00,1370.6079999999968,37603.19384957047,36.44924432437945
2023-01-31 07:00:00,1983.5839999999914,41119.50000000004,48.23949707559649
2023-01-31 08:00:00,1941.0839999999912,42476.00000000004,45.69837084471206
2023-01-31 09:00:00,2023.9719999999913,43827.000000000044,46.18093869076116
2023-01-31 10:00:00,2367.755219967468,44947.000000000044,52.678826617292934
2023-01-31 11:00:00,2592.262419432265,44957.499999999985,57.660288482061176
2023-01-31 12:00:00,2090.5797697162693,43743.50000000012,47.791780943826254
2023-01-31 13:00:00,2169.908838960831,42436.00000000015,51.13367986994116
2023-01-31 14:00:00,1572.3959999999968,41350.34693030033,38.02618639815548
2023-01-31 15:00:00,2226.6518052169854,41530.50000000007,53.61485667682743
2023-01-31 16:00:00,3957.550523925901,43017.500000000044,91.99861739817277
2023-01-31 17:00:00,5571.183612048252,45411.000000000065,122.68357032543312
2023-01-31 18:00:00,5770.0258860173535,44977.50000000002,128.286940937521
2023-01-31 19:00:00,4808.582566797721,43075.500000000044,111.63149741262936
2023-01-31 20:00:00,3383.7868036163386,40176.50000000006,84.2230359443041
2023-01-31 21:00:00,1584.0548060620456,36647.64077399809,43.22392308500115
2023-01-31 22:00:00,1500.7413188157047,37345.49999999999,40.18533206988004
2023-01-31 23:00:00,1003.0200515629513,35554.99999999997,28.210379737391424
2023-02-01 00:00:00,926.4808779814491,35295.99999999997,26.24889160192231
2023-02-01 01:00:00,1000.9052132630407,35410.0288733251,28.26615072367358
2023-02-01 02:00:00,1260.4400000000005,36041.80889258977,34.97160766143311
2023-02-01 03:00:00,1155.0820000000006,35332.822598523824,32.691472547349186
2023-02-01 04:00:00,1156.5140000000008,35590.32319326461,32.495181168202166
2023-02-01 05:00:00,1208.5980000000006,36044.193215902946,33.53100436346454
2023-02-01 06:00:00,1365.651999999998,37008.57640950511,36.90096006095631
2023-02-01 07:00:00,1363.013999999998,36833.302196547585,37.00493625922453
2023-02-01 08:00:00,1408.8359999999977,38345.50000000004,36.74058233691037
2023-02-01 09:00:00,1488.2639999999978,40335.500000000065,36.89712536103421
2023-02-01 10:00:00,1555.423999999998,40923.0000000002,38.008552647655115
2023-02-01 11:00:00,1640.1319999999978,41737.39601905445,39.29646208046197
2023-02-01 12:00:00,1573.5159999999978,41998.81065235778,37.465727613685694
2023-02-01 13:00:00,1678.359999999998,41613.004320546825,40.33258418622016
2023-02-01 14:00:00,1700.545999999998,39956.91967942016,42.559486908493234
2023-02-01 15:00:00,1710.968021985029,39114.53261875395,43.742514800360524
2023-02-01 16:00:00,1612.5099999999966,39936.000000000015,40.37735376602554
2023-02-01 17:00:00,1806.7459999999967,42398.000000000095,42.61394405396464
2023-02-01 18:00:00,1879.6299999999967,41767.999999999985,45.0016759241524
2023-02-01 19:00:00,2158.163385489045,39955.00000000002,54.01485134498921
2023-02-01 20:00:00,1847.2679999999966,37423.00000000004,49.36183630387716
2023-02-01 21:00:00,1756.6299999999967,34475.6799918261,50.952729588407806
2023-02-01 22:00:00,1772.5579999999966,33230.639091611854,53.34107463637162
2023-02-01 23:00:00,1705.2219999999968,31820.606824292856,53.588607200858796
2023-02-02 00:00:00,1685.9839999999967,31838.83591849414,52.953694799521976
2023-02-02 01:00:00,1651.1839999999968,31366.13726624389,52.642248740554805
2023-02-02 02:00:00,1517.3839999999966,30772.320960170484,49.31002773446927
2023-02-02 03:00:00,1382.8799999999967,30470.113125777025,45.38480032192961
2023-02-02 04:00:00,1427.3799999999965,31172.32422707827,45.78997669862818
2023-02-02 05:00:00,1387.8439999999966,31493.11149116042,44.06817663569193
2023-02-02 06:00:00,1439.9839999999967,33417.00000000004,43.091360684681305
2023-02-02 07:00:00,1864.6119999999914,37646.00000000003,49.53014928544839
2023-02-02 08:00:00,1763.0399999999913,38702.00000000004,45.55423492325951
2023-02-02 09:00:00,1761.3579999999913,39964.99999999999,44.0725134492679
2023-02-02 10:00:00,1716.0579999999914,40454.99999999997,42.41893461871197
2023-02-02 11:00:00,1829.3479999999913,40812.50000000001,44.82322817764143
2023-02-02 12:00:00,1689.3119999999913,39945.49999999999,42.29042069820109
2023-02-02 13:00:00,1657.9659999999913,39575.000000000015,41.894276689829205
2023-02-02 14:00:00,1712.1359999999916,39616.00000000009,43.2182956381257
2023-02-02 15:00:00,1802.3823526149172,39894.000000000065,45.17928391775491
2023-02-02 16:00:00,2658.2823751089823,40091.50000000001,66.30538580768945
2023-02-02 17:00:00,3304.930713591993,42110.00000000004,78.48327507936334
2023-02-02 18:00:00,3332.302098948379,42081.000000000044,79.18780682370607
2023-02-02 19:00:00,2564.47834442545,40592.00000000006,63.176939900114455
2023-02-02 20:00:00,1328.340892956388,37227.000000000044,35.6821901565097
2023-02-02 21:00:00,958.4399815334712,35501.80073622143,26.996939920165893
2023-02-02 22:00:00,966.0199007112623,35629.00000000001,27.11330378936434
2023-02-02 23:00:00,769.0478887546182,34871.99999999999,22.053449436643103
2023-02-03 00:00:00,975.271782488033,35460.00000000001,27.503434362324672
2023-02-03 01:00:00,843.4872236928031,34819.49999999998,24.224564502442703
2023-02-03 02:00:00,744.6667296883362,34154.49999999995,21.80288775090654
2023-02-03 03:00:00,749.6430733506642,33720.711236838244,22.230938964647798
2023-02-03 04:00:00,1079.604216516403,34863.80999999998,30.966329168166176
2023-02-03 05:00:00,1163.2220000000007,34813.257863055784,33.41319001444058
2023-02-03 06:00:00,1257.5960000000005,33511.03834868781,37.52781357934986
2023-02-03 07:00:00,2080.243999999991,34575.50000000002,60.165261529117146
2023-02-03 08:00:00,2222.3919999999916,36285.00000000002,61.24822929585201
2023-02-03 09:00:00,2361.2659999999914,37846.99999999997,62.38977990329467
2023-02-03 10:00:00,2371.9459999999913,38101.000000000146,62.25416655730774
2023-02-03 11:00:00,2403.5239999999917,38095.50000000008,63.09207124200986
2023-02-03 12:00:00,2416.3499999999917,38229.0000000001,63.207251039786165
2023-02-03 13:00:00,2407.3419999999915,37618.50000000008,63.99356699496222
2023-02-03 14:00:00,2342.2759999999917,36359.99999999981,64.41903190319043
2023-02-03 15:00:00,2684.3721922203745,36098.00000000007,74.3634603640193
2023-02-03 16:00:00,4938.490285938757,37288.000000000015,132.44181200221934
2023-02-03 17:00:00,6535.775126508296,40179.00000000003,162.6664458176732
2023-02-03 18:00:00,6815.826584113431,40086.00000000003,170.03009988807628
2023-02-03 19:00:00,6640.616194947918,38219.00000000003,173.75169928433274
2023-02-03 20:00:00,6177.097494640837,35746.999999999985,172.80044464265086
2023-02-03 21:00:00,4952.7055446663435,32698.000000000033,151.4681492649807
2023-02-03 22:00:00,3706.5252207974986,29607.500000000025,125.1887265320441
2023-02-03 23:00:00,2651.5383294513954,26566.000000000036,99.80946809649146
2023-02-04 00:00:00,2473.2346851173033,26216.00000000004,94.34065780886861
2023-02-04 01:00:00,2233.7812964842856,25625.500000000044,87.17025215056417
2023-02-04 02:00:00,2256.028628716599,24897.000000000025,90.61447679305125
2023-02-04 03:00:00,2120.2446343918145,24253.50000000004,87.42015108713427
2023-02-04 04:00:00,2176.114535039735,23933.500000000033,90.92337247121115
2023-02-04 05:00:00,2364.7027243422795,23854.000000000025,99.13233522018433
2023-02-04 06:00:00,2999.501460550896,25404.50000000004,118.06969082449531
2023-02-04 07:00:00,3794.1901584811435,27974.500000000033,135.63031183689213
2023-02-04 08:00:00,4553.36697753618,30768.00000000004,147.990346383781
2023-02-04 09:00:00,4949.939018332802,33162.50000000002,149.26314416382357
2023-02-04 10:00:00,4789.922281349826,34273.000000000044,139.75789342484816
2023-02-04 11:00:00,4365.202371279502,34617.50000000007,126.09814028394575
2023-02-04 12:00:00,3680.190212938201,35025.000000000044,105.07323948431682
2023-02-04 13:00:00,2857.284840588638,34890.000000000044,81.8940911604653
2023-02-04 14:00:00,2370.563816417915,34142.50000000004,69.43146566355459
2023-02-04 15:00:00,2341.0857690657917,33941.000000000044,68.97515597848586
2023-02-04 16:00:00,2778.7865214965527,35059.00000000012,79.26029041035235
2023-02-04 17:00:00,3981.6606441791587,37735.50000000009,105.51498308434098
2023-02-04 18:00:00,3701.8691990012803,37487.000000000044,98.75074556516327
2023-02-04 19:00:00,3383.128975193143,35510.5,95.27122893772668
2023-02-04 20:00:00,2818.9981172039347,33453.000000000044,84.26742346587544
2023-02-04 21:00:00,2412.1097018190585,31302.000000000022,77.05928380995006
2023-02-04 22:00:00,1771.8450313120857,28837.500000000033,61.44239380362666
2023-02-04 23:00:00,1836.4079999999965,28679.864706396045,64.03126440099453
2023-02-05 00:00:00,1653.7159999999967,28986.9142314239,57.05043271585112
2023-02-05 01:00:00,1698.6419999999969,29863.371979861167,56.88044877000168
2023-02-05 02:00:00,1561.3079999999966,28751.719484911406,54.30311744726622
2023-02-05 03:00:00,1410.369999999997,28347.597390827672,49.752717331040735
2023-02-05 04:00:00,1468.6039999999969,27682.762699809737,53.05120792767156
2023-02-05 05:00:00,1696.7879999999968,27984.652244237775,60.63280633938829
2023-02-05 06:00:00,1743.5839999999969,27177.613767192786,64.15515412558952
2023-02-05 07:00:00,2160.025007409108,27226.50000000002,79.33539042510448
2023-02-05 08:00:00,2410.537999999992,29792.500000000047,80.91090039439416
2023-02-05 09:00:00,2429.3559999999916,32695.500000000007,74.30245752473554
2023-02-05 10:00:00,3144.571813203682,34319.000000000044,91.62772263771315
2023-02-05 11:00:00,3710.702773884573,34917.00000000006,106.27209593849892
2023-02-05 12:00:00,5004.93510562599,35681.50000000003,140.26694801580612
2023-02-05 13:00:00,5076.624591113041,35006.500000000044,145.01948469892832
2023-02-05 14:00:00,4566.994978614365,34648.00000000003,131.81121503735747
2023-02-05 15:00:00,5360.423592026585,35630.000000000044,150.44691529684474
2023-02-05 16:00:00,7394.862038520694,38047.00000000006,194.36123842932906
2023-02-05 17:00:00,9188.970622540151,40981.50000000007,224.2224082217619
2023-02-05 18:00:00,9249.209075947329,40510.50000000004,228.3163396143548
2023-02-05 19:00:00,8141.816184077215,37663.500000000015,216.17258576811005
2023-02-05 20:00:00,7061.314224406854,35378.500000000044,199.5933751969938
2023-02-05 21:00:00,5859.942091520298,32949.00000000001,177.8488601025918
2023-02-05 22:00:00,5227.3091756064505,30229.50000000002,172.92079510433342
2023-02-05 23:00:00,4073.360241749606,27096.50000000002,150.32791104938286
2023-02-06 00:00:00,3734.2720199723985,27164.500000000025,137.46882953753595
2023-02-06 01:00:00,3743.2169644454866,26829.000000000033,139.52130025142503
2023-02-06 02:00:00,3547.4634178697543,26299.50000000002,134.88710499704374
2023-02-06 03:00:00,3539.4461815023,25858.500000000033,136.87747477627454
2023-02-06 04:00:00,3520.058204721029,25522.500000000033,137.9198042794015
2023-02-06 05:00:00,4275.8204291632455,26209.00000000004,163.14321146030903
2023-02-06 06:00:00,6513.03550785386,31465.000000000036,206.99302424452097
2023-02-06 07:00:00,8335.3843833967,36960.000000000015,225.52446924774614
2023-02-06 08:00:00,9509.562537519616,40166.500000000044,236.75357667508013
2023-02-06 09:00:00,9873.21172895838,42573.50000000003,231.90979668005622
2023-02-06 10:00:00,9618.683930132307,42290.000000000044,227.44582478440051
2023-02-06 11:00:00,9762.320393626182,42142.000000000095,231.65299211300268
2023-02-06 12:00:00,9302.683478961675,42057.00000000009,221.192274269721
2023-02-06 13:00:00,8817.221779852232,41224.0000000001,213.88564379614328
2023-02-06 14:00:00,8483.922370866361,40948.50000000003,207.18518067490518
2023-02-06 15:00:00,8285.013891231809,39175.50000000003,211.4845730426364
2023-02-06 16:00:00,8525.062287047336,39427.0000000001,216.22396548170832
2023-02-06 17:00:00,9910.646659962229,41862.50000000005,236.74282854493202
2023-02-06 18:00:00,10286.769587471097,42001.500000000044,244.9143384753184
2023-02-06 19:00:00,9767.755292700047,40582.00000000007,240.69181638904018
2023-02-06 20:00:00,9353.908951461075,38354.50000000003,243.8803517569273
2023-02-06 21:00:00,8318.0647190397,35579.00000000002,233.79141400937897
2023-02-06 22:00:00,7064.827753694611,32242.99999999999,219.11198566183708
2023-02-06 23:00:00,6098.024409071808,30578.000000000062,199.42522104361944
2023-02-07 00:00:00,5831.371154039309,29177.000000000047,199.86191705930352
2023-02-07 01:00:00,5622.493910756786,28786.00000000005,195.32043044385384
2023-02-07 02:00:00,5563.994213318901,28287.000000000022,196.69792531264878
2023-02-07 03:00:00,5452.169064732931,27608.00000000007,197.48511535543744
2023-02-07 04:00:00,5617.893634950626,26558.000000000033,211.5330083195504
2023-02-07 05:00:00,6812.056169896787,29028.00000000003,234.67190884307496
2023-02-07 06:00:00,8621.235469063819,33102.00000000003,260.4445492436654
2023-02-07 07:00:00,9813.273843104655,37103.00000000003,264.4873418080653
2023-02-07 08:00:00,10558.879065031058,40226.00000000005,262.488914260206
2023-02-07 09:00:00,10861.664126773012,41709.00000000007,260.4153570397994
2023-02-07 10:00:00,10975.219384713117,42356.499999999935,259.11535147410984
2023-02-07 11:00:00,10706.255623989333,39841.00000000025,268.72457076853664
2023-02-07 12:00:00,9831.269919543618,40638.50000000002,241.9200984175994
2023-02-07 13:00:00,9290.364826434801,39381.00000000002,235.9098252059317
2023-02-07 14:00:00,8852.440206278055,37966.49999999989,233.16450571630466
2023-02-07 15:00:00,9071.898434209752,38160.49999999999,237.73007256743895
2023-02-07 16:00:00,10016.63466695039,39484.50000000028,253.68523514164593
2023-02-07 17:00:00,11353.714207184836,41978.50000000006,270.46498105422586
2023-02-07 18:00:00,11693.944698234443,42477.50000000003,275.29738563320427
2023-02-07 19:00:00,10929.090451200356,41723.50000000003,261.94088346376384
2023-02-07 20:00:00,9789.61488142443,39013.000000000044,250.93212214965317
2023-02-07 21:00:00,8882.912470686713,35894.000000000015,247.47624869579064
2023-02-07 22:00:00,8150.847521751595,32704.49999999972,249.22709479587414
2023-02-07 23:00:00,6537.467176412887,29661.000000000022,220.406162179727
2023-02-08 00:00:00,5995.476637905877,29382.500000000062,204.04923467730333
2023-02-08 01:00:00,5685.477181499332,29334.50000000003,193.81537716679426
2023-02-08 02:00:00,4944.183146791617,28792.50000000001,171.7177440927886
2023-02-08 03:00:00,4713.136795930322,29031.50000000004,162.34561755094688
2023-02-08 04:00:00,4670.217651383261,29799.50000000002,156.721342686396
2023-02-08 05:00:00,5159.330746629022,31360.500000000022,164.51685230238732
2023-02-08 06:00:00,6402.457462703204,34946.50000000006,183.20740167694026
2023-02-08 07:00:00,7826.719450149371,39547.00000000003,197.90930918019993
2023-02-08 08:00:00,8330.705191567296,41475.500000000065,200.85846322689983
2023-02-08 09:00:00,8101.074097993182,42991.00000000004,188.43651224659055
2023-02-08 10:00:00,7548.891657242906,43159.00000000002,174.90886390423555
2023-02-08 11:00:00,6215.972201979727,42556.50000000002,146.06399027127992
2023-02-08 12:00:00,4853.464124120279,41623.00000000009,116.60534137664918
2023-02-08 13:00:00,4263.066937888415,41072.500000000044,103.79370473889854
2023-02-08 14:00:00,4072.786624931663,40923.0,99.52316850992506
2023-02-08 15:00:00,4608.075706323822,42072.00000000008,109.52832540225833
2023-02-08 16:00:00,5571.728621288978,43543.50000000006,127.9577576742561
2023-02-08 17:00:00,6461.580085585009,45350.500000000015,142.48090066449117
2023-02-08 18:00:00,6833.102074501462,45331.500000000044,150.73628877273984
2023-02-08 19:00:00,5614.8332767614065,42640.00000000004,131.67995489590527
2023-02-08 20:00:00,4649.785702205872,40118.499999999774,115.90128499833988
2023-02-08 21:00:00,3469.366615276753,36196.00000000006,95.84944787481344
2023-02-08 22:00:00,2727.803076107423,33209.00000000002,82.1404762596712
2023-02-08 23:00:00,1440.5139999999967,30704.125325229154,46.91597577659528
2023-02-09 00:00:00,1439.9839999999967,30199.765050411585,47.68196035950192
2023-02-09 01:00:00,1442.2099999999969,30392.810150131296,47.45234128979569
2023-02-09 02:00:00,1446.0259999999967,29893.17340454382,48.373117849716074
2023-02-09 03:00:00,1448.9939999999967,28846.726566328547,50.23079470276328
2023-02-09 04:00:00,1439.9839999999967,28301.897029795055,50.879416262593345
2023-02-09 05:00:00,1908.4839999999913,29486.500000000004,64.72399233547526
2023-02-09 06:00:00,3305.0539307041063,34946.00000000003,94.57602960865631
2023-02-09 07:00:00,5824.772250036154,37877.50000000001,153.77921589429485
2023-02-09 08:00:00,6712.659853609253,39584.50000000005,169.5779876873333
2023-02-09 09:00:00,6521.641556687301,40735.50000000006,160.0972507195761
2023-02-09 10:00:00,6426.65121426893,41762.50000000007,153.88569205073736
2023-02-09 11:00:00,6623.514283683601,42381.50000000008,156.28314910240528
2023-02-09 12:00:00,5810.295166942222,42054.50000000003,138.16108066775772
2023-02-09 13:00:00,5429.162613058492,41738.00000000005,130.07721052897801
2023-02-09 14:00:00,4948.39048920628,39554.00000000006,125.10467940552847
2023-02-09 15:00:00,5036.732626369329,38967.0,129.25636118688453
2023-02-09 16:00:00,6230.319823360513,39414.00000000003,158.0737764083957
2023-02-09 17:00:00,7802.383813628949,41399.50000000016,188.4656532960282
2023-02-09 18:00:00,8363.364549130405,41640.00000000004,200.8492927264745
2023-02-09 19:00:00,7827.403757284892,40253.00000000004,194.45516501341228
2023-02-09 20:00:00,7637.813930653703,38205.00000000003,199.91660595874094
2023-02-09 21:00:00,7062.769212551593,35605.50000000002,198.36174783535097
2023-02-09 22:00:00,5971.056732584884,32889.50000000001,181.54902727572272
2023-02-09 23:00:00,4160.283924046499,29118.50000000004,142.87425259015723
2023-02-10 00:00:00,3347.6167707771424,28717.000000000025,116.57264932886929
2023-02-10 01:00:00,3397.4913115331947,29774.500000000007,114.10741780829885
2023-02-10 02:00:00,3549.909655090175,29994.00000000002,118.35399263486607
2023-02-10 03:00:00,3255.8121468740587,29381.000000000025,110.8135239397589
2023-02-10 04:00:00,3492.555853539184,30421.000000000025,114.80739796650937
2023-02-10 05:00:00,3424.1282828693124,30861.50000000003,110.95145352200345
2023-02-10 06:00:00,4672.237349773301,34702.999999999905,134.6349695926379
2023-02-10 07:00:00,5818.755021405224,38021.000000000044,153.04055709753078
2023-02-10 08:00:00,5778.541427788722,40250.00000000007,143.5662466531357
2023-02-10 09:00:00,5740.866291742615,42091.00000000006,136.39177714339425
2023-02-10 10:00:00,5261.564622623739,42210.50000000006,124.65061116603052
2023-02-10 11:00:00,4448.812000599821,41688.000000000015,106.71684898771396
2023-02-10 12:00:00,3821.3953654430375,41432.00000000012,92.23294471526904
2023-02-10 13:00:00,3324.013241630281,40254.00000000013,82.57597360834376
2023-02-10 14:00:00,3058.340440131571,39247.000000000146,77.92545774534511
2023-02-10 15:00:00,3483.7665285461358,39233.000000000124,88.79684267188655
2023-02-10 16:00:00,4337.225051820325,40553.50000000006,106.95069603906735
2023-02-10 17:00:00,5079.52961539321,41866.50000000004,121.3268273056789
2023-02-10 18:00:00,4873.129328167386,41502.000000000044,117.41914433442679
2023-02-10 19:00:00,4290.189534700318,39710.00000000006,108.03801396878146
2023-02-10 20:00:00,3618.6098843639925,37294.00000000002,97.0292777488065
2023-02-10 21:00:00,2916.03010073781,34566.00000000002,84.36122492442887
2023-02-10 22:00:00,2598.863523794058,32462.000000000022,80.05863852486158
2023-02-10 23:00:00,1478.4419999999966,29643.499060961378,49.87407178078419
2023-02-11 00:00:00,1591.3379999999966,30162.45705297693,52.758898162871546
2023-02-11 01:00:00,1503.121999999997,29767.470746389765,50.495455687389814
2023-02-11 02:00:00,1483.7759999999967,29574.8364499194,50.170218270270105
2023-02-11 03:00:00,1292.5959999999966,28908.438523754387,44.713449290519655
2023-02-11 04:00:00,1352.0959999999966,27882.04173506324,48.493435769435045
2023-02-11 05:00:00,1465.2899999999968,26714.043515560454,54.850925100368706
2023-02-11 06:00:00,1749.1243426851215,26031.500000000025,67.1926067527849
2023-02-11 07:00:00,2132.8839999999914,29667.50000000003,71.89294682733595
2023-02-11 08:00:00,2926.505556177426,31259.49999999999,93.61971740358698
2023-02-11 09:00:00,4083.031613351582,33536.00000000005,121.75070411950071
2023-02-11 10:00:00,4551.211078160081,33987.000000000065,133.91035037396864
2023-02-11 11:00:00,5229.467730877774,34098.500000000015,153.36357115057177
2023-02-11 12:00:00,5288.053503924084,34378.500000000044,153.8186222180746
2023-02-11 13:00:00,5772.744676042391,34375.00000000003,167.9343905757785
2023-02-11 14:00:00,6082.894277013044,33453.000000000044,181.83404409210044
2023-02-11 15:00:00,6370.72619374429,32903.0,193.62143858445398
2023-02-11 16:00:00,7668.6469810954195,34087.50000000003,224.96947505963809
2023-02-11 17:00:00,9058.2614243461,36174.00000000003,250.40806724017506
2023-02-11 18:00:00,9096.059252000228,36359.50000000001,250.17008627732028
2023-02-11 19:00:00,8784.375670173844,34868.50000000001,251.92869409850843
2023-02-11 20:00:00,7691.692449213163,33055.50000000003,232.69024668249327
2023-02-11 21:00:00,7403.495035861253,30848.00000000003,239.99919073720326
2023-02-11 22:00:00,6718.430549287327,28478.50000000002,235.91237422221405
2023-02-11 23:00:00,5292.144783861945,26157.000000000033,202.3223146332507
2023-02-12 00:00:00,5033.079498354967,25654.000000000025,196.1908278769378
2023-02-12 01:00:00,4884.683598330182,25599.50000000003,190.81167985039457
2023-02-12 02:00:00,4864.813999908437,25151.00000000005,193.42427736107618
2023-02-12 03:00:00,4803.099109651228,24590.500000000036,195.3233610398821
2023-02-12 04:00:00,4601.7012429632405,24081.500000000033,191.08864659440792
2023-02-12 05:00:00,4651.824727305108,23698.000000000047,196.2960894297029
2023-02-12 06:00:00,4724.686172713165,23766.000000000025,198.80022606720357
2023-02-12 07:00:00,5534.883540906853,25415.500000000047,217.77590607726952
2023-02-12 08:00:00,6296.304775723355,28053.500000000022,224.43918854058674
2023-02-12 09:00:00,6703.140371296925,30995.999999999996,216.2582388468488
2023-02-12 10:00:00,7041.585691287309,32530.500000000015,216.46103476083383
2023-02-12 11:00:00,7120.2348431798955,33578.4999999998,212.04743640067116
2023-02-12 12:00:00,7130.275094606594,34437.50000000006,207.04973051489168
2023-02-12 13:00:00,7226.664812326292,34315.00000000008,210.59783803952428
2023-02-12 14:00:00,7281.066839180829,33796.5,215.4384873930978
2023-02-12 15:00:00,7698.6582944038155,34294.50000000003,224.48667554283657
2023-02-12 16:00:00,8719.5541639476,35945.50000000003,242.5770726223753
2023-02-12 17:00:00,9744.438918070375,37972.000000000015,256.62169277547594
2023-02-12 18:00:00,9772.335951421252,37896.000000000015,257.872491857221
2023-02-12 19:00:00,9001.808656230896,35890.00000000003,250.81662458152383
2023-02-12 20:00:00,8278.031674055272,33810.50000000003,244.83612114743244
2023-02-12 21:00:00,7183.160868274744,31355.500000000033,229.0877475490659
2023-02-12 22:00:00,6532.729039078268,28867.000000000007,226.30439737687556
2023-02-12 23:00:00,5747.785786340069,26825.500000000047,214.2657466343613
2023-02-13 00:00:00,5546.40372634868,26710.00000000004,207.65270409392255
2023-02-13 01:00:00,5407.398870582203,26416.00000000001,204.70165318678835
2023-02-13 02:00:00,5355.171387343323,25735.000000000044,208.08903778291486
2023-02-13 03:00:00,5564.6204219125675,25128.00000000003,221.45098781886983
2023-02-13 04:00:00,5651.850404966598,25456.0,222.02429309265392
2023-02-13 05:00:00,6977.86783357175,28216.99999999993,247.29304439067823
2023-02-13 06:00:00,8157.093670757867,30971.500000000015,263.3741882297552
2023-02-13 07:00:00,9048.518085673293,33637.50000000004,269.0009092730816
2023-02-13 08:00:00,10035.571137458826,36982.00000000006,271.3636671207293
2023-02-13 09:00:00,10110.066252321167,38946.50000000002,259.5885702777184
2023-02-13 10:00:00,9879.03716124845,39634.5,249.25348272965348
2023-02-13 11:00:00,9789.0676094994,39613.00000000003,247.1175525584882
2023-02-13 12:00:00,9569.061823607308,39748.50000000001,240.74019959513706
2023-02-13 13:00:00,9385.715198790496,38779.00000000006,242.03087234819057
2023-02-13 14:00:00,8977.210750791308,37304.499999999774,240.64685897924815
2023-02-13 15:00:00,9150.665119306213,37006.00000000003,247.27517481776485
2023-02-13 16:00:00,9420.979814062865,37393.50000000003,251.94164264010743
2023-02-13 17:00:00,10406.925868155953,39313.50000000003,264.7163409046751
2023-02-13 18:00:00,11082.826222240405,40667.500000000044,272.5229291753954
2023-02-13 19:00:00,10520.753650031924,39799.49999999999,264.34386487347643
2023-02-13 20:00:00,9804.034235041354,37317.50000000008,262.71948107567044
2023-02-13 21:00:00,8627.801202654728,34572.00000000003,249.56037263261368
2023-02-13 22:00:00,7839.47324377617,32220.000000000036,243.3107772742446
2023-02-13 23:00:00,6101.209987773931,28008.500000000044,217.83422845828665
2023-02-14 00:00:00,5739.880807996438,27679.500000000036,207.3693819612504
2023-02-14 01:00:00,5802.52336591544,27505.50000000017,210.95865793806345
2023-02-14 02:00:00,5920.428903222953,27418.00000000003,215.93219429655505
2023-02-14 03:00:00,6030.851615992184,27011.500000000025,223.26977827933206
2023-02-14 04:00:00,6076.358135298956,26979.50000000002,225.2213026668008
2023-02-14 05:00:00,6622.4607943193105,28424.500000000044,232.98424930321733
2023-02-14 06:00:00,8227.51623398426,32802.00000000006,250.82361544979713
2023-02-14 07:00:00,9170.197434437106,35673.00000000005,257.0626926369269
2023-02-14 08:00:00,9282.942203668272,38192.00000000006,243.0598607998601
2023-02-14 09:00:00,9184.701973672389,39889.00000000001,230.25651116027944
2023-02-14 10:00:00,8838.435165065694,39836.00000000007,221.87054837497936
2023-02-14 11:00:00,8285.97949378316,40247.50000000001,205.87563187236864
2023-02-14 12:00:00,7903.458903608132,39783.50000000001,198.6617291994955
2023-02-14 13:00:00,7751.266541799771,39160.00000000002,197.93836930030048
2023-02-14 14:00:00,7714.211474669224,38530.99999999972,200.2079228327653
2023-02-14 15:00:00,7780.6656329866255,37622.50000000005,206.8088413312942
2023-02-14 16:00:00,7643.114062414706,37636.500000000015,203.07717408405944
2023-02-14 17:00:00,8889.137270339746,40432.000000000044,219.85400846704928
2023-02-14 18:00:00,9144.493376316366,41624.50000000009,219.6901674810832
2023-02-14 19:00:00,8079.596934772198,40122.00000000008,201.3757274007323
2023-02-14 20:00:00,6994.336048010187,37577.00000000003,186.13343396253512
2023-02-14 21:00:00,6086.060112245201,34287.000000000044,177.50343022851789
2023-02-14 22:00:00,4674.859670273005,31261.000000000015,149.54287035836995
2023-02-14 23:00:00,2595.3067856342445,27940.500000000004,92.88691274795526
2023-02-15 00:00:00,2218.0516116454255,27541.500000000044,80.53488777464634
2023-02-15 01:00:00,2352.044805749003,28176.000000000036,83.47688833578222
2023-02-15 02:00:00,2044.463753291946,27540.50000000004,74.23480885575582
2023-02-15 03:00:00,1494.0619999999967,26882.05510869578,55.57841444632331
2023-02-15 04:00:00,1753.983169015405,26580.500000000015,65.98759124227927
2023-02-15 05:00:00,2497.7415085498096,28564.000000000025,87.44368815816438
2023-02-15 06:00:00,3463.96388996555,31652.500000000044,109.43729215592909
2023-02-15 07:00:00,4259.675580133916,34832.000000000044,122.2920182629166
2023-02-15 08:00:00,4894.620189173267,38224.00000000003,128.0509676949891
2023-02-15 09:00:00,4673.925853587595,39882.50000000004,117.19239901178689
2023-02-15 10:00:00,5319.901918987161,39826.50000000006,133.5769379430066
2023-02-15 11:00:00,4969.1563411050865,39380.500000000124,126.1831703788695
2023-02-15 12:00:00,4890.870366316205,39751.500000000065,123.03612105999011
2023-02-15 13:00:00,4579.487363636055,39138.00000000003,117.00872205110257
2023-02-15 14:00:00,4204.154919351716,38233.50000000002,109.95998062828969
2023-02-15 15:00:00,4343.793471811978,37531.50000000001,115.73727327210415
2023-02-15 16:00:00,4577.798021967682,37967.0000000001,120.57307719776831
2023-02-15 17:00:00,5562.742026597354,40473.00000000012,137.44328383360113
2023-02-15 18:00:00,6231.076908604355,41053.00000000007,151.78128050579357
2023-02-15 19:00:00,5347.038798549332,38919.5,137.38714008528711
2023-02-15 20:00:00,4786.607981623103,36176.00000000007,132.31446211917
2023-02-15 21:00:00,3918.828386181828,32676.500000000025,119.92803348528223
2023-02-15 22:00:00,3249.6105318811487,29510.500000000033,110.11709499605716
2023-02-15 23:00:00,1814.5399999999968,27287.695860812037,66.49663677195495
2023-02-16 00:00:00,1837.889999999997,26982.323023356825,68.11459481858016
2023-02-16 01:00:00,2323.0519999999915,26406.50000000001,87.97273398595007
2023-02-16 02:00:00,2316.3226018939436,25911.00000000004,89.39533796047779
2023-02-16 03:00:00,2923.1069077750017,25477.00000000003,114.73513003002701
2023-02-16 04:00:00,3553.2135816764235,24977.500000000033,142.2565741838222
2023-02-16 05:00:00,4295.833742885514,25034.50000000003,171.5965464812762
2023-02-16 06:00:00,5890.451547128676,29309.000000000033,200.97756822575556
2023-02-16 07:00:00,7260.695082030396,33353.00000000003,217.69241393668906
2023-02-16 08:00:00,7976.479667249345,37063.00000000009,215.21408594148684
2023-02-16 09:00:00,8124.673904737632,38691.49999999997,209.98601513866453
2023-02-16 10:00:00,8122.7747827663,38879.5,208.92179124644863
2023-02-16 11:00:00,8136.746226746402,39776.500000000065,204.5616438536922
2023-02-16 12:00:00,7608.060046103362,39742.00000000003,191.43626506223532
2023-02-16 13:00:00,6327.690206649267,38499.00000000003,164.3598588703411
2023-02-16 14:00:00,5862.812174099159,37937.00000000007,154.54074318209527
2023-02-16 15:00:00,6130.891333802109,37226.50000000009,164.6915862034329
2023-02-16 16:00:00,6211.073103362656,37629.50000000003,165.05861367710574
2023-02-16 17:00:00,6601.054697163038,39779.000000000044,165.9432036291267
2023-02-16 18:00:00,6738.2437404262,40015.000000000065,168.3929461558463
2023-02-16 19:00:00,4740.001041440041,38257.5,123.897302265962
2023-02-16 20:00:00,3027.5642074365514,35738.000000000015,84.71554668522442
2023-02-16 21:00:00,1969.213295617432,33072.000000000015,59.54321769525372
2023-02-16 22:00:00,1654.6420000000003,30827.93224979837,53.673466860912235
2023-02-16 23:00:00,1427.5040000000006,32412.254703488135,44.04210731585963
2023-02-17 00:00:00,1393.1420000000005,33607.41019442153,41.45341732494601
2023-02-17 01:00:00,1369.9540000000006,33840.35603370606,40.48284830796352
2023-02-17 02:00:00,1441.4880000000005,34069.500035195786,42.31021877370842
2023-02-17 03:00:00,1430.1600000000008,34061.118124333865,41.988052029867724
2023-02-17 04:00:00,1419.7320000000007,34026.048651056146,41.72485658148652
2023-02-17 05:00:00,1465.2640000000006,34500.99259039937,42.470198390980244
2023-02-17 06:00:00,1523.3860000000006,32581.809441692014,46.755721247656076
2023-02-17 07:00:00,1834.3359999999982,34202.50000000003,53.631635114392125
2023-02-17 08:00:00,1824.3598632037947,36643.500000000015,49.78672515463299
2023-02-17 09:00:00,1693.9505230104805,38550.00000000002,43.94164780831335
2023-02-17 10:00:00,1670.9160000000004,38886.18428194594,42.96939982295389
2023-02-17 11:00:00,1711.9160000000006,38996.33877730349,43.89940321772883
2023-02-17 12:00:00,1742.8680000000006,39737.21439539884,43.85984338655119
2023-02-17 13:00:00,1687.5740000000005,39296.70639544185,42.94441328028824
2023-02-17 14:00:00,1679.4200000000005,37370.54951269037,44.93966564312091
2023-02-17 15:00:00,1623.043472896642,35033.35354580027,46.32852149808562
2023-02-17 16:00:00,1748.8439999999966,35300.500000000015,49.5416212234953
2023-02-17 17:00:00,3426.856839887127,37868.500000000044,90.49359863440915
2023-02-17 18:00:00,4700.551329041542,38033.50000000002,123.5897650503251
2023-02-17 19:00:00,5760.028711726521,36197.00000000001,159.13000281035775
2023-02-17 20:00:00,5300.180252235449,33799.000000000044,156.8147061225315
2023-02-17 21:00:00,4391.775633797098,31448.500000000022,139.6497649743897
2023-02-17 22:00:00,3017.7372720178573,28568.000000000022,105.63348053828953
2023-02-17 23:00:00,2104.529999999997,25807.258543296237,81.54798761244926
2023-02-18 00:00:00,2016.241999999997,26598.70221820776,75.80226972952866
2023-02-18 01:00:00,1856.001999999997,25771.29907542057,72.01817784071903
2023-02-18 02:00:00,1711.3259999999968,27207.383874289048,62.899322033574805
2023-02-18 03:00:00,1475.733999999997,28775.835405597652,51.283793474608494
2023-02-18 04:00:00,1416.0779999999968,28919.010609714805,48.96702792191278
2023-02-18 05:00:00,1391.3139999999967,28692.10317491683,48.491182103942435
2023-02-18 06:00:00,1540.1899999999969,29534.5368560981,52.14877780221525
2023-02-18 07:00:00,1613.245999999997,30427.681227864185,53.01902527237813
2023-02-18 08:00:00,1831.5659999999968,31610.000117509804,57.94261288172008
2023-02-18 09:00:00,1937.443999999997,31784.848776694864,60.954954154778314
2023-02-18 10:00:00,2424.2459999999915,32281.499999999985,75.09706798011221
2023-02-18 11:00:00,2408.787999999992,32934.500000000015,73.13874508494105
2023-02-18 12:00:00,2372.3199999999915,33055.500000000015,71.76778448367112
2023-02-18 13:00:00,2400.115999999992,32421.500000000022,74.02853045047237
2023-02-18 14:00:00,2519.051999999992,31930.00000000006,78.89295333542083
2023-02-18 15:00:00,2483.6119999999914,31239.00000000001,79.50356925637794
2023-02-18 16:00:00,2452.055999999992,32279.499999999996,75.96325841478313
2023-02-18 17:00:00,3332.1338313977753,34931.00000000009,95.39188203594993
2023-02-18 18:00:00,5289.452841227243,35313.50000000003,149.78557325745786
2023-02-18 19:00:00,4479.214239032121,33792.00000000003,132.55250470620615
2023-02-18 20:00:00,3423.5332132863837,32161.00000000005,106.44983717192807
2023-02-18 21:00:00,1989.5919389885205,29823.000000000036,66.71334000565061
2023-02-18 22:00:00,1866.2479999999966,28927.023602482415,64.51572846367235
2023-02-18 23:00:00,1832.1619999999969,28388.58696020498,64.53868248420801
2023-02-19 00:00:00,1851.5939999999966,28268.985791041436,65.49913087390546
2023-02-19 01:00:00,1861.5139999999967,27844.405617143693,66.85414749359454
2023-02-19 02:00:00,1781.8179999999966,27117.419039462413,65.70750694994312
2023-02-19 03:00:00,1728.6259999999968,26356.485185605183,65.58636281836625
2023-02-19 04:00:00,1781.2139999999968,26007.93848041081,68.48731979820731
2023-02-19 05:00:00,1826.7979999999968,24914.864362611253,73.32161128444271
2023-02-19 06:00:00,1844.9379999999967,23466.055776495316,78.6215637417845
2023-02-19 07:00:00,1890.5939999999966,24355.000000000004,77.62652432765331
2023-02-19 08:00:00,1955.217999999997,27450.500000000004,71.22704504471673
2023-02-19 09:00:00,2075.235848960014,30480.99999999999,68.08293195630114
2023-02-19 10:00:00,2424.9179999999915,32293.00000000005,75.09113430155104
2023-02-19 11:00:00,2373.537999999992,32970.00000000004,71.99084015771881
2023-02-19 12:00:00,1872.7099999999966,33215.8877807959,56.37994722160408
2023-02-19 13:00:00,1546.7703894561469,32393.49999999995,47.74940619124668
2023-02-19 14:00:00,1448.3639999999968,32747.13433604889,44.2287250278752
2023-02-19 15:00:00,1557.9959999999965,32680.58642160305,47.673440736366494
2023-02-19 16:00:00,2045.4979999999912,33353.99999999999,61.32691731126676
2023-02-19 17:00:00,2321.4799999999914,35680.50000000011,65.06298958814995
2023-02-19 18:00:00,2645.50164328688,36886.50000000003,71.7200505140601
2023-02-19 19:00:00,1544.2435617010701,34959.000000000015,44.17299012274577
2023-02-19 20:00:00,1247.4017743240527,32770.99999999998,38.064196219952194
2023-02-19 21:00:00,1163.2322527982083,32454.335703223554,35.84212178721838
2023-02-19 22:00:00,930.7288549704773,32398.000000000007,28.727972559123316
2023-02-19 23:00:00,905.8880411994916,32377.99999999998,27.97850519486973
2023-02-20 00:00:00,905.8534663133894,32498.0,27.874129679161467
2023-02-20 01:00:00,870.6685242455777,32487.999999999964,26.799696018393828
2023-02-20 02:00:00,707.2113186457827,31749.99999999998,22.27437224081207
2023-02-20 03:00:00,671.8566161819913,31726.545989512084,21.1764815622882
2023-02-20 04:00:00,1176.9240000000004,33473.171091365846,35.16021821737646
2023-02-20 05:00:00,1227.5460000000005,33767.366365778,36.35302755633539
2023-02-20 06:00:00,1362.7960000000005,33961.2492280385,40.127970288998455
2023-02-20 07:00:00,1503.6075935428244,34507.03261875377,43.573946509838365
2023-02-20 08:00:00,1587.9319999999966,36209.00000000004,43.854621779115554
2023-02-20 09:00:00,1690.7939999999967,37857.50000000003,44.662061678663285
2023-02-20 10:00:00,1658.3939999999966,38306.49999999999,43.292757103885684
2023-02-20 11:00:00,2164.7399999999916,38506.000000000095,56.218251701033246
2023-02-20 12:00:00,2143.8359999999916,38384.50000000004,55.851606768356746
2023-02-20 13:00:00,2135.3059999999914,37558.0000000001,56.85355982746647
2023-02-20 14:00:00,2032.2259999999912,36672.000000000124,55.41628490401354
2023-02-20 15:00:00,2077.507999999991,36400.00000000002,57.07439560439533
2023-02-20 16:00:00,2073.891999999991,37316.000000000015,55.576481938042406
2023-02-20 17:00:00,2686.7939780203988,39458.00000000008,68.09250286432139
2023-02-20 18:00:00,3608.259844456742,40205.5,89.74542897008473
2023-02-20 19:00:00,3908.16796506469,38679.000000000044,101.04108082072146
2023-02-20 20:00:00,4644.857438712918,35705.00000000002,130.0898316401881
2023-02-20 21:00:00,4406.39445635838,32397.500000000055,136.01032352367844
2023-02-20 22:00:00,4167.83723426125,29584.50000000001,140.87908310977872
2023-02-20 23:00:00,3608.2061225134557,26958.000000000022,133.84546785790684
2023-02-21 00:00:00,3585.624316830893,26335.500000000025,136.15174638153402
2023-02-21 01:00:00,3367.284478766486,26165.500000000022,128.6917688852299
2023-02-21 02:00:00,2985.1822491815897,25331.50000000003,117.84466964773449
2023-02-21 03:00:00,3100.5463745021366,24689.000000000044,125.58412145093486
2023-02-21 04:00:00,3568.2215282752986,24113.00000000004,147.9791617913695
2023-02-21 05:00:00,4672.5746251947285,24751.00000000003,188.7832663405407
2023-02-21 06:00:00,6799.619457206949,29040.00000000002,234.14667552365512
2023-02-21 07:00:00,7915.548515130788,32768.50000000019,241.55968430446134
2023-02-21 08:00:00,8531.9793277689,35530.499999999694,240.1311360034048
2023-02-21 09:00:00,8487.396666538756,36904.00000000006,229.98581905860456
2023-02-21 10:00:00,8353.947170048534,37287.50000000036,224.04149299493002
2023-02-21 11:00:00,7926.043140909733,37806.00000000002,209.65040313468043
2023-02-21 12:00:00,7624.896458695053,38431.00000000004,198.40484137011907
2023-02-21 13:00:00,7619.227650837488,38381.9999999999,198.51043850861103
2023-02-21 14:00:00,7404.180406032593,37597.50000000007,196.9327855850144
2023-02-21 15:00:00,7536.76516873344,36858.000000000044,204.48112129614825
2023-02-21 16:00:00,7804.109050157262,37001.99999999987,210.91046565475622
2023-02-21 17:00:00,9100.45156958793,39196.50000000004,232.1751066954428
2023-02-21 18:00:00,9579.995589336877,39886.000000000146,240.18441531707472
2023-02-21 19:00:00,8922.348175817528,38556.50000000006,231.40970201697544
2023-02-21 20:00:00,8253.013012626681,36226.00000000003,227.8201571420161
2023-02-21 21:00:00,7833.901849495452,33642.500000000044,232.85730399035273
2023-02-21 22:00:00,7322.294869057037,31617.000000000022,231.59360056479213
2023-02-21 23:00:00,5562.574512337194,27656.50000000007,201.1308196025231
2023-02-22 00:00:00,4998.752450500239,26890.50000000002,185.89287854447613
2023-02-22 01:00:00,5187.576625976119,27215.500000000033,190.61110859532667
2023-02-22 02:00:00,4964.607523709028,26446.000000000033,187.72621658129856
2023-02-22 03:00:00,4908.514265154079,26053.000000000025,188.4049539459592
2023-02-22 04:00:00,5199.362787349807,25983.00000000002,200.1063305757535
2023-02-22 05:00:00,5377.6862697443785,27153.50000000002,198.04762810482535
2023-02-22 06:00:00,6058.936441755385,29489.00000000007,205.46428979468178
2023-02-22 07:00:00,7230.102084741416,33693.000000000044,214.58766167279276
2023-02-22 08:00:00,7856.099918380988,36467.50000000002,215.42743314954365
2023-02-22 09:00:00,8199.065413497625,38061.000000000015,215.41907499796702
2023-02-22 10:00:00,8626.62874325819,38508.00000000005,224.02172907598884
2023-02-22 11:00:00,8475.176298722343,38226.999999999985,221.70655031057487
2023-02-22 12:00:00,8139.557065714565,38490.00000000004,211.4719944326983
2023-02-22 13:00:00,7442.148362075711,37689.000000000044,197.46208076827992
2023-02-22 14:00:00,8008.103846007165,37475.00000000004,213.6918971582964
2023-02-22 15:00:00,8286.125570012147,37912.5000000001,218.55919736266733
2023-02-22 16:00:00,8677.98585940556,38351.00000000003,226.277955187754
2023-02-22 17:00:00,9727.925145665362,40046.5000000001,242.9157390949356
2023-02-22 18:00:00,10164.182922573998,40752.00000000012,249.41556052645194
2023-02-22 19:00:00,8800.947506581146,38837.50000000002,226.6095270442521
2023-02-22 20:00:00,7730.726363024933,36654.50000000007,210.90797481959697
2023-02-22 21:00:00,6221.9264854672365,33440.00000000015,186.06239490033516
2023-02-22 22:00:00,5275.748397158264,30031.000000000015,175.6767472664334
2023-02-22 23:00:00,3103.99317162592,26885.00000000004,115.45446054029813
2023-02-23 00:00:00,2782.6609000700178,26973.500000000015,103.16276716295683
2023-02-23 01:00:00,2609.391497372172,27132.500000000033,96.17217349570328
2023-02-23 02:00:00,2374.325127391432,26300.500000000033,90.27680566496565
2023-02-23 03:00:00,2340.5337448751948,25678.500000000025,91.14760382713914
2023-02-23 04:00:00,2378.9488438125636,24835.00000000002,95.79016886702483
2023-02-23 05:00:00,3728.597370944697,27204.50000000002,137.0581106414268
2023-02-23 06:00:00,5483.8082806265875,31375.50000000003,174.77994870604715
2023-02-23 07:00:00,7233.1893844782035,35483.00000000003,203.84943168498145
2023-02-23 08:00:00,7517.397018678485,38089.00000000002,197.36399009368796
2023-02-23 09:00:00,7525.069103945316,39815.00000000005,189.0008565602237
2023-02-23 10:00:00,8141.430886202884,39788.0000000001,204.62025953058367
2023-02-23 11:00:00,8337.706177021419,39085.000000000044,213.32240442679822
2023-02-23 12:00:00,8343.352763456163,39794.500000000044,209.66095222847767
2023-02-23 13:00:00,7904.869843380992,39127.500000000335,202.02849257890037
2023-02-23 14:00:00,7143.887740924562,38723.000000000065,184.48693905236036
2023-02-23 15:00:00,7047.428500537217,38396.500000000015,183.54351309461057
2023-02-23 16:00:00,6995.0293396097,39219.000000000015,178.35817689409976
2023-02-23 17:00:00,7946.3816788518425,41234.00000000002,192.7143056422331
2023-02-23 18:00:00,8555.592922045822,42137.50000000028,203.03987949085175
2023-02-23 19:00:00,7916.704778286211,40473.00000000001,195.60459511986286
2023-02-23 20:00:00,7278.703632355666,38226.50000000003,190.4098892746043
2023-02-23 21:00:00,5781.339844825309,34959.00000000003,165.37486326340297
2023-02-23 22:00:00,4103.641959882876,31617.50000000002,129.79020984843436
2023-02-23 23:00:00,2231.585680986969,28836.00000000003,77.38887782587621
2023-02-24 00:00:00,1533.2939999999967,28814.3945164063,53.21277874247789
2023-02-24 01:00:00,1573.4219999999968,29148.788609479907,53.97898420685246
2023-02-24 02:00:00,1629.5599999999968,29625.516480474325,55.005285766883155
2023-02-24 03:00:00,1477.0059999999967,28943.881309444485,51.02999090581693
2023-02-24 04:00:00,1480.4239999999968,27910.78523589422,53.04128807154165
2023-02-24 05:00:00,1909.3999999999912,27722.000000000015,68.87670442247999
2023-02-24 06:00:00,2341.092656826185,31938.50000000002,73.30001899983354
2023-02-24 07:00:00,4551.128314220714,35151.50000000002,129.47180957343815
2023-02-24 08:00:00,6059.285871601102,37684.500000000095,160.78987041359412
2023-02-24 09:00:00,6421.583191342075,39221.50000000004,163.72609898504822
2023-02-24 10:00:00,6980.47934239317,39713.50000000006,175.77094293862692
2023-02-24 11:00:00,6379.909960269518,39711.000000000044,160.6585067177737
2023-02-24 12:00:00,5873.018734891479,39384.00000000003,149.1219463460155
2023-02-24 13:00:00,5771.120794293223,38444.50000000004,150.11564188097694
2023-02-24 14:00:00,5254.337962989702,37866.50000000002,138.75953581634687
2023-02-24 15:00:00,4910.732651031602,36567.0,134.29410810379855
2023-02-24 16:00:00,5384.661415975622,37197.500000000044,144.7586912017102
2023-02-24 17:00:00,5896.850375860588,38625.50000000003,152.66728911886148
2023-02-24 18:00:00,6322.21686894604,39761.00000000001,159.00547946344506
2023-02-24 19:00:00,5831.425778525423,38348.5,152.06398629738902
2023-02-24 20:00:00,5082.852836792509,35585.00000000003,142.83694918624434
2023-02-24 21:00:00,4484.467390910946,33268.00000000003,134.79822625077978
2023-02-24 22:00:00,3672.8237690747474,30574.500000000015,120.12702641334268
2023-02-24 23:00:00,2647.140501575709,27905.500000000025,94.86088769510336
2023-02-25 00:00:00,2456.75199520981,27385.000000000025,89.71159376336709
2023-02-25 01:00:00,2138.3666018636786,26624.00000000002,80.31725517817297
2023-02-25 02:00:00,1954.7497987189204,26605.500000000007,73.47164303316681
2023-02-25 03:00:00,1817.7499999999968,26869.676067646116,67.65061087538591
2023-02-25 04:00:00,1714.2179999999967,26214.9946170304,65.39074392509568
2023-02-25 05:00:00,1833.6980808874494,25807.000000000007,71.0542907307106
2023-02-25 06:00:00,2187.7999999999915,26617.500000000033,82.19404527096793
2023-02-25 07:00:00,2865.137558278598,28929.000000000033,99.0403248739533
2023-02-25 08:00:00,3791.727276520818,32377.000000000007,117.1117545331815
2023-02-25 09:00:00,4026.8732644790352,34938.000000000044,115.25769261202788
2023-02-25 10:00:00,3821.869418284879,35519.500000000015,107.59918969255979
2023-02-25 11:00:00,3309.6421727081524,36092.00000000007,91.7001599442576
2023-02-25 12:00:00,3408.8199002128463,35988.000000000015,94.72101534436048
2023-02-25 13:00:00,3308.3976719559582,35255.50000000004,93.84061130762448
2023-02-25 14:00:00,3177.9185108783854,34582.000000000015,91.89516253768967
2023-02-25 15:00:00,2929.313893186968,33971.00000000009,86.22983995722707
2023-02-25 16:00:00,3555.7751303443138,34889.00000000007,101.91679699459159
2023-02-25 17:00:00,5001.130269683131,36890.99999999998,135.56505027467767
2023-02-25 18:00:00,6145.5583060093595,37877.000000000015,162.2503974974089
2023-02-25 19:00:00,5566.064822078478,36110.00000000003,154.14192251671207
2023-02-25 20:00:00,4930.482596477742,34144.00000000006,144.40260650415104
2023-02-25 21:00:00,4472.96839579023,31885.00000000002,140.28440946495928
2023-02-25 22:00:00,3940.3370529240756,29759.000000000022,132.4082480232559
2023-02-25 23:00:00,3167.944024338015,27283.50000000002,116.11208328616243
2023-02-26 00:00:00,2873.7489600950025,26928.00000000003,106.71973262384876
2023-02-26 01:00:00,2890.6888629380533,26300.500000000044,109.91003452170295
2023-02-26 02:00:00,2553.3182230770244,25699.00000000003,99.35476956601508
2023-02-26 03:00:00,2691.6616454745636,25458.500000000047,105.72742484728317
2023-02-26 04:00:00,2440.1233924913513,24973.000000000036,97.71046299969358
2023-02-26 05:00:00,2663.2760715253835,24858.50000000004,107.13744077580623
2023-02-26 06:00:00,2938.844067477704,25629.50000000003,114.6664612059424
2023-02-26 07:00:00,3427.0499646138196,26600.500000000036,128.83404314256555
2023-02-26 08:00:00,4450.163540576161,29850.000000000073,149.0842057144439
2023-02-26 09:00:00,5060.0181970162375,32617.99999999998,155.1296277213882
2023-02-26 10:00:00,6195.421700321207,33900.500000000044,182.75310689580388
2023-02-26 11:00:00,6102.062813234233,33785.500000000015,180.61188418801646
2023-02-26 12:00:00,6637.533498773989,34690.50000000003,191.3357691233618
2023-02-26 13:00:00,7211.355132598838,34542.00000000006,208.7706309014772
2023-02-26 14:00:00,7268.576823315546,34164.000000000015,212.75543915570609
2023-02-26 15:00:00,7640.711729422887,34773.5,219.72800349182242
2023-02-26 16:00:00,8281.969850818203,35955.500000000044,230.3394432233787
2023-02-26 17:00:00,9162.849218268568,37928.0,241.58535167339613
2023-02-26 18:00:00,9765.725544282433,39184.000000000065,249.22737709989838
2023-02-26 19:00:00,8863.69815745513,37772.49999999968,234.66008756251784
2023-02-26 20:00:00,8022.702106110147,35423.00000000006,226.48285312113975
2023-02-26 21:00:00,7173.737417006478,33069.000000000044,216.9323964137551
2023-02-26 22:00:00,6077.766925464897,29697.500000000025,204.65584394191066
2023-02-26 23:00:00,5183.799031689247,27858.000000000062,186.0793679262415
2023-02-27 00:00:00,5406.66175603631,27954.000000000004,193.4128123358485
2023-02-27 01:00:00,5080.8640320053155,27428.500000000015,185.24031689685228
2023-02-27 02:00:00,5343.968198441583,26673.499999999807,200.3474684027826
2023-02-27 03:00:00,5185.995247523184,26225.50000000005,197.7462869162904
2023-02-27 04:00:00,4937.864461485892,25579.500000000025,193.03991326984058
2023-02-27 05:00:00,5601.47976258271,26970.000000000022,207.69298341055637
2023-02-27 06:00:00,6980.3127032444745,31032.00000000003,224.93918223912308
2023-02-27 07:00:00,8558.521100480655,35703.50000000005,239.7109835304842
2023-02-27 08:00:00,9248.782320026528,38917.50000000003,237.65098785961382
2023-02-27 09:00:00,9714.237377883404,40963.50000000006,237.14373473661652
2023-02-27 10:00:00,9688.702794219047,40884.00000000005,236.98030511248984
2023-02-27 11:00:00,9556.760359779366,40988.50000000009,233.15711381922603
2023-02-27 12:00:00,9617.813620042363,40580.50000000005,237.00579391684062
2023-02-27 13:00:00,9910.794704879707,40403.500000000015,245.29544977241335
2023-02-27 14:00:00,9824.515906565162,39756.50000000001,247.1172237637911
2023-02-27 15:00:00,10021.303676478383,39923.00000000028,251.0157973218023
2023-02-27 16:00:00,10161.578283804696,40526.999999999985,250.73601016124314
2023-02-27 17:00:00,10608.148320133063,41416.50000000003,256.13338452387467
2023-02-27 18:00:00,10895.481733322044,42360.00000000006,257.2115612210111
2023-02-27 19:00:00,10350.630477454486,41121.49999999999,251.70848528031536
2023-02-27 20:00:00,9670.021864275119,38367.00000000002,252.04008299515502
2023-02-27 21:00:00,9139.790933435117,35598.500000000015,256.74651834866955
2023-02-27 22:00:00,8954.809613553265,33072.500000000015,270.76300895164445
2023-02-27 23:00:00,8046.813530042088,29970.500000000047,268.49113394978644
2023-02-28 00:00:00,7955.476183153508,29575.50000000001,268.98872996749014
2023-02-28 01:00:00,7763.102406108347,29221.49999999991,265.66406262883055
2023-02-28 02:00:00,7360.664919601432,28329.000000000007,259.8279120195358
2023-02-28 03:00:00,7496.088473063428,28476.50000000001,263.23770382818907
2023-02-28 04:00:00,7727.772648081177,29778.00000000001,259.51281644439433
2023-02-28 05:00:00,8243.15240563291,31673.500000000022,260.253915911816
2023-02-28 06:00:00,9594.20994618323,35431.00000000006,270.78575107062215
2023-02-28 07:00:00,10474.16173905812,38245.50000000005,273.86651342139874
2023-02-28 08:00:00,10533.285620191244,39426.50000000003,267.1625840536501
2023-02-28 09:00:00,10306.992998119718,40844.49999999987,252.34714583652024
2023-02-28 10:00:00,9676.921450523943,41712.999999999825,231.98814399645156
2023-02-28 11:00:00,9450.469393676083,41913.500000000015,225.47554830009614
2023-02-28 12:00:00,9730.099874986958,41970.50000000003,231.83187893846753
2023-02-28 13:00:00,9631.432528224943,41536.50000000005,231.87876995473695
2023-02-28 14:00:00,9582.340673597271,40978.50000000003,233.83824868155898
2023-02-28 15:00:00,9802.540400698086,41157.00000000009,238.1743178729758
2023-02-28 16:00:00,10406.806052846967,41605.5000000001,250.1305368964906
2023-02-28 17:00:00,10761.85203210614,42972.00000000007,250.43870501969008
2023-02-28 18:00:00,11450.972142885388,44096.99999999998,259.6768973600334
2023-02-28 19:00:00,10709.287453139277,42566.50000000005,251.58957051059556
2023-02-28 20:00:00,9770.261525893306,39740.499999999935,245.851499751974
2023-02-28 21:00:00,9161.78125509588,37819.00000000005,242.25339789777274
2023-02-28 22:00:00,8486.326536254557,34706.000000000044,244.52044419565917
2023-02-28 23:00:00,7335.081383838034,31771.000000000055,230.87348159762115
2023-03-01 00:00:00,7109.958647986823,31156.500000000036,228.20145549040535
2023-03-01 01:00:00,6873.202077757861,30766.500000000033,223.39889417898863
2023-03-01 02:00:00,6445.817290005642,30148.500000000033,213.80225517042754
2023-03-01 03:00:00,6363.662590639274,29597.500000000025,215.00676038987308
2023-03-01 04:00:00,6256.391112981591,29825.499999999916,209.76651231267232
2023-03-01 05:00:00,6487.019682324202,30931.50000000003,209.7221176575399
2023-03-01 06:00:00,7832.293403419105,35052.50000000002,223.44464455942088
2023-03-01 07:00:00,8994.333462149236,38370.00000000006,234.41056716573422
2023-03-01 08:00:00,9585.136095449934,40176.00000000003,238.57865629853464
2023-03-01 09:00:00,9890.127955740289,41312.5,239.39795354288142
2023-03-01 10:00:00,8986.469978031142,41690.49999999991,215.5519837380497
2023-03-01 11:00:00,8787.87648848619,41852.49999999999,209.97255811447803
2023-03-01 12:00:00,8940.073845251245,41715.00000000002,214.3131690099782
2023-03-01 13:00:00,9141.559153409447,41202.000000000044,221.87173325104212
2023-03-01 14:00:00,8695.554652390972,40439.500000000065,215.02626522066194
2023-03-01 15:00:00,8703.78349493281,39996.50000000003,217.6136285658196
2023-03-01 16:00:00,9591.455952901022,40724.00000000005,235.5234248330471
2023-03-01 17:00:00,10533.351148890024,42008.0000000001,250.74631377094835
2023-03-01 18:00:00,10944.648433425706,42968.500000000204,254.71330005528824
2023-03-01 19:00:00,10214.97849722986,41319.00000000003,247.22230686197278
2023-03-01 20:00:00,9358.630199478128,39107.50000000003,239.30525345466015
2023-03-01 21:00:00,8721.80522673697,36639.00000000005,238.04703258104635
2023-03-01 22:00:00,8151.33074585038,35130.5,232.03002365040007
2023-03-01 23:00:00,7199.206301226636,32022.500000000025,224.81712237416286
2023-03-02 00:00:00,7120.14579448296,31237.500000000025,227.93583975935826
2023-03-02 01:00:00,7389.453251133355,30890.000000000033,239.21829883889112
2023-03-02 02:00:00,7081.794021057202,29749.000000000025,238.05149823715743
2023-03-02 03:00:00,6946.494336470677,29208.000000000033,237.82848317141432
2023-03-02 04:00:00,7323.318709294855,30036.00000000004,243.8180419927702
2023-03-02 05:00:00,7739.17926739164,31459.50000000003,246.00452223943907
2023-03-02 06:00:00,8976.15584961684,34953.49999999993,256.80277653502105
2023-03-02 07:00:00,10233.92905093739,38193.50000000005,267.94949535751834
2023-03-02 08:00:00,10791.702822826475,40060.50000000006,269.3851255682395
2023-03-02 09:00:00,10859.61002035709,41735.50000000002,260.20078878549634
2023-03-02 10:00:00,10589.736305349023,41933.50000000002,252.5364280431878
2023-03-02 11:00:00,10559.721301211966,41985.500000000044,251.50876615050328
2023-03-02 12:00:00,10582.54353194319,41949.50000000004,252.2686452029984
2023-03-02 13:00:00,10461.57172687033,41385.50000000003,252.78350453347963
2023-03-02 14:00:00,10242.199865889517,40339.500000000044,253.90002022557312
2023-03-02 15:00:00,10231.72453331963,40135.50000000006,254.92953951787356
2023-03-02 16:00:00,10429.849224245825,40073.000000000204,260.2712356011722
2023-03-02 17:00:00,11001.911554683515,41335.99999999983,266.1581080579533
2023-03-02 18:00:00,11825.747149120481,42493.99999999947,278.29216240223633
2023-03-02 19:00:00,10946.792098241789,41203.000000000495,265.6794917419037
2023-03-02 20:00:00,10478.721749671042,38905.00000000004,269.34126075494237
2023-03-02 21:00:00,9885.60353384676,36770.50000000002,268.8460459837846
2023-03-02 22:00:00,9050.065607732153,33766.00000000003,268.0230293115011
2023-03-02 23:00:00,8117.579542481242,31212.50000000002,260.0746349213052
2023-03-03 00:00:00,7859.0381135912,30433.00000000002,258.24066354257536
2023-03-03 01:00:00,7806.2913703789445,30133.000000000033,259.06120765867774
2023-03-03 02:00:00,7620.0994652419595,30009.000000000022,253.92713736685508
2023-03-03 03:00:00,7694.315538801464,29892.500000000025,257.39953295313063
2023-03-03 04:00:00,7748.168204633243,30103.500000000004,257.3842976608448
2023-03-03 05:00:00,8285.140962074865,31525.00000000004,262.8117672347297
2023-03-03 06:00:00,8891.351174521125,33321.500000000044,266.8352617535559
2023-03-03 07:00:00,9494.522784560879,35335.49999999999,268.6964323289859
2023-03-03 08:00:00,10088.97516065774,38422.00000000004,262.5832897990143
2023-03-03 09:00:00,10032.52433881279,40194.9999999998,249.59632637922223
2023-03-03 10:00:00,9979.251219644675,40850.500000000044,244.28712548548157
2023-03-03 11:00:00,10008.551444778785,40835.00000000005,245.0973783464864
2023-03-03 12:00:00,10254.901260305054,40825.00000000006,251.19170264066233
2023-03-03 13:00:00,10083.622917786672,40041.00000000003,251.8324446888605
2023-03-03 14:00:00,10026.105257887213,39760.000000000015,252.16562519837044
2023-03-03 15:00:00,10147.534881737922,38988.50000000005,260.2699483626687
2023-03-03 16:00:00,10425.961892398887,39421.50000000003,264.474002572172
2023-03-03 17:00:00,10631.757417877325,40622.500000000015,261.7209038802959
2023-03-03 18:00:00,10662.462816725749,41212.00000000004,258.7222851772721
2023-03-03 19:00:00,10031.014830603468,39555.500000000044,253.59342773074434
2023-03-03 20:00:00,9605.468638076167,37296.00000000005,257.5468854053023
2023-03-03 21:00:00,9236.314235882788,36374.000000000044,253.92627249911413
2023-03-03 22:00:00,8501.739839909966,34059.00000000003,249.61801109574438
2023-03-03 23:00:00,7281.861265894079,30952.99999999989,235.25542809724757
2023-03-04 00:00:00,7193.977802331379,30140.000000000004,238.6853949015056
2023-03-04 01:00:00,7068.212489832192,29621.00000000002,238.621670093251
2023-03-04 02:00:00,6975.891233668507,29306.00000000004,238.03628040907998
2023-03-04 03:00:00,6494.083840759385,28981.000000000033,224.08073706081146
2023-03-04 04:00:00,6458.564061826659,29242.499999999978,220.8622402950043
2023-03-04 05:00:00,6406.938007524563,29393.00000000001,217.974960280494
2023-03-04 06:00:00,6945.941278371324,30556.499999999996,227.3146884745087
2023-03-04 07:00:00,6854.039738610815,30832.500000000007,222.2991887978858
2023-03-04 08:00:00,7254.233717161509,31983.000000000033,226.81529928904422
2023-03-04 09:00:00,7608.246739317233,34433.0,220.95799783106997
2023-03-04 10:00:00,7434.291653272449,35982.00000000003,206.61140718338177
2023-03-04 11:00:00,6938.341612894569,35833.5,193.627237442465
2023-03-04 12:00:00,7292.601413495588,36227.00000000002,201.30293464806866
2023-03-04 13:00:00,7513.2899113184785,35943.00000000003,209.03346719301317
2023-03-04 14:00:00,7565.665612358318,35354.000000000015,213.99744335459394
2023-03-04 15:00:00,7913.904561439352,34757.500000000015,227.68911922432133
2023-03-04 16:00:00,8575.672781319918,35458.0,241.85438494331092
2023-03-04 17:00:00,10017.68490831787,37177.000000000015,269.45920618441147
2023-03-04 18:00:00,10661.315038296107,37797.49999999999,282.0640264116968
2023-03-04 19:00:00,10215.537237771598,36641.5,278.79691709595943
2023-03-04 20:00:00,9351.128050918205,34305.50000000003,272.58393117483195
2023-03-04 21:00:00,9059.2768044552,32868.50000000004,275.6218508436707
2023-03-04 22:00:00,8765.10570696052,30949.000000000025,283.21127361014936
2023-03-04 23:00:00,7085.834946171149,27394.500000000025,258.65903543306655
2023-03-05 00:00:00,6341.457829070228,27002.500000000004,234.84706338562086
2023-03-05 01:00:00,6119.124012515267,26472.499999999996,231.15021295741874
2023-03-05 02:00:00,5698.179022839828,25981.00000000004,219.3210046895739
2023-03-05 03:00:00,5319.830280975145,25471.000000000004,208.85832048114105
2023-03-05 04:00:00,5336.309204291266,24916.00000000003,214.17198604476079
2023-03-05 05:00:00,5469.125276448686,25095.500000000015,217.93250887404847
2023-03-05 06:00:00,5793.185542212991,25492.00000000003,227.25504245304347
2023-03-05 07:00:00,6357.148723610811,26429.50000000004,240.53231137973862
2023-03-05 08:00:00,7275.835424673417,29693.500000000015,245.03125009424332
2023-03-05 09:00:00,8049.405644326465,33010.00000000002,243.84748998262526
2023-03-05 10:00:00,8324.41214180612,34992.500000000015,237.8913236209507
2023-03-05 11:00:00,8507.206159641355,36090.99999999987,235.71544594611916
2023-03-05 12:00:00,8546.67152282748,36467.99999999987,234.36085123471292
2023-03-05 13:00:00,8680.997110757224,36299.500000000015,239.14921998256781
2023-03-05 14:00:00,8767.778238801302,36246.500000000015,241.89309971449103
2023-03-05 15:00:00,9103.619094861857,36157.00000000003,251.78026647293328
2023-03-05 16:00:00,9737.913155552873,36824.50000000009,264.44115074346837
2023-03-05 17:00:00,10644.979953952932,38194.50000000004,278.7045243150957
2023-03-05 18:00:00,11348.09697903019,38377.000000000044,295.70047109024097
2023-03-05 19:00:00,10977.839276510545,36899.50000000003,297.5064506703488
2023-03-05 20:00:00,10184.46514537442,35241.4999999999,288.99068272844374
2023-03-05 21:00:00,9498.913820526403,32550.500000000004,291.8208267315833
2023-03-05 22:00:00,8844.85295424821,30423.500000000047,290.7243727463374
2023-03-05 23:00:00,8064.417362025383,28946.000000000033,278.60213369810594
2023-03-06 00:00:00,7998.799252200386,28712.500000000004,278.58247286723156
2023-03-06 01:00:00,7616.822362950263,28693.000000000025,265.4592535792791
2023-03-06 02:00:00,6940.012328906366,27991.000000000022,247.93727730007362
2023-03-06 03:00:00,6633.235858527752,27900.500000000033,237.74612851123615
2023-03-06 04:00:00,6768.673374427133,28485.50000000001,237.61820485605415
2023-03-06 05:00:00,7459.769622576796,31047.000000000007,240.2734442160851
2023-03-06 06:00:00,8687.158503809691,35144.00000000006,247.18752856276112
2023-03-06 07:00:00,9203.965327974554,38898.50000000004,236.61491646142
2023-03-06 08:00:00,8801.20247667504,40472.00000000004,217.4639868717887
2023-03-06 09:00:00,8771.841467634904,43044.50000000005,203.7854189881377
2023-03-06 10:00:00,8651.210323486413,43912.50000000006,197.01019808679538
2023-03-06 11:00:00,8155.808000874135,43741.49999999999,186.4546940748291
2023-03-06 12:00:00,8157.740781343114,44010.0,185.36107205960266
2023-03-06 13:00:00,7789.193415746828,43255.0000000001,180.07613953870788
2023-03-06 14:00:00,7429.769421239022,42807.50000000003,173.5623295272795
2023-03-06 15:00:00,7448.009255958026,41858.49999999999,177.93301852570033
2023-03-06 16:00:00,7984.635994423658,42950.4999999998,185.90321403531263
2023-03-06 17:00:00,8664.382763723464,44178.49999999991,196.122158147594
2023-03-06 18:00:00,9324.530693646064,45115.99999999994,206.6790206056848
2023-03-06 19:00:00,9094.302602365506,43660.50000000005,208.29588764135764
2023-03-06 20:00:00,8658.706959850711,41259.50000000005,209.85971618295667
2023-03-06 21:00:00,7809.530793218733,38601.000000000044,202.31420930076226
2023-03-06 22:00:00,7479.814303512097,35391.50000000003,211.3449360301793
2023-03-06 23:00:00,6380.499020777227,32763.500000000022,194.74412137827835
2023-03-07 00:00:00,6006.711351708393,31727.500000000033,189.32192425209635
2023-03-07 01:00:00,6114.699534801709,31002.500000000044,197.23246624632532
2023-03-07 02:00:00,6302.194376463527,30893.00000000001,204.00072432148139
2023-03-07 03:00:00,6018.13947266245,30076.00000000002,200.097734827186
2023-03-07 04:00:00,6168.619005358991,29880.499999999785,206.44296465450827
2023-03-07 05:00:00,6673.187470424658,30888.000000000033,216.04466039965848
2023-03-07 06:00:00,8668.830955858937,35532.500000000044,243.969069326924
2023-03-07 07:00:00,10381.68554863123,39630.000000000065,261.96531790641467
2023-03-07 08:00:00,10711.453469356915,40765.00000000005,262.7610319969803
2023-03-07 09:00:00,10973.432933558883,42136.49999999993,260.42582876031236
2023-03-07 10:00:00,10889.072836422221,42351.50000000015,257.11185758289986
2023-03-07 11:00:00,10740.541298977481,42920.00000000006,250.24560342445167
2023-03-07 12:00:00,10481.881276551581,42580.999999999956,246.16334225479892
2023-03-07 13:00:00,10078.861681010547,42083.50000000012,239.49675480914178
2023-03-07 14:00:00,9846.045096266258,41783.50000000006,235.64433559338602
2023-03-07 15:00:00,9772.22199702776,40948.00000000005,238.6495554612618
2023-03-07 16:00:00,10284.98846577896,40731.500000000175,252.50699006368333
2023-03-07 17:00:00,10952.286943765375,40746.999999999956,268.787565802768
2023-03-07 18:00:00,12589.267621261928,42752.50000000006,294.468571925897
2023-03-07 19:00:00,11984.903140245144,41705.50000000006,287.3698466687877
2023-03-07 20:00:00,11208.232525290614,38730.500000000044,289.390339016811
2023-03-07 21:00:00,10354.222857438035,35591.999999999985,290.9143306765015
2023-03-07 22:00:00,9608.597719441415,32079.000000000044,299.52921598059174
2023-03-07 23:00:00,7823.908521551858,28634.00000000004,273.2384061448574
2023-03-08 00:00:00,7686.137801968628,28653.50000000004,268.24429134202165
2023-03-08 01:00:00,7611.307157502987,28761.999999999814,264.6306639838341
2023-03-08 02:00:00,7325.803158687449,28689.999999999858,255.34343529757703
2023-03-08 03:00:00,6841.074131326712,28218.00000000002,242.43653452855295
2023-03-08 04:00:00,6671.973976226788,27461.000000000022,242.9617995057275
2023-03-08 05:00:00,6874.562415335518,28012.000000000044,245.4149084440778
2023-03-08 06:00:00,8416.42575936296,32249.000000000055,260.98253463248307
2023-03-08 07:00:00,9781.121730479645,37505.49999999979,260.7916633688312
2023-03-08 08:00:00,10321.173692822129,40281.50000000009,256.2261507844074
2023-03-08 09:00:00,10627.079889130187,42087.000000000015,252.50267040012793
2023-03-08 10:00:00,10718.231196322618,43142.49999999988,248.43787903627853
2023-03-08 11:00:00,10177.796474876448,43568.500000000044,233.6044728387812
2023-03-08 12:00:00,10123.578470863113,43946.0,230.36404839719458
2023-03-08 13:00:00,9949.659874353885,43224.00000000009,230.18831839611943
2023-03-08 14:00:00,9910.169913524978,42557.500000000044,232.86541534453312
2023-03-08 15:00:00,9857.886602458482,42099.50000000003,234.15685702819454
2023-03-08 16:00:00,10152.372990355872,43228.500000000095,234.8536958339024
2023-03-08 17:00:00,10455.953561590173,44424.50000000035,235.36457498880327
2023-03-08 18:00:00,10562.024137888739,45099.00000000002,234.19641539477
2023-03-08 19:00:00,8928.16351136798,43082.000000000044,207.23651435327915
2023-03-08 20:00:00,8283.491262975882,40347.000000000015,205.30624985688848
2023-03-08 21:00:00,7169.327430356122,36839.50000000003,194.60979194495357
2023-03-08 22:00:00,6617.95189313649,32676.000000000044,202.53249764770723
2023-03-08 23:00:00,5065.569442628622,29518.50000000003,171.6066006954492
2023-03-09 00:00:00,5220.641081898307,29350.000000000025,177.8753349880171
2023-03-09 01:00:00,5414.7065154340835,29126.500000000044,185.9030956494627
2023-03-09 02:00:00,5251.9414037676215,28485.500000000033,184.37244927305525
2023-03-09 03:00:00,5159.4462084076995,27977.50000000003,184.4141259371886
2023-03-09 04:00:00,4769.609066080799,27593.500000000036,172.85263073117915
2023-03-09 05:00:00,5366.121765105529,27739.50000000003,193.44695344564695
2023-03-09 06:00:00,7874.251063525017,32541.000000000135,241.97938181140668
2023-03-09 07:00:00,9198.349713973072,37598.00000000002,244.64997377448444
2023-03-09 08:00:00,9442.414933532491,40282.50000000002,234.40488881108388
2023-03-09 09:00:00,9515.238894449958,42240.00000000005,225.2660723117885
2023-03-09 10:00:00,9679.095492485194,43018.00000000007,225.0010575220879
2023-03-09 11:00:00,8737.395446219545,43452.50000000009,201.07923470961458
2023-03-09 12:00:00,8356.130101910441,44207.00000000009,189.0227815031652
2023-03-09 13:00:00,7965.906425764704,43593.00000000006,182.73361378580722
2023-03-09 14:00:00,7596.044667775126,41356.500000000065,183.67232884250637
2023-03-09 15:00:00,6987.224468817985,41850.500000000044,166.95677396489833
2023-03-09 16:00:00,7837.755038778023,43117.00000000009,181.7787656557276
2023-03-09 17:00:00,8581.962687312945,45127.500000000095,190.17146279569945
2023-03-09 18:00:00,8069.701484421279,44554.50000000016,181.11978553055806
2023-03-09 19:00:00,7029.908622378555,42663.50000000002,164.7757127844305
2023-03-09 20:00:00,4706.254808687931,39383.50000000008,119.49813522637452
2023-03-09 21:00:00,2891.5055742080044,35658.500000000015,81.08881680968082
2023-03-09 22:00:00,1901.723999999997,32887.21639119502,57.82562979423064
2023-03-09 23:00:00,1667.241999999998,32305.71461507951,51.608268687601495
2023-03-10 00:00:00,1769.0706321344342,33332.17099543633,53.07396966062145
2023-03-10 01:00:00,1789.679999999997,33183.86269470255,53.9322385843195
2023-03-10 02:00:00,1800.0799999999967,32888.78949241941,54.73232757365241
2023-03-10 03:00:00,1862.5439999999967,31640.55629796505,58.86571596466481
2023-03-10 04:00:00,1693.361999999997,30216.241361861477,56.04145067947912
2023-03-10 05:00:00,1825.0379999999968,30058.404204543658,60.71639690453435
2023-03-10 06:00:00,2090.0919999999915,31847.50000000003,65.62813407645778
2023-03-10 07:00:00,3652.3653726221237,37104.00000000003,98.43589296631417
2023-03-10 08:00:00,4349.431887240893,40381.50000000008,107.70852710376991
2023-03-10 09:00:00,5632.151783523246,42552.50000000012,132.35771772570897
2023-03-10 10:00:00,5739.017951970182,43083.50000000001,133.2068646226556
2023-03-10 11:00:00,5907.467585096383,43556.000000000044,135.62924935936212
2023-03-10 12:00:00,6729.839642849704,43802.000000000044,153.64229128463762
2023-03-10 13:00:00,6687.494732610952,42282.499999999985,158.16223573844866
2023-03-10 14:00:00,6625.110514201348,40722.00000000007,162.69118693093012
2023-03-10 15:00:00,6366.447544858702,39942.0,159.39230746729513
2023-03-10 16:00:00,7196.601966542729,39911.50000000001,180.31399387501668
2023-03-10 17:00:00,7738.597941014626,40870.00000000006,189.34665869866933
2023-03-10 18:00:00,9162.352647570146,41906.499999999985,218.63798330975263
2023-03-10 19:00:00,9166.082247795988,40450.500000000065,226.59997398786106
2023-03-10 20:00:00,8918.213244439872,38183.500000000015,233.5619637916867
2023-03-10 21:00:00,8379.204981489645,35770.000000000044,234.2523058845299
2023-03-10 22:00:00,7584.8600574428365,32473.999999999956,233.56716319033217
2023-03-10 23:00:00,6263.531413353364,29146.50000000004,214.8982352376222
2023-03-11 00:00:00,5929.615876440888,28802.50000000001,205.87156935824618
2023-03-11 01:00:00,6054.362953768178,28478.500000000025,212.59416590649693
2023-03-11 02:00:00,6035.419986289416,28464.000000000047,212.03695848402916
2023-03-11 03:00:00,6040.427476621431,27807.000000000033,217.2268664948187
2023-03-11 04:00:00,5531.171041804396,26829.500000000055,206.16004926682885
2023-03-11 05:00:00,5906.189721899015,26711.50000000002,221.1103727570152
2023-03-11 06:00:00,6211.005919567005,27789.000000000062,223.5059167140592
2023-03-11 07:00:00,7031.1624335272945,30629.500000000062,229.55524685441424
2023-03-11 08:00:00,8255.729623947123,34003.00000000003,242.79415416131272
2023-03-11 09:00:00,8783.75363053133,36306.000000000015,241.9366945003946
2023-03-11 10:00:00,8792.459022004476,37248.50000000006,236.04867369167783
2023-03-11 11:00:00,8716.225956848979,37610.500000000015,231.7498027638286
2023-03-11 12:00:00,8326.493852511816,37113.99999999946,224.34913651215004
2023-03-11 13:00:00,7818.434671289994,35782.00000000005,218.50189121038463
2023-03-11 14:00:00,7766.243731128695,35215.49999999965,220.53481367945284
2023-03-11 15:00:00,7522.140055380068,35233.500000000044,213.49397747541568
2023-03-11 16:00:00,7804.720037829106,36076.000000000015,216.3410588155312
2023-03-11 17:00:00,8202.214956614098,37537.500000000044,218.50722495142426
2023-03-11 18:00:00,8045.717761917074,38463.5,209.1779937321636
2023-03-11 19:00:00,7148.774595581312,37766.000000000015,189.29128304774954
2023-03-11 20:00:00,5656.762002646601,35787.50000000005,158.0653022045852
2023-03-11 21:00:00,3469.6509314657446,33468.50000000003,103.6691495425771
2023-03-11 22:00:00,3659.3628695282323,30835.00000000004,118.67562411312558
2023-03-11 23:00:00,1493.747223630008,28606.50000000002,52.21705639033111
2023-03-12 00:00:00,1129.430328696138,28586.50000000001,39.509220390608775
2023-03-12 01:00:00,447.2200756439902,28444.49999999997,15.722550076253428
2023-03-12 02:00:00,355.378,27555.57128063877,12.896774898283361
2023-03-12 03:00:00,430.91599999999994,26335.289935948735,16.362682964495566
2023-03-12 04:00:00,399.656,26597.426426075937,15.026115444319078
2023-03-12 05:00:00,239.426,27092.742032333874,8.837274562842575
2023-03-12 06:00:00,182.552,26831.89694106015,6.803544318949937
2023-03-12 07:00:00,451.90919630441897,27522.999999999985,16.419329153959207
2023-03-12 08:00:00,1134.4560000000006,30374.0,37.34957529465992
2023-03-12 09:00:00,1491.9700000000007,33242.99999999997,44.880726769545525
2023-03-12 10:00:00,1500.9000000000008,34333.999999999956,43.7146851517447
2023-03-12 11:00:00,1344.453448252099,34968.50000000005,38.447558466965894
2023-03-12 12:00:00,1260.1002263322846,36033.50000000003,34.97024231152354
2023-03-12 13:00:00,1649.7872386144736,36715.57189004608,44.93426504577328
2023-03-12 14:00:00,1596.3020000000004,35933.529676806924,44.42374613230171
2023-03-12 15:00:00,1620.3480000000006,35285.80197682201,45.92067940143035
2023-03-12 16:00:00,1560.081999999998,36124.000000000015,43.18685638356764
2023-03-12 17:00:00,1839.421999999998,37200.00000000006,49.44682795698912
2023-03-12 18:00:00,1822.8699999999978,37334.500000000044,48.82534920783714
2023-03-12 19:00:00,1758.069999999998,35388.000000000015,49.679834972306914
2023-03-12 20:00:00,1732.53760566497,33291.999999999985,52.04065858659651
2023-03-12 21:00:00,1034.594143603228,30611.999999999993,33.79701240047133
2023-03-12 22:00:00,908.5160805056358,28413.26294544302,31.97507031311747
2023-03-12 23:00:00,1215.9960000000008,28875.951860984103,42.111027399342646
2023-03-13 00:00:00,1199.6600000000008,28138.699597467246,42.63381098492489
2023-03-13 01:00:00,1378.9840000000006,28818.17087463179,47.85119798196144
2023-03-13 02:00:00,1190.5300000000007,27959.157019245282,42.58104059362435
2023-03-13 03:00:00,1127.7140000000006,28288.272286754334,39.86507159463535
2023-03-13 04:00:00,846.3400000000006,29293.150562528688,28.892078310027347
2023-03-13 05:00:00,748.0800000000006,30130.828218684954,24.827727753467318
2023-03-13 06:00:00,849.2120000000007,31353.0,27.085510158517547
2023-03-13 07:00:00,1161.9520000000005,34726.26726792234,33.460319562573005
2023-03-13 08:00:00,1398.4800000000007,37327.128264861065,37.4655127519279
2023-03-13 09:00:00,1742.7600000000004,39816.54115061481,43.76974869332894
2023-03-13 10:00:00,1745.4100000000005,39945.17729576766,43.69513713949476
2023-03-13 11:00:00,1745.5160000000005,41453.764985322734,42.10753837722639
2023-03-13 12:00:00,1745.5160000000005,41399.861684014395,42.16236308523686
2023-03-13 13:00:00,1745.5160000000005,40615.41569770575,42.97668680758079
2023-03-13 14:00:00,1745.4100000000005,40110.20632719377,43.51535830461819
2023-03-13 15:00:00,1745.5160000000005,39564.71802748311,44.117994188344795
2023-03-13 16:00:00,1751.5160000000005,38466.04225344849,45.53408402297943
2023-03-13 17:00:00,1833.069999999998,39371.00000000004,46.558888522008495
2023-03-13 18:00:00,1822.509999999998,40278.500000000015,45.24771279963249
2023-03-13 19:00:00,1841.469999999998,39116.50000000002,47.07655337261762
2023-03-13 20:00:00,1833.7758696525952,36286.500000000015,50.536035981772685
2023-03-13 21:00:00,1496.0620000000006,33645.2243362624,44.465805460169385
2023-03-13 22:00:00,1166.0060000000008,30625.08258672368,38.07356263279034
2023-03-13 23:00:00,952.0240000000006,30389.501180450992,31.327398049311192
2023-03-14 00:00:00,970.2920000000006,30473.381075264853,31.840641430746373
2023-03-14 01:00:00,971.6220000000006,30425.311877113196,31.934660322443005
2023-03-14 02:00:00,959.7920000000006,29685.40537864553,32.332117003543964
2023-03-14 03:00:00,951.2520000000006,29409.364202423814,32.34520792263853
2023-03-14 04:00:00,941.1020000000007,28295.175067652683,33.2601582336869
2023-03-14 05:00:00,1078.2220908583747,28443.03261875379,37.908126932549855
2023-03-14 06:00:00,1618.3359999999914,31578.000000000036,51.248844131990296
2023-03-14 07:00:00,2303.693999999992,35773.00000000004,64.39756240740194
2023-03-14 08:00:00,2639.7971704745723,38041.999999999985,69.39165055661041
2023-03-14 09:00:00,4071.1307394618298,39773.00000000004,102.35915670082282
2023-03-14 10:00:00,3054.843384343226,39530.00000000004,77.27911420043569
2023-03-14 11:00:00,2883.950817128223,39637.50000000006,72.75814108175892
2023-03-14 12:00:00,2944.1485470585576,40021.00000000004,73.56509200316222
2023-03-14 13:00:00,2905.589483531268,39234.00000000005,74.05794676890616
2023-03-14 14:00:00,3078.4298535699195,38079.00000000003,80.84324308857684
2023-03-14 15:00:00,3539.199752912589,37924.50000000003,93.32225218295788
2023-03-14 16:00:00,4959.571801490663,39161.50000000003,126.64407138364616
2023-03-14 17:00:00,6444.02557336824,40339.50000000004,159.74480529922863
2023-03-14 18:00:00,8060.458973899644,41697.50000000006,193.3079674776577
2023-03-14 19:00:00,8189.938911042385,41243.50000000002,198.5752642487272
2023-03-14 20:00:00,7795.2678810251955,38871.00000000002,200.541994829698
2023-03-14 21:00:00,6994.234234509119,35344.00000000007,197.89028504156587
2023-03-14 22:00:00,6788.970195259118,31829.500000000007,213.29176378074163
2023-03-14 23:00:00,5689.103387421993,29559.000000000033,192.466030225041
2023-03-15 00:00:00,5773.673477372269,29782.000000000044,193.86453150803374
2023-03-15 01:00:00,5173.285974885962,29426.50000000002,175.80364551971724
2023-03-15 02:00:00,5275.2744273273365,28943.500000000033,182.2611096559618
2023-03-15 03:00:00,5164.887911820635,28155.00000000004,183.44478464999565
2023-03-15 04:00:00,5355.398377145248,27777.50000000004,192.79626953992405
2023-03-15 05:00:00,6486.832488136759,27312.000000000004,237.50851230729197
2023-03-15 06:00:00,8059.238730091558,31475.500000000015,256.04799701645896
2023-03-15 07:00:00,9616.05300734243,36215.00000000004,265.5267984907475
2023-03-15 08:00:00,10608.256193748588,39034.000000000015,271.76964169054116
2023-03-15 09:00:00,10689.822189204679,40388.00000000005,264.67817641885375
2023-03-15 10:00:00,9770.394326611537,40804.00000000001,239.44697398812704
2023-03-15 11:00:00,8793.365816074624,41037.00000000006,214.2789632788608
2023-03-15 12:00:00,8192.534104276892,40896.50000000004,200.32359992363368
2023-03-15 13:00:00,7725.632234653403,40147.000000000284,192.4336123409806
2023-03-15 14:00:00,7491.043838575284,39695.500000000065,188.71267117369152
2023-03-15 15:00:00,8038.026601782332,39739.999999999985,202.2653900800789
2023-03-15 16:00:00,8647.37626074327,40521.0000000001,213.4048088828817
2023-03-15 17:00:00,9094.025772445779,41307.50000000005,220.15434902731388
2023-03-15 18:00:00,9192.239924273745,41981.49999999997,218.95930169893288
2023-03-15 19:00:00,7899.94316749086,41054.00000000014,192.4280987843044
2023-03-15 20:00:00,6155.521028726109,38206.00000000007,161.11398808370666
2023-03-15 21:00:00,3378.9847555659317,34644.50000000004,97.53307900434206
2023-03-15 22:00:00,2248.332962133049,31350.000000000015,71.71715987665225
2023-03-15 23:00:00,1490.8539999999966,32125.68135021281,46.40692235435252
2023-03-16 00:00:00,1424.1999999999966,32814.84828875803,43.40108439531961
2023-03-16 01:00:00,1436.6279999999967,32809.88845550445,43.78643353049792
2023-03-16 02:00:00,1358.6599999999967,31717.12744170389,42.83679228193711
2023-03-16 03:00:00,1180.713999999997,30632.85910232951,38.54403521577287
2023-03-16 04:00:00,1310.069999999997,30302.599851336472,43.232924119618644
2023-03-16 05:00:00,1443.1399999999967,30597.35563471057,47.16551381854891
2023-03-16 06:00:00,1577.9119999999969,30440.510038472894,51.83592515387288
2023-03-16 07:00:00,1753.3939999999966,33951.00000000001,51.64484109451846
2023-03-16 08:00:00,1840.9739999999967,36960.49999999995,49.80922877125578
2023-03-16 09:00:00,1934.1779999999967,38175.50000000004,50.66542677895495
2023-03-16 10:00:00,2338.3599999999915,38633.000000000044,60.52752827893223
2023-03-16 11:00:00,2392.9599999999914,39008.00000000011,61.345365053322006
2023-03-16 12:00:00,2393.4539999999915,38829.99999999999,61.6392995106874
2023-03-16 13:00:00,2190.731690653241,38634.5,56.70402595227687
2023-03-16 14:00:00,1925.0599999999968,37655.066934865434,51.12353148461814
2023-03-16 15:00:00,1920.0479999999968,36886.39924274976,52.05300705455531
2023-03-16 16:00:00,2348.909999999991,37653.00000000002,62.383077045653465
2023-03-16 17:00:00,2395.1479999999915,38604.000000000044,62.0440368873689
2023-03-16 18:00:00,2698.466116183261,39430.5000000001,68.43601060557828
2023-03-16 19:00:00,4230.437588385186,38810.000000000015,109.00380284424594
2023-03-16 20:00:00,3577.54139085257,36506.000000000015,97.9987232469339
2023-03-16 21:00:00,1970.8082770903254,32794.00000000003,60.09661148656228
2023-03-16 22:00:00,1833.023999999997,30917.89548423611,59.28682956233512
2023-03-16 23:00:00,1669.1404813322401,29797.74414084738,56.015665932379996
2023-03-17 00:00:00,1735.515999999998,30178.20497869418,57.50892079980479
2023-03-17 01:00:00,1729.3859999999981,30268.794922612855,57.13428646305403
2023-03-17 02:00:00,1758.051999999998,29890.84706753439,58.81573031463155
2023-03-17 03:00:00,1853.3919999999969,28724.90120201184,64.5221366286262
2023-03-17 04:00:00,1911.685999999997,27090.590587208528,70.56642024270394
2023-03-17 05:00:00,1863.7859999999969,24837.18898608508,75.04013441473488
2023-03-17 06:00:00,2329.371999999991,27753.50000000004,83.93074747329122
2023-03-17 07:00:00,4051.4533878544485,32656.500000000025,124.062694650512
2023-03-17 08:00:00,5856.297342014361,35834.00000000003,163.42851320015507
2023-03-17 09:00:00,5953.695340754222,37219.500000000044,159.96172277312203
2023-03-17 10:00:00,6265.360078425814,37156.50000000001,168.6208356122297
2023-03-17 11:00:00,6924.355847246482,37366.49999999978,185.30918997622263
2023-03-17 12:00:00,7258.498224299501,37577.0,193.1633239561301
2023-03-17 13:00:00,7056.808184120265,36840.500000000044,191.55028254557502
2023-03-17 14:00:00,6307.853732523555,35358.00000000006,178.39961911090967
2023-03-17 15:00:00,6117.884627938011,34459.49999999999,177.53840386360835
2023-03-17 16:00:00,6407.690703314773,34612.000000000015,185.12916628090747
2023-03-17 17:00:00,7240.113369178101,35967.000000000044,201.29878414040903
2023-03-17 18:00:00,8036.073534548907,36746.99999999991,218.68651956755454
2023-03-17 19:00:00,7887.780335819529,36230.500000000065,217.71105383087493
2023-03-17 20:00:00,6953.5606748663395,34223.50000000003,203.18087497965823
2023-03-17 21:00:00,5667.49414304771,31655.500000000047,179.03663322480142
2023-03-17 22:00:00,4847.739613693134,29116.500000000033,166.4945860145666
2023-03-17 23:00:00,3652.503885067033,26641.000000000033,137.1008552632044
2023-03-18 00:00:00,3365.034295610246,26172.000000000025,128.5738306438271
2023-03-18 01:00:00,3362.9867044937882,25851.00000000003,130.09116492568117
2023-03-18 02:00:00,3172.1147969062245,24914.50000000003,127.32002636642201
2023-03-18 03:00:00,3482.736379388348,24829.500000000022,140.26606977137456
2023-03-18 04:00:00,3604.197881727122,24416.000000000025,147.6162304114973
2023-03-18 05:00:00,3542.48128509259,24286.500000000007,145.86215737519154
2023-03-18 06:00:00,3888.8966062466866,24780.000000000022,156.93690904950293
2023-03-18 07:00:00,4673.195663131189,26822.50000000002,174.22670008877566
2023-03-18 08:00:00,5642.784231422681,29922.500000000073,188.57997264341776
2023-03-18 09:00:00,6128.35287043565,32308.500000000007,189.6823705970766
2023-03-18 10:00:00,6353.935732844557,32918.999999999985,193.01727673515475
2023-03-18 11:00:00,5800.592647156315,32744.500000000015,177.1470826293366
2023-03-18 12:00:00,5978.262772380906,33043.00000000007,180.92372884970774
2023-03-18 13:00:00,5330.317665331841,32476.49999999999,164.1284518138298
2023-03-18 14:00:00,4934.743105405148,31760.00000000002,155.37604236162295
2023-03-18 15:00:00,4710.54235167331,31081.500000000036,151.55453731876852
2023-03-18 16:00:00,5279.809178115116,31123.999999999985,169.63787360606344
2023-03-18 17:00:00,5958.171927247642,32721.50000000004,182.08737152171003
2023-03-18 18:00:00,6103.0608741622955,33558.50000000004,181.8633393674416
2023-03-18 19:00:00,6060.065959952477,33244.50000000001,182.28777572087037
2023-03-18 20:00:00,5492.981042469548,31462.00000000002,174.59096823054938
2023-03-18 21:00:00,4062.745663687211,29381.500000000036,138.27563819706978
2023-03-18 22:00:00,2845.9442302613515,26811.500000000036,106.1464009943997
2023-03-18 23:00:00,1832.4139999999968,26248.597580148136,69.80997725325543
2023-03-19 00:00:00,1717.5519999999967,26645.18803733644,64.46011931284873
2023-03-19 01:00:00,1632.2219999999966,27446.154698630457,59.46997012595878
2023-03-19 02:00:00,1728.0739999999967,27329.43307966245,63.231242117713926
2023-03-19 03:00:00,1673.2119999999966,25926.570123384376,64.53657356284275
2023-03-19 04:00:00,1579.7359999999967,24640.973911180776,64.11012834534091
2023-03-19 05:00:00,1613.4739999999965,25117.600732443207,64.23678826600461
2023-03-19 06:00:00,1760.0919999999967,26528.498862767305,66.34721433372478
2023-03-19 07:00:00,2311.7199999999916,25710.50000000004,89.91345948153432
2023-03-19 08:00:00,2391.7939999999917,27912.50000000003,85.68899238692305
2023-03-19 09:00:00,2891.2680425616004,30202.50000000002,95.72942778119688
2023-03-19 10:00:00,4532.436020299879,31149.500000000007,145.50589962278295
2023-03-19 11:00:00,6272.966156265095,31255.00000000003,200.70280455175458
2023-03-19 12:00:00,7173.520719456836,32498.500000000055,220.73390216338674
2023-03-19 13:00:00,7041.582462974853,31935.500000000025,220.49388495482606
2023-03-19 14:00:00,6943.683996211585,31301.50000000001,221.83230823479968
2023-03-19 15:00:00,7253.240891419367,31550.00000000003,229.89670020346625
2023-03-19 16:00:00,8182.0565723507025,32438.500000000044,252.23288907781466
2023-03-19 17:00:00,8744.63561768203,33625.50000000003,260.0596457355883
2023-03-19 18:00:00,9192.59787853067,34228.5,268.5656069804599
2023-03-19 19:00:00,8858.143969478331,34665.000000000015,255.53566910365865
2023-03-19 20:00:00,7860.407800059404,32657.50000000003,240.69226977139695
2023-03-19 21:00:00,6416.686262561159,29862.000000000025,214.8779807970382
2023-03-19 22:00:00,6003.232359661406,26848.50000000003,223.59656441370652
2023-03-19 23:00:00,3985.4522607854547,24530.00000000004,162.47257483837944
2023-03-20 00:00:00,3552.530956866647,24299.00000000003,146.20070607295128
2023-03-20 01:00:00,3300.9470121167847,24280.500000000025,135.9505369377394
2023-03-20 02:00:00,3061.2625882054126,24273.000000000025,126.11801541652903
2023-03-20 03:00:00,2952.421979595873,24036.000000000033,122.83333248443455
2023-03-20 04:00:00,2978.0181682185234,22958.50000000001,129.71309833911286
2023-03-20 05:00:00,3578.438324769545,24567.500000000015,145.65740611659888
2023-03-20 06:00:00,4646.774001335287,28061.500000000022,165.59250223029002
2023-03-20 07:00:00,6701.1484421200885,32520.00000000003,206.0623752189447
2023-03-20 08:00:00,7129.572409564957,35249.00000000003,202.26311128159523
2023-03-20 09:00:00,7442.451041313966,36874.000000000044,201.83465426354496
2023-03-20 10:00:00,7741.271543259955,37662.000000000146,205.5459493192057
2023-03-20 11:00:00,7653.4599819708055,37350.5,204.90917074659794
2023-03-20 12:00:00,7276.536234459599,37686.50000000001,193.08071151366133
2023-03-20 13:00:00,6337.1035484059785,34635.500000000015,182.96555696917832
2023-03-20 14:00:00,7221.289965697454,35521.00000000007,203.29635893407954
2023-03-20 15:00:00,7128.36944096751,36195.500000000044,196.94076448640027
2023-03-20 16:00:00,8024.486066626454,37800.000000000065,212.28799118059365
2023-03-20 17:00:00,8696.754093475532,37970.00000000011,229.04277307020035
2023-03-20 18:00:00,9111.929497079842,39270.50000000014,232.0298824074002
2023-03-20 19:00:00,7886.50983491494,38209.000000000044,206.40450770538175
2023-03-20 20:00:00,6554.455912655567,35648.50000000002,183.86344201454654
2023-03-20 21:00:00,4440.920104444016,31576.500000000047,140.64003624353583
2023-03-20 22:00:00,3149.2666243382646,28799.50000000001,109.35143402969716
2023-03-20 23:00:00,1269.6179999999968,27026.218036652568,46.97727215395654
2023-03-21 00:00:00,1452.4879999999966,28912.515530158456,50.23734439450334
2023-03-21 01:00:00,1413.669999999997,29008.304090196267,48.73328670316046
2023-03-21 02:00:00,1414.9599999999969,29490.162380978687,47.98074631534256
2023-03-21 03:00:00,1068.8179999999968,28410.81944367634,37.62010462665108
2023-03-21 04:00:00,1118.1039999999969,27770.5297008334,40.26224965980546
2023-03-21 05:00:00,1104.6339999999968,28452.6544384101,38.82358331069382
2023-03-21 06:00:00,1561.6319999999914,29810.999999999913,52.384421857703394
2023-03-21 07:00:00,1872.3839999999916,33300.50000000004,56.226903499947134
2023-03-21 08:00:00,1991.4259999999913,35465.5,56.151076398189545
2023-03-21 09:00:00,2227.8039999999914,37054.99999999999,60.12154904871116
2023-03-21 10:00:00,2206.2659999999914,36874.50000000008,59.8317536508966
2023-03-21 11:00:00,2082.5919999999915,36499.00000000007,57.05887832543322
2023-03-21 12:00:00,2674.91325025067,36783.0,72.72145421120273
2023-03-21 13:00:00,2575.2123162783796,36437.49999999998,70.67478054966398
2023-03-21 14:00:00,1901.2743909663952,35377.99999999994,53.74171493488604
2023-03-21 15:00:00,1888.6303510841526,35564.000000000015,53.105116159153965
2023-03-21 16:00:00,2911.7569565321687,35958.999999999985,80.97435847860535
2023-03-21 17:00:00,3863.0892957839837,37100.49999999994,104.1249928109861
2023-03-21 18:00:00,4391.14603680797,38076.99999999998,115.32279425395836
2023-03-21 19:00:00,3834.678272611085,37692.50000000001,101.73584327415492
2023-03-21 20:00:00,2742.6146715178375,35770.50000000002,76.67252824304485
2023-03-21 21:00:00,1370.4145671785207,33001.999999999985,41.52519747828984
2023-03-21 22:00:00,375.306,30328.000000000025,12.374901081508826
2023-03-21 23:00:00,389.102,29172.50000000002,13.337972405518888
2023-03-22 00:00:00,457.876,29410.999999999993,15.5681887729081
2023-03-22 01:00:00,456.024,29668.99999999998,15.370386598806844
2023-03-22 02:00:00,428.832,28917.000000000004,14.82975412387177
2023-03-22 03:00:00,140.148,28346.500000000015,4.944102446510149
2023-03-22 04:00:00,107.17200000000001,28982.500000000007,3.69781764858104
2023-03-22 05:00:00,154.572,28988.5,5.332183452058575
2023-03-22 06:00:00,190.04,30202.499999999993,6.292194354771958
2023-03-22 07:00:00,760.45,33174.5,22.922726793169456
2023-03-22 08:00:00,910.446,35935.49999999994,25.33555954418337
2023-03-22 09:00:00,945.458,36877.000000000044,25.638148439406645
2023-03-22 10:00:00,791.462,37120.721279705846,21.32129906734053
2023-03-22 11:00:00,708.838,38964.474731863345,18.191904417496097
2023-03-22 12:00:00,794.3199999999999,39175.77796556386,20.275793902503224
2023-03-22 13:00:00,879.9359999999999,39692.249708993695,22.168962617420473
2023-03-22 14:00:00,902.994,38983.025306994416,23.16377430660783
2023-03-22 15:00:00,929.362,39702.55982460634,23.408112829642082
2023-03-22 16:00:00,824.9639999999999,37793.97810496224,21.827921837412624
2023-03-22 17:00:00,810.4599999999999,36661.99999999997,22.10626807048171
2023-03-22 18:00:00,953.648,37655.00000000001,25.325932811047664
2023-03-22 19:00:00,1001.882,37248.50000000001,26.897244184329562
2023-03-22 20:00:00,986.634,34937.49999999999,28.239971377459756
2023-03-22 21:00:00,989.968,32846.584004590535,30.13914627657004
2023-03-22 22:00:00,807.768,30444.160435783673,26.53277306509527
2023-03-22 23:00:00,112.56,29275.03872728385,3.844913786402474
2023-03-23 00:00:00,109.74199999999999,29886.01116772559,3.6720189718229186
2023-03-23 01:00:00,103.774,29541.547103793015,3.5128153456348885
2023-03-23 02:00:00,105.152,29219.091216261295,3.5987430006543044
2023-03-23 03:00:00,50.879999999999995,28168.057890008462,1.806301314725987
2023-03-23 04:00:00,19.186,27534.631873090046,0.6967952245895369
2023-03-23 05:00:00,47.576,28165.35150869345,1.6891676280097305
2023-03-23 06:00:00,178.42399999999998,29648.28671840419,6.018020592375181
2023-03-23 07:00:00,892.1236961991971,32878.99999999994,27.133541050494195
2023-03-23 08:00:00,1239.4426965300281,34968.49999999993,35.44454856599599
2023-03-23 09:00:00,1108.305845923172,36418.568984122714,30.43243808965576
2023-03-23 10:00:00,1057.8480000000006,37089.49999999999,28.521495301904874
2023-03-23 11:00:00,1242.0020000000006,38300.5000000002,32.42782731295922
2023-03-23 12:00:00,1399.3000000000004,37184.99999999997,37.6307650934517
2023-03-23 13:00:00,1401.4200000000005,37616.806451124314,37.25515619782535
2023-03-23 14:00:00,1424.2100000000005,37649.40645673076,37.82821919481783
2023-03-23 15:00:00,1444.7740000000006,36124.669108837086,39.99411027536773
2023-03-23 16:00:00,1509.9260000000004,35786.500000000065,42.19261453341337
2023-03-23 17:00:00,1714.4938620960554,37381.499999999935,45.86476899257811
2023-03-23 18:00:00,1758.681999999998,37795.49999999997,46.531518302443395
2023-03-23 19:00:00,1838.2199999999978,37483.00000000003,49.04143211589244
2023-03-23 20:00:00,1751.5160000000005,34985.500000000044,50.06405510854492
2023-03-23 21:00:00,1108.5133404819055,31674.999999999996,34.99647483762922
2023-03-23 22:00:00,985.306,29899.51867747902,32.953908409975654
2023-03-23 23:00:00,706.43,29874.30822846545,23.64674002147721
2023-03-24 00:00:00,935.6079999999998,31321.534422521272,29.87107806976612
2023-03-24 01:00:00,706.6759999999999,30137.72578432192,23.448219187382183
2023-03-24 02:00:00,436.168,27994.399472636218,15.580544973873886
2023-03-24 03:00:00,442.14,27700.3994375047,15.961502685097335
2023-03-24 04:00:00,314.13399999999996,26777.368285847493,11.73132462632736
2023-03-24 05:00:00,428.3639999999999,26978.473751049627,15.877992356158915
2023-03-24 06:00:00,418.70399999999995,28891.670057698855,14.492204817645236
2023-03-24 07:00:00,1066.1557667558538,32510.49999999998,32.794197774745214
2023-03-24 08:00:00,1404.6052295981629,34908.5,40.2367683973291
2023-03-24 09:00:00,1109.485919892833,35910.999999999985,30.89543370813493
2023-03-24 10:00:00,1657.8363394673027,36561.50000000003,45.3437725330553
2023-03-24 11:00:00,1527.1869389050742,36613.000000000015,41.71160349889584
2023-03-24 12:00:00,1516.1835205593143,36346.999999999935,41.714131030327586
2023-03-24 13:00:00,1047.516678344732,34789.50000000003,30.110138931135292
2023-03-24 14:00:00,1010.2753680000336,34290.49999999997,29.462252460595046
2023-03-24 15:00:00,978.2305065280024,33822.49999999997,28.922477833631554
2023-03-24 16:00:00,1252.2695112070191,33956.554551886846,36.87857993052581
2023-03-24 17:00:00,1661.5259999999978,34977.50000000017,47.50270888428246
2023-03-24 18:00:00,1838.221999999998,35967.49999999999,51.107861263640736
2023-03-24 19:00:00,1831.611999999998,35861.500000000204,51.074606472121566
2023-03-24 20:00:00,1838.077999999998,33725.00000000001,54.50194217939207
2023-03-24 21:00:00,1515.5648454373402,30921.00000000001,49.01409545090196
2023-03-24 22:00:00,875.3318700671757,28303.000000000007,30.92717627344011
2023-03-24 23:00:00,478.30889979226197,27433.999999999975,17.43489464869368
2023-03-25 00:00:00,566.1961312431512,27138.5,20.863206560537655
2023-03-25 01:00:00,397.2499113971961,27086.499999999996,14.665974245369323
2023-03-25 02:00:00,178.522,26966.220893434245,6.620208323053033
2023-03-25 03:00:00,142.244,27506.6129153683,5.171265558491443
2023-03-25 04:00:00,114.586,27766.43143778249,4.126781659240514
2023-03-25 05:00:00,99.53399999999999,27573.661999807897,3.609749042426553
2023-03-25 06:00:00,104.092,27471.715058111764,3.789060849670688
2023-03-25 07:00:00,334.39219308405575,28148.00000000001,11.879785174223946
2023-03-25 08:00:00,549.4736106766068,29923.499999999975,18.36261168234355
2023-03-25 09:00:00,938.5447998118503,32437.919198294792,28.933569816068477
2023-03-25 10:00:00,1693.8460000000005,34321.76715329841,49.3519460240618
2023-03-25 11:00:00,1552.3420000000006,33088.592041104275,46.91471906908596
2023-03-25 12:00:00,1661.8500000000006,33499.63610271053,49.60800155872549
2023-03-25 13:00:00,1708.4020000000005,32691.807637615504,52.25780167733206
2023-03-25 14:00:00,1679.5680000000007,31685.360618000796,53.00769715859948
2023-03-25 15:00:00,1911.9079866216734,30539.032618753812,62.60538801244096
2023-03-25 16:00:00,2399.5599999999918,31503.500000000025,76.16804482041645
2023-03-25 17:00:00,3880.0059085110465,33358.500000000044,116.3123614224573
2023-03-25 18:00:00,5060.943624222894,33737.00000000003,150.01166743406023
2023-03-25 19:00:00,6226.599952630198,33443.00000000003,186.18544845349376
2023-03-25 20:00:00,5996.171360448672,32147.50000000005,186.52061157006494
2023-03-25 21:00:00,5036.231262905381,29812.50000000002,168.93018911213008
2023-03-25 22:00:00,4344.757779780922,27388.500000000025,158.63438230574576
2023-03-25 23:00:00,4271.3584321830995,25049.00000000003,170.52011785632538
2023-03-26 00:00:00,4164.389179556348,24447.50000000001,170.34008301692793
2023-03-26 01:00:00,3730.8139618163095,23965.50000000001,155.67436364007878
2023-03-26 02:00:00,2885.5090050655117,23482.000000000022,122.88173942021587
2023-03-26 03:00:00,2775.525108303923,23631.00000000003,117.4527150058787
2023-03-26 04:00:00,2479.2215618988453,23988.000000000022,103.35257469980169
2023-03-26 05:00:00,2206.5505220111786,24246.50000000004,91.00490883266347
2023-03-26 06:00:00,1915.3807452702247,24783.000000000025,77.28607292378737
2023-03-26 07:00:00,2349.493932405511,26756.000000000033,87.81185275846569
2023-03-26 08:00:00,3110.8222874886314,29407.500000000036,105.78329635258446
2023-03-26 09:00:00,3236.675288188086,30990.500000000022,104.44088634220435
2023-03-26 10:00:00,4530.7298743647325,32015.00000000005,141.5189715559808
2023-03-26 11:00:00,4740.593031358517,33137.00000000004,143.0604167956819
2023-03-26 12:00:00,4494.17337350352,33186.999999999985,135.41969366027428
2023-03-26 13:00:00,4215.837217592051,33226.00000000006,126.883681983749
2023-03-26 14:00:00,3926.06888664214,33438.50000000007,117.41163289747242
2023-03-26 15:00:00,4084.5562031785357,34286.50000000004,119.13015919322565
2023-03-26 16:00:00,4861.537341548338,35634.000000000044,136.4297396180146
2023-03-26 17:00:00,4974.615749884273,35087.500000000015,141.77743498067036
2023-03-26 18:00:00,5416.161359705509,35064.00000000002,154.46501710316866
2023-03-26 19:00:00,5046.14650313391,34006.500000000015,148.38770538379157
2023-03-26 20:00:00,4531.434848959917,32287.000000000036,140.348587634649
2023-03-26 21:00:00,3810.6376964806063,29453.00000000002,129.38029051304125
2023-03-26 22:00:00,3444.6779098991,26057.000000000025,132.197793679207
2023-03-26 23:00:00,2911.5303397607513,24926.00000000003,116.80696219853759
2023-03-27 00:00:00,2931.177041021159,25228.500000000033,116.18514937555365
2023-03-27 01:00:00,2735.764534271694,25605.000000000015,106.8449339688222
2023-03-27 02:00:00,2517.518787924639,25383.500000000015,99.17934043471695
2023-03-27 03:00:00,2503.4984147320756,25268.500000000022,99.07586183319444
2023-03-27 04:00:00,3466.3649881293554,24985.50000000002,138.73506586337487
2023-03-27 05:00:00,5585.136449697723,29212.50000000007,191.1899512091642
2023-03-27 06:00:00,7713.047775390317,34359.49999999999,224.48079207760063
2023-03-27 07:00:00,8829.830493427266,38211.99999999977,231.07480617155133
2023-03-27 08:00:00,8991.350837587406,39546.00000000003,227.36435638465076
2023-03-27 09:00:00,9076.914752079481,39482.00000000008,229.90007477026145
2023-03-27 10:00:00,8675.910774224989,38818.49999999998,223.49938236214675
2023-03-27 11:00:00,8429.957234047011,37879.00000000003,222.54962470094262
2023-03-27 12:00:00,8130.0994947505,37193.50000000002,218.58925604609664
2023-03-27 13:00:00,8355.492996667595,36126.99999999984,231.2811192921536
2023-03-27 14:00:00,8232.930455517257,35319.50000000003,233.09872607248826
2023-03-27 15:00:00,8801.929911140745,35755.5,246.16995738112306
2023-03-27 16:00:00,9800.539736957813,36680.000000000044,267.19028726711565
2023-03-27 17:00:00,10418.441606443917,36443.00000000004,285.8832040842935
2023-03-27 18:00:00,10624.004792942362,36292.50000000004,292.73279032699185
2023-03-27 19:00:00,9949.048600955886,36117.50000000003,275.46337927475264
2023-03-27 20:00:00,8759.981677197029,33701.49999999968,259.9285395960747
2023-03-27 21:00:00,7442.416701895019,30082.00000000002,247.40431825992337
2023-03-27 22:00:00,4636.617308130807,26302.000000000025,176.28383043611902
2023-03-27 23:00:00,3415.4115185045252,24949.500000000015,136.89298456901034
2023-03-28 00:00:00,3135.7869829087094,25251.000000000022,124.18466527696752
2023-03-28 01:00:00,3167.014116458056,26302.500000000025,120.40734213318328
2023-03-28 02:00:00,2883.8445394038495,26097.50000000002,110.50271249751307
2023-03-28 03:00:00,2777.9654677496674,25649.50000000003,108.30485848650711
2023-03-28 04:00:00,3167.3499147059797,26595.500000000025,119.0934524527073
2023-03-28 05:00:00,4777.976152570319,31488.00000000006,151.7395881786811
2023-03-28 06:00:00,5743.1479833067015,34787.00000000004,165.09466131907595
2023-03-28 07:00:00,5383.990555274903,36456.00000000004,147.68462133187674
2023-03-28 08:00:00,5046.663248126952,38268.00000000007,131.8768487542318
2023-03-28 09:00:00,4998.838996642106,39022.500000000065,128.10145420314174
2023-03-28 10:00:00,5221.60127780589,39610.000000000095,131.82532890194088
2023-03-28 11:00:00,4651.369867098369,39571.50000000003,117.54343067860367
2023-03-28 12:00:00,3786.0076029928446,39136.49999999996,96.73853315939975
2023-03-28 13:00:00,3814.7935143581412,38852.50000000006,98.18656494068942
2023-03-28 14:00:00,3664.637954281167,37956.00000000003,96.54963521659722
2023-03-28 15:00:00,4287.498174262568,38395.00000000007,111.66813841027633
2023-03-28 16:00:00,5310.709189890165,39150.00000000002,135.65029859234133
2023-03-28 17:00:00,6561.112595344668,39053.50000000006,168.00319037588585
2023-03-28 18:00:00,6231.6127284499735,38641.50000000002,161.26736095777778
2023-03-28 19:00:00,5821.893494886083,37021.00000000002,157.2592176031463
2023-03-28 20:00:00,4642.518194947953,33792.000000000044,137.38512650769255
2023-03-28 21:00:00,3231.2664285961755,29794.500000000022,108.45177561617658
2023-03-28 22:00:00,2128.591447770135,26639.000000000025,79.90508081272318
2023-03-28 23:00:00,1651.0239999999967,25652.20159362878,64.36188309115973
2023-03-29 00:00:00,1948.136676403048,26006.500000000004,74.90960630623297
2023-03-29 01:00:00,2236.5599999999913,26086.00000000002,85.73794372460284
2023-03-29 02:00:00,2316.294204017338,25256.00000000003,91.7126308210855
2023-03-29 03:00:00,2401.409400516659,24105.000000000025,99.62287494364888
2023-03-29 04:00:00,3579.7439731126988,25046.000000000022,142.92677366097163
2023-03-29 05:00:00,5530.07378576556,29492.000000000033,187.51097876595531
2023-03-29 06:00:00,6692.095195017895,33589.00000000002,199.23472550590643
2023-03-29 07:00:00,6755.589717514693,35813.000000000044,188.63512460600018
2023-03-29 08:00:00,6576.024612652197,37514.00000000003,175.29521279128303
2023-03-29 09:00:00,5825.755502542526,37660.49999999998,154.69140087206833
2023-03-29 10:00:00,5531.113740917622,37532.99999999998,147.36668374277636
2023-03-29 11:00:00,4652.46164263229,38145.00000000005,121.96779768337355
2023-03-29 12:00:00,3717.619219750349,37941.500000000044,97.98292686768696
2023-03-29 13:00:00,2621.049700152158,37495.00000000011,69.90397920128419
2023-03-29 14:00:00,2497.7520131830584,37234.5,67.0816584936835
2023-03-29 15:00:00,2016.5518272241522,37240.49999999999,54.14942944439932
2023-03-29 16:00:00,2107.1249886726514,37787.00000000011,55.763225148136804
2023-03-29 17:00:00,2478.373374032228,37371.00000000014,66.31809087346389
2023-03-29 18:00:00,2530.5036441210214,37161.99999999998,68.09384974223731
2023-03-29 19:00:00,1684.1779574034633,35538.00000000003,47.39090431097591
2023-03-29 20:00:00,1621.9099999999967,33906.88494685101,47.83423787063713
2023-03-29 21:00:00,1509.0981155485379,32389.00000000003,46.592920916006555
2023-03-29 22:00:00,1445.5833230210671,29696.0,48.67939530647451
2023-03-29 23:00:00,1537.8962564498747,28763.499999999996,53.46693748847932
2023-03-30 00:00:00,1562.065689326857,28638.50000000004,54.54425648434292
2023-03-30 01:00:00,1581.851999999998,28654.022331632532,55.20523372572781
2023-03-30 02:00:00,1588.9179999999978,29428.67655487699,53.99216634961719
2023-03-30 03:00:00,1597.315999999998,29748.375007681978,53.694226981726565
2023-03-30 04:00:00,1466.0476133608618,29049.214912521507,50.46771893063898
2023-03-30 05:00:00,1423.6439999999968,28526.40640968315,49.90618094527139
2023-03-30 06:00:00,2044.8499999999913,32311.000000000044,63.28649685865459
2023-03-30 07:00:00,2393.2668950154502,34765.00000000003,68.84127412672079
2023-03-30 08:00:00,2738.1808441542134,35416.500000000044,77.31370531120268
2023-03-30 09:00:00,2813.469043627098,35850.499999999956,78.47781882057716
2023-03-30 10:00:00,3195.1046182886153,35711.00000000006,89.47116065886169
2023-03-30 11:00:00,2678.67607702071,36446.500000000015,73.49611285091048
2023-03-30 12:00:00,2488.4233809088314,36357.50000000004,68.44319276377169
2023-03-30 13:00:00,2501.428329310685,34837.99999999997,71.80172022821881
2023-03-30 14:00:00,2346.5623537070974,33777.99999999999,69.47013895751962
2023-03-30 15:00:00,2330.393427773261,34125.00000000008,68.28991729738478
2023-03-30 16:00:00,3387.699232143848,34541.499999999956,98.07620491709544
2023-03-30 17:00:00,4311.313160973462,34940.500000000015,123.3901392645629
2023-03-30 18:00:00,5002.236665929525,34908.00000000001,143.2977158797274
2023-03-30 19:00:00,5055.529643095602,33981.50000000001,148.77299834014394
2023-03-30 20:00:00,3961.119819097434,31375.50000000002,126.24881895419776
2023-03-30 21:00:00,2563.483423478365,28710.00000000003,89.28886880802376
2023-03-30 22:00:00,1815.9359999999967,28423.790974463816,63.887888903751424
2023-03-30 23:00:00,1805.3919999999978,28131.467655635624,64.17695735253687
2023-03-31 00:00:00,1801.7939999999978,28663.751079562986,62.85967230871824
2023-03-31 01:00:00,1815.2059999999979,28881.723920828943,62.849641696453794
2023-03-31 02:00:00,1815.2059999999979,28868.65431921748,62.87809538775902
2023-03-31 03:00:00,1733.1542610123918,29241.82901156852,59.269694119568555
2023-03-31 04:00:00,1361.3999999999978,28146.674844175293,48.36805795131881
2023-03-31 05:00:00,1317.263999999997,28182.48970524119,46.74051206182189
2023-03-31 06:00:00,1595.4759999999915,32784.500000000015,48.665558419374726
2023-03-31 07:00:00,2472.687888094123,35295.50000000001,70.05674627343777
2023-03-31 08:00:00,3393.9471956935367,36196.500000000044,93.7645130245613
2023-03-31 09:00:00,3832.274579464163,36255.00000000003,105.70333966250612
2023-03-31 10:00:00,4491.295538348611,36257.500000000015,123.87217922770765
2023-03-31 11:00:00,5474.015510754847,36417.500000000124,150.312775746683
2023-03-31 12:00:00,5790.850405511316,35813.00000000002,161.69688117474976
2023-03-31 13:00:00,5139.424822795875,35104.00000000005,146.4056752163818
2023-03-31 14:00:00,4510.208255483164,34485.500000000015,130.78564195047664
2023-03-31 15:00:00,4777.4097511002055,35239.50000000006,135.56973711602598
2023-03-31 16:00:00,5292.311723898013,35714.500000000015,148.1838391661093
2023-03-31 17:00:00,5203.468911442015,35197.500000000044,147.83632108649786
2023-03-31 18:00:00,4912.788073491753,35011.000000000015,140.3212725569607
2023-03-31 19:00:00,4326.097565759316,34032.50000000004,127.11665513139828
2023-03-31 20:00:00,3239.923092418785,31686.500000000025,102.24932044936432
2023-03-31 21:00:00,1898.6659999999968,28927.432669938975,65.6354824731151
2023-03-31 22:00:00,1898.6659999999968,27189.911030195548,69.82979818843275
2023-03-31 23:00:00,1855.8099999999968,27476.125382412654,67.54263835132637
2023-04-01 00:00:00,1666.2459999999965,26517.67245097002,62.83530362933662
2023-04-01 01:00:00,1326.3559999999968,25541.05559630016,51.930351703714656
2023-04-01 02:00:00,1476.1939999999968,25914.087523216625,56.964922985517575
2023-04-01 03:00:00,1592.5979999999968,25631.521418331995,62.1343530103894
2023-04-01 04:00:00,1587.313999999997,25233.3197433999,62.90547641537255
2023-04-01 05:00:00,1519.3859999999968,24843.44622094495,61.158423291493136
2023-04-01 06:00:00,2346.4059999999913,26422.500000000022,88.80333049484301
2023-04-01 07:00:00,2367.1659999999915,29523.000000000055,80.1804017206919
2023-04-01 08:00:00,3430.320473472012,31607.500000000025,108.52868697214298
2023-04-01 09:00:00,4954.24831342152,32551.50000000001,152.19723556277032
2023-04-01 10:00:00,4795.1297840566185,32672.499999999985,146.76347950284247
2023-04-01 11:00:00,4791.741083000606,32539.50000000002,147.25921059022428
2023-04-01 12:00:00,4505.537034695672,32197.000000000015,139.9365479608557
2023-04-01 13:00:00,4145.065169222222,31836.000000000065,130.20056443090255
2023-04-01 14:00:00,3942.092431488054,31688.500000000044,124.40135795282353
2023-04-01 15:00:00,4042.270624447335,31615.499999999978,127.85724168358362
2023-04-01 16:00:00,4978.394453748045,32600.00000000003,152.71148631128958
2023-04-01 17:00:00,5640.194000631528,32715.000000000025,172.40391259763177
2023-04-01 18:00:00,5929.582074122705,32728.99999999998,181.17211262558308
2023-04-01 19:00:00,5731.037469711704,31940.00000000001,179.43135471858804
2023-04-01 20:00:00,5018.952764672822,30528.000000000036,164.40489926208124
2023-04-01 21:00:00,3941.560949550939,27871.000000000036,141.42158335011067
2023-04-01 22:00:00,3206.9284251497934,25182.000000000036,127.3500287963541
2023-04-01 23:00:00,2762.955895952989,23621.500000000022,116.9678426836986
2023-04-02 00:00:00,3000.800743809382,23563.50000000002,127.34953397455301
2023-04-02 01:00:00,2941.4910556420737,23216.999999999993,126.69557029943898
2023-04-02 02:00:00,2676.596849236153,22687.999999999975,117.97412064686866
2023-04-02 03:00:00,2629.0595992143803,22672.99999999999,115.95552415711998
2023-04-02 04:00:00,2716.3353663053363,22803.99999999999,119.1166184136703
2023-04-02 05:00:00,2837.917817817193,22931.999999999975,123.75361145199703
2023-04-02 06:00:00,3746.837540339079,25054.00000000003,149.55047259276265
2023-04-02 07:00:00,4821.090327970435,27518.000000000022,175.19770070391857
2023-04-02 08:00:00,5606.585303730187,29730.50000000001,188.580256091562
2023-04-02 09:00:00,5942.454771234717,31049.50000000004,191.3864883890146
2023-04-02 10:00:00,6943.4726300051025,32009.50000000001,216.91912182336807
2023-04-02 11:00:00,7035.7357037134325,32556.000000000055,216.11179824651126
2023-04-02 12:00:00,6972.419024236533,33189.499999999985,210.07906187910442
2023-04-02 13:00:00,6697.085892632385,32913.000000000015,203.4784399061885
2023-04-02 14:00:00,6688.068827549493,32002.000000000062,208.98908904285608
2023-04-02 15:00:00,6755.250433237981,32242.500000000025,209.51385386486703
2023-04-02 16:00:00,7230.613155113979,33022.5,218.96019850447357
2023-04-02 17:00:00,7235.066080606298,32505.000000000135,222.5831742995314
2023-04-02 18:00:00,7390.233842506487,31976.000000000033,231.11814618796848
2023-04-02 19:00:00,7461.003915233187,31910.50000000005,233.81031056339373
2023-04-02 20:00:00,6669.829050786114,30142.500000000033,221.27657131246934
2023-04-02 21:00:00,5477.816015019333,27949.500000000015,195.98976779617988
2023-04-02 22:00:00,4425.116651934021,25572.000000000047,173.0453876088696
2023-04-02 23:00:00,4211.363727773757,24620.000000000033,171.05457870730103
2023-04-03 00:00:00,4439.002961218215,25018.500000000033,177.42882112109876
2023-04-03 01:00:00,4461.910123249321,25346.00000000003,176.0400111753064
2023-04-03 02:00:00,4600.54271755808,25226.500000000062,182.36944156177307
2023-04-03 03:00:00,4437.823882463171,23978.50000000003,185.0751249020233
2023-04-03 04:00:00,5248.519221960029,25113.000000000025,208.99610647712436
2023-04-03 05:00:00,6589.801702707307,28596.000000000033,230.44487700053503
2023-04-03 06:00:00,7651.254447879498,32610.00000000007,234.6290845715879
2023-04-03 07:00:00,8474.378490815761,35930.500000000015,235.85473318812035
2023-04-03 08:00:00,8365.665882543435,37965.0,220.35205801510432
2023-04-03 09:00:00,7998.6276906319235,38099.500000000044,209.94048978679285
2023-04-03 10:00:00,8004.157681766319,37977.00000000006,210.76329572547348
2023-04-03 11:00:00,7375.268196893777,38454.00000000004,191.7945648539494
2023-04-03 12:00:00,6686.115489867104,37409.00000000006,178.73013151560036
2023-04-03 13:00:00,6450.134704463257,36019.500000000044,179.0734103600341
2023-04-03 14:00:00,6178.150351787189,34861.999999999985,177.21732407168813
2023-04-03 15:00:00,6071.805693141239,34489.000000000044,176.05049996060285
2023-04-03 16:00:00,6348.331672519624,35410.0,179.28075889634636
2023-04-03 17:00:00,6876.367843020982,35258.50000000003,195.02723720580786
2023-04-03 18:00:00,7107.178273301809,35098.00000000009,202.49524968094454
2023-04-03 19:00:00,6539.807458153737,34932.500000000015,187.21269471562968
2023-04-03 20:00:00,5633.636332066737,32789.500000000044,171.8122061045984
2023-04-03 21:00:00,4701.882723743124,29674.000000000025,158.45126116273912
2023-04-03 22:00:00,4056.636026537495,27112.500000000015,149.62235229276138
2023-04-03 23:00:00,3642.452866393322,25749.50000000002,141.4572269905559
2023-04-04 00:00:00,4079.2914555953666,25916.00000000005,157.40436238599162
2023-04-04 01:00:00,4427.851108020813,25992.500000000047,170.3511054350603
2023-04-04 02:00:00,4677.965189420067,25553.500000000022,183.0655365965548
2023-04-04 03:00:00,5124.138258905878,25465.500000000036,201.21883563667984
2023-04-04 04:00:00,6371.403698187378,27988.500000000004,227.6436285684255
2023-04-04 05:00:00,7847.841431047112,31044.000000000036,252.79736603037955
2023-04-04 06:00:00,8897.526867530854,33925.50000000002,262.2666391808772
2023-04-04 07:00:00,9869.922221844226,36874.00000000005,267.66616645452655
2023-04-04 08:00:00,9508.45462732848,37568.5,253.09646718204027
2023-04-04 09:00:00,8677.653689427263,37875.00000000004,229.1129686977493
2023-04-04 10:00:00,7176.446527080816,37571.50000000007,191.00771933728498
2023-04-04 11:00:00,6611.776180637785,37686.500000000044,175.44150241167998
2023-04-04 12:00:00,6046.336212577184,36779.50000000004,164.39419275893306
2023-04-04 13:00:00,5431.536538407322,35731.499999999905,152.00975437379725
2023-04-04 14:00:00,5328.695869357865,34830.50000000003,152.98935902033736
2023-04-04 15:00:00,5343.637958859677,34655.00000000004,154.19529530687265
2023-04-04 16:00:00,6395.895122252201,35706.50000000004,179.12411247958198
2023-04-04 17:00:00,7108.083476786671,35576.99999999996,199.7943468192
2023-04-04 18:00:00,7765.436245211346,35249.000000000015,220.3023134049574
2023-04-04 19:00:00,7722.392702100911,35261.5,219.0035223147317
2023-04-04 20:00:00,6428.579183771496,33424.000000000044,192.33422641728959
2023-04-04 21:00:00,5248.584121571922,31357.500000000025,167.37890844524972
2023-04-04 22:00:00,3779.9836913952945,28789.000000000025,131.29958287524025
2023-04-04 23:00:00,3694.205438038841,28086.999999999993,131.52723459389904
2023-04-05 00:00:00,3918.843922847484,28308.000000000033,138.43591644932454
2023-04-05 01:00:00,3782.5900457056214,28014.00000000005,135.0249891377745
2023-04-05 02:00:00,3823.8123278233215,28048.50000000002,136.3285854082507
2023-04-05 03:00:00,4041.069817786151,28364.000000000033,142.4717888092704
2023-04-05 04:00:00,4419.144259272336,28867.50000000003,153.08371903602082
2023-04-05 05:00:00,5292.979504942566,31197.00000000003,169.6630927634888
2023-04-05 06:00:00,6350.152188585756,32935.500000000015,192.80570170745105
2023-04-05 07:00:00,7275.272067813043,35949.50000000008,202.37477761340287
2023-04-05 08:00:00,7321.785226026918,37287.500000000065,196.36031447608192
2023-04-05 09:00:00,7550.166925872026,38047.000000000065,198.44316045606783
2023-04-05 10:00:00,7143.691005977292,38270.00000000006,186.66556064743352
2023-04-05 11:00:00,6914.820375921367,38427.500000000044,179.9445807278995
2023-04-05 12:00:00,6528.375754010627,37707.00000000003,173.1343186679031
2023-04-05 13:00:00,6413.23784766587,36876.5,173.91124015744091
2023-04-05 14:00:00,6789.985223195767,36219.49999999997,187.46766860933397
2023-04-05 15:00:00,7205.358345396788,36557.00000000002,197.09927908189357
2023-04-05 16:00:00,8046.1319853361265,36822.5,218.51129025286514
2023-04-05 17:00:00,8923.497231946973,36720.00000000002,243.01463049964508
2023-04-05 18:00:00,9324.919323557264,36649.50000000001,254.43510344089992
2023-04-05 19:00:00,8627.780910207506,35045.50000000003,246.1879816298098
2023-04-05 20:00:00,8045.662401981696,32164.000000000116,250.14495715650003
2023-04-05 21:00:00,7275.933526036138,29087.00000000004,250.143828034384
2023-04-05 22:00:00,5521.307013891972,26014.500000000015,212.23959768175322
2023-04-05 23:00:00,5029.113299807451,24399.000000000025,206.1196483383518
2023-04-06 00:00:00,4872.881095916712,24898.000000000055,195.7137559609889
2023-04-06 01:00:00,4577.0761876179895,25413.50000000002,180.10412527270884
2023-04-06 02:00:00,4215.531467059263,24949.00000000004,168.96594921877656
2023-04-06 03:00:00,4392.4130277595805,26306.000000000033,166.9738093119279
2023-04-06 04:00:00,4807.016073539954,27828.500000000033,172.7371605921968
2023-04-06 05:00:00,5771.470306892182,30358.00000000001,190.11365395916002
2023-04-06 06:00:00,6429.102624825057,32449.499999999945,198.12640024730945
2023-04-06 07:00:00,6765.988685513163,34516.99999999999,196.01902498806862
2023-04-06 08:00:00,6823.874121720565,36085.00000000002,189.10555969850523
2023-04-06 09:00:00,6253.898279805177,36180.00000000003,172.8551210559749
2023-04-06 10:00:00,6645.211056392226,37061.00000000001,179.30468838920225
2023-04-06 11:00:00,5818.265213263958,37074.000000000065,156.93653809310965
2023-04-06 12:00:00,4923.8550602311625,37119.50000000001,132.6487441972861
2023-04-06 13:00:00,3397.2803547296307,35841.50000000006,94.7862214117608
2023-04-06 14:00:00,2770.9981562922717,34540.00000000004,80.22577175136853
2023-04-06 15:00:00,3058.952181894027,35114.5,87.11364769237856
2023-04-06 16:00:00,4125.909626974011,35289.500000000065,116.916069283328
2023-04-06 17:00:00,4973.751201794095,34761.49999999999,143.08218004959787
2023-04-06 18:00:00,5456.545071015675,34377.49999999997,158.7243130249634
2023-04-06 19:00:00,6138.482115612364,34131.00000000003,179.8506377080179
2023-04-06 20:00:00,4941.866325169744,31786.000000000065,155.47304867456535
2023-04-06 21:00:00,4204.544623305433,29051.000000000025,144.72977258288628
2023-04-06 22:00:00,3684.514152129449,26300.000000000062,140.09559513800156
2023-04-06 23:00:00,3249.1618768104295,24939.00000000002,130.28436893261267
2023-04-07 00:00:00,3417.65603219188,24823.500000000022,137.67824973077435
2023-04-07 01:00:00,3583.2938738998796,24539.50000000001,146.02147044152807
2023-04-07 02:00:00,3655.1407933904266,23896.500000000025,152.95716081394443
2023-04-07 03:00:00,3803.0248301404426,23575.50000000002,161.31258425655614
2023-04-07 04:00:00,4137.097518410238,23341.000000000025,177.2459414082616
2023-04-07 05:00:00,4857.126470830383,25245.000000000055,192.39954330878876
2023-04-07 06:00:00,6003.7225117139105,27674.499999999993,216.94059555597798
2023-04-07 07:00:00,6915.172241355619,30429.500000000022,227.25224671307822
2023-04-07 08:00:00,6673.093144527444,31314.000000000022,213.10254660942195
2023-04-07 09:00:00,6157.147291678942,31362.00000000001,196.32508423183913
2023-04-07 10:00:00,5721.592495866308,31511.50000000001,181.57156897850962
2023-04-07 11:00:00,5894.034210298385,32046.50000000002,183.92130842052583
2023-04-07 12:00:00,5736.129664032708,31687.499999999996,181.02184344087445
2023-04-07 13:00:00,5770.991820366052,30706.50000000002,187.94039764760063
2023-04-07 14:00:00,5570.686057148821,29022.00000000001,191.94700768895387
2023-04-07 15:00:00,5955.879189107723,29200.50000000004,203.9649728294966
2023-04-07 16:00:00,6829.974882577175,30198.00000000002,226.1730870447437
2023-04-07 17:00:00,7480.694707587267,30708.500000000022,243.6033901879695
2023-04-07 18:00:00,7896.484931291436,30575.500000000044,258.26184138579663
2023-04-07 19:00:00,8032.545072631712,30529.50000000004,263.1076523569564
2023-04-07 20:00:00,7668.551934075112,28970.500000000033,264.7020912333271
2023-04-07 21:00:00,7334.304771099637,26638.00000000002,275.3324112583389
2023-04-07 22:00:00,6271.602861076368,24208.500000000025,259.0661487112527
2023-04-07 23:00:00,5543.733215404976,22521.00000000001,246.15839507148766
2023-04-08 00:00:00,5549.268350209346,22536.000000000022,246.24016463477727
2023-04-08 01:00:00,5348.981543391534,22610.500000000044,236.570688104709
2023-04-08 02:00:00,4899.858553225637,22220.50000000003,220.51072447630025
2023-04-08 03:00:00,4857.796918554011,22271.000000000047,218.1220833619506
2023-04-08 04:00:00,4890.024752246236,22557.000000000025,216.78524414799088
2023-04-08 05:00:00,5054.911509620758,23585.999999999818,214.31830363863295
2023-04-08 06:00:00,5792.4319181731435,25538.50000000002,226.8117515975151
2023-04-08 07:00:00,6659.827161922515,28201.50000000003,236.15152250492025
2023-04-08 08:00:00,6862.912036800563,29900.99999999995,229.5211543694383
2023-04-08 09:00:00,6384.991207651051,30698.499999999996,207.99033202440026
2023-04-08 10:00:00,6016.378930782401,30628.500000000055,196.43074034909938
2023-04-08 11:00:00,5502.367605347361,30436.000000000022,180.78484706753045
2023-04-08 12:00:00,5056.148085271591,29507.50000000003,171.35128646180078
2023-04-08 13:00:00,5229.572553802375,28438.00000000002,183.8938235390102
2023-04-08 14:00:00,5216.935488542658,28069.999999999996,185.85448836988454
2023-04-08 15:00:00,5251.837845036147,28346.000000000146,185.27615342680167
2023-04-08 16:00:00,5824.069598293288,29297.00000000006,198.79406076708457
2023-04-08 17:00:00,6083.177654224858,29439.00000000004,206.63669466438566
2023-04-08 18:00:00,6275.913684023217,29669.500000000033,211.5274502105937
2023-04-08 19:00:00,6328.452924711902,29449.50000000003,214.89169339757535
2023-04-08 20:00:00,5898.433010912655,28298.00000000003,208.43992546867796
2023-04-08 21:00:00,5397.127384102926,26264.50000000003,205.49134322385427
2023-04-08 22:00:00,4529.848949045955,24106.50000000003,187.9098562232572
2023-04-08 23:00:00,4079.9234889257073,22828.500000000036,178.72061190729573
2023-04-09 00:00:00,3841.435535940701,22826.500000000025,168.28841635558217
2023-04-09 01:00:00,3702.422018105603,22497.50000000001,164.5703752908368
2023-04-09 02:00:00,3443.0663373615216,21767.500000000025,158.1746336217534
2023-04-09 03:00:00,3358.8560328313924,21977.000000000025,152.83505632394724
2023-04-09 04:00:00,3177.2268077965928,21889.000000000033,145.15175694625557
2023-04-09 05:00:00,3017.587366786746,22383.000000000033,134.81603747427698
2023-04-09 06:00:00,2658.057308951977,23736.500000000022,111.9818553262686
2023-04-09 07:00:00,3067.9090669049733,26487.00000000003,115.82697424793182
2023-04-09 08:00:00,3168.346360926109,29145.500000000076,108.70790897140556
2023-04-09 09:00:00,2891.200642511522,30929.000000000004,93.47863307935987
2023-04-09 10:00:00,2951.88143161822,32219.500000000022,91.61785352405278
2023-04-09 11:00:00,2500.771025924496,32652.000000000033,76.58860179849607
2023-04-09 12:00:00,2046.1335030971318,32492.5,62.97248605361642
2023-04-09 13:00:00,1806.1879999999967,31030.87248386962,58.20616229656076
2023-04-09 14:00:00,1520.801999999997,31429.19441939446,48.38819537358342
2023-04-09 15:00:00,1220.1739999999968,30798.232643179505,39.618312327743695
2023-04-09 16:00:00,1083.0179999999968,30266.000000000033,35.7833212185289
2023-04-09 17:00:00,1301.9951965470227,30876.000000000004,42.16851912640959
2023-04-09 18:00:00,1434.4839999999913,31203.49999999996,45.97189417853744
2023-04-09 19:00:00,1218.6328435667199,30872.500000000007,39.47308587146229
2023-04-09 20:00:00,845.658168811517,30022.00000000003,28.167949131021125
2023-04-09 21:00:00,180.22967833245153,27804.49999999998,6.482032704506524
2023-04-09 22:00:00,211.93575012657604,26739.99999999999,7.925794694337178
2023-04-09 23:00:00,58.775999999999996,27185.253441762427,2.16205451701647
2023-04-10 00:00:00,52.269999999999996,27683.425354510535,1.888133398618011
2023-04-10 01:00:00,16.323999999999998,28074.5783366857,0.5814512974775138
2023-04-10 02:00:00,64.46,28055.565789224318,2.2975833203391685
2023-04-10 03:00:00,18.974,27636.1706855883,0.6865640039592951
2023-04-10 04:00:00,24.274,27546.355070710706,0.8812055147655411
2023-04-10 05:00:00,207.892,27609.026713772702,7.529856164625083
2023-04-10 06:00:00,364.65399999999994,28237.107299859712,12.913999870015425
2023-04-10 07:00:00,732.7379999999999,29678.36688311679,24.689296513038073
2023-04-10 08:00:00,880.3299999999999,30544.736786499223,28.821004618678064
2023-04-10 09:00:00,882.9679999999998,30869.49999999992,28.60324916179407
2023-04-10 10:00:00,771.5419999999999,31470.00000000005,24.516746107403836
2023-04-10 11:00:00,803.0244793842035,32888.49999999999,24.416573555625938
2023-04-10 12:00:00,902.6721071015191,32169.49999999997,28.059873703399802
2023-04-10 13:00:00,635.3059999999999,32298.802735696023,19.669645503542824
2023-04-10 14:00:00,442.39599999999996,33493.27886107925,13.208500781154774
2023-04-10 15:00:00,225.14999999999998,32111.8404768387,7.011432439146359
2023-04-10 16:00:00,694.5020000000001,32853.96182298972,21.13906395039453
2023-04-10 17:00:00,889.53,32045.123159308758,27.758670034682055
2023-04-10 18:00:00,884.716,30915.50000000001,28.617230838899573
2023-04-10 19:00:00,915.88,31029.99999999997,29.51595230422175
2023-04-10 20:00:00,892.072,30330.054961943668,29.412145844091558
2023-04-10 21:00:00,842.394,29589.228822489342,28.469616597771452
2023-04-10 22:00:00,125.19200000000001,27663.317568114657,4.525559875157527
2023-04-10 23:00:00,26.846,27476.613476299484,0.977049082964921
2023-04-11 00:00:00,18.02,27627.900892615275,0.6522392008730786
2023-04-11 01:00:00,20.14,27573.686499906493,0.7304065054945881
2023-04-11 02:00:00,8.267999999999999,27138.98541464817,0.3046539829575713
2023-04-11 03:00:00,39.6,26990.206956667567,1.4671988274701744
2023-04-11 04:00:00,15.610000000000001,26850.143617785536,0.5813749163583594
2023-04-11 05:00:00,621.7880698286142,28548.032618753798,21.780417520615718
2023-04-11 06:00:00,1256.7699999999968,32561.000000000022,38.5974017996989
2023-04-11 07:00:00,1568.5619999999967,34710.99999999998,45.189190746449185
2023-04-11 08:00:00,2234.8379999999916,35849.500000000044,62.33944685420965
2023-04-11 09:00:00,2304.6459999999915,36271.5000000001,63.538756323835116
2023-04-11 10:00:00,2289.9579999999914,35997.000000000065,63.615245714920334
2023-04-11 11:00:00,2323.0599999999913,35945.50000000002,64.6272829700516
2023-04-11 12:00:00,2250.9239999999913,34960.999999999985,64.38385629701645
2023-04-11 13:00:00,2317.505999999991,34540.50000000002,67.09532288183408
2023-04-11 14:00:00,2326.472892732164,35018.000000000065,66.43648674202295
2023-04-11 15:00:00,2164.3859999999913,35265.00000000001,61.37490429604397
2023-04-11 16:00:00,3540.252578936653,36886.49999999995,95.97691781374374
2023-04-11 17:00:00,3579.554924737039,37892.50000000002,94.46605330176254
2023-04-11 18:00:00,2691.480885022934,37882.99999999994,71.04719491653086
2023-04-11 19:00:00,2185.06948793579,37782.00000000007,57.83361092413811
2023-04-11 20:00:00,916.4184654142459,35392.500000000065,25.893013079444636
2023-04-11 21:00:00,877.173999999998,33803.29132438211,25.94936663363599
2023-04-11 22:00:00,871.6439999999981,31723.51736265365,27.476272256812752
2023-04-11 23:00:00,898.207999999998,32301.49994407091,27.80700591474757
2023-04-12 00:00:00,185.37382942396744,31012.5,5.977390710970332
2023-04-12 01:00:00,760.9401122418558,33036.868631296165,23.033058027812277
2023-04-12 02:00:00,1028.1760000000006,33899.11611121909,30.330466335071208
2023-04-12 03:00:00,923.9520000000007,32572.09870312152,28.366363752651118
2023-04-12 04:00:00,840.2521848443236,31355.028021052618,26.79800459052868
2023-04-12 05:00:00,1032.6459999999981,33128.91283110197,31.170536904263674
2023-04-12 06:00:00,1021.3319999999981,33725.07664686601,30.2840527449152
2023-04-12 07:00:00,1218.224084397897,35208.99999999998,34.59979222351949
2023-04-12 08:00:00,1095.1639999999968,36881.50000000004,29.69412849260458
2023-04-12 09:00:00,1166.5919418453516,37515.000000000044,31.09667977729842
2023-04-12 10:00:00,1431.3539999999966,37456.50000000001,38.213767970846085
2023-04-12 11:00:00,1513.5059999999978,38754.86557514318,39.05331569439733
2023-04-12 12:00:00,1565.853999999998,39834.72632019763,39.30876761681312
2023-04-12 13:00:00,1608.2739999999978,38784.85057352144,41.46655140391265
2023-04-12 14:00:00,1588.3619999999978,37799.97715383126,42.02018412698981
2023-04-12 15:00:00,1558.0213236997595,36852.528021052676,42.277189852747995
2023-04-12 16:00:00,1498.9559999999967,37193.00000000006,40.30209985749992
2023-04-12 17:00:00,1498.111999999997,37035.49999999997,40.45070270416217
2023-04-12 18:00:00,1606.455999999997,36591.00000000005,43.90303626574826
2023-04-12 19:00:00,1627.975999999997,35182.500000000124,46.272322887799085
2023-04-12 20:00:00,1416.2499999999968,32738.50000000003,43.25946515570339
2023-04-12 21:00:00,1331.9786741325286,29772.000000000025,44.73930787762083
2023-04-12 22:00:00,1267.2999999999977,27489.316134084936,46.10154700897158
2023-04-12 23:00:00,1375.595999999998,28878.94684904635,47.633177455895456
2023-04-13 00:00:00,1369.195999999998,29543.016303704175,46.345843157129664
2023-04-13 01:00:00,1444.3699999999978,29794.802494654556,48.47724700504829
2023-04-13 02:00:00,1358.703999999998,29697.223958158444,45.751885829945856
2023-04-13 03:00:00,1317.8190811870888,29619.32264920047,44.49187095852313
2023-04-13 04:00:00,1277.5039999999967,29425.446722603552,43.414939866271084
2023-04-13 05:00:00,1044.919999999997,30352.50000000002,34.426159294950864
2023-04-13 06:00:00,1713.4119999999912,34035.00000000006,50.342647274863765
2023-04-13 07:00:00,1986.3679999999913,35879.000000000015,55.36296998244072
2023-04-13 08:00:00,2362.225593486072,36533.999999999956,64.65827978009729
2023-04-13 09:00:00,2160.0493130309032,36944.00000000007,58.46820357922529
2023-04-13 10:00:00,2063.7679999999914,37217.49999999995,55.45154833075822
2023-04-13 11:00:00,2091.0799999999913,37521.50000000007,55.73018136268505
2023-04-13 12:00:00,2067.0179999999914,36615.49999999999,56.45199437396708
2023-04-13 13:00:00,2047.7259999999912,35551.000000000044,57.59967370819354
2023-04-13 14:00:00,1845.8490857854179,34716.500000000015,53.1692159574098
2023-04-13 15:00:00,3066.4394303267986,34757.000000000044,88.22508934392481
2023-04-13 16:00:00,4310.733184288012,36101.500000000044,119.40593006628552
2023-04-13 17:00:00,5376.655234562358,35860.00000000001,149.93461334529718
2023-04-13 18:00:00,5807.6816636137355,34578.000000000015,167.9588658573004
2023-04-13 19:00:00,5945.933395101104,34449.50000000007,172.59853974952006
2023-04-13 20:00:00,5748.2189396047,31912.00000000003,180.12719163965576
2023-04-13 21:00:00,5376.600469095205,29651.0,181.3294819431117
2023-04-13 22:00:00,5199.730432631707,28421.000000000047,182.95381698855417
2023-04-13 23:00:00,5220.442023182541,27462.50000000003,190.09347376176734
2023-04-14 00:00:00,5418.003797709701,26989.000000000015,200.74859378671673
2023-04-14 01:00:00,5144.817088394821,26214.50000000003,196.25844812583935
2023-04-14 02:00:00,5032.491701711129,25267.500000000047,199.16856442905393
2023-04-14 03:00:00,5879.100635904339,25884.500000000036,227.1282287046043
2023-04-14 04:00:00,7249.244392419053,28431.50000000002,254.97228047830922
2023-04-14 05:00:00,8568.513179792177,31192.50000000003,274.6978658264701
2023-04-14 06:00:00,9287.5716301287,32938.500000000044,281.967048594462
2023-04-14 07:00:00,9985.311127925852,35363.00000000004,282.3660641892894
2023-04-14 08:00:00,9890.348511751172,36873.500000000044,268.22375179332477
2023-04-14 09:00:00,9589.640505943496,37575.50000000004,255.20992417781503
2023-04-14 10:00:00,8450.753038144889,37268.000000000044,226.75627986865084
2023-04-14 11:00:00,8089.798929135278,37948.00000000004,213.18116710064484
2023-04-14 12:00:00,7802.448987600273,37138.00000000011,210.09340803490358
2023-04-14 13:00:00,7265.047529210925,35738.50000000006,203.28350460178558
2023-04-14 14:00:00,7453.484219389248,34772.49999999998,214.34996676653253
2023-04-14 15:00:00,7769.541859149563,35161.999999999854,220.96416185511617
2023-04-14 16:00:00,8476.21296389257,35740.000000000044,237.16320548104534
2023-04-14 17:00:00,8793.83492260226,35252.5,249.4528025700946
2023-04-14 18:00:00,8919.861362491178,34569.0,258.0306448694257
2023-04-14 19:00:00,8699.08389513358,33547.0,259.31033759005516
2023-04-14 20:00:00,8402.695068113364,31633.50000000003,265.6264740895998
2023-04-14 21:00:00,7899.462551595084,30191.500000000025,261.6452495435827
2023-04-14 22:00:00,5874.763228150301,26226.000000000022,224.00530878327982
2023-04-14 23:00:00,5337.900595104638,24314.000000000015,219.54020708664288
2023-04-15 00:00:00,5413.827679299068,24511.500000000033,220.86888518854664
2023-04-15 01:00:00,5143.35655213197,24045.500000000025,213.9010023552001
2023-04-15 02:00:00,5292.397379384406,23621.500000000033,224.05001288590472
2023-04-15 03:00:00,4971.450867323041,22906.00000000002,217.0370587323425
2023-04-15 04:00:00,5165.984401110275,23139.00000000032,223.2587579891181
2023-04-15 05:00:00,5373.970125796906,24653.00000000002,217.98442890507857
2023-04-15 06:00:00,5878.458081164273,27631.49999999985,212.7448050653893
2023-04-15 07:00:00,6434.228214020204,30157.000000000022,213.35770182777463
2023-04-15 08:00:00,6628.427509738927,31814.50000000002,208.3461160709401
2023-04-15 09:00:00,6587.795510419161,33148.00000000006,198.7388533371289
2023-04-15 10:00:00,7087.323825385921,33352.499999999985,212.49752868258523
2023-04-15 11:00:00,6815.637216180977,33039.99999999975,206.2844193759391
2023-04-15 12:00:00,5934.747761138819,31514.000000000022,188.3209926108655
2023-04-15 13:00:00,5016.097529738633,29890.500000000033,167.81577858311596
2023-04-15 14:00:00,4849.270726294876,29425.500000000055,164.7982439141176
2023-04-15 15:00:00,5590.443424055067,30198.000000000025,185.12628068266318
2023-04-15 16:00:00,6117.459720419577,30725.50000000004,199.10041237472356
2023-04-15 17:00:00,6685.986197448096,31309.500000000055,213.54496869793786
2023-04-15 18:00:00,6703.331190194779,30947.00000000008,216.60681779153916
2023-04-15 19:00:00,6648.954249983887,31340.500000000044,212.1521433922202
2023-04-15 20:00:00,6282.239148588435,29866.500000000135,210.34400243042896
2023-04-15 21:00:00,5630.653849994849,27306.000000000004,206.2057368342067
2023-04-15 22:00:00,4315.145130049308,25138.000000000033,171.65825165284838
2023-04-15 23:00:00,4220.472495409179,23816.50000000003,177.20792288577977
2023-04-16 00:00:00,4303.177117598052,24140.500000000047,178.2555091070211
2023-04-16 01:00:00,4224.863084404958,24143.000000000025,174.9932934765751
2023-04-16 02:00:00,4241.576094256078,23242.00000000002,182.496174780831
2023-04-16 03:00:00,4187.021265114065,22820.500000000047,183.47631581753492
2023-04-16 04:00:00,4106.107021335848,22487.500000000033,182.59508710776396
2023-04-16 05:00:00,4258.8662461789345,23103.500000000025,184.33857407660872
2023-04-16 06:00:00,4741.930959098943,25005.00000000002,189.63931050185724
2023-04-16 07:00:00,5555.597837908658,27162.500000000015,204.53190383464906
2023-04-16 08:00:00,6193.190894204934,29576.5,209.39566528172483
2023-04-16 09:00:00,6329.565687690254,30946.499999999945,204.53252185837704
2023-04-16 10:00:00,6774.700630340479,31873.50000000004,212.5496299540518
2023-04-16 11:00:00,6467.541322664741,32209.50000000003,200.79607950029447
2023-04-16 12:00:00,6151.531794345019,31364.000000000033,196.1335223295821
2023-04-16 13:00:00,6220.9837202584595,31300.000000000004,198.7534734906856
2023-04-16 14:00:00,6545.348703846188,31150.000000000055,210.12355389554338
2023-04-16 15:00:00,7124.625065127969,32146.000000000022,221.633331211596
2023-04-16 16:00:00,7967.790906462371,32918.00000000003,242.0496660326376
2023-04-16 17:00:00,8289.534113551419,32380.000000000044,256.00784785520096
2023-04-16 18:00:00,8276.961604862421,31636.99999999979,261.62283417714946
2023-04-16 19:00:00,8022.81211762454,31231.000000000084,256.88617455811595
2023-04-16 20:00:00,7595.209257431217,29309.000000000033,259.14255885329453
2023-04-16 21:00:00,6823.506038160738,26838.500000000033,254.24319683144475
2023-04-16 22:00:00,6450.155299407336,25372.500000000033,254.21835843560265
2023-04-16 23:00:00,6223.724957124194,24082.00000000004,258.4388737282694
2023-04-17 00:00:00,6240.356479085211,23542.000000000025,265.07333612629355
2023-04-17 01:00:00,6178.497234682483,22975.500000000033,268.9167693709593
2023-04-17 02:00:00,6261.862269983221,22997.00000000001,272.290397442415
2023-04-17 03:00:00,6846.472230931247,24709.50000000002,277.0785418940587
2023-04-17 04:00:00,7414.29736544359,26475.500000000022,280.04371458305167
2023-04-17 05:00:00,8621.619240175478,30050.50000000003,286.90435234606645
2023-04-17 06:00:00,9783.437074768714,32962.00000000003,296.80957086246906
2023-04-17 07:00:00,9682.709805495311,34112.50000000002,283.8463849174146
2023-04-17 08:00:00,9176.476918373432,35018.50000000006,262.04654449429347
2023-04-17 09:00:00,9222.74921901132,35721.50000000003,258.1848247977077
2023-04-17 10:00:00,9248.888605646263,36111.000000000065,256.12385715284114
2023-04-17 11:00:00,9257.111317828714,37307.00000000005,248.1333615093334
2023-04-17 12:00:00,8772.82830277101,35630.50000000004,246.21681713057637
2023-04-17 13:00:00,8281.37812348955,34605.50000000003,239.30814822758072
2023-04-17 14:00:00,8095.610047187866,34504.0,234.6281604216284
2023-04-17 15:00:00,7974.62710408001,35493.5,224.67852153436573
2023-04-17 16:00:00,8251.035112519103,35676.99999999997,231.27042947891104
2023-04-17 17:00:00,8415.073435422923,35110.00000000003,239.67739776197425
2023-04-17 18:00:00,8678.968084382737,34101.00000000004,254.5077295206219
2023-04-17 19:00:00,8172.481208308793,33112.0,246.81327640459025
2023-04-17 20:00:00,7699.571798280472,31590.50000000004,243.7306088311506
2023-04-17 21:00:00,6876.243208074806,28834.000000000025,238.47690948445586
2023-04-17 22:00:00,5423.034039024169,25558.00000000002,212.18538379466958
2023-04-17 23:00:00,4478.978073164955,23995.99999999998,186.6551955811368
2023-04-18 00:00:00,4444.788523503293,23842.500000000025,186.4229222398359
2023-04-18 01:00:00,4384.871100525973,24009.500000000015,182.63067121455967
2023-04-18 02:00:00,4236.071924237054,23721.50000000005,178.57521338182852
2023-04-18 03:00:00,4207.233162041735,23640.50000000004,177.96718182956064
2023-04-18 04:00:00,5027.833110057267,26043.00000000003,193.05890681017016
2023-04-18 05:00:00,6055.388521265498,29401.50000000003,205.95508804875573
2023-04-18 06:00:00,7085.4774307060325,32787.50000000006,216.10300970510164
2023-04-18 07:00:00,7037.310004391064,35125.99999999997,200.344758993084
2023-04-18 08:00:00,6863.147024623843,36238.5,189.38827558049707
2023-04-18 09:00:00,6044.868158932945,36593.500000000044,165.1896691743872
2023-04-18 10:00:00,5231.933200418036,36488.500000000044,143.38581197961085
2023-04-18 11:00:00,4484.038347670261,37176.999999999956,120.61323796084316
2023-04-18 12:00:00,3594.5002297244496,36626.999999999985,98.13799191100694
2023-04-18 13:00:00,2772.4952236781737,35200.50000000001,78.76295006258925
2023-04-18 14:00:00,2780.597026902818,34827.0,79.84026838093484
2023-04-18 15:00:00,3026.754533038348,35127.50000000007,86.16481483277609
2023-04-18 16:00:00,3926.9642720025226,35673.5000000001,110.08071178893327
2023-04-18 17:00:00,4303.831635937159,34729.00000000007,123.92616072841574
2023-04-18 18:00:00,4520.070829365998,34387.00000000002,131.44708259999405
2023-04-18 19:00:00,4338.396512955062,33793.50000000006,128.3796148062513
2023-04-18 20:00:00,3348.7452702940113,32073.000000000022,104.41010414660335
2023-04-18 21:00:00,2385.5245759907307,29150.00000000003,81.8361775640044
2023-04-18 22:00:00,1437.9179999999967,29034.111712884645,49.52512459204609
2023-04-18 23:00:00,1399.3139999999967,27730.33735655581,50.46148490758194
2023-04-19 00:00:00,1478.5099999999968,27628.010550683553,53.514891971235926
2023-04-19 01:00:00,1432.0759999999968,26857.393908117097,53.321480293260365
2023-04-19 02:00:00,1378.1359999999968,25862.058090910305,53.28794774010534
2023-04-19 03:00:00,1235.5099999999968,24736.272079436385,49.94729990163287
2023-04-19 04:00:00,1154.4379999999967,24332.6886663568,47.44391447362584
2023-04-19 05:00:00,1438.0097664212067,28513.000000000015,50.43347828784084
2023-04-19 06:00:00,2155.3539999999916,32413.000000000062,66.49659087403164
2023-04-19 07:00:00,2282.2259999999915,34606.000000000044,65.94885280009214
2023-04-19 08:00:00,2320.6339999999914,35678.00000000001,65.04383653792227
2023-04-19 09:00:00,2314.8019999999915,36223.00000000011,63.904204510945654
2023-04-19 10:00:00,2098.590873699692,36339.49999999994,57.74958031067283
2023-04-19 11:00:00,1896.0159999999967,37686.701279172245,50.30994848699692
2023-04-19 12:00:00,1897.8539999999969,38948.376560048775,48.72742249151194
2023-04-19 13:00:00,1863.8979999999967,37954.41095683527,49.108863845094774
2023-04-19 14:00:00,1871.3179999999968,37274.506178187396,50.20369662455972
2023-04-19 15:00:00,1847.967999999997,35941.3089430883,51.416268754323454
2023-04-19 16:00:00,1831.4399999999969,35127.166512416676,52.137424729450444
2023-04-19 17:00:00,2052.9299999999917,34227.500000000044,59.97896428310537
2023-04-19 18:00:00,1949.2559999999914,33391.50000000003,58.37581420421334
2023-04-19 19:00:00,2931.589352820854,32923.50000000012,89.04245760082748
2023-04-19 20:00:00,2855.881727180716,31752.000000000036,89.94336505356239
2023-04-19 21:00:00,1591.4819999999966,28685.397016358824,55.48056382459688
2023-04-19 22:00:00,1620.1239999999966,29074.376876398634,55.72342983952807
2023-04-19 23:00:00,1602.899999999997,26695.38824938704,60.04407896321948
2023-04-20 00:00:00,1611.8479999999968,25821.543114318836,62.42260552996066
2023-04-20 01:00:00,1688.2099999999966,26565.68575157893,63.54851953707455
2023-04-20 02:00:00,1681.2239999999967,26097.551328112604,64.42075652473041
2023-04-20 03:00:00,1427.6579999999967,23567.02531138364,60.578625479321374
2023-04-20 04:00:00,1662.1659999999913,23284.000000000022,71.3866174196869
2023-04-20 05:00:00,1980.090311901007,27474.500000000022,72.07011271910336
2023-04-20 06:00:00,3287.503624209091,31880.00000000005,103.12119272926869
2023-04-20 07:00:00,4740.5672582961815,34758.500000000015,136.385841112136
2023-04-20 08:00:00,5310.973029692526,35522.00000000003,149.51221861642142
2023-04-20 09:00:00,4623.634799958787,35730.50000000005,129.40302542530276
2023-04-20 10:00:00,3980.707993532672,35815.00000000007,111.146390996305
2023-04-20 11:00:00,3592.383417087514,36448.999999999985,98.55917630353413
2023-04-20 12:00:00,2912.491582746427,36064.5,80.75785281222329
2023-04-20 13:00:00,2533.3442599853665,35205.00000000008,71.95978582546118
2023-04-20 14:00:00,2106.3380611981493,33620.00000000003,62.65134030928457
2023-04-20 15:00:00,2583.294451116522,33966.00000000002,76.05530386611672
2023-04-20 16:00:00,3651.634590122597,34960.00000000006,104.45179033531437
2023-04-20 17:00:00,4126.081548263059,35121.50000000007,117.4802200436499
2023-04-20 18:00:00,4165.591995104139,34355.500000000044,121.24963965315985
2023-04-20 19:00:00,4211.762958431341,33150.000000000044,127.05167295418809
2023-04-20 20:00:00,3262.9338757462465,31455.000000000022,103.7333929660227
2023-04-20 21:00:00,2779.9303252890872,29346.000000000033,94.7294461013114
2023-04-20 22:00:00,1786.8999924337522,26179.500000000025,68.25569596186904
2023-04-20 23:00:00,1467.6783712225342,24834.000000000007,59.099555900077874
2023-04-21 00:00:00,1833.365121130524,24318.00000000003,75.39127893455554
2023-04-21 01:00:00,2267.1367911645943,23731.50000000003,95.53280623494476
2023-04-21 02:00:00,2339.735812221418,23522.00000000002,99.47010510251748
2023-04-21 03:00:00,2761.2737992587267,24398.000000000033,113.17623572664658
2023-04-21 04:00:00,3380.296439376985,26347.50000000002,128.29666721233446
2023-04-21 05:00:00,4506.90389958622,29798.00000000002,151.24853680066505
2023-04-21 06:00:00,4992.059712536189,32288.00000000002,154.6103726627907
2023-04-21 07:00:00,5198.232925598993,35254.999999999985,147.4466863026236
2023-04-21 08:00:00,5020.296590593033,36163.500000000015,138.82219891860663
2023-04-21 09:00:00,3939.765947631383,36917.000000000015,106.71955867571529
2023-04-21 10:00:00,3395.6503016241527,36573.00000000005,92.84582346605823
2023-04-21 11:00:00,2949.1169620197584,37126.50000000001,79.43428446041932
2023-04-21 12:00:00,2565.5746620899054,36527.000000000015,70.2377600703563
2023-04-21 13:00:00,1929.1939999999968,35752.294725354426,53.9600049400989
2023-04-21 14:00:00,1900.1119999999967,34644.44795235559,54.846075267618794
2023-04-21 15:00:00,2287.827999999992,34599.49999999997,66.12315206867133
2023-04-21 16:00:00,4039.4399810272307,34517.00000000006,117.02755109155558
2023-04-21 17:00:00,5469.603593258701,33931.499999999985,161.1954553514788
2023-04-21 18:00:00,5505.540998448785,33267.500000000015,165.493078784062
2023-04-21 19:00:00,5415.505834610474,32398.500000000022,167.1529803728713
2023-04-21 20:00:00,5117.661916470834,31049.50000000002,164.8226836654642
2023-04-21 21:00:00,4763.804842390086,28376.50000000001,167.87852069106776
2023-04-21 22:00:00,3639.8842346241668,25943.500000000033,140.30043111469777
2023-04-21 23:00:00,2810.1950834300346,23966.500000000025,117.255130429142
2023-04-22 00:00:00,3053.6814635850346,23747.000000000022,128.59230486314195
2023-04-22 01:00:00,3253.348194376336,23489.000000000033,138.50518090920562
2023-04-22 02:00:00,3187.232381603173,22896.500000000025,139.2017287185015
2023-04-22 03:00:00,2988.2590268541103,22288.00000000003,134.07479481578008
2023-04-22 04:00:00,2878.7657973975556,22523.000000000022,127.8144917372265
2023-04-22 05:00:00,3176.9230615410456,24063.50000000001,132.02248474000226
2023-04-22 06:00:00,3915.921675295056,27094.50000000003,144.528287117129
2023-04-22 07:00:00,4838.773015855576,30173.000000000055,160.36764709692665
2023-04-22 08:00:00,5527.099751351704,32342.500000000055,170.8927804391032
2023-04-22 09:00:00,5284.174666883094,32985.99999999997,160.19446634581635
2023-04-22 10:00:00,4907.994881884236,33160.50000000005,148.00726412099422
2023-04-22 11:00:00,4318.423571094926,32842.00000000004,131.4908827445016
2023-04-22 12:00:00,3908.705939329043,32101.000000000065,121.76274693402183
2023-04-22 13:00:00,3627.825095615073,31334.000000000044,115.77918860072343
2023-04-22 14:00:00,3695.1541081602304,30222.0,122.26702760109292
2023-04-22 15:00:00,4406.634895363995,31135.00000000005,141.53315867557373
2023-04-22 16:00:00,5153.7936328695005,31738.00000000005,162.38558298788493
2023-04-22 17:00:00,5271.428480482952,31669.999999999996,166.44864163192148
2023-04-22 18:00:00,5578.815794025811,31021.00000000002,179.83997272898384
2023-04-22 19:00:00,6029.84593017592,31018.000000000022,194.39828261576878
2023-04-22 20:00:00,5984.7863777582315,29514.500000000007,202.7744457049325
2023-04-22 21:00:00,5131.494331452479,27441.000000000167,187.00099600788775
2023-04-22 22:00:00,3137.659644099482,24939.000000000025,125.81337038772521
2023-04-22 23:00:00,2156.3699588575455,23410.499999999978,92.11123038198875
2023-04-23 00:00:00,1957.8179999999968,23692.045704580436,82.63608910823126
2023-04-23 01:00:00,1957.8179999999968,23857.157132495893,82.06417844032423
2023-04-23 02:00:00,1957.8179999999968,23583.27570692135,83.017220522313
2023-04-23 03:00:00,1936.9559999999967,23256.141775948323,83.28793394281811
2023-04-23 04:00:00,1932.3619999999967,23333.267704503764,82.81574721859528
2023-04-23 05:00:00,2117.3638463853877,23654.49999999998,89.5120947974123
2023-04-23 06:00:00,2364.1679999999915,25490.000000000025,92.74884268340483
2023-04-23 07:00:00,2851.627153089178,27817.500000000033,102.51198537212815
2023-04-23 08:00:00,3773.206658356745,29955.500000000047,125.96039653341587
2023-04-23 09:00:00,4119.786012362166,31390.500000000025,131.24308349220823
2023-04-23 10:00:00,4502.677569273966,32281.50000000005,139.48167121335624
2023-04-23 11:00:00,4676.118543897565,32931.00000000003,141.99746572826703
2023-04-23 12:00:00,4653.21301973312,32790.0,141.90951569786887
2023-04-23 13:00:00,4232.715395234188,32442.500000000025,130.46822517482266
2023-04-23 14:00:00,3965.115126027203,32800.50000000005,120.88581350976958
2023-04-23 15:00:00,3994.686633405398,33856.00000000009,117.99050783924231
2023-04-23 16:00:00,3895.668769480396,34090.0,114.27599793136977
2023-04-23 17:00:00,3649.1121653623504,33333.00000000003,109.47445970546747
2023-04-23 18:00:00,3780.6719540204062,33068.50000000003,114.32849854152451
2023-04-23 19:00:00,3990.678888229092,32549.000000000062,122.60526861744093
2023-04-23 20:00:00,3406.077294656891,30749.50000000003,110.76854240416552
2023-04-23 21:00:00,2175.944059280835,28183.00000000001,77.20768049110578
2023-04-23 22:00:00,1299.5116498529567,28565.975141001112,45.491590727730866
2023-04-23 23:00:00,1259.4239999999982,27874.34447671371,45.182192573250425
2023-04-24 00:00:00,1327.103999999998,28513.049583451637,46.543741177731505
2023-04-24 01:00:00,1485.2719999999981,28657.80818725923,51.82782961958426
2023-04-24 02:00:00,1495.811999999997,28020.79729020284,53.382206955367074
2023-04-24 03:00:00,1373.209999999997,26752.669118843172,51.32983157305901
2023-04-24 04:00:00,1101.9299999999969,24747.209577063717,44.52744446069956
2023-04-24 05:00:00,1706.8359999999916,27944.50000000003,61.07949685984683
2023-04-24 06:00:00,2362.633380906011,33176.000000000044,71.21513687322184
2023-04-24 07:00:00,2997.5221651652146,35865.00000000005,83.57792179465245
2023-04-24 08:00:00,3675.3820701422787,37397.50000000009,98.27881730442597
2023-04-24 09:00:00,3472.8464988842516,37629.49999999999,92.29053000662385
2023-04-24 10:00:00,4591.020508448139,37628.0,122.01075019794139
2023-04-24 11:00:00,4909.569668022908,37805.49999999997,129.8638999093495
2023-04-24 12:00:00,4711.197627700747,37319.00000000002,126.241261226205
2023-04-24 13:00:00,4522.46337330089,36946.5,122.40573189073093
2023-04-24 14:00:00,4307.687931634503,36098.50000000006,119.33149387466227
2023-04-24 15:00:00,4740.18979489948,36809.5,128.77626142434644
2023-04-24 16:00:00,5623.441361598267,37533.499999999985,149.82459300620164
2023-04-24 17:00:00,5704.242560637166,37000.00000000003,154.16871785505842
2023-04-24 18:00:00,5524.233023809047,35927.50000000009,153.7605740396363
2023-04-24 19:00:00,5850.4167564698755,34726.00000000002,168.47367265074791
2023-04-24 20:00:00,5319.880192522875,33059.50000000005,160.91835002110943
2023-04-24 21:00:00,4623.753911294345,30357.000000000036,152.31261031374444
2023-04-24 22:00:00,3504.782470961381,26709.500000000033,131.21857282844593
2023-04-24 23:00:00,2692.408093322806,24916.000000000033,108.05940332809449
2023-04-25 00:00:00,2855.737482182899,24928.000000000036,114.55943044700317
2023-04-25 01:00:00,2766.5695283825057,24910.500000000025,111.06037728598393
2023-04-25 02:00:00,2745.9596256102104,24414.000000000033,112.47479420046722
2023-04-25 03:00:00,2951.5540883640015,24358.00000000003,121.17390953132433
2023-04-25 04:00:00,3887.600194429924,26591.500000000015,146.19710036778378
2023-04-25 05:00:00,5401.724781976511,29706.999999999844,181.83339892875549
2023-04-25 06:00:00,6659.446788723089,34652.000000000015,192.18073383132537
2023-04-25 07:00:00,7006.30848208348,36438.999999999985,192.27499333361186
2023-04-25 08:00:00,6669.600049785845,36672.0,181.8717291062894
2023-04-25 09:00:00,6745.166949381053,36596.00000000002,184.31432258665015
2023-04-25 10:00:00,7168.468232319692,36832.99999999999,194.6208083055872
2023-04-25 11:00:00,6831.539956244745,37212.499999999985,183.5818597580046
2023-04-25 12:00:00,6703.014444385812,36819.000000000095,182.05313681484546
2023-04-25 13:00:00,6507.4901961543765,35411.50000000007,183.7677081217786
2023-04-25 14:00:00,6957.111407345327,34998.50000000007,198.78313091547676
2023-04-25 15:00:00,7594.946518839661,35518.00000000003,213.8337327225535
2023-04-25 16:00:00,8357.643203535485,35489.50000000003,235.49622292609018
2023-04-25 17:00:00,8703.688656748878,35408.00000000006,245.81136061762493
2023-04-25 18:00:00,8875.048139637747,34276.00000000003,258.92893393738296
2023-04-25 19:00:00,9031.559561382794,33905.00000000004,266.37839732732
2023-04-25 20:00:00,8608.821941936005,32350.000000000033,266.11505230095815
2023-04-25 21:00:00,7902.6766387323205,29084.500000000004,271.7143715289009
2023-04-25 22:00:00,6858.619217134407,26307.500000000025,260.70965379205177
2023-04-25 23:00:00,6648.441841483175,25028.50000000003,265.63484993040606
2023-04-26 00:00:00,6852.317011885635,25225.500000000015,271.64246543718184
2023-04-26 01:00:00,6625.327453273658,25117.000000000055,263.7786142164129
2023-04-26 02:00:00,6568.485967423222,24598.000000000025,267.0333347192136
2023-04-26 03:00:00,6726.376721026789,24582.00000000002,273.63016520327005
2023-04-26 04:00:00,7435.446992880265,26306.499999999975,282.64676003574294
2023-04-26 05:00:00,8126.519843176051,28360.500000000033,286.54360265778257
2023-04-26 06:00:00,9317.121234401464,33130.50000000003,281.22489049067946
2023-04-26 07:00:00,9874.895652353773,36021.50000000023,274.13893514577984
2023-04-26 08:00:00,9747.377215155535,37138.000000000015,262.46370873917635
2023-04-26 09:00:00,9398.812656130296,37528.000000000044,250.44800298790997
2023-04-26 10:00:00,8782.651277880686,36833.49999999997,238.44194219611748
2023-04-26 11:00:00,8835.724288750322,36800.00000000003,240.10120349864985
2023-04-26 12:00:00,8450.448236769751,35984.5000000001,234.83578309465815
2023-04-26 13:00:00,8113.138279949604,34930.00000000035,232.2684878313634
2023-04-26 14:00:00,7963.981170821572,34471.000000000044,231.03423662851563
2023-04-26 15:00:00,8439.357909050384,35420.000000000015,238.2653277541045
2023-04-26 16:00:00,9074.824265444322,36172.50000000003,250.8763360410343
2023-04-26 17:00:00,9304.993649316602,35561.00000000004,261.6628792586427
2023-04-26 18:00:00,9120.46673470001,34578.00000000003,263.7650163311933
2023-04-26 19:00:00,8907.662878321418,33857.500000000044,263.09275281167857
2023-04-26 20:00:00,8240.322530322346,32083.500000000047,256.8398874911507
2023-04-26 21:00:00,7429.527142247181,29433.500000000025,252.41738638786327
2023-04-26 22:00:00,6249.682875993499,26294.999999999807,237.67571310110458
2023-04-26 23:00:00,5970.118473461603,25422.50000000004,234.83601036332354
2023-04-27 00:00:00,6205.481207168148,25415.0,244.16609117324998
2023-04-27 01:00:00,6218.467969843958,25000.000000000036,248.73871879375795
2023-04-27 02:00:00,6191.832780213873,24912.000000000044,248.54820087563672
2023-04-27 03:00:00,6297.5399518685945,25496.000000000033,247.00109632368162
2023-04-27 04:00:00,6632.15198605274,26852.000000000022,246.98912505782565
2023-04-27 05:00:00,7340.748316729972,29191.500000000033,251.4686918017219
2023-04-27 06:00:00,7960.35531658358,33021.500000000044,241.065830340341
2023-04-27 07:00:00,8367.512052045176,35817.5000000001,233.6151895594375
2023-04-27 08:00:00,7963.887845499081,36852.000000000015,216.1046305627667
2023-04-27 09:00:00,7292.6488646002645,37201.000000000015,196.0336782505917
2023-04-27 10:00:00,6756.479467810049,37520.499999999985,180.07434516624383
2023-04-27 11:00:00,6236.863300572961,37775.500000000044,165.1033950728105
2023-04-27 12:00:00,5308.628437697635,37415.000000000015,141.88503107570847
2023-04-27 13:00:00,4608.500806336779,36680.00000000009,125.64069810078429
2023-04-27 14:00:00,4543.006877794344,36532.00000000009,124.3569166154148
2023-04-27 15:00:00,5049.340577779525,36707.00000000001,137.55797471271214
2023-04-27 16:00:00,5757.478652865259,37119.50000000003,155.10657882959777
2023-04-27 17:00:00,5755.144514866938,37335.000000000065,154.14877500647992
2023-04-27 18:00:00,5546.570561056483,36811.500000000095,150.6749401968534
2023-04-27 19:00:00,5368.813687820805,36519.500000000015,147.01224517917285
2023-04-27 20:00:00,4917.977278719451,34876.00000000006,141.01322625070085
2023-04-27 21:00:00,4078.711447545226,32069.000000000047,127.18548902507779
2023-04-27 22:00:00,2886.6360101371706,27055.500000000015,106.69313116139672
2023-04-27 23:00:00,2481.816096013002,25809.000000000033,96.16087783381762
2023-04-28 00:00:00,2305.9618754035887,25212.00000000003,91.46286987956474
2023-04-28 01:00:00,2336.6287138753855,25351.00000000004,92.17106677745974
2023-04-28 02:00:00,2498.7329334582614,24579.500000000025,101.65922551143265
2023-04-28 03:00:00,2408.9790317115694,23868.50000000004,100.92712284858979
2023-04-28 04:00:00,3277.9181974995513,24522.500000000033,133.66982149044946
2023-04-28 05:00:00,5337.584348987879,27865.000000000025,191.5515646505607
2023-04-28 06:00:00,6443.082620828551,31727.500000000102,203.07564796559862
2023-04-28 07:00:00,7241.935421611155,33887.500000000044,213.70521347432376
2023-04-28 08:00:00,7727.131934349309,34902.00000000003,221.39510441663234
2023-04-28 09:00:00,7684.955041183085,35573.500000000015,216.03033272472715
2023-04-28 10:00:00,8286.800145383639,35566.499999999985,232.99453545846913
2023-04-28 11:00:00,7980.94771345384,35116.99999999991,227.26735522549933
2023-04-28 12:00:00,7540.595831593652,34036.99999999999,221.5411414517629
2023-04-28 13:00:00,7563.864996327247,33759.00000000005,224.05477047090363
2023-04-28 14:00:00,7255.280484683751,32940.500000000065,220.254109217642
2023-04-28 15:00:00,7381.957313447149,33225.000000000015,222.1808070262497
2023-04-28 16:00:00,7604.319250627095,33473.500000000044,227.17430954716673
2023-04-28 17:00:00,7674.564892052069,32892.00000000003,233.3261854570127
2023-04-28 18:00:00,7671.479131730633,32498.4999999998,236.05640665663586
2023-04-28 19:00:00,7544.781931735438,31781.50000000004,237.39540083807964
2023-04-28 20:00:00,7268.869080500608,30552.500000000004,237.91405222160566
2023-04-28 21:00:00,6439.434205259215,27785.000000000036,231.75937395210389
2023-04-28 22:00:00,5683.894778170834,25121.50000000003,226.25618606256901
2023-04-28 23:00:00,5305.745305320979,23540.000000000022,225.39274873920874
2023-04-29 00:00:00,5343.525152700492,23517.500000000025,227.21484650581422
2023-04-29 01:00:00,5466.68270878841,23585.00000000001,231.78641970694966
2023-04-29 02:00:00,5277.524548758069,22825.00000000014,231.21684770024257
2023-04-29 03:00:00,5008.282488961869,22199.500000000025,225.60339147106302
2023-04-29 04:00:00,5157.631971772897,21945.00000000001,235.025380349642
2023-04-29 05:00:00,5320.7667966480885,23095.000000000007,230.38609208261903
2023-04-29 06:00:00,5979.941655470286,25760.499999999953,232.13608646844187
2023-04-29 07:00:00,6612.792546769925,28567.000000000025,231.48361909790734
2023-04-29 08:00:00,7280.013915443017,30780.000000000047,236.51767106702422
2023-04-29 09:00:00,7317.927705033414,31818.499999999996,229.98971368962756
2023-04-29 10:00:00,7012.808483348968,31832.500000000025,220.30341579671602
2023-04-29 11:00:00,6743.333094314089,32112.50000000001,209.99090990468156
2023-04-29 12:00:00,6703.002953023333,31552.499999999993,212.43967840974042
2023-04-29 13:00:00,6361.196058362408,30683.000000000004,207.31988587694838
2023-04-29 14:00:00,6036.910989524112,29640.500000000025,203.67102408947576
2023-04-29 15:00:00,6338.710598095057,29528.499999999996,214.6641582909751
2023-04-29 16:00:00,6951.511944845889,30279.50000000005,229.57816162241377
2023-04-29 17:00:00,7109.528834606816,29978.00000000001,237.15821050793295
2023-04-29 18:00:00,6845.029734543397,29239.000000000022,234.10615050252719
2023-04-29 19:00:00,7000.681906286227,28816.50000000002,242.94004845440017
2023-04-29 20:00:00,6586.703929118616,28086.500000000036,234.51494237867328
2023-04-29 21:00:00,5487.132168597513,26130.00000000006,209.99357706075395
2023-04-29 22:00:00,4105.651208673695,23678.499999999996,173.3915243226427
2023-04-29 23:00:00,3258.1768008859526,22215.499999999993,146.662321392089
2023-04-30 00:00:00,3082.3145223367683,22252.999999999985,138.51231395033344
2023-04-30 01:00:00,2946.032750935705,22058.99999999998,133.5524162897551
2023-04-30 02:00:00,2803.158680524763,21579.999999999993,129.89613904192603
2023-04-30 03:00:00,2748.4080992914387,20915.499999999985,131.4053261596156
2023-04-30 04:00:00,2611.1757791413584,20663.999999999985,126.36352009007746
2023-04-30 05:00:00,3000.0012477584705,21658.99999999998,138.51060749612046
2023-04-30 06:00:00,3333.6619133699432,23894.5,139.5158682278325
2023-04-30 07:00:00,3750.724342018449,26451.500000000025,141.79628157263087
2023-04-30 08:00:00,4065.909560962885,28813.00000000001,141.11371814677
2023-04-30 09:00:00,4267.510590931101,29998.000000000022,142.2598370201713
2023-04-30 10:00:00,4913.813803739162,30686.50000000003,160.1294968060599
2023-04-30 11:00:00,4828.030042047438,30828.000000000076,156.61184773736298
2023-04-30 12:00:00,4274.439127676988,30188.500000000033,141.59163680464363
2023-04-30 13:00:00,4158.698048470719,29901.999999999978,139.0775884044787
2023-04-30 14:00:00,4098.34038539898,29407.50000000006,139.3637808517886
2023-04-30 15:00:00,4197.591490970056,29832.000000000004,140.7076793701413
2023-04-30 16:00:00,4774.645104989219,30535.999999999978,156.36118368447808
2023-04-30 17:00:00,4890.135659442471,30074.500000000065,162.6007301681644
2023-04-30 18:00:00,4686.776839932241,28945.00000000005,161.92008429546496
2023-04-30 19:00:00,4971.5255743108055,28597.50000000001,173.84476175577598
2023-04-30 20:00:00,4877.638761541941,27811.500000000004,175.3820815684857
2023-04-30 21:00:00,4482.298420019244,25599.000000000065,175.09662174378815
2023-04-30 22:00:00,2508.3709731331305,23541.999999999996,106.54876277007608
2023-04-30 23:00:00,1646.657999999997,21923.720037278887,75.10851247872328
2023-05-01 00:00:00,1806.1939999999968,22419.610916587684,80.56312871440784
2023-05-01 01:00:00,1827.4459999999967,22373.98550942214,81.67726752260666
2023-05-01 02:00:00,2029.7182152290338,21388.99999999999,94.89542359292324
2023-05-01 03:00:00,2373.851999999991,21021.499999999996,112.92495778131872
2023-05-01 04:00:00,2218.4418378881446,21021.99999999999,105.52953276986709
2023-05-01 05:00:00,2757.324708390757,22026.999999999993,125.17931213468734
2023-05-01 06:00:00,3669.353944222829,24530.50000000003,149.5833327581103
2023-05-01 07:00:00,4324.327179952433,27079.000000000033,159.69301598849395
2023-05-01 08:00:00,4596.639807200676,29381.500000000062,156.44673713733698
2023-05-01 09:00:00,4601.679399184649,30748.000000000055,149.65784438612727
2023-05-01 10:00:00,5003.498250807414,30976.50000000002,161.5256162189857
2023-05-01 11:00:00,4812.92462450518,31772.000000000022,151.48321240416647
2023-05-01 12:00:00,4046.1593171165455,30763.50000000003,131.52467427687168
2023-05-01 13:00:00,3876.8588512311185,29864.000000000033,129.8171327093194
2023-05-01 14:00:00,4273.680142003547,30186.00000000003,141.57821977087204
2023-05-01 15:00:00,5216.532326284355,31034.000000000025,168.09087859394054
2023-05-01 16:00:00,5772.6547995744195,31734.99999999999,181.90183707497783
2023-05-01 17:00:00,6031.5249477951675,31820.00000000002,189.55138113749732
2023-05-01 18:00:00,6100.740368897846,30829.500000000033,197.8864519015177
2023-05-01 19:00:00,5889.314852144342,30096.000000000022,195.6843052945354
2023-05-01 20:00:00,5938.481780278679,29337.000000000025,202.422939642045
2023-05-01 21:00:00,5326.336463924053,26486.50000000004,201.09627409903328
2023-05-01 22:00:00,5110.270341376123,23539.00000000002,217.09802206449376
2023-05-01 23:00:00,4745.380293212093,22107.000000000022,214.6550998874605
2023-05-02 00:00:00,4659.571397741623,22514.500000000025,206.95868874465867
2023-05-02 01:00:00,4565.999842534287,22235.000000000022,205.35191556259426
2023-05-02 02:00:00,4554.392774849022,21833.00000000003,208.60132711258262
2023-05-02 03:00:00,4696.203178424718,21264.50000000001,220.84710096285903
2023-05-02 04:00:00,5573.766965611149,22147.500000000022,251.6657395015755
2023-05-02 05:00:00,6563.537933926185,25393.500000000025,258.47314997641837
2023-05-02 06:00:00,7859.0203753157975,30190.50000000003,260.31434972311786
2023-05-02 07:00:00,8470.62671938269,33353.50000000004,253.96515266411862
2023-05-02 08:00:00,8808.066232382336,34534.50000000004,255.05121638889594
2023-05-02 09:00:00,8719.006847289895,35176.00000000009,247.868059111038
2023-05-02 10:00:00,8735.754856338923,35612.50000000003,245.30024166623843
2023-05-02 11:00:00,8499.165996342717,35178.500000000044,241.6011483247639
2023-05-02 12:00:00,8190.554754100966,34294.000000000204,238.83346224123514
2023-05-02 13:00:00,7967.27328717795,33761.5,235.98694629024035
2023-05-02 14:00:00,8178.102235543307,33366.00000000003,245.10286625736677
2023-05-02 15:00:00,8212.504432733811,33770.500000000044,243.18575184654657
2023-05-02 16:00:00,8425.073639145106,33946.500000000044,248.1868127537477
2023-05-02 17:00:00,8184.658685047133,33505.50000000003,244.27806434905094
2023-05-02 18:00:00,8092.255104160507,32492.50000000005,249.04993780597042
2023-05-02 19:00:00,7953.397944092086,31806.00000000001,250.05967251751505
2023-05-02 20:00:00,7736.984723920339,30777.999999999996,251.3803601247755
2023-05-02 21:00:00,6706.8759236132155,27720.500000000033,241.94642678210016
2023-05-02 22:00:00,5415.901431769551,24799.000000000025,218.39192837491615
2023-05-02 23:00:00,4934.435555999066,23159.00000000003,213.06772986739756
2023-05-03 00:00:00,5011.1772397710065,22798.500000000022,219.80293614803614
2023-05-03 01:00:00,4737.733776596496,22298.500000000044,212.46872106179725
2023-05-03 02:00:00,4598.849112606736,22228.500000000036,206.88976370905496
2023-05-03 03:00:00,4725.991395087561,22176.500000000007,213.10808265901107
2023-05-03 04:00:00,5422.943041680717,23292.00000000002,232.8242762184747
2023-05-03 05:00:00,6107.437764062405,26536.000000000055,230.15668390346673
2023-05-03 06:00:00,7187.096304768046,31555.500000000047,227.76049515197147
2023-05-03 07:00:00,7605.399410291457,33913.500000000044,224.2587586150485
2023-05-03 08:00:00,7419.534770559367,34551.50000000004,214.73842729141597
2023-05-03 09:00:00,6906.559623907485,34310.5,201.2958022735747
2023-05-03 10:00:00,6385.386409778951,34600.500000000015,184.54607331625118
2023-05-03 11:00:00,5862.42009208749,35221.00000000006,166.44672474056617
2023-05-03 12:00:00,5337.626738047106,34518.00000000003,154.63314033394465
2023-05-03 13:00:00,4636.325548627934,33317.50000000004,139.15586549494796
2023-05-03 14:00:00,4386.495479496976,32704.50000000002,134.12513505777412
2023-05-03 15:00:00,4476.46494687197,32932.000000000044,135.9305522553129
2023-05-03 16:00:00,4781.915971328104,33184.000000000044,144.10306085246197
2023-05-03 17:00:00,5326.182374951484,33210.500000000015,160.37645849811
2023-05-03 18:00:00,5717.082725826534,33003.00000000001,173.22918297810904
2023-05-03 19:00:00,5155.065634181493,31880.00000000003,161.70218425914328
2023-05-03 20:00:00,4189.961455138983,31000.50000000004,135.15786697437065
2023-05-03 21:00:00,2864.7497192778865,28424.50000000003,100.78452459244255
2023-05-03 22:00:00,1256.461999999997,26871.75540514348,46.7577194365017
2023-05-03 23:00:00,1109.4399999999969,26746.997396932144,41.47904841562697
2023-05-04 00:00:00,1180.0979999999968,26620.847680722996,44.32984306711403
2023-05-04 01:00:00,1215.8199999999968,27630.700071486473,44.00250434677416
2023-05-04 02:00:00,1204.2659999999967,27562.757801651518,43.691781811754666
2023-05-04 03:00:00,1119.995999999997,25638.33558077402,43.684427035890465
2023-05-04 04:00:00,1090.4219999999968,25889.88577903928,42.11768291704144
2023-05-04 05:00:00,1106.357999999997,28622.70078507746,38.65316583181418
2023-05-04 06:00:00,1614.9339999999968,32803.322335439116,49.23080605940029
2023-05-04 07:00:00,1613.815999999997,34029.00000000002,47.424725969026305
2023-05-04 08:00:00,1500.6759999999972,35272.46213318669,42.54525795033914
2023-05-04 09:00:00,1282.7939999999967,36294.59508910892,35.34394024373426
2023-05-04 10:00:00,1536.379999999997,36067.449740657605,42.59741154551574
2023-05-04 11:00:00,1746.0099999999968,37885.45365697578,46.086553847521564
2023-05-04 12:00:00,1495.831999999997,38248.02377095955,39.10873955102831
2023-05-04 13:00:00,1350.3339999999969,37728.05084406257,35.79124735548073
2023-05-04 14:00:00,1204.919999999997,37197.63386904082,32.392382919894224
2023-05-04 15:00:00,1116.8939999999968,36298.40624594366,30.769780701454614
2023-05-04 16:00:00,1064.6199999999967,35368.999999999935,30.10037038084194
2023-05-04 17:00:00,983.9459999999968,35031.50000000003,28.087464139417268
2023-05-04 18:00:00,1026.6939999999968,34418.000000000065,29.830147016096078
2023-05-04 19:00:00,1102.6959999999967,33138.99999999999,33.27487250671405
2023-05-04 20:00:00,1222.475999999997,31354.000000000062,38.9894750271096
2023-05-04 21:00:00,956.2219999999968,28774.87210418613,33.231146833173476
2023-05-04 22:00:00,1084.5139999999967,27081.157132824017,40.04681168831961
2023-05-04 23:00:00,1090.2019999999968,26332.849817523733,41.40083612501749
2023-05-05 00:00:00,1131.7859999999969,26386.105961192057,42.89325608199239
2023-05-05 01:00:00,1176.9439999999968,26848.29721428473,43.83682103212861
2023-05-05 02:00:00,1182.057999999997,26742.28761439789,44.201828095049876
2023-05-05 03:00:00,1088.9019999999969,24785.05983095054,43.93380558396804
2023-05-05 04:00:00,1428.4359999999913,23087.000000000022,61.87187594750249
2023-05-05 05:00:00,1458.4539999999915,26659.00000000004,54.70775347912485
2023-05-05 06:00:00,2173.8828716928165,30907.00000000003,70.33626271371581
2023-05-05 07:00:00,3500.753663893926,33531.50000000004,104.40194038125112
2023-05-05 08:00:00,3976.7190835496353,34729.500000000044,114.50550925149024
2023-05-05 09:00:00,3810.112979162959,34538.50000000003,110.31495227537258
2023-05-05 10:00:00,4108.216567741834,34961.00000000006,117.50855432458532
2023-05-05 11:00:00,4018.0496317452753,34798.50000000006,115.46617330474787
2023-05-05 12:00:00,4775.701286315259,34201.00000000004,139.6363055558391
2023-05-05 13:00:00,4566.756450208029,32974.000000000044,138.4956769032578
2023-05-05 14:00:00,4722.066339172967,32101.500000000025,147.09799664105924
2023-05-05 15:00:00,5196.246305727512,32497.000000000033,159.89926164653681
2023-05-05 16:00:00,6137.215425780965,32808.99999999982,187.05889925877045
2023-05-05 17:00:00,6681.451891261149,32222.500000000022,207.35361599072527
2023-05-05 18:00:00,6801.627718475847,31081.000000000004,218.83554964370023
2023-05-05 19:00:00,6802.464875710873,30002.50000000002,226.72993502910984
2023-05-05 20:00:00,6475.50956968764,29423.000000000044,220.08325356651702
2023-05-05 21:00:00,5879.088164393315,27313.50000000001,215.24477508899676
2023-05-05 22:00:00,4852.944998049496,24320.000000000065,199.54543577506095
2023-05-05 23:00:00,4029.5128398960937,22448.500000000036,179.50031582939116
2023-05-06 00:00:00,3874.646172199166,22384.500000000022,173.09505113802686
2023-05-06 01:00:00,4030.9614514958603,21857.50000000002,184.42005954458912
2023-05-06 02:00:00,4254.3570605442455,21221.500000000033,200.47390903302022
2023-05-06 03:00:00,4495.194968095318,20788.000000000022,216.23989648332272
2023-05-06 04:00:00,4654.234519721658,20682.50000000002,225.0324921900957
2023-05-06 05:00:00,5132.772004696885,21674.00000000004,236.81701599598023
2023-05-06 06:00:00,5668.447958371369,24430.50000000005,232.02341165229353
2023-05-06 07:00:00,6077.434646168556,27578.00000000003,220.37256676222168
2023-05-06 08:00:00,6630.584656745161,30017.000000000025,220.89431511294117
2023-05-06 09:00:00,6702.433519507185,30670.50000000004,218.53029847922846
2023-05-06 10:00:00,6535.228165027758,30773.5,212.3654496572622
2023-05-06 11:00:00,6205.760685059354,30815.000000000004,201.38765812297106
2023-05-06 12:00:00,6141.621676253769,31005.500000000036,198.08168474153817
2023-05-06 13:00:00,5657.826463199052,30297.00000000001,186.74543562725847
2023-05-06 14:00:00,5160.839497057341,29977.999999999705,172.15422967033797
2023-05-06 15:00:00,4718.1087220282925,29696.50000000004,158.87760247935907
2023-05-06 16:00:00,4996.053332111284,30128.00000000005,165.82758006211085
2023-05-06 17:00:00,5270.677353317596,30049.500000000022,175.39983538220574
2023-05-06 18:00:00,5419.399678610982,29391.00000000004,184.38976824915704
2023-05-06 19:00:00,5431.420539831404,28523.000000000004,190.42248500618462
2023-05-06 20:00:00,5098.822451495642,27792.000000000007,183.4636748523187
2023-05-06 21:00:00,4444.343608298958,25646.00000000004,173.29578134207873
2023-05-06 22:00:00,3028.437323210254,23592.50000000001,128.3644091643638
2023-05-06 23:00:00,2451.320913518916,22006.99999999998,111.38823617571309
2023-05-07 00:00:00,2258.744717651809,21417.99999999999,105.46011381323234
2023-05-07 01:00:00,2406.711847671131,21064.499999999996,114.25440184533845
2023-05-07 02:00:00,2522.5677461173614,20502.499999999996,123.03708065442565
2023-05-07 03:00:00,2492.9247664409318,19968.999999999993,124.83973991892096
2023-05-07 04:00:00,2599.4506401248354,19868.499999999985,130.8327573860552
2023-05-07 05:00:00,3064.592974315779,20788.999999999993,147.4141600998499
2023-05-07 06:00:00,3829.904172086622,22414.999999999993,170.8634473382388
2023-05-07 07:00:00,4874.246623418238,25107.00000000002,194.1389502297461
2023-05-07 08:00:00,5358.427064226684,27044.50000000003,198.13370793420762
2023-05-07 09:00:00,5418.360094978699,28274.500000000033,191.634161346043
2023-05-07 10:00:00,5825.00012752458,29219.000000000044,199.35658740971874
2023-05-07 11:00:00,5828.910455056804,30274.000000000073,192.53849689690128
2023-05-07 12:00:00,5610.2620676424485,30065.500000000036,186.601322700186
2023-05-07 13:00:00,5163.53789567111,29345.500000000036,175.95671894059066
2023-05-07 14:00:00,4568.70040845431,28431.500000000033,160.6915009216645
2023-05-07 15:00:00,4785.250376739045,28657.00000000005,166.98364716261426
2023-05-07 16:00:00,5173.0685579644605,28601.00000000002,180.87019887292251
2023-05-07 17:00:00,5195.354222563933,28371.00000000006,183.12199860998635
2023-05-07 18:00:00,5408.238866115142,27862.000000000022,194.1080635315174
2023-05-07 19:00:00,5303.085205690976,27258.500000000047,194.54794672087485
2023-05-07 20:00:00,5165.543544316036,27240.500000000047,189.62733959787914
2023-05-07 21:00:00,4638.940471751446,25533.000000000025,181.68411356877147
2023-05-07 22:00:00,2899.6216939694414,23952.000000000025,121.05968996198389
2023-05-07 23:00:00,2247.1067278234764,22700.500000000022,98.98930542602473
2023-05-08 00:00:00,1703.6937898608753,22067.00000000001,77.20550096800085
2023-05-08 01:00:00,1111.9459999999967,21365.44209988089,52.044137200708604
2023-05-08 02:00:00,1103.473999999997,21311.88344160728,51.7774040489392
2023-05-08 03:00:00,1000.1819999999968,20997.099261155858,47.63429403080978
2023-05-08 04:00:00,970.7279999999968,20663.393187684545,46.9781507414065
2023-05-08 05:00:00,1408.411875179415,21963.500000000022,64.12511098774847
2023-05-08 06:00:00,1443.7459999999915,24373.500000000004,59.2342503128394
2023-05-08 07:00:00,2117.94753406618,26737.0,79.21410532468789
2023-05-08 08:00:00,2717.2352935155013,28959.50000000003,93.82880552203936
2023-05-08 09:00:00,2755.7102848527015,30215.500000000022,91.20187601902002
2023-05-08 10:00:00,3193.6836742827527,30977.00000000008,103.09854647908914
2023-05-08 11:00:00,2835.598703296144,31347.50000000005,90.45693287490676
2023-05-08 12:00:00,2372.6826022440005,30979.00000000005,76.5900320295683
2023-05-08 13:00:00,2280.2553463391337,30153.00000000006,75.62283508570057
2023-05-08 14:00:00,2912.099156263893,30626.00000000008,95.0858471972796
2023-05-08 15:00:00,3776.462119740804,30931.500000000004,122.09114073810852
2023-05-08 16:00:00,4372.0017431013775,32014.500000000047,136.5631742835706
2023-05-08 17:00:00,4439.033370285325,31723.5,139.92886567640156
2023-05-08 18:00:00,4010.5427498190634,30888.500000000004,129.83934959027027
2023-05-08 19:00:00,3851.795228683975,29884.00000000002,128.89155496867795
2023-05-08 20:00:00,3534.0408248533035,28735.500000000022,122.98518643675247
2023-05-08 21:00:00,2655.081557154156,26320.000000000033,100.87695885844046
2023-05-08 22:00:00,2295.435465499699,23142.50000000003,99.18701374093966
2023-05-08 23:00:00,1363.1159999999968,22218.245146812264,61.35119992568668
2023-05-09 00:00:00,1738.574330600016,22007.50000000001,78.99917439963717
2023-05-09 01:00:00,1921.0119999999913,21609.999999999985,88.8945858398886
2023-05-09 02:00:00,1963.7159926933748,20940.49999999998,93.77598398764961
2023-05-09 03:00:00,2402.274910091483,20525.999999999978,117.0357064255815
2023-05-09 04:00:00,3218.201285576573,21111.500000000022,152.43830545326335
2023-05-09 05:00:00,4996.957059054306,25144.00000000004,198.73357695888873
2023-05-09 06:00:00,6912.738599895749,30284.500000000004,228.25995475889474
2023-05-09 07:00:00,8076.6145172066745,32841.50000000005,245.92708972509362
2023-05-09 08:00:00,8475.26257218599,34184.00000000004,247.93068605739472
2023-05-09 09:00:00,8503.8321281244,34678.50000000006,245.2191452376656
2023-05-09 10:00:00,8133.680216063659,33910.500000000306,239.85727771821666
2023-05-09 11:00:00,8389.606958270993,35025.00000000003,239.531961692248
2023-05-09 12:00:00,7968.512245525099,34505.50000000005,230.9345537820083
2023-05-09 13:00:00,7755.673540356254,33490.00000000003,231.5817718828381
2023-05-09 14:00:00,7907.023922904654,33008.50000000002,239.54508453594224
2023-05-09 15:00:00,7872.689632082106,33077.50000000003,238.00739572464965
2023-05-09 16:00:00,8240.485683598668,33430.499999999854,246.49603456719774
2023-05-09 17:00:00,8653.876668751145,33350.999999999956,259.47877631108986
2023-05-09 18:00:00,8530.847112058367,32937.000000000044,259.0049826049232
2023-05-09 19:00:00,8131.529844663031,31378.499999999905,259.14335754300095
2023-05-09 20:00:00,7872.037370487495,30129.499999999996,261.2734154396023
2023-05-09 21:00:00,7028.491734928282,27290.500000000047,257.54353107961634
2023-05-09 22:00:00,5046.593177665524,24353.500000000022,207.22250098201573
2023-05-09 23:00:00,4569.989176483569,23326.999999999996,195.90985452409527
2023-05-10 00:00:00,4245.113314439901,23429.500000000015,181.18667980280836
2023-05-10 01:00:00,3883.2834565023777,22956.0,169.1620254618565
2023-05-10 02:00:00,3770.523809126786,22398.49999999999,168.33822841381289
2023-05-10 03:00:00,3870.1878644832514,21636.50000000003,178.8731016792571
2023-05-10 04:00:00,4437.114596944781,22795.500000000015,194.64870684761368
2023-05-10 05:00:00,6021.343461598518,26811.00000000001,224.5848145014552
2023-05-10 06:00:00,7172.312199999535,30732.000000000033,233.3825393726255
2023-05-10 07:00:00,7367.9821028393635,32996.50000000023,223.29586782959743
2023-05-10 08:00:00,7397.902161685764,34069.50000000004,217.14149493493468
2023-05-10 09:00:00,7332.078179770197,34261.00000000003,214.00654329325445
2023-05-10 10:00:00,7374.5707571650755,34577.99999999977,213.27349057681548
2023-05-10 11:00:00,7213.693570786408,34648.0,208.19942192295105
2023-05-10 12:00:00,6593.0437139666965,33987.00000000003,193.98722199566572
2023-05-10 13:00:00,6458.43428676793,34047.5,189.68894299927837
2023-05-10 14:00:00,5517.3259347225485,32915.500000000015,167.6209060996353
2023-05-10 15:00:00,5672.4462401436795,33997.00000000003,166.85137630213472
2023-05-10 16:00:00,6608.914199042252,34784.500000000015,189.9959521925642
2023-05-10 17:00:00,7034.241422337185,34425.000000000015,204.33526281299007
2023-05-10 18:00:00,7123.017652348493,33314.999999999956,213.80812403867637
2023-05-10 19:00:00,7415.618526811838,32042.00000000003,231.4343214160112
2023-05-10 20:00:00,7459.522240136703,30854.00000000003,241.76840086007311
2023-05-10 21:00:00,6467.034122480742,27338.500000000025,236.55409486550965
2023-05-10 22:00:00,5899.443426147061,24684.5,238.99383929782093
2023-05-10 23:00:00,5614.826347102099,23795.500000000047,235.96168801252708
2023-05-11 00:00:00,5700.732307212702,24508.000000000007,232.60699800933165
2023-05-11 01:00:00,5476.2470867759075,24046.500000000022,227.73572398377738
2023-05-11 02:00:00,5351.552400009002,23620.00000000004,226.56868755330197
2023-05-11 03:00:00,5863.901608483549,23642.000000000007,248.02899959747685
2023-05-11 04:00:00,6278.48938869265,23411.00000000002,268.18544225759877
2023-05-11 05:00:00,7329.601697723093,26485.00000000003,276.74539164519865
2023-05-11 06:00:00,8560.773205753594,29859.000000000025,286.70662801010036
2023-05-11 07:00:00,8912.671698643107,32371.000000000044,275.3288961923665
2023-05-11 08:00:00,8724.419864115454,33265.00000000003,262.2702499358319
2023-05-11 09:00:00,8653.895542973336,33574.50000000003,257.7520303496203
2023-05-11 10:00:00,8205.513280788713,33728.00000000004,243.2849051467239
2023-05-11 11:00:00,8176.412630805813,34352.00000000003,238.01853256886955
2023-05-11 12:00:00,7897.367621829641,34348.00000000002,229.9221969788528
2023-05-11 13:00:00,7156.0136540021385,32951.000000000015,217.17136517866334
2023-05-11 14:00:00,6758.456121910831,32295.00000000002,209.27252274069755
2023-05-11 15:00:00,7349.719702173765,33206.50000000003,221.33376604501404
2023-05-11 16:00:00,7440.98054224279,32942.499999999825,225.87783386940364
2023-05-11 17:00:00,7767.9831853745845,32398.50000000004,239.76366761962979
2023-05-11 18:00:00,7582.899062548718,31854.499999999764,238.04797006855463
2023-05-11 19:00:00,7474.767191574651,30474.50000000004,245.2794038154733
2023-05-11 20:00:00,7147.538556712253,29551.500000000033,241.86719986167353
2023-05-11 21:00:00,6479.176021489401,27253.000000000047,237.74175398999705
2023-05-11 22:00:00,5353.742199773164,24431.000000000015,219.13725184287017
2023-05-11 23:00:00,4539.000328354696,22346.500000000036,203.119071369328
2023-05-12 00:00:00,4548.195870261444,21825.000000000033,208.39385430751142
2023-05-12 01:00:00,4178.450498470899,21573.50000000003,193.6844044068368
2023-05-12 02:00:00,4184.951367793539,21990.50000000003,190.30724029892608
2023-05-12 03:00:00,3963.8557362069664,22235.500000000047,178.2669936006367
2023-05-12 04:00:00,4117.424976603181,23612.000000000033,174.3784929952217
2023-05-12 05:00:00,4291.262888641084,25896.000000000036,165.71141831329464
2023-05-12 06:00:00,5091.930841963733,29956.999999999996,169.9746584091776
2023-05-12 07:00:00,5501.853905215579,32528.50000000001,169.13949014604353
2023-05-12 08:00:00,5091.39203973361,33694.50000000002,151.10454346358028
2023-05-12 09:00:00,5366.105426850123,33934.00000000003,158.13359541610532
2023-05-12 10:00:00,5272.071589958113,34379.500000000015,153.3492805293303
2023-05-12 11:00:00,4863.192695193454,34453.00000000006,141.15440441161715
2023-05-12 12:00:00,4177.635158757559,33827.000000000015,123.50001947431217
2023-05-12 13:00:00,3747.7923781144514,33144.00000000006,113.07604326920242
2023-05-12 14:00:00,3750.3682109221068,32349.50000000003,115.93280300845774
2023-05-12 15:00:00,4023.812144392912,32273.000000000073,124.68044942809479
2023-05-12 16:00:00,4410.49187397031,32887.500000000044,134.10845682919967
2023-05-12 17:00:00,4535.522027514328,32092.500000000007,141.32654132630137
2023-05-12 18:00:00,4549.264534519686,31357.500000000044,145.0773988525769
2023-05-12 19:00:00,4444.135558218359,29831.49999999997,148.97459256887393
2023-05-12 20:00:00,4454.528280155264,28668.50000000004,155.38058427037544
2023-05-12 21:00:00,3871.9893343608805,26893.000000000062,143.97759024135914
2023-05-12 22:00:00,2902.67063080168,24061.00000000003,120.63798806374118
2023-05-12 23:00:00,2479.4838122501787,22719.500000000044,109.13461177623512
2023-05-13 00:00:00,2027.2193709567161,21820.500000000025,92.9043500816532
2023-05-13 01:00:00,1836.4334035013842,21601.00000000002,85.01612904501563
2023-05-13 02:00:00,1809.106872614653,21116.500000000004,85.6726669956978
2023-05-13 03:00:00,2070.7023670170224,21299.00000000002,97.22063791807224
2023-05-13 04:00:00,1889.3581073832613,21160.999999999993,89.2849159956175
2023-05-13 05:00:00,2481.2097443049392,22121.50000000004,112.16281645932395
2023-05-13 06:00:00,3541.758292334043,24720.500000000055,143.272113927066
2023-05-13 07:00:00,4103.497270240667,27521.000000000044,149.1042211489648
2023-05-13 08:00:00,4561.115292822729,29214.50000000004,156.12505067082176
2023-05-13 09:00:00,4588.953598340622,29901.000000000047,153.47157614596887
2023-05-13 10:00:00,4789.412568010432,30239.500000000036,158.38266399941884
2023-05-13 11:00:00,4803.897882620021,30489.500000000015,157.5590902645179
2023-05-13 12:00:00,4372.626309619737,30009.00000000004,145.71049717150626
2023-05-13 13:00:00,3835.8316639425607,29452.999999999996,130.2356861420759
2023-05-13 14:00:00,3743.2132850492194,28712.00000000003,130.37103946256673
2023-05-13 15:00:00,3936.825687882552,28977.500000000025,135.85801700914672
2023-05-13 16:00:00,4424.964916438006,29530.50000000006,149.84388738551658
2023-05-13 17:00:00,4871.569024793731,29479.50000000004,165.2527697143345
2023-05-13 18:00:00,5022.937846291438,28327.5,177.31666565321467
2023-05-13 19:00:00,5243.400457763986,27588.5,190.05746806691144
2023-05-13 20:00:00,5280.7017697820675,26603.0,198.50023567951237
2023-05-13 21:00:00,5034.006699866637,25215.999999999993,199.6354179832899
2023-05-13 22:00:00,4681.141042837273,23444.0,199.67330843018567
2023-05-13 23:00:00,4163.134294689253,21611.999999999993,192.63068178277135
2023-05-14 00:00:00,3932.3506921845737,20785.499999999985,189.18720705225164
2023-05-14 01:00:00,3630.7674153915423,20526.499999999993,176.88195334769898
2023-05-14 02:00:00,3403.51474865888,20296.499999999993,167.68973708072235
2023-05-14 03:00:00,3152.4088913007904,19761.49999999999,159.52275339932658
2023-05-14 04:00:00,2933.3768283512536,19407.49999999999,151.14655820436715
2023-05-14 05:00:00,3324.063052191079,20436.499999999996,162.65324552595013
2023-05-14 06:00:00,4052.622004570591,22498.499999999978,180.1285421059446
2023-05-14 07:00:00,4771.583194299337,24597.500000000007,193.9865105925129
2023-05-14 08:00:00,5500.931769533032,26616.00000000004,206.67762885230778
2023-05-14 09:00:00,5382.264543601007,28256.5,190.47881172831055
2023-05-14 10:00:00,5580.8358225796665,29514.00000000007,189.0911371748883
2023-05-14 11:00:00,5364.179851924628,30463.000000000036,176.0883646365959
2023-05-14 12:00:00,4964.551117160056,29781.00000000005,166.70196155804194
2023-05-14 13:00:00,4057.8563270868017,28569.000000000022,142.03704459682868
2023-05-14 14:00:00,4229.382953015195,28671.000000000025,147.5143159643958
2023-05-14 15:00:00,4542.887447064087,29268.00000000007,155.21687327675536
2023-05-14 16:00:00,5121.584806167089,30070.000000000036,170.3220753630556
2023-05-14 17:00:00,5370.632949519028,30006.000000000022,178.9853012570494
2023-05-14 18:00:00,4983.304092223269,28927.00000000004,172.27172165185684
2023-05-14 19:00:00,5002.324667598849,28428.00000000003,175.96470619103857
2023-05-14 20:00:00,5159.643069271538,27817.499999999996,185.48191136052984
2023-05-14 21:00:00,4544.86891325691,25547.00000000002,177.90225518678932
2023-05-14 22:00:00,3977.3716392919996,23722.500000000025,167.66241497700477
2023-05-14 23:00:00,3144.0791371827727,22513.500000000022,139.65305870623268
2023-05-15 00:00:00,2616.0777167273213,22651.000000000022,115.49502082589373
2023-05-15 01:00:00,2120.758690917983,22304.00000000003,95.08423112078462
2023-05-15 02:00:00,2095.3174240460844,21831.00000000004,95.97899427630803
2023-05-15 03:00:00,2127.732628857789,22433.500000000025,94.84621788208646
2023-05-15 04:00:00,2261.5226239128283,24119.500000000025,93.7632464981789
2023-05-15 05:00:00,2697.195417994161,26725.500000000065,100.9221686402183
2023-05-15 06:00:00,3683.085573948027,31337.50000000007,117.52965533140866
2023-05-15 07:00:00,3922.4790177866225,32603.000000000025,120.31037075688187
2023-05-15 08:00:00,3875.4522530072954,34184.00000000006,113.37035610248329
2023-05-15 09:00:00,3638.85867966502,34132.50000000004,106.6097906589033
2023-05-15 10:00:00,4374.957228337045,34517.000000000065,126.74789895810868
2023-05-15 11:00:00,4422.787588218668,34832.50000000004,126.97301624111573
2023-05-15 12:00:00,3769.498626642093,34253.999999999985,110.04550203310838
2023-05-15 13:00:00,3342.4352875127884,33505.500000000015,99.75780953911409
2023-05-15 14:00:00,3028.066589778077,32771.00000000005,92.4007991754317
2023-05-15 15:00:00,3220.2323807000826,32903.00000000006,97.87047930887995
2023-05-15 16:00:00,3534.3564248468406,33508.00000000001,105.477988087825
2023-05-15 17:00:00,4176.663344515121,33235.500000000015,125.66873808172343
2023-05-15 18:00:00,4710.179843706198,32195.00000000003,146.30159477267256
2023-05-15 19:00:00,5284.628391901962,30537.50000000004,173.05373366850446
2023-05-15 20:00:00,5247.735223120412,29292.500000000007,179.14944860016766
2023-05-15 21:00:00,4963.797184260622,27303.000000000007,181.80409421164785
2023-05-15 22:00:00,4194.126991747259,24878.500000000025,168.58439985317665
2023-05-15 23:00:00,3667.9613062273897,23756.0,154.40146936468219
2023-05-16 00:00:00,3131.8346654753773,23702.999999999996,132.12819750560595
2023-05-16 01:00:00,2618.6936712838306,23450.500000000015,111.66899090781983
2023-05-16 02:00:00,1947.0670859730512,22796.499999999996,85.41079051490587
2023-05-16 03:00:00,1978.882595242024,22487.00000000002,88.00118269409091
2023-05-16 04:00:00,1988.5645453191248,22863.500000000033,86.97550879432816
2023-05-16 05:00:00,3387.250742894581,26253.00000000005,129.0233780099255
2023-05-16 06:00:00,4374.192390495229,30463.00000000002,143.59033550521048
2023-05-16 07:00:00,4499.351280934602,32864.500000000015,136.90612304871823
2023-05-16 08:00:00,4153.215003108111,34191.49999999999,121.46922489823821
2023-05-16 09:00:00,4036.391772204235,34804.999999999985,115.97160672903999
2023-05-16 10:00:00,5299.290750918705,35838.0,147.86792652822996
2023-05-16 11:00:00,5729.451771660353,36236.00000000005,158.11490704438526
2023-05-16 12:00:00,5352.43587214862,35168.5,152.1940336422827
2023-05-16 13:00:00,5272.865465552085,34164.00000000003,154.33981575787615
2023-05-16 14:00:00,5232.983493327083,33268.000000000015,157.29780850448122
2023-05-16 15:00:00,5748.495820406608,33951.500000000044,169.3149292492703
2023-05-16 16:00:00,6152.216373953631,34306.00000000003,179.3335385633308
2023-05-16 17:00:00,6687.312112937005,33922.00000000004,197.13790793399556
2023-05-16 18:00:00,6724.036102152115,32805.00000000003,204.96985527060232
2023-05-16 19:00:00,6471.088015660854,31067.50000000006,208.29123732713742
2023-05-16 20:00:00,6646.561592252887,30491.499999999894,217.98080095281998
2023-05-16 21:00:00,6182.660853554569,27907.00000000003,221.54516263140297
2023-05-16 22:00:00,5447.0546859765145,25006.500000000022,217.8255527953336
2023-05-16 23:00:00,4970.102234978686,23289.00000000003,213.40986023353
2023-05-17 00:00:00,4722.310115051092,23264.500000000033,202.98352060225173
2023-05-17 01:00:00,4621.598987324991,23102.500000000004,200.0475700605991
2023-05-17 02:00:00,4385.708702862637,22517.000000000004,194.77322480182247
2023-05-17 03:00:00,4616.22812821118,22148.50000000004,208.4217047750941
2023-05-17 04:00:00,5636.993317214786,22640.000000000033,248.9838037639036
2023-05-17 05:00:00,6745.732995871263,26535.000000000025,254.22019958060133
2023-05-17 06:00:00,8014.052807920522,30692.500000000055,261.1078539682498
2023-05-17 07:00:00,8475.382764718555,33058.50000000006,256.37529726752695
2023-05-17 08:00:00,8450.208776575791,34005.99999999991,248.49170077562232
2023-05-17 09:00:00,8100.0705111938105,34107.00000000003,237.48997306106676
2023-05-17 10:00:00,7661.407805555225,34724.00000000002,220.63724817288391
2023-05-17 11:00:00,7098.971133971433,33989.000000000226,208.8608412713344
2023-05-17 12:00:00,6775.92472070985,33079.5,204.83757979140705
2023-05-17 13:00:00,6491.776301971877,32890.00000000003,197.37842207272334
2023-05-17 14:00:00,6715.885764061374,33246.50000000006,202.0027901902866
2023-05-17 15:00:00,6639.064257734303,32993.500000000015,201.22340029806782
2023-05-17 16:00:00,6497.6409698281805,32719.500000000357,198.58619385467716
2023-05-17 17:00:00,6581.220253073328,32592.500000000044,201.92437686809293
2023-05-17 18:00:00,6568.907251889069,31861.000000000044,206.17391958472928
2023-05-17 19:00:00,6437.929301656022,30507.000000000022,211.031215840824
2023-05-17 20:00:00,6236.012317732393,29994.50000000002,207.90519320983478
2023-05-17 21:00:00,5662.91276824033,27670.000000000025,204.65893632961058
2023-05-17 22:00:00,4218.458684295488,24657.500000000025,171.08217314389063
2023-05-17 23:00:00,3763.354716467392,23197.000000000033,162.23454396979724
2023-05-18 00:00:00,3604.5970829198213,22538.50000000003,159.93065567450438
2023-05-18 01:00:00,3335.170091767801,22277.50000000003,149.71024988296696
2023-05-18 02:00:00,3252.3229457794814,21747.000000000025,149.55271742214916
2023-05-18 03:00:00,3367.4332615536264,21593.500000000033,155.94661641482952
2023-05-18 04:00:00,4127.763738214273,22904.50000000003,180.21627794600485
2023-05-18 05:00:00,4774.541622292151,25250.500000000007,189.08701302121344
2023-05-18 06:00:00,6580.668809470775,29943.999999999996,219.76585658131097
2023-05-18 07:00:00,7085.690579737992,31911.000000000004,222.04539436990353
2023-05-18 08:00:00,6879.3172170421885,33170.500000000044,207.39262950640418
2023-05-18 09:00:00,6501.700394088241,33765.000000000015,192.55739357584002
2023-05-18 10:00:00,6213.442678363563,34018.999999999985,182.64624704910685
2023-05-18 11:00:00,6237.332259256549,34096.50000000003,182.93174546526896
2023-05-18 12:00:00,5817.03523324188,33265.499999999985,174.86691116147009
2023-05-18 13:00:00,5321.912749832706,32415.500000000025,164.17802439674546
2023-05-18 14:00:00,5421.38700137401,31978.00000000004,169.53489903602485
2023-05-18 15:00:00,5746.370899227087,32124.000000000007,178.88092700868776
2023-05-18 16:00:00,6436.684968489199,32812.00000000002,196.16862637112015
2023-05-18 17:00:00,6541.696315416766,32706.999999999996,200.0090596941562
2023-05-18 18:00:00,6777.32764533124,31898.000000000033,212.46873300304824
2023-05-18 19:00:00,6382.976343720341,30593.50000000002,208.6383167574922
2023-05-18 20:00:00,5671.514272115424,29143.50000000006,194.6064910568536
2023-05-18 21:00:00,5116.03861953173,26489.00000000001,193.1382317011487
2023-05-18 22:00:00,4318.635526759135,23934.000000000025,180.43935517502842
2023-05-18 23:00:00,4116.928373246531,22875.000000000015,179.97501085230724
2023-05-19 00:00:00,4169.124284000522,22632.50000000003,184.20962262235795
2023-05-19 01:00:00,4236.360053477385,22433.00000000003,188.84500751024737
2023-05-19 02:00:00,4204.034866144336,22178.50000000002,189.55451748965584
2023-05-19 03:00:00,4352.946990906981,22463.000000000022,193.78297604536246
2023-05-19 04:00:00,4617.330401242483,23140.999999999978,199.53028828669838
2023-05-19 05:00:00,5525.22195256746,25912.000000000062,213.23023898454178
2023-05-19 06:00:00,7056.868688340477,29527.000000000076,238.9971445910678
2023-05-19 07:00:00,7471.175084998132,31725.000000000025,235.4980326240544
2023-05-19 08:00:00,7520.113329973449,32733.500000000025,229.73752669202634
2023-05-19 09:00:00,7215.500217997767,32960.500000000015,218.9135546486784
2023-05-19 10:00:00,7501.4508382925105,33756.500000000015,222.22241163309312
2023-05-19 11:00:00,7264.6967165209,33800.00000000016,214.9318555183688
2023-05-19 12:00:00,6757.435973498301,33071.00000000001,204.33116547725496
2023-05-19 13:00:00,6407.947430045186,32755.000000000055,195.6326493678881
2023-05-19 14:00:00,6298.302245595844,31762.00000000001,198.29677745720807
2023-05-19 15:00:00,6067.562382784708,32077.500000000113,189.15321900973225
2023-05-19 16:00:00,5897.614577650561,31978.50000000003,184.4243656722659
2023-05-19 17:00:00,5684.9200319044785,31716.500000000025,179.2417206155936
2023-05-19 18:00:00,5462.862284803805,30819.500000000055,177.2534364543161
2023-05-19 19:00:00,5224.289792486629,29856.000000000033,174.98291105595604
2023-05-19 20:00:00,4912.347537064787,28829.500000000007,170.39308822784943
2023-05-19 21:00:00,4277.297170198288,26726.50000000003,160.0395551306113
2023-05-19 22:00:00,3236.6795780337807,24077.99999999999,134.42476858683372
2023-05-19 23:00:00,2458.536847040085,21757.499999999985,112.99721231943406
2023-05-20 00:00:00,2481.9744594862523,21337.000000000007,116.32255984844409
2023-05-20 01:00:00,2461.905312138524,20963.99999999999,117.43490326934389
2023-05-20 02:00:00,2281.23900747331,20730.499999999985,110.04264284379592
2023-05-20 03:00:00,2128.8721616565026,20462.999999999993,104.03519335661943
2023-05-20 04:00:00,1839.0552632103543,20374.499999999993,90.26259604949102
2023-05-20 05:00:00,2466.2019620821634,22225.999999999993,110.96022505543797
2023-05-20 06:00:00,3148.538286087046,24733.00000000003,127.30110726911583
2023-05-20 07:00:00,3219.3854581548135,26956.000000000007,119.4311269533615
2023-05-20 08:00:00,3303.462528106541,28700.00000000004,115.1032239758375
2023-05-20 09:00:00,3275.639652135795,29628.000000000025,110.558919000128
2023-05-20 10:00:00,3310.3635117874196,30198.000000000022,109.62194555226894
2023-05-20 11:00:00,2998.608031550131,30219.50000000008,99.22758588163678
2023-05-20 12:00:00,2722.674462082763,29783.500000000004,91.41553081682015
2023-05-20 13:00:00,2102.4462647338946,28517.500000000025,73.72477477807988
2023-05-20 14:00:00,1795.5139999999967,27959.139760092123,64.21921473288135
2023-05-20 15:00:00,1960.005999999997,28035.152055901894,69.91244406635494
2023-05-20 16:00:00,2432.3179999999916,28146.50000000008,86.41635727355033
2023-05-20 17:00:00,2872.0871016278297,28328.000000000033,101.38686464373859
2023-05-20 18:00:00,3294.129798698763,27612.50000000004,119.2984988211411
2023-05-20 19:00:00,3416.51782283374,26717.50000000006,127.87565538818124
2023-05-20 20:00:00,3438.2443308174475,26212.000000000044,131.17062150226775
2023-05-20 21:00:00,3148.697472830956,25093.00000000002,125.48110918706229
2023-05-20 22:00:00,2244.1815848430447,22887.999999999985,98.05057605920334
2023-05-20 23:00:00,1954.8179999999968,22246.941043863866,87.8690691068817
2023-05-21 00:00:00,1763.871999999997,21599.19241167629,81.66379401511637
2023-05-21 01:00:00,1861.5919999999967,21603.349193014463,86.17145348009052
2023-05-21 02:00:00,1705.2059999999967,21511.735579078777,79.26863891253821
2023-05-21 03:00:00,1706.6839999999966,21548.96779737247,79.2002668549209
2023-05-21 04:00:00,1633.9379999999967,21089.411840630884,77.47669837107784
2023-05-21 05:00:00,1702.2459999999967,20954.189182745344,81.23654822214289
2023-05-21 06:00:00,1921.1979999999912,22504.499999999978,85.36950387700207
2023-05-21 07:00:00,2125.7319999999913,24508.999999999993,86.73271043290187
2023-05-21 08:00:00,2209.409999999991,26476.49999999992,83.44796328819889
2023-05-21 09:00:00,2339.967999999991,27764.500000000022,84.27913342577715
2023-05-21 10:00:00,3155.6573689736547,28158.000000000033,112.06965583399571
2023-05-21 11:00:00,3145.5492543206324,28768.50000000003,109.34005090013832
2023-05-21 12:00:00,2916.707460818248,28382.500000000015,102.76428999623876
2023-05-21 13:00:00,2592.6128393359395,27607.500000000047,93.90972885396849
2023-05-21 14:00:00,2545.170487188513,27573.500000000033,92.30494812731463
2023-05-21 15:00:00,2853.677148613996,28239.00000000002,101.05446894769624
2023-05-21 16:00:00,3317.88713986442,29396.000000000015,112.86866035734177
2023-05-21 17:00:00,3667.136604393329,28992.000000000025,126.48787956654684
2023-05-21 18:00:00,3898.588988921588,27957.50000000003,139.4469816300307
2023-05-21 19:00:00,3696.8635341931276,26710.00000000002,138.4074703928538
2023-05-21 20:00:00,3587.0062497243607,26460.000000000025,135.56335032971873
2023-05-21 21:00:00,3067.676874373406,25319.000000000022,121.16105985123438
2023-05-21 22:00:00,2446.7922826142244,22734.500000000015,107.62463580084113
2023-05-21 23:00:00,2168.7302915483883,21397.00000000001,101.35674587785144
2023-05-22 00:00:00,1682.4516630903393,20817.0,80.82104352646103
2023-05-22 01:00:00,1489.549703436598,20676.000000000007,72.04245034999988
2023-05-22 02:00:00,1386.2119950032286,20413.000000000015,67.90829348960112
2023-05-22 03:00:00,1696.3336963558834,20398.500000000033,83.1597272522921
2023-05-22 04:00:00,2103.8831027400374,22007.50000000002,95.59845974054463
2023-05-22 05:00:00,2974.3812733402324,24892.000000000025,119.49145401495377
2023-05-22 06:00:00,3960.104488305022,28519.50000000008,138.85602792142257
2023-05-22 07:00:00,3995.0351753146415,30840.49999999991,129.538599416827
2023-05-22 08:00:00,3821.969555287327,32620.000000000022,117.16644865994249
2023-05-22 09:00:00,3123.018088585511,32325.500000000025,96.61159420845799
2023-05-22 10:00:00,3675.1142137601837,33669.00000000006,109.15424318394301
2023-05-22 11:00:00,3578.9987970234984,33796.50000000004,105.89850419491647
2023-05-22 12:00:00,3150.629251840945,32931.50000000003,95.67220599854068
2023-05-22 13:00:00,3049.820173737265,33341.50000000009,91.47219452445921
2023-05-22 14:00:00,2841.498814251368,32987.49999999999,86.1386529519172
2023-05-22 15:00:00,2660.3192492852854,33324.00000000003,79.83193041907585
2023-05-22 16:00:00,2646.3053364099555,33430.0,79.15959726024397
2023-05-22 17:00:00,2876.795404190703,33246.00000000002,86.53057222495039
2023-05-22 18:00:00,2690.0292668399115,31698.49999999998,84.86298300676414
2023-05-22 19:00:00,2824.2682117990134,30511.000000000044,92.56557345872011
2023-05-22 20:00:00,2619.0264255446436,29568.999999999996,88.57338515149799
2023-05-22 21:00:00,1954.0263536690704,27193.000000000033,71.85769696867091
2023-05-22 22:00:00,1377.5139046663535,23943.500000000015,57.53185226330122
2023-05-22 23:00:00,1102.3539999999969,22629.290875318842,48.713590102034736
2023-05-23 00:00:00,1065.4419999999968,21530.79085455162,49.484573381323884
2023-05-23 01:00:00,1467.3101448950938,21540.500000000025,68.11866692486674
2023-05-23 02:00:00,1390.2763166578775,21254.999999999993,65.40937740098227
2023-05-23 03:00:00,1116.7899999999968,21178.292718122873,52.73276816333394
2023-05-23 04:00:00,1278.6018250985483,21578.00000000002,59.254881133494635
2023-05-23 05:00:00,2825.442890708669,25222.000000000022,112.02295181621865
2023-05-23 06:00:00,4636.461916331741,29585.99999999983,156.71134713485324
2023-05-23 07:00:00,5038.597536165484,31967.50000000001,157.6162520111201
2023-05-23 08:00:00,4997.765557323574,33298.99999999997,150.08755690331776
2023-05-23 09:00:00,4981.563944834597,33777.50000000002,147.48172436783642
2023-05-23 10:00:00,5390.560803640999,33570.00000000004,160.57672933097984
2023-05-23 11:00:00,4915.129999539261,33248.00000000002,147.83235080423657
2023-05-23 12:00:00,5002.264705961054,33044.000000000044,151.3819363866677
2023-05-23 13:00:00,5007.356867337208,32578.500000000015,153.70127130890637
2023-05-23 14:00:00,4494.4419488884805,32250.500000000033,139.36038042475235
2023-05-23 15:00:00,5111.77658378031,32403.50000000001,157.75384090546726
2023-05-23 16:00:00,5671.576167743747,33076.000000000065,171.4710414724796
2023-05-23 17:00:00,5680.832087757606,32573.500000000062,174.4004202114478
2023-05-23 18:00:00,5502.379016000765,31303.000000000044,175.7780090087454
2023-05-23 19:00:00,5344.070299237435,29938.500000000033,178.50160493135695
2023-05-23 20:00:00,5133.039459623578,29021.00000000005,176.87328002562177
2023-05-23 21:00:00,4835.911271146287,26787.500000000025,180.52865221264702
2023-05-23 22:00:00,3221.818537977216,23624.500000000025,136.37615771665907
2023-05-23 23:00:00,2312.926500631105,21966.00000000003,105.29575255536291
2023-05-24 00:00:00,1870.9454996990983,21077.500000000025,88.76505751152158
2023-05-24 01:00:00,1708.25004367187,20821.000000000004,82.04457248315977
2023-05-24 02:00:00,1741.090002001354,20527.50000000001,84.81744011698224
2023-05-24 03:00:00,1753.152720414894,20345.999999999996,86.1669478233999
2023-05-24 04:00:00,2435.833143901209,21283.50000000003,114.44701970546224
2023-05-24 05:00:00,4420.945985957907,25870.000000000004,170.89083826663727
2023-05-24 06:00:00,5670.618989458827,29783.000000000047,190.39784405395085
2023-05-24 07:00:00,5793.435119792758,31943.000000000007,181.36790908157522
2023-05-24 08:00:00,5609.905552960486,33052.50000000006,169.72711755420846
2023-05-24 09:00:00,6126.820114596331,33304.50000000003,183.963732066127
2023-05-24 10:00:00,5987.890326709074,34110.000000000044,175.546476889741
2023-05-24 11:00:00,5602.484163442678,34167.50000000006,163.97114695083542
2023-05-24 12:00:00,5443.814621905615,33909.00000000001,160.54188038295482
2023-05-24 13:00:00,4947.272922648077,33189.50000000003,149.0613875667929
2023-05-24 14:00:00,4485.443172099092,32639.50000000002,137.42377095540957
2023-05-24 15:00:00,4775.902659087856,32941.50000000007,144.9813353699086
2023-05-24 16:00:00,5597.052713674677,33650.50000000003,166.32896134306094
2023-05-24 17:00:00,5829.903041424058,33341.000000000044,174.8568741616643
2023-05-24 18:00:00,5785.4602336739745,32326.49999999996,178.9695832729798
2023-05-24 19:00:00,5688.282770179506,30338.000000000033,187.496959924171
2023-05-24 20:00:00,5476.363512484324,28936.00000000002,189.2577934919934
2023-05-24 21:00:00,5012.941459692226,27363.499999999945,183.19810914876518
2023-05-24 22:00:00,3488.283420446962,23932.00000000003,145.75812386958705
2023-05-24 23:00:00,2838.5272013260833,21951.000000000015,129.31197673573328
2023-05-25 00:00:00,2693.6553336846705,21481.000000000004,125.397110641249
2023-05-25 01:00:00,2743.8903821888543,21115.499999999978,129.94673970253405
2023-05-25 02:00:00,2763.661178625364,21185.499999999993,130.45059963774113
2023-05-25 03:00:00,2991.091606465319,20918.499999999985,142.98786272750536
2023-05-25 04:00:00,3268.2676603864993,21627.49999999998,151.11629455029484
2023-05-25 05:00:00,5086.99362504675,25352.500000000036,200.65057193755027
2023-05-25 06:00:00,6500.5410249431025,29267.50000000002,222.10783377272054
2023-05-25 07:00:00,6843.1253679289175,31352.500000000004,218.26410550766022
2023-05-25 08:00:00,6749.298216011433,32593.00000000002,207.07815224162948
2023-05-25 09:00:00,6268.278679342514,33003.00000000003,189.93057235228642
2023-05-25 10:00:00,5530.77623715908,32851.500000000015,168.3568859004635
2023-05-25 11:00:00,5008.903956306029,32901.000000000015,152.2416934532697
2023-05-25 12:00:00,4815.996322639256,32253.00000000003,149.3193291364912
2023-05-25 13:00:00,4745.043142642442,31785.500000000036,149.28326257703787
2023-05-25 14:00:00,4771.847468931255,31748.500000000004,150.3015093289842
2023-05-25 15:00:00,4988.7939239289235,31921.000000000022,156.2856402972626
2023-05-25 16:00:00,5354.600482127877,32320.0000000001,165.67451986781745
2023-05-25 17:00:00,5520.239037044115,32138.500000000055,171.7640536130842
2023-05-25 18:00:00,5439.629836753164,30876.5000000001,176.17378384056312
2023-05-25 19:00:00,5514.022540247006,29621.00000000001,186.15247764244975
2023-05-25 20:00:00,5145.599919937878,28751.50000000003,178.96805105604486
2023-05-25 21:00:00,4650.7469168423395,26980.500000000025,172.37437841560887
2023-05-25 22:00:00,3693.3000365748153,24354.000000000015,151.65065437196407
2023-05-25 23:00:00,3091.5223992035585,22441.500000000033,137.75916936049524
2023-05-26 00:00:00,2551.6071134174763,21586.99999999998,118.20109850453878
2023-05-26 01:00:00,2346.7802790367095,20938.99999999999,112.07699885556669
2023-05-26 02:00:00,2187.2684902068468,20463.99999999999,106.88372215631587
2023-05-26 03:00:00,2383.5925450484647,20390.499999999985,116.89720924197377
2023-05-26 04:00:00,3352.806701948153,21417.500000000015,156.5451944413751
2023-05-26 05:00:00,4826.956137277859,24496.000000000033,197.0507894055296
2023-05-26 06:00:00,6017.728675346672,29092.500000000025,206.84811120895992
2023-05-26 07:00:00,6491.032980255405,31527.000000000044,205.8880635726646
2023-05-26 08:00:00,6588.2609795726285,32660.000000000015,201.72262644129287
2023-05-26 09:00:00,6155.580033725185,32705.50000000004,188.2123812118811
2023-05-26 10:00:00,6022.601507201096,32922.99999999972,182.929912438148
2023-05-26 11:00:00,5746.00640463884,33243.50000000003,172.84601214188743
2023-05-26 12:00:00,4914.953436797884,32378.500000000022,151.79682310168417
2023-05-26 13:00:00,4188.518939082476,31062.500000000025,134.84165598655846
2023-05-26 14:00:00,3886.640071229842,30410.00000000004,127.80796025089894
2023-05-26 15:00:00,3858.098521947739,30268.000000000044,127.46460030222457
2023-05-26 16:00:00,4254.00183630249,30746.000000000047,138.359521118275
2023-05-26 17:00:00,4604.3341292153655,30511.50000000001,150.90487616850575
2023-05-26 18:00:00,4901.359387346797,29484.500000000047,166.23511971872642
2023-05-26 19:00:00,5012.724951793054,28130.000000000033,178.19854076761635
2023-05-26 20:00:00,4785.960255677068,27506.500000000033,173.99379258273726
2023-05-26 21:00:00,4412.16852326957,25970.500000000033,169.89155092391613
2023-05-26 22:00:00,2890.710276021473,23395.500000000022,123.5583884089449
2023-05-26 23:00:00,2467.2694567303424,21626.999999999985,114.08283426875406
2023-05-27 00:00:00,2128.5479877604384,20639.499999999993,103.12982328837614
2023-05-27 01:00:00,1882.1367419914818,20027.99999999999,93.97527171916731
2023-05-27 02:00:00,1683.4298492540304,19403.499999999985,86.75908208591397
2023-05-27 03:00:00,1510.8011582048791,19386.999999999993,77.92856853586835
2023-05-27 04:00:00,1424.5948588474942,19513.49999999998,73.00560426614884
2023-05-27 05:00:00,2005.1044476223644,20786.5,96.46185974658383
2023-05-27 06:00:00,2914.598178649871,23463.500000000033,124.21838935580229
2023-05-27 07:00:00,3469.8987061112757,26234.000000000036,132.26723740608642
2023-05-27 08:00:00,3547.4099895851336,28303.000000000047,125.33688971434576
2023-05-27 09:00:00,3059.098183594285,28857.000000000007,106.00887769325584
2023-05-27 10:00:00,2962.7939754431354,29347.500000000033,100.95558311417095
2023-05-27 11:00:00,2926.8002336393447,29857.500000000025,98.02562952823719
2023-05-27 12:00:00,2236.9359366440103,29462.5,75.92485147709836
2023-05-27 13:00:00,1673.4032095252076,28553.50000000007,58.60588752780582
2023-05-27 14:00:00,2438.2434625114815,28317.000000000055,86.10528878452791
2023-05-27 15:00:00,2481.2068808263184,27651.500000000007,89.73136650186491
2023-05-27 16:00:00,2391.8691613362175,27952.000000000025,85.57059106096935
2023-05-27 17:00:00,3633.3727176998614,28840.00000000001,125.98379742371222
2023-05-27 18:00:00,4057.310566037075,28015.500000000033,144.82377848109334
2023-05-27 19:00:00,4243.135777767437,26509.00000000002,160.063969888243
2023-05-27 20:00:00,3956.400514507476,25905.00000000005,152.72729258859172
2023-05-27 21:00:00,3773.484392491709,24759.500000000025,152.40551677100527
2023-05-27 22:00:00,2493.121393573031,22667.999999999985,109.98418005880681
2023-05-27 23:00:00,2246.7582137064187,21246.999999999985,105.74472695940227
2023-05-28 00:00:00,2027.263167234353,20121.999999999993,100.7485919508177
2023-05-28 01:00:00,2082.7408732841277,19614.49999999999,106.18373515940395
2023-05-28 02:00:00,2077.7004267678085,19249.999999999993,107.93248970222386
2023-05-28 03:00:00,2117.9580135282054,18824.49999999998,112.5107181347822
2023-05-28 04:00:00,2042.2742757027308,18230.499999999985,112.02513785703806
2023-05-28 05:00:00,2626.165154214348,19583.49999999999,134.10090914363366
2023-05-28 06:00:00,3104.420776488071,21419.999999999985,144.9309419462219
2023-05-28 07:00:00,3496.4609127099025,23642.000000000015,147.89192592462143
2023-05-28 08:00:00,3598.858376891509,25908.50000000004,138.90647381714507
2023-05-28 09:00:00,3396.372372052179,26986.00000000001,125.85682843148957
2023-05-28 10:00:00,3145.1274436858926,27663.500000000047,113.69231816964184
2023-05-28 11:00:00,3229.764164609358,28344.500000000025,113.94676796589656
2023-05-28 12:00:00,3114.1113027936685,27758.500000000044,112.18586389011163
2023-05-28 13:00:00,2754.145266749651,27426.00000000008,100.42096064864155
2023-05-28 14:00:00,2577.205076541554,27138.00000000004,94.96665474764353
2023-05-28 15:00:00,1858.5659999999968,27406.339257550237,67.81518620689103
2023-05-28 16:00:00,1961.6619999999969,28623.529566151676,68.53319732866666
2023-05-28 17:00:00,1906.605999999997,27773.988914551664,68.6471794118513
2023-05-28 18:00:00,1911.871999999997,26581.177638378504,71.92578244688426
2023-05-28 19:00:00,1857.253999999997,25743.500138988093,72.14457979578377
2023-05-28 20:00:00,1874.529999999997,26019.826204441462,72.04237204628305
2023-05-28 21:00:00,1898.7399999999968,26087.140850599255,72.78451904231507
2023-05-28 22:00:00,1319.7959999999969,22835.703533865264,57.795285266457604
2023-05-28 23:00:00,1574.2479999999969,23298.031983538687,67.56999909315465
2023-05-29 00:00:00,1458.217999999997,22235.201592170833,65.58150570190672
2023-05-29 01:00:00,1571.1359999999968,21551.225431460534,72.90239736003356
2023-05-29 02:00:00,1230.6159999999968,20178.95824519448,60.98511058136819
2023-05-29 03:00:00,1185.623999999997,19698.746803050934,60.18778818033075
2023-05-29 04:00:00,1186.489999999997,19634.46706123346,60.428938371473194
2023-05-29 05:00:00,1288.887999999997,20525.500000000007,62.79447516503844
2023-05-29 06:00:00,1464.1479999999967,22812.99999999999,64.18042344277374
2023-05-29 07:00:00,1831.345999999997,25174.500000000015,72.7460724145463
2023-05-29 08:00:00,2104.897999999991,26461.50000000008,79.54567957220812
2023-05-29 09:00:00,2049.179999999991,27778.0,73.76988984088095
2023-05-29 10:00:00,2081.7079999999914,28699.500000000007,72.53464346068715
2023-05-29 11:00:00,1919.4499999999914,29607.000000000044,64.83095213969631
2023-05-29 12:00:00,1962.6259999999913,29397.500000000033,66.76166340675191
2023-05-29 13:00:00,1845.6719999999914,28704.000000000033,64.3001672240799
2023-05-29 14:00:00,1824.3759999999913,27903.500000000025,65.38161879334096
2023-05-29 15:00:00,2067.0599999999913,27689.500000000073,74.65140215605143
2023-05-29 16:00:00,2554.3206987241006,28512.00000000005,89.58756659385858
2023-05-29 17:00:00,3095.608447091404,28684.500000000025,107.91920539285681
2023-05-29 18:00:00,3467.1274387148724,28355.500000000007,122.27354265362528
2023-05-29 19:00:00,3295.020338182393,26874.000000000036,122.6099701638159
2023-05-29 20:00:00,3009.0280207107144,26131.000000000044,115.15165974171326
2023-05-29 21:00:00,2470.574948647586,24812.000000000033,99.57177771431496
2023-05-29 22:00:00,1635.6439999999968,22546.59233502108,72.54506471292295
2023-05-29 23:00:00,1490.615999999997,22000.27576750482,67.75442343325938
2023-05-30 00:00:00,1451.065999999997,21235.09558802199,68.33338677403906
2023-05-30 01:00:00,1370.659999999997,21499.207475386913,63.75397798124322
2023-05-30 02:00:00,1394.403999999997,21401.73000422959,65.15379830155895
2023-05-30 03:00:00,1125.4239999999968,20120.61378303473,55.93388015573015
2023-05-30 04:00:00,1285.8495282562612,20353.499999999985,63.17584338105299
2023-05-30 05:00:00,1629.2359999999915,23304.0,69.91228973566733
2023-05-30 06:00:00,3050.616380685321,27308.500000000025,111.70940845104337
2023-05-30 07:00:00,4613.466200629321,30370.000000000033,151.90866646787345
2023-05-30 08:00:00,4951.3324942443915,32017.00000000006,154.64698423476221
2023-05-30 09:00:00,4934.372682023807,32728.50000000005,150.7668448607116
2023-05-30 10:00:00,5169.718111507411,32875.000000000015,157.25378285954093
2023-05-30 11:00:00,4890.563299022245,33508.50000000003,145.94993207759944
2023-05-30 12:00:00,4402.738985993522,33183.00000000001,132.68055890044664
2023-05-30 13:00:00,4002.594114202256,32603.500000000022,122.7657801831783
2023-05-30 14:00:00,3776.707023125691,31932.000000000036,118.27342550186918
2023-05-30 15:00:00,4050.1012774358055,31851.50000000004,127.15574705856241
2023-05-30 16:00:00,4365.681602382528,32371.000000000044,134.86397091169633
2023-05-30 17:00:00,4394.2979586350775,32188.500000000033,136.51763700188184
2023-05-30 18:00:00,4180.680329519843,31121.00000000005,134.3363108357648
2023-05-30 19:00:00,3775.203622024429,29452.00000000002,128.18157076003078
2023-05-30 20:00:00,3476.9764884196097,27932.000000000033,124.4800403988116
2023-05-30 21:00:00,2998.24231506541,26180.50000000003,114.52196539658932
2023-05-30 22:00:00,2450.0363245315793,23874.50000000003,102.62147163423637
2023-05-30 23:00:00,1839.9982856705647,22416.500000000025,82.08231818841313
2023-05-31 00:00:00,1931.741470324088,21743.500000000025,88.84225034258908
2023-05-31 01:00:00,2028.4496463749797,21968.00000000003,92.3365643834203
2023-05-31 02:00:00,2221.118983273487,21739.000000000015,102.17208626309791
2023-05-31 03:00:00,2461.7125297765974,21465.000000000033,114.68495363506145
2023-05-31 04:00:00,2930.327374321239,22715.00000000003,129.00406666613407
2023-05-31 05:00:00,3842.1987733267165,24679.500000000033,155.68381747307325
2023-05-31 06:00:00,4779.450374580866,27401.999999999996,174.41976405302046
2023-05-31 07:00:00,5193.869402977792,30495.500000000004,170.3159286772734
2023-05-31 08:00:00,5343.061848710291,31832.000000000004,167.85190527488976
2023-05-31 09:00:00,5202.236093232416,32124.000000000156,161.94235130221614
2023-05-31 10:00:00,5039.492778025507,32612.000000000036,154.52878627577275
2023-05-31 11:00:00,4957.698852584886,33225.500000000044,149.21367180583826
2023-05-31 12:00:00,4672.658976906772,32780.50000000003,142.543859212238
2023-05-31 13:00:00,4429.936851809184,32656.00000000008,135.65460717201046
2023-05-31 14:00:00,4216.7955480203,31927.50000000007,132.07409123859654
2023-05-31 15:00:00,4413.166389608561,31958.000000000036,138.09269633921258
2023-05-31 16:00:00,4776.597491204968,32298.99999999998,147.88685380986936
2023-05-31 17:00:00,4803.222213919855,31626.50000000006,151.87334083505434
2023-05-31 18:00:00,4577.318647531113,30516.000000000036,149.99733410444054
2023-05-31 19:00:00,4404.380899099451,29175.50000000003,150.96162530545996
2023-05-31 20:00:00,4312.450512710041,28300.500000000025,152.38071810427508
2023-05-31 21:00:00,3750.9596014577755,26598.500000000033,141.02147119039688
2023-05-31 22:00:00,3324.3845269252934,24221.000000000033,137.2521583305928
2023-05-31 23:00:00,2895.546710579617,22447.000000000025,128.99481937807343
2023-06-01 00:00:00,2453.5768947157976,21806.000000000033,112.51843046481675
2023-06-01 01:00:00,2445.929257748842,21578.000000000033,113.35291768230782
2023-06-01 02:00:00,2440.040952444131,21414.500000000025,113.9434006137957
2023-06-01 03:00:00,2520.686732232672,21324.00000000003,118.2089069702058
2023-06-01 04:00:00,2997.8348457270536,22070.500000000022,135.82994702100316
2023-06-01 05:00:00,3505.6925693400326,23666.500000000007,148.1288982037915
2023-06-01 06:00:00,4559.555449099586,27430.00000000002,166.2251348559819
2023-06-01 07:00:00,5108.406722328282,30323.499999999975,168.46362465837672
2023-06-01 08:00:00,5157.514452485255,31813.000000000065,162.11971371719878
2023-06-01 09:00:00,5086.637179226299,32741.000000000047,155.3598600905987
2023-06-01 10:00:00,5236.686627887724,32888.5,159.2254626355025
2023-06-01 11:00:00,5018.242173442756,33483.49999999999,149.87209143138432
2023-06-01 12:00:00,4466.827976251439,33031.499999999985,135.22934097002684
2023-06-01 13:00:00,3933.1618850717045,32367.500000000025,121.51577616657764
2023-06-01 14:00:00,3542.3372627152207,31542.000000000036,112.30541064977544
2023-06-01 15:00:00,3566.213362230102,31089.500000000047,114.70796771353983
2023-06-01 16:00:00,3967.4968894270555,31674.00000000002,125.26036779147101
2023-06-01 17:00:00,4106.93890782297,31320.500000000062,131.12622428834027
2023-06-01 18:00:00,3872.108244535038,30742.50000000004,125.95293956363449
2023-06-01 19:00:00,3693.753108589172,29530.00000000004,125.08476493698501
2023-06-01 20:00:00,3320.682270802271,28541.99999999999,116.34371350298761
2023-06-01 21:00:00,3009.587960431167,26634.000000000033,112.99797103068121
2023-06-01 22:00:00,3478.673873954899,24501.00000000002,141.98089359433885
2023-06-01 23:00:00,2930.65716511773,23032.00000000004,127.24284322324267
2023-06-02 00:00:00,2570.5247854683876,21740.00000000002,118.23941055512351
2023-06-02 01:00:00,2575.966712225115,21999.000000000033,117.09471849743674
2023-06-02 02:00:00,2816.305984039026,22008.00000000002,127.96737477458306
2023-06-02 03:00:00,2795.730965675212,21622.000000000033,129.30029440732622
2023-06-02 04:00:00,2922.7824582402327,22317.50000000003,130.96370374102068
2023-06-02 05:00:00,3601.215250618982,24620.500000000033,146.268973035437
2023-06-02 06:00:00,3783.145574147364,26948.000000000022,140.38687747318394
2023-06-02 07:00:00,4691.380679482262,30339.500000000033,154.62946586075108
2023-06-02 08:00:00,5105.7863312915715,32246.50000000005,158.33613977614823
2023-06-02 09:00:00,4956.619829141719,32683.000000000047,151.65743136008663
2023-06-02 10:00:00,5309.6628668539715,33128.00000000003,160.27719351768795
2023-06-02 11:00:00,5308.999731004942,33384.00000000002,159.02826896132694
2023-06-02 12:00:00,4564.214155927274,32492.500000000047,140.4697747457803
2023-06-02 13:00:00,4290.988762617084,31382.000000000036,136.73407566812438
2023-06-02 14:00:00,3927.625660757564,30286.000000000007,129.68452951058455
2023-06-02 15:00:00,3875.9565220017817,29890.50000000004,129.67185299683098
2023-06-02 16:00:00,4748.0921848280295,29942.50000000002,158.57367236630296
2023-06-02 17:00:00,4970.283999822801,29616.000000000036,167.8242841647351
2023-06-02 18:00:00,5189.231055594329,28554.500000000044,181.73076242253657
2023-06-02 19:00:00,4926.754758759213,27471.00000000002,179.3438447366026
2023-06-02 20:00:00,4633.935807549479,26847.000000000022,172.60534910975065
2023-06-02 21:00:00,4340.92334782988,25973.500000000033,167.12893325234853
2023-06-02 22:00:00,2939.5625033167003,23197.00000000003,126.72166673779783
2023-06-02 23:00:00,2254.5496366325688,21063.99999999999,107.03330975278057
2023-06-03 00:00:00,2234.6782455162775,20272.99999999998,110.22928256875053
2023-06-03 01:00:00,2067.7911292468098,19482.999999999978,106.13309702031577
2023-06-03 02:00:00,1997.8889662029537,19188.999999999985,104.11636699165956
2023-06-03 03:00:00,2107.1431520285337,19048.499999999993,110.61989931115491
2023-06-03 04:00:00,2079.150312368134,19020.499999999993,109.31102296827818
2023-06-03 05:00:00,2539.9383767993186,20222.499999999985,125.59962303371594
2023-06-03 06:00:00,3286.124959224099,22852.499999999996,143.7971757673821
2023-06-03 07:00:00,3724.0296708222727,25553.000000000047,145.73747391000143
2023-06-03 08:00:00,3968.9805172600627,27274.500000000036,145.5198268441239
2023-06-03 09:00:00,3834.518175116996,28215.50000000001,135.90112438613508
2023-06-03 10:00:00,3915.8030851941553,28650.50000000003,136.67486030589873
2023-06-03 11:00:00,3505.570776910402,28428.000000000055,123.31401353983381
2023-06-03 12:00:00,3321.590048314385,28204.500000000036,117.76808836584163
2023-06-03 13:00:00,3128.9549511635187,27383.00000000002,114.26633134293235
2023-06-03 14:00:00,2680.0988749431112,26286.50000000003,101.9572356511178
2023-06-03 15:00:00,2865.8950986921172,26416.500000000047,108.48882700933552
2023-06-03 16:00:00,3449.9186529561593,27283.50000000002,126.44707068213964
2023-06-03 17:00:00,3765.284858495552,27341.00000000002,137.71569651788704
2023-06-03 18:00:00,3702.5602027793107,26552.500000000025,139.442997939151
2023-06-03 19:00:00,3813.6250081669314,25665.500000000055,148.58954659628384
2023-06-03 20:00:00,3590.1620673696916,25025.000000000055,143.46301967511224
2023-06-03 21:00:00,3312.8620612389823,23811.00000000003,139.1315804140514
2023-06-03 22:00:00,2423.879191981958,21692.499999999993,111.7381211009316
2023-06-03 23:00:00,1962.3420118470497,20283.999999999978,96.74334509204554
2023-06-04 00:00:00,1799.3842942314038,19695.999999999985,91.35785409379596
2023-06-04 01:00:00,1744.0345017413401,19030.999999999993,91.64176878468503
2023-06-04 02:00:00,1887.1529067376996,18548.499999999985,101.74153741476135
2023-06-04 03:00:00,1868.4906033884022,18228.999999999985,102.50099310924371
2023-06-04 04:00:00,2070.9891990929796,18208.499999999985,113.73749617447793
2023-06-04 05:00:00,2368.856421389465,19458.499999999985,121.73890183670206
2023-06-04 06:00:00,3347.087938477149,21528.499999999985,155.4724174223541
2023-06-04 07:00:00,3767.73907928838,23788.500000000033,158.38489519256677
2023-06-04 08:00:00,3975.6881524647874,25913.000000000025,153.42446464958837
2023-06-04 09:00:00,4051.5552970157937,27388.50000000003,147.9290686607806
2023-06-04 10:00:00,4331.314312293175,28194.500000000036,153.62266797755484
2023-06-04 11:00:00,4082.119136716527,28707.00000000003,142.19943347324772
2023-06-04 12:00:00,3654.5378636891705,28153.50000000003,129.80758568878352
2023-06-04 13:00:00,3488.6855565588553,27834.50000000003,125.33674240812128
2023-06-04 14:00:00,3256.4996174956145,26984.500000000025,120.68037641963392
2023-06-04 15:00:00,3496.0000091511574,27168.00000000004,128.68080127912074
2023-06-04 16:00:00,3471.058041841219,28005.500000000025,123.94201288465537
2023-06-04 17:00:00,4081.93153512682,28174.50000000005,144.880354048051
2023-06-04 18:00:00,4363.184280470647,27842.50000000005,156.70950095970687
2023-06-04 19:00:00,4138.718497553895,26644.500000000022,155.33106260406055
2023-06-04 20:00:00,3896.9238310953783,25828.00000000001,150.87981381041416
2023-06-04 21:00:00,3692.9680967532695,24645.50000000003,149.8435047677371
2023-06-04 22:00:00,3604.826776931042,22516.00000000003,160.10067405094318
2023-06-04 23:00:00,3269.212596262725,20481.000000000025,159.62172727223873
2023-06-05 00:00:00,3077.6212644179586,20283.50000000001,151.73028641102164
2023-06-05 01:00:00,3040.0097391745585,19761.000000000015,153.83886135188283
2023-06-05 02:00:00,3059.1506584961066,19643.99999999999,155.72951835146142
2023-06-05 03:00:00,3134.2472607968484,20126.00000000002,155.7312561262469
2023-06-05 04:00:00,3360.994343906476,20624.00000000002,162.96520286590734
2023-06-05 05:00:00,4470.490872532325,23910.500000000022,186.9676866871174
2023-06-05 06:00:00,5303.397701774618,27319.500000000025,194.12499137153364
2023-06-05 07:00:00,5847.37826961545,29778.500000000004,196.3624181747049
2023-06-05 08:00:00,5915.3620531318065,31216.500000000004,189.4947240443934
2023-06-05 09:00:00,6191.849739227498,32237.000000000015,192.07276543187933
2023-06-05 10:00:00,6229.359673851858,32733.50000000004,190.30533471372908
2023-06-05 11:00:00,6113.061416126047,33397.500000000015,183.0394914627156
2023-06-05 12:00:00,5762.480933086845,32957.50000000004,174.8458145516753
2023-06-05 13:00:00,5601.245410819464,32052.00000000001,174.75494230685956
2023-06-05 14:00:00,5662.319265749488,31539.500000000025,179.53104094070878
2023-06-05 15:00:00,5635.333012240001,31448.99999999987,179.18957716429853
2023-06-05 16:00:00,5600.498783892867,31768.000000000004,176.29371644084824
2023-06-05 17:00:00,5385.996914019678,31029.500000000036,173.5766581485255
2023-06-05 18:00:00,5233.242127512249,30454.00000000003,171.84087894898022
2023-06-05 19:00:00,4989.481041084884,29145.500000000015,171.19215800328976
2023-06-05 20:00:00,4548.587707262524,27646.49999999999,164.5267106962012
2023-06-05 21:00:00,4057.1410991576936,25496.500000000047,159.12541325898403
2023-06-05 22:00:00,3447.904143144981,22744.500000000033,151.59287489920533
2023-06-05 23:00:00,2976.787345990272,21468.500000000022,138.65837603886013
2023-06-06 00:00:00,3107.733383300226,21055.50000000003,147.59722558477458
2023-06-06 01:00:00,3195.267064849938,21164.500000000022,150.97295305109662
2023-06-06 02:00:00,3301.942393978333,20971.50000000003,157.44903292460378
2023-06-06 03:00:00,3473.768352475157,21465.50000000002,161.83030222800093
2023-06-06 04:00:00,3615.3404881523907,21489.50000000003,168.2375340586047
2023-06-06 05:00:00,4653.80524225472,24899.500000000022,186.90356200946667
2023-06-06 06:00:00,5496.540811645527,28056.999999999996,195.906219896836
2023-06-06 07:00:00,6313.303814963295,30580.000000000007,206.45205411913975
2023-06-06 08:00:00,6460.615611715552,31697.000000000044,203.82419824322628
2023-06-06 09:00:00,6222.960901617468,32303.000000000025,192.64343564428887
2023-06-06 10:00:00,6414.36049252203,32867.000000000065,195.16111882806513
2023-06-06 11:00:00,6474.38547053232,33082.500000000015,195.70423851076302
2023-06-06 12:00:00,6150.903725803389,32685.50000000001,188.18447708627332
2023-06-06 13:00:00,5696.518571048148,31862.00000000001,178.78722525416316
2023-06-06 14:00:00,5880.8590867038365,31494.000000000065,186.72950678554088
2023-06-06 15:00:00,5855.646439472738,31772.50000000002,184.29920338257094
2023-06-06 16:00:00,6103.910024906083,32060.00000000002,190.39020664086337
2023-06-06 17:00:00,6177.384110741339,31792.50000000003,194.3031881966292
2023-06-06 18:00:00,6025.306217039514,31008.500000000036,194.31143773608872
2023-06-06 19:00:00,6167.755312051583,30227.500000000025,204.04450622947905
2023-06-06 20:00:00,5786.875275313837,28699.99999999998,201.63328485414078
2023-06-06 21:00:00,5323.409168857651,27085.000000000025,196.54455118544013
2023-06-06 22:00:00,4621.584768898908,24258.500000000022,190.51403709623037
2023-06-06 23:00:00,4378.8191909418265,23066.500000000022,189.83457355653533
2023-06-07 00:00:00,4256.11828431243,22294.500000000033,190.90440621285177
2023-06-07 01:00:00,4215.710935066065,22062.500000000025,191.0803823259404
2023-06-07 02:00:00,4172.828033623961,21864.000000000036,190.8538251748973
2023-06-07 03:00:00,4419.864046525459,21818.50000000003,202.57414792609268
2023-06-07 04:00:00,4464.358402542308,22318.00000000002,200.0339816534772
2023-06-07 05:00:00,5444.968163196685,25298.999999999865,215.22463983543673
2023-06-07 06:00:00,6161.526986588113,28844.500000000033,213.6118492810798
2023-06-07 07:00:00,6885.327528307261,30776.50000000004,223.7202907512957
2023-06-07 08:00:00,6897.116702925137,32094.50000000002,214.9002696077251
2023-06-07 09:00:00,6724.002308536419,32412.00000000002,207.45410059658198
2023-06-07 10:00:00,6712.144217725724,32933.00000000004,203.81210997254172
2023-06-07 11:00:00,6713.2006196438215,33456.000000000044,200.65759862636935
2023-06-07 12:00:00,6458.628201479604,33971.000000000044,190.12181570985828
2023-06-07 13:00:00,5971.997919528996,32794.50000000006,182.10364297455322
2023-06-07 14:00:00,6039.071119179343,32202.50000000005,187.53423240988536
2023-06-07 15:00:00,6120.49837863456,32380.500000000036,189.0180317979819
2023-06-07 16:00:00,5960.369053628126,32442.00000000002,183.72384728525128
2023-06-07 17:00:00,6087.920958777457,32129.50000000002,189.48072515219513
2023-06-07 18:00:00,5574.256184562472,30863.500000000004,180.609982165421
2023-06-07 19:00:00,5357.04682782909,29582.000000000033,181.09143492086687
2023-06-07 20:00:00,5201.637994371317,28347.5,183.4954755929559
2023-06-07 21:00:00,5089.061643770838,27263.500000000015,186.6620809423161
2023-06-07 22:00:00,4121.5306915454685,24583.50000000004,167.65434911812645
2023-06-07 23:00:00,3432.7799692416856,22811.000000000025,150.48792114513532
2023-06-08 00:00:00,3384.4243653757276,21842.500000000025,154.94674901571355
2023-06-08 01:00:00,3201.7475242142486,21292.000000000036,150.3732633953712
2023-06-08 02:00:00,3078.3195991539737,21021.000000000022,146.4402073713891
2023-06-08 03:00:00,3193.6020065683965,21117.500000000033,151.23011751241347
2023-06-08 04:00:00,3376.3931794527443,21903.50000000005,154.1485689251826
2023-06-08 05:00:00,4151.947317571163,25086.00000000001,165.50854331384681
2023-06-08 06:00:00,4941.968622750289,28572.50000000001,172.96241570567108
2023-06-08 07:00:00,5861.700676954152,31590.000000000033,185.55557698493658
2023-06-08 08:00:00,5823.287858974081,32817.50000000005,177.44459081203846
2023-06-08 09:00:00,5768.451676669325,33195.00000000006,173.77471536886023
2023-06-08 10:00:00,5184.934267574799,33524.5,154.6610469231398
2023-06-08 11:00:00,5329.36036220111,33392.500000000015,159.59752525869902
2023-06-08 12:00:00,5101.409094181603,33087.00000000003,154.1816754067035
2023-06-08 13:00:00,4857.970896555967,32359.00000000006,150.1273493172211
2023-06-08 14:00:00,4714.452182827992,31429.000000000065,150.00325122746452
2023-06-08 15:00:00,4592.454694029925,31550.00000000003,145.5611630437376
2023-06-08 16:00:00,4902.164742596386,32047.50000000001,152.96558990861638
2023-06-08 17:00:00,4593.215898758991,31245.499999999978,147.00407734742586
2023-06-08 18:00:00,4423.611769016334,31655.4999999996,139.74228077321126
2023-06-08 19:00:00,4244.478970841518,30637.000000000025,138.54094626894002
2023-06-08 20:00:00,3782.483207331745,29479.000000000033,128.31110985215716
2023-06-08 21:00:00,3280.4417821371135,28831.500000000047,113.77978190996333
2023-06-08 22:00:00,2723.4403750564084,25989.999999999993,104.78800981363636
2023-06-08 23:00:00,1728.8231046321991,23869.50000000001,72.42812395032148
2023-06-09 00:00:00,1532.456822091316,22844.500000000033,67.08209074793994
2023-06-09 01:00:00,1227.7306520052987,21570.000000000033,56.918435419809775
2023-06-09 02:00:00,1284.3717728385234,21236.000000000022,60.48087082494453
2023-06-09 03:00:00,1124.6423917947548,21397.00000000003,52.56075112374413
2023-06-09 04:00:00,1552.5928379770503,22307.000000000025,69.601149324295
2023-06-09 05:00:00,2240.2626911011116,24769.500000000076,90.44440505868528
2023-06-09 06:00:00,3244.1692922011557,27818.000000000044,116.62122698257066
2023-06-09 07:00:00,3915.1497909347877,30639.000000000055,127.78321064443293
2023-06-09 08:00:00,3836.420714028681,31828.000000000036,120.53602846640305
2023-06-09 09:00:00,3697.736684953505,32088.500000000022,115.23557302315479
2023-06-09 10:00:00,4081.594584869959,32601.999999999996,125.19460722869638
2023-06-09 11:00:00,3892.88549670154,33284.00000000003,116.95966520555032
2023-06-09 12:00:00,3394.2983473595227,32976.000000000044,102.93238559435706
2023-06-09 13:00:00,3064.0251164606793,31813.500000000036,96.31210386976208
2023-06-09 14:00:00,2875.1895846062266,30768.000000000073,93.44739939567798
2023-06-09 15:00:00,2690.6476045393297,30753.50000000004,87.49077680717076
2023-06-09 16:00:00,3037.2968185821815,30654.000000000033,99.0832132374952
2023-06-09 17:00:00,3212.534857129939,30438.00000000001,105.54355927228917
2023-06-09 18:00:00,3128.5654602780655,29446.00000000004,106.24755349718336
2023-06-09 19:00:00,2954.118111515887,28105.999999999993,105.10631578723005
2023-06-09 20:00:00,2538.941898966863,27195.000000000033,93.36061404548116
2023-06-09 21:00:00,2082.363043472441,26131.500000000036,79.68784966314364
2023-06-09 22:00:00,1379.4799999999968,24712.166197243838,55.821897157435394
2023-06-09 23:00:00,1244.6479999999967,23467.80925814214,53.03639493184337
2023-06-10 00:00:00,1217.4419999999968,23117.9628019397,52.662166231094034
2023-06-10 01:00:00,1260.491999999997,22618.680630461153,55.7279189088713
2023-06-10 02:00:00,1208.1739999999968,21567.782467651803,56.01753457093065
2023-06-10 03:00:00,1103.409999999997,20744.035103877457,53.19167628065518
2023-06-10 04:00:00,972.3139999999968,19576.147355379613,49.66830205907704
2023-06-10 05:00:00,1464.581728272987,21038.500000000025,69.61436073260856
2023-06-10 06:00:00,2061.3879999999917,23383.000000000004,88.15755035709667
2023-06-10 07:00:00,2284.2739999999912,26062.500000000055,87.64600479616256
2023-06-10 08:00:00,2290.6999999999916,28174.000000000015,81.30545893376838
2023-06-10 09:00:00,2142.697999999991,29205.499999999964,73.36624950779797
2023-06-10 10:00:00,2073.2499999999914,30394.500000000007,68.21135402786659
2023-06-10 11:00:00,2071.0099999999916,31095.00000000005,66.60266923942717
2023-06-10 12:00:00,2168.4804190338286,30824.499999999993,70.34924878047752
2023-06-10 13:00:00,1715.3853399374239,29999.49999999998,57.180464338986475
2023-06-10 14:00:00,1697.4143337059643,30222.000000000044,56.1648578421667
2023-06-10 15:00:00,1236.4459999999967,30043.978638685596,41.154535984388865
2023-06-10 16:00:00,1466.5879999999968,31125.686154122206,47.1182544454772
2023-06-10 17:00:00,1361.205999999997,30154.367517265942,45.14125521686338
2023-06-10 18:00:00,1160.129999999997,28565.575267071312,40.61287018214983
2023-06-10 19:00:00,1373.5019999999968,27215.16580009904,50.46825766518014
2023-06-10 20:00:00,1147.0399999999968,26080.00000000002,43.981595092024385
2023-06-10 21:00:00,1398.9899999999968,26025.28515445226,53.75503060571329
2023-06-10 22:00:00,1401.0699999999968,25027.581562022748,55.98103822088838
2023-06-10 23:00:00,1384.9579999999967,23498.75934860633,58.937494505731685
2023-06-11 00:00:00,1244.9579999999967,22084.009128882295,56.373731451314875
2023-06-11 01:00:00,1515.6559999999968,20976.57629693983,72.25468916112438
2023-06-11 02:00:00,1657.4226880030296,19364.499999999993,85.5907814817336
2023-06-11 03:00:00,1952.5579999999914,18854.499999999993,103.55925641093597
2023-06-11 04:00:00,2017.2499999999911,18667.99999999999,108.059245768159
2023-06-11 05:00:00,2210.087999999991,19605.999999999996,112.72508415791042
2023-06-11 06:00:00,2345.4639999999913,21465.499999999985,109.26668374834003
2023-06-11 07:00:00,2575.7846490948987,24036.999999999993,107.1591566790739
2023-06-11 08:00:00,4745.023680624448,26459.00000000002,179.3349590167597
2023-06-11 09:00:00,5110.232278134873,28056.50000000002,182.14076161085202
2023-06-11 10:00:00,5191.6549934453205,29343.500000000033,176.92691715185012
2023-06-11 11:00:00,5271.9313985076715,30083.500000000055,175.2432861371736
2023-06-11 12:00:00,5210.038631391919,30068.50000000002,173.27231592503503
2023-06-11 13:00:00,4788.12011122267,29674.500000000025,161.3547022265806
2023-06-11 14:00:00,4526.247091556057,29110.000000000047,155.4877049658554
2023-06-11 15:00:00,4409.8625101515145,28715.500000000036,153.57080706069922
2023-06-11 16:00:00,4568.740687031578,28929.50000000001,157.92670758331727
2023-06-11 17:00:00,4952.56862106531,28853.500000000047,171.6453331854126
2023-06-11 18:00:00,5277.3517837836025,28338.499999999993,186.22551595121845
2023-06-11 19:00:00,5335.440173315266,27379.50000000006,194.86989073267426
2023-06-11 20:00:00,5313.048663037328,26448.0,200.8865949424277
2023-06-11 21:00:00,5452.102168555426,25350.50000000004,215.0688218597431
2023-06-11 22:00:00,5115.982756869673,23155.00000000002,220.94505536038304
2023-06-11 23:00:00,4630.323891751086,21551.499999999993,214.84926300958577
2023-06-12 00:00:00,4410.108565564882,20969.99999999999,210.30560636933163
2023-06-12 01:00:00,4372.494135269646,20716.00000000001,211.06845603734521
2023-06-12 02:00:00,4380.005086272579,20292.999999999993,215.83822432723505
2023-06-12 03:00:00,4552.5912430461,20058.499999999967,226.96568751632014
2023-06-12 04:00:00,4871.626522020681,20551.999999999993,237.03904836612895
2023-06-12 05:00:00,6041.31710255324,24093.00000000001,250.74989011552057
2023-06-12 06:00:00,7571.321016319623,28433.50000000002,266.2817105287643
2023-06-12 07:00:00,8147.812240245094,31030.00000000002,262.5785446421234
2023-06-12 08:00:00,8017.213953375794,32713.00000000004,245.07730728993928
2023-06-12 09:00:00,8041.479184262484,33973.500000000015,236.6985793121839
2023-06-12 10:00:00,7820.761430798444,34652.50000000003,225.69111696987048
2023-06-12 11:00:00,7537.1785341143,34988.50000000003,215.41873856022104
2023-06-12 12:00:00,6864.72553491831,34591.000000000015,198.45409311434497
2023-06-12 13:00:00,6806.419705517248,34550.00000000003,197.00201752582467
2023-06-12 14:00:00,6571.047725631077,34319.500000000015,191.4668840056258
2023-06-12 15:00:00,6467.825400992443,34167.00000000005,189.3003600255344
2023-06-12 16:00:00,6312.193765528813,33602.500000000044,187.84893283323575
2023-06-12 17:00:00,6390.874887686146,32846.00000000004,194.57087279078547
2023-06-12 18:00:00,6363.7665923380955,31425.5,202.50327257603206
2023-06-12 19:00:00,6410.7771345961955,29939.00000000002,214.1279646813919
2023-06-12 20:00:00,6237.262463221375,29188.50000000003,213.68903723114818
2023-06-12 21:00:00,5390.902439333544,27462.99999999998,196.29692456518032
2023-06-12 22:00:00,4589.627707972552,24369.500000000236,188.33491487197142
2023-06-12 23:00:00,4046.652749929402,22661.000000000047,178.57344115129047
2023-06-13 00:00:00,3784.4978028707,22104.000000000015,171.21325564923532
2023-06-13 01:00:00,3443.2369007294055,21667.000000000022,158.9161813231828
2023-06-13 02:00:00,3526.1937001007077,21386.000000000025,164.88327410926323
2023-06-13 03:00:00,3631.679971573557,21111.000000000025,172.0278514316495
2023-06-13 04:00:00,4398.169985355526,22007.000000000055,199.85322785275207
2023-06-13 05:00:00,5317.446259738579,24981.00000000002,212.8596237035577
2023-06-13 06:00:00,6709.328280583112,28988.499999999996,231.44792868148105
2023-06-13 07:00:00,7094.967160814344,31670.499999999993,224.02447579969834
2023-06-13 08:00:00,6958.154738468741,33262.50000000007,209.18916913848105
2023-06-13 09:00:00,6589.210883727559,34365.00000000005,191.741914265315
2023-06-13 10:00:00,6698.153073073015,34818.50000000001,192.37339555331258
2023-06-13 11:00:00,6309.03237001487,35579.00000000005,177.32461199063664
2023-06-13 12:00:00,5711.605106230877,35127.5,162.59640185697467
2023-06-13 13:00:00,5062.1547255943,34703.00000000004,145.87081017763
2023-06-13 14:00:00,4882.925358344504,33519.50000000003,145.67417050804758
2023-06-13 15:00:00,4672.137644299444,33039.499999999985,141.41066433509727
2023-06-13 16:00:00,5070.965782030618,32839.500000000015,154.41665622286015
2023-06-13 17:00:00,5345.753286114989,31894.00000000001,167.60999831049688
2023-06-13 18:00:00,5022.856007664515,30967.50000000001,162.19765908337817
2023-06-13 19:00:00,4764.176326128525,30318.500000000015,157.13760001743236
2023-06-13 20:00:00,3982.4115772070536,28833.000000000036,138.11991735882665
2023-06-13 21:00:00,3679.7231930963935,27622.500000000022,133.21470515327687
2023-06-13 22:00:00,3044.5249611755735,25451.500000000025,119.6206495167503
2023-06-13 23:00:00,2340.684047196653,23505.000000000033,99.58238873416931
2023-06-14 00:00:00,2284.8875268237216,22751.000000000015,100.43020204930421
2023-06-14 01:00:00,2557.725377140102,22142.500000000022,115.51204141989837
2023-06-14 02:00:00,2830.1705816228373,21957.500000000025,128.89311541035337
2023-06-14 03:00:00,3028.688652387909,21552.50000000002,140.52609453139573
2023-06-14 04:00:00,3399.1401151817213,22043.50000000002,154.20147050975203
2023-06-14 05:00:00,4591.946791047178,25411.500000000047,180.70349216091805
2023-06-14 06:00:00,5593.451092300483,28547.499999999753,195.93488369561368
2023-06-14 07:00:00,6006.688950613529,31357.000000000022,191.55815130954892
2023-06-14 08:00:00,6106.721135662544,33096.500000000044,184.51259606491732
2023-06-14 09:00:00,5759.202299769399,34094.500000000044,168.91880801212488
2023-06-14 10:00:00,6007.165481791104,34861.500000000015,172.3151752446424
2023-06-14 11:00:00,5792.00240603231,35454.50000000004,163.36437986806482
2023-06-14 12:00:00,5512.33390489685,34690.500000000015,158.90038785537388
2023-06-14 13:00:00,5330.902187988979,34116.00000000003,156.25812486777392
2023-06-14 14:00:00,5290.246874443118,33509.500000000015,157.8730471789527
2023-06-14 15:00:00,5485.995782140959,33736.00000000001,162.6154784841403
2023-06-14 16:00:00,5847.204063737703,33715.50000000005,173.42777250041357
2023-06-14 17:00:00,5966.959273318334,32650.500000000033,182.75246239164267
2023-06-14 18:00:00,6010.60765977996,32093.499999999836,187.2842681471323
2023-06-14 19:00:00,5992.424860740809,31024.50000000002,193.1513758719981
2023-06-14 20:00:00,5664.1555019004445,29463.00000000005,192.24639384653412
2023-06-14 21:00:00,4936.629181239821,28187.500000000025,175.13540332558108
2023-06-14 22:00:00,4545.287547918075,26260.00000000014,173.0878731118831
2023-06-14 23:00:00,4550.144170053196,24949.500000000025,182.37416261060108
2023-06-15 00:00:00,4698.8033903799505,23992.000000000022,195.8487575183372
2023-06-15 01:00:00,4447.8235631915295,22713.00000000002,195.82721627224612
2023-06-15 02:00:00,4652.442110846584,22519.500000000025,206.59615492557913
2023-06-15 03:00:00,5090.093965476886,22372.000000000033,227.52073866783832
2023-06-15 04:00:00,5536.644337583774,23363.000000000033,236.98344979599224
2023-06-15 05:00:00,6058.103824494276,25963.00000000001,233.3360483955734
2023-06-15 06:00:00,6592.628236904406,28763.000000000047,229.20516764261012
2023-06-15 07:00:00,7307.549892210943,31728.500000000022,230.3150130706128
2023-06-15 08:00:00,7469.643219760723,33285.00000000004,224.4146979047834
2023-06-15 09:00:00,7330.61965065014,33682.500000000065,217.63882285014847
2023-06-15 10:00:00,7154.169125475386,34794.50000000002,205.61206873141967
2023-06-15 11:00:00,7064.466245488671,35276.00000000002,200.2626784637903
2023-06-15 12:00:00,6715.294667604269,34842.000000000204,192.7356256128876
2023-06-15 13:00:00,6488.774040847594,33890.0,191.4657433121155
2023-06-15 14:00:00,6381.2367616406955,33548.000000000044,190.21213668894381
2023-06-15 15:00:00,6539.454752100044,33369.50000000002,195.97101401279733
2023-06-15 16:00:00,6672.917008576401,33430.5,199.60565975909424
2023-06-15 17:00:00,6746.8527254749415,32550.00000000004,207.27658142780135
2023-06-15 18:00:00,6850.113764713686,32069.0,213.60546835615972
2023-06-15 19:00:00,6744.950085925274,30729.499999999887,219.49429980719825
2023-06-15 20:00:00,6401.427905019697,28648.00000000002,223.4511276535777
2023-06-15 21:00:00,6061.500309217164,27167.000000000036,223.11997310034806
2023-06-15 22:00:00,5680.747828087295,25016.500000000025,227.0800402968956
2023-06-15 23:00:00,5208.586036182552,23514.00000000002,221.50999558486637
2023-06-16 00:00:00,5239.80851585713,22841.500000000036,229.3986172474278
2023-06-16 01:00:00,5230.444725787081,21737.00000000003,240.6240385419825
2023-06-16 02:00:00,5225.166881094133,21369.00000000005,244.5208891896729
2023-06-16 03:00:00,5248.633780361597,21673.00000000002,242.1738467384115
2023-06-16 04:00:00,5872.092028385476,22835.000000000025,257.1531433494841
2023-06-16 05:00:00,6153.672532478536,25352.500000000025,242.72448604589408
2023-06-16 06:00:00,7036.001323781975,28031.00000000003,251.00786000435116
2023-06-16 07:00:00,7638.159416036807,31086.000000000022,245.7105904920801
2023-06-16 08:00:00,7897.90605354174,32368.000000000022,244.0035236511905
2023-06-16 09:00:00,7636.099247299154,33348.00000000006,228.98222523986865
2023-06-16 10:00:00,7497.411238681542,33839.500000000044,221.55797924560153
2023-06-16 11:00:00,7104.705481946116,33968.500000000015,209.15570254636245
2023-06-16 12:00:00,6790.664048213905,33098.499999999796,205.1653110628562
2023-06-16 13:00:00,6441.39692231782,32416.50000000005,198.70735342550276
2023-06-16 14:00:00,6163.883010319233,31541.5,195.4213658297555
2023-06-16 15:00:00,6340.286250947302,31331.500000000033,202.36140149521393
2023-06-16 16:00:00,6769.616360153783,31109.00000000025,217.60957794058723
2023-06-16 17:00:00,6786.929818346057,30513.000000000015,222.4274839689986
2023-06-16 18:00:00,6869.972169585848,29377.00000000003,233.8554709325609
2023-06-16 19:00:00,6711.301156435733,27551.00000000003,243.5955557488195
2023-06-16 20:00:00,6564.038063076537,26738.500000000036,245.49013830530987
2023-06-16 21:00:00,6348.197906408499,25794.000000000007,246.11141763233687
2023-06-16 22:00:00,5662.390371572914,23815.00000000004,237.7657094928786
2023-06-16 23:00:00,5443.418232649785,21952.00000000015,247.96912502959856
2023-06-17 00:00:00,4893.55785312337,20958.000000000047,233.4935515375207
2023-06-17 01:00:00,4967.212353576663,20229.500000000036,245.54301162048762
2023-06-17 02:00:00,4674.582742911448,19992.500000000015,233.8168184524919
2023-06-17 03:00:00,4689.275566640008,19218.00000000001,244.0043483525864
2023-06-17 04:00:00,4782.765068057528,19581.000000000047,244.25540411917248
2023-06-17 05:00:00,5144.626490961891,21034.000000000055,244.58621712284292
2023-06-17 06:00:00,5674.805833811628,23473.000000000033,241.75886481538873
2023-06-17 07:00:00,6274.484569778986,26608.00000000001,235.81195767359378
2023-06-17 08:00:00,6064.35062031917,28364.000000000033,213.8044923254535
2023-06-17 09:00:00,5577.297424048019,29260.000000000033,190.61166862775164
2023-06-17 10:00:00,5431.222346410332,29604.500000000033,183.45935065312116
2023-06-17 11:00:00,4976.789519835284,29974.500000000044,166.03411299055122
2023-06-17 12:00:00,4213.0315643350405,28928.00000000001,145.63853582463494
2023-06-17 13:00:00,4179.979296174102,28466.000000000025,146.84111909555605
2023-06-17 14:00:00,4160.700852349965,28284.000000000015,147.1044000972268
2023-06-17 15:00:00,4853.185515864395,28445.500000000015,170.61347193279752
2023-06-17 16:00:00,5738.664035117534,28813.00000000005,199.1692650927541
2023-06-17 17:00:00,5708.309519843488,28968.500000000025,197.0522988709627
2023-06-17 18:00:00,5889.949164539028,28130.500000000044,209.37946942070062
2023-06-17 19:00:00,5945.495836635632,27227.500000000033,218.36363370252963
2023-06-17 20:00:00,5876.108790920125,26478.00000000004,221.92419332729497
2023-06-17 21:00:00,5558.689998084806,25732.50000000002,216.01826476575545
2023-06-17 22:00:00,4784.798830519384,23483.000000000025,203.7558587284154
2023-06-17 23:00:00,4188.0611113850355,21931.00000000004,190.96535093634708
2023-06-18 00:00:00,3607.4356311006045,20406.00000000003,176.78308493093206
2023-06-18 01:00:00,3415.541989440806,19896.00000000001,171.6697823402093
2023-06-18 02:00:00,3278.843084827952,19375.99999999998,169.2218767974791
2023-06-18 03:00:00,3278.053295152479,18972.999999999993,172.7746426581184
2023-06-18 04:00:00,3103.686403353555,18790.999999999993,165.1687724630704
2023-06-18 05:00:00,3531.650820644697,19827.000000000022,178.12330764334962
2023-06-18 06:00:00,3828.8892824213517,21674.00000000002,176.6581748833325
2023-06-18 07:00:00,3924.9867361628612,24648.500000000022,159.23836079935322
2023-06-18 08:00:00,3992.7672799948114,27072.000000000047,147.4869710399972
2023-06-18 09:00:00,4021.3717761209778,28514.00000000003,141.03148544998857
2023-06-18 10:00:00,3649.2247342742,29816.50000000002,122.3894398830915
2023-06-18 11:00:00,3609.117278413044,30116.00000000005,119.8405259135688
2023-06-18 12:00:00,3192.584178903274,29337.00000000003,108.82449394632275
2023-06-18 13:00:00,2715.442937938047,28535.999999999996,95.1584993670468
2023-06-18 14:00:00,2981.661081500779,28143.500000000047,105.94492801182419
2023-06-18 15:00:00,3722.3752732313565,28829.000000000022,129.11912564540407
2023-06-18 16:00:00,4895.759782030433,29871.000000000055,163.8967487539896
2023-06-18 17:00:00,5637.0146884310425,29591.500000000047,190.49438820036272
2023-06-18 18:00:00,5214.072739607526,28729.00000000001,181.49161960414648
2023-06-18 19:00:00,4663.831438248438,27428.00000000002,170.0390636666339
2023-06-18 20:00:00,4672.872489285786,26819.000000000025,174.23738727341743
2023-06-18 21:00:00,4138.660581488593,25527.500000000025,162.12557365541434
2023-06-18 22:00:00,3760.654549218336,23488.500000000033,160.1062030022492
2023-06-18 23:00:00,3499.9793805248996,22289.000000000025,157.02720537147903
2023-06-19 00:00:00,3294.707114982104,21618.000000000022,152.40573202803688
2023-06-19 01:00:00,3198.472306212217,21529.500000000025,148.56231246486047
2023-06-19 02:00:00,2734.766537938354,20609.500000000022,132.69446313294117
2023-06-19 03:00:00,2605.573335414351,20600.000000000033,126.48414249584208
2023-06-19 04:00:00,1877.2305739021315,20850.000000000033,90.03503951568962
2023-06-19 05:00:00,2554.660047187705,24232.99999999999,105.42070924721274
2023-06-19 06:00:00,4061.427425819885,28767.50000000005,141.18110457355968
2023-06-19 07:00:00,5049.335776227249,31718.000000000022,159.1946458234203
2023-06-19 08:00:00,5720.4324768781435,33423.500000000015,171.15001351977324
2023-06-19 09:00:00,6135.428820714899,33966.50000000003,180.63176425934063
2023-06-19 10:00:00,6526.552297821929,34300.50000000006,190.27571894934238
2023-06-19 11:00:00,6253.988454375686,35024.000000000124,178.56294125101826
2023-06-19 12:00:00,5851.682933998939,35106.50000000005,166.68374614384604
2023-06-19 13:00:00,5472.5866791523695,34617.99999999996,158.08500430852084
2023-06-19 14:00:00,4914.871012543269,33066.00000000004,148.63820881096183
2023-06-19 15:00:00,4937.06912781606,32697.000000000047,150.99455998458737
2023-06-19 16:00:00,5379.026870399843,32937.00000000008,163.31259284087287
2023-06-19 17:00:00,5918.568353294023,32403.500000000007,182.65213181582305
2023-06-19 18:00:00,6543.077376186807,32254.00000000001,202.8609591426429
2023-06-19 19:00:00,6691.603729157467,30284.50000000006,220.95803890298515
2023-06-19 20:00:00,6583.203656304708,29087.500000000025,226.32414804657333
2023-06-19 21:00:00,6060.357257498892,27789.000000000025,218.08475502892824
2023-06-19 22:00:00,5110.307632908217,25998.50000000001,196.56163366764292
2023-06-19 23:00:00,4771.672589698284,24749.50000000002,192.79874703320394
2023-06-20 00:00:00,4696.425317078019,24353.00000000003,192.84791676910498
2023-06-20 01:00:00,4871.160263324943,23866.999999999945,204.09604321133594
2023-06-20 02:00:00,5198.838904365974,23371.50000000004,222.44352755988982
2023-06-20 03:00:00,5331.77758925349,23236.000000000022,229.46193790899832
2023-06-20 04:00:00,5343.471263106029,23853.999999999924,224.00734732564965
2023-06-20 05:00:00,5504.514625529824,26058.50000000005,211.23681814109844
2023-06-20 06:00:00,5715.80331046556,28737.00000000001,198.90048754099445
2023-06-20 07:00:00,6725.131890315804,31244.000000000004,215.24554763525168
2023-06-20 08:00:00,7314.298745753877,33554.50000000004,217.982647506411
2023-06-20 09:00:00,7156.660261132868,34252.00000000001,208.94138330996338
2023-06-20 10:00:00,6402.969609280174,34500.00000000001,185.59332200812096
2023-06-20 11:00:00,6416.216800439106,34917.00000000003,183.7562448216943
2023-06-20 12:00:00,5635.990042856559,34702.500000000095,162.40876141074975
2023-06-20 13:00:00,5755.629140572284,34254.00000000003,168.0279424467881
2023-06-20 14:00:00,5123.568156018354,33699.0,152.0391749315515
2023-06-20 15:00:00,5290.502812141992,33878.00000000007,156.16337481970544
2023-06-20 16:00:00,5955.033409341317,34084.000000000015,174.7163891955555
2023-06-20 17:00:00,6083.000864912498,32445.500000000036,187.48365304626194
2023-06-20 18:00:00,5744.174977250412,30885.50000000004,185.9829038626671
2023-06-20 19:00:00,5929.196025515257,29551.000000000004,200.64282174935727
2023-06-20 20:00:00,5988.058767434569,28456.000000000047,210.43220296016864
2023-06-20 21:00:00,5552.984742805774,26726.500000000047,207.7707422522876
2023-06-20 22:00:00,5168.045661833365,24397.000000000025,211.83119489418203
2023-06-20 23:00:00,5227.855471733601,24438.00000000025,213.9232126906272
2023-06-21 00:00:00,5052.499545115646,24104.500000000033,209.60814557927517
2023-06-21 01:00:00,5298.060948429762,24233.50000000002,218.6254956333075
2023-06-21 02:00:00,5159.843981990067,24075.50000000002,214.31928649415642
2023-06-21 03:00:00,5344.533678140547,24207.00000000003,220.78463577231958
2023-06-21 04:00:00,4899.865803946432,24172.50000000002,202.70413916419187
2023-06-21 05:00:00,5625.124198962965,26617.00000000004,211.33577033335678
2023-06-21 06:00:00,6532.282747615169,28871.000000000036,226.25758538378165
2023-06-21 07:00:00,7313.011686314685,31853.50000000001,229.58267337387358
2023-06-21 08:00:00,7248.646077634607,33249.50000000001,218.0076716231704
2023-06-21 09:00:00,7159.532177287099,33660.499999999985,212.69833119790562
2023-06-21 10:00:00,7160.4342597546,34219.00000000007,209.2531710381538
2023-06-21 11:00:00,6855.815708954153,34806.50000000003,196.9694082701262
2023-06-21 12:00:00,6658.21178191112,34399.000000000015,193.55829477342706
2023-06-21 13:00:00,6375.338106751868,34471.00000000005,184.9478723202651
2023-06-21 14:00:00,6629.471523143495,34405.00000000002,192.68918829075687
2023-06-21 15:00:00,6919.6596637156645,34475.000000000044,200.71529118827138
2023-06-21 16:00:00,7029.558973409648,33482.000000000015,209.95039046083406
2023-06-21 17:00:00,7290.0269081907345,32308.500000000007,225.63804906420086
2023-06-21 18:00:00,7376.774693909943,31811.00000000001,231.89383213070764
2023-06-21 19:00:00,7215.197894847181,29616.00000000004,243.62499644945876
2023-06-21 20:00:00,6928.814135404749,27888.000000000022,248.45145350705477
2023-06-21 21:00:00,6730.056853306041,26772.500000000033,251.3794697284913
2023-06-21 22:00:00,5980.949430225794,24610.500000000044,243.02429573660766
2023-06-21 23:00:00,6003.997905365752,23551.00000000002,254.9360071914461
2023-06-22 00:00:00,5885.034024452486,22678.00000000005,259.5041019689776
2023-06-22 01:00:00,5759.32395157668,22567.500000000025,255.2043403822609
2023-06-22 02:00:00,5790.217198708388,22380.000000000022,258.7228417653433
2023-06-22 03:00:00,5814.635803712566,22571.0000000001,257.61533843039916
2023-06-22 04:00:00,5878.482232660689,22862.000000000022,257.1289577753776
2023-06-22 05:00:00,6571.285378693005,25411.000000000025,258.6000306439337
2023-06-22 06:00:00,7477.109327918178,28695.000000000055,260.5718532119938
2023-06-22 07:00:00,8124.335255229738,31665.000000000025,256.5714591893173
2023-06-22 08:00:00,8265.047479250596,33343.50000000003,247.87582225173088
2023-06-22 09:00:00,8126.596897002309,34112.500000000015,238.22929709057692
2023-06-22 10:00:00,8167.079771177583,34189.500000000044,238.8768414623663
2023-06-22 11:00:00,8367.059339660405,34945.50000000003,239.43166758696825
2023-06-22 12:00:00,8290.841651044477,34945.5,237.25062314302204
2023-06-22 13:00:00,7877.862361435712,33716.00000000003,233.65352833775373
2023-06-22 14:00:00,7148.700878176519,33181.000000000044,215.44561279577195
2023-06-22 15:00:00,7081.8436425852,33352.00000000003,212.3364008930557
2023-06-22 16:00:00,7214.349047176269,33143.000000000065,217.67338645192817
2023-06-22 17:00:00,6871.666598622118,32277.500000000022,212.89339628602318
2023-06-22 18:00:00,7414.1944867187,31370.00000000004,236.34665242966818
2023-06-22 19:00:00,7247.155900860179,29757.000000000022,243.54457441476538
2023-06-22 20:00:00,6890.898182160139,28410.500000000025,242.54758565178835
2023-06-22 21:00:00,6847.7680922064765,27095.000000000025,252.73179893731208
2023-06-22 22:00:00,5916.119090300668,24684.0000000002,239.6742460825077
2023-06-22 23:00:00,5175.252560255501,22834.000000000196,226.64677937529368
2023-06-23 00:00:00,4925.319039355555,22051.0,223.36034825429934
2023-06-23 01:00:00,4805.144259273158,21370.500000000015,224.84940732660232
2023-06-23 02:00:00,4677.8840012433575,20794.000000000062,224.9631625105003
2023-06-23 03:00:00,4710.759206543414,21105.50000000001,223.20054992980081
2023-06-23 04:00:00,5182.711082725907,22704.00000000003,228.2730392321133
2023-06-23 05:00:00,5819.624910670034,25469.500000000025,228.49388133532375
2023-06-23 06:00:00,6061.9849010300295,28490.000000000025,212.77588280203665
2023-06-23 07:00:00,6273.592878776547,30922.50000000002,202.88116674837235
2023-06-23 08:00:00,6371.276319411964,32148.50000000005,198.1826934199715
2023-06-23 09:00:00,6469.691267887392,33351.500000000044,193.985016202791
2023-06-23 10:00:00,6700.222586775567,34089.00000000003,196.55086939410253
2023-06-23 11:00:00,5840.426252681464,34598.000000000044,168.80820430896168
2023-06-23 12:00:00,5049.874140637545,34175.50000000006,147.76299222067084
2023-06-23 13:00:00,3993.847297843115,33512.500000000044,119.17485409453516
2023-06-23 14:00:00,3337.745624824336,31893.000000000033,104.65448922410349
2023-06-23 15:00:00,3399.540115118346,31671.000000000025,107.33920984870522
2023-06-23 16:00:00,4002.0052752028664,31682.49999999999,126.31595597578688
2023-06-23 17:00:00,4386.644615571678,31355.50000000003,139.9003242037816
2023-06-23 18:00:00,4692.37251429893,31073.00000000004,151.01124816718448
2023-06-23 19:00:00,4799.440874506982,29561.99999999999,162.35169726361494
2023-06-23 20:00:00,4374.375698794862,28419.50000000007,153.92162771318465
2023-06-23 21:00:00,4323.600549099945,27672.000000000025,156.24459920135664
2023-06-23 22:00:00,3437.611774069481,25442.000000000015,135.1156266830233
2023-06-23 23:00:00,2361.8404432382645,23250.500000000033,101.58235062636335
2023-06-24 00:00:00,1669.1637232670785,21664.00000000001,77.04780849644929
2023-06-24 01:00:00,1015.3219999999969,20880.75358831831,48.62477763101503
2023-06-24 02:00:00,1037.2679999999968,21338.12385972614,48.61102160709407
2023-06-24 03:00:00,1002.0339999999969,20803.76083452112,48.16600267473046
2023-06-24 04:00:00,1018.2539999999968,20794.783373914295,48.96680007147034
2023-06-24 05:00:00,1570.3719999999912,21691.000000000073,72.39739984325232
2023-06-24 06:00:00,1712.4859999999912,23364.00000000003,73.29592535524692
2023-06-24 07:00:00,2220.0399999999913,25974.000000000007,85.4716254716251
2023-06-24 08:00:00,2314.076524183118,28145.50000000002,82.21834837480651
2023-06-24 09:00:00,2226.1798680690117,28847.49999999998,77.17063413013304
2023-06-24 10:00:00,2383.719999999991,29730.00000000002,80.17894382778304
2023-06-24 11:00:00,2646.123210296328,29634.000000000015,89.29348755808621
2023-06-24 12:00:00,2946.1914743131742,29198.499999999985,100.90215162810335
2023-06-24 13:00:00,3110.6340923106018,28957.500000000033,107.42067140846406
2023-06-24 14:00:00,3076.308634183913,28144.49999999998,109.30407838774592
2023-06-24 15:00:00,3462.4334172596505,28181.50000000001,122.86192776323648
2023-06-24 16:00:00,4405.615810231424,28806.000000000025,152.9409084993203
2023-06-24 17:00:00,4829.5922770825,28964.000000000022,166.74465809565308
2023-06-24 18:00:00,5374.720190097449,28631.000000000047,187.7238025251455
2023-06-24 19:00:00,5306.1218799756725,27536.500000000044,192.69412888259816
2023-06-24 20:00:00,4986.413357732509,27007.50000000001,184.63068990956242
2023-06-24 21:00:00,4558.26285047308,26655.50000000002,171.0064658503152
2023-06-24 22:00:00,2492.859452269686,24704.000000000033,100.90914233604609
2023-06-24 23:00:00,1211.88611171003,23334.000000000022,51.93649231636363
2023-06-25 00:00:00,1170.3559999999968,23328.338072264432,50.16885456540338
2023-06-25 01:00:00,1168.465999999997,23028.383366899652,50.74025307740521
2023-06-25 02:00:00,1097.8319999999967,22065.04419652667,49.75435309451181
2023-06-25 03:00:00,959.5059999999969,21942.258009688765,43.72868095782667
2023-06-25 04:00:00,1002.3937320151897,22350.00000000004,44.849831410075524
2023-06-25 05:00:00,931.4399999999969,23242.802945652944,40.07434052501841
2023-06-25 06:00:00,1456.8879999999915,24778.000000000044,58.79764307046529
2023-06-25 07:00:00,1452.4099999999914,27143.50000000005,53.50857479691229
2023-06-25 08:00:00,1467.7459999999915,28759.50000000002,51.03517098697789
2023-06-25 09:00:00,2080.2879709784056,30428.5,68.36643183128993
2023-06-25 10:00:00,2567.360997723255,31733.500000000062,80.90380820657192
2023-06-25 11:00:00,2284.513459892493,32018.000000000076,71.35091073435215
2023-06-25 12:00:00,1900.7714407622261,31754.500000000022,59.85833317363601
2023-06-25 13:00:00,1910.0160793526043,30104.500000000007,63.446198387370785
2023-06-25 14:00:00,1614.2186365848813,29303.500000000033,55.08620596805431
2023-06-25 15:00:00,1551.355711411229,29470.999999999996,52.640077072757265
2023-06-25 16:00:00,1886.981571436638,30233.000000000007,62.41463207212772
2023-06-25 17:00:00,2151.834052576511,30065.999999999996,71.5703469891742
2023-06-25 18:00:00,2486.930785136528,29501.000000000055,84.29988085612432
2023-06-25 19:00:00,2337.930072820471,28515.500000000015,81.98804414513054
2023-06-25 20:00:00,2076.390745777584,26844.49999999999,77.34883293701074
2023-06-25 21:00:00,2336.0134496732867,25638.00000000003,91.11527613984258
2023-06-25 22:00:00,1316.177999999997,24109.592596923118,54.59146581215846
2023-06-25 23:00:00,1244.647999999997,22918.519121686943,54.30752281120262
2023-06-26 00:00:00,1128.095999999997,23619.57916940523,47.761054162270405
2023-06-26 01:00:00,1117.6559999999968,24252.675559634252,46.08382267976259
2023-06-26 02:00:00,1149.5899999999967,25024.528288067235,45.938528261816245
2023-06-26 03:00:00,1038.5979999999968,24728.78115712578,41.99956291419228
2023-06-26 04:00:00,1057.357999999997,25133.078754373128,42.070373086147185
2023-06-26 05:00:00,1097.1319999999969,25536.115236490634,42.963935189022635
2023-06-26 06:00:00,1708.0459999999912,28240.00000000005,60.48321529745
2023-06-26 07:00:00,2247.2679999999914,31027.499999999993,72.42826524856956
2023-06-26 08:00:00,2375.5979999999913,32437.50000000006,73.23616184971058
2023-06-26 09:00:00,2351.7859999999914,32903.50000000001,71.47525339249597
2023-06-26 10:00:00,2397.703999999991,33501.50000000004,71.57004910227866
2023-06-26 11:00:00,2403.563999999991,33916.00000000004,70.86814482839925
2023-06-26 12:00:00,3668.317247885208,34103.50000000008,107.56424554327853
2023-06-26 13:00:00,3411.8623392647773,32964.49999999999,103.50110995964684
2023-06-26 14:00:00,3276.4555062990607,32311.50000000001,101.40214803704747
2023-06-26 15:00:00,3112.538962017551,32682.500000000062,95.2356448257491
2023-06-26 16:00:00,3597.3266400097655,32500.500000000044,110.68527068844358
2023-06-26 17:00:00,3883.163766647191,31570.50000000004,122.99975504496875
2023-06-26 18:00:00,4036.167020163918,30308.000000000065,133.17167151128115
2023-06-26 19:00:00,4446.305275565079,29077.50000000004,152.91222682710247
2023-06-26 20:00:00,4672.917380616116,28024.000000000084,166.74698046731737
2023-06-26 21:00:00,4767.493378773778,26662.00000000002,178.81229385544125
2023-06-26 22:00:00,3670.8833052392088,24584.000000000033,149.32001729739682
2023-06-26 23:00:00,2969.403064445499,22767.50000000003,130.42288632680334
2023-06-27 00:00:00,2749.7726857758894,21897.000000000033,125.5775990215959
2023-06-27 01:00:00,2608.0686277216146,21601.50000000003,120.73553353802335
2023-06-27 02:00:00,2799.2576389713304,21327.50000000002,131.2510907969208
2023-06-27 03:00:00,3163.4146887419856,20916.000000000025,151.24376978112363
2023-06-27 04:00:00,3951.0117504028335,22651.000000000033,174.42990377479262
2023-06-27 05:00:00,4748.158982190478,24522.00000000003,193.62853691340317
2023-06-27 06:00:00,5299.683656918142,27852.000000000025,190.28018300007673
2023-06-27 07:00:00,5743.594193961406,30800.000000000025,186.48033097277275
2023-06-27 08:00:00,5777.2171618200155,32621.00000000004,177.10116678887857
2023-06-27 09:00:00,5635.001617140563,32978.50000000003,170.8689484706872
2023-06-27 10:00:00,5596.002989776536,33549.50000000003,166.79840205596304
2023-06-27 11:00:00,4496.134120731578,34001.500000000044,132.23340501835426
2023-06-27 12:00:00,3779.1629261351795,33684.00000000006,112.1946005858916
2023-06-27 13:00:00,3484.0501323598255,32962.00000000001,105.69899072749908
2023-06-27 14:00:00,3322.5106588776666,32390.50000000001,102.576701776066
2023-06-27 15:00:00,3604.123500193948,32627.50000000007,110.46275381791251
2023-06-27 16:00:00,4206.5911937423,33369.500000000044,126.06095967102576
2023-06-27 17:00:00,4303.963240759163,31763.500000000025,135.5002830531635
2023-06-27 18:00:00,4474.565563195695,31316.499999999993,142.8820450304375
2023-06-27 19:00:00,4721.615621865339,30298.00000000002,155.83918482623724
2023-06-27 20:00:00,4627.708756294119,29649.0,156.08313117791894
2023-06-27 21:00:00,4557.077697071512,29296.500000000055,155.55024310315238
2023-06-27 22:00:00,3467.949857370082,26420.500000000022,131.25981178895478
2023-06-27 23:00:00,3044.376252007204,24937.000000000033,122.08269848045876
2023-06-28 00:00:00,2891.3889115950274,24061.000000000036,120.16910816653602
2023-06-28 01:00:00,2528.058962650422,23044.000000000036,109.70573523044688
2023-06-28 02:00:00,2938.3167773241394,22317.50000000004,131.6597637425399
2023-06-28 03:00:00,3345.675359954481,21940.50000000003,152.48856498049162
2023-06-28 04:00:00,3935.988283454131,23030.000000000022,170.9070031894975
2023-06-28 05:00:00,4765.055314780236,25333.500000000025,188.0930512870401
2023-06-28 06:00:00,5709.8690661609635,28171.000000000025,202.68606248130908
2023-06-28 07:00:00,6599.551911853584,31210.00000000001,211.45632527566747
2023-06-28 08:00:00,6896.633539089731,32759.50000000002,210.5231624136427
2023-06-28 09:00:00,7080.677281574587,33459.500000000015,211.61933924818317
2023-06-28 10:00:00,7173.027968515237,33685.00000000002,212.94427693380533
2023-06-28 11:00:00,6968.704151748426,34423.000000000015,202.44325456085824
2023-06-28 12:00:00,6392.9992421968045,33662.500000000044,189.9145708784789
2023-06-28 13:00:00,5862.76658101738,32935.00000000007,178.01021955419364
2023-06-28 14:00:00,5787.948087001643,32663.500000000033,177.1992617754263
2023-06-28 15:00:00,6086.87373739741,33126.50000000004,183.7463582750186
2023-06-28 16:00:00,6473.032039003934,32908.00000000006,196.7008641972749
2023-06-28 17:00:00,6299.327640944697,31956.000000000036,197.12503570361403
2023-06-28 18:00:00,6482.164065536556,31622.000000000025,204.98906032308363
2023-06-28 19:00:00,6531.074175872355,30363.50000000004,215.09622329021184
2023-06-28 20:00:00,6467.413331930253,28959.50000000004,223.32613933010734
2023-06-28 21:00:00,5738.407483896761,27522.50000000003,208.49877314549022
2023-06-28 22:00:00,4574.571744991252,24438.500000000036,187.18709188334984
2023-06-28 23:00:00,3999.1577682533084,23055.500000000022,173.4578633407779
2023-06-29 00:00:00,4189.460657024411,22604.00000000004,185.34156153886056
2023-06-29 01:00:00,4257.543500778223,22504.50000000002,189.1863183264778
2023-06-29 02:00:00,4193.7140878066175,22740.00000000004,184.4201445825246
2023-06-29 03:00:00,4079.0923438495806,22637.500000000033,180.19182082162672
2023-06-29 04:00:00,4153.340681094196,23175.000000000062,179.2164263686811
2023-06-29 05:00:00,4814.548508287345,25791.500000000047,186.67190773267689
2023-06-29 06:00:00,5857.077330320589,28626.500000000044,204.6033336356376
2023-06-29 07:00:00,6419.307634353558,31735.000000000015,202.27848225472047
2023-06-29 08:00:00,6390.076015584856,32836.99999999999,194.5998725701147
2023-06-29 09:00:00,6283.020993598825,33304.50000000005,188.65381535824935
2023-06-29 10:00:00,6634.836426863947,33900.0,195.71788869805155
2023-06-29 11:00:00,6348.569974422455,34258.500000000044,185.31371701687016
2023-06-29 12:00:00,6362.137135715597,34060.00000000001,186.792047437334
2023-06-29 13:00:00,6316.052122976982,33089.00000000005,190.88071936223434
2023-06-29 14:00:00,6325.737618087988,32853.00000000003,192.54672687693613
2023-06-29 15:00:00,5885.635890575129,32052.500000000062,183.6248620411861
2023-06-29 16:00:00,5763.39747752136,32020.500000000015,179.99086452495612
2023-06-29 17:00:00,6120.400781541895,31783.000000000047,192.5683787415249
2023-06-29 18:00:00,6108.379043938494,31028.500000000022,196.863497878998
2023-06-29 19:00:00,5930.304596776139,29836.500000000055,198.76006223170037
2023-06-29 20:00:00,5595.402456152684,28494.50000000001,196.36780628376292
2023-06-29 21:00:00,4872.199578857155,26813.50000000003,181.70696025722674
2023-06-29 22:00:00,3307.01149568554,24985.500000000025,132.35722701909253
2023-06-29 23:00:00,2745.715407382865,23674.00000000003,115.98020644516608
2023-06-30 00:00:00,2495.6178201433067,22717.000000000025,109.8568393777041
2023-06-30 01:00:00,2334.983707816005,21920.500000000025,106.52054961410562
2023-06-30 02:00:00,2394.9491859757695,21417.000000000025,111.82468067309925
2023-06-30 03:00:00,2540.3596511128653,21232.500000000025,119.6448675903856
2023-06-30 04:00:00,2737.1983996850313,22030.000000000025,124.24867905969262
2023-06-30 05:00:00,3888.643627012732,25049.0,155.24147179578955
2023-06-30 06:00:00,4743.372867041746,27630.500000000036,171.67162617548504
2023-06-30 07:00:00,5121.60924111804,30065.50000000004,170.34838073932025
2023-06-30 08:00:00,5157.263325887271,31766.000000000036,162.35167556152066
2023-06-30 09:00:00,5404.555650383034,31853.50000000003,169.6691305628276
2023-06-30 10:00:00,5059.381339312647,31525.000000000047,160.48790925654683
2023-06-30 11:00:00,4178.217816643484,32057.500000000033,130.33511086776824
2023-06-30 12:00:00,3556.143044990112,31760.000000000007,111.9692394518297
2023-06-30 13:00:00,2528.1054008384835,30953.50000000006,81.67429857167942
2023-06-30 14:00:00,1473.6159999999966,30992.154095612754,47.548034107400156
2023-06-30 15:00:00,1706.1099999999967,32970.045903061546,51.74727402613564
2023-06-30 16:00:00,1265.867999999997,32046.029072484216,39.50155562602648
2023-06-30 17:00:00,1631.4619999999913,31718.000000000015,51.43647140424966
2023-06-30 18:00:00,1578.9219999999914,30881.00000000003,51.12923804280916
2023-06-30 19:00:00,1721.0208459268838,29699.00000000005,57.94878096659419
2023-06-30 20:00:00,1783.9024474296393,27735.50000000002,64.3183806828663
2023-06-30 21:00:00,1017.7616311121867,26428.50000000003,38.510003636687124
2023-06-30 22:00:00,675.7227032875435,24197.499999999993,27.925310601820176
2023-06-30 23:00:00,43.15,22623.574522828483,1.9073024891119297
2023-07-01 00:00:00,42.082,23040.78836503347,1.8264131996396153
2023-07-01 01:00:00,44.202,23326.407464629818,1.8949338884277038
2023-07-01 02:00:00,36.57,23292.635989971575,1.570024106148607
2023-07-01 03:00:00,31.27,23509.513492638172,1.3300998342561179
2023-07-01 04:00:00,0.53,22962.3393160496,0.023081272021337775
2023-07-01 05:00:00,25.016,23268.516544084032,1.0751007677092446
2023-07-01 06:00:00,52.894,24768.99999999998,2.135491945577134
2023-07-01 07:00:00,73.17399999999999,26484.00000000003,2.7629512158284215
2023-07-01 08:00:00,98.078,28402.500000000175,3.4531467300413485
2023-07-01 09:00:00,157.692,29577.99999999997,5.331394955710331
2023-07-01 10:00:00,79.12354865827831,31031.499999999967,2.5497816302234306
2023-07-01 11:00:00,65.786,30549.000000000025,2.153458378342988
2023-07-01 12:00:00,11.978,31026.499999999993,0.3860570802378613
2023-07-01 13:00:00,0.0,31835.00000000005,0.0
2023-07-01 14:00:00,0.636,32066.000000000025,0.019834092184868694
2023-07-01 15:00:00,28.938,31561.00000000008,0.9168910997750364
2023-07-01 16:00:00,63.07,30889.5000000001,2.041794137166345
2023-07-01 17:00:00,61.056,29451.499999999978,2.0731032375261034
2023-07-01 18:00:00,80.062,28207.999999999945,2.8382728304027283
2023-07-01 19:00:00,58.928,27154.499999999924,2.170100719954341
2023-07-01 20:00:00,66.346,26430.00000000001,2.51025349981082
2023-07-01 21:00:00,29.254,25568.00000000002,1.1441645807259067
2023-07-01 22:00:00,7.210000000000001,24244.0,0.2973931694439862
2023-07-01 23:00:00,0.0,23634.00000000002,0.0
2023-07-02 00:00:00,0.0,23473.499999999993,0.0
2023-07-02 01:00:00,25.546,22697.38579911769,1.1255040658027253
2023-07-02 02:00:00,35.722,22896.02447031302,1.5601835177245351
2023-07-02 03:00:00,34.344,22434.88773284878,1.5308300361902014
2023-07-02 04:00:00,13.356,21696.66945907256,0.6155783506401314
2023-07-02 05:00:00,6.9959999999999996,21530.999999999964,0.3249268496586323
2023-07-02 06:00:00,65.41199999999999,23283.99999999999,2.809311114928707
2023-07-02 07:00:00,145.668,25029.499999999975,5.81985257396273
2023-07-02 08:00:00,223.33799999999997,26574.499999999894,8.404222092607606
2023-07-02 09:00:00,475.91799999999995,28078.50000000003,16.949552148440958
2023-07-02 10:00:00,462.7,29509.99999999995,15.67943070145716
2023-07-02 11:00:00,555.072,30399.999999999953,18.25894736842108
2023-07-02 12:00:00,760.312,29987.000000000004,25.354720378830827
2023-07-02 13:00:00,699.6759999999999,30005.499999999887,23.318258319308214
2023-07-02 14:00:00,444.336,29479.000000000007,15.072967196987683
2023-07-02 15:00:00,408.9479999999999,29322.49999999995,13.946559809020398
2023-07-02 16:00:00,524.4540000000001,29792.000000000065,17.60385338345861
2023-07-02 17:00:00,710.1560000000001,28925.000000000033,24.5516335350043
2023-07-02 18:00:00,223.49400000000003,28230.468932030755,7.916765411800157
2023-07-02 19:00:00,238.87,28971.541932963708,8.244987462272922
2023-07-02 20:00:00,251.776,28311.054651774175,8.893204548429702
2023-07-02 21:00:00,68.61000000000001,27151.65061330318,2.526918196508612
2023-07-02 22:00:00,49.00000000000001,26452.060668910563,1.8524076673387613
2023-07-02 23:00:00,34.580000000000005,25615.485509140126,1.3499646527355946
2023-07-03 00:00:00,33.46,25631.82333938928,1.3054084977474427
2023-07-03 01:00:00,19.040000000000003,25382.03793010894,0.7501367720128642
2023-07-03 02:00:00,7.210000000000001,25015.369029321555,0.28822281180616843
2023-07-03 03:00:00,16.520000000000003,25051.187461960628,0.6594497775837995
2023-07-03 04:00:00,31.570000000000004,25360.41410844277,1.2448534895764969
2023-07-03 05:00:00,47.6,25871.627479653336,1.839853331122477
2023-07-03 06:00:00,376.988,27587.499999999996,13.665174444947896
2023-07-03 07:00:00,611.23,31345.800862870095,19.499581544398108
2023-07-03 08:00:00,865.418,33282.97873805224,26.001819332672067
2023-07-03 09:00:00,825.9100000000001,33841.72465734456,24.405080070904585
2023-07-03 10:00:00,837.338,32680.50000000008,25.621945808662595
2023-07-03 11:00:00,757.948,33691.49999999996,22.496712820741163
2023-07-03 12:00:00,910.509848144606,33569.99999999997,27.122724103205446
2023-07-03 13:00:00,783.595544822387,32640.999999999996,24.00648095408802
2023-07-03 14:00:00,481.418,31930.38802177263,15.077110859778205
2023-07-03 15:00:00,588.406,33140.45433804252,17.754916513759383
2023-07-03 16:00:00,715.0,33518.43946667123,21.33154202214438
2023-07-03 17:00:00,684.112,31834.355823586415,21.489739066531826
2023-07-03 18:00:00,576.7373475766996,30465.000000000022,18.93114549734775
2023-07-03 19:00:00,768.164995190854,28500.500000000004,26.952684871874318
2023-07-03 20:00:00,491.0480427646563,27207.499999999996,18.048260323978916
2023-07-03 21:00:00,346.5390859730481,26373.49999999999,13.139669970730022
2023-07-03 22:00:00,56.89600000000001,25229.233812433435,2.2551616280935414
2023-07-03 23:00:00,35.30200000000001,25240.20093294851,1.398641797415996
2023-07-04 00:00:00,31.956000000000003,24986.883491496174,1.278910993877073
2023-07-04 01:00:00,12.85,23953.263958115014,0.5364613366457981
2023-07-04 02:00:00,24.776000000000003,23355.81694182943,1.0608063961842018
2023-07-04 03:00:00,353.3926967225739,23496.499999999993,15.04022712840525
2023-07-04 04:00:00,789.0732961515508,24509.034204888805,32.195201555276086
2023-07-04 05:00:00,1444.9139999999913,26812.500000000007,53.8895664335661
2023-07-04 06:00:00,1714.3559999999914,28596.500000000033,59.949854003111895
2023-07-04 07:00:00,2143.9539999999915,30919.500000000033,69.33986642733515
2023-07-04 08:00:00,2142.0719999999915,32167.500000000025,66.59118675681945
2023-07-04 09:00:00,2163.6899999999914,32032.000000000007,67.54776473526445
2023-07-04 10:00:00,2396.263999999991,32333.50000000004,74.1108757171351
2023-07-04 11:00:00,3015.1835147262564,32538.500000000062,92.66510486734947
2023-07-04 12:00:00,3302.201659127759,32063.000000000004,102.99103824120508
2023-07-04 13:00:00,4758.477141067613,32322.000000000022,147.22099935237947
2023-07-04 14:00:00,5099.080305717437,32250.999999999996,158.10611471636346
2023-07-04 15:00:00,5666.827408944446,32627.00000000002,173.68521190867816
2023-07-04 16:00:00,6202.64612680313,32399.500000000025,191.44264963357847
2023-07-04 17:00:00,6727.549968536119,32211.500000000025,208.85553198503993
2023-07-04 18:00:00,6570.627839311568,31384.00000000004,209.3623451220864
2023-07-04 19:00:00,6480.350462660406,30351.00000000002,213.513573281289
2023-07-04 20:00:00,5967.791082771706,28202.500000000033,211.6050379495328
2023-07-04 21:00:00,5318.844571886989,26114.500000000036,203.67399612808907
2023-07-04 22:00:00,3827.8605862863083,23359.99999999998,163.8638949608866
2023-07-04 23:00:00,2766.1434899330116,21697.49999999999,127.48673763949822
2023-07-05 00:00:00,2218.91450123869,20828.99999999998,106.53005431075384
2023-07-05 01:00:00,1428.6039999999969,21182.164459727646,67.44372147219016
2023-07-05 02:00:00,1457.255999999997,22636.423415087444,64.37660107686087
2023-07-05 03:00:00,1377.6719999999968,22658.564892642316,60.80137936923597
2023-07-05 04:00:00,1335.5279999999966,21766.66098285158,61.356585700129436
2023-07-05 05:00:00,2152.0219999999913,24522.0,87.75882880678539
2023-07-05 06:00:00,2465.5546722300305,28750.000000000047,85.75842338191396
2023-07-05 07:00:00,3210.5411150631553,31689.499999999985,101.31245728279578
2023-07-05 08:00:00,3458.7044719864803,32590.00000000002,106.12778373692784
2023-07-05 09:00:00,2904.8418782550434,32681.000000000036,88.884730524006
2023-07-05 10:00:00,3242.874120796265,32814.000000000044,98.82593163882063
2023-07-05 11:00:00,3159.5017904428914,33023.50000000006,95.67434676648101
2023-07-05 12:00:00,3254.2561639003006,33585.50000000004,96.89467668786521
2023-07-05 13:00:00,2617.8885135765486,31626.500000000047,82.77515733883119
2023-07-05 14:00:00,2760.819669368609,30908.500000000025,89.32234399497248
2023-07-05 15:00:00,3267.6691157201744,31451.000000000033,103.89714526470291
2023-07-05 16:00:00,4305.462782750296,32039.500000000033,134.37983684983513
2023-07-05 17:00:00,4315.638611870384,31300.500000000025,137.87762533730708
2023-07-05 18:00:00,4587.084656703824,30358.000000000025,151.09969881757098
2023-07-05 19:00:00,4981.478365969031,28986.00000000004,171.85808203853668
2023-07-05 20:00:00,4976.4752982809005,27884.500000000033,178.46743883809623
2023-07-05 21:00:00,4628.660566603315,26314.50000000003,175.8977205192312
2023-07-05 22:00:00,4030.079378959531,23737.500000000022,169.77690906622547
2023-07-05 23:00:00,3159.656619759148,22135.500000000033,142.74159697134212
2023-07-06 00:00:00,2753.4697595482203,21356.000000000033,128.93190482994083
2023-07-06 01:00:00,2705.9920231703286,21016.00000000003,128.75866117102802
2023-07-06 02:00:00,2742.5844820200923,20919.500000000022,131.10181801764332
2023-07-06 03:00:00,2722.1609539058504,20956.000000000025,129.89888117512155
2023-07-06 04:00:00,3111.776446676644,21392.000000000025,145.4644935806208
2023-07-06 05:00:00,3998.3478510629643,23964.500000000047,166.8446181252668
2023-07-06 06:00:00,5182.65460504782,27528.500000000047,188.26505639783537
2023-07-06 07:00:00,5820.724387805681,30799.50000000003,188.98762602658078
2023-07-06 08:00:00,5937.960057782874,31890.50000000003,186.19839945384578
2023-07-06 09:00:00,5610.483363809894,32946.00000000003,170.29330916681508
2023-07-06 10:00:00,5297.273118777525,32832.5000000001,161.34236256080132
2023-07-06 11:00:00,4808.865745833849,32909.00000000003,146.1261583710792
2023-07-06 12:00:00,4820.859828958091,32875.500000000015,146.63989381022614
2023-07-06 13:00:00,4606.573101526548,32479.500000000025,141.83017292527734
2023-07-06 14:00:00,4386.137878504126,31871.00000000006,137.6215957611659
2023-07-06 15:00:00,3731.4472308139516,32429.00000000005,115.06513401011273
2023-07-06 16:00:00,3905.2168546054363,32911.500000000015,118.65812419991293
2023-07-06 17:00:00,3705.313938582042,32290.000000000007,114.75112847884921
2023-07-06 18:00:00,3548.921362820986,31511.500000000073,112.62305389527562
2023-07-06 19:00:00,3096.3374522824383,30276.000000000047,102.27036108741028
2023-07-06 20:00:00,2607.07127976061,29990.000000000087,86.93135310972333
2023-07-06 21:00:00,1213.2039999999968,29067.95408990791,41.73682111398437
2023-07-06 22:00:00,979.3243608868047,29011.00000000002,33.757001168067426
2023-07-06 23:00:00,501.0174363307638,27667.50000000002,18.10851852645752
2023-07-07 00:00:00,270.8173248301293,26999.397537847275,10.030495104585292
2023-07-07 01:00:00,757.1960000000006,28271.776019440713,26.78275321222568
2023-07-07 02:00:00,748.0800000000006,27454.135535190802,27.248353860609054
2023-07-07 03:00:00,748.0800000000006,26815.06042772864,27.897755517508877
2023-07-07 04:00:00,887.1251706009285,26788.528021052625,33.11586100974838
2023-07-07 05:00:00,1061.7519999999968,27754.481095944073,38.25515585500018
2023-07-07 06:00:00,1329.201999999997,29370.000000000036,45.25713312904308
2023-07-07 07:00:00,1118.049999999997,31213.00000000003,35.82001089289706
2023-07-07 08:00:00,1779.0499999999913,32450.000000000047,54.8243451463787
2023-07-07 09:00:00,1962.4939999999915,33194.50000000006,59.12105921161602
2023-07-07 10:00:00,2264.7519999999913,34042.5,66.52719394874029
2023-07-07 11:00:00,2196.9939999999915,34260.500000000044,64.12615110695958
2023-07-07 12:00:00,2106.4399999999914,33650.99999999998,62.596653888442916
2023-07-07 13:00:00,1862.1249472914487,32983.499999999985,56.456256834218614
2023-07-07 14:00:00,1891.8839999999914,32232.000000000055,58.69583023082614
2023-07-07 15:00:00,1429.4659999999915,31847.00000000005,44.88542091876752
2023-07-07 16:00:00,1784.2339312722218,32978.000000000044,54.103764063079005
2023-07-07 17:00:00,3060.7191779698155,32876.0,93.09889213924491
2023-07-07 18:00:00,3471.7344497099175,31797.000000000007,109.18433970846044
2023-07-07 19:00:00,3444.9036620524885,30764.000000000036,111.9784053456145
2023-07-07 20:00:00,3193.871787277278,30293.000000000004,105.43266719299105
2023-07-07 21:00:00,2227.4574361268506,29329.000000000033,75.94726844170779
2023-07-07 22:00:00,821.5980000000008,26546.819277459992,30.94901846480689
2023-07-07 23:00:00,937.2980000000006,27125.21020430615,34.55449719800526
2023-07-08 00:00:00,987.3180000000007,27820.403525944428,35.48898919022721
2023-07-08 01:00:00,978.9120000000006,27993.899840160007,34.96876125117998
2023-07-08 02:00:00,978.9120000000006,28181.413405111325,34.73608601272118
2023-07-08 03:00:00,978.9120000000006,28308.23266408183,34.5804703393606
2023-07-08 04:00:00,978.9120000000006,28074.438871630686,34.868444013290485
2023-07-08 05:00:00,978.9120000000006,27600.439203550977,35.46726169031604
2023-07-08 06:00:00,988.0820000000006,27602.013590897797,35.79746081734545
2023-07-08 07:00:00,1364.6260000000007,29566.53377459119,46.154412634352475
2023-07-08 08:00:00,1626.5840000000005,30716.11311307168,52.95539816552455
2023-07-08 09:00:00,1637.1100000000006,31116.57862052932,52.61214672617989
2023-07-08 10:00:00,1739.4206280513217,31478.865181180874,55.2567768259704
2023-07-08 11:00:00,1821.419999999998,30928.714222819108,58.890905935435235
2023-07-08 12:00:00,1847.7619999999981,29447.60168021054,62.74745291878002
2023-07-08 13:00:00,1878.546315351053,28497.032618753834,65.92076938266148
2023-07-08 14:00:00,1937.1237053090495,27982.032618753798,69.22741216486084
2023-07-08 15:00:00,2225.5019999999913,28106.000000000044,79.18245214544895
2023-07-08 16:00:00,2075.2019999999916,29038.500000000047,71.46381527971445
2023-07-08 17:00:00,1936.7818031553907,28919.000000000015,66.97264093348282
2023-07-08 18:00:00,2558.194912833492,28187.50000000003,90.75636054398188
2023-07-08 19:00:00,3079.6734607390654,26747.000000000044,115.14089283804017
2023-07-08 20:00:00,3088.0687112459846,25862.50000000004,119.40333344595379
2023-07-08 21:00:00,3055.040183637696,24810.99999999998,123.1324889620611
2023-07-08 22:00:00,2903.5773460248483,23099.0,125.7014306257781
2023-07-08 23:00:00,3424.552806954595,21989.00000000002,155.73936090566156
2023-07-09 00:00:00,3074.512268076011,20857.499999999993,147.4055983735353
2023-07-09 01:00:00,2889.230347167786,19861.99999999999,145.4652274276401
2023-07-09 02:00:00,2623.4278994394385,19182.499999999985,136.7615221915517
2023-07-09 03:00:00,2282.8474874620974,18432.99999999999,123.84568369023484
2023-07-09 04:00:00,2256.744676398822,18416.49999999999,122.53928142691734
2023-07-09 05:00:00,2429.9904634317277,19286.999999999978,125.99110610420131
2023-07-09 06:00:00,2650.136306377871,21168.999999999985,125.18948964891457
2023-07-09 07:00:00,3224.8540885306206,23990.50000000003,134.42212911488366
2023-07-09 08:00:00,3197.2935783945163,25430.50000000002,125.7267288647299
2023-07-09 09:00:00,3796.43610652424,27128.000000000025,139.9453002994779
2023-07-09 10:00:00,4573.485440771551,28466.00000000003,160.66484370025807
2023-07-09 11:00:00,4768.8067193527295,29363.00000000006,162.40870208605116
2023-07-09 12:00:00,4374.451607153353,29371.00000000005,148.93778240963348
2023-07-09 13:00:00,4224.8056264908155,28804.00000000004,146.67426838254443
2023-07-09 14:00:00,4274.842712456991,28400.500000000036,150.5199807206558
2023-07-09 15:00:00,4225.772324887656,28127.50000000003,150.23632832237675
2023-07-09 16:00:00,5061.305222847914,29216.50000000002,173.23448129816748
2023-07-09 17:00:00,4813.931569813876,28486.50000000008,168.98992750298783
2023-07-09 18:00:00,4686.742119300793,27560.500000000022,170.05286984273832
2023-07-09 19:00:00,4638.848607368194,26522.500000000033,174.90238881584273
2023-07-09 20:00:00,4707.140089348478,25658.00000000003,183.45701494069968
2023-07-09 21:00:00,4177.521959118764,24336.00000000004,171.66017254761496
2023-07-09 22:00:00,4401.871707989557,22698.00000000003,193.93213974753508
2023-07-09 23:00:00,3712.997041055093,21329.500000000036,174.07801594294693
2023-07-10 00:00:00,3318.209932146193,20946.50000000003,158.41357420791962
2023-07-10 01:00:00,3224.243787825211,20329.50000000003,158.5992664760671
2023-07-10 02:00:00,3212.8397768915847,20575.500000000022,156.14880692530343
2023-07-10 03:00:00,3303.303955411965,20722.50000000003,159.40663314812213
2023-07-10 04:00:00,3957.107514131972,22303.00000000003,177.42489862942057
2023-07-10 05:00:00,4844.729494806757,24179.000000000015,200.36930786247382
2023-07-10 06:00:00,5900.801052526416,27494.00000000004,214.62141021773508
2023-07-10 07:00:00,6740.8421778288675,30368.000000000022,221.9718841487376
2023-07-10 08:00:00,6491.682510232805,32146.00000000001,201.94371026668335
2023-07-10 09:00:00,6204.604656835901,32842.500000000044,188.91998650638325
2023-07-10 10:00:00,6365.535854323766,34179.50000000007,186.23841350294043
2023-07-10 11:00:00,6030.304826032531,33954.000000000044,177.6021919665584
2023-07-10 12:00:00,5908.6179760338355,33791.000000000015,174.8577424768084
2023-07-10 13:00:00,5808.804045467517,33563.5,173.06907937096898
2023-07-10 14:00:00,5480.440708253108,32967.00000000003,166.24020105721186
2023-07-10 15:00:00,5291.1946603700035,32652.99999999998,162.04314030471954
2023-07-10 16:00:00,5194.859449486296,33472.00000000001,155.20015085702363
2023-07-10 17:00:00,5002.402274851082,33936.50000000003,147.40477877362363
2023-07-10 18:00:00,3777.673329406871,32448.500000000073,116.42058429224348
2023-07-10 19:00:00,3681.5854130653997,32191.000000000065,114.36691662468989
2023-07-10 20:00:00,3451.3277114691327,31205.50000000004,110.59998114015569
2023-07-10 21:00:00,2944.282850441208,29775.00000000003,98.88439464118238
2023-07-10 22:00:00,2205.6308225235002,28249.000000000025,78.07819117574067
2023-07-10 23:00:00,1790.1384071428752,26815.000000000025,66.75884419701188
2023-07-11 00:00:00,1928.042576980473,26048.000000000033,74.01883357572446
2023-07-11 01:00:00,1930.421947590809,25117.500000000033,76.85565631893327
2023-07-11 02:00:00,1859.6307511076102,24967.00000000003,74.48354832809741
2023-07-11 03:00:00,1704.433736372027,25468.000000000025,66.92452239563474
2023-07-11 04:00:00,1858.4755049722244,25924.00000000003,71.68938068863687
2023-07-11 05:00:00,2632.9426180794044,27993.00000000003,94.05717922621376
2023-07-11 06:00:00,3396.214452750124,30370.00000000004,111.82793719954296
2023-07-11 07:00:00,4166.366012281249,32424.00000000006,128.4963610992241
2023-07-11 08:00:00,4831.563793037372,34415.000000000015,140.39121874291357
2023-07-11 09:00:00,4944.411887067366,35150.99999999997,140.6620547656502
2023-07-11 10:00:00,5447.395964208167,35806.50000000007,152.13427629643098
2023-07-11 11:00:00,5444.2732089604,35827.00000000003,151.96006388925656
2023-07-11 12:00:00,5345.022552575715,35867.0,149.02340738215395
2023-07-11 13:00:00,4859.750544107916,35509.00000000004,136.8596847026926
2023-07-11 14:00:00,4077.825787543772,34768.000000000015,117.28675182765102
2023-07-11 15:00:00,3735.8575554062345,34329.00000000006,108.82512031827983
2023-07-11 16:00:00,4153.980414696441,34635.5,119.93418356011725
2023-07-11 17:00:00,4675.872177533248,34426.50000000002,135.82188655638083
2023-07-11 18:00:00,4212.471122603354,32349.500000000076,130.21750328763488
2023-07-11 19:00:00,4652.514436681994,31076.50000000004,149.71166111634153
2023-07-11 20:00:00,5227.2892487490935,30694.000000000036,170.30329213361205
2023-07-11 21:00:00,5004.250692170841,29360.500000000036,170.44160324827013
2023-07-11 22:00:00,3804.8724819008467,26367.500000000025,144.3016016649604
2023-07-11 23:00:00,2773.800037010434,25063.000000000025,110.6731052551742
2023-07-12 00:00:00,2259.1114025725774,24444.500000000025,92.4179837007333
2023-07-12 01:00:00,1800.9612870535177,23751.500000000022,75.82515997109724
2023-07-12 02:00:00,2058.279993670058,23631.000000000025,87.10084184630594
2023-07-12 03:00:00,2530.5283696484385,24306.500000000022,104.1091218253733
2023-07-12 04:00:00,2886.7145517175254,24998.50000000002,115.47551059933689
2023-07-12 05:00:00,4025.544563303114,27457.999999999978,146.60734806989285
2023-07-12 06:00:00,4758.214116358345,29345.000000000065,162.14735445078665
2023-07-12 07:00:00,5455.156398024855,31827.000000000004,171.40027014876847
2023-07-12 08:00:00,5474.501978634835,33650.00000000002,162.68950902332335
2023-07-12 09:00:00,5008.16768728243,34656.50000000005,144.5087555662696
2023-07-12 10:00:00,5028.316498158903,35137.50000000007,143.10399140971592
2023-07-12 11:00:00,4732.18240227713,36133.000000000095,130.96566579794418
2023-07-12 12:00:00,4374.382633295907,36239.000000000044,120.70925338160274
2023-07-12 13:00:00,3957.093998394371,35213.50000000005,112.37434502092563
2023-07-12 14:00:00,3635.9003015878434,34665.49999999997,104.88526926159572
2023-07-12 15:00:00,3871.085418127688,35120.50000000001,110.22295861755065
2023-07-12 16:00:00,4370.925361736858,34423.500000000044,126.97504210021793
2023-07-12 17:00:00,4840.3252465706355,33514.50000000003,144.4248085625813
2023-07-12 18:00:00,5345.04754424817,32341.99999999997,165.26645056731726
2023-07-12 19:00:00,5359.463023410121,30671.00000000004,174.74040701020883
2023-07-12 20:00:00,4950.407029385855,28948.99999999992,171.0044225840571
2023-07-12 21:00:00,4390.743771859402,27948.00000000001,157.1040422162373
2023-07-12 22:00:00,3907.1136858520886,27287.50000000002,143.18327753924274
2023-07-12 23:00:00,3724.0082415837146,26649.500000000025,139.7402668561778
2023-07-13 00:00:00,3636.115269224145,25904.00000000004,140.36887234497138
2023-07-13 01:00:00,3351.349758189271,24836.500000000033,134.93647487324168
2023-07-13 02:00:00,2965.2656163012507,23663.500000000025,125.30968015303092
2023-07-13 03:00:00,3511.438208538735,23915.500000000036,146.82687832321002
2023-07-13 04:00:00,4148.936304547779,24317.000000000033,170.61875661256624
2023-07-13 05:00:00,4906.028696902621,24848.50000000004,197.43761985241014
2023-07-13 06:00:00,5879.8259094852665,27841.500000000025,211.18926456854913
2023-07-13 07:00:00,6822.700135482384,30922.500000000047,220.638697889316
2023-07-13 08:00:00,7003.821073623478,32521.500000000025,215.35971814410382
2023-07-13 09:00:00,6698.295250561005,32887.50000000009,203.67298367346214
2023-07-13 10:00:00,6798.974456959898,33285.00000000006,204.26541856571686
2023-07-13 11:00:00,6685.891935126668,33545.50000000003,199.30816160518285
2023-07-13 12:00:00,6169.642168533279,33544.000000000044,183.92684738055303
2023-07-13 13:00:00,5304.225526060452,32346.50000000002,163.98143620053017
2023-07-13 14:00:00,5581.088784287086,32200.50000000005,173.32304729078982
2023-07-13 15:00:00,6083.748323932431,32416.00000000003,187.67732983503288
2023-07-13 16:00:00,6646.794914960185,32858.00000000003,202.2884811905831
2023-07-13 17:00:00,6551.34971232297,31594.50000000001,207.35728409447745
2023-07-13 18:00:00,6706.811407253087,30873.50000000001,217.23521490122872
2023-07-13 19:00:00,7086.749302841216,29250.000000000025,242.28202744756274
2023-07-13 20:00:00,7072.211141704993,28336.000000000076,249.58396180494685
2023-07-13 21:00:00,6687.749918059401,27261.00000000002,245.3229858794394
2023-07-13 22:00:00,5987.291744016439,26588.499999999975,225.1835095630233
2023-07-13 23:00:00,5454.2426424045225,25544.000000000033,213.5234357345958
2023-07-14 00:00:00,5144.552749642322,24425.000000000036,210.6265199444141
2023-07-14 01:00:00,4907.663780577922,22854.000000000033,214.73981712513847
2023-07-14 02:00:00,4727.844197482523,22000.500000000055,214.8971249509107
2023-07-14 03:00:00,5034.720985866532,21963.00000000003,229.23648799647248
2023-07-14 04:00:00,5036.287583726849,22327.000000000033,225.56938163330685
2023-07-14 05:00:00,5812.837030295214,24676.500000000022,235.56164894921116
2023-07-14 06:00:00,6282.139048629055,27866.500000000033,225.43696010008605
2023-07-14 07:00:00,6487.577239608136,31016.500000000065,209.1653552015257
2023-07-14 08:00:00,6525.443957589674,32484.500000000033,200.87869468791786
2023-07-14 09:00:00,6165.564345216297,32930.5,187.22960007337562
2023-07-14 10:00:00,6047.167531939772,32955.999999999985,183.4921571774419
2023-07-14 11:00:00,5280.230176469377,33300.0,158.56547076484614
2023-07-14 12:00:00,4207.551601535534,32867.50000000006,128.01556557497608
2023-07-14 13:00:00,3154.3941278492393,32570.500000000087,96.84819477285369
2023-07-14 14:00:00,1334.1523389018791,32659.500000000025,40.85036019846838
2023-07-14 15:00:00,1167.4942077503201,33390.50000000007,34.964861495045525
2023-07-14 16:00:00,919.5453524750145,33474.499999999985,27.470025018297957
2023-07-14 17:00:00,817.8683254422701,32910.500000000044,24.851288356064753
2023-07-14 18:00:00,591.3706572243998,32115.49999999995,18.413870474518557
2023-07-14 19:00:00,602.980049093778,31551.500000000033,19.11097884708421
2023-07-14 20:00:00,501.0509750406944,30847.000000000062,16.24310224789099
2023-07-14 21:00:00,159.23098990276824,29485.500000000015,5.400315066821596
2023-07-14 22:00:00,0.0,28753.914961559865,0.0
2023-07-14 23:00:00,0.0,28434.216126751944,0.0
2023-07-15 00:00:00,0.0,27389.654726241035,0.0
2023-07-15 01:00:00,0.0,26606.516361395246,0.0
2023-07-15 02:00:00,0.0,26148.99165864574,0.0
2023-07-15 03:00:00,0.0,25845.33420573648,0.0
2023-07-15 04:00:00,0.0,25085.457916027673,0.0
2023-07-15 05:00:00,0.0,25160.136488369957,0.0
2023-07-15 06:00:00,18.868,26623.77540843945,0.7086898725121848
2023-07-15 07:00:00,207.622,27483.06311841672,7.554543651317748
2023-07-15 08:00:00,522.536,29819.00000000005,17.52359234045404
2023-07-15 09:00:00,362.24800000000005,31111.999999999935,11.643353047055825
2023-07-15 10:00:00,448.296,32460.00000000001,13.810720887245836
2023-07-15 11:00:00,407.30199999999996,32740.000000000022,12.440500916310315
2023-07-15 12:00:00,434.018,33146.99999999997,13.09373397290857
2023-07-15 13:00:00,414.3816642699899,32358.500000000076,12.805960235177434
2023-07-15 14:00:00,289.4719932029621,30364.999999999927,9.533080625817975
2023-07-15 15:00:00,777.3081150814202,30258.50000000005,25.68891766219141
2023-07-15 16:00:00,826.3507670574643,30144.499999999996,27.412986350991538
2023-07-15 17:00:00,908.7738991013686,29622.500000000015,30.67850110900053
2023-07-15 18:00:00,856.4382658269004,27962.999999999956,30.627553046057354
2023-07-15 19:00:00,635.9489430258336,26833.00000000008,23.700255022764196
2023-07-15 20:00:00,743.5681607213432,26709.5,27.83908948955777
2023-07-15 21:00:00,557.3673133329228,25696.499999999985,21.690398043816202
2023-07-15 22:00:00,547.1442496218497,24840.500000000007,22.026297764612206
2023-07-15 23:00:00,267.20599999999996,21767.000000000022,12.275738503238834
2023-07-16 00:00:00,3.3600000000000003,21948.500000000007,0.1530856322755541
2023-07-16 01:00:00,0.0,22590.263991288037,0.0
2023-07-16 02:00:00,0.0,23594.19979687919,0.0
2023-07-16 03:00:00,0.0,24517.82612661297,0.0
2023-07-16 04:00:00,0.0,25355.540859776636,0.0
2023-07-16 05:00:00,0.0,26235.400896155992,0.0
2023-07-16 06:00:00,340.452,27804.433631154967,12.244522025383834
2023-07-16 07:00:00,557.014,29288.997231100628,19.017858331064083
2023-07-16 08:00:00,691.6039999999999,30525.365085839527,22.6566987177765
2023-07-16 09:00:00,709.796,31485.472217693776,22.54360344645295
2023-07-16 10:00:00,687.6,32657.085227747346,21.055155265840302
2023-07-16 11:00:00,718.968,33906.03256115022,21.20472215979049
2023-07-16 12:00:00,500.6139999999999,34190.65228941215,14.641838235856808
2023-07-16 13:00:00,363.37999999999994,34166.47106712389,10.635573082338496
2023-07-16 14:00:00,583.012,34544.43974773724,16.877158936647362
2023-07-16 15:00:00,558.0419999999999,32523.631402150986,17.158047116568085
2023-07-16 16:00:00,619.5939999999999,32378.29089387455,19.136093440843634
2023-07-16 17:00:00,438.178,30940.996284055702,14.161728858931372
2023-07-16 18:00:00,886.5799999999981,29721.000000000055,29.83008647084541
2023-07-16 19:00:00,887.139999999998,28796.00000000005,30.80775107653829
2023-07-16 20:00:00,887.139999999998,28321.000000000047,31.324458882101503
2023-07-16 21:00:00,934.539999999998,27390.000000000015,34.11975173420947
2023-07-16 22:00:00,754.9216568948409,24257.999999999993,31.120523410620873
2023-07-16 23:00:00,535.6238498107792,23642.043579352063,22.655564778612028
2023-07-17 00:00:00,872.6800000000006,25041.70212913525,34.84906878533086
2023-07-17 01:00:00,882.3700000000007,24818.15996996095,35.55340126213995
2023-07-17 02:00:00,908.3200000000006,23851.624575209484,38.082102002564454
2023-07-17 03:00:00,827.3100000000006,22937.563564730975,36.06791094726733
2023-07-17 04:00:00,900.77845658651,22796.53261875381,39.513836233387316
2023-07-17 05:00:00,1498.0839999999914,25638.000000000033,58.43217099617714
2023-07-17 06:00:00,1683.8139999999912,27627.500000000033,60.947027418332794
2023-07-17 07:00:00,2261.075392991712,30233.500000000036,74.78708693970957
2023-07-17 08:00:00,3332.262076734905,32064.000000000062,103.92533921952652
2023-07-17 09:00:00,3188.544692329778,32694.49999999999,97.52541535517531
2023-07-17 10:00:00,3641.732375311246,33408.00000000004,109.00779380122252
2023-07-17 11:00:00,2825.53617467297,34267.500000000044,82.45527612673719
2023-07-17 12:00:00,3601.6120001756804,34269.49999999999,105.09671866165777
2023-07-17 13:00:00,3737.369494995566,33905.0,110.23062955303247
2023-07-17 14:00:00,3520.257638172594,31825.50000000003,110.61122804583088
2023-07-17 15:00:00,4406.238189798443,32439.00000000002,135.83150497236167
2023-07-17 16:00:00,5341.707915321035,33239.500000000015,160.70361814470834
2023-07-17 17:00:00,6138.736097671191,33404.0,183.7724852613816
2023-07-17 18:00:00,6185.333738510803,30752.499999999996,201.13271241397624
2023-07-17 19:00:00,6378.266228262855,29205.000000000044,218.3963783003885
2023-07-17 20:00:00,6164.8527052478785,27688.500000000015,222.65029543846273
2023-07-17 21:00:00,5936.078729575743,26345.500000000033,225.31660927200983
2023-07-17 22:00:00,5294.344922102579,25054.00000000005,211.3173514050678
2023-07-17 23:00:00,5233.47461190486,24096.000000000062,217.19267147679474
2023-07-18 00:00:00,5249.741300218028,23781.500000000022,220.74895613052263
2023-07-18 01:00:00,4930.946035209433,23319.500000000036,211.45161925467633
2023-07-18 02:00:00,5234.0175372096965,23172.500000000022,225.8719403262355
2023-07-18 03:00:00,5439.627972799499,22772.50000000002,238.86828292016662
2023-07-18 04:00:00,5610.45935122426,22799.000000000033,246.08357170157691
2023-07-18 05:00:00,6585.653721667663,24470.500000000047,269.12624268681276
2023-07-18 06:00:00,7479.343411698588,27589.50000000003,271.0938368472999
2023-07-18 07:00:00,7546.346891622272,30337.00000000003,248.75059800317317
2023-07-18 08:00:00,7718.330587651771,31858.00000000005,242.27291693300768
2023-07-18 09:00:00,7623.021156513292,32289.500000000047,236.08359239112656
2023-07-18 10:00:00,7679.914508108113,32678.500000000025,235.0142909897366
2023-07-18 11:00:00,7585.14349697728,32503.499999999975,233.36389917938948
2023-07-18 12:00:00,7518.99259797636,32541.500000000022,231.05857437353393
2023-07-18 13:00:00,7515.977824138458,32012.500000000025,234.782595053134
2023-07-18 14:00:00,6935.44990907139,31744.50000000003,218.47721366130773
2023-07-18 15:00:00,7247.835414373383,32329.50000000007,224.18643698088022
2023-07-18 16:00:00,7636.6247679572225,32205.500000000055,237.12175771086336
2023-07-18 17:00:00,7538.543375303382,31253.500000000047,241.2063728959435
2023-07-18 18:00:00,7548.516317719547,29855.000000000044,252.8392670480501
2023-07-18 19:00:00,7657.547535919679,28904.50000000004,264.92579134458884
2023-07-18 20:00:00,7624.128868504147,27900.500000000033,273.2613705311424
2023-07-18 21:00:00,7037.539098229204,26120.00000000003,269.4310527652832
2023-07-18 22:00:00,6187.771250878495,23764.00000000002,260.38424721757656
2023-07-18 23:00:00,6088.149035864771,23257.500000000025,261.77143011350165
2023-07-19 00:00:00,5538.852992602695,22496.000000000025,246.2150156740171
2023-07-19 01:00:00,5550.726934075103,22112.500000000033,251.0221338191111
2023-07-19 02:00:00,5324.316024948017,22037.00000000003,241.60802400272317
2023-07-19 03:00:00,5429.787628993599,22086.500000000033,245.84192284850886
2023-07-19 04:00:00,5633.088615147276,23127.500000000022,243.56668966154018
2023-07-19 05:00:00,6422.728617312616,25307.000000000025,253.79257190945626
2023-07-19 06:00:00,6997.473573309951,27806.500000000025,251.6488437347363
2023-07-19 07:00:00,7375.759773534343,30471.500000000062,242.0543712496703
2023-07-19 08:00:00,7529.36175048336,32276.500000000004,233.27689651862374
2023-07-19 09:00:00,7339.403918022016,32659.500000000015,224.72493204188712
2023-07-19 10:00:00,7536.680510500429,33666.000000000044,223.8662303362567
2023-07-19 11:00:00,7536.4247664013865,33932.500000000044,222.10048674283877
2023-07-19 12:00:00,7418.595061060617,33853.5,219.13820021742558
2023-07-19 13:00:00,7260.517485177478,33444.500000000015,217.09152432171132
2023-07-19 14:00:00,6609.811936880259,32385.50000000001,204.0978813629636
2023-07-19 15:00:00,6440.236502492451,32211.50000000007,199.93593910536413
2023-07-19 16:00:00,6669.557274934986,32507.50000000004,205.169800044143
2023-07-19 17:00:00,6782.011884722882,31824.50000000003,213.10662806086117
2023-07-19 18:00:00,7253.270122355614,31020.500000000036,233.82183144551524
2023-07-19 19:00:00,7231.753565607347,29248.500000000033,247.2521177362032
2023-07-19 20:00:00,6961.803714311665,27791.00000000003,250.50569300534914
2023-07-19 21:00:00,6535.233383854311,26151.500000000033,249.89898796834993
2023-07-19 22:00:00,5862.894077900423,24464.500000000033,239.64904567436145
2023-07-19 23:00:00,5511.939173212219,23995.50000000005,229.70720231760987
2023-07-20 00:00:00,5599.124060397332,23889.000000000033,234.38084726850536
2023-07-20 01:00:00,5523.162563602983,23557.50000000006,234.4545288593004
2023-07-20 02:00:00,5559.665111004407,23583.000000000025,235.74884921360305
2023-07-20 03:00:00,5500.6461220658575,23472.00000000002,234.34927241248525
2023-07-20 04:00:00,5771.720363515032,23841.000000000033,242.09220936684804
2023-07-20 05:00:00,6496.571082853932,25463.50000000002,255.13268336457784
2023-07-20 06:00:00,7545.367922149659,27967.50000000002,269.7905755662699
2023-07-20 07:00:00,7771.734408340563,30286.000000000025,256.61145111076263
2023-07-20 08:00:00,7696.719739746337,32215.000000000025,238.9172664828909
2023-07-20 09:00:00,7492.4966086936065,32909.000000000065,227.67317781438487
2023-07-20 10:00:00,7536.007114553244,32882.50000000006,229.17987119450257
2023-07-20 11:00:00,7410.699913974836,33187.50000000002,223.297925844816
2023-07-20 12:00:00,7111.827074492187,33173.500000000044,214.3827776536144
2023-07-20 13:00:00,6847.932072153523,32488.500000000036,210.78018597822353
2023-07-20 14:00:00,6626.736504686441,31980.000000000044,207.21502516217734
2023-07-20 15:00:00,6981.733561656191,31898.50000000004,218.8734129083243
2023-07-20 16:00:00,6991.076074165176,31876.000000000025,219.32099617785073
2023-07-20 17:00:00,6841.364934786367,30581.000000000025,223.71292419431546
2023-07-20 18:00:00,7162.669498145253,30529.00000000002,234.61854296391132
2023-07-20 19:00:00,6984.420123356085,29313.500000000033,238.26633200934987
2023-07-20 20:00:00,6845.786322860359,27882.50000000001,245.52268709263362
2023-07-20 21:00:00,6163.954710388416,25952.00000000003,237.51366794036718
2023-07-20 22:00:00,5805.198112500869,23945.000000000025,242.43884370435842
2023-07-20 23:00:00,5607.955474397616,23731.500000000025,236.3085129215435
2023-07-21 00:00:00,5089.613332093241,22822.50000000004,223.00858065914042
2023-07-21 01:00:00,4823.179491913083,22038.000000000025,218.85740502373528
2023-07-21 02:00:00,4694.692189362956,21951.000000000033,213.87144956325218
2023-07-21 03:00:00,4661.310302151133,22177.000000000022,210.18669351811013
2023-07-21 04:00:00,4994.487488405105,23407.00000000003,213.37580588734562
2023-07-21 05:00:00,5437.25697783578,25408.5,213.9936233085692
2023-07-21 06:00:00,6175.171598984945,27826.00000000001,221.92092284140526
2023-07-21 07:00:00,6621.470012117673,30143.00000000001,219.66858017177023
2023-07-21 08:00:00,6900.923668383835,31759.500000000022,217.28691158185205
2023-07-21 09:00:00,6724.531884060252,32470.500000000033,207.09665339493526
2023-07-21 10:00:00,6995.139168795426,33244.000000000044,210.41809555996318
2023-07-21 11:00:00,6694.094148455271,32582.500000000007,205.45059920065282
2023-07-21 12:00:00,6294.657088014339,31887.000000000004,197.40512083339098
2023-07-21 13:00:00,6307.196817558,31801.00000000002,198.3332856689411
2023-07-21 14:00:00,6189.134243974383,30935.000000000004,200.06899123886802
2023-07-21 15:00:00,6053.029045778733,30870.00000000003,196.08127780300381
2023-07-21 16:00:00,6503.04203144059,30679.00000000003,211.9704694234031
2023-07-21 17:00:00,6668.041773777137,29495.000000000025,226.0736319300604
2023-07-21 18:00:00,6710.969095984096,29484.50000000004,227.61006956143353
2023-07-21 19:00:00,6597.992615338059,27655.500000000025,238.57795430702947
2023-07-21 20:00:00,6735.52631141756,26625.000000000033,252.97751404385173
2023-07-21 21:00:00,6413.977971390309,25546.500000000033,251.0707130679467
2023-07-21 22:00:00,4936.27407753627,22625.000000000033,218.17785978060832
2023-07-21 23:00:00,3762.7318407934467,21066.500000000022,178.61210171568334
2023-07-22 00:00:00,3137.930436133961,20103.49999999999,156.08876246096264
2023-07-22 01:00:00,2700.2364819291743,19331.499999999985,139.68064981657793
2023-07-22 02:00:00,2446.343529244445,18804.99999999999,130.09005739135586
2023-07-22 03:00:00,2366.426744620987,18518.49999999999,127.78717199670537
2023-07-22 04:00:00,2266.9259613263303,18630.999999999985,121.67494827579475
2023-07-22 05:00:00,2501.281921954399,19672.999999999993,127.14288222205053
2023-07-22 06:00:00,2460.47453987953,22140.499999999993,111.13003499828507
2023-07-22 07:00:00,2667.39989482723,25000.50000000004,106.69386191585072
2023-07-22 08:00:00,2785.456182086309,27189.500000000055,102.44602446114506
2023-07-22 09:00:00,2456.271223263793,28526.000000000062,86.10640199340209
2023-07-22 10:00:00,2984.963383723694,28848.00000000006,103.47210842081559
2023-07-22 11:00:00,2652.510560026803,29109.00000000003,91.1233831470267
2023-07-22 12:00:00,2653.6831118450173,29280.500000000044,90.62970618141811
2023-07-22 13:00:00,2452.9307623797845,28986.00000000004,84.62467268266684
2023-07-22 14:00:00,2378.1280513798247,29049.000000000025,81.86609010223493
2023-07-22 15:00:00,2530.8001057261254,29066.50000000003,87.0693102274482
2023-07-22 16:00:00,2793.7473157423324,29821.5,93.68232033071214
2023-07-22 17:00:00,2646.0269164123597,30004.000000000036,88.18913866192362
2023-07-22 18:00:00,2228.366488646046,28381.50000000003,78.51475392935693
2023-07-22 19:00:00,2073.692179791304,27076.00000000002,76.58783349797986
2023-07-22 20:00:00,1816.682779304311,26029.50000000002,69.793226120529
2023-07-22 21:00:00,1311.0951867561164,24804.50000000003,52.85715038626518
2023-07-22 22:00:00,369.7312936098455,22108.5,16.723490675977363
2023-07-22 23:00:00,79.106,21898.095875895662,3.612460208792672
2023-07-23 00:00:00,49.788,21776.421519228843,2.2863260594049666
2023-07-23 01:00:00,40.916,22406.860099296784,1.8260479075907696
2023-07-23 02:00:00,35.086,23024.751684921,1.5238383666468793
2023-07-23 03:00:00,29.892,23349.546441737028,1.2801961731714162
2023-07-23 04:00:00,10.812,23395.19071258577,0.46214626471001724
2023-07-23 05:00:00,9.858,23766.251698536824,0.41478985096362125
2023-07-23 06:00:00,450.77299502837786,25752.31039042321,17.504176836731965
2023-07-23 07:00:00,945.0400000000006,28484.45757167892,33.1773914817188
2023-07-23 08:00:00,878.1700000000006,30507.3425222999,28.78552923310466
2023-07-23 09:00:00,879.2400000000006,31893.269432391047,27.56819904788556
2023-07-23 10:00:00,1067.8100000000006,33663.89596441254,31.719739186718776
2023-07-23 11:00:00,986.4020000000006,33541.90715458822,29.408047534502526
2023-07-23 12:00:00,968.3260000000007,32973.814537455044,29.366514417071055
2023-07-23 13:00:00,1008.0700000000006,32831.40120125327,30.704446448101024
2023-07-23 14:00:00,1348.7580000000005,30507.163223027026,44.21119034043612
2023-07-23 15:00:00,1713.7700000000004,29147.345288462482,58.79677833570556
2023-07-23 16:00:00,1878.416040564545,29462.532618753805,63.75609540670905
2023-07-23 17:00:00,1926.849999999998,28583.00000000005,67.41244795857659
2023-07-23 18:00:00,1919.1499999999978,27863.00000000005,68.87808204428791
2023-07-23 19:00:00,1741.623999999998,26405.000000000062,65.9581139935616
2023-07-23 20:00:00,1657.0304330761257,25631.99999999998,64.646942613769
2023-07-23 21:00:00,1573.7549181569468,24338.000000000033,64.66245863082196
2023-07-23 22:00:00,1413.975999999998,22881.75281999176,61.7949162865097
2023-07-23 23:00:00,1185.601999999998,21300.13888988674,55.66170277710815
2023-07-24 00:00:00,1076.685999999998,20502.585241184846,52.51464570610298
2023-07-24 01:00:00,1043.3179999999982,19890.323367020115,52.453546417948644
2023-07-24 02:00:00,1057.965999999998,20984.541715851312,50.41644532083497
2023-07-24 03:00:00,1121.917999999998,20591.564780291428,54.484348905519155
2023-07-24 04:00:00,1154.1123216983688,20494.500000000015,56.313270472486174
2023-07-24 05:00:00,1530.5599999999913,23268.499999999996,65.77819799299446
2023-07-24 06:00:00,2250.619399679637,26571.500000000022,84.70050240594753
2023-07-24 07:00:00,3335.190026080379,29670.50000000001,112.40761113160809
2023-07-24 08:00:00,4551.183484173213,31623.0,143.9200418737379
2023-07-24 09:00:00,4414.789455706523,32336.500000000036,136.52650892046194
2023-07-24 10:00:00,4876.83076386852,33183.00000000003,146.96774745708694
2023-07-24 11:00:00,4565.366601112303,33305.00000000007,137.07751392020094
2023-07-24 12:00:00,5315.395988336478,32783.50000000001,162.13631821911866
2023-07-24 13:00:00,5303.15363152971,32896.50000000002,161.20722969099162
2023-07-24 14:00:00,5011.0879102839035,31775.50000000005,157.70288147421428
2023-07-24 15:00:00,4824.062772831292,31239.999999999996,154.41942294594406
2023-07-24 16:00:00,5168.610116546997,31884.999999999993,162.1016188347812
2023-07-24 17:00:00,5691.565340792211,31724.499999999996,179.40599034790813
2023-07-24 18:00:00,5485.722675980095,30591.500000000047,179.32179448474534
2023-07-24 19:00:00,5649.0557894827525,29207.000000000033,193.41444823099758
2023-07-24 20:00:00,5591.62531638608,27802.500000000047,201.1195150215294
2023-07-24 21:00:00,5159.6443789812365,25503.50000000001,202.3112270465322
2023-07-24 22:00:00,4731.818297364485,22995.00000000003,205.77596422546117
2023-07-24 23:00:00,4590.388934113341,21480.000000000033,213.70525764028557
2023-07-25 00:00:00,4634.670318058399,21314.000000000036,217.4472327136338
2023-07-25 01:00:00,4497.303631419344,20902.500000000025,215.15625553973632
2023-07-25 02:00:00,4367.782948167828,20974.000000000033,208.24749442966632
2023-07-25 03:00:00,4348.147390616872,21093.000000000022,206.14172429795988
2023-07-25 04:00:00,4469.019254595509,21513.50000000003,207.730924981779
2023-07-25 05:00:00,5394.883696981443,24115.500000000033,223.71021529644565
2023-07-25 06:00:00,6483.587411857257,26750.00000000001,242.37709950868242
2023-07-25 07:00:00,7198.292984991694,30078.000000000025,239.32086525007273
2023-07-25 08:00:00,7409.443306578566,31397.00000000004,235.9920790705659
2023-07-25 09:00:00,7144.772159890436,31666.50000000003,225.6255714995478
2023-07-25 10:00:00,7124.224144557926,31926.500000000015,223.1445396319021
2023-07-25 11:00:00,7436.058132832907,32796.5,226.7332835160126
2023-07-25 12:00:00,7191.959536107651,32233.00000000003,223.12411305518086
2023-07-25 13:00:00,7140.5418476671375,32481.50000000004,219.83411627132764
2023-07-25 14:00:00,6893.66797132201,31851.000000000036,216.4348991027598
2023-07-25 15:00:00,6339.445587725242,31273.500000000033,202.70982102179914
2023-07-25 16:00:00,6496.271760163025,31482.00000000004,206.34876310790347
2023-07-25 17:00:00,6916.437407120563,31075.000000000033,222.5724024817556
2023-07-25 18:00:00,6550.348648462254,29593.5,221.3441684309816
2023-07-25 19:00:00,6796.737285964081,28207.00000000004,240.95924011642754
2023-07-25 20:00:00,6683.282909602581,27453.50000000002,243.44010452592843
2023-07-25 21:00:00,6600.999534937621,25633.500000000025,257.51456238662746
2023-07-25 22:00:00,5699.120058966975,23141.000000000047,246.27803720526182
2023-07-25 23:00:00,4851.753399611634,21399.000000000044,226.72804334836323
2023-07-26 00:00:00,4558.328052712913,21046.000000000022,216.5888079783763
2023-07-26 01:00:00,4003.185927984229,21067.000000000015,190.02164180871628
2023-07-26 02:00:00,3971.7722435813466,21205.500000000025,187.29915557668255
2023-07-26 03:00:00,4150.72307554734,20957.00000000003,198.05902922877007
2023-07-26 04:00:00,4376.3459978751025,21201.50000000003,206.41681003113445
2023-07-26 05:00:00,5357.9064105887,23189.000000000033,231.05379320318653
2023-07-26 06:00:00,6339.994428681122,26500.000000000025,239.2450727804195
2023-07-26 07:00:00,7245.289553215815,29891.500000000047,242.3862821610091
2023-07-26 08:00:00,7431.895491230065,31628.50000000005,234.9746428452204
2023-07-26 09:00:00,7404.397111952152,32358.500000000033,228.8238673594927
2023-07-26 10:00:00,7141.555651931612,33198.00000000003,215.12005698932484
2023-07-26 11:00:00,7011.421717493743,33499.50000000003,209.29929454152264
2023-07-26 12:00:00,6796.991973149237,32880.00000000002,206.7211670665825
2023-07-26 13:00:00,6463.747059694244,32176.500000000055,200.88409428291556
2023-07-26 14:00:00,5966.059337662034,31355.50000000004,190.27154207912568
2023-07-26 15:00:00,6077.540244498993,31460.500000000007,193.18002716101114
2023-07-26 16:00:00,5951.998751358424,32379.000000000036,183.82280957899926
2023-07-26 17:00:00,5344.612094280688,31635.500000000004,168.94350000097006
2023-07-26 18:00:00,5165.9198216341565,30881.000000000015,167.28473241262114
2023-07-26 19:00:00,5098.485765903617,30020.000000000022,169.83630132923426
2023-07-26 20:00:00,4833.797047232187,29538.500000000033,163.64395779176942
2023-07-26 21:00:00,4220.433603544091,27963.50000000003,150.92651504797635
2023-07-26 22:00:00,2209.8704525279722,23796.000000000025,92.8673076369125
2023-07-26 23:00:00,1397.009910211185,22287.500000000025,62.68131958322752
2023-07-27 00:00:00,1254.0218987754006,22010.000000000033,56.97509762723302
2023-07-27 01:00:00,1065.9819999999968,22674.229773837316,47.01293100725217
2023-07-27 02:00:00,1087.3939999999968,22842.205876607124,47.60459676591941
2023-07-27 03:00:00,1539.8099999999915,22040.50000000002,69.8627526598757
2023-07-27 04:00:00,1589.9438517896726,21886.500000000007,72.64495701869518
2023-07-27 05:00:00,3200.5444816979375,24780.500000000022,129.1557669013109
2023-07-27 06:00:00,4471.185763935012,27484.00000000007,162.68322529235195
2023-07-27 07:00:00,5088.69122838646,29950.000000000062,169.90621797617527
2023-07-27 08:00:00,5081.006933329637,31974.50000000014,158.90809655599352
2023-07-27 09:00:00,5142.283474626503,32640.000000000044,157.54544959027257
2023-07-27 10:00:00,5354.480412839756,33451.99999999999,160.06458247159387
2023-07-27 11:00:00,5788.016068712383,33993.00000000007,170.27082248440473
2023-07-27 12:00:00,5674.224703933319,33821.00000000006,167.77223334417403
2023-07-27 13:00:00,5638.114269234627,33270.00000000004,169.46541236052363
2023-07-27 14:00:00,5747.7750511443055,32779.0,175.3493105690932
2023-07-27 15:00:00,5809.330681707092,32498.000000000087,178.759636953261
2023-07-27 16:00:00,6218.060432586876,32393.000000000047,191.95691762377265
2023-07-27 17:00:00,6246.772340263717,31945.00000000002,195.54773329985014
2023-07-27 18:00:00,6199.554340299568,30682.00000000007,202.0583514861989
2023-07-27 19:00:00,6060.5868414320785,29317.500000000025,206.72249821547106
2023-07-27 20:00:00,6193.902881144555,28041.500000000036,220.8834363762476
2023-07-27 21:00:00,5609.408755783406,26329.50000000005,213.04653547478665
2023-07-27 22:00:00,5139.62877077371,24046.000000000025,213.7415275211555
2023-07-27 23:00:00,4783.878198441712,22481.000000000044,212.7965036449314
2023-07-28 00:00:00,4843.482468744512,21571.50000000003,224.53155639359827
2023-07-28 01:00:00,4810.382862515622,21216.00000000002,226.7337322075612
2023-07-28 02:00:00,4996.691308899901,21190.50000000003,235.79865075858967
2023-07-28 03:00:00,4980.037387354517,20748.00000000005,240.02493673387818
2023-07-28 04:00:00,5447.293094453328,21505.500000000047,253.29767243046274
2023-07-28 05:00:00,5736.9445805637515,23452.00000000004,244.62496079497447
2023-07-28 06:00:00,6442.124944454775,26485.00000000005,243.23673567886587
2023-07-28 07:00:00,6935.549572222267,28675.00000000002,241.86746546546686
2023-07-28 08:00:00,7089.252562038026,30118.500000000025,235.3786729763441
2023-07-28 09:00:00,7222.516243231541,30610.50000000003,235.94897970407325
2023-07-28 10:00:00,7382.932013977798,32005.500000000025,230.6769778312413
2023-07-28 11:00:00,7055.577176841306,32156.500000000025,219.41371656869686
2023-07-28 12:00:00,6664.156248613251,32713.500000000022,203.71272559075751
2023-07-28 13:00:00,5916.695773394246,31359.50000000004,188.6731540169403
2023-07-28 14:00:00,5660.902581710556,30426.000000000025,186.05477491982353
2023-07-28 15:00:00,5748.751175785702,30542.500000000033,188.22136942901517
2023-07-28 16:00:00,5162.563664316099,30990.500000000022,166.58536210503524
2023-07-28 17:00:00,5214.217865213381,30639.500000000036,170.1796003594502
2023-07-28 18:00:00,5096.903227265343,29370.499999999993,173.53818379889154
2023-07-28 19:00:00,4971.355564859851,28417.000000000025,174.9430117485958
2023-07-28 20:00:00,4878.381547508942,27428.99999999999,177.85488160373853
2023-07-28 21:00:00,4093.99322513809,26311.000000000044,155.60006176648866
2023-07-28 22:00:00,1891.9347146318592,23246.50000000003,81.38578773715857
2023-07-28 23:00:00,1303.609931397156,22333.000000000025,58.371465159054075
2023-07-29 00:00:00,1030.2599999999968,21975.95916196209,46.881230184631065
2023-07-29 01:00:00,1035.453999999997,22085.783588241993,46.88328108726244
2023-07-29 02:00:00,1057.5299999999968,22475.14788237789,47.05330552370582
2023-07-29 03:00:00,1052.4459999999967,21957.66740151355,47.930683198500915
2023-07-29 04:00:00,1040.753999999997,21934.279595055174,47.448743209903405
2023-07-29 05:00:00,1045.099999999997,21344.929136370178,48.962448800976524
2023-07-29 06:00:00,1250.9319999999968,22362.390774204116,55.9390993848026
2023-07-29 07:00:00,1724.9229001010535,25099.000000000015,68.72476593095551
2023-07-29 08:00:00,1890.3699999999915,26676.000000000044,70.86407257459845
2023-07-29 09:00:00,1849.0859999999914,27821.000000000044,66.46367851622834
2023-07-29 10:00:00,1967.2819999999913,28815.50000000004,68.27165935000221
2023-07-29 11:00:00,2214.1199999999917,29739.0,74.45173005144731
2023-07-29 12:00:00,1975.6510312509236,30507.000000000036,64.76058056350743
2023-07-29 13:00:00,1672.949077655417,30432.50000000004,54.97244977098217
2023-07-29 14:00:00,1475.2053817826177,29187.499999999953,50.54236854073216
2023-07-29 15:00:00,1314.9600000000007,28441.71299847687,46.2335021828826
2023-07-29 16:00:00,1364.3080000000007,29419.777483549053,46.37383816933674
2023-07-29 17:00:00,990.0980000000005,28165.14327537091,35.15330954718752
2023-07-29 18:00:00,991.4440000000005,26753.00000000001,37.059170934100855
2023-07-29 19:00:00,970.8840053349475,25591.500000000036,37.93775297793979
2023-07-29 20:00:00,1019.333999999998,24906.500000000062,40.92642482885975
2023-07-29 21:00:00,916.925999999998,23581.499999999978,38.88327714521972
2023-07-29 22:00:00,910.9660000000007,23395.949442076184,38.93691094928099
2023-07-29 23:00:00,777.9340000000007,23708.570452667263,32.81235372470471
2023-07-30 00:00:00,778.6140000000006,24744.57344506072,31.466050596051808
2023-07-30 01:00:00,785.9220000000006,25016.76350160453,31.41581443777061
2023-07-30 02:00:00,780.9400000000006,25452.870434496905,30.681804710779232
2023-07-30 03:00:00,780.0920000000006,26463.51510211089,29.4780189627105
2023-07-30 04:00:00,748.7160000000006,26076.250097277352,28.71256400774338
2023-07-30 05:00:00,748.0800000000006,25709.46183223898,29.09745854975184
2023-07-30 06:00:00,820.6800000000006,26145.97129547597,31.388392143687646
2023-07-30 07:00:00,1109.4300000000007,28210.018983782436,39.32751695905619
2023-07-30 08:00:00,1140.0540000000005,29250.350552001702,38.97573801630842
2023-07-30 09:00:00,1366.5720347937895,30520.50000000003,44.775545446299645
2023-07-30 10:00:00,1578.897999999998,30979.000000000004,50.96671939055482
2023-07-30 11:00:00,1602.149999999998,31568.500000000033,50.75154030124955
2023-07-30 12:00:00,1624.4693677151895,30800.500000000095,52.741655743094576
2023-07-30 13:00:00,1615.2840000000006,30869.93533649165,52.32547403785967
2023-07-30 14:00:00,1635.3560000000004,30450.39740531658,53.70557166240695
2023-07-30 15:00:00,1619.9320000000005,29459.66452109349,54.988134669358125
2023-07-30 16:00:00,1783.2860000000005,30433.099731080594,58.5969229476409
2023-07-30 17:00:00,1787.9140000000007,28943.69028176936,61.77215077256913
2023-07-30 18:00:00,1754.1232390239074,27466.499999999996,63.864097683502
2023-07-30 19:00:00,1685.5799999999979,26400.499999999978,63.84651805837008
2023-07-30 20:00:00,1571.0279999999982,25491.00000000002,61.630693185830175
2023-07-30 21:00:00,1494.9080000000006,24117.528445287626,61.98429509024146
2023-07-30 22:00:00,1055.085999999998,22329.50000000001,47.25076692268065
2023-07-30 23:00:00,1134.2000000000005,21709.83842133313,52.243594723647554
2023-07-31 00:00:00,860.9200000000006,21460.822925244694,40.11588945115833
2023-07-31 01:00:00,929.9080000000006,20742.920997310266,44.830137477772865
2023-07-31 02:00:00,920.7320000000005,20614.762473258335,44.66372102004002
2023-07-31 03:00:00,815.3400000000005,20544.673330211765,39.68619928363672
2023-07-31 04:00:00,977.5140518119745,21476.532618753787,45.51545024350846
2023-07-31 05:00:00,1006.7659999999969,23559.000000000033,42.73381722483957
2023-07-31 06:00:00,1124.2759999999969,26348.000000000065,42.670259602246624
2023-07-31 07:00:00,1580.4339999999968,29585.000000000015,53.42011154301152
2023-07-31 08:00:00,1715.9399999999969,30514.500000000022,56.233593865211475
2023-07-31 09:00:00,1848.0399999999968,31034.000000000033,59.54888187149561
2023-07-31 10:00:00,1849.1999999999969,31367.0,58.95367743169563
2023-07-31 11:00:00,2122.162517307721,32093.000000000015,66.12540171712584
2023-07-31 12:00:00,2318.9719999999916,32136.500000000022,72.16006721329299
2023-07-31 13:00:00,1984.6609629455936,31854.50000000004,62.30394333439831
2023-07-31 14:00:00,2205.5719999999915,32066.500000000073,68.78118909141898
2023-07-31 15:00:00,1808.0203075599316,32110.50000000001,56.30620225658059
2023-07-31 16:00:00,1866.0519999999913,32332.49999999999,57.71443593907034
2023-07-31 17:00:00,1840.8859999999913,32099.000000000025,57.3502601327141
2023-07-31 18:00:00,1780.2539999999915,30744.50000000004,57.90479597976839
2023-07-31 19:00:00,1737.8859999999916,29058.000000000062,59.807488471332775
2023-07-31 20:00:00,2580.4440360810204,27486.00000000004,93.88212312017087
2023-07-31 21:00:00,1936.871926341717,25244.500000000033,76.72451133283346
2023-07-31 22:00:00,1182.7959999999969,26018.108621952833,45.46049127498877
2023-07-31 23:00:00,988.7679999999981,25343.858705402406,39.01410639529915
2023-08-01 00:00:00,944.7466864455798,24716.000000000025,38.22409315607618
2023-08-01 01:00:00,975.2819999999981,25520.9734710824,38.21492158616449
2023-08-01 02:00:00,981.137999999998,25642.912983197948,38.26156570600504
2023-08-01 03:00:00,949.6691641377982,25046.32416024524,37.91650854879376
2023-08-01 04:00:00,967.479999999998,25146.129392421815,38.474310893014156
2023-08-01 05:00:00,1005.5359999999969,25220.95886287727,39.869063086259
2023-08-01 06:00:00,1460.5959999999914,28003.50000000004,52.15762315424819
2023-08-01 07:00:00,1599.9319999999914,30700.000000000025,52.11504885993453
2023-08-01 08:00:00,1862.1079999999913,31512.999999999996,59.090153270078744
2023-08-01 09:00:00,2237.105999999991,32124.00000000003,69.63970862906204
2023-08-01 10:00:00,2684.8869813544297,32665.000000000044,82.19461139918647
2023-08-01 11:00:00,3686.0344508364738,33626.00000000003,109.61858237186911
2023-08-01 12:00:00,4876.229151048292,32904.50000000003,148.19338239597283
2023-08-01 13:00:00,5399.369645491518,32382.000000000025,166.739844527562
2023-08-01 14:00:00,5904.58252990648,31711.500000000015,186.19688535409796
2023-08-01 15:00:00,6124.687408336423,31336.50000000009,195.44899425067908
2023-08-01 16:00:00,6850.347726558267,30891.50000000002,221.7551017774554
2023-08-01 17:00:00,7169.2051680577315,30043.00000000005,238.6314671656532
2023-08-01 18:00:00,7287.533063728333,29260.000000000025,249.06128037349032
2023-08-01 19:00:00,7082.184498909726,28317.00000000004,250.10363028956866
2023-08-01 20:00:00,6680.257275594355,27443.50000000002,243.4185608830634
2023-08-01 21:00:00,5743.363511927256,25296.000000000044,227.04631214133641
2023-08-01 22:00:00,3844.467063885016,22828.0,168.41015699513827
2023-08-01 23:00:00,2645.946637139184,21353.999999999985,123.90871205109984
2023-08-02 00:00:00,2028.954944699635,20773.99999999999,97.66799579761414
2023-08-02 01:00:00,1454.6703649989588,20462.999999999993,71.08783487264621
2023-08-02 02:00:00,1815.702884890083,21306.00000000002,85.2202611888708
2023-08-02 03:00:00,1711.8372871095398,21690.000000000036,78.92288091791319
2023-08-02 04:00:00,1157.1559999999968,22337.220608041363,51.80393838181561
2023-08-02 05:00:00,1218.897999999997,24697.07889031886,49.35393393741797
2023-08-02 06:00:00,1695.1227231616263,27590.000000000033,61.43975074888091
2023-08-02 07:00:00,1894.7999999999915,30373.499999999996,62.38332757173166
2023-08-02 08:00:00,2552.1130039718178,31391.500000000047,81.29949202719888
2023-08-02 09:00:00,2881.2536556304344,31856.99999999997,90.44334543837891
2023-08-02 10:00:00,3237.7959636210176,32880.500000000044,98.47161580940111
2023-08-02 11:00:00,2485.94246527641,32843.00000000003,75.69169884835149
2023-08-02 12:00:00,2622.3770198738184,32543.50000000012,80.58066956147337
2023-08-02 13:00:00,2709.0299594790285,32141.00000000002,84.28580191901395
2023-08-02 14:00:00,2860.4030681183153,31961.500000000033,89.49526987526595
2023-08-02 15:00:00,2957.0518131581925,31665.00000000005,93.38549859965855
2023-08-02 16:00:00,3036.5748131326404,31386.00000000003,96.74934088869679
2023-08-02 17:00:00,3755.485428269718,31506.500000000033,119.19716338754587
2023-08-02 18:00:00,3510.8945968024855,30415.50000000004,115.43109916991273
2023-08-02 19:00:00,2878.008680052901,29216.500000000036,98.50627830345515
2023-08-02 20:00:00,2316.556099068705,28489.000000000033,81.31405451467944
2023-08-02 21:00:00,1425.3599999999967,26741.34734733561,53.301727152577946
2023-08-02 22:00:00,1139.2959999999966,26524.37363800895,42.952795626713915
2023-08-02 23:00:00,1099.111999999997,26148.765817431962,42.03303542790072
2023-08-03 00:00:00,1092.1459999999968,25556.386316519158,42.734758602942804
2023-08-03 01:00:00,1096.2419999999968,25465.990370391195,43.04729500230142
2023-08-03 02:00:00,1093.2319999999968,25216.623690241304,43.35362312691653
2023-08-03 03:00:00,1099.553999999997,25393.638946359875,43.30037149550067
2023-08-03 04:00:00,1047.745999999997,24305.77835991997,43.10686884760381
2023-08-03 05:00:00,1357.5659999999968,26515.330718340694,51.19928596858747
2023-08-03 06:00:00,1600.0699999999968,27099.50000000006,59.04426280927668
2023-08-03 07:00:00,1725.9899999999966,30208.00000000003,57.13685116525407
2023-08-03 08:00:00,1901.9879999999969,32329.50000000005,58.83134598431754
2023-08-03 09:00:00,2370.5939999999914,33133.499999999956,71.54674272262196
2023-08-03 10:00:00,2370.487999999991,32286.000000000102,73.42154494207965
2023-08-03 11:00:00,2370.487999999991,31967.000000000025,74.15422154096377
2023-08-03 12:00:00,2370.487999999991,31626.0,74.95377221273608
2023-08-03 13:00:00,2370.487999999991,31245.50000000004,75.86654078187222
2023-08-03 14:00:00,2370.487999999991,31306.500000000047,75.71871656045829
2023-08-03 15:00:00,2376.5939999999914,31357.00000000008,75.79149791115175
2023-08-03 16:00:00,2353.2119999999913,31952.50000000007,73.64719505515957
2023-08-03 17:00:00,3434.3213481249277,30990.50000000004,110.81852013116675
2023-08-03 18:00:00,4092.961600529179,29660.00000000001,137.99600810954746
2023-08-03 19:00:00,4062.555712412449,28602.50000000008,142.03498688619655
2023-08-03 20:00:00,3783.589532724043,27966.50000000003,135.29006249348467
2023-08-03 21:00:00,3335.8182786575708,26717.000000000047,124.85751688653535
2023-08-03 22:00:00,2597.0509432071976,24173.50000000003,107.43379912744099
2023-08-03 23:00:00,2143.4216504625574,22570.500000000022,94.96562550508652
2023-08-04 00:00:00,2177.6728534726376,22098.00000000001,98.54615139255301
2023-08-04 01:00:00,1748.5258966169272,21935.000000000025,79.71396838919193
2023-08-04 02:00:00,1042.975999999997,21643.756832612955,48.18830705159438
2023-08-04 03:00:00,1069.1509084173897,21583.000000000036,49.536714470527166
2023-08-04 04:00:00,1537.1195017035916,22111.500000000033,69.51674475741534
2023-08-04 05:00:00,2865.9651985914415,24519.00000000002,116.88752390356211
2023-08-04 06:00:00,3966.2439645916797,27326.500000000036,145.14277220250213
2023-08-04 07:00:00,4873.620096205614,29542.50000000003,164.96979254313646
2023-08-04 08:00:00,5452.185676824562,31371.00000000004,173.79699967564167
2023-08-04 09:00:00,5795.876414009678,32004.000000000044,181.09850062522403
2023-08-04 10:00:00,5856.0569778863755,32377.500000000033,180.86810216620708
2023-08-04 11:00:00,5930.195214342251,32160.00000000003,184.39661736138822
2023-08-04 12:00:00,5995.969569247717,31353.500000000062,191.23764712863652
2023-08-04 13:00:00,6086.849632105316,30788.50000000006,197.6988041673126
2023-08-04 14:00:00,6311.446534214344,31048.999999999996,203.2737458280249
2023-08-04 15:00:00,6308.010177842933,30397.000000000047,207.5208138251447
2023-08-04 16:00:00,6751.601872104842,30324.50000000004,222.64511771355944
2023-08-04 17:00:00,6821.131086047481,29368.00000000004,232.26406585560719
2023-08-04 18:00:00,6954.14720633781,27990.000000000033,248.45113277376927
2023-08-04 19:00:00,7013.1414302657295,26809.500000000025,261.5916533417528
2023-08-04 20:00:00,7096.94059227314,26470.000000000033,268.1126026548217
2023-08-04 21:00:00,6423.096560890271,25051.000000000033,256.40080479383107
2023-08-04 22:00:00,5722.812969415452,22357.500000000036,255.96837613397932
2023-08-04 23:00:00,5291.307822931734,20693.000000000033,255.70520576676782
2023-08-05 00:00:00,4617.136843948536,20236.49999999999,228.15886363494369
2023-08-05 01:00:00,4456.571299745296,19843.49999999999,224.5859500463778
2023-08-05 02:00:00,4412.473824938723,19361.999999999985,227.8934936958334
2023-08-05 03:00:00,4489.321430022633,19796.00000000001,226.77921954044405
2023-08-05 04:00:00,4423.919249814058,20356.000000000022,217.32753241373814
2023-08-05 05:00:00,4208.268146438814,21225.50000000003,198.26473564527615
2023-08-05 06:00:00,4124.603681682315,22837.50000000003,180.60661988756692
2023-08-05 07:00:00,4288.031843696281,25059.50000000003,171.1140223745995
2023-08-05 08:00:00,4854.779690067637,27093.00000000006,179.18944709215023
2023-08-05 09:00:00,5284.141867079766,28175.500000000036,187.54385430887683
2023-08-05 10:00:00,6131.173472955225,28793.50000000004,212.93602628910054
2023-08-05 11:00:00,5649.802423585198,29453.000000000047,191.82434467066815
2023-08-05 12:00:00,4368.060697734732,28731.00000000004,152.0330200039931
2023-08-05 13:00:00,3213.0830456617873,27589.500000000025,116.46035795000941
2023-08-05 14:00:00,3050.608141781565,28189.000000000047,108.21980708012202
2023-08-05 15:00:00,3631.705010051771,28637.00000000004,126.81862660375617
2023-08-05 16:00:00,4169.955895809174,28778.000000000033,144.90082340013794
2023-08-05 17:00:00,4701.778567234345,28213.00000000001,166.65291061689092
2023-08-05 18:00:00,4545.1477652700505,26987.50000000007,168.41677685113623
2023-08-05 19:00:00,4378.396894181302,26217.50000000002,167.00283757724034
2023-08-05 20:00:00,3979.9643857998576,26389.00000000004,150.8190680131817
2023-08-05 21:00:00,2837.1912061844914,25137.50000000002,112.86688040515125
2023-08-05 22:00:00,1421.8339999999969,23983.802401354482,59.28309348978372
2023-08-05 23:00:00,1377.187999999997,23857.391149472616,57.72584233420847
2023-08-06 00:00:00,1383.0559999999969,23627.623707712795,58.53555216170656
2023-08-06 01:00:00,1381.139999999997,23275.789183495228,59.338052476405736
2023-08-06 02:00:00,1324.503999999997,23420.732843214326,56.552628342872055
2023-08-06 03:00:00,1267.9139999999968,23412.66246852319,54.15505398861087
2023-08-06 04:00:00,1336.4399999999969,23647.35709997311,56.51540653570612
2023-08-06 05:00:00,1322.6019999999967,23489.375026471364,56.306393784827804
2023-08-06 06:00:00,1190.8139999999967,22941.217156067913,51.907184867260995
2023-08-06 07:00:00,1334.6319999999969,24666.000000000065,54.10816508554258
2023-08-06 08:00:00,1461.6759999999967,27588.41390456486,52.98151626462816
2023-08-06 09:00:00,1478.917999999997,29013.578410603226,50.97330563883549
2023-08-06 10:00:00,1837.0419999999967,28850.50000000006,63.67452903762476
2023-08-06 11:00:00,1944.1759999999967,29109.254229334496,66.78893195555581
2023-08-06 12:00:00,1638.5599999999968,28556.31874463258,57.379945036086944
2023-08-06 13:00:00,1619.953999999997,28979.05549121694,55.90085572288502
2023-08-06 14:00:00,1351.1819999999968,28407.53897912717,47.56420473427129
2023-08-06 15:00:00,1481.233999999997,28273.76193530873,52.38899596697134
2023-08-06 16:00:00,1896.9419999999968,29167.000000000076,65.03726814550663
2023-08-06 17:00:00,1960.245999999997,28800.500000000073,68.06291557438212
2023-08-06 18:00:00,1914.005999999997,27448.999999999967,69.72953477358007
2023-08-06 19:00:00,1914.9539999999968,26269.50000000002,72.89647690287197
2023-08-06 20:00:00,1954.457999999997,25767.500000000022,75.84973319103504
2023-08-06 21:00:00,1954.563999999997,24524.500000000007,79.69842402495449
2023-08-06 22:00:00,1954.457999999997,21929.999999999996,89.12257181942532
2023-08-06 23:00:00,1863.4499999999969,21657.943455789355,86.04002516692695
2023-08-07 00:00:00,1914.919999999997,21153.13721260541,90.52652477755748
2023-08-07 01:00:00,1770.4179999999967,20492.343217344744,86.39412200072428
2023-08-07 02:00:00,1847.4459999999967,20148.914466412927,91.68960457297003
2023-08-07 03:00:00,1881.8839999999968,20481.25074924995,91.88325571713015
2023-08-07 04:00:00,1896.581999999997,20415.384278288155,92.8996473515818
2023-08-07 05:00:00,2367.0359999999914,22235.500000000007,106.45301432394102
2023-08-07 06:00:00,2976.0487677840015,26126.99999999999,113.90702215271568
2023-08-07 07:00:00,4854.598846231448,29260.500000000007,165.90963401963216
2023-08-07 08:00:00,6168.013538153354,30861.000000000025,199.8643445822672
2023-08-07 09:00:00,5772.749164373938,31505.50000000007,183.22988571436497
2023-08-07 10:00:00,5921.472903727571,31918.499999999993,185.51852072395548
2023-08-07 11:00:00,5926.086255320565,32556.000000000055,182.0274682184714
2023-08-07 12:00:00,5551.939683831577,32243.000000000033,172.1905431824449
2023-08-07 13:00:00,5332.290878294466,31797.000000000062,167.6979236498555
2023-08-07 14:00:00,4978.970596079173,31090.000000000036,160.14701177482044
2023-08-07 15:00:00,4756.955353536033,30792.500000000044,154.48422029832022
2023-08-07 16:00:00,5384.675116735365,31795.500000000084,169.35337128635658
2023-08-07 17:00:00,5447.492952486056,30949.50000000005,176.01230884137215
2023-08-07 18:00:00,4991.708406870474,29565.00000000003,168.83843757383627
2023-08-07 19:00:00,4819.51019823357,27479.000000000025,175.38884960273538
2023-08-07 20:00:00,4507.403797095449,27459.50000000004,164.14733688142329
2023-08-07 21:00:00,3594.870097468029,25336.000000000033,141.8878314441121
2023-08-07 22:00:00,1742.9399999999969,24538.520630141396,71.02873177525998
2023-08-07 23:00:00,1707.563999999997,24691.32102539911,69.15644562895136
2023-08-08 00:00:00,1644.879999999997,24411.1714084372,67.38226414777782
2023-08-08 01:00:00,1561.485999999997,23870.100357576644,65.41597968206125
2023-08-08 02:00:00,1397.6539999999968,22587.961089439097,61.87605842182293
2023-08-08 03:00:00,1225.4019999999969,21759.100095249603,56.316759178267844
2023-08-08 04:00:00,1261.1899999999969,21582.02479267784,58.43705639833583
2023-08-08 05:00:00,1672.5659999999914,23128.00000000003,72.31779661016903
2023-08-08 06:00:00,2126.422003219089,26925.5,78.97428100570423
2023-08-08 07:00:00,2951.36803923819,30560.50000000003,96.5745992126499
2023-08-08 08:00:00,5077.380263225488,32226.49999999998,157.55295372521033
2023-08-08 09:00:00,5389.567141809348,32598.000000000033,165.3342886621677
2023-08-08 10:00:00,5574.918840826864,32975.00000000003,169.06501412666745
2023-08-08 11:00:00,5213.058942156884,33067.500000000015,157.64901919276878
2023-08-08 12:00:00,5066.92394842918,33089.50000000006,153.12784866586597
2023-08-08 13:00:00,4730.769523463287,32267.500000000065,146.61097151819254
2023-08-08 14:00:00,5166.3237142808775,32402.500000000025,159.44213299223435
2023-08-08 15:00:00,5250.1353898432035,32465.00000000001,161.71678391631607
2023-08-08 16:00:00,5815.42499500731,32656.00000000005,178.08136314941515
2023-08-08 17:00:00,5750.858792711852,31730.000000000065,181.24357997831203
2023-08-08 18:00:00,5483.030575364291,30443.00000000001,180.10808972060207
2023-08-08 19:00:00,5249.460620110766,28940.000000000025,181.39117553941816
2023-08-08 20:00:00,4726.954349940599,28364.000000000033,166.65330524399215
2023-08-08 21:00:00,4082.7531807915702,25984.50000000003,157.12263775679986
2023-08-08 22:00:00,3022.577757284859,23608.00000000003,128.03192804493628
2023-08-08 23:00:00,2118.790470772779,22127.500000000025,95.75372142233765
2023-08-09 00:00:00,1728.1836562070923,21444.000000000025,80.59054543028773
2023-08-09 01:00:00,1330.7068580089056,21066.000000000033,63.16846378092203
2023-08-09 02:00:00,1257.22417218478,20637.500000000015,60.9194026497773
2023-08-09 03:00:00,1854.785696156571,20438.000000000025,90.75181995090364
2023-08-09 04:00:00,2567.979400321988,21312.50000000002,120.49170206789377
2023-08-09 05:00:00,4030.947623182957,24369.500000000022,165.4095333586226
2023-08-09 06:00:00,5387.583238157939,27616.500000000007,195.08566393851277
2023-08-09 07:00:00,6051.751664796304,30614.00000000003,197.679220774688
2023-08-09 08:00:00,6384.5991243810295,31887.00000000002,200.2257698868199
2023-08-09 09:00:00,6233.667028999377,32544.500000000062,191.5428729585449
2023-08-09 10:00:00,6591.979699067136,32991.00000000004,199.81145461086746
2023-08-09 11:00:00,6709.052394185475,33335.00000000003,201.26150875012658
2023-08-09 12:00:00,6814.000256145147,33416.50000000006,203.91124911780514
2023-08-09 13:00:00,6456.457360750408,32588.000000000025,198.12376828128154
2023-08-09 14:00:00,6819.938989906843,32058.500000000025,212.73418874578778
2023-08-09 15:00:00,7327.352966850776,32196.000000000055,227.58581708444413
2023-08-09 16:00:00,7908.648025148915,32633.50000000001,242.3475270856302
2023-08-09 17:00:00,8071.887095501191,31620.000000000025,255.27789675841822
2023-08-09 18:00:00,7692.808456987814,30382.500000000025,253.19866558011378
2023-08-09 19:00:00,7435.698355643538,28896.500000000044,257.32176407674035
2023-08-09 20:00:00,7273.292138283994,28239.50000000004,257.5573979101608
2023-08-09 21:00:00,6438.933413365687,25995.00000000002,247.69891953705257
2023-08-09 22:00:00,5692.018694224188,23744.00000000003,239.72450700068148
2023-08-09 23:00:00,5087.564070839799,22325.000000000025,227.88640854825502
2023-08-10 00:00:00,4737.648311205666,21618.000000000025,219.1529425111324
2023-08-10 01:00:00,4775.651390473422,21356.00000000003,223.62106155054389
2023-08-10 02:00:00,4797.066856003102,21162.50000000003,226.67770140593478
2023-08-10 03:00:00,5149.096316813993,21379.000000000033,240.84832390729153
2023-08-10 04:00:00,5317.000715569437,21957.00000000002,242.15515396317494
2023-08-10 05:00:00,5915.3618963934005,24682.500000000025,239.65813415956222
2023-08-10 06:00:00,6815.612601447202,27182.500000000033,250.73531137486228
2023-08-10 07:00:00,7508.089670281625,30489.50000000003,246.25164959351966
2023-08-10 08:00:00,7714.248417666087,32267.000000000015,239.0754770405084
2023-08-10 09:00:00,7634.300911442261,32958.50000000006,231.6337488490753
2023-08-10 10:00:00,7698.10795206315,33896.50000000006,227.10627799516578
2023-08-10 11:00:00,7329.041323121389,34692.00000000004,211.26027104581405
2023-08-10 12:00:00,6841.067544580998,34289.00000000005,199.51201681533402
2023-08-10 13:00:00,6652.719495473451,33210.000000000044,200.32277914704736
2023-08-10 14:00:00,6583.410934969858,32586.000000000033,202.03188286288133
2023-08-10 15:00:00,6238.773126832849,31940.500000000025,195.3248423422565
2023-08-10 16:00:00,6211.916062327557,32484.000000000007,191.2300228520981
2023-08-10 17:00:00,6370.398278441013,32140.500000000025,198.20470367421188
2023-08-10 18:00:00,6459.388087885484,31566.500000000025,204.62794696546908
2023-08-10 19:00:00,6185.787438520652,30288.500000000033,204.22891323507753
2023-08-10 20:00:00,5538.28069036427,30160.500000000022,183.62695215146522
2023-08-10 21:00:00,4645.155676964925,29159.50000000004,159.30162303760073
2023-08-10 22:00:00,2830.958301956274,25480.000000000044,111.10511389153334
2023-08-10 23:00:00,1861.2451071738865,23495.50000000004,79.21708868395578
2023-08-11 00:00:00,1500.5235715568845,22834.500000000036,65.713003199408
2023-08-11 01:00:00,1201.5261387735459,23068.000000000025,52.086272705633114
2023-08-11 02:00:00,1040.3259999999968,23938.10832981299,43.45898956035529
2023-08-11 03:00:00,998.2439999999968,23885.234185102036,41.793352004169705
2023-08-11 04:00:00,969.5539999999969,23532.829263073367,41.20006095150558
2023-08-11 05:00:00,1455.3319999999915,24494.000000000022,59.41585694455745
2023-08-11 06:00:00,1759.2019999999914,27027.000000000076,65.0905390905386
2023-08-11 07:00:00,2854.655973499883,30637.500000000106,93.17522557323129
2023-08-11 08:00:00,3276.746361568581,32102.000000000062,102.07296621919427
2023-08-11 09:00:00,2981.574224457532,32759.00000000006,91.01542246275915
2023-08-11 10:00:00,3682.257741133589,33889.500000000015,108.65482645461243
2023-08-11 11:00:00,2964.5925458920574,34332.00000000009,86.35070913119101
2023-08-11 12:00:00,2201.7042923592703,33792.50000000003,65.15363741538117
2023-08-11 13:00:00,1953.5615360370123,32069.500000000073,60.91649498860313
2023-08-11 14:00:00,1961.2166701085362,31045.999999999985,63.17131579296969
2023-08-11 15:00:00,1871.7317307679812,30941.500000000015,60.49259831514246
2023-08-11 16:00:00,2778.951817450614,31680.999999999993,87.71666984787774
2023-08-11 17:00:00,3284.9742766825857,31237.500000000036,105.16124135038277
2023-08-11 18:00:00,3764.2284640832995,30539.499999999985,123.25769786942489
2023-08-11 19:00:00,3848.8470539927853,29300.500000000047,131.3577261136424
2023-08-11 20:00:00,3894.5078385727224,28816.000000000062,135.15088279333406
2023-08-11 21:00:00,3362.3634287859377,27704.000000000025,121.36743534456882
2023-08-11 22:00:00,1583.101149182942,24254.50000000002,65.27040958102376
2023-08-11 23:00:00,1082.2287022677301,23803.000000000022,45.46606319656048
2023-08-12 00:00:00,714.9149586962889,22358.00000000001,31.975800997239844
2023-08-12 01:00:00,496.72276253282644,21633.0,22.961344359673944
2023-08-12 02:00:00,305.6062057719471,21256.500000000025,14.377070814665949
2023-08-12 03:00:00,301.72403402591664,21101.999999999993,14.298361957440846
2023-08-12 04:00:00,153.48399999999998,20740.15046182205,7.40033204110691
2023-08-12 05:00:00,168.21800000000002,22026.867190276334,7.636946214224197
2023-08-12 06:00:00,317.24731296156904,23908.499999999978,13.269226967880432
2023-08-12 07:00:00,361.17901099555706,25728.0,14.038363300511392
2023-08-12 08:00:00,299.39599999999996,28564.165571002188,10.481524456080777
2023-08-12 09:00:00,485.202,30934.512281483614,15.684811694620638
2023-08-12 10:00:00,785.8438641604457,29774.000000000055,26.393627465588914
2023-08-12 11:00:00,569.0219999999999,30732.080536104157,18.515570377069356
2023-08-12 12:00:00,392.986,32649.94572013961,12.036344665577582
2023-08-12 13:00:00,376.416,32115.007259669128,11.72087544481776
2023-08-12 14:00:00,466.944,31892.47364260666,14.641197331780107
2023-08-12 15:00:00,317.87,32007.139403455334,9.931221781278095
2023-08-12 16:00:00,195.668,30412.868953662582,6.433723839014403
2023-08-12 17:00:00,137.4353610373284,28118.99999999997,4.887633309766654
2023-08-12 18:00:00,272.6057231732925,27216.499999999967,10.016193234739692
2023-08-12 19:00:00,615.2560714387901,26762.000000000007,22.989913737343617
2023-08-12 20:00:00,877.6184604335267,26515.00000000001,33.09894250173586
2023-08-12 21:00:00,630.7386536552715,25344.500000000015,24.886608678619467
2023-08-12 22:00:00,266.39682080083116,24153.50000000002,11.02932580374815
2023-08-12 23:00:00,108.572,23872.355245902814,4.54802213194419
2023-08-13 00:00:00,426.2473095724462,24471.111102597857,17.418388065231568
2023-08-13 01:00:00,835.5580000000006,25424.111484394878,32.86478666178205
2023-08-13 02:00:00,844.9920000000006,24484.293317087002,34.51159439469306
2023-08-13 03:00:00,850.7160000000006,23360.028783544505,36.417592113553816
2023-08-13 04:00:00,850.7160000000006,22420.27218608105,37.94405317381214
2023-08-13 05:00:00,850.9280000000006,21346.40829208697,39.862818529309045
2023-08-13 06:00:00,1056.3996340275871,22165.532618753834,47.65956461311412
2023-08-13 07:00:00,1331.311999999997,25029.999999999993,53.1886536156611
2023-08-13 08:00:00,1617.6999999999966,26988.000000000022,59.9414554616865
2023-08-13 09:00:00,1427.749999999997,27583.00000000007,51.76195482724843
2023-08-13 10:00:00,1710.4879999999966,28992.500000000036,58.99760282831748
2023-08-13 11:00:00,1801.2379999999966,29552.49999999997,60.95044412486248
2023-08-13 12:00:00,1797.6419999999966,30358.999999999996,59.2128199216047
2023-08-13 13:00:00,1709.3839999999968,30718.948923439853,55.64591432669966
2023-08-13 14:00:00,1506.4859999999967,31118.963306743142,48.410545851106725
2023-08-13 15:00:00,1649.127999999997,30797.812580409307,53.54691979160293
2023-08-13 16:00:00,1631.2799999999913,29673.500000000015,54.97430367162588
2023-08-13 17:00:00,1546.7779999999914,29569.500000000036,52.30991393158455
2023-08-13 18:00:00,1800.743637084719,28093.50000000002,64.09823044778038
2023-08-13 19:00:00,2815.9173740529773,27513.50000000003,102.34675246889616
2023-08-13 20:00:00,3218.8436206182764,26569.000000000033,121.15034892612715
2023-08-13 21:00:00,2886.6602376373257,24924.000000000036,115.81849773861826
2023-08-13 22:00:00,2238.3033418649784,22462.50000000002,99.64622556994887
2023-08-13 23:00:00,2425.0745920779036,21496.000000000025,112.81515593961205
2023-08-14 00:00:00,2781.8776374897375,21140.500000000025,131.58996416781696
2023-08-14 01:00:00,2712.170240311444,21050.500000000025,128.84113157936585
2023-08-14 02:00:00,3000.2460017383387,21133.00000000002,141.96971569291327
2023-08-14 03:00:00,3068.496516182492,21456.50000000003,143.0101142396238
2023-08-14 04:00:00,3455.478440800604,22245.500000000025,155.33381766202604
2023-08-14 05:00:00,3918.3228229400906,24535.500000000033,159.70014154755702
2023-08-14 06:00:00,4420.917497178976,27267.000000000033,162.134356444749
2023-08-14 07:00:00,4961.001603769669,30313.00000000004,163.65920904462317
2023-08-14 08:00:00,5054.013018230249,32392.500000000025,156.02417282488986
2023-08-14 09:00:00,4800.417218805538,32837.00000000006,146.18927486693454
2023-08-14 10:00:00,5584.495389726032,33294.00000000003,167.73278637970887
2023-08-14 11:00:00,5195.249357411323,33751.0000000001,153.92875344171455
2023-08-14 12:00:00,4573.247063326932,33654.49999999995,135.88812976947926
2023-08-14 13:00:00,4603.720411715442,33732.50000000002,136.47729672320284
2023-08-14 14:00:00,3784.043549539758,32167.500000000033,117.6356120164686
2023-08-14 15:00:00,3210.8949994781997,32857.50000000001,97.72182909467242
2023-08-14 16:00:00,3848.2519987787837,33702.0,114.1846774309769
2023-08-14 17:00:00,4099.863770819517,33545.50000000004,122.21799558270149
2023-08-14 18:00:00,4072.866950164921,31497.499999999993,129.3076260072997
2023-08-14 19:00:00,4055.1699845206695,29799.500000000036,136.08181293379633
2023-08-14 20:00:00,3975.6740554828607,29155.500000000022,136.36103155435023
2023-08-14 21:00:00,4079.252650834295,28461.000000000033,143.3278047445378
2023-08-14 22:00:00,3104.3337844479374,25284.00000000003,122.77858663375785
2023-08-14 23:00:00,2787.694238383805,23945.500000000036,116.4182931399971
2023-08-15 00:00:00,2805.01397664807,23467.500000000033,119.52760100769432
2023-08-15 01:00:00,2637.8624732224575,22605.50000000003,116.69118016511266
2023-08-15 02:00:00,2364.131936007384,22101.000000000025,106.96945550008512
2023-08-15 03:00:00,2260.49044309485,21948.50000000003,102.99065736131612
2023-08-15 04:00:00,2609.631910615903,22251.50000000003,117.2789209992989
2023-08-15 05:00:00,3761.385443047452,24708.000000000033,152.2335050610105
2023-08-15 06:00:00,4490.699988320402,27175.000000000036,165.25114952420958
2023-08-15 07:00:00,5435.4568440473495,30763.500000000036,176.68525506029363
2023-08-15 08:00:00,5869.787409940151,32584.500000000022,180.14047813961076
2023-08-15 09:00:00,5999.162137936836,33120.00000000003,181.1341225222473
2023-08-15 10:00:00,6017.215182504558,32837.000000000044,183.24497312496723
2023-08-15 11:00:00,6076.272876921695,33654.50000000006,180.5486005414338
2023-08-15 12:00:00,6388.153536549483,33544.50000000004,190.43818022476043
2023-08-15 13:00:00,6250.873448027406,32555.50000000004,192.00667930234212
2023-08-15 14:00:00,6418.572986353151,32523.500000000036,197.35185285572413
2023-08-15 15:00:00,6831.452563629287,32401.500000000065,210.83754034934412
2023-08-15 16:00:00,7184.900467241942,32550.500000000036,220.73087870361235
2023-08-15 17:00:00,7231.607488173085,31765.500000000025,227.6560258196181
2023-08-15 18:00:00,7479.387533101744,30890.000000000025,242.12973561352342
2023-08-15 19:00:00,7715.796242439,29471.000000000033,261.8097873312406
2023-08-15 20:00:00,7611.353067583251,28847.00000000001,263.85250000288585
2023-08-15 21:00:00,7017.373077871004,26271.000000000033,267.1148063595217
2023-08-15 22:00:00,6542.295337577519,23800.000000000033,274.8863587217441
2023-08-15 23:00:00,5963.545530322271,22360.500000000022,266.7000080643217
2023-08-16 00:00:00,5880.932277284172,21998.50000000003,267.33333078547014
2023-08-16 01:00:00,5980.911729395416,22317.00000000003,267.9980162833449
2023-08-16 02:00:00,6005.449232885785,22521.000000000033,266.6599721542461
2023-08-16 03:00:00,5972.661760622566,22193.500000000025,269.11761374377903
2023-08-16 04:00:00,5977.664737809261,22576.000000000025,264.77962162514416
2023-08-16 05:00:00,6836.795060898969,25158.000000000025,271.75431516412124
2023-08-16 06:00:00,7686.864077024625,28334.00000000003,271.294701666712
2023-08-16 07:00:00,8212.535629491456,30817.00000000003,266.493676525666
2023-08-16 08:00:00,8436.132310437608,32245.00000000003,261.62606017793763
2023-08-16 09:00:00,8537.920337987049,32576.50000000004,262.08832557171695
2023-08-16 10:00:00,7815.3061471883275,33009.000000000044,236.76288730916772
2023-08-16 11:00:00,7553.507996243358,33509.00000000003,225.41729076496915
2023-08-16 12:00:00,7670.851472156781,33757.5,227.2339916213221
2023-08-16 13:00:00,7804.157355270411,33298.50000000003,234.36963692870265
2023-08-16 14:00:00,7483.493004688231,32670.000000000025,229.06314676119453
2023-08-16 15:00:00,7164.159133001737,32038.500000000047,223.61094099292183
2023-08-16 16:00:00,7435.533385742558,32336.000000000015,229.9459854571547
2023-08-16 17:00:00,7279.122904116628,31855.500000000033,228.50443107521843
2023-08-16 18:00:00,6998.328578398131,30839.000000000036,226.93111250034445
2023-08-16 19:00:00,7195.57015167559,29783.499999999985,241.5958551438076
2023-08-16 20:00:00,6745.065202268618,29244.500000000015,230.64388867201063
2023-08-16 21:00:00,5937.92524481138,26755.500000000015,221.93288276471668
2023-08-16 22:00:00,4703.602204455516,24012.000000000033,195.88548244442399
2023-08-16 23:00:00,4489.140552062043,22747.50000000004,197.34654586490976
2023-08-17 00:00:00,3994.5034063818243,21917.00000000003,182.25593860390651
2023-08-17 01:00:00,3777.9538309142486,21964.50000000001,172.00272398252847
2023-08-17 02:00:00,3176.5756830693153,21764.000000000025,145.95550831967063
2023-08-17 03:00:00,3519.5896965320994,21948.500000000025,160.35673037028022
2023-08-17 04:00:00,4027.5859181370474,22836.00000000003,176.37002619272388
2023-08-17 05:00:00,5086.355851989823,25488.500000000033,199.55493073306852
2023-08-17 06:00:00,5713.844902179652,28882.50000000004,197.83068993957048
2023-08-17 07:00:00,5778.647027640254,30746.500000000025,187.94487267299527
2023-08-17 08:00:00,5951.307386230733,32420.500000000044,183.5661814663785
2023-08-17 09:00:00,5741.006665011647,33351.999999999985,172.13380501953853
2023-08-17 10:00:00,6075.538968086734,34509.500000000015,176.05410011987223
2023-08-17 11:00:00,5519.7849075613485,35057.00000000008,157.45171884534716
2023-08-17 12:00:00,5412.02191653991,35219.50000000004,153.66549543690013
2023-08-17 13:00:00,5552.064536965063,35561.00000000004,156.12790801622725
2023-08-17 14:00:00,4832.46637011102,34594.000000000015,139.6908819480551
2023-08-17 15:00:00,4955.938044428868,34375.00000000008,144.17274311065765
2023-08-17 16:00:00,5205.284155653925,34957.500000000015,148.9032154946413
2023-08-17 17:00:00,5160.991119526132,34611.500000000044,149.1120326922013
2023-08-17 18:00:00,5215.364450544055,34107.00000000007,152.91184948966617
2023-08-17 19:00:00,5128.932704032702,33606.50000000003,152.61728249096743
2023-08-17 20:00:00,4389.802994767899,32659.500000000025,134.4112125038012
2023-08-17 21:00:00,3240.103505891753,30325.000000000036,106.84595237895297
2023-08-17 22:00:00,1825.8963898703244,26174.500000000036,69.75859672086656
2023-08-17 23:00:00,1021.0619999999968,25111.74544570873,40.66073392658108
2023-08-18 00:00:00,976.6239999999968,24529.160717466824,39.81481516016805
2023-08-18 01:00:00,983.6199999999968,24635.578274647603,39.92680784815338
2023-08-18 02:00:00,970.8139999999969,24398.647986006363,39.789663777960115
2023-08-18 03:00:00,970.5339999999968,23992.968734133912,40.45076750420026
2023-08-18 04:00:00,976.838331270151,24479.00000000002,39.90515671678378
2023-08-18 05:00:00,1448.7879999999914,26886.50000000004,53.885332787829924
2023-08-18 06:00:00,1473.3235523196179,29889.50000000002,49.29234521553111
2023-08-18 07:00:00,2158.386139561685,30905.50000000009,69.83825337113714
2023-08-18 08:00:00,2397.2025397085854,32016.000000000022,74.87514179499574
2023-08-18 09:00:00,2886.6484380066427,32726.500000000047,88.20522934034004
2023-08-18 10:00:00,3826.186089810939,33013.50000000006,115.89762036169846
2023-08-18 11:00:00,3546.1619178233914,33454.999999999985,105.99796496258834
2023-08-18 12:00:00,3273.6750098926223,33676.99999999998,97.20803545127607
2023-08-18 13:00:00,3009.9073336842753,32623.000000000073,92.2633520425549
2023-08-18 14:00:00,3068.9516201042543,32913.50000000003,93.24294347621041
2023-08-18 15:00:00,3144.1191399130485,34060.999999999985,92.30848007730395
2023-08-18 16:00:00,2401.68471488071,34491.99999999998,69.63019583905577
2023-08-18 17:00:00,1507.5544516916032,33660.5,44.78704866807097
2023-08-18 18:00:00,1187.4835398259681,32843.00000000001,36.156366343694785
2023-08-18 19:00:00,930.0402349143479,31864.499999999985,29.18734751571022
2023-08-18 20:00:00,476.70064278414503,30700.500000000015,15.527455343859051
2023-08-18 21:00:00,49.742000000000004,28040.999999999993,1.7739024999108455
2023-08-18 22:00:00,81.626,26192.50000000001,3.116388279087524
2023-08-18 23:00:00,90.45600000000002,25286.00000000001,3.577315510559202
2023-08-19 00:00:00,18.55,24941.00000000002,0.7437552624193091
2023-08-19 01:00:00,40.636,25046.345415613338,1.6224323080152212
2023-08-19 02:00:00,76.028,25241.426026009216,3.0120326768249703
2023-08-19 03:00:00,175.02,25146.405508765685,6.960040469362132
2023-08-19 04:00:00,190.84600000000003,26890.18402579435,7.0972366651314625
2023-08-19 05:00:00,262.296,29885.809999999998,8.776606690599987
2023-08-19 06:00:00,213.39600000000002,30837.438765394225,6.920029955259222
2023-08-19 07:00:00,171.502,31392.40676840413,5.463168251649108
2023-08-19 08:00:00,123.572,32887.68896937954,3.757393841660724
2023-08-19 09:00:00,31.990000000000002,33748.25511759363,0.947900858534253
2023-08-19 10:00:00,16.240000000000002,32721.526287703262,0.4963093670267755
2023-08-19 11:00:00,6.335000000000001,33640.53653484294,0.18831447570518295
2023-08-19 12:00:00,0.0,33902.47908936388,0.0
2023-08-19 13:00:00,0.7000000000000001,34002.95979697095,0.02058644318552403
2023-08-19 14:00:00,39.07600000000001,33671.59467689986,1.1605033968530096
2023-08-19 15:00:00,31.01,33070.983711289846,0.9376799998064085
2023-08-19 16:00:00,46.690000000000005,32209.01764834218,1.449594039463143
2023-08-19 17:00:00,212.7895162561926,30865.028021052723,6.8941948185192325
2023-08-19 18:00:00,832.7157656781659,29784.999999999967,27.957554664366857
2023-08-19 19:00:00,887.139999999998,29093.00000000004,30.493245797958163
2023-08-19 20:00:00,887.139999999998,28203.500000000022,31.454961263672857
2023-08-19 21:00:00,887.139999999998,26387.500000000025,33.61970630033149
2023-08-19 22:00:00,483.82669404684907,22876.499999999996,21.14950687591411
2023-08-19 23:00:00,731.5264241259673,23230.49263309001,31.489922993882853
2023-08-20 00:00:00,852.9420000000006,22940.510291975937,37.18060274789703
2023-08-20 01:00:00,849.5500000000006,21461.34411616519,39.58512548895293
2023-08-20 02:00:00,869.5840000000006,19993.790216561403,43.492704013654226
2023-08-20 03:00:00,967.6610263554744,19094.499999999993,50.67747395090077
2023-08-20 04:00:00,969.414562616615,18729.03420488879,51.75998676768774
2023-08-20 05:00:00,992.1654849048833,19055.532618753758,52.06705604903588
2023-08-20 06:00:00,1211.6559999999968,21057.999999999975,57.538987558172586
2023-08-20 07:00:00,1680.8859999999968,23876.49999999998,70.39917910916583
2023-08-20 08:00:00,1637.2299999999966,26101.500000000007,62.725513859356596
2023-08-20 09:00:00,1931.1259999999913,27918.50000000004,69.17012017121223
2023-08-20 10:00:00,2036.7819999999915,28572.00000000007,71.28594428111391
2023-08-20 11:00:00,2030.1179999999913,29028.500000000036,69.93533940782295
2023-08-20 12:00:00,2112.0999999999913,29219.500000000022,72.2839199849412
2023-08-20 13:00:00,2028.1759999999913,28307.000000000047,71.64927403115794
2023-08-20 14:00:00,1473.1999999999966,27800.33438047984,52.992168361629936
2023-08-20 15:00:00,1839.4419999999914,27925.500000000015,65.86961737480046
2023-08-20 16:00:00,2125.3243149228815,29558.50000000004,71.90230610223384
2023-08-20 17:00:00,4587.164921324891,29412.50000000001,155.95970833233793
2023-08-20 18:00:00,5178.5687066177425,28576.50000000005,181.21773858302217
2023-08-20 19:00:00,5452.353566033226,28149.999999999996,193.68929186618925
2023-08-20 20:00:00,4957.424660348343,27599.999999999996,179.61683551986755
2023-08-20 21:00:00,4000.410532433199,25765.000000000025,155.26530302476985
2023-08-20 22:00:00,3025.377548233878,24293.000000000025,124.53700853060036
2023-08-20 23:00:00,2140.861506503468,23309.000000000033,91.8469907118909
2023-08-21 00:00:00,1979.9054028781038,22999.50000000003,86.08471501024376
2023-08-21 01:00:00,1683.532300127187,22273.50000000002,75.58454217465534
2023-08-21 02:00:00,1553.5922329254593,21772.500000000033,71.35571169711595
2023-08-21 03:00:00,1832.2055383660643,22086.000000000033,82.95778042045013
2023-08-21 04:00:00,2434.305387245813,23611.50000000003,103.09829478202613
2023-08-21 05:00:00,3311.475248305635,25284.500000000022,130.96858740752762
2023-08-21 06:00:00,4328.17226782824,27810.50000000004,155.63086847874845
2023-08-21 07:00:00,4529.266622996862,29659.00000000002,152.71137337728376
2023-08-21 08:00:00,4458.451127262767,31266.000000000036,142.597426190199
2023-08-21 09:00:00,4256.014182303647,32529.49999999999,130.835524133591
2023-08-21 10:00:00,4103.76723052888,33029.00000000001,124.24739563804168
2023-08-21 11:00:00,4199.375069318251,34779.00000000006,120.74456049105046
2023-08-21 12:00:00,3993.752473405918,35822.500000000065,111.48726284893323
2023-08-21 13:00:00,3548.2960631559763,35810.00000000009,99.08673731236995
2023-08-21 14:00:00,3205.7237045804573,35530.50000000013,90.22455931046412
2023-08-21 15:00:00,3453.676639166305,35850.0,96.33686580659149
2023-08-21 16:00:00,3990.890377930241,35905.50000000002,111.14983436883593
2023-08-21 17:00:00,3735.8897194058422,35188.49999999999,106.16791620574458
2023-08-21 18:00:00,3684.5266646087325,34260.99999999996,107.54288154486841
2023-08-21 19:00:00,3367.9565725551047,33546.000000000015,100.39815693540521
2023-08-21 20:00:00,2970.6627462952597,31924.000000000025,93.05421458135751
2023-08-21 21:00:00,1424.235699922267,28923.000000000044,49.24232271625575
2023-08-21 22:00:00,1049.9039999999968,27952.67402035091,37.560055944401434
2023-08-21 23:00:00,1094.629999999997,27741.897278836732,39.45764736267875
2023-08-22 00:00:00,986.6999999999969,26829.91464796858,36.77611401103375
2023-08-22 01:00:00,976.6239999999968,26688.4975755424,36.5934424459691
2023-08-22 02:00:00,974.9439999999969,26160.10282559644,37.268355040487826
2023-08-22 03:00:00,976.4139999999968,25721.308056122478,37.96128866656063
2023-08-22 04:00:00,976.6239999999968,25199.602745289358,38.755531580058744
2023-08-22 05:00:00,1527.5639999999914,26851.000000000022,56.890395143569705
2023-08-22 06:00:00,1445.0539999999914,29260.00000000006,49.386671223512934
2023-08-22 07:00:00,2250.627371852012,32360.500000000015,69.54859695777293
2023-08-22 08:00:00,4150.756109308754,34320.00000000006,120.9427770777607
2023-08-22 09:00:00,5107.242865200735,35598.000000000044,143.46993834487128
2023-08-22 10:00:00,5856.836649683849,35993.000000000065,162.72154723651371
2023-08-22 11:00:00,5418.990675212817,36049.99999999996,150.31874272435013
2023-08-22 12:00:00,5302.534898167719,35750.500000000044,148.32058008049432
2023-08-22 13:00:00,4810.333150754315,35037.50000000007,137.2909925295556
2023-08-22 14:00:00,4792.991556285574,34513.00000000004,138.874961790791
2023-08-22 15:00:00,5488.556363560878,35382.50000000005,155.12064900899793
2023-08-22 16:00:00,5645.246970157195,34698.000000000065,162.6966098955901
2023-08-22 17:00:00,5879.598586647005,33759.000000000044,174.16388479063352
2023-08-22 18:00:00,6410.924823421047,32414.00000000004,197.78258849327574
2023-08-22 19:00:00,6433.221104488786,30968.50000000004,207.73434633543044
2023-08-22 20:00:00,6286.991448971625,29743.50000000002,211.37362613584887
2023-08-22 21:00:00,5738.921274097137,27690.500000000033,207.2523527598682
2023-08-22 22:00:00,6036.538079853615,27298.500000000033,221.13076102546322
2023-08-22 23:00:00,5761.433942144078,26256.50000000002,219.42886302988114
2023-08-23 00:00:00,5645.884440970723,25648.999999999993,220.1210355558004
2023-08-23 01:00:00,5632.1458261949065,25027.50000000002,225.03829092777556
2023-08-23 02:00:00,5281.685098448615,24371.500000000062,216.7156350018916
2023-08-23 03:00:00,5519.310758340888,24225.500000000044,227.8306230352677
2023-08-23 04:00:00,5787.938082519889,24587.00000000003,235.40643765078624
2023-08-23 05:00:00,6599.974302707057,26404.00000000002,249.96115371561325
2023-08-23 06:00:00,7803.993297888441,28646.000000000033,272.4287264500604
2023-08-23 07:00:00,8253.401113822307,30154.500000000025,273.70379591179756
2023-08-23 08:00:00,8476.162370126285,32401.00000000004,261.60187556329356
2023-08-23 09:00:00,8851.973565037051,33121.000000000044,267.26166374919353
2023-08-23 10:00:00,8958.834183412751,34132.50000000003,262.47225323116515
2023-08-23 11:00:00,8702.854078697379,34810.50000000004,250.00658073562198
2023-08-23 12:00:00,8452.243875367993,35521.50000000004,237.94726786222384
2023-08-23 13:00:00,8116.91922607811,35115.50000000006,231.1491855755463
2023-08-23 14:00:00,8075.668118024583,34549.50000000004,233.7419678439507
2023-08-23 15:00:00,7860.15065197761,33009.50000000003,238.11783431974442
2023-08-23 16:00:00,7843.613726974134,32532.50000000004,241.10085997000306
2023-08-23 17:00:00,7778.06495308983,31639.500000000036,245.8340034795057
2023-08-23 18:00:00,7349.366899119669,30409.500000000036,241.67996511352243
2023-08-23 19:00:00,7687.604423431331,30464.00000000009,252.35046032797098
2023-08-23 20:00:00,7127.629160696612,29566.000000000025,241.0751931508018
2023-08-23 21:00:00,6094.845615639832,27761.000000000022,219.54704858037636
2023-08-23 22:00:00,5148.611615460506,26183.000000000033,196.6394842248978
2023-08-23 23:00:00,5175.724752300239,26344.50000000005,196.4631992370411
2023-08-24 00:00:00,5230.30883820272,25918.000000000025,201.8021775678183
2023-08-24 01:00:00,4659.763115557599,24807.500000000036,187.8368685098294
2023-08-24 02:00:00,4558.398231622294,24497.500000000025,186.0760580313211
2023-08-24 03:00:00,4225.160174899248,23957.000000000022,176.36432670615034
2023-08-24 04:00:00,4798.519978060941,24947.500000000004,192.34472304082334
2023-08-24 05:00:00,6146.153341291992,26925.000000000022,228.26939057723254
2023-08-24 06:00:00,7680.963399016638,29838.00000000001,257.42219314352957
2023-08-24 07:00:00,8243.58877709889,31118.500000000036,264.90958038140917
2023-08-24 08:00:00,8381.41581819763,32229.000000000007,260.05820280485364
2023-08-24 09:00:00,8320.437597592712,33069.00000000004,251.60838240021482
2023-08-24 10:00:00,8551.036182679714,34231.00000000002,249.80386733311062
2023-08-24 11:00:00,8021.427634320087,33609.500000000044,238.66548548238077
2023-08-24 12:00:00,8080.022439523199,33227.000000000044,243.1764059205823
2023-08-24 13:00:00,8296.146000882914,33309.50000000003,249.0624596851621
2023-08-24 14:00:00,7756.747370108259,32883.00000000003,235.88928534830313
2023-08-24 15:00:00,7455.928915727615,32433.000000000025,229.88711854369345
2023-08-24 16:00:00,7505.660318472375,32262.500000000047,232.64348139395165
2023-08-24 17:00:00,7485.427501004843,31508.00000000003,237.57228326154743
2023-08-24 18:00:00,7660.078953712437,30598.500000000033,250.34164922177325
2023-08-24 19:00:00,7708.751245538221,29953.500000000047,257.357278633155
2023-08-24 20:00:00,7180.648524641714,28585.50000000003,251.19898286339952
2023-08-24 21:00:00,6489.14340606822,27545.000000000033,235.58335110067935
2023-08-24 22:00:00,5730.7141039172,25889.000000000022,221.35710548561917
2023-08-24 23:00:00,5039.000554157988,25400.000000000022,198.38584858889698
2023-08-25 00:00:00,4787.736747911702,24781.00000000002,193.20191872449453
2023-08-25 01:00:00,5089.925581213432,24162.500000000033,210.6539299001935
2023-08-25 02:00:00,4908.661222576932,23664.00000000004,207.4315932461513
2023-08-25 03:00:00,5075.424888895588,23673.500000000036,214.39267066110125
2023-08-25 04:00:00,5241.456969779811,23871.500000000025,219.56965292419014
2023-08-25 05:00:00,6136.024336686755,25893.000000000036,236.9761841689548
2023-08-25 06:00:00,7356.368163353318,28578.000000000033,257.4136805708345
2023-08-25 07:00:00,7942.460024214067,29951.50000000004,265.17737089007414
2023-08-25 08:00:00,7802.11907869079,31168.000000000033,250.32466243232741
2023-08-25 09:00:00,7838.434627698881,31942.000000000036,245.39586211567442
2023-08-25 10:00:00,7983.082142707208,32858.500000000044,242.95333453161882
2023-08-25 11:00:00,7866.254740545945,32747.000000000033,240.2129886873893
2023-08-25 12:00:00,7765.918582950094,32986.50000000002,235.42717726797596
2023-08-25 13:00:00,7396.735794786004,31714.50000000007,233.22883207321533
2023-08-25 14:00:00,7140.359596316324,30978.000000000033,230.4977595815197
2023-08-25 15:00:00,7203.71737844869,31060.500000000033,231.9253514414991
2023-08-25 16:00:00,7000.888630638211,31205.00000000002,224.3515023437977
2023-08-25 17:00:00,7565.661820525773,31032.000000000047,243.80194059441095
2023-08-25 18:00:00,7414.456711833794,30264.500000000036,244.98857446294454
2023-08-25 19:00:00,7356.423128744069,29656.500000000025,248.0543263279235
2023-08-25 20:00:00,6955.14961609669,28640.500000000025,242.8431632163085
2023-08-25 21:00:00,6170.304253896211,26962.00000000004,228.8518750054225
2023-08-25 22:00:00,5589.971630369155,24326.500000000033,229.78939141961018
2023-08-25 23:00:00,4474.425929186626,22177.000000000033,201.75974790037512
2023-08-26 00:00:00,4294.0226361295745,21175.500000000033,202.78258535239158
2023-08-26 01:00:00,4019.767381593581,21006.500000000036,191.3582644226108
2023-08-26 02:00:00,3843.669465707656,20373.500000000033,188.66024324282276
2023-08-26 03:00:00,3780.7259034550652,20054.500000000015,188.5225711663249
2023-08-26 04:00:00,3763.781343424943,19818.500000000033,189.91252332037928
2023-08-26 05:00:00,3881.2734175754213,20389.500000000025,190.35647846074778
2023-08-26 06:00:00,4294.089110813441,22106.50000000003,194.24554365518898
2023-08-26 07:00:00,5209.840701324769,24883.50000000001,209.36928893944847
2023-08-26 08:00:00,5499.409095637871,26778.000000000025,205.37041958465406
2023-08-26 09:00:00,5445.02091986501,28124.500000000022,193.6041856696121
2023-08-26 10:00:00,5343.317374899658,28651.000000000044,186.49671477085093
2023-08-26 11:00:00,4704.944023707316,28444.500000000025,165.4078652712233
2023-08-26 12:00:00,4719.61438597297,27864.500000000047,169.37732189606712
2023-08-26 13:00:00,4327.614973173228,27304.00000000003,158.49747191522206
2023-08-26 14:00:00,3842.3522133770134,26253.000000000055,146.35859571770865
2023-08-26 15:00:00,4588.816948431168,26752.00000000002,171.5317340173133
2023-08-26 16:00:00,5542.394124185664,27891.000000000025,198.716221153263
2023-08-26 17:00:00,5398.944965051747,28161.00000000004,191.71708977137672
2023-08-26 18:00:00,5236.553046641631,27032.50000000002,193.71323579549164
2023-08-26 19:00:00,5443.664936213785,25747.000000000025,211.42909605832833
2023-08-26 20:00:00,5377.797512533213,25178.500000000055,213.58689010597143
2023-08-26 21:00:00,4896.909936418895,23298.00000000004,210.18585013386928
2023-08-26 22:00:00,4092.411776270482,21393.500000000022,191.29229795360635
2023-08-26 23:00:00,3621.151000288956,20910.500000000033,173.17381221343106
2023-08-27 00:00:00,2947.046176379147,20142.999999999985,146.30621935060066
2023-08-27 01:00:00,2563.5473639692923,19489.499999999985,131.53479381047714
2023-08-27 02:00:00,2392.1555197365947,19302.49999999999,123.9298287650095
2023-08-27 03:00:00,2127.7048658853764,19518.499999999985,109.00965063326474
2023-08-27 04:00:00,1955.0768121070905,19994.999999999985,97.77828517664875
2023-08-27 05:00:00,2060.0248820281013,20557.49999999998,100.20794756308418
2023-08-27 06:00:00,2619.3063232788063,21639.50000000001,121.04283016145497
2023-08-27 07:00:00,3114.6424063896943,23557.00000000002,132.21727751367712
2023-08-27 08:00:00,3467.9435822303753,25542.50000000004,135.77150170227543
2023-08-27 09:00:00,3539.635466172645,26931.50000000001,131.431055313393
2023-08-27 10:00:00,3622.3934201465618,28027.000000000033,129.24656296237762
2023-08-27 11:00:00,4001.752932405308,28326.00000000001,141.27490406006166
2023-08-27 12:00:00,3204.6593452007373,28197.500000000025,113.6504777090428
2023-08-27 13:00:00,3264.2701634801447,28030.499999999996,116.45422534311358
2023-08-27 14:00:00,3382.6911343028805,27645.500000000004,122.35955704555461
2023-08-27 15:00:00,3537.01389967883,27413.000000000025,129.0268813949158
2023-08-27 16:00:00,4391.304401238437,28142.500000000025,156.0381771782334
2023-08-27 17:00:00,5171.216723872843,28260.500000000047,182.98390771121655
2023-08-27 18:00:00,5110.340597855287,27259.50000000003,187.47007824264136
2023-08-27 19:00:00,4945.302053763344,26679.50000000001,185.35962269770204
2023-08-27 20:00:00,4736.068539247507,25354.50000000004,186.7940026128498
2023-08-27 21:00:00,4108.739022362513,24311.500000000025,169.00392910196857
2023-08-27 22:00:00,3156.168204259829,22371.000000000022,141.08301838361388
2023-08-27 23:00:00,2147.361232928206,20823.00000000004,103.1244889270615
2023-08-28 00:00:00,2093.1632791185702,20383.500000000022,102.68910045470935
2023-08-28 01:00:00,1785.9749079983935,20090.50000000001,88.89648878815323
2023-08-28 02:00:00,1400.6481161099177,19730.500000000025,70.98898234256181
2023-08-28 03:00:00,1526.515786563281,19818.500000000022,77.0247892909796
2023-08-28 04:00:00,2042.3656718532402,20450.000000000025,99.87118199771334
2023-08-28 05:00:00,3310.4886524070525,21938.500000000025,150.89858706871703
2023-08-28 06:00:00,4893.8238027780835,24561.50000000002,199.24775778263054
2023-08-28 07:00:00,5486.992044803272,26412.500000000025,207.7422449523243
2023-08-28 08:00:00,5527.987985489982,27372.50000000004,201.95407746789564
2023-08-28 09:00:00,5510.483420040109,28356.500000000055,194.32875778181716
2023-08-28 10:00:00,5592.985489300269,28587.000000000022,195.6478640396077
2023-08-28 11:00:00,5641.026041742207,28958.000000000033,194.80026389053802
2023-08-28 12:00:00,5514.412734408424,28829.500000000047,191.27673856322218
2023-08-28 13:00:00,5288.8493185299985,29519.50000000004,179.16459691153278
2023-08-28 14:00:00,5098.485170255233,29374.50000000002,173.56840696029653
2023-08-28 15:00:00,5198.30158960395,29593.000000000033,175.65983812401393
2023-08-28 16:00:00,6258.622941258809,30839.500000000033,202.94177730698627
2023-08-28 17:00:00,6541.893449273694,30273.50000000003,216.0930665193548
2023-08-28 18:00:00,6659.833721670653,29334.50000000003,227.03075633369056
2023-08-28 19:00:00,6754.950328314065,28728.000000000015,235.13472320781335
2023-08-28 20:00:00,6486.650686509647,27627.00000000003,234.79388592715966
2023-08-28 21:00:00,6067.727031416885,25739.00000000003,235.74058943303464
2023-08-28 22:00:00,4977.163736518156,23871.50000000004,208.49815623308749
2023-08-28 23:00:00,4002.489749316971,22369.000000000033,178.93020471710693
2023-08-29 00:00:00,3743.9298754571873,21931.500000000033,170.71016006461855
2023-08-29 01:00:00,3403.9928432704237,21776.00000000003,156.31855452197001
2023-08-29 02:00:00,3179.415525476429,21596.500000000025,147.2190181499977
2023-08-29 03:00:00,2976.328534238964,21149.500000000025,140.72808029688457
2023-08-29 04:00:00,3316.3410227652266,22289.500000000025,148.78489974047076
2023-08-29 05:00:00,4230.674188051646,24563.50000000002,172.23417623920218
2023-08-29 06:00:00,5550.017458198937,27360.500000000036,202.84780827100855
2023-08-29 07:00:00,6223.409011009806,29144.00000000001,213.53997430036384
2023-08-29 08:00:00,6568.121865132649,30585.50000000004,214.7462642471969
2023-08-29 09:00:00,6681.411809663513,31808.000000000036,210.0544457263426
2023-08-29 10:00:00,6938.381860925353,33036.50000000003,210.02169905787073
2023-08-29 11:00:00,6572.950417828587,33495.500000000044,196.23383492793295
2023-08-29 12:00:00,6145.438130398714,33756.50000000003,182.05199385003507
2023-08-29 13:00:00,5552.618743065558,33214.500000000015,167.17453952537466
2023-08-29 14:00:00,5432.874391936833,33295.50000000006,163.17143133266725
2023-08-29 15:00:00,5066.719225772949,33492.000000000044,151.2814769429399
2023-08-29 16:00:00,5498.139829031506,34029.50000000006,161.56980940159266
2023-08-29 17:00:00,5655.492442952944,33292.0,169.87541880791014
2023-08-29 18:00:00,5614.631465319991,32418.50000000006,173.1922039983337
2023-08-29 19:00:00,5441.487175794243,31724.00000000002,171.52588500170972
2023-08-29 20:00:00,5125.205398688208,30208.00000000004,169.66384397140496
2023-08-29 21:00:00,4269.3882981413935,28118.500000000033,151.83556370863982
2023-08-29 22:00:00,2847.6723392913573,24584.000000000036,115.83437761517055
2023-08-29 23:00:00,2500.1852846514153,23471.000000000036,106.52231624777008
2023-08-30 00:00:00,1902.4578366599792,22768.50000000003,83.55657318927364
2023-08-30 01:00:00,1814.2154409230102,22196.000000000033,81.73614349085454
2023-08-30 02:00:00,1736.2708139676488,21846.50000000004,79.4759258447644
2023-08-30 03:00:00,1539.6407672175499,21820.500000000022,70.55937156424226
2023-08-30 04:00:00,2170.563024398522,23108.000000000022,93.93123699145404
2023-08-30 05:00:00,3509.0924216543226,26033.000000000015,134.79400843753393
2023-08-30 06:00:00,4851.611075248174,29273.50000000003,165.73389158276834
2023-08-30 07:00:00,5035.026366198289,30910.000000000025,162.89312087344823
2023-08-30 08:00:00,5345.3473375243,32645.00000000002,163.74168594039816
2023-08-30 09:00:00,5323.417161487602,33185.49999999996,160.41395071605393
2023-08-30 10:00:00,6320.663156094851,33582.000000000044,188.2158047791925
2023-08-30 11:00:00,6565.611299080726,33569.00000000003,195.58554914000177
2023-08-30 12:00:00,6430.545919644648,33194.500000000015,193.72323486254183
2023-08-30 13:00:00,6097.696555681905,32406.500000000055,188.16276227552788
2023-08-30 14:00:00,5739.605736778471,32354.000000000022,177.40018967603592
2023-08-30 15:00:00,6172.828432168465,32922.50000000003,187.49573793510393
2023-08-30 16:00:00,6250.537942162855,33393.000000000044,187.1810841243029
2023-08-30 17:00:00,6250.410571394659,33133.50000000005,188.64323332562662
2023-08-30 18:00:00,6389.4948776217625,31887.000000000055,200.379304344145
2023-08-30 19:00:00,6594.998252190546,30757.00000000006,214.4226762099858
2023-08-30 20:00:00,6088.860387793521,28430.000000000033,214.17025634166424
2023-08-30 21:00:00,5703.770178462445,26596.500000000033,214.45566816921166
2023-08-30 22:00:00,4929.648491542965,23725.00000000004,207.7828658184597
2023-08-30 23:00:00,4624.9072161077775,22764.000000000015,203.16759866929252
2023-08-31 00:00:00,4584.261597824798,22087.500000000033,207.55004404413316
2023-08-31 01:00:00,4599.133416968013,21434.00000000004,214.57186791863415
2023-08-31 02:00:00,4518.935583793328,21074.50000000003,214.4267044908929
2023-08-31 03:00:00,4640.6142739139095,21072.00000000002,220.22656956690895
2023-08-31 04:00:00,5427.688426706988,22897.00000000002,237.0480161901989
2023-08-31 05:00:00,6656.526716727008,25726.000000000022,258.74705421468565
2023-08-31 06:00:00,7355.7781168730835,27279.000000000033,269.6498448210372
2023-08-31 07:00:00,7904.988831905311,30506.00000000002,259.1289855079429
2023-08-31 08:00:00,7966.325176688388,32217.000000000055,247.27085627738072
2023-08-31 09:00:00,8064.753049974347,33202.00000000004,242.89961598621585
2023-08-31 10:00:00,8234.943851113136,33800.00000000006,243.63739204476693
2023-08-31 11:00:00,8043.777403122347,34068.000000000015,236.10946938835107
2023-08-31 12:00:00,7800.3343313331125,33719.50000000009,231.3300710666852
2023-08-31 13:00:00,7420.400540304967,32591.000000000015,227.68250560906273
2023-08-31 14:00:00,7511.442916912391,32310.000000000036,232.4804369208413
2023-08-31 15:00:00,7477.839880528284,32129.00000000002,232.74424602472158
2023-08-31 16:00:00,7551.8585800006895,32262.500000000033,234.07543060831247
2023-08-31 17:00:00,7551.007709752259,32228.000000000055,234.29960623533097
2023-08-31 18:00:00,7444.821738645311,31493.500000000022,236.39232662756777
2023-08-31 19:00:00,7217.980836487822,30564.50000000005,236.15569816250257
2023-08-31 20:00:00,6900.956520692468,28785.00000000004,239.7414111756977
2023-08-31 21:00:00,6270.6328480336,26552.50000000003,236.15979090607635
2023-08-31 22:00:00,4996.0897793181,24223.50000000004,206.24970707445627
2023-08-31 23:00:00,4763.957730329991,22504.500000000025,211.6891168579611
2023-09-01 00:00:00,4590.0651936167305,21952.00000000002,209.09553542350247
2023-09-01 01:00:00,4596.793624062745,22194.50000000002,207.11408790748794
2023-09-01 02:00:00,4445.667270476286,21963.50000000004,202.41160427419481
2023-09-01 03:00:00,4757.590225806182,22172.50000000003,214.5716642600598
2023-09-01 04:00:00,4995.98874647735,22350.000000000025,223.5341721018946
2023-09-01 05:00:00,5696.745363263503,24782.000000000036,229.87431858863266
2023-09-01 06:00:00,6807.145145764001,28148.000000000025,241.83406088404132
2023-09-01 07:00:00,7435.531408809008,30297.50000000002,245.41732515253744
2023-09-01 08:00:00,7465.145349270332,31656.000000000044,235.82086647935057
2023-09-01 09:00:00,7443.495305174582,32231.000000000047,230.94211489480844
2023-09-01 10:00:00,7411.968425314798,32953.500000000044,224.92203939838828
2023-09-01 11:00:00,7145.0920311344535,33810.50000000006,211.32760625055653
2023-09-01 12:00:00,6934.037296987715,33131.500000000015,209.28835992900147
2023-09-01 13:00:00,7076.1680619977005,32711.00000000004,216.32380734302504
2023-09-01 14:00:00,6978.453713004024,32455.50000000001,215.01605931210494
2023-09-01 15:00:00,7003.233094877376,31851.500000000036,219.87137481366238
2023-09-01 16:00:00,7170.376149687486,32067.50000000004,223.60259295821243
2023-09-01 17:00:00,7346.530992026403,32257.500000000044,227.7464463156287
2023-09-01 18:00:00,7610.590997943154,31309.500000000036,243.07609504920697
2023-09-01 19:00:00,7368.2828869599725,30181.500000000025,244.1324283736715
2023-09-01 20:00:00,6732.876809656928,27740.00000000005,242.7136557194274
2023-09-01 21:00:00,6210.023613608022,26517.000000000055,234.19027844809025
2023-09-01 22:00:00,5396.733114706328,23980.00000000003,225.05142263162307
2023-09-01 23:00:00,5131.7957851667015,22957.00000000004,223.53947750867678
2023-09-02 00:00:00,4655.255949215876,21337.50000000002,218.1725108009782
2023-09-02 01:00:00,4448.955100631632,21261.000000000025,209.25427311187747
2023-09-02 02:00:00,4307.580459749305,21031.00000000003,204.82052492745467
2023-09-02 03:00:00,4238.203307032122,20794.500000000015,203.81366741360068
2023-09-02 04:00:00,4415.931921992608,20854.50000000004,211.74959466746265
2023-09-02 05:00:00,4659.065327603146,21382.00000000003,217.8966105884922
2023-09-02 06:00:00,4947.764700148697,22728.50000000002,217.68989155239865
2023-09-02 07:00:00,5804.748754353696,25496.50000000004,227.6684546645103
2023-09-02 08:00:00,6422.132785759678,27920.500000000025,230.0149634053714
2023-09-02 09:00:00,6258.9051672042915,29082.500000000033,215.21207486303737
2023-09-02 10:00:00,6127.173937862607,29414.50000000007,208.30454156496262
2023-09-02 11:00:00,5632.759636539943,29334.500000000044,192.0182596103542
2023-09-02 12:00:00,4965.759710775485,29194.000000000036,170.09521513925733
2023-09-02 13:00:00,4514.088073127162,28284.000000000047,159.59864492742022
2023-09-02 14:00:00,4588.185367948316,27316.00000000002,167.9669559213762
2023-09-02 15:00:00,5322.341452759468,28459.000000000025,187.01786614988097
2023-09-02 16:00:00,5946.96116744244,29313.50000000004,202.87448334188792
2023-09-02 17:00:00,6200.066916323022,29123.500000000015,212.88879826679553
2023-09-02 18:00:00,6105.859105583426,28763.00000000002,212.28171976439947
2023-09-02 19:00:00,6024.905770468474,28412.00000000003,212.05496869169602
2023-09-02 20:00:00,6068.048695518114,27258.000000000015,222.61533111446587
2023-09-02 21:00:00,5615.610686827833,25898.50000000004,216.83150324643606
2023-09-02 22:00:00,3316.3944802833835,22161.500000000025,149.64666111424677
2023-09-02 23:00:00,1996.7414187629688,20551.499999999985,97.15794072271952
2023-09-03 00:00:00,1304.1759999999967,20392.21679476104,63.954596654496754
2023-09-03 01:00:00,1203.4919999999968,20679.03589156315,58.19865134481487
2023-09-03 02:00:00,1209.993999999997,21154.28452592877,57.19853103596623
2023-09-03 03:00:00,1191.879999999997,20764.987885713974,57.39854058956586
2023-09-03 04:00:00,1157.7539999999967,20662.654349754215,56.031232986954954
2023-09-03 05:00:00,1184.993999999997,20382.328165433784,58.13830443617418
2023-09-03 06:00:00,1732.5779999999913,21400.000000000004,80.9615887850463
2023-09-03 07:00:00,1967.1979999999915,23852.000000000007,82.47518027838298
2023-09-03 08:00:00,2339.7479999999914,26326.499999999975,88.87425217936276
2023-09-03 09:00:00,2350.987999999991,27536.50000000003,85.37715395929
2023-09-03 10:00:00,2566.2551823003664,28703.500000000022,89.40565374607154
2023-09-03 11:00:00,2577.3000510797424,29774.500000000022,86.56064924951689
2023-09-03 12:00:00,2402.8274713579117,29731.500000000025,80.81756626332037
2023-09-03 13:00:00,1920.1111055217318,28919.500000000022,66.39503122535764
2023-09-03 14:00:00,1745.3719999999967,28784.164982722068,60.636534047371896
2023-09-03 15:00:00,2319.6415876465117,28922.000000000087,80.20336033630126
2023-09-03 16:00:00,3493.7289991388416,30529.000000000036,114.43968027576526
2023-09-03 17:00:00,4067.8416515875374,30277.00000000004,134.3541847470863
2023-09-03 18:00:00,4390.730167427562,28960.000000000047,151.6136107537139
2023-09-03 19:00:00,5293.252918159024,29272.50000000002,180.82681418256112
2023-09-03 20:00:00,4917.134679649817,27861.500000000033,176.48492290974323
2023-09-03 21:00:00,4213.65335114411,25504.00000000002,165.21539174812213
2023-09-03 22:00:00,3128.47402304553,23227.50000000003,134.68836607665594
2023-09-03 23:00:00,2766.8733633607835,22156.000000000025,124.88144806647321
2023-09-04 00:00:00,2565.7909455521017,21640.50000000001,118.56430976881774
2023-09-04 01:00:00,2563.384616006842,21535.499999999996,119.03065245788778
2023-09-04 02:00:00,2498.523614807462,21101.499999999978,118.4050240412987
2023-09-04 03:00:00,2455.1665819212803,20957.0,117.15257822786087
2023-09-04 04:00:00,3092.600698128418,22394.00000000003,138.09952210986933
2023-09-04 05:00:00,4376.469035087469,25643.000000000022,170.66915084379616
2023-09-04 06:00:00,5578.2299369624425,28725.000000000036,194.19425368015442
2023-09-04 07:00:00,6462.1670383341325,31354.000000000025,206.10343300166252
2023-09-04 08:00:00,6670.649232038223,33087.49999999997,201.60632359767976
2023-09-04 09:00:00,6133.325753493296,33660.00000000004,182.21407467300327
2023-09-04 10:00:00,6129.222742751706,34545.00000000006,177.42720343759433
2023-09-04 11:00:00,5859.77825551045,35090.50000000005,166.99044628917918
2023-09-04 12:00:00,5592.68550998216,34875.50000000002,160.36144313292013
2023-09-04 13:00:00,5316.124495773952,34474.00000000003,154.2067788992849
2023-09-04 14:00:00,5246.119485139338,33727.00000000007,155.5465794508651
2023-09-04 15:00:00,5713.445495465535,33841.00000000005,168.8320527013246
2023-09-04 16:00:00,6419.992133944778,34897.500000000015,183.96710749895482
2023-09-04 17:00:00,6975.820484942311,34491.00000000003,202.250456204294
2023-09-04 18:00:00,7026.987455114097,33442.00000000007,210.1246174006962
2023-09-04 19:00:00,7079.200756637591,32674.00000000004,216.6615889281258
2023-09-04 20:00:00,6277.668961399114,30962.50000000002,202.75071332738347
2023-09-04 21:00:00,5220.495955632037,28284.999999999985,184.5676491296461
2023-09-04 22:00:00,4561.753359926648,25893.00000000001,176.1770887856427
2023-09-04 23:00:00,4188.1419707148825,24317.000000000022,172.23103058415424
2023-09-05 00:00:00,4236.857640401784,23761.500000000033,178.30766746214582
2023-09-05 01:00:00,4171.201468053415,23741.000000000033,175.69611507743605
2023-09-05 02:00:00,4132.091056411033,23332.500000000033,177.09594155838536
2023-09-05 03:00:00,4478.4911109325,23224.000000000025,192.83892141459248
2023-09-05 04:00:00,4920.829744951105,24058.500000000036,204.53601616688894
2023-09-05 05:00:00,5600.533006996747,26242.00000000004,213.4186802452838
2023-09-05 06:00:00,6509.38488470966,29110.500000000025,223.60951837686244
2023-09-05 07:00:00,6944.971366219771,32090.500000000036,216.4182971976056
2023-09-05 08:00:00,7050.620543138939,33859.00000000003,208.23475422011674
2023-09-05 09:00:00,7004.286769949886,34614.50000000003,202.35123344118446
2023-09-05 10:00:00,6836.368195157692,35553.00000000009,192.28667609365385
2023-09-05 11:00:00,6508.956402689089,36343.50000000002,179.09547519333816
2023-09-05 12:00:00,5923.977005244073,36201.0000000003,163.6412531489192
2023-09-05 13:00:00,5512.376075792961,35134.500000000015,156.89353984809688
2023-09-05 14:00:00,5571.8977789740875,35370.500000000044,157.5295169413517
2023-09-05 15:00:00,6425.186287350089,36238.50000000004,177.3027660457823
2023-09-05 16:00:00,7258.964449540554,36708.00000000002,197.74884083961396
2023-09-05 17:00:00,7752.679127959807,36333.00000000003,213.378447360796
2023-09-05 18:00:00,7637.931761363337,35011.50000000001,218.15494227220586
2023-09-05 19:00:00,7560.490440117769,34847.50000000003,216.95933539329258
2023-09-05 20:00:00,6905.2346210653295,33213.00000000002,207.90758501385977
2023-09-05 21:00:00,6087.608229217188,30527.50000000004,199.41391300359282
2023-09-05 22:00:00,5829.956906365633,28384.500000000036,205.39227065354774
2023-09-05 23:00:00,5226.724392660273,26418.000000000036,197.84708882808184
2023-09-06 00:00:00,5069.175816997793,25399.00000000001,199.58170861048825
2023-09-06 01:00:00,4985.839313383697,24813.500000000025,200.9325292032036
2023-09-06 02:00:00,4941.340718325284,24293.500000000055,203.40176254246086
2023-09-06 03:00:00,5301.762820937348,24147.500000000033,219.55742088983706
2023-09-06 04:00:00,6064.891941609235,25762.500000000036,235.4155047689171
2023-09-06 05:00:00,6551.376990661121,27544.499999999985,237.84701086101126
2023-09-06 06:00:00,7478.394261598582,30223.000000000025,247.4405009958831
2023-09-06 07:00:00,7844.344871726279,32191.500000000033,243.6775195851784
2023-09-06 08:00:00,8126.384980696121,33918.50000000002,239.58562379515945
2023-09-06 09:00:00,8128.556607481784,34705.500000000015,234.21522834944838
2023-09-06 10:00:00,8033.652855086786,35415.000000000044,226.8432261777997
2023-09-06 11:00:00,7902.5784371474,35793.000000000065,220.7855848112029
2023-09-06 12:00:00,7837.2870002317595,35895.000000000044,218.33923945484747
2023-09-06 13:00:00,7575.445288255727,34937.500000000044,216.82848767816006
2023-09-06 14:00:00,7692.165299343173,34682.500000000044,221.78808619168638
2023-09-06 15:00:00,8228.709475478427,35385.00000000003,232.54795748137403
2023-09-06 16:00:00,8604.255008086406,35494.500000000044,242.41093713353888
2023-09-06 17:00:00,8927.171217178744,34705.50000000007,257.22641129442667
2023-09-06 18:00:00,9063.39793962221,33742.00000000003,268.6087943696936
2023-09-06 19:00:00,8702.938119491499,32503.000000000033,267.75799524633084
2023-09-06 20:00:00,8245.71267351808,30439.00000000003,270.8930212397934
2023-09-06 21:00:00,7349.992267419185,27967.50000000003,262.8047650815832
2023-09-06 22:00:00,5829.554735128154,24832.000000000055,234.75977509375568
2023-09-06 23:00:00,5295.579161565522,23796.000000000036,222.54072791920967
2023-09-07 00:00:00,5581.984379353901,23552.500000000025,237.0017781277527
2023-09-07 01:00:00,5509.28035350283,23335.000000000025,236.0951512107488
2023-09-07 02:00:00,5571.039562348426,23463.000000000025,237.4393539764063
2023-09-07 03:00:00,5807.24240174882,23451.000000000022,247.63303917738324
2023-09-07 04:00:00,5809.844427017697,24168.000000000047,240.3940924783882
2023-09-07 05:00:00,6620.753775292717,26775.50000000002,247.26909956089384
2023-09-07 06:00:00,7054.632516274259,29171.50000000003,241.8330396542602
2023-09-07 07:00:00,7701.2598100880205,31864.50000000002,241.68776569812852
2023-09-07 08:00:00,7875.429104414702,33543.500000000044,234.78256903467712
2023-09-07 09:00:00,7789.690073671218,34334.500000000065,226.87646750851775
2023-09-07 10:00:00,7582.206530150818,35403.50000000003,214.16545059530307
2023-09-07 11:00:00,7464.479836114086,35755.500000000044,208.76452115378268
2023-09-07 12:00:00,7040.575786611601,35700.50000000003,197.21224595206215
2023-09-07 13:00:00,7015.9235515606515,35299.00000000006,198.7570059084008
2023-09-07 14:00:00,7042.832007989196,34800.00000000006,202.38023011463173
2023-09-07 15:00:00,7363.619905025247,34805.000000000044,211.56787544965488
2023-09-07 16:00:00,7531.824709119147,34724.00000000003,216.90544606379277
2023-09-07 17:00:00,7886.847011550953,34159.50000000003,230.8829757915352
2023-09-07 18:00:00,7985.277941433142,33381.000000000044,239.21625899263447
2023-09-07 19:00:00,8108.389805465646,32851.00000000003,246.82322624777444
2023-09-07 20:00:00,7535.806437032498,30927.00000000004,243.66432040070126
2023-09-07 21:00:00,6912.490175761762,28099.00000000004,246.0048462849835
2023-09-07 22:00:00,6222.001396244109,25580.000000000044,243.23695841454645
2023-09-07 23:00:00,6108.547738637845,24487.000000000033,249.4608461076423
2023-09-08 00:00:00,6293.829858346637,24295.000000000025,259.0586482134855
2023-09-08 01:00:00,6295.696521510618,23965.00000000003,262.7037981018406
2023-09-08 02:00:00,6328.847651520012,23712.50000000003,266.899215667686
2023-09-08 03:00:00,6472.1408736771555,23892.000000000025,270.89154837088347
2023-09-08 04:00:00,6949.443358587889,24962.50000000003,278.395327334517
2023-09-08 05:00:00,7687.760224461678,26874.500000000033,286.0615164732988
2023-09-08 06:00:00,8147.222082034796,28997.000000000025,280.96775811410794
2023-09-08 07:00:00,8808.441111646707,31630.500000000047,278.4793509949793
2023-09-08 08:00:00,8989.906694075207,33303.99999999999,269.9347433964451
2023-09-08 09:00:00,8888.122865255491,34067.0,260.9012494571137
2023-09-08 10:00:00,9093.884735364312,35383.00000000005,257.0128235413701
2023-09-08 11:00:00,8777.192755688811,35552.00000000006,246.88323457720512
2023-09-08 12:00:00,8413.928657188055,35095.50000000005,239.74380354142392
2023-09-08 13:00:00,8142.171679923641,34338.50000000003,237.1149491073761
2023-09-08 14:00:00,7887.446370710669,33282.00000000003,236.9883531852251
2023-09-08 15:00:00,7941.01421824138,33373.00000000003,237.94726929677805
2023-09-08 16:00:00,8210.398398512836,33079.000000000044,248.2057619188254
2023-09-08 17:00:00,8482.408227708376,32446.000000000036,261.43155482057466
2023-09-08 18:00:00,8608.752908213826,31714.000000000036,271.44960926448306
2023-09-08 19:00:00,8350.948369890182,30992.00000000004,269.4549680527288
2023-09-08 20:00:00,7945.261967378367,29470.000000000022,269.60508881501056
2023-09-08 21:00:00,7529.777898692379,27705.500000000025,271.77917376305686
2023-09-08 22:00:00,6766.757965654223,25813.000000000033,262.1453517860851
2023-09-08 23:00:00,6215.693983108471,24080.000000000033,258.1268265410491
2023-09-09 00:00:00,5500.545545442653,23079.50000000003,238.33036007897252
2023-09-09 01:00:00,4835.684864656815,22283.000000000044,217.01229029559778
2023-09-09 02:00:00,4601.934581085133,22202.50000000005,207.27100916946839
2023-09-09 03:00:00,4496.9750384652825,22228.00000000003,202.31127579922963
2023-09-09 04:00:00,4572.584759524732,22302.500000000025,205.02565898552749
2023-09-09 05:00:00,4647.698794496038,22686.500000000025,204.86627705886906
2023-09-09 06:00:00,5067.68546808249,24137.50000000003,209.95071851196204
2023-09-09 07:00:00,5956.234195694395,27276.500000000062,218.36504667733695
2023-09-09 08:00:00,6501.424456232202,29596.50000000005,219.66869245458722
2023-09-09 09:00:00,6020.540659490077,30732.50000000002,195.9014287640144
2023-09-09 10:00:00,5862.297336867577,31254.500000000044,187.56650520301295
2023-09-09 11:00:00,5306.526701499372,31680.50000000004,167.50135577088005
2023-09-09 12:00:00,4680.190350460873,31253.000000000033,149.75171505010294
2023-09-09 13:00:00,4288.640130412986,30592.500000000036,140.18599756191813
2023-09-09 14:00:00,4319.152070371197,30048.500000000044,143.73935705180594
2023-09-09 15:00:00,4911.552421552299,30237.499999999996,162.43249017122116
2023-09-09 16:00:00,6084.410930838414,31849.500000000033,191.0363092305502
2023-09-09 17:00:00,6722.768955849859,31428.500000000055,213.9067711106113
2023-09-09 18:00:00,7234.790229187613,30924.000000000047,233.95389435996643
2023-09-09 19:00:00,7298.18162252042,29664.00000000003,246.02823700513798
2023-09-09 20:00:00,7094.229688863387,28319.000000000025,250.51130650317387
2023-09-09 21:00:00,6835.08054120141,27103.000000000044,252.18907653032502
2023-09-09 22:00:00,5645.497575971198,24773.000000000036,227.8891363973354
2023-09-09 23:00:00,4925.327820354601,22968.000000000047,214.44304338011975
2023-09-10 00:00:00,4775.17257404437,22262.00000000003,214.49881295680368
2023-09-10 01:00:00,4708.509859596667,22347.000000000022,210.6998639457942
2023-09-10 02:00:00,4654.1723776436165,22063.50000000003,210.94442756786594
2023-09-10 03:00:00,4675.7077083182585,21861.000000000025,213.8835235496205
2023-09-10 04:00:00,4860.713780467554,21835.000000000036,222.6111188673023
2023-09-10 05:00:00,5025.726553704032,21888.000000000022,229.61104503399247
2023-09-10 06:00:00,5034.872270641154,22529.500000000022,223.4790949928382
2023-09-10 07:00:00,6015.105280206077,25472.000000000007,236.1457789025626
2023-09-10 08:00:00,6515.344992421596,27972.50000000004,232.91965295992802
2023-09-10 09:00:00,6755.752872342456,29167.500000000025,231.619195074739
2023-09-10 10:00:00,6635.245115344246,30029.500000000022,220.9575622419368
2023-09-10 11:00:00,6549.70157805738,30972.50000000002,211.46828890329732
2023-09-10 12:00:00,6368.435621634865,31147.000000000073,204.46385275098245
2023-09-10 13:00:00,6379.09416248011,30611.000000000055,208.3922172578517
2023-09-10 14:00:00,6228.598871008595,30548.500000000033,203.89213450770373
2023-09-10 15:00:00,6244.089926069319,30795.50000000002,202.7598164039978
2023-09-10 16:00:00,6822.661641117283,32069.000000000047,212.74943531501677
2023-09-10 17:00:00,6956.8041901959505,31928.00000000004,217.8903843083169
2023-09-10 18:00:00,7415.064892243419,31879.000000000044,232.6002977585059
2023-09-10 19:00:00,7439.307283940453,30756.0,241.88149577124636
2023-09-10 20:00:00,7256.15916331292,29406.000000000033,246.75777607675008
2023-09-10 21:00:00,6065.0386758907725,27306.000000000036,222.11377264669906
2023-09-10 22:00:00,5283.521010575282,24119.00000000004,219.06053362806392
2023-09-10 23:00:00,4734.791599505688,23908.50000000003,198.03800319993653
2023-09-11 00:00:00,3453.144415364645,24010.50000000003,143.8180968894709
2023-09-11 01:00:00,2369.5027978493526,23681.500000000033,100.05712466901798
2023-09-11 02:00:00,1797.1515216648772,23421.500000000044,76.73084651558926
2023-09-11 03:00:00,2268.4328776594884,24174.50000000003,93.83577230798923
2023-09-11 04:00:00,2959.5250411231077,25735.000000000025,115.00000159794462
2023-09-11 05:00:00,4244.183261339041,29139.500000000015,145.65051772813666
2023-09-11 06:00:00,5562.098475565229,31606.00000000003,175.98236017101894
2023-09-11 07:00:00,6051.71151352569,32465.000000000036,186.40725438243285
2023-09-11 08:00:00,6770.567629350061,33824.50000000006,200.16755988558734
2023-09-11 09:00:00,7040.98415725207,34455.50000000006,204.35007929799477
2023-09-11 10:00:00,7629.089827838385,34865.00000000003,218.81800739533568
2023-09-11 11:00:00,7592.969006212017,35331.00000000001,214.9095413719401
2023-09-11 12:00:00,7327.4665499116445,35120.50000000003,208.63787673614095
2023-09-11 13:00:00,7170.8955430384885,34543.50000000005,207.59030043390152
2023-09-11 14:00:00,6739.885152872779,33750.000000000044,199.70030082585987
2023-09-11 15:00:00,7031.093106242969,34201.000000000044,205.58150657123943
2023-09-11 16:00:00,7880.559194644595,35209.50000000007,223.81911684757176
2023-09-11 17:00:00,8443.163619268913,34924.500000000015,241.75474578788268
2023-09-11 18:00:00,8743.87887466775,34269.00000000003,255.15418817787915
2023-09-11 19:00:00,8463.786319872672,33205.500000000015,254.8910969529948
2023-09-11 20:00:00,7935.509263596174,30903.000000000033,256.78766668595813
2023-09-11 21:00:00,7214.279882989645,28700.500000000025,251.36425786971088
2023-09-11 22:00:00,6241.758380584998,26831.500000000022,232.62800740118863
2023-09-11 23:00:00,6074.062306660407,25901.50000000003,234.50619873985676
2023-09-12 00:00:00,5874.9713149278,25399.500000000033,231.30263646637897
2023-09-12 01:00:00,5620.430997028043,24994.500000000022,224.86671055744415
2023-09-12 02:00:00,5300.722680032456,24408.50000000003,217.16708032170965
2023-09-12 03:00:00,5557.213650371329,24824.50000000002,223.860043520366
2023-09-12 04:00:00,6145.641312818775,26613.500000000022,230.9219498682537
2023-09-12 05:00:00,6996.758009323263,28877.000000000025,242.29518334048745
2023-09-12 06:00:00,7970.295035201205,30773.50000000003,258.9986525809933
2023-09-12 07:00:00,8087.402225615051,31389.50000000002,257.64673618933233
2023-09-12 08:00:00,8296.21614599149,32865.500000000015,252.4293300266689
2023-09-12 09:00:00,8298.814008788186,33745.500000000044,245.92357525560962
2023-09-12 10:00:00,8599.177424583617,33993.50000000006,252.96534409765403
2023-09-12 11:00:00,8537.022457422285,34497.00000000003,247.4714455582305
2023-09-12 12:00:00,8305.309099435013,34293.500000000044,242.18318630163157
2023-09-12 13:00:00,7676.880910857971,33758.000000000044,227.40923368854675
2023-09-12 14:00:00,7882.25150041118,34278.50000000003,229.94738685797725
2023-09-12 15:00:00,7879.0696157489065,35260.500000000044,223.4531449000694
2023-09-12 16:00:00,7835.183098546894,35872.00000000003,218.42058147153458
2023-09-12 17:00:00,7343.907597214328,35630.50000000001,206.11295371140812
2023-09-12 18:00:00,7575.281021657044,35631.500000000044,212.6006769756265
2023-09-12 19:00:00,7378.392757824608,34622.00000000004,213.11284032767028
2023-09-12 20:00:00,6609.6590357521245,32887.50000000003,200.97784981382344
2023-09-12 21:00:00,5897.552981353523,30441.500000000033,193.7339809586754
2023-09-12 22:00:00,3688.2433563716345,25148.50000000004,146.65858227614484
2023-09-12 23:00:00,2893.585645284124,23350.500000000025,123.91964391700908
2023-09-13 00:00:00,3081.729554388553,24023.00000000002,128.28246074131252
2023-09-13 01:00:00,3071.462397013543,23380.000000000033,131.37136000913338
2023-09-13 02:00:00,2751.4376032763366,22800.000000000033,120.67708786299706
2023-09-13 03:00:00,2888.6917163474304,22987.500000000033,125.66358744306369
2023-09-13 04:00:00,3595.265980356553,24536.00000000003,146.5302404775248
2023-09-13 05:00:00,5004.068092876572,27534.50000000003,181.73811374372394
2023-09-13 06:00:00,5707.341606417086,29898.000000000025,190.89375899448396
2023-09-13 07:00:00,6346.846838653426,31814.00000000004,199.498549024122
2023-09-13 08:00:00,6989.108191424647,33031.000000000044,211.59238870832363
2023-09-13 09:00:00,7011.928961637231,33527.00000000005,209.14274947466876
2023-09-13 10:00:00,7293.4261147283105,33347.000000000044,218.71311106631182
2023-09-13 11:00:00,7258.48727908335,33473.500000000015,216.84279442195606
2023-09-13 12:00:00,6943.664060433208,33188.50000000003,209.21897827359481
2023-09-13 13:00:00,6490.2972211830165,31995.50000000003,202.85031398737354
2023-09-13 14:00:00,7040.479003322634,32190.500000000036,218.71294336287494
2023-09-13 15:00:00,7534.246620309496,33894.500000000015,222.28522681584013
2023-09-13 16:00:00,8362.83146602123,35445.50000000008,235.93492731154058
2023-09-13 17:00:00,7825.629639361422,35289.50000000003,221.7551860854196
2023-09-13 18:00:00,7177.739287874563,34331.00000000002,209.07457655980187
2023-09-13 19:00:00,6282.733047843936,33335.00000000004,188.47256780692754
2023-09-13 20:00:00,5454.621274141303,32468.50000000002,167.99732892315012
2023-09-13 21:00:00,3770.4206565107493,29960.00000000002,125.84848653240144
2023-09-13 22:00:00,1682.9529921373912,26249.000000000055,64.11493741237334
2023-09-13 23:00:00,978.8499999999968,26195.40644708663,37.367238488061766
2023-09-14 00:00:00,976.6239999999968,26849.94566089596,36.37340694593449
2023-09-14 01:00:00,974.2439999999968,27313.57502159798,35.668856941269006
2023-09-14 02:00:00,985.3719999999969,27425.13044774703,35.92952827981699
2023-09-14 03:00:00,993.1879999999968,27371.526605679766,36.2854441518035
2023-09-14 04:00:00,978.1839999999969,26205.528099215902,37.32739123960891
2023-09-14 05:00:00,1445.1239999999914,27470.500000000044,52.60639595202087
2023-09-14 06:00:00,1576.4504584991116,30523.000000000033,51.647952642240604
2023-09-14 07:00:00,2901.447048590488,31602.500000000022,91.81068107239889
2023-09-14 08:00:00,4829.549907553742,32986.50000000007,146.4098921544793
2023-09-14 09:00:00,4902.573244451689,34174.49999999999,143.45705846323105
2023-09-14 10:00:00,5748.680021438733,34681.00000000003,165.75877343325536
2023-09-14 11:00:00,5565.701757699391,34677.50000000003,160.49893324776545
2023-09-14 12:00:00,5148.59566358119,34308.00000000003,150.06982813283156
2023-09-14 13:00:00,5184.574463568648,33849.999999999985,153.16320424131905
2023-09-14 14:00:00,5633.3540726708425,33811.500000000015,166.61059322037886
2023-09-14 15:00:00,6374.624126347583,34529.50000000003,184.6138555828372
2023-09-14 16:00:00,6736.672027370727,34139.00000000003,197.33067832598263
2023-09-14 17:00:00,7040.057189943573,33337.50000000003,211.1753187834591
2023-09-14 18:00:00,7448.920032252247,33584.000000000015,221.79966746820642
2023-09-14 19:00:00,7386.013210209991,31960.500000000004,231.09817462836907
2023-09-14 20:00:00,6716.974726238765,29721.00000000004,226.00096653002106
2023-09-14 21:00:00,6081.6598101782665,27282.000000000025,222.91840078360315
2023-09-14 22:00:00,4442.465324987043,23875.000000000025,186.0718460727555
2023-09-14 23:00:00,4173.880131854409,22741.000000000007,183.53986772149017
2023-09-15 00:00:00,4236.65372273966,22749.000000000036,186.2347234049696
2023-09-15 01:00:00,4040.2828482755854,23048.50000000002,175.29482822203536
2023-09-15 02:00:00,3844.232124539567,23158.000000000044,166.0001781043078
2023-09-15 03:00:00,4162.435760509848,23289.000000000025,178.7296904336744
2023-09-15 04:00:00,4346.8981934641615,23445.000000000033,185.40832559028175
2023-09-15 05:00:00,5530.242908257163,26123.500000000033,211.69609387169243
2023-09-15 06:00:00,6522.296641256083,28696.50000000003,227.28544042848696
2023-09-15 07:00:00,7309.49342769289,31164.500000000025,234.54550619111117
2023-09-15 08:00:00,7661.688505025236,32707.5000000001,234.2486740052041
2023-09-15 09:00:00,7704.796969799693,33580.50000000003,229.44259227229156
2023-09-15 10:00:00,7797.964833542432,34411.500000000044,226.60926822551826
2023-09-15 11:00:00,7686.827779643788,34670.00000000003,221.71409805721896
2023-09-15 12:00:00,7258.544877562673,34310.00000000002,211.55770555414364
2023-09-15 13:00:00,6837.75198398729,33053.000000000044,206.8723560338632
2023-09-15 14:00:00,6917.899933731124,32202.500000000065,214.82493389429735
2023-09-15 15:00:00,6846.114883430779,31930.50000000002,214.40675477774462
2023-09-15 16:00:00,7160.252766938627,33806.000000000044,211.80419945981834
2023-09-15 17:00:00,6885.698230306122,33219.50000000003,207.27880402492863
2023-09-15 18:00:00,6786.5537310818045,32647.50000000002,207.87361148883684
2023-09-15 19:00:00,6177.903351800429,31430.000000000033,196.56071752467142
2023-09-15 20:00:00,5072.234540624653,28321.500000000022,179.0948410438942
2023-09-15 21:00:00,3874.3154921165224,25905.000000000036,149.5585984217918
2023-09-15 22:00:00,3052.722211939323,23883.500000000033,127.81720484599491
2023-09-15 23:00:00,2521.020716765559,21991.500000000007,114.63614199875217
2023-09-16 00:00:00,2424.8060068895825,21633.500000000007,112.08570073680087
2023-09-16 01:00:00,2435.8814398232903,21624.0,112.6471254080323
2023-09-16 02:00:00,2370.138758005294,21674.500000000004,109.35148483265098
2023-09-16 03:00:00,2276.77218775882,21726.00000000002,104.79481670619619
2023-09-16 04:00:00,2511.6553900479284,22225.500000000022,113.0078238981317
2023-09-16 05:00:00,2632.471178146931,23010.500000000022,114.40304113978091
2023-09-16 06:00:00,2859.222972549134,24235.500000000033,117.97664469679313
2023-09-16 07:00:00,3388.657211599371,26481.50000000002,127.96318983438887
2023-09-16 08:00:00,3923.8682860106055,28355.50000000003,138.38120597452354
2023-09-16 09:00:00,4101.064302911896,29446.50000000004,139.27170641372967
2023-09-16 10:00:00,4299.506932813203,29947.500000000044,143.56814200895556
2023-09-16 11:00:00,4382.462773278705,30044.50000000001,145.86572495061336
2023-09-16 12:00:00,4273.137089678641,29784.50000000006,143.46848493943602
2023-09-16 13:00:00,3634.223142977786,29000.000000000084,125.31803941302674
2023-09-16 14:00:00,3656.3985548005558,28079.999999999993,130.21362374645855
2023-09-16 15:00:00,4132.10148824763,29071.500000000055,142.1358199008521
2023-09-16 16:00:00,4543.471751647686,30992.00000000001,146.60143752089843
2023-09-16 17:00:00,4959.366824173279,31431.000000000084,157.7858427722079
2023-09-16 18:00:00,4954.257768389892,31423.500000000055,157.66091518735607
2023-09-16 19:00:00,4318.936198072436,30322.500000000033,142.43338108904052
2023-09-16 20:00:00,3998.2225660821396,28687.500000000025,139.3715927174601
2023-09-16 21:00:00,3057.765907125331,25932.000000000033,117.91477352789323
2023-09-16 22:00:00,2011.4097553904933,22928.50000000003,87.72530934821252
2023-09-16 23:00:00,1507.6753243952162,21938.00000000001,68.72437434566577
2023-09-17 00:00:00,1495.1556939044892,21715.500000000015,68.85200404800663
2023-09-17 01:00:00,1137.3645482852,21771.000000000022,52.242182182040274
2023-09-17 02:00:00,1111.137999999997,21562.218578933753,51.53171024272877
2023-09-17 03:00:00,1095.9799999999968,21466.378837367363,51.055653508368245
2023-09-17 04:00:00,1079.6559999999968,21886.919906891057,49.32882308670892
2023-09-17 05:00:00,1077.8539999999969,22372.09225908124,48.17850684316199
2023-09-17 06:00:00,1123.645999999997,24222.535438994604,46.388455198257134
2023-09-17 07:00:00,1293.187999999997,26001.99166181038,49.73419024279308
2023-09-17 08:00:00,1309.5679999999968,27648.940049874345,47.364130329688656
2023-09-17 09:00:00,1600.5419999999967,29506.430175201935,54.24383737701821
2023-09-17 10:00:00,1991.870199939494,29099.499999999993,68.45032388664734
2023-09-17 11:00:00,3133.0506946004966,29844.00000000008,104.98092395793086
2023-09-17 12:00:00,2972.968195168031,30012.50000000004,99.05766581151276
2023-09-17 13:00:00,3080.1288299634216,29534.000000000055,104.29094704284607
2023-09-17 14:00:00,3263.9491587011726,29380.50000000005,111.0923625772593
2023-09-17 15:00:00,3987.481567104115,30784.000000000025,129.53097606237367
2023-09-17 16:00:00,4808.888430719601,31917.999999999985,150.6638395488315
2023-09-17 17:00:00,4762.404302101138,31780.500000000007,149.8530325860555
2023-09-17 18:00:00,4270.7439668084835,31620.50000000002,135.06250586829688
2023-09-17 19:00:00,3458.3222465823123,30217.500000000022,114.44766266508843
2023-09-17 20:00:00,2492.146617510782,28459.000000000033,87.56971845499768
2023-09-17 21:00:00,1120.677999999997,25845.970031397737,43.35987384642925
2023-09-17 22:00:00,2169.5699990870003,23670.500000000022,91.65712591990024
2023-09-17 23:00:00,1255.4239999999968,22876.24501169206,54.87893661561804
2023-09-18 00:00:00,1087.2419999999968,22290.34480014401,48.77636527152207
2023-09-18 01:00:00,1077.3239999999969,22290.641562678968,48.330775808792836
2023-09-18 02:00:00,1128.9883346883619,21688.500000000022,52.05469878914451
2023-09-18 03:00:00,1092.905999999997,22478.263332519797,48.62057107494003
2023-09-18 04:00:00,1112.409999999997,23334.445903093005,47.67244118929543
2023-09-18 05:00:00,1559.2859999999914,25120.000000000036,62.07348726114607
2023-09-18 06:00:00,1661.9319999999914,28865.50000000006,57.57502901387428
2023-09-18 07:00:00,2127.9596044108757,32264.999999999978,65.95256793463125
2023-09-18 08:00:00,2630.154112155745,33712.500000000015,78.01717796531685
2023-09-18 09:00:00,1919.4609563978772,34191.00000000003,56.1393628849076
2023-09-18 10:00:00,1740.960208872353,34590.50000000003,50.330588134671416
2023-09-18 11:00:00,1261.8733237542035,34606.00000000007,36.464004038438446
2023-09-18 12:00:00,1101.5879565651976,34996.500000000044,31.477089325080968
2023-09-18 13:00:00,421.378,35222.99999999996,11.96314907872698
2023-09-18 14:00:00,162.774,33878.500000000015,4.804640110984841
2023-09-18 15:00:00,185.56400000000002,33597.49999999994,5.523149043827676
2023-09-18 16:00:00,169.558,34075.76247822234,4.97591213427326
2023-09-18 17:00:00,150.16000000000003,32843.0,4.572054927990745
2023-09-18 18:00:00,388.96,32925.00000000005,11.813515565679555
2023-09-18 19:00:00,455.34599999999995,32063.50000000003,14.201381633321363
2023-09-18 20:00:00,314.882,31237.988070726693,10.08009860580867
2023-09-18 21:00:00,131.248,29899.523734405448,4.389635138200299
2023-09-18 22:00:00,68.71600000000001,29606.445267290816,2.320981103257182
2023-09-18 23:00:00,37.1,29359.38681588973,1.2636503695615653
2023-09-19 00:00:00,21.560000000000002,28653.957206323277,0.752426614053929
2023-09-19 01:00:00,10.500000000000002,28980.834861189585,0.3623084031323522
2023-09-19 02:00:00,13.790000000000001,28652.098404779965,0.4812911014468471
2023-09-19 03:00:00,28.42,28672.680990994773,0.9911873957278662
2023-09-19 04:00:00,44.1,29027.419431367784,1.5192532048627234
2023-09-19 05:00:00,49.922000000000004,28941.61192448004,1.7249212010120922
2023-09-19 06:00:00,157.51600000000002,30363.336693996065,5.187703893925026
2023-09-19 07:00:00,400.144,32356.499999999916,12.366726932764701
2023-09-19 08:00:00,504.61,33769.500000000015,14.942773804764649
2023-09-19 09:00:00,507.188,34584.50000000007,14.665182379389579
2023-09-19 10:00:00,506.976,34498.500000000044,14.695595460672186
2023-09-19 11:00:00,507.258,34584.50000000006,14.667206407494662
2023-09-19 12:00:00,507.046,33955.00000000002,14.932881755264312
2023-09-19 13:00:00,606.6101796109712,33638.499999999956,18.03321133852496
2023-09-19 14:00:00,963.2181413739202,33636.999999999956,28.63567325783873
2023-09-19 15:00:00,1193.9029845233088,34207.5,34.90179009057396
2023-09-19 16:00:00,1105.1960000000008,34772.000000000065,31.78407914413892
2023-09-19 17:00:00,927.9360000000007,34128.499999999985,27.189475072153805
2023-09-19 18:00:00,928.9340000000007,34100.49999999998,27.241066846527215
2023-09-19 19:00:00,861.3520000000005,32426.50000000001,26.563212187562648
2023-09-19 20:00:00,236.1515342850402,30101.500000000007,7.845174967527869
2023-09-19 21:00:00,144.108,28816.49999999999,5.00088490968716
2023-09-19 22:00:00,130.518,25881.0,5.043004520690855
2023-09-19 23:00:00,48.142,25916.19256439133,1.8576031135895625
2023-09-20 00:00:00,19.567999999999998,25438.708921040703,0.769221427893105
2023-09-20 01:00:00,10.076,25283.212040966726,0.39852531330567187
2023-09-20 02:00:00,7.98,28995.010093027428,0.2752197696913025
2023-09-20 03:00:00,23.380000000000003,29914.448925045413,0.7815621159721735
2023-09-20 04:00:00,39.13,30057.067349356603,1.3018568826155827
2023-09-20 05:00:00,75.57000000000001,30232.278564907963,2.499646192322324
2023-09-20 06:00:00,79.07000000000001,30690.098236701087,2.5764010069359533
2023-09-20 07:00:00,448.388,33885.29686028082,13.232523883406936
2023-09-20 08:00:00,505.916,35158.99236155136,14.389377112901903
2023-09-20 09:00:00,507.082,35940.276771801226,14.109017668941743
2023-09-20 10:00:00,507.082,36356.6840263278,13.947421597437078
2023-09-20 11:00:00,496.694,36458.4331030983,13.623569575670825
2023-09-20 12:00:00,506.552,36846.50732384684,13.747625943155883
2023-09-20 13:00:00,506.976,37011.009611661015,13.697978123792323
2023-09-20 14:00:00,450.364,36967.737944243825,12.182622606751227
2023-09-20 15:00:00,402.082,36715.517250120596,10.951282458064222
2023-09-20 16:00:00,205.704,35638.50000000011,5.771960099330763
2023-09-20 17:00:00,207.294,35148.00000000012,5.897746671218827
2023-09-20 18:00:00,207.294,34722.50000000004,5.970019439844475
2023-09-20 19:00:00,347.68600000000004,33143.49999999997,10.490322385988213
2023-09-20 20:00:00,336.65999999999997,30433.827845376967,11.062032739044364
2023-09-20 21:00:00,388.976,29768.17343742147,13.066841363905104
2023-09-20 22:00:00,230.454,25458.304505856544,9.05221319616887
2023-09-20 23:00:00,105.178,24119.450680990205,4.360712911380534
2023-09-21 00:00:00,154.118,24223.42595550067,6.36235354499898
2023-09-21 01:00:00,100.798,23690.81503658631,4.2547290941377565
2023-09-21 02:00:00,155.228,23839.20946811751,6.511457529982337
2023-09-21 03:00:00,108.078,22861.09973823767,4.72759408941416
2023-09-21 04:00:00,208.45063107444076,22899.03261875378,9.103032191138261
2023-09-21 05:00:00,1062.4139999999968,26182.70953723307,40.57693106548782
2023-09-21 06:00:00,1600.3439999999914,30939.00000000001,51.725782992339475
2023-09-21 07:00:00,1670.2600360009683,32965.00000000003,50.667678932230146
2023-09-21 08:00:00,2345.0468634051294,34459.99999999999,68.0512728788488
2023-09-21 09:00:00,2650.935852079893,34842.000000000044,76.08449147809797
2023-09-21 10:00:00,3238.515156570747,34678.50000000006,93.38682920457175
2023-09-21 11:00:00,3411.3766083132837,35266.49999999996,96.73136286031466
2023-09-21 12:00:00,3015.2993975684394,34846.499999999985,86.5309112125591
2023-09-21 13:00:00,4069.25376727295,34750.00000000004,117.10082783519269
2023-09-21 14:00:00,4139.601067944454,33619.50000000008,123.1309528084726
2023-09-21 15:00:00,4749.659742945948,34034.500000000015,139.5542682556214
2023-09-21 16:00:00,5759.337740577202,34424.000000000015,167.30588370256797
2023-09-21 17:00:00,6598.921283212116,33841.000000000015,194.99782167229435
2023-09-21 18:00:00,6730.556922086944,33719.00000000003,199.60725175974787
2023-09-21 19:00:00,6323.701437608072,32741.500000000033,193.14024823566623
2023-09-21 20:00:00,5411.475456086985,30199.500000000022,179.19089574618724
2023-09-21 21:00:00,4167.301986596641,27196.500000000055,153.22934887197368
2023-09-21 22:00:00,3362.782025498712,24345.000000000022,138.13029474219383
2023-09-21 23:00:00,2729.5310769125667,22211.499999999996,122.88819201371214
2023-09-22 00:00:00,2541.020612942917,21495.499999999985,118.21174724676881
2023-09-22 01:00:00,2407.1523934994266,20823.499999999985,115.59787708595714
2023-09-22 02:00:00,2351.7204674888117,20614.499999999993,114.0808880879387
2023-09-22 03:00:00,2274.276793776507,20532.499999999985,110.76472878492676
2023-09-22 04:00:00,2968.7376489414346,21980.500000000022,135.06233474859226
2023-09-22 05:00:00,4490.831122819474,25702.00000000004,174.72691319039245
2023-09-22 06:00:00,5403.333190977356,28216.500000000036,191.4955147157638
2023-09-22 07:00:00,6231.126211713526,31039.50000000004,200.74827918341202
2023-09-22 08:00:00,6197.678386093955,32329.00000000006,191.70646744699633
2023-09-22 09:00:00,5787.632019730633,33540.50000000003,172.55652180887668
2023-09-22 10:00:00,5361.871101754927,33808.50000000007,158.59535624931348
2023-09-22 11:00:00,5006.926695092378,34171.0,146.52561221773954
2023-09-22 12:00:00,4420.869756576952,33350.50000000003,132.55782541721857
2023-09-22 13:00:00,3969.357420219247,32871.50000000004,120.75376603499211
2023-09-22 14:00:00,3181.6288149568495,31634.500000000044,100.574651565754
2023-09-22 15:00:00,3188.9543164709135,31882.500000000033,100.02209100512539
2023-09-22 16:00:00,3915.433371467742,32848.500000000015,119.19671739859476
2023-09-22 17:00:00,4198.315046825672,32468.000000000033,129.30624143235394
2023-09-22 18:00:00,4675.7281275407495,32744.000000000004,142.79648569327966
2023-09-22 19:00:00,4508.325349365286,31931.500000000044,141.18739643816545
2023-09-22 20:00:00,3743.7145502611306,29383.000000000025,127.41090257159335
2023-09-22 21:00:00,2541.2887612157747,26789.000000000033,94.86314387307371
2023-09-22 22:00:00,1919.907962815625,24463.500000000022,78.48051026286603
2023-09-22 23:00:00,1097.3095511696397,22892.000000000044,47.93419321901265
2023-09-23 00:00:00,1026.655999999997,22240.92763110827,46.16066456526834
2023-09-23 01:00:00,1084.531999999997,23465.14610125284,46.21884710711825
2023-09-23 02:00:00,1077.005999999997,23194.146655146455,46.43438777951438
2023-09-23 03:00:00,1081.669999999997,22874.340310552077,47.28748393679427
2023-09-23 04:00:00,1538.4399999999914,21428.500000000025,71.79410598035278
2023-09-23 05:00:00,1730.5890170957537,22780.999999999978,75.96633234255545
2023-09-23 06:00:00,2790.5008225325128,24372.500000000022,114.49382798369105
2023-09-23 07:00:00,4980.3526181475945,27477.500000000033,181.25202868338053
2023-09-23 08:00:00,5672.5870648974005,29160.000000000036,194.53316409113148
2023-09-23 09:00:00,5766.2706745739615,29705.500000000044,194.1145806188737
2023-09-23 10:00:00,5455.17544950821,29887.50000000008,182.523645320224
2023-09-23 11:00:00,5323.846027796299,29824.499999999996,178.505793149803
2023-09-23 12:00:00,4909.087603948739,29096.500000000025,168.71746099870208
2023-09-23 13:00:00,4781.420171017958,28163.000000000033,169.77666338877083
2023-09-23 14:00:00,4705.993725011939,28045.00000000004,167.80152344488974
2023-09-23 15:00:00,4794.706579106727,28476.000000000033,168.3771098155191
2023-09-23 16:00:00,5847.59646753679,29864.00000000004,195.8075431133399
2023-09-23 17:00:00,5844.628584940383,29681.000000000015,196.91481368351404
2023-09-23 18:00:00,6020.196074462073,30589.500000000033,196.8059652646191
2023-09-23 19:00:00,5380.82158573812,30441.000000000055,176.7623135159197
2023-09-23 20:00:00,4047.1034203423073,29627.500000000044,136.599558529822
2023-09-23 21:00:00,2323.6440349429145,27681.500000000025,83.94212867593563
2023-09-23 22:00:00,548.9137405748202,24781.00000000002,22.15058878071183
2023-09-23 23:00:00,55.04200000000001,24820.500000000033,2.2176023851251965
2023-09-24 00:00:00,49.00000000000001,25129.0,1.9499383182776875
2023-09-24 01:00:00,35.07,25331.99999999998,1.3844149692089067
2023-09-24 02:00:00,19.46,24841.999999999996,0.7833507769100718
2023-09-24 03:00:00,14.490000000000002,24571.500000000007,0.589707588059337
2023-09-24 04:00:00,24.430000000000003,24499.000000000007,0.9971835585125921
2023-09-24 05:00:00,32.410000000000004,26122.442523822676,1.2406956191192042
2023-09-24 06:00:00,47.39000000000001,27370.036052340012,1.7314555198018593
2023-09-24 07:00:00,56.84400000000001,27212.755621482156,2.0888733500816987
2023-09-24 08:00:00,196.756,28893.0,6.8098155262520335
2023-09-24 09:00:00,546.904,31020.50000000001,17.630405699456805
2023-09-24 10:00:00,502.08599999999996,31760.000000000015,15.808753148614601
2023-09-24 11:00:00,696.762,33560.50000000001,20.761371254897863
2023-09-24 12:00:00,378.46999999999997,33179.50000000009,11.406742114860048
2023-09-24 13:00:00,293.534,32757.500000000055,8.960818133251912
2023-09-24 14:00:00,182.034,32163.00000000003,5.659733233840122
2023-09-24 15:00:00,109.78399999999999,32317.999999999975,3.396992388142833
2023-09-24 16:00:00,156.308,32701.000000000025,4.779914987309252
2023-09-24 17:00:00,106.24000000000001,31891.00000000008,3.3313474020883556
2023-09-24 18:00:00,104.474,32066.499999999967,3.2580418817145653
2023-09-24 19:00:00,86.56,30798.50000000001,2.810526486679545
2023-09-24 20:00:00,49.00000000000001,30339.035210879472,1.61508102216872
2023-09-24 21:00:00,75.56400000000001,32401.49999999998,2.332114253969725
2023-09-24 22:00:00,54.02600000000001,31090.49999999999,1.7377012270629302
2023-09-24 23:00:00,22.89,29890.500000000004,0.7657951523059165
2023-09-25 00:00:00,7.5600000000000005,29604.999999999993,0.2553622698868435
2023-09-25 01:00:00,2.66,29119.999999999996,0.09134615384615387
2023-09-25 02:00:00,16.17,28707.37018586688,0.5632699859062941
2023-09-25 03:00:00,31.85,30913.309999999998,1.0303005404468173
2023-09-25 04:00:00,61.34,31747.809999999994,1.9321017733191679
2023-09-25 05:00:00,131.37,31159.042170018143,4.216111627667646
2023-09-25 06:00:00,62.67000000000001,29839.164644904213,2.1002598680557396
2023-09-25 07:00:00,614.8592957640833,31534.499999999945,19.497987783668183
2023-09-25 08:00:00,693.6623638736103,33442.99999999997,20.741630950381573
2023-09-25 09:00:00,858.1160199821165,34251.50478943768,25.053381603448223
2023-09-25 10:00:00,1145.6240000000007,34770.00000000009,32.948633879781354
2023-09-25 11:00:00,1013.8790035170632,34827.00000000001,29.111867330435093
2023-09-25 12:00:00,991.9820000000007,34929.5160679363,28.39953459620343
2023-09-25 13:00:00,872.0700000000006,34629.10914595096,25.18314855644989
2023-09-25 14:00:00,901.2214515321746,33594.53261875389,26.826432198347497
2023-09-25 15:00:00,1445.1239999999914,34648.50000000004,41.70812589289551
2023-09-25 16:00:00,1566.4913299599202,35419.999999999985,44.22618097007118
2023-09-25 17:00:00,3038.0499307702785,35269.00000000003,86.13938390003334
2023-09-25 18:00:00,5000.318494777472,35423.499999999985,141.15822814734494
2023-09-25 19:00:00,4542.3466609740335,34140.500000000044,133.04862731869855
2023-09-25 20:00:00,4164.503350811463,32885.50000000003,126.63646138302472
2023-09-25 21:00:00,2908.8215117540517,30666.00000000003,94.85493744714175
2023-09-25 22:00:00,1605.3286006708122,26536.00000000002,60.496254170591314
2023-09-25 23:00:00,1504.4072611995575,25305.500000000044,59.4498137242716
2023-09-26 00:00:00,1207.455999999997,24996.0447794248,48.30588241680141
2023-09-26 01:00:00,1207.455999999997,25005.16905718469,48.2882558097747
2023-09-26 02:00:00,1207.455999999997,25085.477231540473,48.13366669707357
2023-09-26 03:00:00,1207.455999999997,25306.50731050398,47.71326146215435
2023-09-26 04:00:00,1675.9559999999915,26525.99999999996,63.18163311467971
2023-09-26 05:00:00,1900.3546318892243,28865.00000000007,65.83594775296102
2023-09-26 06:00:00,2686.3694487368602,30927.50000000002,86.86021982820658
2023-09-26 07:00:00,2936.6300625323875,33033.999999999985,88.89719872048158
2023-09-26 08:00:00,2522.0580999972544,34469.0,73.1688792827542
2023-09-26 09:00:00,2032.1999306745488,35418.50000000007,57.37679265566144
2023-09-26 10:00:00,2032.9887140939152,36489.000000000095,55.715111789687576
2023-09-26 11:00:00,1316.966986529309,37395.49999999993,35.217258400858704
2023-09-26 12:00:00,1083.7479999999969,37670.51736504529,28.76912970156373
2023-09-26 13:00:00,1445.1239999999914,36643.500000000015,39.43738998730991
2023-09-26 14:00:00,1632.6275773880116,35823.00000000004,45.57484234676073
2023-09-26 15:00:00,2245.1345055543493,35455.99999999996,63.32170875322517
2023-09-26 16:00:00,3331.792800835765,36015.0,92.51125366752089
2023-09-26 17:00:00,4490.151272322192,36798.0000000001,122.02161183548507
2023-09-26 18:00:00,5486.621133202712,36472.000000000065,150.4337884734235
2023-09-26 19:00:00,4767.107187325895,33762.500000000015,141.1953258001005
2023-09-26 20:00:00,4698.308429430984,32220.500000000025,145.81736563464193
2023-09-26 21:00:00,3869.8164969853665,29498.500000000025,131.18689075666094
2023-09-26 22:00:00,3209.4373797752605,26976.000000000033,118.97380559665096
2023-09-26 23:00:00,3173.686482724665,25170.50000000002,126.08754227070033
2023-09-27 00:00:00,2867.3413492025265,23914.500000000044,119.8996988940819
2023-09-27 01:00:00,3116.6519403721136,22972.00000000003,135.67177173829486
2023-09-27 02:00:00,3863.961175522302,22387.50000000003,172.59458070451353
2023-09-27 03:00:00,4112.764125625983,22288.500000000025,184.52404269582874
2023-09-27 04:00:00,5402.031254650002,24510.000000000025,220.401111980824
2023-09-27 05:00:00,5991.975990565004,26764.000000000033,223.8819305994992
2023-09-27 06:00:00,6847.799295670613,30391.50000000003,225.31955631247575
2023-09-27 07:00:00,6825.098903779484,32447.50000000002,210.34282776113662
2023-09-27 08:00:00,7093.527005945155,33925.00000000003,209.09438484731464
2023-09-27 09:00:00,6372.643093770346,34180.50000000001,186.44089740554833
2023-09-27 10:00:00,5391.903559861899,34728.50000000007,155.25875174170747
2023-09-27 11:00:00,4486.664853100502,34689.00000000004,129.33969999424883
2023-09-27 12:00:00,3207.5405886091057,34235.50000000007,93.69048469013448
2023-09-27 13:00:00,2199.5682236884563,34445.00000000003,63.85740234253025
2023-09-27 14:00:00,1005.2799999999968,35235.43724548875,28.530368248196055
2023-09-27 15:00:00,976.5539999999969,36286.5978021745,26.912250228691214
2023-09-27 16:00:00,1479.0159999999914,37555.000000000015,39.38266542404449
2023-09-27 17:00:00,1445.1239999999914,38302.500000000044,37.729234384178305
2023-09-27 18:00:00,1643.929414524557,38689.500000000044,42.49032462359439
2023-09-27 19:00:00,613.6873137548204,35169.50000000005,17.44941821051819
2023-09-27 20:00:00,75.56400000000001,33306.81413931341,2.268724942708006
2023-09-27 21:00:00,125.94400000000002,33233.31809650348,3.7896908047003217
2023-09-27 22:00:00,39.09,31606.002227765166,1.2367903956439106
2023-09-27 23:00:00,19.040000000000003,30805.33952239446,0.618074668067156
2023-09-28 00:00:00,3.08,30474.565891956438,0.10106788759254963
2023-09-28 01:00:00,0.0,30181.94795809128,0.0
2023-09-28 02:00:00,0.0,29949.69447917284,0.0
2023-09-28 03:00:00,5.95,29526.681869472122,0.20151265307436234
2023-09-28 04:00:00,21.630000000000003,30081.562138963025,0.7190451047747893
2023-09-28 05:00:00,37.59,31083.963405943483,1.2093052455727868
2023-09-28 06:00:00,1017.4274112441007,33757.42882830143,30.139363291528692
2023-09-28 07:00:00,872.4140000000006,32924.12025175135,26.49771636505895
2023-09-28 08:00:00,1262.0248369025571,33793.00000000001,37.34574725246521
2023-09-28 09:00:00,1161.9091656999742,34132.53420488886,34.04110455805394
2023-09-28 10:00:00,1209.268868046563,34080.22313684206,35.483009110327565
2023-09-28 11:00:00,1162.443999999998,34087.50000000002,34.10176751008426
2023-09-28 12:00:00,1117.831999999998,34173.76736438916,32.71023613173059
2023-09-28 13:00:00,956.049999999998,33225.52657265269,28.77456277207371
2023-09-28 14:00:00,976.6239999999968,33652.106736669455,29.021184546993187
2023-09-28 15:00:00,1151.1371259753867,34903.0,32.981036758312655
2023-09-28 16:00:00,1473.8859999999916,36951.0,39.887580850315054
2023-09-28 17:00:00,1453.7099999999914,35716.500000000044,40.701356515895725
2023-09-28 18:00:00,2798.7710976932067,36539.49999999999,76.59576889922432
2023-09-28 19:00:00,1588.5016030347363,34651.000000000065,45.84287908097121
2023-09-28 20:00:00,976.6239999999968,33308.50000000002,29.32056382004582
2023-09-28 21:00:00,805.0300000000007,30991.002859425087,25.97624877296193
2023-09-28 22:00:00,818.8100000000006,28313.437285854423,28.919484121028407
2023-09-28 23:00:00,829.6220000000006,27060.933156998068,30.657553277517223
2023-09-29 00:00:00,829.5160000000006,25904.22683557461,32.02241878382626
2023-09-29 01:00:00,808.2060000000007,24732.838117535954,32.67744672727108
2023-09-29 02:00:00,817.5940000000006,25309.391149409326,32.30397741192134
2023-09-29 03:00:00,801.0220000000006,26097.04767217048,30.693970063678854
2023-09-29 04:00:00,821.7560000000007,27169.11639982911,30.24595971053256
2023-09-29 05:00:00,845.3100000000006,28181.938926555962,29.994742455546994
2023-09-29 06:00:00,949.3489445899174,29613.499999999993,32.05797844192405
2023-09-29 07:00:00,1203.9846576007405,32584.499999999956,36.949612779104854
2023-09-29 08:00:00,951.6059999999982,34300.5,27.743210740368163
2023-09-29 09:00:00,819.4169919849687,34729.00000000004,23.594603702524342
2023-09-29 10:00:00,890.7017345264917,34770.99999999999,25.616224282490922
2023-09-29 11:00:00,807.0270000000007,35348.915147746324,22.83031874180311
2023-09-29 12:00:00,804.8540000000007,36526.85697198102,22.03458131142757
2023-09-29 13:00:00,811.2140000000006,36832.50035424924,22.024407580204194
2023-09-29 14:00:00,877.2966717908548,36568.660152117576,23.990396917510616
2023-09-29 15:00:00,887.139999999998,35108.22741029218,25.268720907849872
2023-09-29 16:00:00,976.5539999999969,33976.49999999999,28.742042293938372
2023-09-29 17:00:00,976.5539999999969,33220.99999999996,29.39568345323735
2023-09-29 18:00:00,1022.0279999999968,33536.00000000003,30.475548664122016
2023-09-29 19:00:00,1028.599999999997,31233.500000000025,32.9325884066786
2023-09-29 20:00:00,1002.6299999999969,29327.000000000022,34.187949670951554
2023-09-29 21:00:00,1454.1339999999914,26559.500000000025,54.75005177055253
2023-09-29 22:00:00,1480.9519999999914,24168.50000000002,61.27612388025696
2023-09-29 23:00:00,1475.0519999999915,22695.500000000036,64.99314842149278
2023-09-30 00:00:00,1502.0819999999915,22043.000000000036,68.14326543573873
2023-09-30 01:00:00,1539.6759999999913,21566.499999999993,71.39202003106632
2023-09-30 02:00:00,1564.6219999999914,20789.49999999998,75.26020346809653
2023-09-30 03:00:00,1566.4939999999913,20356.49999999999,76.95301255127316
2023-09-30 04:00:00,1548.8979999999915,20132.499999999975,76.93520427169966
2023-09-30 05:00:00,3255.006082525554,21556.999999999993,150.99531857519855
2023-09-30 06:00:00,4475.633844126518,23255.000000000036,192.45899136213765
2023-09-30 07:00:00,5801.638203166161,26128.500000000036,222.0425283949003
2023-09-30 08:00:00,6188.07898703077,28103.000000000044,220.19282592715228
2023-09-30 09:00:00,6276.1812205504175,28863.00000000004,217.4472930932477
2023-09-30 10:00:00,5871.602903884551,29053.50000000004,202.09623294558463
2023-09-30 11:00:00,5635.849495129488,28907.50000000003,194.9614977126864
2023-09-30 12:00:00,5567.645271940237,28791.50000000003,193.37808978136712
2023-09-30 13:00:00,5410.937270431801,28644.50000000002,188.89969349898925
2023-09-30 14:00:00,4916.390032933763,28206.500000000033,174.2998965817722
2023-09-30 15:00:00,5484.048614318911,29155.500000000065,188.09653802263375
2023-09-30 16:00:00,5922.4311119900585,30868.00000000011,191.86313049080076
2023-09-30 17:00:00,5927.5991693759715,31610.99999999999,187.5169772982814
2023-09-30 18:00:00,5865.656997873376,31693.00000000004,185.07736717487674
2023-09-30 19:00:00,4832.621750135908,31081.50000000005,155.48225633048276
2023-09-30 20:00:00,3704.041862763924,30230.00000000004,122.52867557935558
2023-09-30 21:00:00,1945.295690315569,28218.50000000005,68.93689212096905
2023-09-30 22:00:00,893.163999999998,26839.670853862717,33.277755336983034
2023-09-30 23:00:00,700.7518711976825,27539.99999999999,25.444875497374102
2023-10-01 00:00:00,322.0519974452843,26832.999999999996,12.00208688723901
2023-10-01 01:00:00,641.6916959798822,27911.994259738494,22.989819000697022
2023-10-01 02:00:00,788.0500000000006,27599.537243151084,28.55301496750848
2023-10-01 03:00:00,790.0100000000007,26807.17059751038,29.47010006618789
2023-10-01 04:00:00,823.9494973018634,26031.02802105263,31.652591539431064
2023-10-01 05:00:00,893.093999999998,25966.039777804308,34.39469428693597
2023-10-01 06:00:00,936.015999999998,26294.010749433037,35.598068659806145
2023-10-01 07:00:00,1026.295999999998,26917.570214047093,38.1273640911474
2023-10-01 08:00:00,1337.5759999999982,29474.662217115656,45.380537023534764
2023-10-01 09:00:00,1586.5000950712817,31444.846540000657,50.453421455026394
2023-10-01 10:00:00,1608.493999999997,30756.50000000003,52.29769317054917
2023-10-01 11:00:00,2077.487999999991,31184.000000000073,66.62031811185179
2023-10-01 12:00:00,2077.3819999999914,31250.500000000055,66.47516039743324
2023-10-01 13:00:00,2077.487999999991,30516.00000000005,68.07864726700707
2023-10-01 14:00:00,2077.487999999991,30999.500000000036,67.01682285198112
2023-10-01 15:00:00,2227.6341438061236,31585.00000000002,70.52822997644839
2023-10-01 16:00:00,4228.707594159885,32153.500000000015,131.5162453281877
2023-10-01 17:00:00,5353.81066958796,32132.00000000009,166.61927889916421
2023-10-01 18:00:00,5320.948980539558,31763.500000000055,167.5177162636217
2023-10-01 19:00:00,5648.284530742577,29827.50000000004,189.36499977344965
2023-10-01 20:00:00,5436.838475812424,27905.50000000003,194.83035515623868
2023-10-01 21:00:00,4689.54259115479,26091.000000000022,179.73793994690837
2023-10-01 22:00:00,3706.5302443806017,24051.000000000036,154.1112737258574
2023-10-01 23:00:00,3397.239856265428,22850.000000000025,148.675704869384
2023-10-02 00:00:00,3414.2218557811884,22659.000000000044,150.6783995666703
2023-10-02 01:00:00,2975.335086216569,21951.000000000025,135.54439826051504
2023-10-02 02:00:00,2844.4674905201655,21795.00000000004,130.51009362331544
2023-10-02 03:00:00,3321.145168455083,22494.000000000033,147.64582415111045
2023-10-02 04:00:00,3891.121213974478,23552.000000000033,165.21404610964981
2023-10-02 05:00:00,5181.842284942733,26452.000000000025,195.89604887882686
2023-10-02 06:00:00,6349.807960814571,29341.50000000002,216.41047529317063
2023-10-02 07:00:00,6944.391618729395,31937.500000000025,217.4369195688263
2023-10-02 08:00:00,7299.4063653532785,33680.50000000003,216.72500008471584
2023-10-02 09:00:00,7252.348511729178,34562.00000000005,209.83590393290805
2023-10-02 10:00:00,6871.92999271707,34567.50000000006,198.7974251165707
2023-10-02 11:00:00,6980.833782980538,34815.500000000015,200.5093645927973
2023-10-02 12:00:00,6810.483208581537,34319.00000000005,198.44643516948415
2023-10-02 13:00:00,6558.866918809573,33344.00000000006,196.70306258425987
2023-10-02 14:00:00,6741.553334106616,33331.00000000001,202.26075827627776
2023-10-02 15:00:00,7447.292016242652,34067.500000000044,218.6040072280808
2023-10-02 16:00:00,7974.380049399269,34768.000000000015,229.3597575183866
2023-10-02 17:00:00,8364.224457135313,34684.000000000044,241.1551279303224
2023-10-02 18:00:00,8129.089058682824,34944.00000000003,232.6318984284231
2023-10-02 19:00:00,7269.235359459794,32534.50000000001,223.43159905515046
2023-10-02 20:00:00,6292.182997994785,30931.000000000007,203.42643296352475
2023-10-02 21:00:00,4836.4032578774495,28237.500000000033,171.27590112005115
2023-10-02 22:00:00,1796.3891149727763,24306.50000000003,73.90570896561718
2023-10-02 23:00:00,255.108,23422.451719924582,10.89160106083128
2023-10-03 00:00:00,146.94400000000002,23668.89725311502,6.208316273824755
2023-10-03 01:00:00,101.682,22720.31439084968,4.475378212237731
2023-10-03 02:00:00,737.6008626608973,24198.079802838645,30.48179312865851
2023-10-03 03:00:00,800.7840000000006,23546.16776612034,34.009101096791525
2023-10-03 04:00:00,798.7540000000006,24002.814865002096,33.277513678807885
2023-10-03 05:00:00,1189.8520000000005,26287.16876220393,45.263604109042994
2023-10-03 06:00:00,1383.2100000000007,29936.99999999997,46.204028459765574
2023-10-03 07:00:00,1118.3240000000008,31625.500000000015,35.36146464087525
2023-10-03 08:00:00,1298.4440000000006,33741.50000000011,38.482106604626246
2023-10-03 09:00:00,1056.7040000000006,34706.68465568757,30.446699547455417
2023-10-03 10:00:00,933.7500000000007,35588.49999999994,26.23740815150968
2023-10-03 11:00:00,933.0616811273044,35889.50000000003,25.998180000482137
2023-10-03 12:00:00,540.4607891605907,35465.00000000001,15.239272216568184
2023-10-03 13:00:00,97.838,35844.22116379743,2.7295334317046374
2023-10-03 14:00:00,494.55355442409063,37483.00620869353,13.19407391367098
2023-10-03 15:00:00,879.5200000000007,38657.43470638993,22.751639023129986
2023-10-03 16:00:00,961.4720000000007,36778.83550644605,26.141991358902274
2023-10-03 17:00:00,1039.5480000000007,35024.93413716763,29.680227118453224
2023-10-03 18:00:00,1281.1100000000006,34383.99999999995,37.258899488134084
2023-10-03 19:00:00,1141.5960000000007,32529.500000000007,35.09417605558033
2023-10-03 20:00:00,1320.4460000000004,31673.28542659805,41.68958105278017
2023-10-03 21:00:00,845.1920000000006,29826.39003949895,28.33705315597083
2023-10-03 22:00:00,797.0800000000006,28441.931250039856,28.024819868688898
2023-10-03 23:00:00,800.3660000000006,28902.999901242634,27.691450809076404
2023-10-04 00:00:00,797.0800000000006,28388.240156974884,28.077823619656854
2023-10-04 01:00:00,797.9260000000007,27838.6703826078,28.662503957031824
2023-10-04 02:00:00,797.0100000000007,26941.53590543242,29.58294593142678
2023-10-04 03:00:00,797.0100000000007,26608.858117369455,29.95280731267971
2023-10-04 04:00:00,797.0100000000007,28026.916217434205,28.437306260052214
2023-10-04 05:00:00,829.9860000000007,29443.20089581563,28.18939431676926
2023-10-04 06:00:00,821.4536273679267,31833.999999999996,25.80428558672887
2023-10-04 07:00:00,1051.791999999998,32411.0000000001,32.45169849742356
2023-10-04 08:00:00,1400.911999999998,34092.49999999999,41.091501063283665
2023-10-04 09:00:00,1237.6844885238777,34215.49999999997,36.173210636228575
2023-10-04 10:00:00,1422.8199999999981,34874.99999999994,40.79770609318998
2023-10-04 11:00:00,1304.0700000000006,35814.38572539494,36.41190470217454
2023-10-04 12:00:00,1250.6140000000007,36737.63566415176,34.04176609057991
2023-10-04 13:00:00,1109.3260000000007,35264.8632911663,31.45697718550017
2023-10-04 14:00:00,922.0454346405021,33727.53261875392,27.338063684142917
2023-10-04 15:00:00,976.6239999999968,34637.00000000011,28.195975402026555
2023-10-04 16:00:00,1445.1239999999914,37037.99999999997,39.01733354932752
2023-10-04 17:00:00,2258.8585077340895,37938.000000000015,59.54079044056325
2023-10-04 18:00:00,3334.000208572381,36784.49999999999,90.63600724686705
2023-10-04 19:00:00,2767.1161348455557,34828.50000000003,79.4497648433195
2023-10-04 20:00:00,2125.4846584271636,32638.500000000022,65.1220080097787
2023-10-04 21:00:00,976.6239999999968,28718.50000000001,34.006790048226634
2023-10-04 22:00:00,1069.5279999999968,26986.43456262115,39.632060230787125
2023-10-04 23:00:00,1071.4239999999968,26549.25335004572,40.35608782942107
2023-10-05 00:00:00,1025.919999999997,25454.755812832358,40.30366692745117
2023-10-05 01:00:00,1170.015999999997,24531.835764399384,47.693780899101114
2023-10-05 02:00:00,1164.3279999999968,23652.741480606295,49.225921695151904
2023-10-05 03:00:00,1071.2537146608806,22586.500000000025,47.42893828883977
2023-10-05 04:00:00,1471.6879999999915,24329.000000000084,60.49110115499964
2023-10-05 05:00:00,2835.6009093666457,29418.50000000003,96.38835798448741
2023-10-05 06:00:00,6123.848210933784,32012.000000000073,191.29851964681274
2023-10-05 07:00:00,6396.426759346497,32090.500000000015,199.32462128500632
2023-10-05 08:00:00,6600.796554535344,33123.500000000044,199.27835387369498
2023-10-05 09:00:00,6409.050662505842,33690.000000000015,190.2359947315476
2023-10-05 10:00:00,5562.878429816744,34130.50000000008,162.9884833159998
2023-10-05 11:00:00,4590.504666851832,34518.50000000007,132.98679452617645
2023-10-05 12:00:00,4108.688941401056,35176.50000000005,116.80209632570181
2023-10-05 13:00:00,3317.2955761081143,34974.5,94.84897785838581
2023-10-05 14:00:00,2866.2787046298713,35802.000000000095,80.05917838751644
2023-10-05 15:00:00,2970.4432422480263,37188.999999999985,79.87424351953608
2023-10-05 16:00:00,3000.1871642811884,37909.00000000013,79.14181762328677
2023-10-05 17:00:00,3120.196961711267,37700.0000000001,82.76384513822967
2023-10-05 18:00:00,2852.1142808506943,37476.0000000001,76.10508807905556
2023-10-05 19:00:00,1755.2781293463668,35335.50000000005,49.674636819809095
2023-10-05 20:00:00,832.9367064095479,33203.500000000015,25.085810423887466
2023-10-05 21:00:00,48.93000000000001,30777.01100687878,1.5898230009751098
2023-10-05 22:00:00,48.93000000000001,30646.999999999993,1.5965673638529063
2023-10-05 23:00:00,49.00000000000001,30093.99999999998,1.6282315411709989
2023-10-06 00:00:00,48.93000000000001,29519.49999999999,1.6575484002100316
2023-10-06 01:00:00,48.93000000000001,28995.499999999985,1.6875032332603346
2023-10-06 02:00:00,45.150000000000006,29195.881989430578,1.546450969227273
2023-10-06 03:00:00,46.900000000000006,30759.809999999987,1.5247168301754797
2023-10-06 04:00:00,48.790000000000006,31142.096447297896,1.56668964411461
2023-10-06 05:00:00,48.93000000000001,30651.050946909752,1.5963563560920297
2023-10-06 06:00:00,272.658,30771.198261902322,8.860818408153335
2023-10-06 07:00:00,669.889978690024,32185.00000000004,20.813732443374963
2023-10-06 08:00:00,853.216378572703,33784.99999999999,25.254295651108574
2023-10-06 09:00:00,711.368018975746,34459.000000000065,20.643896194774797
2023-10-06 10:00:00,866.0627472733738,34868.499999999956,24.837969722625722
2023-10-06 11:00:00,600.204,35808.562968031896,16.761465701257887
2023-10-06 12:00:00,867.294198493908,34956.0,24.811025245849297
2023-10-06 13:00:00,687.4949293684484,32845.05101408425,20.931461761884442
2023-10-06 14:00:00,1277.200852870939,32798.02802105267,38.94139159985834
2023-10-06 15:00:00,1212.0572493242091,33987.52802105268,35.66182420131973
2023-10-06 16:00:00,1824.3239999999914,34542.49999999999,52.81389592530916
2023-10-06 17:00:00,1915.1772465593951,33623.500000000015,56.95948507916768
2023-10-06 18:00:00,2835.690191425919,33122.50000000002,85.61220292628627
2023-10-06 19:00:00,2464.362306917775,31645.500000000036,77.8740202214461
2023-10-06 20:00:00,1328.1595623182934,29257.00000000003,45.3963004517993
2023-10-06 21:00:00,1461.2656435598838,26681.500000000025,54.76699749114114
2023-10-06 22:00:00,1164.2721631459885,26098.999999999996,44.60983804536529
2023-10-06 23:00:00,330.71175761126466,24850.999999999996,13.307784701270158
2023-10-07 00:00:00,522.4985744338796,25700.81387686957,20.330040011072263
2023-10-07 01:00:00,894.7240000000006,26634.657932633305,33.592471968778966
2023-10-07 02:00:00,797.0800000000006,25796.826969125737,30.898373701306955
2023-10-07 03:00:00,797.0800000000006,25435.838311936346,31.336887356527683
2023-10-07 04:00:00,868.1800000000006,25759.646594895872,33.70310212920489
2023-10-07 05:00:00,856.4800000000006,26268.038939128954,32.605403166362194
2023-10-07 06:00:00,973.6340000000006,27410.023150359375,35.521093676538364
2023-10-07 07:00:00,1364.0280000000005,30346.501132390513,44.948443777727555
2023-10-07 08:00:00,1723.3000000000006,32739.506091874242,52.63671343006954
2023-10-07 09:00:00,1609.3660000000007,33162.19394016148,48.53014257452244
2023-10-07 10:00:00,1493.5920000000003,30593.000000000004,48.82136436439709
2023-10-07 11:00:00,1504.7500000000005,30512.99999999999,49.31504604594766
2023-10-07 12:00:00,1511.4460000000006,32159.479649490622,46.998459442546995
2023-10-07 13:00:00,1652.0660000000007,32489.72814131297,50.84887115134961
2023-10-07 14:00:00,1341.0840000000005,31247.037529391768,42.91875665776451
2023-10-07 15:00:00,1188.546909600033,29498.032618753754,40.29241288601732
2023-10-07 16:00:00,1339.1339999999966,30339.00000000006,44.13902897260932
2023-10-07 17:00:00,1688.3819999999969,30369.000000000044,55.595574434456005
2023-10-07 18:00:00,1671.9359999999967,30144.500000000015,55.464048167990704
2023-10-07 19:00:00,1724.8479999999968,29018.500000000036,59.43959887657855
2023-10-07 20:00:00,1728.3259999999968,26952.000000000044,64.12607598693953
2023-10-07 21:00:00,1700.771999999997,24951.00000000001,68.16448238547538
2023-10-07 22:00:00,1506.5599999999968,22799.500000000004,66.07864207548396
2023-10-07 23:00:00,1395.6414903869393,21274.499999999975,65.60161180694921
2023-10-08 00:00:00,1810.5819999999912,21088.000000000004,85.85840288315586
2023-10-08 01:00:00,1767.6279999999915,20179.49999999999,87.59523278574754
2023-10-08 02:00:00,1354.253903637999,19884.499999999978,68.10600737448769
2023-10-08 03:00:00,1514.3480756193749,19754.999999999985,76.65644523509876
2023-10-08 04:00:00,1550.909422396573,19089.49999999999,81.244109190737
2023-10-08 05:00:00,1517.9099999999914,20472.5,74.14385150812024
2023-10-08 06:00:00,1455.7239999999913,22866.0,63.663255488497825
2023-10-08 07:00:00,2960.6420851215503,24415.000000000022,121.26324329803595
2023-10-08 08:00:00,3871.344753593168,27220.00000000004,142.22427456257026
2023-10-08 09:00:00,3988.481478919375,28452.50000000004,140.18035247937334
2023-10-08 10:00:00,4484.671798046421,30315.000000000065,147.93573472031704
2023-10-08 11:00:00,4481.00319920773,30880.000000000004,145.1102072282296
2023-10-08 12:00:00,4475.2373641677605,30502.500000000015,146.717067917966
2023-10-08 13:00:00,4113.296874499038,29797.000000000036,138.0439935060252
2023-10-08 14:00:00,4585.718016356776,29928.000000000007,153.2250072292427
2023-10-08 15:00:00,5075.042915315448,30625.500000000073,165.7129815126426
2023-10-08 16:00:00,5954.619232369481,31302.500000000055,190.2282320060529
2023-10-08 17:00:00,6182.315883213687,31219.500000000007,198.02738298863486
2023-10-08 18:00:00,6476.934423156187,31164.00000000002,207.8338603246112
2023-10-08 19:00:00,5647.60752610326,29848.00000000003,189.21225965234706
2023-10-08 20:00:00,4232.228738476374,28404.50000000004,148.99852975677686
2023-10-08 21:00:00,2438.2801982218684,24660.500000000022,98.87391570413682
2023-10-08 22:00:00,1922.0645416660357,23096.00000000002,83.22066772021277
2023-10-08 23:00:00,1005.4497501679994,21953.00000000002,45.80010705452551
2023-10-09 00:00:00,976.6239999999968,21328.145237896817,45.79038585430706
2023-10-09 01:00:00,1088.2239999999967,22111.197076018358,49.21596945921469
2023-10-09 02:00:00,1007.2239999999969,20895.181919427047,48.203648280446046
2023-10-09 03:00:00,1445.1239999999914,21041.000000000044,68.68133643838166
2023-10-09 04:00:00,3034.15864321177,23079.500000000022,131.46552755526625
2023-10-09 05:00:00,4953.076071206023,26492.00000000004,186.96497324498017
2023-10-09 06:00:00,6274.714158377869,30281.500000000022,207.21279191512522
2023-10-09 07:00:00,7154.073251416576,32168.50000000003,222.39374703254953
2023-10-09 08:00:00,7889.0839366124255,33097.00000000002,238.36250828209265
2023-10-09 09:00:00,8187.3361159729,33757.50000000002,242.53384036059825
2023-10-09 10:00:00,9080.002221048295,34883.000000000044,260.29877651143204
2023-10-09 11:00:00,8966.978003258162,35566.00000000002,252.12219544672314
2023-10-09 12:00:00,8530.433981948692,35142.50000000002,242.73839316920214
2023-10-09 13:00:00,8535.506078098217,34637.00000000006,246.42740647568215
2023-10-09 14:00:00,8420.927977445781,34073.50000000003,247.14009354618028
2023-10-09 15:00:00,8641.071299009813,34842.00000000003,248.00732733510722
2023-10-09 16:00:00,8895.213982555022,33990.000000000044,261.70091151971195
2023-10-09 17:00:00,9616.203207960203,33946.00000000004,283.279420490196
2023-10-09 18:00:00,10015.704489895896,34281.00000000003,292.1648869605871
2023-10-09 19:00:00,9069.29863581564,32653.000000000036,277.7477914989627
2023-10-09 20:00:00,8468.840751997852,31615.500000000033,267.86989773996436
2023-10-09 21:00:00,6996.973631895101,29227.000000000025,239.4010206964483
2023-10-09 22:00:00,4789.54874569724,26070.00000000003,183.71878579582793
2023-10-09 23:00:00,3738.1756988341003,25281.00000000002,147.8650250715596
2023-10-10 00:00:00,3322.001821656737,25448.000000000025,130.5407820518993
2023-10-10 01:00:00,2839.848455066978,25352.000000000033,112.01674246871941
2023-10-10 02:00:00,2546.694237438494,25125.00000000002,101.36096467416884
2023-10-10 03:00:00,2409.925664804849,25069.500000000036,96.12978578770401
2023-10-10 04:00:00,2785.0362021058104,26089.00000000003,106.75135889094283
2023-10-10 05:00:00,3704.607257542161,29063.500000000033,127.4659713228674
2023-10-10 06:00:00,4581.4687708202,32199.500000000022,142.28384822187292
2023-10-10 07:00:00,4900.960600265423,32785.000000000044,149.48789386199226
2023-10-10 08:00:00,4690.40287821029,33942.00000000004,138.18875959608403
2023-10-10 09:00:00,3932.0688028977947,34955.00000000005,112.48945223566841
2023-10-10 10:00:00,2793.7161411571487,34843.500000000015,80.17897573886513
2023-10-10 11:00:00,2036.7064478630289,35139.99999999999,57.95977370128143
2023-10-10 12:00:00,1061.2032769636508,35277.28515407533,30.081772798807833
2023-10-10 13:00:00,976.4839999999969,36491.17253593219,26.75945803162315
2023-10-10 14:00:00,976.4839999999969,36805.318475313405,26.531056935561047
2023-10-10 15:00:00,976.4839999999969,36737.732569624,26.579865759254474
2023-10-10 16:00:00,976.4839999999969,36622.99999999997,26.663135188269603
2023-10-10 17:00:00,976.4839999999969,37101.00000000009,26.319614026575955
2023-10-10 18:00:00,976.4839999999969,36049.50000000005,27.087310503612965
2023-10-10 19:00:00,852.6149497565998,33339.5,25.57371735498732
2023-10-10 20:00:00,355.01587146303535,31556.499999999996,11.250166256176552
2023-10-10 21:00:00,665.2865703220115,32153.799318603527,20.690760794077928
2023-10-10 22:00:00,356.7883458306885,30048.500000000004,11.873748966859859
2023-10-10 23:00:00,70.31533490109257,28938.000000000007,2.4298615972455786
2023-10-11 00:00:00,48.86000000000001,28909.905513160666,1.6900781629243808
2023-10-11 01:00:00,76.73459195790933,28944.500000000007,2.6510940578662376
2023-10-11 02:00:00,28.42,28941.628705912135,0.9819765255365336
2023-10-11 03:00:00,98.10235028170396,29795.258326584662,3.292549076313014
2023-10-11 04:00:00,459.3494767206091,31596.810000000012,14.537843431682152
2023-10-11 05:00:00,797.0100000000007,32375.452500797062,24.61772541960236
2023-10-11 06:00:00,796.9400000000006,31682.127820702342,25.15424483197902
2023-10-11 07:00:00,1113.1242512566448,31677.500000000022,35.13927081545715
2023-10-11 08:00:00,1349.7886836048656,33248.00000000005,40.59759033941481
2023-10-11 09:00:00,1593.8437783637658,34447.00478943769,46.26944456002392
2023-10-11 10:00:00,1669.5959999999966,35034.499999999985,47.655767885940925
2023-10-11 11:00:00,1850.159999999997,35094.50000000008,52.7193719813644
2023-10-11 12:00:00,2324.135999999992,34562.50000000012,67.24444122965595
2023-10-11 13:00:00,2324.3479999999913,34175.00000000008,68.01310899780499
2023-10-11 14:00:00,2185.9279999999917,34511.000000000015,63.34003651009797
2023-10-11 15:00:00,1826.2479999999914,34700.50000000003,52.62886701920692
2023-10-11 16:00:00,2914.3330385719914,35077.50000000002,83.08268943259894
2023-10-11 17:00:00,4788.05355824572,35757.5,133.90347642440662
2023-10-11 18:00:00,4733.7167990250455,35324.00000000003,134.0085154293127
2023-10-11 19:00:00,4091.5846891162832,32934.00000000003,124.23588659489523
2023-10-11 20:00:00,4360.517186819923,29737.50000000003,146.63361704312464
2023-10-11 21:00:00,3739.5530069880824,26797.50000000003,139.54857755343141
2023-10-11 22:00:00,3274.418008764333,24365.50000000003,134.38747445216922
2023-10-11 23:00:00,3203.58949594189,23366.000000000007,137.10474603876955
2023-10-12 00:00:00,3646.7167688502045,23151.500000000015,157.51535619075233
2023-10-12 01:00:00,3738.1543759244064,22942.499999999993,162.9357906036573
2023-10-12 02:00:00,3686.943590327648,22038.499999999985,167.295577753824
2023-10-12 03:00:00,3868.4898129120534,21234.499999999975,182.17946327495625
2023-10-12 04:00:00,4983.6825853769,21716.000000000022,229.4935800965599
2023-10-12 05:00:00,7632.1083986324,27093.000000000022,281.70038012152196
2023-10-12 06:00:00,8727.39450501911,30628.000000000025,284.94823380629174
2023-10-12 07:00:00,9337.699679405774,32797.00000000004,284.71200656784964
2023-10-12 08:00:00,9461.123765088276,34479.50000000003,274.39851984768535
2023-10-12 09:00:00,9583.520702781841,35385.500000000044,270.83185776043376
2023-10-12 10:00:00,9377.337620587266,35602.00000000003,263.39356273769056
2023-10-12 11:00:00,9196.675299690754,36059.50000000006,255.04167555542202
2023-10-12 12:00:00,8961.698781359299,35470.00000000004,252.65573107863798
2023-10-12 13:00:00,8530.964255064699,35285.50000000004,241.76968599182922
2023-10-12 14:00:00,8335.191427879416,34673.50000000003,240.3908295349304
2023-10-12 15:00:00,8498.369578036021,34204.50000000003,248.4576467434406
2023-10-12 16:00:00,9301.894145535325,35665.500000000044,260.80930158094833
2023-10-12 17:00:00,9538.957404484387,36066.500000000044,264.48248109698403
2023-10-12 18:00:00,8888.076955669476,35164.50000000002,252.7570975179363
2023-10-12 19:00:00,8016.434930042871,33565.50000000002,238.82959973910312
2023-10-12 20:00:00,6681.140309024344,31234.000000000015,213.90600976577898
2023-10-12 21:00:00,5505.340473833028,29408.500000000022,187.2023555717913
2023-10-12 22:00:00,2724.3913498735396,24585.50000000003,110.81293241437173
2023-10-12 23:00:00,1144.9338799993227,23119.000000000004,49.52350361171861
2023-10-13 00:00:00,1157.2680000000005,22846.83071301648,50.65332756812841
2023-10-13 01:00:00,1065.8258022782793,23355.036634761444,45.63580091721684
2023-10-13 02:00:00,1068.3679999999981,24677.06159842857,43.29397143734615
2023-10-13 03:00:00,949.8219999999981,23611.451681185,40.227175051539604
2023-10-13 04:00:00,913.2879999999981,23971.939314665724,38.098210912842596
2023-10-13 05:00:00,1044.289999999998,25929.5295833811,40.27415910658519
2023-10-13 06:00:00,1628.3718363829441,30079.5,54.1356018678151
2023-10-13 07:00:00,1823.939999999998,32853.00000000011,55.518217514382
2023-10-13 08:00:00,1825.069999999998,34726.499999999905,52.5555411573295
2023-10-13 09:00:00,1825.069999999998,35506.50000000001,51.40101108247779
2023-10-13 10:00:00,1825.069999999998,36171.50000000006,50.45602200627552
2023-10-13 11:00:00,1446.9302584146715,36940.9999999999,39.16868136798342
2023-10-13 12:00:00,1060.038462629177,36068.5,29.389590990176387
2023-10-13 13:00:00,1197.3319351843284,35567.289406790704,33.66385111584374
2023-10-13 14:00:00,1142.9920000000006,34117.49999999995,33.501634058767564
2023-10-13 15:00:00,1238.9454807642112,34295.00000000007,36.126125696579926
2023-10-13 16:00:00,1255.2909768062182,34771.00000000004,36.10166451371018
2023-10-13 17:00:00,1305.7176766924888,34839.49999999997,37.478083115213764
2023-10-13 18:00:00,928.658,34309.499999999985,27.067080546204416
2023-10-13 19:00:00,678.846,31867.000000000007,21.30247591552389
2023-10-13 20:00:00,474.26800000000003,30234.000000000015,15.686578024740351
2023-10-13 21:00:00,214.89600000000002,28637.999999999993,7.50387596899225
2023-10-13 22:00:00,464.93799999999993,28401.66307707431,16.370097720625935
2023-10-13 23:00:00,215.98199999999997,27542.500000000007,7.8417718072070395
2023-10-14 00:00:00,181.954,27087.499999999985,6.717268112598066
2023-10-14 01:00:00,115.368,26880.499999999996,4.2918844515541
2023-10-14 02:00:00,27.11,26540.520553964536,1.021456981029349
2023-10-14 03:00:00,12.462,28365.353345634107,0.43933878940796295
2023-10-14 04:00:00,125.732,28162.558720441877,4.464509111124801
2023-10-14 05:00:00,69.05,27915.760362121615,2.473513137535479
2023-10-14 06:00:00,189.74800000000002,28767.07064224673,6.596013975831797
2023-10-14 07:00:00,530.202,29268.352481789792,18.115197988335062
2023-10-14 08:00:00,743.7551392646677,30929.50000000001,24.046788317453156
2023-10-14 09:00:00,1119.8023515714845,32212.999999999993,34.76243602183853
2023-10-14 10:00:00,1338.2448357949181,32683.49999999997,40.94557913916561
2023-10-14 11:00:00,1405.3066136645625,33115.000000000015,42.43716181985692
2023-10-14 12:00:00,1110.461795173869,32811.999999999985,33.84316089156008
2023-10-14 13:00:00,825.8663056009896,31385.000000000033,26.314045104380714
2023-10-14 14:00:00,710.302,30573.70014594842,23.23245130976167
2023-10-14 15:00:00,749.334,30656.606196309946,24.442823031408977
2023-10-14 16:00:00,900.0970359371789,31445.999999999876,28.62357806834518
2023-10-14 17:00:00,1615.8840000000002,32453.999999999927,49.78997966352387
2023-10-14 18:00:00,1699.7180000000005,32625.50000000001,52.09783758103324
2023-10-14 19:00:00,1450.5780000000004,31317.0,46.31918766165343
2023-10-14 20:00:00,1059.0222488667696,29379.49999999998,36.04629925174935
2023-10-14 21:00:00,403.70297775986694,26447.99999999999,15.264026684810462
2023-10-14 22:00:00,232.952,25142.80976453891,9.265153822567296
2023-10-14 23:00:00,385.22416821027707,24736.999999999996,15.572792505569678
2023-10-15 00:00:00,640.1813238269018,25440.999999999996,25.163371087099637
2023-10-15 01:00:00,575.2490164524911,24787.999999999993,23.206753931438246
2023-10-15 02:00:00,385.3020538150942,23868.49999999997,16.142700790376214
2023-10-15 03:00:00,372.4906820115792,23581.0,15.796220771450711
2023-10-15 04:00:00,418.3804644537133,23596.49999999999,17.730615322344985
2023-10-15 05:00:00,658.0900021911965,23790.672807737377,27.661681008750946
2023-10-15 06:00:00,1115.8920000000007,25271.210559516934,44.15665000977821
2023-10-15 07:00:00,1597.0780000000007,27161.125638339865,58.80014036478706
2023-10-15 08:00:00,1906.2041390953789,29752.03261875379,64.06971125373897
2023-10-15 09:00:00,1908.8479999999968,31484.499999999967,60.62818212136126
2023-10-15 10:00:00,1908.917999999997,32362.500000000062,58.985492468134204
2023-10-15 11:00:00,1904.011999999997,32739.000000000047,58.15730474357782
2023-10-15 12:00:00,2312.0439999999917,31871.000000000055,72.54381726334248
2023-10-15 13:00:00,1907.999999999997,31221.40111645394,61.11192745268773
2023-10-15 14:00:00,2377.3119999999913,31008.000000000015,76.66769865841042
2023-10-15 15:00:00,2202.9239999999913,31799.000000000033,69.27651812950059
2023-10-15 16:00:00,3512.7604234286996,33013.500000000015,106.40375674886631
2023-10-15 17:00:00,5775.037312327178,34100.000000000015,169.3559329128204
2023-10-15 18:00:00,6278.446227047048,33370.99999999993,188.14078772128678
2023-10-15 19:00:00,5535.941376179033,31279.500000000055,176.98305203660618
2023-10-15 20:00:00,5221.840765434402,28963.500000000025,180.29039188752733
2023-10-15 21:00:00,5117.241588741536,26735.000000000036,191.40608149397903
2023-10-15 22:00:00,4524.788127252419,24242.000000000025,186.65077663775327
2023-10-15 23:00:00,4292.564868830481,23587.50000000001,181.98473211787933
2023-10-16 00:00:00,4343.438325543123,23319.5,186.25778106490804
2023-10-16 01:00:00,4316.434490630143,23073.499999999985,187.0732437918021
2023-10-16 02:00:00,4284.064098955582,22740.49999999999,188.38917785253554
2023-10-16 03:00:00,4259.1861508906,22212.000000000004,191.7515825180353
2023-10-16 04:00:00,5580.952341497038,23217.00000000002,240.38214849020258
2023-10-16 05:00:00,7696.159326177543,28239.000000000033,272.5365390480376
2023-10-16 06:00:00,8891.135484319317,32245.999999999996,275.72832240647887
2023-10-16 07:00:00,10055.559560236185,35132.00000000005,286.2222350061531
2023-10-16 08:00:00,10496.56554728487,36765.50000000004,285.50041607716093
2023-10-16 09:00:00,10631.655950387845,37752.500000000095,281.6146202340989
2023-10-16 10:00:00,10544.189349977667,37971.000000000044,277.6905888698653
2023-10-16 11:00:00,10102.206291382801,37886.00000000004,266.6474764129967
2023-10-16 12:00:00,9767.373428869281,37567.50000000003,259.9952998966999
2023-10-16 13:00:00,9409.685978659292,36708.50000000003,256.3353440935828
2023-10-16 14:00:00,9173.89540334508,36016.000000000044,254.71722021726646
2023-10-16 15:00:00,9547.192539571022,36111.999999999985,264.37728565493535
2023-10-16 16:00:00,9952.774854609044,36705.00000000003,271.15583311835
2023-10-16 17:00:00,10397.124377698341,37609.000000000044,276.45309308139883
2023-10-16 18:00:00,10128.797492489237,37070.00000000006,273.234353722396
2023-10-16 19:00:00,9031.592282463751,34802.00000000003,259.5135992892289
2023-10-16 20:00:00,7917.660545977607,32153.000000000015,246.24951158453655
2023-10-16 21:00:00,6963.194162171278,29029.000000000156,239.87027324989631
2023-10-16 22:00:00,4766.617604349157,25263.500000000062,188.67605851719458
2023-10-16 23:00:00,4064.6004037762523,23684.000000000036,171.61798698599247
2023-10-17 00:00:00,3751.9424123854224,23784.000000000033,157.75069005993177
2023-10-17 01:00:00,3648.1346453052706,23983.00000000003,152.11335718239027
2023-10-17 02:00:00,3412.716039664864,23273.50000000003,146.63527358003137
2023-10-17 03:00:00,3539.4541182869507,23771.500000000025,148.89485805636778
2023-10-17 04:00:00,4280.230894406169,25048.000000000025,170.88114397980536
2023-10-17 05:00:00,5871.971754509313,29353.00000000003,200.04673302590217
2023-10-17 06:00:00,6748.225826387849,32753.00000000003,206.03382366158345
2023-10-17 07:00:00,7059.588460760112,34813.00000000003,202.78598399333885
2023-10-17 08:00:00,7016.608497335266,36591.00000000004,191.7577682308562
2023-10-17 09:00:00,7074.512462016512,36707.500000000015,192.72662159004315
2023-10-17 10:00:00,6481.283533296183,37881.50000000003,171.0936349747549
2023-10-17 11:00:00,5322.872387528953,37280.00000000005,142.7809116826434
2023-10-17 12:00:00,4428.019080354547,36518.500000000015,121.25413366799145
2023-10-17 13:00:00,4077.8704668255227,35563.500000000044,114.6644865332579
2023-10-17 14:00:00,3450.4857464806505,34843.000000000015,99.0295251981933
2023-10-17 15:00:00,3774.0632318258486,35984.00000000003,104.88170386354618
2023-10-17 16:00:00,4828.18128503485,37360.00000000013,129.23397443883385
2023-10-17 17:00:00,5508.67818778102,38542.500000000015,142.9247762283458
2023-10-17 18:00:00,4645.552089907156,37892.00000000003,122.59981235899801
2023-10-17 19:00:00,3253.2038097752543,35464.50000000002,91.7312752125436
2023-10-17 20:00:00,1945.1285926601427,32872.000000000044,59.172809462768925
2023-10-17 21:00:00,1097.57004613981,30406.500000000007,36.09655981911137
2023-10-17 22:00:00,594.328128156276,27888.999999999993,21.310485429964363
2023-10-17 23:00:00,324.84031731172365,26928.00000000001,12.063291641106787
2023-10-18 00:00:00,164.89628970323713,27179.500000000007,6.066936099017167
2023-10-18 01:00:00,18.752000000000002,27600.25522956086,0.6794140070094693
2023-10-18 02:00:00,0.0,27709.070111521723,0.0
2023-10-18 03:00:00,34.808,27713.968559614073,1.2559731358981057
2023-10-18 04:00:00,127.324,28524.522406732645,4.463668074244346
2023-10-18 05:00:00,274.0829500339827,30151.50000000002,9.090192860520455
2023-10-18 06:00:00,879.5849682920615,34662.000000000015,25.376059324103085
2023-10-18 07:00:00,827.2734203413619,34732.500000000015,23.818424252252548
2023-10-18 08:00:00,1007.4235155203669,35995.00000000009,27.98787374691942
2023-10-18 09:00:00,1063.8953678528935,36602.50000000004,29.066194053763883
2023-10-18 10:00:00,1588.4240000000004,37091.000000000065,42.82505189938254
2023-10-18 11:00:00,1403.3689322944447,38086.49999999999,36.846886227257556
2023-10-18 12:00:00,1146.182479335277,37306.50000000012,30.723398853692345
2023-10-18 13:00:00,763.4075073050915,36297.50000000002,21.03195832509377
2023-10-18 14:00:00,819.8900059240559,36456.50000000007,22.48954249376803
2023-10-18 15:00:00,1074.1521112042797,37179.49999999994,28.890977856191753
2023-10-18 16:00:00,1409.4060000000006,38187.00000000002,36.908005342132135
2023-10-18 17:00:00,1686.1260000000007,38961.99999999997,43.27616652122586
2023-10-18 18:00:00,1542.9552617471406,37562.50000000005,41.07701195999037
2023-10-18 19:00:00,1025.4592380434356,35148.00000000003,29.175464835650242
2023-10-18 20:00:00,709.9485919130893,33264.81030619705,21.34233099116245
2023-10-18 21:00:00,732.2458048349672,32445.00000000004,22.568833559407192
2023-10-18 22:00:00,526.3709753200548,31359.50000000002,16.78505637271176
2023-10-18 23:00:00,337.9955159942191,30675.500000000025,11.018419129084084
2023-10-19 00:00:00,227.85924382629608,30438.500000000015,7.485889377804293
2023-10-19 01:00:00,82.02389060752168,30044.50000000001,2.7300800681496327
2023-10-19 02:00:00,534.9377404530601,30909.7785218927,17.306424246106317
2023-10-19 03:00:00,769.1740000000007,31595.09883658703,24.344725236602187
2023-10-19 04:00:00,781.3640000000006,31451.30488725374,24.843611506772927
2023-10-19 05:00:00,821.7500000000006,32173.57960108124,25.54114308040453
2023-10-19 06:00:00,999.6645591732022,33722.032618753816,29.64425574445531
2023-10-19 07:00:00,1572.2139999999913,35193.500000000015,44.673419807634666
2023-10-19 08:00:00,1689.6799999999914,36168.500000000065,46.71689453529973
2023-10-19 09:00:00,1704.2039999999913,36781.49999999994,46.33318380163925
2023-10-19 10:00:00,1793.6019999999914,37536.000000000044,47.78351449275334
2023-10-19 11:00:00,1595.2299999999914,37056.00000000012,43.04916882556095
2023-10-19 12:00:00,2197.9183533123173,37207.50000000009,59.071917041250074
2023-10-19 13:00:00,1974.2918125082817,35848.00000000002,55.073973792353286
2023-10-19 14:00:00,1682.8039999999914,36110.00000000002,46.60216006646332
2023-10-19 15:00:00,3116.399676422762,36522.50000000003,85.32821346903305
2023-10-19 16:00:00,3863.9891293689657,36646.000000000015,105.44095206486286
2023-10-19 17:00:00,3983.382126917503,37038.49999999997,107.54706931753462
2023-10-19 18:00:00,3990.349957288081,35661.00000000002,111.89674875320598
2023-10-19 19:00:00,2788.5135866936334,33550.500000000044,83.11392040934203
2023-10-19 20:00:00,1764.4021579050977,31518.000000000033,55.98077790167827
2023-10-19 21:00:00,1463.5000000000005,28588.80934096297,51.19135891759754
2023-10-19 22:00:00,554.0892173102873,28970.000000000015,19.12631057336165
2023-10-19 23:00:00,162.56273896170842,28228.50000000001,5.758816053340006
2023-10-20 00:00:00,287.9518142499335,29097.999999999996,9.895931481542839
2023-10-20 01:00:00,629.4825843544924,29912.917646420614,21.043837709017875
2023-10-20 02:00:00,784.4380000000006,30397.205310282516,25.806253962914393
2023-10-20 03:00:00,751.0480000000006,30225.795225326667,24.84791531210685
2023-10-20 04:00:00,748.0800000000006,30425.876793950156,24.586966057416884
2023-10-20 05:00:00,770.8700000000006,31129.86514487862,24.763036923300696
2023-10-20 06:00:00,819.6300000000006,32336.23756850107,25.347104723105055
2023-10-20 07:00:00,1141.3498849421585,34318.5280210527,33.257541938919914
2023-10-20 08:00:00,1261.365999999998,35634.00000000001,35.39782230454054
2023-10-20 09:00:00,1283.995999999998,36603.499999999956,35.078503421803916
2023-10-20 10:00:00,1295.659999999998,36823.0,35.18616082339837
2023-10-20 11:00:00,1436.467999999998,36688.999999999985,39.15255253618247
2023-10-20 12:00:00,1536.2999999999981,36600.99999999994,41.974262998278746
2023-10-20 13:00:00,1286.997999999998,35846.71993950568,35.90281069430938
2023-10-20 14:00:00,1250.079999999998,35614.014186546265,35.100789072865446
2023-10-20 15:00:00,1289.205999999998,36282.000000000044,35.532936442312895
2023-10-20 16:00:00,1220.917999999998,37468.00000000003,32.5856197288352
2023-10-20 17:00:00,1269.7139999999981,37787.00000000002,33.60187366025346
2023-10-20 18:00:00,1410.0939999999982,35666.50000000003,39.53553053986225
2023-10-20 19:00:00,1462.191999999998,33308.00000000004,43.89912333373353
2023-10-20 20:00:00,1296.5805154184866,30961.000000000015,41.877862970139404
2023-10-20 21:00:00,1222.9660000000006,29207.599998271435,41.87149920131672
2023-10-20 22:00:00,1228.6500000000005,27821.81288855899,44.16139253474929
2023-10-20 23:00:00,919.5720000000007,26761.82570858836,34.361332818369455
2023-10-21 00:00:00,916.5260000000005,26994.411249336874,33.95243524796324
2023-10-21 01:00:00,951.4440000000006,27384.88700796484,34.74339695917953
2023-10-21 02:00:00,878.2480000000006,26978.099560993218,32.5541092327286
2023-10-21 03:00:00,879.4140000000006,27000.741324313134,32.569994632263004
2023-10-21 04:00:00,874.2200000000006,26748.02384527664,32.683535989683094
2023-10-21 05:00:00,1163.4980000000005,27099.68830267594,42.93399935102249
2023-10-21 06:00:00,1658.780565354673,28094.503886439357,59.042885115879635
2023-10-21 07:00:00,1809.2742216287686,28408.532618753823,63.68770418062286
2023-10-21 08:00:00,2328.1699999999914,30177.000000000015,77.15047884150148
2023-10-21 09:00:00,2328.2759999999917,31591.000000000065,73.7006109334933
2023-10-21 10:00:00,2328.2759999999917,32587.99999999992,71.44580827298384
2023-10-21 11:00:00,2365.488234499665,32763.500000000062,72.19888700839839
2023-10-21 12:00:00,3300.4870865657713,32611.00000000005,101.20778530452198
2023-10-21 13:00:00,3615.9327954280134,32258.500000000055,112.09240341082217
2023-10-21 14:00:00,3674.1825960038855,31347.000000000022,117.21002316023488
2023-10-21 15:00:00,4282.609018246465,31972.000000000055,133.9487369650462
2023-10-21 16:00:00,6266.794692486831,33469.500000000044,187.23896958385464
2023-10-21 17:00:00,6853.600132333506,34248.0000000001,200.11679900529916
2023-10-21 18:00:00,6548.8839636033845,32889.00000000005,199.12079916091625
2023-10-21 19:00:00,6121.461455167817,31120.99999999998,196.6987389597963
2023-10-21 20:00:00,5116.906571678154,28926.999999999996,176.89032985370605
2023-10-21 21:00:00,3832.0849424362104,26990.00000000004,141.98165774124507
2023-10-21 22:00:00,2480.372189573803,24534.00000000004,101.0993800266487
2023-10-21 23:00:00,1867.2081507800037,23846.50000000003,78.30114066131304
2023-10-22 00:00:00,1961.95206229841,23767.00000000004,82.54941988043956
2023-10-22 01:00:00,2111.329316062222,23062.000000000022,91.55013945287573
2023-10-22 02:00:00,2422.0373607646998,22351.00000000004,108.36371351459421
2023-10-22 03:00:00,2505.963675247237,21769.500000000025,115.11351548024686
2023-10-22 04:00:00,2572.2892740294974,21410.000000000036,120.14429117372691
2023-10-22 05:00:00,2803.9794391337527,21928.000000000025,127.87210138333407
2023-10-22 06:00:00,3121.0765200458336,23218.50000000003,134.42197041349914
2023-10-22 07:00:00,4252.953892230285,25434.000000000033,167.21529811395297
2023-10-22 08:00:00,5395.991944802085,28739.49999999998,187.7552478227557
2023-10-22 09:00:00,5624.561967344699,30563.500000000062,184.02872600797315
2023-10-22 10:00:00,6129.271289155634,31511.000000000036,194.51211605964986
2023-10-22 11:00:00,5866.348488301197,32251.500000000033,181.89381852940767
2023-10-22 12:00:00,5631.665631963927,31647.00000000004,177.9525905129687
2023-10-22 13:00:00,5217.0936631151335,30382.500000000055,171.71377151699576
2023-10-22 14:00:00,6065.726117099803,30534.00000000007,198.65481486538906
2023-10-22 15:00:00,6789.978878413505,31366.500000000025,216.47231531772752
2023-10-22 16:00:00,8062.332322217021,32545.000000000025,247.7287547155328
2023-10-22 17:00:00,8969.116818807559,33435.00000000003,268.25532582047407
2023-10-22 18:00:00,8789.368262877946,32208.500000000055,272.88971119046
2023-10-22 19:00:00,8025.71007645214,30659.000000000055,261.77338062076797
2023-10-22 20:00:00,7402.095388006255,28444.50000000002,260.2294077240328
2023-10-22 21:00:00,6364.602230376833,25971.500000000055,245.06101805351327
2023-10-22 22:00:00,5208.37298162154,23501.00000000003,221.62346204933974
2023-10-22 23:00:00,4699.903360123311,22198.50000000002,211.72166408195633
2023-10-23 00:00:00,4862.694045161252,22322.00000000002,217.84311643944304
2023-10-23 01:00:00,4979.664162316381,22456.500000000004,221.74711830945964
2023-10-23 02:00:00,4639.303098145383,21745.500000000022,213.34543230302262
2023-10-23 03:00:00,4757.235322576347,21732.00000000002,218.90462555569405
2023-10-23 04:00:00,5594.455696491901,23972.500000000022,233.36972349533409
2023-10-23 05:00:00,7100.587464996686,27736.500000000033,256.00156706854426
2023-10-23 06:00:00,8246.951410760168,31828.000000000033,259.1099475543597
2023-10-23 07:00:00,8820.71247343784,34153.50000000003,258.2667215201321
2023-10-23 08:00:00,9069.31944012402,35532.000000000015,255.24370821017723
2023-10-23 09:00:00,8778.083638172953,36372.00000000003,241.34179143772536
2023-10-23 10:00:00,8558.023484238596,36375.500000000044,235.26888934141348
2023-10-23 11:00:00,8206.60745659848,36280.50000000008,226.19885218225937
2023-10-23 12:00:00,7786.462399401615,35799.50000000006,217.50198744121013
2023-10-23 13:00:00,7315.641382694124,35309.00000000006,207.18914108850754
2023-10-23 14:00:00,6942.47361504689,35622.00000000001,194.89286438287823
2023-10-23 15:00:00,7339.505499834569,37149.00000000002,197.56939621078803
2023-10-23 16:00:00,7882.931550050085,38704.00000000001,203.6722703092725
2023-10-23 17:00:00,7849.391086515187,38592.000000000044,203.39425493664953
2023-10-23 18:00:00,6814.749456107088,36786.00000000005,185.25388615525142
2023-10-23 19:00:00,5751.799257730823,34259.00000000006,167.89162724337586
2023-10-23 20:00:00,4141.524186835933,31108.50000000004,133.13159383563743
2023-10-23 21:00:00,2985.571879876341,27964.500000000036,106.76292727838285
2023-10-23 22:00:00,2158.632479476808,25987.500000000022,83.06426087452837
2023-10-23 23:00:00,2210.60012797739,25048.00000000003,88.25455637086344
2023-10-24 00:00:00,2316.201115858258,24467.00000000003,94.66633080713841
2023-10-24 01:00:00,2548.864806702896,24347.00000000002,104.68907079734235
2023-10-24 02:00:00,2551.67263129809,23818.500000000022,107.12986255633594
2023-10-24 03:00:00,2590.7051656291374,23549.50000000003,110.01104760734343
2023-10-24 04:00:00,2926.3244477309504,23715.00000000003,123.39550696736018
2023-10-24 05:00:00,4714.3235938255,27678.500000000025,170.32438874308565
2023-10-24 06:00:00,6228.2833434593085,31166.50000000002,199.8390368972873
2023-10-24 07:00:00,6685.534117361099,33875.50000000003,197.3560277298075
2023-10-24 08:00:00,7283.4771984635545,35439.50000000006,205.5186218333651
2023-10-24 09:00:00,7665.441616832312,36506.00000000006,209.97758222846383
2023-10-24 10:00:00,7698.685725084862,36446.50000000002,211.23251135458432
2023-10-24 11:00:00,7765.445247988827,36735.99999999999,211.38516027844153
2023-10-24 12:00:00,7922.134811901262,36361.50000000003,217.87150727833713
2023-10-24 13:00:00,7916.053551271258,36288.0,218.1452147065492
2023-10-24 14:00:00,8160.28778517148,35742.000000000044,228.3108887351427
2023-10-24 15:00:00,8613.388033964386,35715.500000000044,241.16666528438282
2023-10-24 16:00:00,9257.923225016295,36655.00000000006,252.5691781480366
2023-10-24 17:00:00,10035.286013245634,38188.00000000005,262.786373029371
2023-10-24 18:00:00,9597.489754799337,36961.500000000015,259.66180362808143
2023-10-24 19:00:00,8586.999418309933,34351.50000000005,249.97451110751848
2023-10-24 20:00:00,7326.8475281102,31478.00000000004,232.76089739215294
2023-10-24 21:00:00,5996.476299305999,28819.00000000004,208.07371176328084
2023-10-24 22:00:00,4304.7349223132915,25675.000000000033,167.66250914560024
2023-10-24 23:00:00,4245.278605377869,24910.00000000003,170.42467303805157
2023-10-25 00:00:00,4515.948722590758,24947.000000000033,181.02171493930138
2023-10-25 01:00:00,4640.255539345924,24624.500000000036,188.44059937647128
2023-10-25 02:00:00,4737.89536319897,24220.500000000044,195.6150931318082
2023-10-25 03:00:00,4553.230835837977,23789.000000000033,191.40068249350418
2023-10-25 04:00:00,4557.620699889828,24096.500000000025,189.14036062871466
2023-10-25 05:00:00,5655.991569097153,27186.000000000047,208.04795001460838
2023-10-25 06:00:00,7351.468355216991,32336.000000000033,227.34625047058955
2023-10-25 07:00:00,8249.796518449664,34453.50000000005,239.44727004367198
2023-10-25 08:00:00,8950.397863273143,36236.00000000003,247.00292149445679
2023-10-25 09:00:00,8968.967629539724,36673.499999999985,244.56263049721807
2023-10-25 10:00:00,8858.23495700294,37074.500000000065,238.9306654709551
2023-10-25 11:00:00,8803.840453934998,37812.00000000003,232.83191722032666
2023-10-25 12:00:00,8707.775949162737,37966.500000000044,229.3541924897667
2023-10-25 13:00:00,8158.866514333628,36659.500000000044,222.5580412808036
2023-10-25 14:00:00,8125.5773058432005,35843.50000000003,226.69597851334814
2023-10-25 15:00:00,7941.770831527023,35336.000000000044,224.75013673101125
2023-10-25 16:00:00,8775.728969987844,36798.50000000002,238.48061660088968
2023-10-25 17:00:00,9570.999406127634,38146.00000000003,250.90440429213095
2023-10-25 18:00:00,9059.896683658575,36659.00000000001,247.13976605086262
2023-10-25 19:00:00,8068.143549376811,34500.500000000015,233.85584410013792
2023-10-25 20:00:00,6850.070047818777,31797.500000000065,215.4279439521586
2023-10-25 21:00:00,5353.969605080027,28476.000000000065,188.0169126661053
2023-10-25 22:00:00,4146.888641625559,26012.500000000025,159.41907320040576
2023-10-25 23:00:00,3778.0696977404955,25090.000000000033,150.5806973989833
2023-10-26 00:00:00,3603.54300728282,24565.000000000036,146.6941993601797
2023-10-26 01:00:00,3625.4758292627216,24418.000000000036,148.4755438308918
2023-10-26 02:00:00,3535.641453679507,24201.500000000033,146.09183123688624
2023-10-26 03:00:00,3724.3331908977384,24321.00000000003,153.13240372097093
2023-10-26 04:00:00,4309.23169508928,24461.00000000004,176.16743776171344
2023-10-26 05:00:00,6379.875241326168,29175.500000000036,218.6723532184936
2023-10-26 06:00:00,7612.0852190882,33000.500000000044,230.66575412760986
2023-10-26 07:00:00,7830.795013290447,35288.000000000044,221.9109899481534
2023-10-26 08:00:00,7852.830081664939,37282.50000000005,210.6304588389976
2023-10-26 09:00:00,7031.445985254092,37216.000000000044,188.93610235527956
2023-10-26 10:00:00,7360.621549938874,38236.00000000004,192.50500967514557
2023-10-26 11:00:00,6674.263617235385,38223.000000000065,174.61380889086084
2023-10-26 12:00:00,6239.003554906768,38126.50000000006,163.6395566051633
2023-10-26 13:00:00,5558.758613826415,37360.50000000009,148.787050864587
2023-10-26 14:00:00,6115.232394677154,38143.000000000065,160.3238443404332
2023-10-26 15:00:00,6760.4885895063435,38312.00000000002,176.458775044538
2023-10-26 16:00:00,7495.172276791234,37728.00000000003,198.66338731953002
2023-10-26 17:00:00,8114.00844533848,38202.000000000044,212.39747775871604
2023-10-26 18:00:00,7765.314067800266,37029.00000000007,209.70898668071646
2023-10-26 19:00:00,6547.7684547866975,35310.50000000003,185.43403392154437
2023-10-26 20:00:00,5212.453419000181,32439.00000000003,160.68477508555063
2023-10-26 21:00:00,3829.928679804376,29382.000000000022,130.34948879601023
2023-10-26 22:00:00,2762.4788831267697,26183.000000000033,105.5065837805739
2023-10-26 23:00:00,2443.6032734932246,24945.500000000025,97.95767867924965
2023-10-27 00:00:00,2454.0238226269307,24389.500000000025,100.61804557809418
2023-10-27 01:00:00,2358.8661534875346,23902.000000000025,98.68907009821488
2023-10-27 02:00:00,2138.7601444565644,23379.500000000036,91.48014903896836
2023-10-27 03:00:00,2171.174087550106,23336.500000000036,93.03769149401592
2023-10-27 04:00:00,2659.4595696337324,24230.500000000022,109.75669382116465
2023-10-27 05:00:00,4375.979984184293,27853.50000000002,157.10700573300628
2023-10-27 06:00:00,6013.5338203585625,31787.500000000015,189.17920001127987
2023-10-27 07:00:00,6758.380568765062,34284.500000000044,197.12641481617214
2023-10-27 08:00:00,7119.663688570381,35706.500000000015,199.3940511831285
2023-10-27 09:00:00,7274.615936256938,37006.500000000044,196.57670777449715
2023-10-27 10:00:00,6888.080864713471,37303.50000000003,184.64972093003246
2023-10-27 11:00:00,6962.691824152577,37238.50000000005,186.97562533809278
2023-10-27 12:00:00,6419.120605130513,36302.499999999985,176.82310047876908
2023-10-27 13:00:00,5821.570129062542,35459.9999999999,164.17287448004961
2023-10-27 14:00:00,5770.897532101495,35359.499999999985,163.20642350999017
2023-10-27 15:00:00,5570.999606386846,34762.50000000008,160.25888835345077
2023-10-27 16:00:00,6302.313650777127,35362.49999999999,178.22025170101458
2023-10-27 17:00:00,7113.707597637344,36584.00000000003,194.4486004165028
2023-10-27 18:00:00,6653.166620873802,35453.000000000015,187.66159763274754
2023-10-27 19:00:00,5668.35646566516,33351.50000000003,169.9580668235358
2023-10-27 20:00:00,4407.642992445359,31148.500000000036,141.50418133924117
2023-10-27 21:00:00,3071.116112255355,28279.000000000033,108.60059097759296
2023-10-27 22:00:00,1844.735999999997,25801.5450613688,71.49711366556943
2023-10-27 23:00:00,1725.5399999999968,25439.164502614563,67.83005785518824
2023-10-28 00:00:00,1569.7499999999968,25826.56802892123,60.78043347618437
2023-10-28 01:00:00,1665.2159999999967,26811.081452018923,62.109244007186554
2023-10-28 02:00:00,1412.6999999999969,26522.305172778073,53.264600900903666
2023-10-28 03:00:00,1412.6999999999969,26626.624179948754,53.05591840905743
2023-10-28 04:00:00,1337.6939999999968,26388.849629367764,50.69163752069346
2023-10-28 05:00:00,1382.3819999999969,26892.582129733684,51.40384040964111
2023-10-28 06:00:00,1735.473999999997,27379.186616665254,63.38661642138203
2023-10-28 07:00:00,1883.9619999999968,28857.50000000006,65.28500389846637
2023-10-28 08:00:00,2355.3059999999914,31148.000000000022,75.6166045974056
2023-10-28 09:00:00,2355.1999999999916,32621.000000000033,72.19889028539865
2023-10-28 10:00:00,2355.3059999999914,32936.500000000065,71.51051265313517
2023-10-28 11:00:00,2355.3059999999914,33175.50000000002,70.99534294886256
2023-10-28 12:00:00,2329.5706885366953,32418.000000000036,71.86040744452751
2023-10-28 13:00:00,1886.9119999999969,31957.937135776778,59.04361073066906
2023-10-28 14:00:00,2355.411999999991,31875.500000000065,73.89411930793199
2023-10-28 15:00:00,2361.411999999991,32081.500000000036,73.6066580427969
2023-10-28 16:00:00,3569.540234643195,33989.49999999997,105.01890979988521
2023-10-28 17:00:00,3741.2990240225736,34637.00000000006,108.01452273645428
2023-10-28 18:00:00,2524.7456102441142,33429.00000000003,75.52560980717676
2023-10-28 19:00:00,1553.5704449546522,31296.000000000007,49.64118241802952
2023-10-28 20:00:00,845.55,30133.25814277512,28.06035762856041
2023-10-28 21:00:00,777.7539999999999,30379.760017248394,25.60105805833959
2023-10-28 22:00:00,467.67800000000005,28649.816091081513,16.323944227536767
2023-10-28 23:00:00,289.454,27963.48281295904,10.351142664742001
2023-10-29 00:00:00,345.868,28187.741533920507,12.270156499902273
2023-10-29 01:00:00,264.40999999999997,26650.794271716986,9.921280292970618
2023-10-29 02:00:00,503.32599999999996,24926.261424716984,20.192598939081165
2023-10-29 03:00:00,336.65,24300.206173487517,13.853791922444609
2023-10-29 04:00:00,234.89,24836.649207717197,9.457394918112199
2023-10-29 05:00:00,480.17199999999997,26264.11663119167,18.28243480421269
2023-10-29 06:00:00,420.696,26940.928692024463,15.61549732784609
2023-10-29 07:00:00,651.992,29223.700251913353,22.31038487185798
2023-10-29 08:00:00,850.5591853101662,30374.499999999978,28.002409432588745
2023-10-29 09:00:00,1239.8281204051395,32276.000000000113,38.413313930014105
2023-10-29 10:00:00,1590.3682767591256,32311.99999999999,49.21912220720247
2023-10-29 11:00:00,1535.0486780905062,32996.99999999996,46.52085577751031
2023-10-29 12:00:00,1647.2414343766204,33139.08987530765,49.70690023699174
2023-10-29 13:00:00,1718.4276716320223,33393.00000000008,51.46071546827234
2023-10-29 14:00:00,1741.607215731068,33135.0,52.5609541491193
2023-10-29 15:00:00,1797.427999999998,33703.5000000001,53.33060364650534
2023-10-29 16:00:00,1764.5599999999981,34955.00000000006,50.48090401945345
2023-10-29 17:00:00,1803.427999999998,36679.00000000001,49.16786171923983
2023-10-29 18:00:00,1803.427999999998,35976.50000000003,50.127944630522606
2023-10-29 19:00:00,1803.427999999998,33754.00000000004,53.42857142857131
2023-10-29 20:00:00,1382.0668725567625,31759.50000000003,43.516644549088035
2023-10-29 21:00:00,1269.7914008587618,31175.793860016758,40.73004224239758
2023-10-29 22:00:00,1465.1600000000005,31465.924490398764,46.56338638475621
2023-10-29 23:00:00,1319.8720000000005,30701.33840556624,42.99069905567062
2023-10-30 00:00:00,1250.3140000000005,29555.89086304273,42.303377211458645
2023-10-30 01:00:00,1130.6340000000007,28795.41956157151,39.26436972319275
2023-10-30 02:00:00,978.0060000000007,27282.48826677598,35.847390107411684
2023-10-30 03:00:00,816.0880000000005,25116.267491042614,32.492407571747975
2023-10-30 04:00:00,861.9360000000007,24089.573338872044,35.780459366174874
2023-10-30 05:00:00,930.1113911904989,24243.532618753798,38.36534080313869
2023-10-30 06:00:00,1587.5079999999912,27323.500000000025,58.10046297143447
2023-10-30 07:00:00,1604.6639999999913,31885.500000000036,50.325822082137314
2023-10-30 08:00:00,2512.37009074663,34813.499999999985,72.16654719423876
2023-10-30 09:00:00,4255.484082294153,36500.00000000007,116.58860499436014
2023-10-30 10:00:00,4506.451915723211,37100.500000000044,121.46606961424254
2023-10-30 11:00:00,4269.584796653835,37174.500000000044,114.85251440244872
2023-10-30 12:00:00,4769.531077030271,37501.000000000044,127.18410381137213
2023-10-30 13:00:00,5161.727290165094,36833.500000000044,140.13675839019066
2023-10-30 14:00:00,6437.65877950699,36527.50000000007,176.24142849926704
2023-10-30 15:00:00,7464.8040254446305,36546.00000000005,204.25775804314068
2023-10-30 16:00:00,8146.796152472615,38466.50000000002,211.78937913437954
2023-10-30 17:00:00,8817.206218518942,40349.50000000007,218.52082971335273
2023-10-30 18:00:00,8498.599160822643,39781.00000000007,213.63462861221757
2023-10-30 19:00:00,7215.649334075848,37780.00000000006,190.99124759332548
2023-10-30 20:00:00,6264.516603425061,34896.500000000044,179.51704622025284
2023-10-30 21:00:00,4722.228758736304,31748.500000000022,148.73864147081915
2023-10-30 22:00:00,3423.935664485676,28879.500000000044,118.55938172356416
2023-10-30 23:00:00,1855.496243277681,26104.00000000003,71.08091646022369
2023-10-31 00:00:00,1603.8499999999967,25409.88978264618,63.11912462899995
2023-10-31 01:00:00,1815.2751774175422,25083.00000000004,72.37073625234379
2023-10-31 02:00:00,1595.6913843991213,24513.000000000022,65.09572000159588
2023-10-31 03:00:00,1533.8959999999968,24805.672164607735,61.83650214439787
2023-10-31 04:00:00,1412.0279999999966,24754.094993589046,57.04219848738932
2023-10-31 05:00:00,1794.9399999999914,24937.50000000003,71.97754385964869
2023-10-31 06:00:00,3052.7235190324204,28609.00000000003,106.70500608313529
2023-10-31 07:00:00,5324.317525717148,33138.00000000004,160.67105817240454
2023-10-31 08:00:00,6331.184896688486,36058.999999999985,175.57849348813025
2023-10-31 09:00:00,6869.229956351541,37463.49999999999,183.35793389169572
2023-10-31 10:00:00,7755.385406282557,37866.50000000003,204.8086146404487
2023-10-31 11:00:00,7385.956261786526,37798.499999999956,195.40342240529478
2023-10-31 12:00:00,6659.83254979856,37343.00000000003,178.34219398009142
2023-10-31 13:00:00,6286.1889299641125,36777.00000000004,170.92718084574886
2023-10-31 14:00:00,6611.63979907073,36299.499999999985,182.1413462739358
2023-10-31 15:00:00,7138.80091631694,36278.000000000015,196.78044314231593
2023-10-31 16:00:00,7740.934424989122,37385.00000000007,207.0599016982508
2023-10-31 17:00:00,8451.148615400443,38798.50000000006,217.82152957976288
2023-10-31 18:00:00,8202.458169713369,38183.500000000044,214.8168232276601
2023-10-31 19:00:00,7330.185244979528,36865.499999999985,198.83591013222474
2023-10-31 20:00:00,6373.332933886904,34655.50000000009,183.90538107621845
2023-10-31 21:00:00,5008.661651734183,31516.500000000033,158.921887003131
2023-10-31 22:00:00,3714.9022551065573,28186.000000000036,131.79955492466306
2023-10-31 23:00:00,2146.634031343522,25633.500000000025,83.74330588267384
2023-11-01 00:00:00,1696.0796870175345,25595.374335622928,66.2650862135264
2023-11-01 01:00:00,1274.9539999999968,25674.000000000033,49.659344083508415
2023-11-01 02:00:00,1062.1204979092088,24966.500000000025,42.54182596315894
2023-11-01 03:00:00,934.4841417176044,25461.50000000003,36.70184952644595
2023-11-01 04:00:00,687.1006193633172,26291.499999999996,26.133945167195378
2023-11-01 05:00:00,119.25,27905.505465314574,4.2733502945582895
2023-11-01 06:00:00,300.552,31894.052734789133,9.423449647468802
2023-11-01 07:00:00,1295.76180857397,36748.490770328244,35.26027277343874
2023-11-01 08:00:00,1552.3920000000005,38361.27647771753,40.4676836262662
2023-11-01 09:00:00,1754.8980000000006,39554.48185087124,44.366603173221606
2023-11-01 10:00:00,1756.2280000000005,39731.078452802845,44.202877656247125
2023-11-01 11:00:00,1756.2280000000005,40495.39012496159,43.36859071071034
2023-11-01 12:00:00,1719.2560000000005,40505.282287377864,42.4452294345755
2023-11-01 13:00:00,1715.4640000000006,40674.06297854745,42.175870183039756
2023-11-01 14:00:00,1733.4760000000006,40116.50693344975,43.211040354926865
2023-11-01 15:00:00,1662.3760000000004,39584.791054423535,41.995320821940595
2023-11-01 16:00:00,1352.5116681090674,38278.0,35.33391682190991
2023-11-01 17:00:00,1631.295999999998,40348.00000000003,40.430653316149424
2023-11-01 18:00:00,1847.189999999998,39717.50000000008,46.508214263233945
2023-11-01 19:00:00,1852.287999999998,38227.000000000044,48.454966385015716
2023-11-01 20:00:00,1852.287999999998,35779.00000000003,51.77025629559229
2023-11-01 21:00:00,1761.3359707458046,32759.0,53.76647549515567
2023-11-01 22:00:00,1756.0160000000005,31625.881211860393,55.524650467018645
2023-11-01 23:00:00,1078.6080000000006,29877.41448168911,36.1011157997304
2023-11-02 00:00:00,967.5620000000006,29492.104827233325,32.80749223115956
2023-11-02 01:00:00,951.9880000000006,29463.031886831406,32.31127073604039
2023-11-02 02:00:00,989.1380000000007,28520.185570987494,34.6820323990533
2023-11-02 03:00:00,998.4500000000006,27995.89562622454,35.66415639386527
2023-11-02 04:00:00,977.9920000000005,27106.27530433846,36.079910980741396
2023-11-02 05:00:00,952.2680000000007,26972.673069061337,35.304917594255336
2023-11-02 06:00:00,1151.343999999997,29305.50000000002,39.287642251454386
2023-11-02 07:00:00,2307.7939999999912,32791.50000000002,70.37781132305597
2023-11-02 08:00:00,2403.8839999999914,35805.49999999999,67.13728337825171
2023-11-02 09:00:00,2403.8479999999913,37347.000000000044,64.36522344498859
2023-11-02 10:00:00,2403.8479999999913,38174.00000000007,62.9708178341276
2023-11-02 11:00:00,3071.074189013746,38448.50000000005,79.87500654157488
2023-11-02 12:00:00,3131.5298450647992,38678.000000000015,80.96410996082523
2023-11-02 13:00:00,2468.245212560753,38638.000000000015,63.881288176426104
2023-11-02 14:00:00,2242.7939999999912,38198.000000000044,58.71495889837135
2023-11-02 15:00:00,2936.6330614649687,38528.99999999997,76.21877187222536
2023-11-02 16:00:00,4120.360958433418,40143.50000000002,102.64080009051068
2023-11-02 17:00:00,4480.988890414187,41665.500000000044,107.54674467879138
2023-11-02 18:00:00,3767.474032651003,40781.50000000002,92.38193868913604
2023-11-02 19:00:00,2822.248960540913,38652.00000000003,73.01689331835121
2023-11-02 20:00:00,1824.1863573656733,35931.499999999985,50.76844432783697
2023-11-02 21:00:00,1756.1220000000005,35262.16656154671,49.801874678768215
2023-11-02 22:00:00,1519.1174385791803,33461.499999999985,45.39896414025615
2023-11-02 23:00:00,1055.9497562183074,31364.0,33.667572893071906
2023-11-03 00:00:00,802.1079102143584,30771.182529240945,26.066853604086845
2023-11-03 01:00:00,1062.9040000000007,31140.914207378744,34.132074380403026
2023-11-03 02:00:00,882.2040000000006,30217.76883689795,29.194875530412077
2023-11-03 03:00:00,854.1860000000006,30150.146598521726,28.331072859257066
2023-11-03 04:00:00,840.0960000000006,29582.815787872336,28.398108078149995
2023-11-03 05:00:00,834.5801084949118,29175.606533559872,28.605407312952273
2023-11-03 06:00:00,913.355999999998,29863.05149893117,30.584818166780043
2023-11-03 07:00:00,1044.9619999999968,32972.00000000004,31.69240567754445
2023-11-03 08:00:00,1232.9119999999966,35546.500000000044,34.68448370444334
2023-11-03 09:00:00,1888.3879999999915,36599.000000000015,51.596710292630696
2023-11-03 10:00:00,1396.1239999999914,33277.00000000003,41.95462331339935
2023-11-03 11:00:00,1396.1239999999914,34912.50000000009,39.9892302184028
2023-11-03 12:00:00,2105.3619999999914,37890.00000000008,55.565109527579494
2023-11-03 13:00:00,1900.2499999999911,37334.50000000003,50.89796301008423
2023-11-03 14:00:00,1946.1088493536238,35635.000000000044,54.61228705917276
2023-11-03 15:00:00,1663.2159999999913,35758.999999999956,46.51181520736019
2023-11-03 16:00:00,2046.0810781224593,37537.00000000006,54.50838048119072
2023-11-03 17:00:00,5117.133170050886,39790.00000000006,128.6034976137441
2023-11-03 18:00:00,5989.864566625421,38669.50000000005,154.89894016280047
2023-11-03 19:00:00,5247.601391209851,36761.50000000007,142.7472053972183
2023-11-03 20:00:00,5054.093772094699,34178.000000000044,147.87564433538216
2023-11-03 21:00:00,4675.35602265084,32018.50000000002,146.02045763077086
2023-11-03 22:00:00,3837.381771631391,29248.500000000033,131.19926736863042
2023-11-03 23:00:00,2667.751558443902,26762.00000000004,99.68431202615267
2023-11-04 00:00:00,2500.0413733461432,26431.00000000004,94.58746825114976
2023-11-04 01:00:00,2437.3714930680894,25413.000000000033,95.91041959107883
2023-11-04 02:00:00,2944.3314639606087,24063.99999999999,122.35419979889502
2023-11-04 03:00:00,3567.0575653651863,23456.49999999999,152.071177088022
2023-11-04 04:00:00,3547.559135920871,23692.499999999978,149.73342348510602
2023-11-04 05:00:00,3417.042947519721,24365.50000000002,140.24103537870013
2023-11-04 06:00:00,2937.821472811881,25295.500000000025,116.14008312987994
2023-11-04 07:00:00,3071.3112918136517,26728.500000000025,114.90773114142765
2023-11-04 08:00:00,4271.990851600981,29918.000000000022,142.78998768637535
2023-11-04 09:00:00,4941.65321304581,31976.49999999997,154.54015333278545
2023-11-04 10:00:00,5322.289801345156,33468.00000000004,159.02622807891566
2023-11-04 11:00:00,5075.093327281131,34106.50000000003,148.80135244839332
2023-11-04 12:00:00,4661.879052944603,34466.500000000044,135.25826680819338
2023-11-04 13:00:00,3776.1467138227413,34273.50000000004,110.1768629939381
2023-11-04 14:00:00,3785.768654242901,33895.50000000003,111.68941759947185
2023-11-04 15:00:00,4071.1071340477824,33761.00000000003,120.58609442989777
2023-11-04 16:00:00,5393.540839668677,35255.5000000001,152.9843808673444
2023-11-04 17:00:00,6443.598186783586,36662.000000000044,175.75686505874145
2023-11-04 18:00:00,6143.673910673656,35538.99999999984,172.8713219469789
2023-11-04 19:00:00,5285.959717619099,32992.500000000044,160.2170104605317
2023-11-04 20:00:00,4882.958290567969,31633.00000000002,154.3627948840757
2023-11-04 21:00:00,4496.010119507186,29995.50000000003,149.8894874066837
2023-11-04 22:00:00,3706.1506931107756,28062.50000000003,132.06773071218785
2023-11-04 23:00:00,3259.5920111756063,25559.50000000003,127.52956869952867
2023-11-05 00:00:00,3401.7931156076856,24690.500000000015,137.7774089470721
2023-11-05 01:00:00,3256.0114826479416,23728.999999999975,137.2165486387098
2023-11-05 02:00:00,3170.958585319654,23103.999999999996,137.24716868592688
2023-11-05 03:00:00,2984.4208810145924,22197.49999999999,134.4485136170557
2023-11-05 04:00:00,2735.1430772311282,22157.499999999993,123.44096027219358
2023-11-05 05:00:00,2308.799514415399,23130.50000000002,99.81623892330028
2023-11-05 06:00:00,1996.439350469971,24137.500000000025,82.71110721781332
2023-11-05 07:00:00,2478.601639789006,26406.500000000036,93.86331546357916
2023-11-05 08:00:00,3234.2525054577586,28830.5,112.18163075415822
2023-11-05 09:00:00,3667.142898416086,31099.000000000106,117.91835423698748
2023-11-05 10:00:00,3822.9619359227318,32770.50000000003,116.6586392005837
2023-11-05 11:00:00,3351.1298007236655,34023.00000000006,98.49601154288746
2023-11-05 12:00:00,3201.194720922595,33896.500000000015,94.44027321176505
2023-11-05 13:00:00,3282.325604866882,33714.500000000015,97.35649660730192
2023-11-05 14:00:00,3566.0870521226716,33142.000000000015,107.6002369236217
2023-11-05 15:00:00,4472.026537575408,33621.000000000044,133.01289484475186
2023-11-05 16:00:00,5960.228563820963,36222.000000000044,164.54719683675546
2023-11-05 17:00:00,7332.326281393406,37858.500000000015,193.67714730888449
2023-11-05 18:00:00,6724.236785379415,36194.00000000003,185.78319018012405
2023-11-05 19:00:00,5931.238173030601,34213.50000000003,173.35958534001477
2023-11-05 20:00:00,5637.8111160094795,32910.00000000002,171.3099701005614
2023-11-05 21:00:00,4349.712196106607,29991.50000000004,145.0314987948786
2023-11-05 22:00:00,3585.971508466516,27632.500000000015,129.77369070719314
2023-11-05 23:00:00,2615.945108456867,24775.500000000025,105.58596631579037
2023-11-06 00:00:00,2257.6423113108463,24467.000000000044,92.27295178447878
2023-11-06 01:00:00,2298.3312620161987,24890.500000000036,92.33768956092467
2023-11-06 02:00:00,1912.9868816748412,24398.000000000036,78.40752855458801
2023-11-06 03:00:00,1566.4312950852561,24094.00000000004,65.01333506620958
2023-11-06 04:00:00,1466.493999999997,24405.985727374125,60.08747265451176
2023-11-06 05:00:00,1581.2399999999968,25312.38393566817,62.469027177319354
2023-11-06 06:00:00,2277.1973970348145,27674.00000000005,82.28652876471816
2023-11-06 07:00:00,5091.326601923485,32740.50000000001,155.5054627120381
2023-11-06 08:00:00,5782.35023273111,35938.000000000015,160.89794180897957
2023-11-06 09:00:00,5647.54556182998,37740.500000000044,149.64151407188496
2023-11-06 10:00:00,6212.925675391592,38091.50000000004,163.10530368695342
2023-11-06 11:00:00,5249.457679851347,38223.0,137.33766789240372
2023-11-06 12:00:00,4548.476022513353,38089.99999999998,119.41391500428868
2023-11-06 13:00:00,4101.9951195305075,37374.50000000004,109.75384605895741
2023-11-06 14:00:00,3952.9678140707533,36565.00000000005,108.10796701957467
2023-11-06 15:00:00,4497.22599654075,36457.00000000002,123.35699581810756
2023-11-06 16:00:00,5755.441090848635,38383.00000000003,149.9476614868205
2023-11-06 17:00:00,7144.404328468096,40895.00000000006,174.70116954317365
2023-11-06 18:00:00,6879.247606978686,40568.00000000004,169.57325002412443
2023-11-06 19:00:00,5661.400175053558,38662.00000000007,146.43319474040524
2023-11-06 20:00:00,4493.862218069597,36095.00000000002,124.50096185259991
2023-11-06 21:00:00,2784.535487816145,32596.000000000044,85.42568069137751
2023-11-06 22:00:00,1899.0639999999967,31390.455355725855,60.4981348145239
2023-11-06 23:00:00,1833.081999999997,30367.23085559655,60.36381811422781
2023-11-07 00:00:00,1810.9579999999967,29747.27404635736,60.87811599738006
2023-11-07 01:00:00,1676.955999999997,28609.050132081138,58.61627674662012
2023-11-07 02:00:00,1603.5379999999968,28180.111375305427,56.90318177397967
2023-11-07 03:00:00,1494.3339999999969,27494.901214305333,54.34949514284885
2023-11-07 04:00:00,1362.1879999999967,26905.09034218555,50.62937840666413
2023-11-07 05:00:00,1122.2659999999967,25302.427155265053,44.354084812233914
2023-11-07 06:00:00,1444.9839999999913,29940.00000000002,48.26265865063428
2023-11-07 07:00:00,2316.319716390826,33452.000000000044,69.24308610519022
2023-11-07 08:00:00,3781.2977451013207,36677.500000000015,103.09584200398935
2023-11-07 09:00:00,4499.275674554627,38230.99999999999,117.68658090436105
2023-11-07 10:00:00,5045.055656596535,38495.499999999985,131.0557248664529
2023-11-07 11:00:00,4737.987607221982,38706.99999999998,122.40647963474268
2023-11-07 12:00:00,4263.958553744402,38283.5000000001,111.37849344350413
2023-11-07 13:00:00,4605.838389490166,37415.00000000004,123.10138686329444
2023-11-07 14:00:00,4971.470107709629,36357.50000000003,136.7385025843258
2023-11-07 15:00:00,6012.888887806948,36696.00000000007,163.85679332371203
2023-11-07 16:00:00,7514.113837511174,38756.500000000015,193.88009333947008
2023-11-07 17:00:00,8702.512295041306,41123.00000000005,211.62153284150705
2023-11-07 18:00:00,8657.246217431413,41116.50000000004,210.55406509385296
2023-11-07 19:00:00,8064.600366183241,39253.50000000005,205.44920494180724
2023-11-07 20:00:00,7068.45795146543,36153.00000000003,195.51511496875568
2023-11-07 21:00:00,5875.050042423614,33337.00000000003,176.23211573997688
2023-11-07 22:00:00,4250.930431117729,29628.000000000033,143.47679327385327
2023-11-07 23:00:00,2443.7103908102463,26359.000000000033,92.70876705528447
2023-11-08 00:00:00,2179.786922678105,25638.000000000025,85.02172254770664
2023-11-08 01:00:00,1958.2280442932497,25672.50000000003,76.27726338662956
2023-11-08 02:00:00,2056.406755383495,25634.000000000036,80.2218442452794
2023-11-08 03:00:00,1718.6659291282572,25615.500000000055,67.0947640736372
2023-11-08 04:00:00,1254.437999999997,25630.64610291352,48.94289418078309
2023-11-08 05:00:00,1534.3499999999913,27492.500000000022,55.80976629989961
2023-11-08 06:00:00,1580.74895734323,31333.500000000044,50.449166462196295
2023-11-08 07:00:00,1071.0957700919353,35146.50000000003,30.47517590917828
2023-11-08 08:00:00,1470.0514535827213,37978.50000000003,38.707464844128125
2023-11-08 09:00:00,1611.351999999997,39395.07686368346,40.902369744718776
2023-11-08 10:00:00,1750.27058266358,38572.49999999997,45.37612502854576
2023-11-08 11:00:00,1889.5880019095,39330.000000000065,48.04444449299509
2023-11-08 12:00:00,1910.4879999999969,39743.160194571225,48.0708627760548
2023-11-08 13:00:00,1770.8779999999967,39003.00640461077,45.40362816212678
2023-11-08 14:00:00,1773.4799999999914,38107.99999999996,46.53825968300601
2023-11-08 15:00:00,2900.0774015841357,38198.50000000013,75.92123778640853
2023-11-08 16:00:00,4500.160603893841,39328.00000000008,114.42637825197905
2023-11-08 17:00:00,5491.077327452115,41062.500000000044,133.72486642196918
2023-11-08 18:00:00,6007.685573016749,40896.500000000065,146.89974870751138
2023-11-08 19:00:00,6419.500559290211,39702.00000000005,161.69212027832862
2023-11-08 20:00:00,5692.539675688657,36953.500000000044,154.046022046319
2023-11-08 21:00:00,4274.331132935132,33388.50000000003,128.0180640919816
2023-11-08 22:00:00,3424.073079324284,29511.000000000025,116.02700956674735
2023-11-08 23:00:00,2533.685165867292,27154.000000000025,93.3079901991342
2023-11-09 00:00:00,2002.514392039743,26850.500000000025,74.5801527733093
2023-11-09 01:00:00,1664.5439999999967,26750.493246776023,62.22479655400777
2023-11-09 02:00:00,1533.1839999999968,26539.56669886437,57.769744977245686
2023-11-09 03:00:00,1537.7199999999966,27426.963852267545,56.0659943361855
2023-11-09 04:00:00,1350.3659999999966,26930.762454238935,50.14213772426808
2023-11-09 05:00:00,1604.9679999999912,26408.00000000004,60.775825507421565
2023-11-09 06:00:00,3331.377065037501,31208.500000000025,106.74582453618399
2023-11-09 07:00:00,5416.088283191206,35605.50000000003,152.11381059643037
2023-11-09 08:00:00,5861.339020978566,37685.500000000044,155.53300396647407
2023-11-09 09:00:00,6167.975001480167,38922.00000000004,158.4701454570721
2023-11-09 10:00:00,7307.15717333441,39302.50000000001,185.9209254712654
2023-11-09 11:00:00,6711.711620005703,39144.00000000009,171.46207899053974
2023-11-09 12:00:00,5996.555527876264,39157.00000000007,153.1413419791162
2023-11-09 13:00:00,5711.475726452016,38356.500000000015,148.90502852064222
2023-11-09 14:00:00,6364.877008798694,38321.500000000065,166.0915415314819
2023-11-09 15:00:00,7030.005976010858,38427.500000000044,182.94205909858437
2023-11-09 16:00:00,7887.846087837143,40163.50000000004,196.3933941971476
2023-11-09 17:00:00,8701.472129373202,41563.500000000044,209.35369084348508
2023-11-09 18:00:00,8669.117273213024,41402.00000000006,209.38885254850035
2023-11-09 19:00:00,7565.0082638492195,39616.00000000004,190.95840730637147
2023-11-09 20:00:00,6523.21518912346,37309.499999999985,174.84059526724997
2023-11-09 21:00:00,5036.493723984201,34020.50000000003,148.0429071878484
2023-11-09 22:00:00,4217.907351599741,30715.500000000025,137.32178709771085
2023-11-09 23:00:00,3166.5116576334717,27743.500000000025,114.13526258883951
2023-11-10 00:00:00,2822.7507192779203,26664.50000000003,105.86175324037268
2023-11-10 01:00:00,2722.3114139196473,26528.000000000022,102.62030360071039
2023-11-10 02:00:00,2606.524948514991,25852.000000000025,100.82488583146328
2023-11-10 03:00:00,2740.0741746595254,25211.00000000003,108.68566001584715
2023-11-10 04:00:00,3055.3899005903427,24760.000000000033,123.40023831140302
2023-11-10 05:00:00,4020.0232284928775,25341.000000000033,158.63711883875428
2023-11-10 06:00:00,6242.592315783614,29343.00000000004,212.7455378040284
2023-11-10 07:00:00,8164.759148788181,34020.50000000005,239.9952719327514
2023-11-10 08:00:00,8872.482041850912,36407.50000000002,243.69929387765998
2023-11-10 09:00:00,9212.159094599136,38181.500000000044,241.2728440370107
2023-11-10 10:00:00,9393.252376055345,38912.000000000015,241.39731640767224
2023-11-10 11:00:00,9345.942224684908,39532.500000000015,236.411616383606
2023-11-10 12:00:00,8756.894268754877,39601.50000000005,221.12531769642223
2023-11-10 13:00:00,7669.616638365096,39410.50000000002,194.60845811053127
2023-11-10 14:00:00,6958.660742022908,38617.00000000003,180.1968237310745
2023-11-10 15:00:00,6354.5688360715185,38463.000000000044,165.21251166241612
2023-11-10 16:00:00,6650.66360498774,40081.000000000044,165.93058069877827
2023-11-10 17:00:00,7410.015267098157,41836.00000000006,177.12054850124645
2023-11-10 18:00:00,7335.894726794202,41135.00000000002,178.33705425535913
2023-11-10 19:00:00,6460.344078400187,38793.50000000001,166.53161169784076
2023-11-10 20:00:00,5486.101935177867,36404.50000000005,150.69845582765478
2023-11-10 21:00:00,4613.655683354978,33462.00000000003,137.87746349157175
2023-11-10 22:00:00,2691.720874234169,30308.00000000002,88.81222364504973
2023-11-10 23:00:00,1717.975999999997,28229.238284313265,60.858036008525985
2023-11-11 00:00:00,1720.5479999999966,27387.88757245353,62.82149345941186
2023-11-11 01:00:00,1703.5319999999967,27054.813721808176,62.96594822335902
2023-11-11 02:00:00,1569.6739999999968,26296.23417368584,59.69196918586696
2023-11-11 03:00:00,1618.8059999999966,25685.50339359388,63.02411033936507
2023-11-11 04:00:00,1601.9119999999969,25482.25764921252,62.86381772179832
2023-11-11 05:00:00,1543.935999999997,24755.030688725066,62.36857547921355
2023-11-11 06:00:00,2160.165999999991,25579.500000000033,84.44910963857731
2023-11-11 07:00:00,3158.864326180049,27967.00000000002,112.94970236993768
2023-11-11 08:00:00,5523.873407130741,31703.00000000001,174.23819219413744
2023-11-11 09:00:00,6585.581361685477,34426.00000000003,191.29673391289927
2023-11-11 10:00:00,7069.286890042149,35396.499999999985,199.71711581772638
2023-11-11 11:00:00,7149.530736946628,35367.50000000002,202.14973455705444
2023-11-11 12:00:00,7156.932978857639,34867.00000000004,205.26380184293546
2023-11-11 13:00:00,7370.15410815556,33963.4999999999,217.00219671575607
2023-11-11 14:00:00,7583.863700464784,33145.00000000022,228.8086800562599
2023-11-11 15:00:00,7968.407450654725,32797.5,242.9577696670394
2023-11-11 16:00:00,9486.277081255219,35597.00000000003,266.4909144381608
2023-11-11 17:00:00,10785.81323660772,37824.500000000015,285.15415237763136
2023-11-11 18:00:00,10660.189329502886,37323.500000000044,285.6160148298759
2023-11-11 19:00:00,9873.994768223194,35441.00000000002,278.60372924644304
2023-11-11 20:00:00,8968.614939540184,33382.0,268.6661955407161
2023-11-11 21:00:00,8015.745267578115,31087.000000000033,257.8487878398722
2023-11-11 22:00:00,7117.963823887528,28942.50000000004,245.93465747214367
2023-11-11 23:00:00,5871.444294853324,26063.00000000004,225.27891243729866
2023-11-12 00:00:00,5452.311177422209,25563.000000000025,213.2891748786216
2023-11-12 01:00:00,5218.681305581201,25120.50000000002,207.7459169037717
2023-11-12 02:00:00,4828.575208322519,24437.00000000003,197.5927981471749
2023-11-12 03:00:00,4538.6947764400575,23817.00000000003,190.56534309275105
2023-11-12 04:00:00,4107.54910836903,23280.00000000003,176.44111290244953
2023-11-12 05:00:00,3886.9441889532823,23134.000000000022,168.01868198120857
2023-11-12 06:00:00,4099.946616037531,24014.500000000025,170.72796085854492
2023-11-12 07:00:00,4853.27797698498,25948.500000000036,187.03501077075643
2023-11-12 08:00:00,5864.887162852661,28733.000000000025,204.11677036343772
2023-11-12 09:00:00,6809.323727524715,31971.50000000005,212.98105273523933
2023-11-12 10:00:00,7428.45617908968,33688.00000000007,220.50748572458036
2023-11-12 11:00:00,7762.898343320879,34695.000000000146,223.7468898492822
2023-11-12 12:00:00,7937.41503269534,35708.50000000006,222.2836308636691
2023-11-12 13:00:00,7903.561924293132,35979.0,219.671528510885
2023-11-12 14:00:00,7318.03479189322,35620.50000000003,205.44447135478765
2023-11-12 15:00:00,6737.629712435557,36169.50000000004,186.27931578914695
2023-11-12 16:00:00,7481.275264037981,39307.500000000044,190.32691634008708
2023-11-12 17:00:00,8011.896196400203,40512.00000000004,197.7660001086146
2023-11-12 18:00:00,7057.344811015467,39518.50000000003,178.5833169532108
2023-11-12 19:00:00,5849.30065556634,37149.50000000006,157.45301163047498
2023-11-12 20:00:00,4864.510411467132,34454.00000000003,141.18855318590377
2023-11-12 21:00:00,4086.865009488832,31996.500000000033,127.72850185141587
2023-11-12 22:00:00,3242.874565078514,29402.000000000022,110.29435293784476
2023-11-12 23:00:00,1618.6959999999967,26416.633940541218,61.27563427056496
2023-11-13 00:00:00,2018.8436358618933,25686.500000000022,78.59551265691674
2023-11-13 01:00:00,2032.7757566237678,26135.000000000025,77.77982615740447
2023-11-13 02:00:00,1750.0524137747834,25845.500000000025,67.71207420149665
2023-11-13 03:00:00,1833.4866992665668,26185.50000000004,70.01915943046968
2023-11-13 04:00:00,1557.8591149694491,26666.500000000025,58.420081936866396
2023-11-13 05:00:00,1130.0459999999969,29670.95576206897,38.0859318810564
2023-11-13 06:00:00,1148.0099999999968,33197.84571697139,34.580858342055365
2023-11-13 07:00:00,1496.9059999999913,36687.00000000005,40.80208248153267
2023-11-13 08:00:00,2661.709031758942,38439.500000000044,69.2441117017375
2023-11-13 09:00:00,2794.0594711044314,39924.50000000005,69.98358078634493
2023-11-13 10:00:00,3054.541332172704,39739.500000000015,76.86411082607238
2023-11-13 11:00:00,2091.755198655918,39587.00000000004,52.83944725935069
2023-11-13 12:00:00,2680.290635291468,39029.000000000015,68.67433537347785
2023-11-13 13:00:00,2854.567625274221,38613.50000000001,73.92667396828105
2023-11-13 14:00:00,3405.344437888975,38432.500000000065,88.6058528039802
2023-11-13 15:00:00,3160.0005652348527,39124.50000000002,80.76781978644713
2023-11-13 16:00:00,3612.81661530741,41331.000000000044,87.41178813257376
2023-11-13 17:00:00,4635.494210922161,42922.00000000005,107.99809447188284
2023-11-13 18:00:00,4717.115753351937,41580.00000000007,113.44674731486121
2023-11-13 19:00:00,3272.815852585211,38989.00000000003,83.94203115199693
2023-11-13 20:00:00,2398.9184852062067,36235.50000000003,66.20354307809207
2023-11-13 21:00:00,1734.5979999999968,34484.24979439315,50.30116677446258
2023-11-13 22:00:00,1739.841999999997,32693.438435097138,53.216855836498304
2023-11-13 23:00:00,1345.8399999999967,30062.473911678124,44.768105377953916
2023-11-14 00:00:00,1427.063999999997,29498.573015429112,48.37739097594913
2023-11-14 01:00:00,1461.725999999997,29057.07618445597,50.30533666638987
2023-11-14 02:00:00,1350.8339999999969,28397.810350922733,47.56824499168135
2023-11-14 03:00:00,1134.3179999999968,27493.69122511861,41.25739213087795
2023-11-14 04:00:00,1286.9839999999967,27554.97232090031,46.706053085882644
2023-11-14 05:00:00,1260.1399999999967,27654.494249933214,45.56727700789683
2023-11-14 06:00:00,2190.395999999991,29140.000000000015,75.16801647220281
2023-11-14 07:00:00,2138.953999999991,33793.000000000044,63.29577131358531
2023-11-14 08:00:00,3171.168994840667,36364.00000000006,87.20627529536524
2023-11-14 09:00:00,4924.893817479687,38003.00000000004,129.59223791489308
2023-11-14 10:00:00,6067.705226637116,38459.49999999997,157.76869763353972
2023-11-14 11:00:00,6873.917154235691,38803.50000000003,177.14683351336052
2023-11-14 12:00:00,7908.276568813374,38040.0,207.893705804768
2023-11-14 13:00:00,8184.993379632026,38081.00000000006,214.93640869809124
2023-11-14 14:00:00,7722.21296306524,37994.500000000044,203.24554772572952
2023-11-14 15:00:00,7369.3188078874755,37862.00000000002,194.63627932722707
2023-11-14 16:00:00,8191.269160323869,39670.000000000044,206.4852321735281
2023-11-14 17:00:00,9078.266081850728,41310.49999999991,219.75686766925472
2023-11-14 18:00:00,8596.255066199781,40655.50000000006,211.44138102347208
2023-11-14 19:00:00,7338.937663166873,38501.50000000002,190.61433095247895
2023-11-14 20:00:00,5993.476420916452,35781.000000000044,167.50444148895906
2023-11-14 21:00:00,4396.641076707862,32502.500000000036,135.27085844805345
2023-11-14 22:00:00,2623.599650951973,28957.500000000044,90.60173188127322
2023-11-14 23:00:00,1351.4339999999968,27538.415800221348,49.07450050155515
2023-11-15 00:00:00,1164.3399999999967,27121.969456085375,42.92977329265272
2023-11-15 01:00:00,1150.5379999999968,27726.59275758995,41.49583073762446
2023-11-15 02:00:00,1131.5239999999967,27497.98160083429,41.1493474839501
2023-11-15 03:00:00,1083.879999999997,27765.14340278621,39.03743568964353
2023-11-15 04:00:00,1021.1559999999968,27249.885953616216,37.47377151369265
2023-11-15 05:00:00,1415.8399999999913,27548.00000000001,51.39538260490746
2023-11-15 06:00:00,1866.1028304234492,32027.000000000036,58.26655104828573
2023-11-15 07:00:00,5106.499456648351,36332.49999999997,140.54908020775767
2023-11-15 08:00:00,6119.482838592001,38058.50000000006,160.79148780409085
2023-11-15 09:00:00,6361.353866258155,39703.000000000015,160.22350618991393
2023-11-15 10:00:00,6460.830078060422,40619.500000000044,159.05735122442212
2023-11-15 11:00:00,6228.552403235481,40713.500000000044,152.98494119236798
2023-11-15 12:00:00,5968.547652901902,40448.500000000015,147.55918397225855
2023-11-15 13:00:00,5522.403952538748,39466.00000000003,139.92813947546605
2023-11-15 14:00:00,6095.046792726624,39665.50000000012,153.66116127936382
2023-11-15 15:00:00,7192.7462295175055,40296.49999999999,178.4955574185725
2023-11-15 16:00:00,8202.880050519036,41018.50000000006,199.98001025193568
2023-11-15 17:00:00,8936.281419741304,41594.00000000006,214.84544452904967
2023-11-15 18:00:00,9135.854751739475,40657.000000000044,224.70557964777197
2023-11-15 19:00:00,8937.597662458715,38593.50000000004,231.58297802631805
2023-11-15 20:00:00,8903.869748839339,36141.000000000044,246.36478649841808
2023-11-15 21:00:00,8400.57646346558,33610.000000000044,249.9427689219152
2023-11-15 22:00:00,8093.542232420393,30705.500000000025,263.5860752119453
2023-11-15 23:00:00,7608.15327787555,28212.000000000062,269.6779128695425
2023-11-16 00:00:00,7722.953210629704,27523.00000000004,280.5999785862621
2023-11-16 01:00:00,7766.805125822927,27189.50000000004,285.65457716482155
2023-11-16 02:00:00,7484.9230991603845,26498.500000000033,282.4659169070089
2023-11-16 03:00:00,7414.161008130575,26056.000000000033,284.5471679509735
2023-11-16 04:00:00,7375.609456637516,25910.000000000022,284.66265753135895
2023-11-16 05:00:00,7954.128936363547,27149.500000000033,292.9751537362948
2023-11-16 06:00:00,9386.391381845206,30312.50000000007,309.6541486794288
2023-11-16 07:00:00,10826.560759078211,34870.00000000006,310.483531949475
2023-11-16 08:00:00,11543.528762597718,37456.00000000003,308.1890421453895
2023-11-16 09:00:00,11786.966980999892,38548.5,305.7697959972474
2023-11-16 10:00:00,12248.612862712016,39234.000000000065,312.1938334789212
2023-11-16 11:00:00,12174.617182752452,39374.000000000044,309.2044796757362
2023-11-16 12:00:00,12231.06476994327,39619.000000000065,308.71715010331536
2023-11-16 13:00:00,12027.479188361664,39046.00000000005,308.03358060650635
2023-11-16 14:00:00,11835.519581860113,38648.99999999987,306.23093952909915
2023-11-16 15:00:00,11924.32821871469,38382.500000000044,310.670962514549
2023-11-16 16:00:00,12780.688661265673,40440.00000000005,316.04076808273135
2023-11-16 17:00:00,13203.387279401903,41269.50000000007,319.93087581390324
2023-11-16 18:00:00,12929.368993417656,40883.50000000005,316.24907342614114
2023-11-16 19:00:00,12193.594691977147,39326.000000000044,310.06445333817663
2023-11-16 20:00:00,11371.770433321175,36996.500000000044,307.3742227865112
2023-11-16 21:00:00,10376.356821987905,34449.00000000005,301.2092316754591
2023-11-16 22:00:00,9093.992509499603,31097.50000000003,292.4348423345798
2023-11-16 23:00:00,7523.024396555915,28052.000000000036,268.18139157835105
2023-11-17 00:00:00,7348.486955497567,28249.50000000003,260.12803608904795
2023-11-17 01:00:00,6861.33369844475,27763.000000000025,247.13949135341076
2023-11-17 02:00:00,6700.798636605029,27285.500000000025,245.5809362703642
2023-11-17 03:00:00,6985.302587767099,26851.500000000025,260.14571207444993
2023-11-17 04:00:00,6991.053405833913,26206.500000000033,266.7679165792419
2023-11-17 05:00:00,7315.692053500949,27179.000000000033,269.16707949155375
2023-11-17 06:00:00,8976.913169718053,30114.000000000036,298.09766785276094
2023-11-17 07:00:00,10745.274357803895,34749.000000000015,309.225426855561
2023-11-17 08:00:00,11577.5990715007,37660.50000000002,307.42021671248904
2023-11-17 09:00:00,11750.700770726078,39854.50000000006,294.8399997673051
2023-11-17 10:00:00,11592.636420779172,39736.50000000006,291.7377328345263
2023-11-17 11:00:00,11415.605512477112,39867.00000000006,286.34222571242117
2023-11-17 12:00:00,11369.695804577592,39303.50000000006,289.27947395467515
2023-11-17 13:00:00,11019.676666292424,38277.50000000011,287.8891428722459
2023-11-17 14:00:00,10724.097624738813,36738.500000000044,291.9035242249629
2023-11-17 15:00:00,11065.069531028366,36525.50000000003,302.94094621643393
2023-11-17 16:00:00,12170.587681942816,38809.50000000001,313.59815720230387
2023-11-17 17:00:00,12651.209382832956,39827.50000000005,317.6501006297895
2023-11-17 18:00:00,12164.954311759038,39285.500000000044,309.6550715088016
2023-11-17 19:00:00,11228.644508681022,37316.50000000005,300.9029386110971
2023-11-17 20:00:00,10125.302791681695,35008.50000000002,289.22412533189623
2023-11-17 21:00:00,8392.109549899411,32154.500000000025,260.9933150849618
2023-11-17 22:00:00,6609.641275035163,29190.000000000047,226.43512418756944
2023-11-17 23:00:00,3742.2812255863514,26604.000000000036,140.66611132109256
2023-11-18 00:00:00,1998.2836393706557,26178.50000000003,76.33300759671691
2023-11-18 01:00:00,1179.061999999998,25748.84280556106,45.79087335704859
2023-11-18 02:00:00,993.2099999999981,26166.169415699245,37.957791384018535
2023-11-18 03:00:00,1046.3459999999982,27388.235772759585,38.20421324986171
2023-11-18 04:00:00,856.9879999999981,28726.303988086544,29.83286678144918
2023-11-18 05:00:00,844.163999999998,30266.684665614866,27.890864471159908
2023-11-18 06:00:00,844.163999999998,30649.18568718966,27.542787224941854
2023-11-18 07:00:00,899.6501264473104,30639.067908427245,29.362842536076712
2023-11-18 08:00:00,1310.269999999998,31522.072636539317,41.56674642266947
2023-11-18 09:00:00,1712.645999999998,32867.82800061515,52.107063477633645
2023-11-18 10:00:00,1842.6559999999968,34095.500000000044,54.0439647460807
2023-11-18 11:00:00,1855.1159999999968,34831.0,53.26048634836774
2023-11-18 12:00:00,1856.1659999999968,34912.50000000008,53.166229860364986
2023-11-18 13:00:00,1847.869999999997,34185.50000000009,54.05420426789113
2023-11-18 14:00:00,1853.2959999999969,33518.99999999996,55.29090963334225
2023-11-18 15:00:00,1841.8159999999968,33559.00000000001,54.88292261390376
2023-11-18 16:00:00,1860.5559999999969,35079.00000000012,53.039026198009935
2023-11-18 17:00:00,1866.7459999999967,36379.000000000044,51.31383490475259
2023-11-18 18:00:00,1842.3659999999968,35841.500000000065,51.40314997977187
2023-11-18 19:00:00,1837.0686706335664,33677.00000000004,54.54965319457091
2023-11-18 20:00:00,1472.2183259936314,32049.500000000022,45.93576579957973
2023-11-18 21:00:00,1427.65194920434,32280.860008325635,44.22595769865273
2023-11-18 22:00:00,1135.6040000000005,30501.167806568283,37.231492485853394
2023-11-18 23:00:00,872.2480000000007,28991.600841832944,30.086231000442208
2023-11-19 00:00:00,847.6400000000007,28742.521380694834,29.49080175580301
2023-11-19 01:00:00,846.4920000000006,29018.2310139416,29.171040770655857
2023-11-19 02:00:00,769.7040000000006,29101.042538644346,26.44936170166008
2023-11-19 03:00:00,763.0260000000006,29138.7176182356,26.185984228848955
2023-11-19 04:00:00,767.9020000000006,28806.524448799315,26.657224871569245
2023-11-19 05:00:00,748.0800000000006,27826.146629518036,26.88406734716318
2023-11-19 06:00:00,748.0800000000006,27147.40544865337,27.55622453184043
2023-11-19 07:00:00,1189.4600000000005,29112.40091604426,40.85750273329302
2023-11-19 08:00:00,1589.0940000000005,30710.462290862215,51.744385511019466
2023-11-19 09:00:00,1664.7920000000006,31714.45266423105,52.49316510757968
2023-11-19 10:00:00,1822.2578221702768,31969.53261875373,56.999826800762094
2023-11-19 11:00:00,2324.6659999999915,33065.49999999993,70.30487970845735
2023-11-19 12:00:00,2324.6659999999915,34082.50000000001,68.20702706667618
2023-11-19 13:00:00,2324.6659999999915,33789.49999999999,68.79847289838536
2023-11-19 14:00:00,2324.7359999999912,33756.50000000005,68.86780323789456
2023-11-19 15:00:00,2330.2319999999913,34717.50000000006,67.11980989414525
2023-11-19 16:00:00,2932.8792155964597,37337.499999999985,78.55049790683525
2023-11-19 17:00:00,3916.283134342846,38430.50000000003,101.90559931155835
2023-11-19 18:00:00,3926.696823512002,36850.500000000015,106.55749103843911
2023-11-19 19:00:00,3255.7849913316245,34919.00000000003,93.23820817697018
2023-11-19 20:00:00,3268.1448823307865,33169.000000000015,98.53009986224441
2023-11-19 21:00:00,1855.5659999999968,30499.022578810996,60.84017922886288
2023-11-19 22:00:00,1852.4559999999967,30037.01113966815,61.67244774742467
2023-11-19 23:00:00,1568.7099999999966,28945.044447742326,54.196151014110946
2023-11-20 00:00:00,1611.137999999997,28702.329398184425,56.13265660946355
2023-11-20 01:00:00,1800.687999999997,28951.05291857044,62.197668770967525
2023-11-20 02:00:00,1730.799999999997,27772.96462516713,62.31959833454696
2023-11-20 03:00:00,1756.0359999999966,26615.530812375084,65.97786880070471
2023-11-20 04:00:00,1372.9939999999967,24573.458653939262,55.87304657986751
2023-11-20 05:00:00,1740.7419999999913,24023.000000000033,72.46147442034672
2023-11-20 06:00:00,1968.9776491338723,28506.00000000003,69.07239350080229
2023-11-20 07:00:00,4388.696160570472,33354.000000000015,131.57930564761259
2023-11-20 08:00:00,6076.913972968956,35784.000000000065,169.8220985068451
2023-11-20 09:00:00,7086.232081599718,38160.999999999825,185.69303953250048
2023-11-20 10:00:00,8775.947609260358,39153.00000000002,224.14495975430626
2023-11-20 11:00:00,7707.742681421167,38929.00000000004,197.9948799460854
2023-11-20 12:00:00,7251.560108369638,38816.4999999999,186.81643394869855
2023-11-20 13:00:00,7447.127318154808,38777.500000000175,192.04763891831018
2023-11-20 14:00:00,7399.581348413542,37852.50000000007,195.48461392017774
2023-11-20 15:00:00,7972.19114335262,38768.50000000005,205.63579048332048
2023-11-20 16:00:00,8863.671947978779,41176.00000000001,215.26306460022286
2023-11-20 17:00:00,9148.663597032777,41916.50000000005,218.25924390234792
2023-11-20 18:00:00,8803.14036629296,41234.0,213.49227254918176
2023-11-20 19:00:00,7607.594035034462,38760.50000000006,196.27182402276674
2023-11-20 20:00:00,6359.317514067628,36700.50000000006,173.27604566879518
2023-11-20 21:00:00,4504.834475219915,32860.00000000004,137.0917369208737
2023-11-20 22:00:00,3278.9511910124725,29356.500000000025,111.69421392238412
2023-11-20 23:00:00,2187.5894522006956,26592.00000000002,82.26494630718615
2023-11-21 00:00:00,1700.3607476590553,26037.00000000003,65.30555546564709
2023-11-21 01:00:00,1303.8836378612475,25693.500000000015,50.74760689906968
2023-11-21 02:00:00,1742.6866662790085,25650.000000000022,67.94100063465915
2023-11-21 03:00:00,1856.9258572908113,25393.00000000004,73.12747045606302
2023-11-21 04:00:00,2075.448415142352,24543.500000000036,84.5620394459775
2023-11-21 05:00:00,3415.875420524732,26289.500000000033,129.9330691159865
2023-11-21 06:00:00,5751.427807384532,31911.00000000003,180.23339310534067
2023-11-21 07:00:00,8422.561565692851,37940.500000000044,221.9939527864114
2023-11-21 08:00:00,9072.809831046856,39542.00000000035,229.44741872051935
2023-11-21 09:00:00,9197.762989649635,40605.50000000003,226.5152008878016
2023-11-21 10:00:00,9746.060396418261,40962.00000000004,237.92931000483992
2023-11-21 11:00:00,9387.443275849999,40551.50000000003,231.49435349740435
2023-11-21 12:00:00,9171.059094082613,40723.50000000011,225.20311599156724
2023-11-21 13:00:00,9593.68678126691,40825.000000000015,234.9953896207448
2023-11-21 14:00:00,9690.033561622191,39890.99999999998,242.91277635612533
2023-11-21 15:00:00,10116.970463464137,40774.000000000044,248.12307998881948
2023-11-21 16:00:00,10364.658925288864,41206.000000000335,251.53276040597922
2023-11-21 17:00:00,10840.306591312434,42399.499999999505,255.67062326943858
2023-11-21 18:00:00,10461.981851945671,41167.49999999994,254.13206660461978
2023-11-21 19:00:00,9762.440255203415,39658.50000000005,246.162619746168
2023-11-21 20:00:00,8725.281759704692,37337.00000000001,233.68995258603238
2023-11-21 21:00:00,7384.971875618194,33744.99999999997,218.84640318915987
2023-11-21 22:00:00,5835.45618241864,30057.00000000004,194.1463280573122
2023-11-21 23:00:00,4096.957534349239,27025.000000000033,151.5987986808227
2023-11-22 00:00:00,3410.1409621551716,26466.00000000004,128.84988143864453
2023-11-22 01:00:00,3000.8091891530544,27072.500000000033,110.84344590093457
2023-11-22 02:00:00,2443.618264823345,26676.50000000002,91.6019067277695
2023-11-22 03:00:00,1991.3095965643172,26051.000000000033,76.43889280888698
2023-11-22 04:00:00,1716.046202879089,26114.500000000022,65.71238977882355
2023-11-22 05:00:00,2083.8595205626593,27775.000000000044,75.0264453847941
2023-11-22 06:00:00,3431.451841545284,32232.50000000001,106.45937614349748
2023-11-22 07:00:00,4977.947933459656,36932.50000000009,134.7850249362931
2023-11-22 08:00:00,5528.180650359647,39411.00000000009,140.26999188956472
2023-11-22 09:00:00,5243.473538701608,39505.999999999985,132.72600462465473
2023-11-22 10:00:00,4993.081193919088,39631.500000000044,125.98769145551094
2023-11-22 11:00:00,4649.004159890382,40772.500000000065,114.02303415023299
2023-11-22 12:00:00,4488.04076748464,41741.5,107.5198727282115
2023-11-22 13:00:00,4081.254336125082,41242.5000000001,98.95749132872818
2023-11-22 14:00:00,3890.250802387228,41020.00000000006,94.83790351992253
2023-11-22 15:00:00,4278.605632806735,41729.5000000001,102.53191705644028
2023-11-22 16:00:00,4651.930516887924,42264.99999999997,110.06578769402405
2023-11-22 17:00:00,4770.014809792985,42325.500000000044,112.69836882713683
2023-11-22 18:00:00,4671.486705720914,41651.50000000007,112.15650590545133
2023-11-22 19:00:00,3339.6331543054425,39120.00000000005,85.36894566220444
2023-11-22 20:00:00,1743.5674976925427,36720.50000000004,47.48212844848357
2023-11-22 21:00:00,900.7926541107217,33592.00000000003,26.815689869930964
2023-11-22 22:00:00,48.900000000000006,30736.252707040767,1.590955165097223
2023-11-22 23:00:00,39.900000000000006,30692.969631959957,1.2999719635617455
2023-11-23 00:00:00,31.640000000000004,30496.460525541028,1.0374974490400697
2023-11-23 01:00:00,16.59,30175.85760806111,0.5497772495973134
2023-11-23 02:00:00,48.449999999999996,29910.165138839166,1.619850635230574
2023-11-23 03:00:00,1.54,29806.82367863396,0.051666021733939346
2023-11-23 04:00:00,16.17,30131.79312418304,0.5366424737272723
2023-11-23 05:00:00,31.85,30319.487873354185,1.0504794847801793
2023-11-23 06:00:00,423.6568225143949,32045.000000000004,13.22068411653596
2023-11-23 07:00:00,685.357099432586,34266.000000000015,20.001082689330115
2023-11-23 08:00:00,1302.3596569141735,36422.06898412274,35.75743205258063
2023-11-23 09:00:00,1498.8540000000005,38318.99999999994,39.11516480075166
2023-11-23 10:00:00,1537.5120000000004,39184.50000000005,39.23775982850358
2023-11-23 11:00:00,1632.2060000000006,40178.435730954494,40.62393097953556
2023-11-23 12:00:00,1594.3829158993215,39891.00000000005,39.96848702462509
2023-11-23 13:00:00,1260.8120179259279,38569.99999999997,32.68892968436425
2023-11-23 14:00:00,1251.2580000000007,38421.63415504373,32.56649612951833
2023-11-23 15:00:00,1217.2829104821815,37770.499999999956,32.22840339635914
2023-11-23 16:00:00,1545.257999999998,39737.50000000004,38.88664359861583
2023-11-23 17:00:00,1732.0979999999981,41100.000000000065,42.14350364963492
2023-11-23 18:00:00,1656.957999999998,40524.00000000004,40.888313098410734
2023-11-23 19:00:00,1795.7405371931902,39034.000000000065,46.00452265187239
2023-11-23 20:00:00,1385.0781628717168,36843.00000000003,37.59406570777938
2023-11-23 21:00:00,799.204,33954.15765365103,23.537736030805725
2023-11-23 22:00:00,469.42999999999995,31242.115248045062,15.025551127796124
2023-11-23 23:00:00,294.63399999999996,30061.09546457432,9.801173092551242
2023-11-24 00:00:00,455.50413761730186,30094.92310198148,15.135580711529084
2023-11-24 01:00:00,792.6626693684453,30720.688994790926,25.802242570238292
2023-11-24 02:00:00,990.2880000000007,30919.60753002021,32.02783214626895
2023-11-24 03:00:00,833.3100000000006,30322.865813690794,27.48124155282713
2023-11-24 04:00:00,769.6340000000006,30058.750967973734,25.604324039279323
2023-11-24 05:00:00,783.3020000000006,30297.82562811078,25.853406433009543
2023-11-24 06:00:00,854.9300000000006,30803.848851957806,27.75399931705819
2023-11-24 07:00:00,1218.3538050078844,34306.0326187538,35.51427291367574
2023-11-24 08:00:00,2211.6779999999912,36836.50000000002,60.04039471719599
2023-11-24 09:00:00,2350.3879999999913,38677.00000000003,60.769656384931345
2023-11-24 10:00:00,2351.1299999999915,39855.49999999999,58.99135627454158
2023-11-24 11:00:00,2351.1299999999915,40547.00000000008,57.98530100870562
2023-11-24 12:00:00,2351.2359999999912,40564.50000000002,57.9628985935976
2023-11-24 13:00:00,2351.2359999999912,39394.50000000003,59.68437218393404
2023-11-24 14:00:00,2351.2359999999912,38494.000000000124,61.08058398711445
2023-11-24 15:00:00,2077.6719999999914,37897.500000000044,54.82345801174191
2023-11-24 16:00:00,4103.017712525125,40217.49999999997,102.0207052284485
2023-11-24 17:00:00,6522.338533318575,41054.00000000003,158.87218135427904
2023-11-24 18:00:00,6384.240793673243,40369.00000000004,158.14711272692506
2023-11-24 19:00:00,6008.582576476053,38709.00000000008,155.22443298654164
2023-11-24 20:00:00,5214.160327681087,36661.99999999974,142.22247361521806
2023-11-24 21:00:00,4276.603402981305,34245.00000000003,124.88256396499641
2023-11-24 22:00:00,3636.942338590458,31501.00000000002,115.4548217069444
2023-11-24 23:00:00,2588.985359473843,29117.500000000033,88.91509777535296
2023-11-25 00:00:00,2380.0578817327187,28556.50000000003,83.34557392301984
2023-11-25 01:00:00,2193.9869539259703,28354.000000000033,77.37839295781787
2023-11-25 02:00:00,1875.5219999999968,28111.082428553884,66.71824198754196
2023-11-25 03:00:00,1784.695999999997,27609.149254422333,64.64147024429342
2023-11-25 04:00:00,1756.9119999999969,27390.963505160973,64.14202989496742
2023-11-25 05:00:00,1812.3919999999966,27063.70061037482,66.96763410489471
2023-11-25 06:00:00,2212.8859999999913,27156.000000000033,81.48792163794332
2023-11-25 07:00:00,2738.6899157171874,30258.500000000022,90.50977132763308
2023-11-25 08:00:00,5023.921729629625,33524.00000000002,149.86045011423522
2023-11-25 09:00:00,6018.22212451674,36690.500000000015,164.02671330499004
2023-11-25 10:00:00,6475.621472787035,37991.50000000003,170.44921818793756
2023-11-25 11:00:00,6262.933300539835,38309.00000000008,163.48464591975312
2023-11-25 12:00:00,6249.097749192948,37899.50000000003,164.88602090246422
2023-11-25 13:00:00,5774.1471744105465,36730.000000000015,157.20520485735216
2023-11-25 14:00:00,5615.504488936373,35355.499999999985,158.8297291492519
2023-11-25 15:00:00,6502.788729075887,35501.00000000003,183.1719875236157
2023-11-25 16:00:00,8275.827238219828,38366.00000000004,215.70732518948603
2023-11-25 17:00:00,9356.675852610273,39694.50000000002,235.71718632582014
2023-11-25 18:00:00,9528.359266518777,39251.00000000003,242.75456081421544
2023-11-25 19:00:00,9435.283479680382,37956.99999999981,248.57821955582446
2023-11-25 20:00:00,9122.88702357302,35910.499999999956,254.04511281026527
2023-11-25 21:00:00,8510.340037520577,33827.000000000044,251.58423855265215
2023-11-25 22:00:00,7920.786819560823,31496.999999999985,251.4775000654293
2023-11-25 23:00:00,6999.479222826402,28900.499999999807,242.19232272197536
2023-11-26 00:00:00,6798.587338264543,28281.000000000036,240.3941635113516
2023-11-26 01:00:00,6566.706789356966,28064.00000000002,233.99040726043904
2023-11-26 02:00:00,6286.051474279599,27286.50000000003,230.37221608779404
2023-11-26 03:00:00,6067.641305285841,26323.500000000025,230.50283227100633
2023-11-26 04:00:00,5655.762625952941,24973.00000000001,226.4750981441132
2023-11-26 05:00:00,5527.141974875764,24622.00000000016,224.47981377937327
2023-11-26 06:00:00,6034.759409618551,25359.00000000001,237.97308291409553
2023-11-26 07:00:00,7127.798882011117,27362.49999999999,260.49516243073987
2023-11-26 08:00:00,8060.695674736593,30229.000000000033,266.65439395072895
2023-11-26 09:00:00,9179.4574193401,33724.50000000003,272.1895778837371
2023-11-26 10:00:00,10054.396452197758,35745.50000000003,281.27726433251036
2023-11-26 11:00:00,10205.719831203214,36892.500000000044,276.63399962602705
2023-11-26 12:00:00,10412.952104968817,37746.500000000015,275.8653677816172
2023-11-26 13:00:00,10412.501424907017,37895.50000000003,274.7688096187413
2023-11-26 14:00:00,10438.143037756487,37804.000000000015,276.11213199017254
2023-11-26 15:00:00,10790.699265426581,38583.00000000002,279.67496735418644
2023-11-26 16:00:00,11390.050118870757,40092.00000000006,284.0978279674434
2023-11-26 17:00:00,11675.456714591264,41024.500000000044,284.59717277702964
2023-11-26 18:00:00,11096.431092002496,40243.000000000015,275.7356830256813
2023-11-26 19:00:00,10264.05629912383,38401.000000000015,267.28617221228154
2023-11-26 20:00:00,9322.382818509226,36257.500000000044,257.1159847896081
2023-11-26 21:00:00,7914.535225410137,33352.00000000002,237.30316698879022
2023-11-26 22:00:00,7008.165203278447,29901.50000000003,234.37503815121113
2023-11-26 23:00:00,5541.989926594461,26925.000000000047,205.83063794222662
2023-11-27 00:00:00,5305.848233217312,26218.000000000047,202.3742555960524
2023-11-27 01:00:00,5290.426103948202,26003.500000000025,203.45053950230533
2023-11-27 02:00:00,4872.911639498597,25476.500000000025,191.27084330652139
2023-11-27 03:00:00,5015.128337967878,25570.500000000044,196.12945925843724
2023-11-27 04:00:00,4890.136955291313,25453.00000000006,192.12418792642524
2023-11-27 05:00:00,5142.791774572609,25602.000000000055,200.87461036530732
2023-11-27 06:00:00,7854.845222010537,31626.500000000036,248.36277242219433
2023-11-27 07:00:00,9297.49128512556,36986.000000000065,251.37866449806802
2023-11-27 08:00:00,9111.857529644862,38644.00000000003,235.78970938942282
2023-11-27 09:00:00,9466.562040613615,40532.50000000004,233.55485204745838
2023-11-27 10:00:00,9576.312654307572,41539.5,230.53509681887294
2023-11-27 11:00:00,9649.641687075922,41901.00000000005,230.29621457902937
2023-11-27 12:00:00,9544.31090175974,42246.000000000015,225.9222388334928
2023-11-27 13:00:00,8787.986345739228,42008.99999999997,209.19294307741754
2023-11-27 14:00:00,8098.015371317881,42178.000000000044,191.996191647728
2023-11-27 15:00:00,7319.733831917225,42354.49999999994,172.82068804772186
2023-11-27 16:00:00,7135.752210165335,43609.00000000001,163.63026462806607
2023-11-27 17:00:00,7529.29483736849,44448.50000000003,169.39367666779498
2023-11-27 18:00:00,7269.733624072466,43527.000000000015,167.01664769160436
2023-11-27 19:00:00,6534.720132734946,41605.50000000003,157.0638529217277
2023-11-27 20:00:00,6037.849234665224,39120.5,154.33977670697521
2023-11-27 21:00:00,4768.351513040296,35591.50000000006,133.97444651223714
2023-11-27 22:00:00,3709.824958356477,32144.000000000033,115.41267292049754
2023-11-27 23:00:00,2753.461415995854,29007.00000000001,94.92403268162352
2023-11-28 00:00:00,2820.1080794980867,28610.50000000004,98.56898968903315
2023-11-28 01:00:00,2744.7157015805274,28183.00000000002,97.38905374092629
2023-11-28 02:00:00,2609.0754427989664,27506.000000000047,94.85477505994918
2023-11-28 03:00:00,2868.0029414803817,27008.50000000002,106.18890132663346
2023-11-28 04:00:00,3383.5762627850236,26547.00000000002,127.45606896391386
2023-11-28 05:00:00,4459.896462168258,27172.00000000004,164.13574496423715
2023-11-28 06:00:00,7384.175276717985,31426.000000000047,234.97025637109317
2023-11-28 07:00:00,9858.888627007487,36902.00000000003,267.1640731398699
2023-11-28 08:00:00,10884.718574942395,39430.50000000003,276.0482006300297
2023-11-28 09:00:00,11492.053983999278,41510.50000000004,276.84691786413725
2023-11-28 10:00:00,11226.533099819006,41698.00000000009,269.2343301793607
2023-11-28 11:00:00,10787.042193624911,42153.49999999997,255.89908770623836
2023-11-28 12:00:00,9919.542369913312,41927.50000000004,236.58797614723755
2023-11-28 13:00:00,9349.447812038075,40944.500000000044,228.34441285247263
2023-11-28 14:00:00,8791.633183134007,39741.000000000015,221.22325012289585
2023-11-28 15:00:00,9167.303990051325,39982.500000000044,229.28291102485628
2023-11-28 16:00:00,9751.412996861824,42422.00000000007,229.8668850328086
2023-11-28 17:00:00,10206.817355971636,43844.000000000065,232.79849822031795
2023-11-28 18:00:00,9920.297453688263,43659.50000000003,227.2196762145296
2023-11-28 19:00:00,9376.908201230503,42557.499999999985,220.33503380674395
2023-11-28 20:00:00,8672.875408323156,40051.49999999985,216.5430859848742
2023-11-28 21:00:00,7126.737157714777,36433.50000000004,195.60945716757297
2023-11-28 22:00:00,5248.691264329536,33166.50000000001,158.2527931596501
2023-11-28 23:00:00,4142.700702274272,29885.000000000036,138.62140546341865
2023-11-29 00:00:00,4035.7023029065226,29949.500000000036,134.75023966699
2023-11-29 01:00:00,3758.7464618628924,29625.000000000033,126.8775177000131
2023-11-29 02:00:00,3924.7990649992994,28527.50000000001,137.57949574969058
2023-11-29 03:00:00,4300.294494635649,27782.50000000005,154.78428847784187
2023-11-29 04:00:00,4882.296113532857,27171.50000000002,179.68445295743163
2023-11-29 05:00:00,5979.172011971264,28224.00000000004,211.8470809230178
2023-11-29 06:00:00,8164.591964208457,32700.500000000036,249.6778937388862
2023-11-29 07:00:00,10461.18892410363,38050.00000000005,274.9326918292672
2023-11-29 08:00:00,10871.094699141717,39829.50000000003,272.940777542819
2023-11-29 09:00:00,11525.395063505224,42790.50000000003,269.34471584826576
2023-11-29 10:00:00,11421.464936114315,43895.00000000007,260.199679601647
2023-11-29 11:00:00,11059.451618393083,43472.499999999825,254.40109536817823
2023-11-29 12:00:00,10946.290383298929,42681.000000000044,256.4675237997919
2023-11-29 13:00:00,10793.268834824114,42105.000000000204,256.3417369629275
2023-11-29 14:00:00,10530.431504393497,40612.00000000004,259.2935955972
2023-11-29 15:00:00,11125.808037995357,40777.50000000003,272.8418377290258
2023-11-29 16:00:00,12193.176095307166,42923.00000000006,284.0709199102381
2023-11-29 17:00:00,12531.209685506457,43647.00000000006,287.103573796743
2023-11-29 18:00:00,12496.912267343152,43771.50000000006,285.5034044376623
2023-11-29 19:00:00,12015.197699593286,42574.00000000006,282.2191407806001
2023-11-29 20:00:00,11300.821249559693,40268.00000000009,280.6402416201368
2023-11-29 21:00:00,10614.962446086602,37235.99999999986,285.07257616517995
2023-11-29 22:00:00,9881.39849559348,35399.50000000003,279.1394933711909
2023-11-29 23:00:00,9393.754240882756,33942.500000000044,276.7549308649258
2023-11-30 00:00:00,9122.985550231706,33474.500000000044,272.5353791761398
2023-11-30 01:00:00,8633.022986168278,32988.50000000004,261.6979549287863
2023-11-30 02:00:00,7915.105484491671,32001.500000000047,247.33545254102648
2023-11-30 03:00:00,7582.919507619022,31192.000000000044,243.1046264304633
2023-11-30 04:00:00,8042.743062535085,32685.000000000025,246.06832071393848
2023-11-30 05:00:00,9159.012722778225,35067.499999999985,261.18236893928076
2023-11-30 06:00:00,10248.47764572829,37916.000000000044,270.29427275367334
2023-11-30 07:00:00,11503.55791934948,41082.50000000005,280.01114633601816
2023-11-30 08:00:00,12013.99322859851,42329.50000000006,283.8208159462903
2023-11-30 09:00:00,12556.816319229538,44523.50000000006,282.0267121683947
2023-11-30 10:00:00,12706.65814327096,45520.50000000006,279.14144491538855
2023-11-30 11:00:00,12752.491265298024,46357.000000000044,275.09310924559423
2023-11-30 12:00:00,12765.215719057722,46431.00000000004,274.92872690783554
2023-11-30 13:00:00,12744.420189995872,46815.500000000044,272.2265102369057
2023-11-30 14:00:00,12317.863356307247,45338.000000000044,271.68960598851373
2023-11-30 15:00:00,12081.401441512715,44274.00000000007,272.87801963935254
2023-11-30 16:00:00,12493.634632817922,45901.50000000007,272.18358077226026
2023-11-30 17:00:00,12943.51189029796,46002.00000000007,281.3684598560484
2023-11-30 18:00:00,12361.762373286774,44615.50000000005,277.0732676600455
2023-11-30 19:00:00,11846.653774711996,43473.50000000005,272.5028758832848
2023-11-30 20:00:00,11197.404618061217,41372.000000000044,270.65176008076
2023-11-30 21:00:00,10799.509856349247,38356.00000000006,281.5598565113471
2023-11-30 22:00:00,10441.557459343256,35952.49999999994,290.42646434443424
2023-11-30 23:00:00,10045.81590056669,34720.50000000004,289.3338488952256
2023-12-01 00:00:00,9915.03058256842,33939.00000000003,292.14268489255466
2023-12-01 01:00:00,9690.459294430508,33366.000000000044,290.42915825782217
2023-12-01 02:00:00,9434.063314859297,32746.000000000036,288.0981895455716
2023-12-01 03:00:00,9507.999855797452,32514.49999999997,292.4233759029806
2023-12-01 04:00:00,9769.483214468599,33261.00000000011,293.7218728982462
2023-12-01 05:00:00,10344.728419881652,34777.000000000015,297.45890732040283
2023-12-01 06:00:00,11014.98406511097,36351.000000000044,303.01736032326363
2023-12-01 07:00:00,12332.85591023384,39492.00000000006,312.28744834988913
2023-12-01 08:00:00,12717.864403915126,41425.00000000005,307.0094002152109
2023-12-01 09:00:00,12736.702681292103,43676.50000000003,291.61454515110177
2023-12-01 10:00:00,13035.915310200282,44786.000000000044,291.0712122136442
2023-12-01 11:00:00,12905.020568152895,45008.500000000065,286.72407585573563
2023-12-01 12:00:00,12707.797535435653,44742.00000000006,284.02390450662995
2023-12-01 13:00:00,12248.662507825413,43595.50000000006,280.96162465909083
2023-12-01 14:00:00,12185.892607825372,42850.50000000006,284.3815733264572
2023-12-01 15:00:00,12374.017906820098,42240.00000000004,292.94549968797554
2023-12-01 16:00:00,13256.31646519197,43793.50000000006,302.7005483734334
2023-12-01 17:00:00,13994.814228550984,44981.00000000005,311.1272365787992
2023-12-01 18:00:00,13785.226619862025,44256.0,311.48830937866114
2023-12-01 19:00:00,13090.624718418003,42491.000000000124,308.07993971471524
2023-12-01 20:00:00,12472.046056349833,40577.49999999968,307.36358958412745
2023-12-01 21:00:00,11635.082782779655,37798.50000000005,307.8186378501697
2023-12-01 22:00:00,10879.586079339808,34571.50000000003,314.6981206872655
2023-12-01 23:00:00,9803.990230716838,31787.000000000044,308.42766636413705
2023-12-02 00:00:00,9602.171153274285,31618.49999999989,303.68838348670295
2023-12-02 01:00:00,9456.510454753341,31402.50000000002,301.138777318791
2023-12-02 02:00:00,9218.660212504426,30689.500000000025,300.38482909478546
2023-12-02 03:00:00,9008.65678521562,30121.50000000001,299.07729645653825
2023-12-02 04:00:00,8711.036119993012,29428.500000000025,296.0068002104424
2023-12-02 05:00:00,8847.518735895897,29341.99999999996,301.530868239926
2023-12-02 06:00:00,9256.200184612553,30215.500000000033,306.3394676445051
2023-12-02 07:00:00,9899.830692062245,32370.000000000135,305.83350917708384
2023-12-02 08:00:00,10595.811122560548,35311.49999999991,300.06686554127054
2023-12-02 09:00:00,11247.155016337183,38879.00000000003,289.2861188903309
2023-12-02 10:00:00,11456.343113858584,40543.50000000002,282.5691692591557
2023-12-02 11:00:00,11468.277599465524,40890.5,280.4631295647039
2023-12-02 12:00:00,11334.237406405557,40734.99999999994,278.24321606494595
2023-12-02 13:00:00,11061.405244195614,40591.49999999976,272.5054566644662
2023-12-02 14:00:00,10710.039159520698,39932.99999999998,268.2002143470489
2023-12-02 15:00:00,10931.078917734123,39760.50000000004,274.9230748540414
2023-12-02 16:00:00,11896.684688671734,41845.00000000006,284.30361306420644
2023-12-02 17:00:00,12505.154581613711,43290.50000000006,288.86602329873057
2023-12-02 18:00:00,12039.780921199173,42284.00000000006,284.7360921672301
2023-12-02 19:00:00,11232.404746951242,40617.99999999981,276.53761255973444
2023-12-02 20:00:00,10604.162946210658,38738.000000000044,273.7405892459767
2023-12-02 21:00:00,9624.300055069327,36048.00000000005,266.9856872799965
2023-12-02 22:00:00,8407.652475689412,33534.00000000003,250.7202384353016
2023-12-02 23:00:00,6749.836333899355,31027.999999999967,217.54016803852528
2023-12-03 00:00:00,6231.949975316226,30093.500000000047,207.08624704059736
2023-12-03 01:00:00,6149.088147133757,29696.00000000002,207.06789288570022
2023-12-03 02:00:00,5933.541743722178,29348.50000000003,202.17529835331183
2023-12-03 03:00:00,5824.72406891295,29252.00000000001,199.12225040725244
2023-12-03 04:00:00,5808.939362565132,29447.00000000002,197.2676117283638
2023-12-03 05:00:00,5589.037598300777,28766.999999999764,194.28642535894681
2023-12-03 06:00:00,5599.387428895856,29619.500000000015,189.0439551273942
2023-12-03 07:00:00,6345.492409243833,31273.500000000004,202.90317390902305
2023-12-03 08:00:00,6643.553136325058,33392.99999999999,198.95047274354087
2023-12-03 09:00:00,7427.955599390701,36322.50000000004,204.50011974370415
2023-12-03 10:00:00,7624.742326475892,38705.00000000004,196.99631382188048
2023-12-03 11:00:00,8210.766778719932,40586.49999999999,202.30290315055333
2023-12-03 12:00:00,8523.820000538746,41410.000000000015,205.8396522709187
2023-12-03 13:00:00,8837.642299106135,41309.50000000007,213.93728559062976
2023-12-03 14:00:00,9272.003487321317,41150.50000000002,225.31933967561298
2023-12-03 15:00:00,9907.96338653587,40915.500000000065,242.1567226732132
2023-12-03 16:00:00,10933.74390807805,42712.500000000204,255.9846393462803
2023-12-03 17:00:00,11317.303855182698,43912.99999999987,257.72103602993946
2023-12-03 18:00:00,10889.673701786638,42285.50000000006,257.52737230934065
2023-12-03 19:00:00,9977.161483326994,40017.00000000006,249.32307477639452
2023-12-03 20:00:00,8897.207473394825,37984.00000000002,234.23566431641797
2023-12-03 21:00:00,7398.074591765621,34573.00000000003,213.98416659721792
2023-12-03 22:00:00,6391.085404968281,31392.000000000025,203.58962171789872
2023-12-03 23:00:00,4367.900685309283,28505.500000000025,153.23010244722173
2023-12-04 00:00:00,3958.1653397163927,28608.000000000036,138.3586877697283
2023-12-04 01:00:00,3469.9349453639143,29268.000000000025,118.55729620622903
2023-12-04 02:00:00,2961.607431405059,28875.500000000025,102.56471511852804
2023-12-04 03:00:00,2593.4516524294977,28742.50000000002,90.23055240252226
2023-12-04 04:00:00,2267.8922225168076,28122.000000000015,80.64477002051086
2023-12-04 05:00:00,2908.5039500777434,29782.50000000001,97.65815328054201
2023-12-04 06:00:00,4511.566280395942,35236.50000000005,128.0367312416368
2023-12-04 07:00:00,6870.140224657659,41580.500000000044,165.2250507968315
2023-12-04 08:00:00,7347.694333458984,43356.00000000003,169.47352923376187
2023-12-04 09:00:00,7328.4371337444345,43265.00000000003,169.38488694659492
2023-12-04 10:00:00,7449.689624056884,44038.500000000015,169.1631100981387
2023-12-04 11:00:00,7462.915048029796,44452.50000000009,167.88515939552966
2023-12-04 12:00:00,7422.746584714794,44557.50000000012,166.58803982976548
2023-12-04 13:00:00,7524.373767918568,44189.50000000013,170.27515061085882
2023-12-04 14:00:00,7658.633361922947,43674.999999999985,175.35508556205954
2023-12-04 15:00:00,8350.163719492284,44731.99999999995,186.6709228179445
2023-12-04 16:00:00,8861.95335203203,45849.00000000008,193.28564095251835
2023-12-04 17:00:00,8978.2194549727,46479.00000000006,193.16722509031365
2023-12-04 18:00:00,8551.231527553371,45669.5,187.24162794760994
2023-12-04 19:00:00,7588.799224938331,43455.000000000044,174.63581233317967
2023-12-04 20:00:00,6621.936470617524,40887.50000000016,161.955034438826
2023-12-04 21:00:00,5014.604161006681,37270.50000000005,134.5462003731282
2023-12-04 22:00:00,3969.6527347290858,33596.00000000001,118.15849311611754
2023-12-04 23:00:00,2634.2758203820836,31208.000000000036,84.41027366002565
2023-12-05 00:00:00,2612.1818715129457,30800.000000000033,84.8110997244462
2023-12-05 01:00:00,2359.4351922009077,30188.500000000025,78.15675479738661
2023-12-05 02:00:00,2219.387765376316,29275.000000000025,75.81170846716701
2023-12-05 03:00:00,2082.401256260445,28669.500000000015,72.63472527461043
2023-12-05 04:00:00,2493.2375281234827,27957.000000000022,89.18115420551135
2023-12-05 05:00:00,2932.0150459547112,27986.000000000022,104.76720667314761
2023-12-05 06:00:00,6008.756750879673,33825.50000000002,177.63985013908646
2023-12-05 07:00:00,8763.184808972948,40015.0000000001,218.99749616326193
2023-12-05 08:00:00,9410.251161582515,41323.00000000006,227.7242978869516
2023-12-05 09:00:00,9822.973250133671,42950.50000000007,228.70451450236095
2023-12-05 10:00:00,10273.329408456339,43172.50000000008,237.9600303076338
2023-12-05 11:00:00,10102.45878874358,43939.000000000065,229.9200889584097
2023-12-05 12:00:00,9978.63555133145,44229.000000000015,225.61295872236423
2023-12-05 13:00:00,9989.884177690123,43802.00000000012,228.06913332017024
2023-12-05 14:00:00,9964.258064659125,43053.50000000006,231.43897858847973
2023-12-05 15:00:00,10452.54343614756,43256.50000000006,241.6409888952538
2023-12-05 16:00:00,11163.568906041652,44378.99999999989,251.55070880465263
2023-12-05 17:00:00,11807.404738792198,44967.50000000002,262.5764104918484
2023-12-05 18:00:00,11542.048472317225,44742.50000000007,257.9661054325799
2023-12-05 19:00:00,11268.257614321772,43759.500000000065,257.5042588311511
2023-12-05 20:00:00,10952.971119583104,40825.00000000023,268.29078063889875
2023-12-05 21:00:00,10490.337913981253,37566.00000000005,279.25086285420963
2023-12-05 22:00:00,9153.898688438634,33835.999999999854,270.537258790598
2023-12-05 23:00:00,8538.432754731166,31531.50000000004,270.79056672632623
2023-12-06 00:00:00,8431.362740616747,31386.000000000033,268.63451031086277
2023-12-06 01:00:00,8647.984969663863,31507.499999999913,274.4738544684245
2023-12-06 02:00:00,8276.15075151411,30760.500000000025,269.0512427143285
2023-12-06 03:00:00,8157.706718795979,30653.000000000047,266.13077737239314
2023-12-06 04:00:00,8685.202383911319,32022.500000000062,271.22187161874626
2023-12-06 05:00:00,9575.178351817764,34163.50000000003,280.275099208739
2023-12-06 06:00:00,10935.329401934896,37312.500000000044,293.07415482572554
2023-12-06 07:00:00,12104.233085203467,40291.00000000006,300.4202696682497
2023-12-06 08:00:00,12835.665900514496,42303.00000000004,303.42211901081447
2023-12-06 09:00:00,13322.155763461351,44473.50000000006,299.5526721184825
2023-12-06 10:00:00,13067.193065888248,44871.000000000015,291.21688988184445
2023-12-06 11:00:00,12925.678396631733,45227.50000000004,285.792458053877
2023-12-06 12:00:00,12268.867354164531,44782.50000000003,273.96566413586834
2023-12-06 13:00:00,11519.746055222118,43856.500000000044,262.66906969826834
2023-12-06 14:00:00,11246.329897222413,43057.000000000015,261.196318768665
2023-12-06 15:00:00,11443.795233732706,43053.00000000006,265.80715011108845
2023-12-06 16:00:00,11892.11957751147,45983.50000000003,258.61710347214677
2023-12-06 17:00:00,11665.456276638442,46604.99999999981,250.30482301552388
2023-12-06 18:00:00,10814.342414442186,45970.00000000013,235.24782280709496
2023-12-06 19:00:00,9932.782721788142,44170.500000000044,224.8736763629149
2023-12-06 20:00:00,9147.667011272732,42469.00000000006,215.39633641650897
2023-12-06 21:00:00,7719.695706469992,40026.50000000007,192.8646198510981
2023-12-06 22:00:00,5829.544872823219,36451.00000000003,159.92825636671733
2023-12-06 23:00:00,3756.5382613124125,32224.50000000001,116.5739813282568
2023-12-07 00:00:00,2837.905793292163,30856.500000000022,91.97108529133767
2023-12-07 01:00:00,2636.008912333784,31353.000000000004,84.07517342307861
2023-12-07 02:00:00,2203.8233755664187,31699.500000000007,69.52233869828919
2023-12-07 03:00:00,1985.596326694909,32294.000000000007,61.48499184662503
2023-12-07 04:00:00,1875.2183864104668,33812.00000000004,55.46014392554314
2023-12-07 05:00:00,1668.7720490779484,34774.50000000006,47.98838370294169
2023-12-07 06:00:00,2917.330945111485,38773.50000000005,75.24033025420665
2023-12-07 07:00:00,5000.210820637605,44317.000000000044,112.82827855309702
2023-12-07 08:00:00,5585.745895087051,46355.000000000044,120.49931819840462
2023-12-07 09:00:00,6390.889601014412,48046.00000000005,133.01605963065404
2023-12-07 10:00:00,6811.580520361569,48760.50000000007,139.69464054637584
2023-12-07 11:00:00,6687.307479235018,48972.999999999985,136.55090517703675
2023-12-07 12:00:00,6828.683204325079,48812.00000000005,139.8976318185092
2023-12-07 13:00:00,6685.572423933905,48735.00000000013,137.18215705209576
2023-12-07 14:00:00,6461.521984806127,47929.00000000009,134.81445439725667
2023-12-07 15:00:00,6941.101188752885,48992.00000000016,141.6782574451515
2023-12-07 16:00:00,7312.273320815482,49608.5000000001,147.39960532601202
2023-12-07 17:00:00,7512.54995800674,50179.50000000005,149.71352759606478
2023-12-07 18:00:00,7157.449527699967,48982.00000000004,146.124076756767
2023-12-07 19:00:00,5444.3703657164,44806.000000000015,121.50985059403646
2023-12-07 20:00:00,3835.8184195934223,40491.00000000002,94.73261760868886
2023-12-07 21:00:00,2670.875536867317,36886.000000000044,72.40892308375302
2023-12-07 22:00:00,2808.741995362376,33752.00000000002,83.21705366681601
2023-12-07 23:00:00,1181.8739999999968,30821.063685015833,38.34630796907195
2023-12-08 00:00:00,1515.877686553799,30218.500000000025,50.16389584373142
2023-12-08 01:00:00,1337.9379999999967,30327.926964504102,44.11570898221706
2023-12-08 02:00:00,1376.1219999999967,29562.472737640717,46.54962432313165
2023-12-08 03:00:00,1549.315999999997,28092.98264947799,55.14957309201149
2023-12-08 04:00:00,1674.867241775809,26865.499999999993,62.34267896654852
2023-12-08 05:00:00,2389.683806098052,27412.500000000033,87.17496784671407
2023-12-08 06:00:00,5600.510413783446,32908.000000000044,170.1868972220566
2023-12-08 07:00:00,7744.05114519092,37795.00000000004,204.89618058449298
2023-12-08 08:00:00,8132.582113795505,39508.500000000015,205.8438592656138
2023-12-08 09:00:00,8241.7702247443,41339.500000000044,199.367922319919
2023-12-08 10:00:00,8376.501140055869,42144.500000000044,198.75668568984943
2023-12-08 11:00:00,8023.522749741718,43439.00000000004,184.707814400463
2023-12-08 12:00:00,7269.843481650421,43138.00000000001,168.52527891071492
2023-12-08 13:00:00,6624.44727143886,42571.00000000003,155.6093883497887
2023-12-08 14:00:00,6095.379945099281,41879.00000000001,145.5474090856821
2023-12-08 15:00:00,6491.073772134498,42330.00000000001,153.34452568236466
2023-12-08 16:00:00,7143.989429366836,44027.00000000007,162.26382513836566
2023-12-08 17:00:00,7249.531698031898,44621.000000000044,162.46905488518613
2023-12-08 18:00:00,6578.837339505518,43806.000000000044,150.1811929759739
2023-12-08 19:00:00,5114.745396471465,40647.00000000002,125.83328158219456
2023-12-08 20:00:00,3536.082334918564,37306.00000000003,94.78588792469203
2023-12-08 21:00:00,2112.2503681572916,34392.500000000015,61.416017101324144
2023-12-08 22:00:00,446.4994240142629,31348.500000000022,14.243087357106802
2023-12-08 23:00:00,449.73195582695183,31067.99938312323,14.475729520944157
2023-12-09 00:00:00,929.7260000000007,31761.48403009083,29.27212088450207
2023-12-09 01:00:00,822.8880000000006,31357.198073097497,26.242395703906553
2023-12-09 02:00:00,872.1560000000006,31335.955103256514,27.83243711979163
2023-12-09 03:00:00,860.6920000000006,30496.91241034211,28.22226684522079
2023-12-09 04:00:00,936.5200000000006,30187.215953371433,31.023728768051765
2023-12-09 05:00:00,855.3360000000007,30388.786468554386,28.146434899106044
2023-12-09 06:00:00,857.3780000000006,31295.208467330714,27.396462333683555
2023-12-09 07:00:00,1130.9820000000007,32980.459184609186,34.29248797505494
2023-12-09 08:00:00,1404.0080000000005,34751.908897031346,40.400888600393884
2023-12-09 09:00:00,1323.3980000000006,35297.60515936912,37.49257191882685
2023-12-09 10:00:00,1338.3659999999982,36597.49999999999,36.56987499146113
2023-12-09 11:00:00,1488.060046035762,37294.000000000044,39.90078956496381
2023-12-09 12:00:00,1523.6414372873876,37288.50000000002,40.86089376851808
2023-12-09 13:00:00,1612.531999999998,37757.509659623596,42.70758359162593
2023-12-09 14:00:00,1752.2639999999978,38055.07097879055,46.04547974635488
2023-12-09 15:00:00,1757.633999999998,37311.92967830312,47.10648886707304
2023-12-09 16:00:00,1936.8279999999968,38654.00000000215,50.10679360479871
2023-12-09 17:00:00,2048.3339999999966,40482.00000000002,50.59863643100626
2023-12-09 18:00:00,1718.233999999997,39569.00000000004,43.42374080719743
2023-12-09 19:00:00,1872.0459999999969,37480.50000000003,49.94719921025588
2023-12-09 20:00:00,1831.315999999998,36296.70734384139,50.454053108779426
2023-12-09 21:00:00,1814.2519999999981,35218.2033513565,51.51460970055756
2023-12-09 22:00:00,1421.331999999998,32610.54220337297,43.585046551387514
2023-12-09 23:00:00,1193.0499999999981,29959.452591907902,39.822156173916305
2023-12-10 00:00:00,1324.225999999998,29472.06042558165,44.93157183033509
2023-12-10 01:00:00,1317.851999999998,28972.179271311546,45.48680952367792
2023-12-10 02:00:00,1397.781999999998,28545.888201916157,48.966141467133305
2023-12-10 03:00:00,1235.4915350966617,28868.0731489625,42.79785244832195
2023-12-10 04:00:00,1124.309999999997,28596.76432881066,39.315986489676995
2023-12-10 05:00:00,1166.3739999999968,26638.092532942308,43.78594295209339
2023-12-10 06:00:00,1378.6659999999968,26007.133277525427,53.011071435212656
2023-12-10 07:00:00,1502.811999999997,27125.500000000015,55.40218613481765
2023-12-10 08:00:00,1897.9599999999969,29723.500000000025,63.85385301192643
2023-12-10 09:00:00,2376.785999999992,32839.49999999999,72.37582789019298
2023-12-10 10:00:00,2377.2059999999915,35007.0,67.90659011054908
2023-12-10 11:00:00,2380.8699999999917,36813.500000000044,64.6738288942912
2023-12-10 12:00:00,2612.817453591032,37560.999999999985,69.5619779449704
2023-12-10 13:00:00,2377.2059999999915,37667.000000000044,63.111105211458
2023-12-10 14:00:00,2390.9459999999913,36785.00000000009,64.99785238548282
2023-12-10 15:00:00,2179.4399154515263,36956.49999999997,58.9731147552265
2023-12-10 16:00:00,2644.8297299931337,39498.500000000065,66.96025747795812
2023-12-10 17:00:00,4511.503312028695,40651.00000000003,110.98136114803306
2023-12-10 18:00:00,4629.5376182721975,39768.50000000006,116.41217592497054
2023-12-10 19:00:00,3804.7327508261515,37556.5,101.30690428623944
2023-12-10 20:00:00,3132.7934634378903,35580.500000000015,88.04804495265353
2023-12-10 21:00:00,1908.7759999999969,33181.49868407793,57.52531005828012
2023-12-10 22:00:00,1675.1559999999968,32016.08762187538,52.3223205715937
2023-12-10 23:00:00,1294.4979999999966,31328.233073617117,41.320491869365924
2023-12-11 00:00:00,1258.5299999999968,30393.872917604313,41.40735875983244
2023-12-11 01:00:00,1280.8979999999967,30176.34693753128,42.44708621131683
2023-12-11 02:00:00,1237.4719999999966,29300.05930669547,42.23445376157368
2023-12-11 03:00:00,1389.1399999999967,28137.492213164434,49.36971601719617
2023-12-11 04:00:00,1322.049999999997,27837.66989956824,47.491403007853826
2023-12-11 05:00:00,1263.551999999997,28233.8120722644,44.753149052842645
2023-12-11 06:00:00,1633.7319999999916,31031.0000000001,52.64838387418989
2023-12-11 07:00:00,3180.8819000863523,36618.000000000015,86.86662024376949
2023-12-11 08:00:00,4488.506389386306,38702.00000000003,115.97608364906989
2023-12-11 09:00:00,7445.697610034298,40333.50000000006,184.60331015246103
2023-12-11 10:00:00,8423.603139909068,40947.0,205.71966541893343
2023-12-11 11:00:00,8474.872462358553,41436.50000000011,204.52674483507369
2023-12-11 12:00:00,8290.214805271842,41529.50000000006,199.62231197755403
2023-12-11 13:00:00,8028.392284391858,40512.9999999997,198.16829867923673
2023-12-11 14:00:00,8419.121088539041,39544.00000000005,212.9051458764675
2023-12-11 15:00:00,9431.66753803843,39505.00000000002,238.7461723335888
2023-12-11 16:00:00,10601.029627381677,41636.50000000006,254.6090480079176
2023-12-11 17:00:00,11235.25630358274,42833.50000000003,262.3006829603636
2023-12-11 18:00:00,10843.491447499158,41902.99999999971,258.77601717059
2023-12-11 19:00:00,10412.73793150273,40995.50000000003,253.99709557153156
2023-12-11 20:00:00,9192.734842938418,38306.500000000015,239.97845908497032
2023-12-11 21:00:00,7650.756233271983,34910.000000000015,219.1565807296471
2023-12-11 22:00:00,5687.708831119616,31056.499999999814,183.1406897467406
2023-12-11 23:00:00,3913.3297119477593,27969.500000000025,139.91418194632564
2023-12-12 00:00:00,3649.2637119671053,27937.000000000033,130.6247525492036
2023-12-12 01:00:00,3326.838596185033,27758.000000000015,119.8515237475694
2023-12-12 02:00:00,2549.1083382567213,27369.000000000025,93.13852673669915
2023-12-12 03:00:00,2100.7327776911275,26873.000000000036,78.17261852756018
2023-12-12 04:00:00,1996.6299118759014,27383.00000000001,72.91494401182854
2023-12-12 05:00:00,2637.528245163954,29487.00000000001,89.44715451432677
2023-12-12 06:00:00,4341.2473347310415,34526.500000000044,125.73667573403144
2023-12-12 07:00:00,6611.90412058199,40222.50000000007,164.38322134581338
2023-12-12 08:00:00,7239.286956725467,42333.000000000044,171.0081250259953
2023-12-12 09:00:00,7416.5369572678455,42698.49999999995,173.69549181511888
2023-12-12 10:00:00,8351.30742957288,43222.00000000003,193.21890309501816
2023-12-12 11:00:00,8209.734229885908,42294.00000000029,194.1110850211815
2023-12-12 12:00:00,8368.63861975986,42050.00000000006,199.0163762130761
2023-12-12 13:00:00,8735.319878658385,41802.50000000002,208.96644647230144
2023-12-12 14:00:00,9226.320244184375,41405.000000000015,222.83106494830025
2023-12-12 15:00:00,9525.905810513594,41201.50000000008,231.2028884995346
2023-12-12 16:00:00,10262.349375551581,42439.00000000008,241.81411851248996
2023-12-12 17:00:00,10299.273280638776,42528.500000000015,242.1734432354485
2023-12-12 18:00:00,10291.44390413897,42066.00000000002,244.64992878188954
2023-12-12 19:00:00,9991.31712856063,40856.50000000003,244.54657468360293
2023-12-12 20:00:00,8576.881065065083,38259.00000000007,224.1794366048529
2023-12-12 21:00:00,6947.3313377658305,34729.500000000015,200.04121388922465
2023-12-12 22:00:00,6403.431387129098,31444.000000000047,203.64557267297698
2023-12-12 23:00:00,4721.760156117427,28308.500000000025,166.7965507221302
2023-12-13 00:00:00,4062.6788757758036,27618.500000000015,147.09991041424414
2023-12-13 01:00:00,3836.5575699556075,27417.00000000001,139.9335291955942
2023-12-13 02:00:00,3483.566463874974,26767.50000000002,130.14164430279152
2023-12-13 03:00:00,3244.9729381957977,26198.00000000002,123.86338415893562
2023-12-13 04:00:00,3110.9118659269197,25580.500000000033,121.61262938280782
2023-12-13 05:00:00,3700.423112668383,26367.500000000022,140.34030957308732
2023-12-13 06:00:00,5644.420701989526,31936.50000000001,176.73886311867372
2023-12-13 07:00:00,8375.1592418687,39356.000000000044,212.8051438629101
2023-12-13 08:00:00,8506.472301685813,40207.00000000005,211.56694858322686
2023-12-13 09:00:00,8860.277078328387,41417.99999999994,213.92334439925634
2023-12-13 10:00:00,9465.854700027825,42165.99999999997,224.49022198045418
2023-12-13 11:00:00,9402.075540282785,42082.00000000006,223.42273514288226
2023-12-13 12:00:00,9104.151165210522,42298.50000000011,215.23579240896245
2023-12-13 13:00:00,8880.509382970238,42167.50000000004,210.600803532821
2023-12-13 14:00:00,8629.305344980938,41973.000000000065,205.5918172391996
2023-12-13 15:00:00,9193.245323124496,42900.50000000002,214.29226519794622
2023-12-13 16:00:00,9884.490571618004,44227.500000000044,223.49195798130108
2023-12-13 17:00:00,10245.102615830356,44762.00000000006,228.879465078199
2023-12-13 18:00:00,9790.082723130603,43922.50000000002,222.89447829997377
2023-12-13 19:00:00,8795.661823511293,42004.000000000044,209.40057669534528
2023-12-13 20:00:00,7730.009705475774,39636.50000000006,195.0225096937359
2023-12-13 21:00:00,6322.815421470977,36547.00000000003,173.0050461452642
2023-12-13 22:00:00,5616.572068684627,33037.000000000065,170.00853796302982
2023-12-13 23:00:00,4625.910754106042,29959.50000000004,154.40547252477631
2023-12-14 00:00:00,4326.053625609243,29847.500000000022,144.93855852614925
2023-12-14 01:00:00,4028.2694055875827,29584.500000000022,136.16148339798136
2023-12-14 02:00:00,3426.106397021783,29119.50000000002,117.65677285055652
2023-12-14 03:00:00,3009.997509238341,28973.500000000025,103.88794965186595
2023-12-14 04:00:00,3072.149627831399,28665.000000000007,107.17424133373096
2023-12-14 05:00:00,4577.569033361793,30568.500000000025,149.74791152205015
2023-12-14 06:00:00,6481.09123146065,35220.00000000004,184.01735466952422
2023-12-14 07:00:00,8753.917700427464,40665.500000000095,215.26644699874447
2023-12-14 08:00:00,9279.18315464818,42862.00000000004,216.4897381048055
2023-12-14 09:00:00,9266.8749550108,43595.00000000001,212.5673805484757
2023-12-14 10:00:00,10062.226901163205,44148.00000000012,227.92033390330658
2023-12-14 11:00:00,9930.482734462294,44528.000000000015,223.01659033557067
2023-12-14 12:00:00,9428.484750922553,44859.49999999991,210.17810610734784
2023-12-14 13:00:00,9233.770966277123,44523.5,207.39095008876487
2023-12-14 14:00:00,8921.357194178552,43939.499999999985,203.0372943292153
2023-12-14 15:00:00,8652.326843190895,43030.000000000015,201.07661731793846
2023-12-14 16:00:00,9530.947643950405,44516.000000000015,214.10161838328696
2023-12-14 17:00:00,10175.323226934095,44871.50000000007,226.76583637574134
2023-12-14 18:00:00,9978.781856870932,43941.50000000004,227.0924264504153
2023-12-14 19:00:00,9232.207373922898,42422.000000000044,217.62781985580332
2023-12-14 20:00:00,8815.756658639682,41055.50000000004,214.72778698687569
2023-12-14 21:00:00,6775.307441837425,36808.000000000044,184.07159970216847
2023-12-14 22:00:00,5619.264782807901,33688.00000000003,166.8031578843474
2023-12-14 23:00:00,2978.5224011153678,29169.500000000007,102.11084869865329
2023-12-15 00:00:00,2473.4750855280304,28876.000000000025,85.6585082950557
2023-12-15 01:00:00,2498.4290237702216,28969.500000000004,86.24342925387809
2023-12-15 02:00:00,2022.188937112731,27833.000000000025,72.65436485871912
2023-12-15 03:00:00,2134.371147217952,27378.00000000004,77.95935229812072
2023-12-15 04:00:00,2478.9338653723207,27356.00000000004,90.61755612561475
2023-12-15 05:00:00,3462.6736540589964,29114.50000000001,118.93295966130262
2023-12-15 06:00:00,6126.436008973624,35430.000000000015,172.9166245829416
2023-12-15 07:00:00,7455.234639304466,38937.000000000044,191.4691588798433
2023-12-15 08:00:00,7506.151953686841,39770.00000000008,188.73904837029986
2023-12-15 09:00:00,7074.402794694139,40612.50000000004,174.19274348277332
2023-12-15 10:00:00,6855.7887354579525,41612.00000000008,164.7550883268754
2023-12-15 11:00:00,6344.492098777364,41573.50000000009,152.609044193473
2023-12-15 12:00:00,5887.245286517539,41530.00000000007,141.75885592385092
2023-12-15 13:00:00,5168.662757838276,40101.50000000002,128.88951180973962
2023-12-15 14:00:00,5013.160459563515,40278.00000000002,124.46398678096014
2023-12-15 15:00:00,5394.89988040395,40935.999999999956,131.78864276929733
2023-12-15 16:00:00,6040.156600348787,41954.50000000003,143.96921904322022
2023-12-15 17:00:00,6339.242996809347,43123.50000000007,147.0020521713065
2023-12-15 18:00:00,5497.63579824494,42214.00000000005,130.2325247132452
2023-12-15 19:00:00,3973.6881508913357,39377.500000000044,100.91265699679592
2023-12-15 20:00:00,2407.5844975050086,36799.99999999999,65.42349178002742
2023-12-15 21:00:00,1020.1314075921277,34200.50000000001,29.82796764936558
2023-12-15 22:00:00,604.5963269991057,31466.500000000004,19.213968093022917
2023-12-15 23:00:00,38.080000000000005,29212.361368989154,1.3035577480026805
2023-12-16 00:00:00,41.650000000000006,29739.45209962706,1.4004965478339229
2023-12-16 01:00:00,33.11000000000001,29699.445844495865,1.114835615902113
2023-12-16 02:00:00,22.05,29364.112649186085,0.750916612513785
2023-12-16 03:00:00,102.74799999999999,29359.98783646024,3.499592730498478
2023-12-16 04:00:00,7.5600000000000005,29457.741481842397,0.2566388195327176
2023-12-16 05:00:00,15.750000000000002,29515.9657259207,0.5336095097226811
2023-12-16 06:00:00,30.870000000000005,29997.0348810694,1.0291017136324203
2023-12-16 07:00:00,261.811606049464,31268.499999999985,8.373014568958029
2023-12-16 08:00:00,494.3822205728055,32400.99999999998,15.258239578186037
2023-12-16 09:00:00,809.4975090870541,34585.49999999997,23.405690508654057
2023-12-16 10:00:00,1066.3140000000005,35816.50000000001,29.771585721664607
2023-12-16 11:00:00,1061.9667395527258,36456.49999999999,29.129695378128073
2023-12-16 12:00:00,740.7750583052182,36362.50000000001,20.371950726853708
2023-12-16 13:00:00,631.9352683400418,36045.00000000003,17.531842650576817
2023-12-16 14:00:00,469.7636315947513,35430.50000000009,13.258735597712427
2023-12-16 15:00:00,730.8901382162269,35431.56010213663,20.628223428754747
2023-12-16 16:00:00,1194.8200000000006,37413.99999999999,31.93510450633455
2023-12-16 17:00:00,1494.1680000000006,39021.99999999997,38.29040028701762
2023-12-16 18:00:00,1392.0420000000006,37991.49999999996,36.640880196886194
2023-12-16 19:00:00,1440.097645196469,35871.000000000015,40.14657091233778
2023-12-16 20:00:00,1211.9525112212502,33969.5,35.677667060782476
2023-12-16 21:00:00,980.5278455446346,32504.499999999985,30.165910736809828
2023-12-16 22:00:00,514.7976811397659,31848.5,16.1639537541726
2023-12-16 23:00:00,292.91,31277.489098082286,9.364882170735347
2023-12-17 00:00:00,609.2339999999999,31925.080953060802,19.083240568622266
2023-12-17 01:00:00,389.53200000000004,31457.54440764882,12.382784713014228
2023-12-17 02:00:00,402.42,31235.89263704082,12.88325596057382
2023-12-17 03:00:00,211.596,30937.38841902282,6.839491334371766
2023-12-17 04:00:00,206.1,31122.6982201307,6.622176475261099
2023-12-17 05:00:00,228.084,31402.32183311322,7.263284581698964
2023-12-17 06:00:00,856.4872393742465,33666.767975989766,25.4401384767635
2023-12-17 07:00:00,978.9120000000006,34305.97059614915,28.534741416407662
2023-12-17 08:00:00,928.5320000000006,34344.89422068909,27.035517827877317
2023-12-17 09:00:00,1045.4940000000006,35091.03910266611,29.793760080492095
2023-12-17 10:00:00,1280.4820000000009,36673.45922779993,34.91576815937082
2023-12-17 11:00:00,1529.3900000000006,38474.177349158555,39.75107735561366
2023-12-17 12:00:00,1466.9400000000007,38837.36647231579,37.771356125438395
2023-12-17 13:00:00,1496.9960000000005,39316.5823237082,38.07543564378688
2023-12-17 14:00:00,1459.8620000000003,38721.06728281836,37.70200829789066
2023-12-17 15:00:00,1313.8520000000005,37169.456032553775,35.34762518045198
2023-12-17 16:00:00,1450.649999999998,38780.500000000015,37.40668635009857
2023-12-17 17:00:00,1683.453999999998,39439.50000000001,42.68446608095938
2023-12-17 18:00:00,1698.993999999998,38698.00000000002,43.903922683342735
2023-12-17 19:00:00,1664.567999999998,37131.50000000004,44.82899963642719
2023-12-17 20:00:00,1617.845999999998,35430.00000000003,45.66316680778991
2023-12-17 21:00:00,1608.0272905079316,32963.49999999997,48.78205562236817
2023-12-17 22:00:00,1552.039258135581,30740.00000000003,50.48924066804097
2023-12-17 23:00:00,1228.913417027717,29429.14879590744,41.758374513319794
2023-12-18 00:00:00,1431.2919999999979,30457.11694775574,46.99367975160445
2023-12-18 01:00:00,1357.289999999998,29980.838632984152,45.27191572642475
2023-12-18 02:00:00,1248.5219999999981,29676.449505663928,42.071137915663066
2023-12-18 03:00:00,1178.061999999998,29037.58412766377,40.57024836572654
2023-12-18 04:00:00,970.4939999999981,28293.144414934795,34.30138360611887
2023-12-18 05:00:00,1044.437999999998,28337.21155216534,36.85747265842708
2023-12-18 06:00:00,1445.0539999999914,32816.000000000015,44.03504388103336
2023-12-18 07:00:00,2625.2554445338874,37493.500000000015,70.01894847197211
2023-12-18 08:00:00,3163.93018145822,37061.00000000012,85.37087994005047
2023-12-18 09:00:00,3243.8391119840503,38730.500000000044,83.75412432021395
2023-12-18 10:00:00,3518.2203896288806,39377.00000000009,89.34709067803217
2023-12-18 11:00:00,3694.8149524729424,40886.000000000044,90.36870695281853
2023-12-18 12:00:00,3306.0494860438225,41580.00000000012,79.51056964992335
2023-12-18 13:00:00,3648.249306235759,41846.500000000095,87.18170710180661
2023-12-18 14:00:00,3718.153010001767,42114.000000000015,88.28781426608174
2023-12-18 15:00:00,3974.730827263898,42542.000000000015,93.4307467270908
2023-12-18 16:00:00,4576.52657792455,43746.00000000002,104.61588666219878
2023-12-18 17:00:00,4697.006511333712,43420.50000000007,108.17486006226792
2023-12-18 18:00:00,4806.951299371499,42837.00000000006,112.21493800619774
2023-12-18 19:00:00,3809.400614165596,39641.50000000003,96.09627824793697
2023-12-18 20:00:00,2959.7456811653874,36987.500000000015,80.0201603559415
2023-12-18 21:00:00,2612.5334686978513,33987.50000000003,76.86747977044058
2023-12-18 22:00:00,1959.8041465203253,30379.500000000022,64.51074397275544
2023-12-18 23:00:00,1715.409999999997,28985.663204732526,59.18132657112775
2023-12-19 00:00:00,1775.157999999997,29250.758912916728,60.68758780874269
2023-12-19 01:00:00,1767.771999999997,28743.518455057936,61.501586966954136
2023-12-19 02:00:00,1687.205999999997,27844.364545091365,60.5941642973293
2023-12-19 03:00:00,1559.223999999997,26460.205089153937,58.927132074237946
2023-12-19 04:00:00,1539.9222342264345,25049.00000000001,61.47639563361547
2023-12-19 05:00:00,1538.9059999999915,26260.500000000036,58.60154985624757
2023-12-19 06:00:00,2279.8313847249024,31665.500000000022,71.9973278402331
2023-12-19 07:00:00,5156.636727749599,36145.00000000004,142.6652850394133
2023-12-19 08:00:00,5185.042157028841,37693.50000000006,137.55799161735666
2023-12-19 09:00:00,4963.264575387401,39339.00000000002,126.16651606261975
2023-12-19 10:00:00,5326.234296108036,39863.50000000004,133.61180769646498
2023-12-19 11:00:00,5359.001106983501,40249.000000000044,133.14619262549368
2023-12-19 12:00:00,5048.360601574652,40973.500000000044,123.21038235871103
2023-12-19 13:00:00,4652.541173926138,40946.00000000003,113.62626810741305
2023-12-19 14:00:00,4212.694386258034,40655.00000000002,103.62057277722376
2023-12-19 15:00:00,4307.477456271254,40855.50000000008,105.43200930771243
2023-12-19 16:00:00,4832.497219635794,41968.500000000044,115.14581697310577
2023-12-19 17:00:00,5403.9779157570865,43517.50000000001,124.17942013574046
2023-12-19 18:00:00,4551.5546015490545,42659.000000000044,106.69623295316464
2023-12-19 19:00:00,3396.559566149952,40262.00000000004,84.36142184069219
2023-12-19 20:00:00,1915.2077182845983,37541.00000000005,51.01642785979584
2023-12-19 21:00:00,824.8880000000006,35257.64559912746,23.396003504567943
2023-12-19 22:00:00,785.2180000000006,34457.88117575755,22.78776213763346
2023-12-19 23:00:00,795.9940000000006,34349.42128910025,23.17343262643511
2023-12-20 00:00:00,822.3800000000007,34192.03437833841,24.051800805423877
2023-12-20 01:00:00,874.4880000000006,34044.28636089381,25.686777238618006
2023-12-20 02:00:00,913.8760000000007,34024.634317674965,26.85924531818596
2023-12-20 03:00:00,984.699999999998,34413.857257083764,28.613473713334095
2023-12-20 04:00:00,1037.8279999999982,33701.72984267012,30.794502384444165
2023-12-20 05:00:00,968.555999999998,32937.48084600984,29.4058918630789
2023-12-20 06:00:00,1052.457999999998,33136.29466774623,31.761487231836625
2023-12-20 07:00:00,1186.771999999998,34974.50000000005,33.93249367396235
2023-12-20 08:00:00,1435.6059999999982,37685.500000000044,38.094386435100944
2023-12-20 09:00:00,1625.5859999999982,39439.00000000008,41.21772864423527
2023-12-20 10:00:00,1467.9259999999979,39449.500000000015,37.210256150267995
2023-12-20 11:00:00,1574.4819999999984,40222.000000000015,39.14479638009044
2023-12-20 12:00:00,1513.5939999999982,40382.0,37.48189787529093
2023-12-20 13:00:00,1413.2299999999982,39709.500000000065,35.589216686183306
2023-12-20 14:00:00,1208.1479999999983,38747.50000000006,31.18002451771073
2023-12-20 15:00:00,1287.8259999999982,39537.00000000001,32.57267875660768
2023-12-20 16:00:00,1444.261999999998,41423.49999999995,34.86576460221854
2023-12-20 17:00:00,1529.043999999998,42467.000000000044,36.00546306543896
2023-12-20 18:00:00,1828.576910524243,40962.00000000007,44.64081125248376
2023-12-20 19:00:00,1387.1890600291874,39254.00000000002,35.3387950280019
2023-12-20 20:00:00,852.867100102579,36899.00000000006,23.1135559257047
2023-12-20 21:00:00,359.8170234140538,34047.50000000001,10.568089387298736
2023-12-20 22:00:00,148.07,32839.225145615645,4.508937081902153
2023-12-20 23:00:00,3.08,32235.959622091665,0.09554547269904264
2023-12-21 00:00:00,0.0,32151.108420162807,0.0
2023-12-21 01:00:00,3.664,32199.310195070284,0.11379125757051027
2023-12-21 02:00:00,114.576,32518.71561969357,3.5233863889326535
2023-12-21 03:00:00,0.0,32118.0329084441,0.0
2023-12-21 04:00:00,0.0,32184.61498101156,0.0
2023-12-21 05:00:00,103.50800000000001,32411.87942112878,3.1935204575802794
2023-12-21 06:00:00,195.6,32662.091852511865,5.988593776640104
2023-12-21 07:00:00,374.938,35655.77694103063,10.515490957330474
2023-12-21 08:00:00,422.216,37568.00000000001,11.238713798977852
2023-12-21 09:00:00,585.7379999999999,38650.99999999998,15.154536751959853
2023-12-21 10:00:00,713.642,38599.500000000095,18.48837420173832
2023-12-21 11:00:00,712.63,38985.99999999989,18.279125840045197
2023-12-21 12:00:00,748.336,40517.49999999996,18.469451471586368
2023-12-21 13:00:00,648.478,38845.490532319025,16.69377812234018
2023-12-21 14:00:00,512.4159999999999,38942.5619490553,13.15825087908554
2023-12-21 15:00:00,624.808,40019.499999999985,15.612588862929327
2023-12-21 16:00:00,625.15,40775.000000000044,15.331698344573864
2023-12-21 17:00:00,606.514,41338.50000000001,14.671891819974114
2023-12-21 18:00:00,1164.6580668767845,40605.000000000015,28.682626939460267
2023-12-21 19:00:00,1165.3789452050255,39110.00000000007,29.79746727703972
2023-12-21 20:00:00,675.6084039602707,36854.499999999985,18.331775060312065
2023-12-21 21:00:00,461.592,35161.508962953216,13.127764240332844
2023-12-21 22:00:00,149.466,32466.1210091568,4.603752938573856
2023-12-21 23:00:00,232.096,32116.536338162958,7.226682153897413
2023-12-22 00:00:00,314.28799999999995,31447.538061446914,9.994041485406486
2023-12-22 01:00:00,620.528,32840.02330958129,18.89547988898525
2023-12-22 02:00:00,543.194,31768.03515753777,17.09875972203819
2023-12-22 03:00:00,354.674,31356.888902091327,11.310879759386628
2023-12-22 04:00:00,288.56600000000003,30135.358321317,9.575661816367907
2023-12-22 05:00:00,165.814,29738.812191810368,5.575676625230605
2023-12-22 06:00:00,129.76,30019.586792394486,4.322511195686242
2023-12-22 07:00:00,418.21599999999995,33700.06805899864,12.409945263844278
2023-12-22 08:00:00,485.764,35165.49999999998,13.813652585630813
2023-12-22 09:00:00,502.14799999999997,36540.50000000001,13.742231222889668
2023-12-22 10:00:00,506.768,37238.00000000001,13.608894140394217
2023-12-22 11:00:00,492.768,37040.49999999993,13.30349212348648
2023-12-22 12:00:00,434.768,36769.49999999998,11.824147731135865
2023-12-22 13:00:00,388.93600000000004,36056.394101935715,10.786880099558257
2023-12-22 14:00:00,452.594,35969.31389918913,12.582781013518385
2023-12-22 15:00:00,862.448,37156.16486069458,23.211437542961686
2023-12-22 16:00:00,776.688,36962.5,21.01286438958404
2023-12-22 17:00:00,874.046,38320.49999999999,22.808836001617937
2023-12-22 18:00:00,961.2180000000001,37584.000000000015,25.575191570881216
2023-12-22 19:00:00,947.184,35947.0,26.349458925640526
2023-12-22 20:00:00,931.118,33540.50000000002,27.761005351738923
2023-12-22 21:00:00,914.1279999999999,31167.499999999985,29.329525948504063
2023-12-22 22:00:00,850.976,30586.27444524995,27.822152760816433
2023-12-22 23:00:00,424.42199999999997,29696.486048757608,14.291993985522614
2023-12-23 00:00:00,528.958,29594.253353726755,17.873672759288898
2023-12-23 01:00:00,198.21,28473.210677807787,6.961280280010228
2023-12-23 02:00:00,158.39,28681.072163423527,5.522457427585012
2023-12-23 03:00:00,29.774,27701.032634607316,1.0748335772437196
2023-12-23 04:00:00,19.08,27609.07706159563,0.6910770670614114
2023-12-23 05:00:00,9.645999999999999,27384.391819181583,0.35224444872437854
2023-12-23 06:00:00,47.294,28028.000000000004,1.6873840445269013
2023-12-23 07:00:00,53.339999999999996,28929.000000000004,1.8438245359328007
2023-12-23 08:00:00,234.266,30733.500000000022,7.622496624204852
2023-12-23 09:00:00,347.334,32705.499999999996,10.620048615676263
2023-12-23 10:00:00,547.8258040382252,34226.50000000014,16.005896134229996
2023-12-23 11:00:00,930.6035223597293,34677.00000000005,26.836333084168984
2023-12-23 12:00:00,730.6723078412888,35117.000000000044,20.80679750096215
2023-12-23 13:00:00,547.3755573034159,35321.499999999956,15.496951072389807
2023-12-23 14:00:00,528.3254470509866,34648.50000000006,15.248147742354956
2023-12-23 15:00:00,571.741737576794,34656.49999999999,16.49738829878361
2023-12-23 16:00:00,999.3091321931433,36147.5,27.645317994139106
2023-12-23 17:00:00,1246.7423793330356,36905.500000000044,33.78202108989268
2023-12-23 18:00:00,741.7010207942453,35893.00000000003,20.66422480133298
2023-12-23 19:00:00,587.4909749105926,34906.5,16.830417684688886
2023-12-23 20:00:00,293.282,33701.50000000003,8.702342625699146
2023-12-23 21:00:00,111.51599999999999,31808.49999999998,3.5058553531288825
2023-12-23 22:00:00,51.111999999999995,31932.999999999993,1.6006012588857923
2023-12-23 23:00:00,0.0,29947.000000000015,0.0
2023-12-24 00:00:00,40.482,28548.99999999998,1.417983116746647
2023-12-24 01:00:00,180.536,27652.360571424826,6.528773539375906
2023-12-24 02:00:00,51.0,27255.888341937356,1.8711553026700911
2023-12-24 03:00:00,0.6,27162.872955575058,0.022088974203181722
2023-12-24 04:00:00,30.0,27315.635173040875,1.0982720998415023
2023-12-24 05:00:00,11.4,27103.216885225804,0.4206142779388759
2023-12-24 06:00:00,0.0,26788.499999999975,0.0
2023-12-24 07:00:00,105.932,28056.00000000001,3.775734245794125
2023-12-24 08:00:00,165.62800000000001,30128.000000000007,5.4974774296335625
2023-12-24 09:00:00,358.63,32887.5,10.90475104522995
2023-12-24 10:00:00,263.48199999999997,34891.0,7.551574904703218
2023-12-24 11:00:00,385.61,35582.00000000009,10.837221066831518
2023-12-24 12:00:00,409.454,35981.500000000065,11.379570056834742
2023-12-24 13:00:00,376.712,35754.50000000008,10.536072382497284
2023-12-24 14:00:00,401.066,35278.499999999985,11.368567257678192
2023-12-24 15:00:00,389.37199999999996,35115.99999999993,11.08816493905914
2023-12-24 16:00:00,595.248,36554.99999999994,16.28362741075095
2023-12-24 17:00:00,592.1320000000001,36861.99999999999,16.063480006510776
2023-12-24 18:00:00,739.0719999999999,36418.5,20.293861636256295
2023-12-24 19:00:00,599.862,34970.99999999997,17.15312687655487
2023-12-24 20:00:00,485.13,32875.50000000003,14.756581648948293
2023-12-24 21:00:00,370.24,30597.000000000015,12.10053273196718
2023-12-24 22:00:00,284.35,32218.18048349698,8.825762216635782
2023-12-24 23:00:00,55.11399999999999,30786.024591211346,1.790227895021356
2023-12-25 00:00:00,223.18,30083.771238231177,7.418617773438508
2023-12-25 01:00:00,264.546,29176.9130101168,9.066963318164309
2023-12-25 02:00:00,308.134,27993.59812885037,11.00730240470357
2023-12-25 03:00:00,232.56,26618.73024288547,8.736705240181678
2023-12-25 04:00:00,136.314,25482.879410547688,5.349238514372042
2023-12-25 05:00:00,166.62199999999999,24113.572148086212,6.90988456528719
2023-12-25 06:00:00,84.36999999999999,23955.638441458705,3.521926589691113
2023-12-25 07:00:00,250.05,24069.738303266917,10.38856330091721
2023-12-25 08:00:00,749.036,26388.999999999996,28.38440259198909
2023-12-25 09:00:00,948.2520000000001,28801.000000000007,32.92427346272699
2023-12-25 10:00:00,1200.0581824213812,30872.000000000004,38.8720582541261
2023-12-25 11:00:00,1727.8320000000006,32644.00000000004,52.92954294816807
2023-12-25 12:00:00,1725.8020000000006,34338.49999999998,50.258514495391516
2023-12-25 13:00:00,1711.1020000000008,34421.500000000044,49.710268291620025
2023-12-25 14:00:00,1292.6008372239673,32828.99999999997,39.37374995351575
2023-12-25 15:00:00,983.4864140583373,31317.5,31.403733186184635
2023-12-25 16:00:00,759.5843376086675,30851.499999999993,24.62066147865315
2023-12-25 17:00:00,855.6759999999999,31037.935877993194,27.56871472908414
2023-12-25 18:00:00,587.192,30407.04516428771,19.311051002405257
2023-12-25 19:00:00,315.644,30074.301775389213,10.495472259252976
2023-12-25 20:00:00,204.566,29397.283202423256,6.958670248247204
2023-12-25 21:00:00,47.275999999999996,28300.288728362866,1.670512992067797
2023-12-25 22:00:00,16.642,28098.183148783595,0.592280287728157
2023-12-25 23:00:00,42.28,28565.10519981791,1.4801275788849368
2023-12-26 00:00:00,53.916,28039.74632573122,1.922841932079925
2023-12-26 01:00:00,48.018,27552.425298216454,1.7427866868441648
2023-12-26 02:00:00,14.84,27707.3492482861,0.5355979695862808
2023-12-26 03:00:00,14.734,27575.082117981412,0.5343229781496142
2023-12-26 04:00:00,14.734,26595.06504526407,0.5540125574020269
2023-12-26 05:00:00,3.074,26141.816603194642,0.11758937975352271
2023-12-26 06:00:00,128.63775925407543,25879.0,4.970739180574034
2023-12-26 07:00:00,109.20634555918008,25347.000000000015,4.308452501644377
2023-12-26 08:00:00,381.38397480333265,26091.500000000025,14.617173209793698
2023-12-26 09:00:00,1437.2296993597436,28927.44440340209,49.68394993063108
2023-12-26 10:00:00,2330.659999999991,30882.00000000008,75.46985298879558
2023-12-26 11:00:00,2348.103999999991,31444.000000000033,74.67574099987243
2023-12-26 12:00:00,2352.9699999999916,31311.49999999998,75.14715040799685
2023-12-26 13:00:00,2353.0019999999913,30925.500000000044,76.08614250375864
2023-12-26 14:00:00,2632.6625745136084,29628.50000000001,88.85574951528451
2023-12-26 15:00:00,4840.952748217698,30055.00000000002,161.06979697946085
2023-12-26 16:00:00,6728.8117512313975,31449.500000000044,213.95608042199044
2023-12-26 17:00:00,7075.594788766156,32261.500000000076,219.3200808631384
2023-12-26 18:00:00,7376.349614578853,31715.500000000015,232.57869541955353
2023-12-26 19:00:00,7694.340739792591,30796.500000000025,249.8446492228852
2023-12-26 20:00:00,7256.684046283833,30084.000000000044,241.21406881677376
2023-12-26 21:00:00,5845.231833126789,28286.000000000036,206.64752291334162
2023-12-26 22:00:00,3924.1060767920353,26359.500000000025,148.8687599078902
2023-12-26 23:00:00,2184.279476600647,24345.000000000033,89.72189265149493
2023-12-27 00:00:00,1345.5471669046744,24822.500000000007,54.206754634088995
2023-12-27 01:00:00,1192.6473982513057,25320.499999999985,47.10204767880991
2023-12-27 02:00:00,620.2548631563154,24792.000000000015,25.018347174746495
2023-12-27 03:00:00,230.83200000000002,26554.235099231428,8.692850655927238
2023-12-27 04:00:00,230.83200000000002,29679.824055347923,7.777404595442912
2023-12-27 05:00:00,230.83200000000002,31841.695973948514,7.249362602697316
2023-12-27 06:00:00,230.83200000000002,32470.65297353323,7.108942348284488
2023-12-27 07:00:00,154.804,32586.68821268436,4.75052877388573
2023-12-27 08:00:00,24.784000000000002,32723.06643389489,0.7573862324323151
2023-12-27 09:00:00,64.97394668626508,33654.499999999985,1.930616906691976
2023-12-27 10:00:00,398.4732202834348,35150.99999999996,11.33604222592345
2023-12-27 11:00:00,914.7506096040033,35972.00000000003,25.429517669409613
2023-12-27 12:00:00,1080.1216894992497,36676.49999999997,29.449966313559106
2023-12-27 13:00:00,1099.3272525780837,36651.00000000002,29.994468161252982
2023-12-27 14:00:00,1189.7000000000005,36439.00000000007,32.64908477181037
2023-12-27 15:00:00,1082.4580000000005,36466.99999999998,29.68322044588261
2023-12-27 16:00:00,1228.2620000000006,37237.500000000015,32.984545149378995
2023-12-27 17:00:00,1327.4736893408021,38437.5,34.53590086089891
2023-12-27 18:00:00,866.6415156295889,37068.500000000015,23.37946007066886
2023-12-27 19:00:00,607.216,35767.811669913965,16.97660470827067
2023-12-27 20:00:00,309.674,34903.73812324276,8.872230215186747
2023-12-27 21:00:00,311.152,34118.73916796489,9.119680491949419
2023-12-27 22:00:00,26.564,32082.384290031867,0.8279933236836624
2023-12-27 23:00:00,7.42,32049.028740901686,0.23152027663572938
2023-12-28 00:00:00,7.843999999999999,31621.246760618233,0.2480610603174914
2023-12-28 01:00:00,6.148,31323.785586484206,0.19627257321837815
2023-12-28 02:00:00,8.692,31543.732685567556,0.2755539455854226
2023-12-28 03:00:00,3.1799999999999997,30847.399698683286,0.10308810567704794
2023-12-28 04:00:00,17.404,30369.056279738987,0.5730833332351934
2023-12-28 05:00:00,32.976,31224.395938846515,1.0560972921488707
2023-12-28 06:00:00,123.66000000000001,31397.676438245595,3.938508005304795
2023-12-28 07:00:00,121.828,31610.93133427592,3.8539832538214776
2023-12-28 08:00:00,377.05199999999996,33324.41944091057,11.31458570999481
2023-12-28 09:00:00,551.3679999999999,36031.47752700474,15.3023977322818
2023-12-28 10:00:00,657.474,36825.74680095749,17.853650152803024
2023-12-28 11:00:00,801.37,37344.928099863704,21.45860337063883
2023-12-28 12:00:00,752.074,36918.87719357107,20.370987883969658
2023-12-28 13:00:00,630.5959999999999,36167.26574776449,17.435545291089007
2023-12-28 14:00:00,704.524,36095.65585735043,19.518249032079368
2023-12-28 15:00:00,616.746,36018.9361524085,17.12282665402264
2023-12-28 16:00:00,1136.853746826528,37270.50000000006,30.502776910063623
2023-12-28 17:00:00,1592.6162316423017,37979.50000000003,41.93357552475152
2023-12-28 18:00:00,1408.478652557603,37105.0,37.95926836161173
2023-12-28 19:00:00,1095.612198850076,35739.000000000015,30.655927665857345
2023-12-28 20:00:00,801.926,34494.08001031527,23.248221137081735
2023-12-28 21:00:00,459.788,32158.395732668545,14.297603767992634
2023-12-28 22:00:00,176.914,30638.945953879895,5.774154250159408
2023-12-28 23:00:00,205.25487124620776,30159.999999999996,6.805532866253573
2023-12-29 00:00:00,320.942,30327.314053211812,10.582605483521567
2023-12-29 01:00:00,539.824,30567.97063025512,17.659791895563416
2023-12-29 02:00:00,388.84999999999997,29570.35141360487,13.149995905056981
2023-12-29 03:00:00,127.49999999999999,28516.050457194113,4.471166166275102
2023-12-29 04:00:00,9.751999999999999,28212.601803017904,0.34566113639887075
2023-12-29 05:00:00,88.8,28721.425102290294,3.0917685903029564
2023-12-29 06:00:00,232.05205181895494,29137.49999999998,7.9640343824609205
2023-12-29 07:00:00,407.666,30657.42273024701,13.297464812584897
2023-12-29 08:00:00,586.1272019716904,31130.99999999998,18.827766598300432
2023-12-29 09:00:00,1585.6025524374777,33752.47824252809,46.97736684826954
2023-12-29 10:00:00,1680.3380000000006,35098.1004125929,47.87546847968756
2023-12-29 11:00:00,1692.7620000000006,35491.00000000003,47.69552844383081
2023-12-29 12:00:00,1750.4461048099454,36012.5,48.606625610828054
2023-12-29 13:00:00,1732.767941479498,35697.99999999996,48.539636435640645
2023-12-29 14:00:00,1577.3260000000007,35426.737949933085,44.523602546448394
2023-12-29 15:00:00,1330.417999999998,34804.52802105266,38.225428576283264
2023-12-29 16:00:00,1520.025999999998,37277.0,40.77651098532602
2023-12-29 17:00:00,1386.2981206025233,38481.00000000002,36.02552222142155
2023-12-29 18:00:00,1389.8483060132041,37862.500000000015,36.707779623986895
2023-12-29 19:00:00,1660.6492586199834,36556.50000000003,45.42692157673689
2023-12-29 20:00:00,1685.095999999998,34468.500000000015,48.887999187664015
2023-12-29 21:00:00,1690.5580000000007,32873.817522278754,51.42566721538504
2023-12-29 22:00:00,1680.3380000000006,31538.95588683493,53.278174649447145
2023-12-29 23:00:00,1356.6220000000005,30632.54342895424,44.28695263736101
2023-12-30 00:00:00,1211.7640000000006,30233.114851212118,40.08068655722446
2023-12-30 01:00:00,1338.0260000000007,29460.997913204137,45.416859399739145
2023-12-30 02:00:00,1216.0300000000007,27539.477678181458,44.155884661654916
2023-12-30 03:00:00,943.9858446691693,25137.00000000001,37.55363984044114
2023-12-30 04:00:00,1049.532886989903,24233.000000000036,43.310068377415156
2023-12-30 05:00:00,1135.4719999999982,24693.50000000004,45.982627007106984
2023-12-30 06:00:00,1304.0479999999982,25024.000000000022,52.11189258312009
2023-12-30 07:00:00,1528.2659999999978,26344.0,58.01191922259329
2023-12-30 08:00:00,1786.8599999999979,28211.500000000022,63.33800046080487
2023-12-30 09:00:00,1832.0459999999982,30442.50000000001,60.18053707809797
2023-12-30 10:00:00,1836.6259999999982,32340.000000000033,56.791156462584915
2023-12-30 11:00:00,1772.1420681495451,33542.000000000015,52.833524183100124
2023-12-30 12:00:00,1729.2680000000007,37109.72810792484,46.59877849201252
2023-12-30 13:00:00,1693.0440000000006,39695.84071240915,42.650412980691584
2023-12-30 14:00:00,1187.7383322206706,39275.80999999994,30.240963387404932
2023-12-30 15:00:00,1206.8380000000006,37930.438370458214,31.817138210032812
2023-12-30 16:00:00,1551.9240000000007,37240.58126684672,41.6729263402125
2023-12-30 17:00:00,1761.3860000000004,37553.999999999985,46.90275336848275
2023-12-30 18:00:00,1797.5560000000007,36842.96037816718,48.78967329306189
2023-12-30 19:00:00,1797.5560000000007,35431.99999999999,50.732558139534916
2023-12-30 20:00:00,1793.8800000000006,34527.27662520438,51.955444371494266
2023-12-30 21:00:00,1301.5700000000006,32614.73362467171,39.90742389554322
2023-12-30 22:00:00,1066.6100000000006,30181.26583410983,35.3401347002005
2023-12-30 23:00:00,1048.1940000000006,28991.995707946357,36.154599723285116
2023-12-31 00:00:00,1082.5200000000007,28633.64875516179,37.80586991397157
2023-12-31 01:00:00,1112.2880000000007,27689.725283371445,40.16970152708466
2023-12-31 02:00:00,1089.7040000000006,27332.466028431452,39.86848456580836
2023-12-31 03:00:00,819.4180000000006,27247.49999999999,30.07314432516748
2023-12-31 04:00:00,939.0800000000006,26875.99999999999,34.94121148980506
2023-12-31 05:00:00,772.4600000000006,25647.999999999993,30.1177479725515
2023-12-31 06:00:00,831.0260000000005,26164.721009682307,31.761317068600796
2023-12-31 07:00:00,1287.7780000000007,28298.813917296648,45.50643019045021
2023-12-31 08:00:00,1286.7840000000008,28160.63988631374,45.694416220470416
2023-12-31 09:00:00,1724.387848237495,29688.032618753798,58.08360124032628
2023-12-31 10:00:00,1904.7139999999968,32025.000000000025,59.47584699453537
2023-12-31 11:00:00,2377.0659999999916,33281.500000000015,71.42304283160286
2023-12-31 12:00:00,2377.3819999999914,34367.00000000004,69.17630284866263
2023-12-31 13:00:00,2377.3819999999914,34423.5,69.06276235711046
2023-12-31 14:00:00,2377.2759999999917,34023.00000000006,69.87261558357545
2023-12-31 15:00:00,2377.3819999999914,34648.00000000004,68.61527360886599
2023-12-31 16:00:00,2383.3819999999914,35675.49999999997,66.80724867205767
2023-12-31 17:00:00,2563.7587459957854,36546.00000000003,70.15155546423092
2023-12-31 18:00:00,2806.0320224798375,35541.50000000005,78.95086089444264
2023-12-31 19:00:00,2955.6042942488807,33439.50000000001,88.38661745088532
2023-12-31 20:00:00,2402.599533753453,31113.500000000033,77.22048415489901
2023-12-31 21:00:00,1683.8144582024872,28989.999999999993,58.082596005604955
2023-12-31 22:00:00,1580.080404759058,27449.000000000022,57.56422473529297
2023-12-31 23:00:00,1388.485682086152,26292.5,52.809192054241784
