date,0,1,2,3,4,5,6,7,8,9,10,11,12,13,14,15,16,17,18,19,20,21,22,23
2023-01-01,24.106039691060676,14.77947235413176,7.624053283761449,7.681675570354913,7.418611830341023,29.72317175289652,31.85544987662772,32.19715452072083,32.25276717555435,35.16953320291291,52.95178309274975,52.46407725371645,51.91989331864114,52.91848200125444,54.32417006541556,59.79160171933297,70.62889113743189,76.36589179613279,91.30095456218896,107.41779751372306,106.82127611694018,95.72845234273407,73.16963276565568,78.41749991400661
2023-01-02,95.62972137779153,79.17350955924084,79.06609484770763,74.05386496717479,72.73502664818471,65.67195796029739,81.65677966101644,84.47327308323568,71.82084237467271,136.58893323067295,158.95360641159024,163.7264572200654,157.09890016382295,159.77307045036235,147.73430820618998,175.87502963293224,198.0291408219043,226.8687177920421,225.9269211188697,216.40228139234992,195.97566131338925,176.32409562895586,140.36149503221213,107.7850610663985
2023-01-03,87.00445735581522,68.82199351533764,60.932674820832005,54.17330995601225,44.10300998708901,44.76800828272464,41.27688565830735,39.11553945776158,28.570271757769305,36.50481056218331,51.555234991821074,55.967166813768365,57.16771198577682,55.3014637532067,52.92225663941474,54.51436817986147,103.3463874275543,105.29171003815736,102.8159428133056,68.60120323416778,46.54598651877041,30.281690268930053,17.94323073501284,9.399203091153904
2023-01-04,15.103624547494146,12.580719891422271,24.311560820426923,30.7261677019894,28.45385456950913,28.06381536367661,28.896980579397347,32.43885532940986,39.215757166781714,44.22889639230699,41.27284393017171,37.47259831598088,39.31939030010948,34.62194757859418,39.66680889572488,44.266793481454506,43.516652048615455,44.05927300246557,45.552100197030654,47.84250059299468,48.94930011611111,49.01540222987155,46.25114047400151,44.01824630551148
2023-01-05,41.61490101586046,45.908478849926645,47.20147931230131,46.0040186637405,42.14513241340576,54.084242561290814,81.24283644843266,76.62357486244515,111.85774327410284,150.7708487045968,144.5173288132858,137.09483277834605,112.9835887312984,89.38536214937362,97.53983974894308,84.50730019945932,95.22934617640637,94.57204869932004,82.03827310476811,34.42141078298574,14.584976232991291,6.835524842750037,2.049058237907243,6.488596314562625
2023-01-06,6.288101954736327,1.661174177742926,3.4232539149872223,0.0,0.0,3.093977876295132,8.106997243073842,18.11512094042458,15.182073296101803,12.905790884010692,33.69211205367833,35.97839912893265,35.68508652504798,33.18479808876035,41.90277529251162,46.40688476743876,61.2554520836438,73.69479406191383,83.15475049888252,47.155917279086815,48.8188741056383,20.318983130818697,12.065907895047848,1.3287089480422491
2023-01-07,3.2386974376612883,0.8392032950076338,1.039471463981272,0.705614772419826,0.6117617452073473,0.0,1.2832065504631232,17.98781057300223,39.59237525209841,52.41947438705882,52.83754379494746,52.71282384952097,45.709278317079686,34.95793616090946,33.99849111265353,34.916067726853164,29.08032686395974,29.432550693703323,28.0711769043782,27.48033123280892,17.022776397847515,1.3529097267376955,3.663810251188204,4.276240870562057
2023-01-08,0.1984903338414337,0.0284337343853223,0.0,0.0,0.0,0.0,0.0,0.0,5.175557187687247,12.25892796850227,14.525786750560334,16.082143671931185,21.53659551535236,26.42266974708927,27.11546157717676,29.840599967198816,47.14494905534789,45.57002870434517,47.20326057700929,50.32825865925568,52.712206293850095,41.76388366449067,31.019577075970048,17.60072349171403
2023-01-09,21.19283854430152,27.666944164161347,44.10557727523169,38.568200507129625,31.357782649456045,28.375132912931548,35.11085545861211,44.76445810564651,50.42460191922377,41.816314517239896,35.32072507701163,34.25494807685343,39.571225259686194,36.3718540575088,35.0481651884542,42.69664251996556,51.76835100356568,54.85308892016503,53.57823034522743,56.51144339334744,50.56778285337218,49.83767467749829,34.46107183316413,34.45380811973194
2023-01-10,37.85422236737254,38.52488129627645,49.89046072108718,47.04481398261495,43.2452704998681,43.075969838060594,38.36975549885323,34.35893468891578,35.7366157343424,49.25034303191215,55.93000576479601,57.04400802752266,56.695475658829245,51.17219940511715,47.59475143972411,48.68447649527418,56.31326179198129,54.90849598425712,66.41905097795971,40.50717334119417,24.947015238616377,14.863969432116896,4.023174261566064,0.0
2023-01-11,0.0,6.099437367708444,3.094226762446237,1.918399160800475,3.2707938244251014,4.072495525620071,1.4779892921016131,13.870752816994376,21.07361620021992,28.638761715664884,25.37109703259854,23.20612945476213,22.09398701148828,24.240680016206625,28.612008640700143,38.90484861975079,43.27653312299116,42.35943765844657,43.35976643435666,45.36348408710211,41.04399350830691,43.87229870839828,40.09895076859554,36.08600301941095
2023-01-12,35.465262084285385,43.58874686666508,35.21038829357991,45.67638562296357,40.26352065286772,46.257434519525496,51.39857051555933,52.03178663294477,46.20662307542829,49.94330030606412,49.08656016116068,49.45519269853678,49.79875720595934,48.531672859172886,43.45970909944668,45.96116944039859,47.80058309037889,44.78247886860316,45.41894099271486,47.39684712147408,47.96310341157783,47.11913780311493,42.67696439607397,38.48378948795965
2023-01-13,41.637952703417085,37.62549417895303,25.054881189351796,24.91297397700006,24.88273565983747,27.61423925512073,25.394640827818563,33.10290625911071,43.84010538247132,46.52812520043594,45.6154387375615,44.81551582433641,44.66873410691521,44.395964431861785,45.40251507889239,47.29139438260328,48.054156452695565,57.977305207098894,59.11706752027079,76.07789399053858,75.55661614285798,57.745150773021486,59.16167608580125,40.554630167309774
2023-01-14,26.031438079071084,19.87412751931044,19.02894001449129,19.101580377502643,7.6501757749048815,10.35244854065743,8.583720105729205,16.772969586945504,28.02656831159063,32.21729511849143,47.64284714438632,41.82038808545467,41.81881469374429,28.34149288343597,20.51497852454809,13.858441715911816,33.55454740493806,44.300007712280525,44.88063895103819,40.2453988820766,23.3999857844662,18.002280133922092,2.8855209280668803,1.960711340987068
2023-01-15,0.8269198318695196,0.488917345642844,2.6693288556836,11.775231034445444,14.564623656092166,23.374237947908075,25.740387397545508,24.30314134465973,25.024120972710868,26.13932778280632,41.5175372750781,46.06848651372362,51.26818599125132,64.40917501088359,65.36965646746907,65.00768977260213,107.17830476239445,165.1764287242542,195.41759414205475,188.4909302299184,186.239365835644,176.7586899336638,187.72325922320957,167.5847213186618
2023-01-16,160.06636126779708,149.05047665086025,137.08306473968307,123.1073685226155,125.0199588396964,118.12347546060772,145.38752896390568,182.45199164314096,201.0410337467424,198.5415627807066,184.9183946767247,180.93566545727464,182.52866990900432,164.45143169956685,147.35911599471572,148.1235667723511,171.28107219142154,193.3526320901641,196.7149691315101,187.1151774517652,187.8016943025952,181.226427251526,196.68307278936408,174.13499714582431
2023-01-17,174.14811710468044,175.157883320441,168.81640743006673,165.49867478684436,177.68497473531718,201.2382360800097,236.58166689026604,238.70908745102477,235.05660366645543,238.79606892587475,236.69293061503143,228.08095088845624,217.9836945937196,199.6960989016013,195.7348450113544,202.52892203550823,214.98090898245724,223.77454036431223,218.1990214712732,200.13287206244533,183.98826150699853,150.03900090021102,108.11009895553735,75.12982059316157
2023-01-18,56.83114842710079,65.37434658044035,48.635802861179336,45.96588129623633,45.74499860964494,60.60328321667314,119.79266284447502,161.78506994814148,173.3424969726533,178.44327895782226,179.5309802878146,170.07355939564442,172.41378334714412,164.65492680644385,165.10779126076818,170.49928172264154,183.56568040664976,199.15937641441516,197.2542676392412,183.9031208837966,171.95052314659915,165.584660733055,155.1545065565094,131.42292514119958
2023-01-19,139.6668113162048,150.76895279140888,147.4441193413925,152.06992336072835,162.64627097264707,181.98969959330745,210.9939466974868,235.4439782987275,240.22484361538795,237.99767435404607,230.5466192439268,219.3888590874892,208.51725847411123,202.10953643915133,192.61417469443143,191.92721927626908,199.6970499728752,216.0376126943128,202.54860391733496,187.84064975412312,185.14305471982252,167.43034894648557,148.2986445214815,120.5747146931116
2023-01-20,111.82751722156146,107.25040191486308,102.17582731695478,109.21806131523076,122.48332816454511,138.79855397474395,179.84486319336767,210.68024189358107,221.36369344893296,223.64475219503385,218.62688353510987,211.65307828695651,210.09639294026928,210.9560881634645,213.8407827398057,217.11181594804924,232.5181974940145,245.6083561501681,244.52304396731364,237.9691633301356,241.6442403513709,236.2829399252105,227.8091808315558,206.56966041903152
2023-01-21,199.6442376945164,194.50231761511756,174.94196544062964,170.30307784375347,161.19541974159486,159.40239560143385,160.56254510067623,184.86230628895785,193.99918457570556,191.38527529467345,189.0078544112149,182.57600249806964,174.63878615455295,171.64509656533392,161.14442969858416,159.47689767417052,178.2618156784006,204.415469989288,199.1218097084989,186.3915139112522,173.7702499169406,162.53346761561008,160.8592094932536,121.5399869858072
2023-01-22,104.09787954887489,105.22032218322748,95.48394585275206,91.7158223498401,90.47939141544036,93.32196259925573,109.68639365366684,134.86828952828787,152.36615753758605,161.83510423673965,179.9643860257776,175.2959723695152,180.32789933955905,178.94510989672065,186.3101975841199,194.2363578070935,218.29458303637983,241.30885974543284,241.9184584143459,236.03492208252268,231.8017832193018,229.9836339733428,221.9485040274562,202.78640858797823
2023-01-23,207.17583446768768,204.5506499969146,201.13466344786653,196.94642193138623,206.1218367920135,205.9138832475352,239.01660147931435,260.62566499866136,265.5403443478016,261.33722789943386,256.7524334763182,252.00531626895236,245.33993070937132,239.17821024612084,238.55071407179307,234.67054128875557,244.55789383194704,257.93848805072975,259.9055269811915,255.67135949159356,248.87599194411237,249.13233505184556,251.49790289006492,231.759090925048
2023-01-24,224.76110637147883,216.36100417206788,202.5943089017056,208.0502892563984,212.2294047263652,227.91892622426428,257.27278681912213,271.1097893974239,272.6031552204795,267.8926424197887,256.55140161027725,243.79004977266737,241.40199376363668,230.2278392313296,230.34199393983525,232.8794735559296,246.3727380698577,256.9582985380142,257.5908218483034,243.52544728632785,245.2838190001505,233.7273771156184,223.002992079233,193.79960865560597
2023-01-25,178.27541558186664,177.87247169454622,165.10004575728968,175.4025841601787,169.96448066074055,176.2995422966927,201.30370846502575,214.9853538685286,214.06860694911168,213.2761262887768,222.41179593221332,220.66999012622628,208.7550644719851,215.47714688143228,221.15604591270605,219.2771089891116,224.94654463695156,217.31320450906216,197.62897052202888,181.49578570944368,166.3194653033363,146.9140525972539,133.9314606844332,95.43577038212678
2023-01-26,92.8505207103648,96.74772234151864,97.95259627968323,100.16784809968422,98.04311039138014,120.68886128579052,160.91076607686537,197.86064241910435,205.59433453776387,205.72842350326732,207.5674509350213,204.5147335035671,194.46383246175947,191.5065765860746,,,216.18276241697,231.6017371285223,236.6105515043484,228.52974176178896,223.1511134487037,217.29338934941015,218.5196179121191,185.97281687812665
2023-01-27,179.8051357156762,172.6962560331639,154.5868764000934,150.75962386531182,155.90905196034248,180.01340190639036,231.9658982070918,253.09942627036213,259.09202039332393,259.6471548442845,256.1278219748256,249.29085840773695,241.61715019545335,243.5235410648592,236.73470554375672,239.11069928569933,246.2656557453337,254.80324263919,254.5813945193141,245.4787047494013,244.5341173022088,245.5276583083762,248.8860042088871,223.48332069755787
2023-01-28,229.8907481908857,235.06869080196049,227.5068272776338,225.0524606953011,229.81110650322543,225.25615132474505,242.63224769225135,269.98062093556825,273.99238502032887,263.33180564421804,263.47775463483987,255.55739957873269,246.2353368353288,236.65948570014868,243.0898785876152,253.5270327838276,263.2396298753304,267.7040450302646,267.8402407387126,264.4006012664428,260.53410218494975,236.4758585164873,209.2139131687544,148.64169648016446
2023-01-29,113.8632152846286,93.14904403994494,63.02903634072496,53.54348572107661,43.42887196239997,40.67977592296893,34.01911567599576,39.72362673858424,44.95400846734827,43.26294552790865,42.15985841112154,41.40999235633383,33.95170519986413,38.54964585355585,37.50437863823331,36.60414548793432,41.630751860944486,41.210633846153925,41.25897829478993,41.5199808693804,35.926785667883365,38.68880144447354,26.009690540985616,15.246792519167446
2023-01-30,15.877120858301176,17.43529670821758,18.67358810423366,16.50423482408842,21.118278127001904,32.39396157933543,29.632702408003357,45.14520376958096,59.67129029714072,89.64154757999032,111.05828926167732,105.2788037579015,91.09568352141066,91.08896450217846,128.73569361842547,163.39985379152648,180.99262724068967,205.12280095178227,216.49043697664743,197.10090386924168,166.73506087924193,117.0436803504833,97.46740976694058,48.36945183983705
2023-01-31,47.04528046164472,47.01834132369903,37.01167895170919,34.31760087894168,34.91240919389983,31.793472114360696,36.44924432437945,48.23949707559649,45.69837084471206,46.18093869076116,52.67882661729293,57.660288482061176,47.791780943826254,51.13367986994116,38.02618639815548,53.61485667682743,91.99861739817275,122.68357032543312,128.286940937521,111.63149741262936,84.2230359443041,43.22392308500115,40.18533206988004,28.210379737391424
2023-02-01,26.24889160192231,28.26615072367358,34.97160766143311,32.691472547349186,32.495181168202166,33.53100436346454,36.90096006095631,37.00493625922453,36.74058233691037,36.89712536103421,38.00855264765512,39.29646208046197,37.465727613685694,40.33258418622016,42.559486908493234,43.74251480036053,40.37735376602554,42.61394405396464,45.0016759241524,54.01485134498921,49.36183630387716,50.952729588407806,53.34107463637162,53.5886072008588
2023-02-02,52.953694799521976,52.642248740554805,49.31002773446927,45.38480032192961,45.78997669862818,44.06817663569193,43.091360684681305,49.53014928544839,45.55423492325951,44.0725134492679,42.41893461871197,44.82322817764143,42.29042069820109,41.894276689829205,43.2182956381257,45.17928391775491,66.30538580768945,78.48327507936334,79.18780682370607,63.176939900114455,35.6821901565097,26.996939920165893,27.11330378936434,22.053449436643103
2023-02-03,27.503434362324672,24.224564502442703,21.80288775090654,22.2309389646478,30.966329168166176,33.41319001444058,37.52781357934986,60.165261529117146,61.24822929585201,62.38977990329467,62.25416655730774,63.09207124200986,63.207251039786165,63.99356699496222,64.41903190319043,74.3634603640193,132.44181200221934,162.6664458176732,170.03009988807628,173.75169928433274,172.80044464265086,151.4681492649807,125.1887265320441,99.80946809649146
2023-02-04,94.3406578088686,87.17025215056417,90.61447679305124,87.42015108713427,90.92337247121117,99.13233522018432,118.06969082449532,135.63031183689213,147.990346383781,149.26314416382357,139.75789342484816,126.09814028394575,105.07323948431682,81.8940911604653,69.43146566355459,68.97515597848586,79.26029041035235,105.51498308434098,98.75074556516329,95.27122893772668,84.26742346587544,77.05928380995006,61.44239380362666,64.03126440099453
2023-02-05,57.05043271585112,56.88044877000168,54.30311744726622,49.752717331040735,53.05120792767156,60.63280633938829,64.15515412558952,79.33539042510448,80.91090039439416,74.30245752473554,91.62772263771316,106.27209593849892,140.26694801580612,145.01948469892832,131.81121503735747,150.44691529684474,194.36123842932903,224.2224082217619,228.3163396143548,216.17258576811005,199.5933751969938,177.8488601025918,172.92079510433342,150.32791104938286
2023-02-06,137.46882953753595,139.52130025142503,134.88710499704374,136.87747477627454,137.9198042794015,163.14321146030903,206.99302424452097,225.5244692477461,236.75357667508013,231.90979668005625,227.4458247844005,231.65299211300268,221.192274269721,213.88564379614328,207.1851806749052,211.4845730426364,216.22396548170832,236.742828544932,244.9143384753184,240.69181638904016,243.8803517569273,233.79141400937897,219.11198566183708,199.42522104361944
2023-02-07,199.86191705930352,195.32043044385384,196.6979253126488,197.48511535543744,211.5330083195504,234.67190884307496,260.4445492436654,264.4873418080653,262.488914260206,260.4153570397994,259.11535147410984,268.72457076853664,241.9200984175994,235.9098252059317,233.16450571630463,237.73007256743892,253.68523514164596,270.46498105422586,275.29738563320427,261.94088346376384,250.9321221496532,247.47624869579064,249.2270947958741,220.406162179727
2023-02-08,204.04923467730333,193.81537716679424,171.7177440927886,162.34561755094688,156.721342686396,164.51685230238732,183.20740167694024,197.90930918019995,200.85846322689983,188.43651224659052,174.90886390423557,146.06399027127992,116.60534137664918,103.79370473889854,99.52316850992506,109.52832540225832,127.9577576742561,142.48090066449117,150.73628877273984,131.67995489590527,115.90128499833988,95.84944787481344,82.1404762596712,46.91597577659528
2023-02-09,47.68196035950192,47.45234128979569,48.37311784971608,50.23079470276328,50.87941626259335,64.72399233547526,94.57602960865631,153.77921589429485,169.5779876873333,160.0972507195761,153.88569205073736,156.28314910240528,138.16108066775772,130.077210528978,125.10467940552849,129.25636118688453,158.0737764083957,188.4656532960282,200.8492927264745,194.45516501341228,199.91660595874092,198.36174783535097,181.54902727572272,142.87425259015723
2023-02-10,116.57264932886928,114.10741780829883,118.35399263486607,110.8135239397589,114.80739796650936,110.95145352200343,134.6349695926379,153.04055709753078,143.5662466531357,136.39177714339425,124.65061116603052,106.71684898771396,92.23294471526904,82.57597360834376,77.92545774534511,88.79684267188655,106.95069603906737,121.3268273056789,117.4191443344268,108.03801396878146,97.0292777488065,84.36122492442887,80.05863852486158,49.87407178078419
2023-02-11,52.758898162871546,50.49545568738981,50.170218270270105,44.713449290519655,48.493435769435045,54.85092510036871,67.1926067527849,71.89294682733595,93.61971740358698,121.75070411950072,133.91035037396864,153.36357115057177,153.8186222180746,167.9343905757785,181.83404409210044,193.621438584454,224.96947505963809,250.40806724017503,250.17008627732028,251.92869409850843,232.69024668249327,239.9991907372033,235.91237422221403,202.3223146332507
2023-02-12,196.1908278769378,190.81167985039457,193.42427736107615,195.3233610398821,191.08864659440792,196.2960894297029,198.8002260672036,217.77590607726952,224.43918854058677,216.2582388468488,216.46103476083383,212.0474364006712,207.04973051489168,210.59783803952428,215.4384873930978,224.48667554283657,242.5770726223753,256.62169277547594,257.872491857221,250.81662458152385,244.83612114743244,229.0877475490659,226.3043973768756,214.2657466343613
2023-02-13,207.65270409392252,204.70165318678835,208.0890377829149,221.45098781886983,222.02429309265392,247.29304439067823,263.3741882297552,269.0009092730816,271.3636671207293,259.5885702777184,249.25348272965348,247.1175525584882,240.74019959513703,242.03087234819057,240.64685897924812,247.27517481776485,251.94164264010743,264.7163409046751,272.5229291753954,264.34386487347643,262.71948107567044,249.56037263261368,243.3107772742446,217.83422845828665
2023-02-14,207.3693819612504,210.95865793806345,215.93219429655505,223.2697782793321,225.2213026668008,232.98424930321733,250.82361544979716,257.0626926369269,243.0598607998601,230.25651116027944,221.87054837497936,205.87563187236864,198.6617291994955,197.93836930030048,200.2079228327653,206.8088413312942,203.07717408405944,219.85400846704928,219.6901674810832,201.3757274007323,186.13343396253512,177.50343022851789,149.54287035836995,92.88691274795526
2023-02-15,80.53488777464634,83.47688833578222,74.23480885575582,55.57841444632331,65.98759124227927,87.44368815816438,109.43729215592909,122.2920182629166,128.0509676949891,117.19239901178688,133.5769379430066,126.1831703788695,123.03612105999012,117.00872205110257,109.95998062828969,115.73727327210416,120.57307719776831,137.44328383360113,151.78128050579355,137.38714008528711,132.31446211917,119.92803348528224,110.11709499605716,66.49663677195495
2023-02-16,68.11459481858016,87.97273398595007,89.39533796047779,114.735130030027,142.2565741838222,171.5965464812762,200.9775682257556,217.69241393668904,215.21408594148684,209.98601513866453,208.92179124644863,204.5616438536922,191.4362650622353,164.3598588703411,154.54074318209527,164.6915862034329,165.05861367710574,165.9432036291267,168.3929461558463,123.897302265962,84.71554668522442,59.54321769525372,53.67346686091224,44.04210731585963
2023-02-17,41.45341732494601,40.48284830796352,42.31021877370842,41.98805202986773,41.72485658148652,42.47019839098024,46.75572124765608,53.631635114392125,49.78672515463299,43.94164780831335,42.96939982295389,43.89940321772883,43.85984338655119,42.94441328028824,44.93966564312091,46.32852149808562,49.5416212234953,90.49359863440915,123.5897650503251,159.13000281035775,156.8147061225315,139.6497649743897,105.63348053828952,81.54798761244926
2023-02-18,75.80226972952866,72.01817784071903,62.899322033574805,51.283793474608494,48.96702792191278,48.49118210394244,52.14877780221525,53.01902527237813,57.94261288172008,60.95495415477832,75.09706798011221,73.13874508494105,71.76778448367112,74.02853045047237,78.89295333542083,79.50356925637794,75.96325841478313,95.39188203594992,149.78557325745786,132.55250470620615,106.44983717192808,66.71334000565061,64.51572846367235,64.53868248420801
2023-02-19,65.49913087390546,66.85414749359454,65.70750694994312,65.58636281836625,68.48731979820731,73.32161128444271,78.6215637417845,77.62652432765331,71.22704504471673,68.08293195630114,75.09113430155104,71.99084015771881,56.37994722160408,47.74940619124668,44.2287250278752,47.673440736366494,61.32691731126676,65.06298958814995,71.7200505140601,44.17299012274577,38.064196219952194,35.84212178721838,28.72797255912332,27.97850519486973
2023-02-20,27.874129679161467,26.799696018393828,22.27437224081207,21.1764815622882,35.16021821737646,36.35302755633539,40.127970288998455,43.573946509838365,43.854621779115554,44.662061678663285,43.29275710388568,56.218251701033246,55.851606768356746,56.85355982746647,55.41628490401354,57.07439560439533,55.576481938042406,68.09250286432139,89.74542897008473,101.04108082072146,130.0898316401881,136.01032352367844,140.87908310977872,133.84546785790684
2023-02-21,136.15174638153402,128.6917688852299,117.84466964773448,125.58412145093486,147.9791617913695,188.7832663405407,234.14667552365512,241.5596843044613,240.1311360034048,229.98581905860456,224.04149299493,209.65040313468043,198.40484137011907,198.51043850861103,196.9327855850144,204.48112129614825,210.91046565475625,232.1751066954428,240.18441531707472,231.40970201697544,227.8201571420161,232.85730399035276,231.59360056479213,201.1308196025231
2023-02-22,185.89287854447613,190.61110859532667,187.72621658129856,188.4049539459592,200.1063305757535,198.04762810482532,205.46428979468175,214.5876616727928,215.42743314954365,215.41907499796704,224.02172907598884,221.70655031057487,211.4719944326983,197.46208076827992,213.6918971582964,218.55919736266733,226.277955187754,242.9157390949356,249.41556052645197,226.6095270442521,210.90797481959697,186.0623949003352,175.6767472664334,115.45446054029811
2023-02-23,103.16276716295684,96.17217349570328,90.27680566496564,91.14760382713914,95.79016886702485,137.0581106414268,174.77994870604715,203.84943168498145,197.363990093688,189.0008565602237,204.62025953058367,213.32240442679824,209.66095222847767,202.0284925789004,184.4869390523604,183.54351309461055,178.35817689409976,192.7143056422331,203.03987949085172,195.6045951198629,190.4098892746043,165.37486326340297,129.79020984843436,77.38887782587621
2023-02-24,53.21277874247789,53.97898420685246,55.00528576688316,51.02999090581693,53.04128807154165,68.87670442247999,73.30001899983354,129.47180957343815,160.78987041359412,163.72609898504822,175.77094293862692,160.6585067177737,149.1219463460155,150.11564188097694,138.75953581634687,134.29410810379855,144.7586912017102,152.66728911886148,159.00547946344506,152.06398629738902,142.83694918624434,134.79822625077978,120.12702641334268,94.86088769510336
2023-02-25,89.71159376336709,80.31725517817297,73.47164303316681,67.65061087538591,65.39074392509568,71.0542907307106,82.19404527096793,99.0403248739533,117.1117545331815,115.25769261202788,107.5991896925598,91.7001599442576,94.72101534436048,93.84061130762448,91.89516253768969,86.22983995722707,101.9167969945916,135.56505027467767,162.2503974974089,154.14192251671207,144.40260650415104,140.28440946495928,132.4082480232559,116.11208328616245
2023-02-26,106.71973262384876,109.91003452170295,99.35476956601508,105.72742484728316,97.71046299969358,107.13744077580624,114.6664612059424,128.83404314256555,149.0842057144439,155.1296277213882,182.75310689580388,180.6118841880165,191.3357691233618,208.7706309014772,212.75543915570609,219.7280034918224,230.3394432233787,241.58535167339613,249.2273770998984,234.66008756251784,226.48285312113973,216.9323964137551,204.65584394191063,186.0793679262415
2023-02-27,193.4128123358485,185.24031689685228,200.3474684027826,197.7462869162904,193.03991326984055,207.6929834105564,224.93918223912308,239.7109835304842,237.65098785961385,237.14373473661647,236.98030511248984,233.15711381922603,237.00579391684064,245.29544977241332,247.1172237637911,251.0157973218023,250.73601016124317,256.13338452387467,257.2115612210111,251.70848528031536,252.04008299515505,256.74651834866955,270.76300895164445,268.49113394978644
2023-02-28,268.98872996749014,265.6640626288305,259.8279120195358,263.23770382818907,259.51281644439433,260.253915911816,270.7857510706221,273.86651342139874,267.1625840536501,252.34714583652024,231.9881439964516,225.4755483000961,231.83187893846755,231.87876995473692,233.83824868155895,238.1743178729758,250.1305368964906,250.43870501969008,259.6768973600334,251.5895705105956,245.851499751974,242.25339789777277,244.5204441956592,230.87348159762115
2023-03-01,228.20145549040532,223.39889417898863,213.80225517042757,215.00676038987308,209.76651231267232,209.7221176575399,223.44464455942088,234.41056716573425,238.57865629853464,239.39795354288145,215.5519837380497,209.97255811447803,214.3131690099782,221.8717332510421,215.02626522066197,217.6136285658196,235.5234248330471,250.74631377094835,254.71330005528824,247.2223068619728,239.30525345466012,238.04703258104635,232.03002365040007,224.8171223741629
2023-03-02,227.93583975935823,239.21829883889112,238.05149823715743,237.82848317141432,243.8180419927702,246.00452223943907,256.80277653502105,267.94949535751834,269.3851255682395,260.20078878549634,252.5364280431878,251.50876615050328,252.2686452029984,252.78350453347963,253.90002022557312,254.9295395178736,260.2712356011722,266.1581080579533,278.2921624022364,265.6794917419037,269.3412607549424,268.8460459837846,268.0230293115011,260.0746349213052
2023-03-03,258.24066354257536,259.06120765867774,253.92713736685508,257.39953295313063,257.3842976608448,262.8117672347297,266.8352617535559,268.6964323289859,262.5832897990143,249.59632637922223,244.2871254854816,245.0973783464864,251.19170264066236,251.8324446888605,252.16562519837044,260.2699483626687,264.474002572172,261.7209038802959,258.7222851772721,253.59342773074437,257.5468854053023,253.92627249911413,249.6180110957444,235.2554280972476
2023-03-04,238.6853949015056,238.621670093251,238.03628040908,224.08073706081143,220.8622402950043,217.974960280494,227.3146884745087,222.2991887978858,226.81529928904425,220.95799783107,206.61140718338177,193.627237442465,201.30293464806863,209.0334671930132,213.99744335459397,227.68911922432133,241.8543849433109,269.45920618441147,282.0640264116968,278.79691709595943,272.58393117483195,275.6218508436707,283.21127361014936,258.6590354330665
2023-03-05,234.84706338562088,231.15021295741877,219.3210046895739,208.85832048114105,214.1719860447608,217.93250887404847,227.25504245304347,240.53231137973864,245.0312500942433,243.8474899826253,237.8913236209507,235.7154459461192,234.36085123471287,239.1492199825678,241.89309971449103,251.78026647293328,264.4411507434684,278.7045243150957,295.70047109024097,297.5064506703488,288.99068272844374,291.8208267315833,290.7243727463374,278.60213369810594
2023-03-06,278.5824728672316,265.4592535792791,247.9372773000736,237.74612851123612,237.61820485605412,240.2734442160851,247.18752856276112,236.61491646142,217.4639868717887,203.7854189881377,197.01019808679536,186.4546940748291,185.36107205960263,180.07613953870788,173.5623295272795,177.93301852570033,185.90321403531263,196.122158147594,206.6790206056848,208.29588764135764,209.85971618295667,202.31420930076223,211.3449360301793,194.74412137827835
2023-03-07,189.32192425209635,197.2324662463253,204.00072432148136,200.097734827186,206.44296465450827,216.04466039965848,243.969069326924,261.96531790641467,262.7610319969803,260.4258287603124,257.11185758289986,250.24560342445167,246.1633422547989,239.49675480914175,235.644335593386,238.6495554612618,252.50699006368333,268.787565802768,294.468571925897,287.3698466687877,289.390339016811,290.9143306765015,299.52921598059174,273.2384061448574
2023-03-08,268.24429134202165,264.6306639838341,255.34343529757703,242.43653452855293,242.9617995057275,245.4149084440778,260.98253463248307,260.7916633688312,256.2261507844074,252.50267040012795,248.43787903627853,233.6044728387812,230.36404839719455,230.18831839611943,232.86541534453312,234.1568570281945,234.8536958339024,235.36457498880327,234.19641539477,207.23651435327915,205.30624985688848,194.6097919449536,202.53249764770723,171.6066006954492
2023-03-09,177.8753349880171,185.9030956494627,184.37244927305525,184.4141259371886,172.85263073117915,193.44695344564693,241.97938181140668,244.64997377448444,234.40488881108388,225.2660723117885,225.0010575220879,201.07923470961455,189.0227815031652,182.7336137858072,183.6723288425064,166.95677396489833,181.7787656557276,190.17146279569943,181.1197855305581,164.7757127844305,119.49813522637452,81.08881680968082,57.82562979423064,51.608268687601495
2023-03-10,53.07396966062145,53.9322385843195,54.73232757365241,58.86571596466481,56.04145067947912,60.71639690453435,65.62813407645778,98.43589296631416,107.70852710376992,132.35771772570897,133.2068646226556,135.62924935936212,153.64229128463762,158.16223573844866,162.69118693093012,159.39230746729513,180.31399387501668,189.34665869866933,218.63798330975263,226.59997398786103,233.5619637916867,234.2523058845299,233.56716319033217,214.8982352376222
2023-03-11,205.87156935824615,212.59416590649693,212.0369584840292,217.2268664948187,206.16004926682885,221.1103727570152,223.5059167140592,229.55524685441424,242.79415416131272,241.9366945003946,236.04867369167783,231.7498027638286,224.34913651215004,218.50189121038463,220.53481367945284,213.49397747541568,216.3410588155312,218.50722495142423,209.1779937321636,189.29128304774957,158.0653022045852,103.6691495425771,118.67562411312558,52.21705639033111
2023-03-12,39.509220390608775,15.722550076253428,12.89677489828336,16.362682964495566,15.026115444319078,8.837274562842575,6.803544318949937,16.419329153959207,37.34957529465992,44.880726769545525,43.7146851517447,38.44755846696589,34.97024231152354,44.93426504577328,44.42374613230171,45.92067940143035,43.18685638356764,49.44682795698912,48.82534920783714,49.679834972306914,52.04065858659651,33.79701240047133,31.97507031311747,42.111027399342646
2023-03-13,42.63381098492489,47.85119798196144,42.58104059362435,39.86507159463535,28.892078310027347,24.82772775346732,27.085510158517547,33.460319562573005,37.4655127519279,43.76974869332894,43.69513713949476,42.10753837722639,42.16236308523686,42.97668680758079,43.51535830461819,44.1179941883448,45.53408402297943,46.558888522008495,45.24771279963249,47.07655337261762,50.536035981772685,44.465805460169385,38.07356263279034,31.327398049311192
2023-03-14,31.840641430746373,31.934660322443005,32.332117003543964,32.34520792263853,33.2601582336869,37.908126932549855,51.248844131990296,64.39756240740194,69.39165055661041,102.35915670082282,77.27911420043569,72.75814108175892,73.56509200316222,74.05794676890616,80.84324308857684,93.32225218295788,126.64407138364616,159.74480529922863,193.3079674776577,198.5752642487272,200.541994829698,197.89028504156587,213.29176378074163,192.466030225041
2023-03-15,193.8645315080337,175.80364551971724,182.2611096559618,183.44478464999565,192.79626953992403,237.508512307292,256.04799701645896,265.5267984907475,271.7696416905412,264.6781764188537,239.44697398812704,214.2789632788608,200.32359992363368,192.4336123409806,188.71267117369152,202.2653900800789,213.4048088828817,220.15434902731388,218.95930169893288,192.4280987843044,161.11398808370666,97.53307900434206,71.71715987665225,46.40692235435252
2023-03-16,43.40108439531961,43.78643353049792,42.83679228193711,38.54403521577287,43.23292411961864,47.16551381854891,51.83592515387288,51.64484109451846,49.80922877125578,50.66542677895495,60.52752827893223,61.345365053322006,61.6392995106874,56.70402595227687,51.12353148461814,52.05300705455531,62.383077045653465,62.0440368873689,68.43601060557828,109.00380284424594,97.9987232469339,60.09661148656228,59.28682956233512,56.01566593238
2023-03-17,57.50892079980479,57.13428646305403,58.81573031463155,64.5221366286262,70.56642024270394,75.04013441473488,83.93074747329122,124.062694650512,163.42851320015507,159.96172277312203,168.6208356122297,185.30918997622263,193.1633239561301,191.55028254557504,178.39961911090967,177.53840386360835,185.12916628090747,201.29878414040903,218.6865195675545,217.71105383087493,203.18087497965823,179.03663322480142,166.4945860145666,137.1008552632044
2023-03-18,128.5738306438271,130.09116492568117,127.320026366422,140.26606977137456,147.6162304114973,145.86215737519154,156.93690904950293,174.22670008877566,188.57997264341776,189.6823705970766,193.01727673515475,177.1470826293366,180.92372884970771,164.1284518138298,155.37604236162295,151.55453731876852,169.63787360606344,182.08737152171005,181.8633393674416,182.2877757208704,174.59096823054938,138.27563819706978,106.1464009943997,69.80997725325543
2023-03-19,64.46011931284873,59.46997012595878,63.231242117713926,64.53657356284275,64.11012834534091,64.23678826600461,66.34721433372478,89.91345948153432,85.68899238692305,95.72942778119688,145.50589962278295,200.70280455175455,220.73390216338677,220.4938849548261,221.83230823479968,229.89670020346625,252.23288907781463,260.0596457355883,268.5656069804599,255.53566910365865,240.69226977139692,214.8779807970382,223.5965644137065,162.47257483837944
2023-03-20,146.20070607295128,135.9505369377394,126.11801541652903,122.83333248443456,129.71309833911286,145.65740611659888,165.59250223029002,206.0623752189447,202.26311128159523,201.83465426354496,205.5459493192057,204.90917074659797,193.08071151366133,182.96555696917832,203.29635893407956,196.94076448640027,212.28799118059365,229.04277307020035,232.0298824074002,206.40450770538172,183.8634420145465,140.64003624353583,109.35143402969716,46.97727215395654
2023-03-21,50.23734439450334,48.73328670316046,47.98074631534256,37.62010462665108,40.26224965980546,38.82358331069382,52.384421857703394,56.226903499947134,56.151076398189545,60.12154904871116,59.8317536508966,57.05887832543322,72.72145421120273,70.67478054966398,53.74171493488604,53.105116159153965,80.97435847860535,104.1249928109861,115.32279425395836,101.73584327415492,76.67252824304485,41.52519747828984,12.374901081508826,13.337972405518888
2023-03-22,15.5681887729081,15.370386598806844,14.82975412387177,4.944102446510149,3.69781764858104,5.332183452058575,6.292194354771958,22.922726793169456,25.33555954418337,25.638148439406645,21.32129906734053,18.191904417496097,20.275793902503224,22.168962617420476,23.16377430660783,23.40811282964208,21.827921837412624,22.10626807048171,25.325932811047664,26.89724418432956,28.23997137745976,30.13914627657004,26.53277306509527,3.844913786402474
2023-03-23,3.672018971822919,3.5128153456348885,3.5987430006543044,1.806301314725987,0.6967952245895369,1.6891676280097303,6.018020592375181,27.133541050494195,35.44454856599599,30.43243808965576,28.521495301904874,32.42782731295922,37.6307650934517,37.25515619782535,37.82821919481783,39.99411027536773,42.19261453341337,45.86476899257811,46.5315183024434,49.04143211589244,50.06405510854492,34.99647483762922,32.953908409975654,23.64674002147721
2023-03-24,29.87107806976612,23.448219187382183,15.580544973873886,15.961502685097336,11.73132462632736,15.877992356158916,14.492204817645236,32.794197774745214,40.2367683973291,30.89543370813493,45.3437725330553,41.71160349889584,41.71413103032759,30.11013893113529,29.46225246059505,28.922477833631557,36.87857993052581,47.50270888428246,51.107861263640736,51.074606472121566,54.50194217939207,49.01409545090196,30.92717627344011,17.43489464869368
2023-03-25,20.86320656053765,14.665974245369323,6.620208323053033,5.171265558491443,4.126781659240514,3.609749042426553,3.789060849670688,11.879785174223946,18.36261168234355,28.93356981606848,49.3519460240618,46.91471906908596,49.60800155872549,52.25780167733206,53.00769715859948,62.60538801244096,76.16804482041645,116.3123614224573,150.01166743406023,186.18544845349376,186.52061157006491,168.93018911213008,158.63438230574576,170.52011785632538
2023-03-26,170.3400830169279,155.67436364007878,122.88173942021588,117.4527150058787,103.35257469980168,91.00490883266347,77.28607292378737,87.81185275846569,105.78329635258446,104.44088634220437,141.5189715559808,143.0604167956819,135.41969366027428,126.883681983749,117.41163289747242,119.13015919322564,136.4297396180146,141.77743498067036,154.46501710316866,148.38770538379157,140.348587634649,129.38029051304125,132.197793679207,116.8069621985376
2023-03-27,116.18514937555364,106.8449339688222,99.17934043471696,99.07586183319444,138.73506586337487,191.1899512091642,224.48079207760065,231.07480617155133,227.3643563846508,229.90007477026143,223.49938236214675,222.54962470094264,218.58925604609664,231.2811192921536,233.09872607248823,246.16995738112303,267.19028726711565,285.8832040842935,292.73279032699185,275.46337927475264,259.9285395960747,247.40431825992337,176.28383043611902,136.89298456901034
2023-03-28,124.18466527696752,120.40734213318328,110.50271249751307,108.30485848650711,119.0934524527073,151.7395881786811,165.09466131907595,147.68462133187674,131.8768487542318,128.10145420314174,131.82532890194088,117.54343067860368,96.73853315939976,98.18656494068942,96.54963521659722,111.66813841027631,135.65029859234133,168.00319037588585,161.26736095777778,157.2592176031463,137.38512650769255,108.45177561617658,79.90508081272318,64.36188309115973
2023-03-29,74.90960630623297,85.73794372460284,91.7126308210855,99.62287494364888,142.92677366097163,187.5109787659553,199.23472550590645,188.63512460600015,175.29521279128303,154.69140087206833,147.36668374277636,121.96779768337356,97.98292686768696,69.90397920128419,67.0816584936835,54.14942944439932,55.7632251481368,66.31809087346389,68.09384974223731,47.39090431097591,47.83423787063713,46.59292091600656,48.67939530647451,53.46693748847932
2023-03-30,54.54425648434292,55.20523372572781,53.99216634961719,53.694226981726565,50.46771893063898,49.90618094527139,63.28649685865459,68.84127412672079,77.31370531120268,78.47781882057716,89.47116065886169,73.49611285091048,68.44319276377169,71.80172022821881,69.47013895751962,68.28991729738478,98.07620491709544,123.3901392645629,143.2977158797274,148.77299834014394,126.24881895419776,89.28886880802376,63.887888903751424,64.17695735253687
2023-03-31,62.85967230871824,62.849641696453794,62.87809538775902,59.26969411956856,48.36805795131881,46.74051206182189,48.665558419374726,70.05674627343777,93.7645130245613,105.70333966250612,123.87217922770763,150.312775746683,161.69688117474976,146.4056752163818,130.78564195047664,135.56973711602598,148.1838391661093,147.83632108649786,140.3212725569607,127.11665513139828,102.24932044936432,65.6354824731151,69.82979818843275,67.54263835132637
2023-04-01,62.83530362933662,51.930351703714656,56.964922985517575,62.1343530103894,62.90547641537255,61.158423291493136,88.80333049484301,80.1804017206919,108.52868697214298,152.19723556277032,146.76347950284247,147.25921059022428,139.9365479608557,130.20056443090257,124.40135795282352,127.85724168358362,152.71148631128958,172.40391259763177,181.17211262558308,179.43135471858804,164.40489926208124,141.42158335011067,127.3500287963541,116.9678426836986
2023-04-02,127.349533974553,126.69557029943898,117.97412064686866,115.95552415711998,119.1166184136703,123.75361145199705,149.55047259276265,175.19770070391857,188.580256091562,191.3864883890146,216.91912182336807,216.11179824651128,210.0790618791044,203.4784399061885,208.98908904285608,209.51385386486703,218.9601985044736,222.5831742995314,231.11814618796848,233.81031056339373,221.27657131246931,195.98976779617988,173.0453876088696,171.05457870730103
2023-04-03,177.42882112109876,176.0400111753064,182.36944156177307,185.0751249020233,208.9961064771244,230.44487700053503,234.6290845715879,235.85473318812035,220.35205801510432,209.94048978679285,210.76329572547348,191.7945648539494,178.73013151560036,179.0734103600341,177.21732407168813,176.05049996060285,179.28075889634636,195.02723720580784,202.4952496809445,187.21269471562968,171.8122061045984,158.45126116273912,149.62235229276138,141.4572269905559
2023-04-04,157.40436238599162,170.3511054350603,183.0655365965548,201.21883563667984,227.6436285684255,252.79736603037955,262.2666391808772,267.66616645452655,253.09646718204027,229.1129686977493,191.00771933728495,175.44150241167998,164.39419275893306,152.00975437379725,152.98935902033736,154.19529530687265,179.12411247958198,199.7943468192,220.3023134049574,219.0035223147317,192.3342264172896,167.37890844524972,131.29958287524025,131.52723459389904
2023-04-05,138.43591644932454,135.0249891377745,136.3285854082507,142.4717888092704,153.08371903602082,169.6630927634888,192.80570170745105,202.37477761340287,196.36031447608192,198.44316045606783,186.66556064743352,179.9445807278995,173.1343186679031,173.91124015744091,187.467668609334,197.0992790818936,218.51129025286517,243.01463049964508,254.43510344089992,246.1879816298098,250.14495715650003,250.143828034384,212.2395976817532,206.1196483383518
2023-04-06,195.7137559609889,180.10412527270884,168.96594921877656,166.9738093119279,172.7371605921968,190.11365395916,198.12640024730945,196.01902498806865,189.10555969850523,172.8551210559749,179.30468838920223,156.93653809310965,132.6487441972861,94.7862214117608,80.22577175136853,87.11364769237856,116.916069283328,143.08218004959787,158.7243130249634,179.8506377080179,155.47304867456535,144.72977258288628,140.09559513800156,130.2843689326127
2023-04-07,137.67824973077435,146.02147044152807,152.95716081394443,161.31258425655614,177.2459414082616,192.3995433087888,216.940595555978,227.25224671307825,213.10254660942195,196.32508423183916,181.5715689785096,183.92130842052583,181.02184344087445,187.94039764760063,191.94700768895387,203.9649728294966,226.1730870447437,243.6033901879695,258.26184138579663,263.1076523569564,264.7020912333271,275.3324112583389,259.0661487112527,246.1583950714877
2023-04-08,246.24016463477727,236.570688104709,220.51072447630025,218.1220833619506,216.78524414799088,214.31830363863293,226.8117515975151,236.15152250492025,229.5211543694383,207.99033202440023,196.43074034909935,180.78484706753045,171.35128646180078,183.8938235390102,185.8544883698845,185.27615342680167,198.79406076708457,206.6366946643857,211.5274502105937,214.89169339757532,208.439925468678,205.49134322385427,187.9098562232572,178.72061190729573
2023-04-09,168.28841635558217,164.5703752908368,158.1746336217534,152.83505632394724,145.15175694625557,134.81603747427698,111.9818553262686,115.82697424793182,108.70790897140556,93.47863307935988,91.61785352405278,76.58860179849607,62.97248605361642,58.20616229656076,48.38819537358342,39.618312327743695,35.7833212185289,42.16851912640959,45.97189417853744,39.47308587146229,28.167949131021125,6.482032704506524,7.925794694337178,2.16205451701647
2023-04-10,1.888133398618011,0.5814512974775138,2.2975833203391685,0.6865640039592951,0.8812055147655411,7.529856164625083,12.913999870015424,24.689296513038077,28.821004618678064,28.60324916179407,24.51674610740384,24.416573555625934,28.0598737033998,19.669645503542824,13.208500781154774,7.011432439146359,21.13906395039453,27.75867003468205,28.617230838899573,29.51595230422175,29.41214584409156,28.46961659777145,4.525559875157527,0.977049082964921
2023-04-11,0.6522392008730786,0.7304065054945881,0.3046539829575713,1.4671988274701744,0.5813749163583594,21.78041752061572,38.5974017996989,45.18919074644919,62.33944685420965,63.53875632383512,63.615245714920334,64.6272829700516,64.38385629701645,67.09532288183408,66.43648674202295,61.37490429604397,95.97691781374374,94.46605330176254,71.04719491653086,57.83361092413811,25.89301307944464,25.94936663363599,27.476272256812752,27.80700591474757
2023-04-12,5.977390710970332,23.03305802781228,30.330466335071208,28.36636375265112,26.79800459052868,31.170536904263678,30.2840527449152,34.59979222351949,29.69412849260458,31.09667977729842,38.213767970846085,39.05331569439733,39.30876761681312,41.46655140391265,42.02018412698981,42.277189852748,40.30209985749992,40.45070270416217,43.90303626574826,46.272322887799085,43.25946515570339,44.73930787762083,46.10154700897158,47.633177455895456
2023-04-13,46.345843157129664,48.47724700504829,45.751885829945856,44.49187095852313,43.41493986627109,34.426159294950864,50.342647274863765,55.36296998244072,64.65827978009729,58.46820357922529,55.45154833075822,55.73018136268505,56.45199437396708,57.59967370819354,53.1692159574098,88.22508934392481,119.40593006628552,149.93461334529718,167.9588658573004,172.59853974952006,180.12719163965576,181.3294819431117,182.95381698855417,190.0934737617673
2023-04-14,200.74859378671675,196.25844812583932,199.16856442905396,227.1282287046043,254.9722804783092,274.6978658264701,281.967048594462,282.3660641892894,268.2237517933248,255.20992417781503,226.75627986865084,213.18116710064484,210.0934080349036,203.2835046017856,214.34996676653253,220.96416185511617,237.1632054810453,249.4528025700946,258.0306448694257,259.3103375900552,265.6264740895998,261.6452495435827,224.00530878327984,219.54020708664288
2023-04-15,220.86888518854664,213.9010023552001,224.05001288590472,217.0370587323425,223.2587579891181,217.98442890507857,212.7448050653893,213.35770182777463,208.3461160709401,198.7388533371289,212.49752868258523,206.2844193759391,188.3209926108655,167.81577858311596,164.7982439141176,185.1262806826632,199.1004123747236,213.54496869793783,216.6068177915392,212.1521433922202,210.34400243042896,206.2057368342067,171.65825165284838,177.20792288577977
2023-04-16,178.2555091070211,174.9932934765751,182.496174780831,183.47631581753487,182.595087107764,184.33857407660872,189.63931050185724,204.53190383464903,209.39566528172483,204.53252185837704,212.5496299540518,200.79607950029447,196.1335223295821,198.7534734906856,210.12355389554335,221.633331211596,242.0496660326376,256.00784785520096,261.62283417714946,256.88617455811595,259.14255885329453,254.24319683144475,254.21835843560265,258.4388737282694
2023-04-17,265.07333612629355,268.9167693709593,272.290397442415,277.0785418940587,280.04371458305167,286.90435234606645,296.80957086246906,283.8463849174146,262.04654449429347,258.1848247977077,256.12385715284114,248.1333615093334,246.2168171305764,239.30814822758072,234.6281604216284,224.67852153436573,231.27042947891104,239.67739776197425,254.5077295206219,246.81327640459023,243.7306088311506,238.47690948445583,212.1853837946696,186.6551955811368
2023-04-18,186.4229222398359,182.63067121455967,178.57521338182852,177.96718182956064,193.05890681017016,205.95508804875573,216.10300970510164,200.344758993084,189.3882755804971,165.1896691743872,143.38581197961085,120.61323796084316,98.13799191100694,78.76295006258925,79.84026838093484,86.16481483277609,110.08071178893329,123.92616072841574,131.44708259999405,128.3796148062513,104.41010414660336,81.8361775640044,49.52512459204609,50.46148490758194
2023-04-19,53.514891971235926,53.321480293260365,53.28794774010534,49.94729990163287,47.44391447362584,50.43347828784084,66.49659087403164,65.94885280009214,65.04383653792227,63.90420451094565,57.74958031067283,50.30994848699692,48.72742249151194,49.10886384509477,50.20369662455972,51.416268754323454,52.13742472945045,59.97896428310537,58.37581420421334,89.04245760082748,89.94336505356239,55.48056382459688,55.72342983952807,60.04407896321948
2023-04-20,62.42260552996066,63.54851953707455,64.42075652473041,60.578625479321374,71.3866174196869,72.07011271910336,103.12119272926869,136.385841112136,149.51221861642142,129.40302542530276,111.146390996305,98.55917630353412,80.75785281222329,71.95978582546118,62.65134030928457,76.05530386611672,104.45179033531436,117.4802200436499,121.24963965315985,127.05167295418808,103.7333929660227,94.7294461013114,68.25569596186904,59.099555900077874
2023-04-21,75.39127893455554,95.53280623494476,99.47010510251748,113.17623572664658,128.29666721233446,151.24853680066505,154.6103726627907,147.4466863026236,138.82219891860663,106.71955867571528,92.84582346605823,79.43428446041932,70.2377600703563,53.9600049400989,54.8460752676188,66.12315206867133,117.02755109155558,161.1954553514788,165.493078784062,167.1529803728713,164.8226836654642,167.87852069106776,140.30043111469777,117.255130429142
2023-04-22,128.59230486314195,138.50518090920562,139.2017287185015,134.07479481578008,127.8144917372265,132.02248474000226,144.528287117129,160.36764709692665,170.8927804391032,160.19446634581635,148.00726412099422,131.4908827445016,121.76274693402183,115.77918860072344,122.26702760109292,141.53315867557373,162.38558298788493,166.44864163192148,179.83997272898384,194.3982826157688,202.7744457049325,187.00099600788772,125.8133703877252,92.11123038198876
2023-04-23,82.63608910823126,82.06417844032423,83.017220522313,83.28793394281811,82.81574721859528,89.5120947974123,92.74884268340485,102.51198537212817,125.96039653341587,131.24308349220823,139.48167121335624,141.99746572826703,141.90951569786887,130.46822517482266,120.88581350976958,117.99050783924233,114.27599793136976,109.47445970546748,114.32849854152452,122.60526861744091,110.76854240416552,77.20768049110578,45.49159072773087,45.182192573250425
2023-04-24,46.54374117773151,51.82782961958426,53.382206955367074,51.32983157305901,44.52744446069956,61.07949685984683,71.21513687322184,83.57792179465245,98.27881730442596,92.29053000662384,122.0107501979414,129.8638999093495,126.241261226205,122.40573189073092,119.33149387466229,128.77626142434644,149.82459300620164,154.16871785505842,153.7605740396363,168.47367265074791,160.91835002110943,152.31261031374444,131.21857282844593,108.05940332809448
2023-04-25,114.55943044700317,111.06037728598392,112.47479420046722,121.17390953132433,146.19710036778378,181.83339892875549,192.18073383132537,192.27499333361183,181.8717291062894,184.31432258665012,194.6208083055872,183.5818597580046,182.05313681484543,183.7677081217786,198.7831309154768,213.8337327225535,235.49622292609016,245.81136061762493,258.92893393738296,266.37839732732,266.1150523009581,271.7143715289009,260.70965379205177,265.63484993040606
2023-04-26,271.64246543718184,263.7786142164129,267.0333347192136,273.63016520327005,282.64676003574294,286.54360265778257,281.22489049067946,274.13893514577984,262.46370873917635,250.44800298791,238.44194219611748,240.10120349864985,234.83578309465813,232.2684878313634,231.03423662851563,238.2653277541045,250.8763360410343,261.6628792586427,263.7650163311933,263.09275281167857,256.8398874911507,252.41738638786327,237.67571310110455,234.83601036332357
2023-04-27,244.16609117325,248.73871879375795,248.54820087563672,247.0010963236816,246.98912505782565,251.4686918017219,241.065830340341,233.6151895594375,216.1046305627667,196.0336782505917,180.07434516624383,165.1033950728105,141.88503107570847,125.64069810078428,124.3569166154148,137.55797471271214,155.10657882959777,154.14877500647992,150.6749401968534,147.01224517917285,141.01322625070085,127.1854890250778,106.69313116139672,96.16087783381762
2023-04-28,91.46286987956474,92.17106677745974,101.65922551143264,100.9271228485898,133.66982149044946,191.5515646505607,203.07564796559865,213.70521347432376,221.39510441663236,216.03033272472717,232.99453545846916,227.26735522549933,221.5411414517629,224.05477047090363,220.254109217642,222.1808070262497,227.17430954716676,233.3261854570127,236.05640665663583,237.39540083807964,237.9140522216057,231.75937395210389,226.256186062569,225.39274873920877
2023-04-29,227.21484650581425,231.7864197069497,231.21684770024257,225.60339147106305,235.025380349642,230.38609208261903,232.13608646844187,231.4836190979073,236.51767106702425,229.9897136896276,220.303415796716,209.9909099046816,212.4396784097404,207.3198858769484,203.67102408947576,214.6641582909751,229.57816162241377,237.15821050793292,234.1061505025272,242.94004845440017,234.51494237867328,209.99357706075395,173.3915243226427,146.662321392089
2023-04-30,138.51231395033344,133.5524162897551,129.89613904192603,131.4053261596156,126.36352009007746,138.51060749612046,139.5158682278325,141.79628157263087,141.11371814677,142.2598370201713,160.1294968060599,156.61184773736298,141.59163680464363,139.0775884044787,139.3637808517886,140.7076793701413,156.36118368447808,162.6007301681644,161.92008429546496,173.84476175577598,175.3820815684857,175.09662174378815,106.54876277007608,75.10851247872328
2023-05-01,80.56312871440784,81.67726752260666,94.89542359292324,112.92495778131872,105.52953276986707,125.17931213468734,149.5833327581103,159.69301598849395,156.44673713733698,149.65784438612727,161.5256162189857,151.4832124041665,131.52467427687168,129.8171327093194,141.57821977087204,168.09087859394054,181.90183707497783,189.5513811374973,197.8864519015177,195.6843052945354,202.422939642045,201.09627409903328,217.09802206449376,214.6550998874605
2023-05-02,206.95868874465867,205.35191556259423,208.60132711258265,220.84710096285903,251.6657395015755,258.4731499764184,260.31434972311786,253.96515266411865,255.05121638889597,247.868059111038,245.30024166623843,241.6011483247639,238.83346224123517,235.98694629024035,245.1028662573668,243.18575184654657,248.1868127537477,244.2780643490509,249.0499378059704,250.05967251751505,251.3803601247755,241.94642678210016,218.39192837491612,213.0677298673976
2023-05-03,219.8029361480361,212.46872106179725,206.88976370905496,213.10808265901107,232.8242762184747,230.15668390346676,227.76049515197147,224.2587586150485,214.738427291416,201.2958022735747,184.5460733162512,166.44672474056617,154.63314033394465,139.15586549494796,134.12513505777412,135.9305522553129,144.10306085246197,160.37645849811,173.22918297810904,161.70218425914328,135.15786697437065,100.78452459244257,46.7577194365017,41.47904841562697
2023-05-04,44.32984306711403,44.00250434677416,43.691781811754666,43.68442703589047,42.11768291704144,38.65316583181418,49.23080605940029,47.42472596902631,42.54525795033914,35.34394024373426,42.59741154551574,46.08655384752157,39.10873955102831,35.79124735548073,32.392382919894224,30.76978070145461,30.10037038084194,28.087464139417268,29.83014701609608,33.27487250671405,38.9894750271096,33.23114683317348,40.04681168831961,41.40083612501749
2023-05-05,42.89325608199239,43.83682103212861,44.20182809504988,43.93380558396804,61.87187594750249,54.70775347912485,70.33626271371581,104.40194038125112,114.50550925149024,110.31495227537258,117.50855432458532,115.46617330474788,139.6363055558391,138.4956769032578,147.09799664105924,159.8992616465368,187.05889925877045,207.35361599072527,218.83554964370023,226.72993502910984,220.08325356651704,215.2447750889968,199.54543577506092,179.50031582939116
2023-05-06,173.09505113802686,184.42005954458912,200.47390903302025,216.23989648332272,225.0324921900957,236.81701599598023,232.02341165229356,220.37256676222168,220.8943151129412,218.5302984792285,212.3654496572622,201.38765812297103,198.08168474153817,186.74543562725847,172.15422967033797,158.87760247935907,165.82758006211083,175.39983538220574,184.38976824915704,190.42248500618464,183.4636748523187,173.29578134207873,128.3644091643638,111.38823617571308
2023-05-07,105.46011381323234,114.25440184533844,123.03708065442564,124.83973991892096,130.8327573860552,147.4141600998499,170.8634473382388,194.1389502297461,198.1337079342076,191.634161346043,199.35658740971877,192.53849689690128,186.601322700186,175.95671894059066,160.6915009216645,166.98364716261426,180.8701988729225,183.12199860998635,194.1080635315174,194.54794672087485,189.62733959787917,181.6841135687715,121.05968996198388,98.98930542602471
2023-05-08,77.20550096800085,52.044137200708604,51.7774040489392,47.63429403080978,46.9781507414065,64.12511098774847,59.2342503128394,79.21410532468789,93.82880552203936,91.20187601902002,103.09854647908914,90.45693287490676,76.5900320295683,75.62283508570057,95.0858471972796,122.09114073810852,136.5631742835706,139.92886567640156,129.83934959027027,128.89155496867795,122.98518643675249,100.87695885844046,99.18701374093966,61.35119992568668
2023-05-09,78.99917439963717,88.8945858398886,93.7759839876496,117.0357064255815,152.43830545326335,198.73357695888876,228.25995475889476,245.9270897250936,247.93068605739472,245.2191452376656,239.85727771821664,239.531961692248,230.9345537820083,231.5817718828381,239.54508453594224,238.00739572464963,246.4960345671977,259.47877631108986,259.0049826049232,259.14335754300095,261.2734154396023,257.54353107961634,207.22250098201573,195.90985452409527
2023-05-10,181.1866798028084,169.1620254618565,168.33822841381289,178.8731016792571,194.64870684761368,224.5848145014552,233.3825393726255,223.29586782959743,217.14149493493468,214.00654329325445,213.27349057681548,208.19942192295105,193.9872219956657,189.6889429992784,167.6209060996353,166.85137630213472,189.9959521925642,204.33526281299007,213.8081240386764,231.4343214160112,241.76840086007311,236.55409486550963,238.99383929782093,235.96168801252708
2023-05-11,232.60699800933165,227.73572398377735,226.568687553302,248.02899959747683,268.1854422575988,276.74539164519865,286.7066280101004,275.3288961923665,262.2702499358319,257.7520303496203,243.2849051467239,238.01853256886957,229.9221969788528,217.1713651786633,209.27252274069755,221.33376604501404,225.87783386940364,239.76366761962976,238.04797006855463,245.2794038154733,241.86719986167356,237.74175398999705,219.13725184287017,203.119071369328
2023-05-12,208.39385430751145,193.6844044068368,190.30724029892608,178.2669936006367,174.3784929952217,165.71141831329464,169.9746584091776,169.13949014604353,151.10454346358028,158.13359541610532,153.3492805293303,141.15440441161715,123.50001947431215,113.07604326920242,115.93280300845774,124.6804494280948,134.10845682919967,141.32654132630137,145.0773988525769,148.97459256887393,155.38058427037544,143.97759024135914,120.63798806374118,109.13461177623512
2023-05-13,92.9043500816532,85.01612904501563,85.6726669956978,97.22063791807224,89.2849159956175,112.16281645932396,143.272113927066,149.1042211489648,156.12505067082176,153.47157614596887,158.38266399941884,157.5590902645179,145.71049717150626,130.2356861420759,130.37103946256673,135.85801700914672,149.84388738551658,165.2527697143345,177.31666565321467,190.05746806691144,198.5002356795124,199.6354179832899,199.67330843018567,192.63068178277132
2023-05-14,189.18720705225164,176.88195334769898,167.68973708072235,159.52275339932658,151.14655820436715,162.65324552595013,180.1285421059446,193.9865105925129,206.67762885230775,190.47881172831052,189.0911371748883,176.0883646365959,166.70196155804194,142.03704459682868,147.5143159643958,155.21687327675536,170.3220753630556,178.9853012570494,172.27172165185684,175.96470619103857,185.48191136052984,177.90225518678932,167.66241497700477,139.65305870623268
2023-05-15,115.49502082589372,95.08423112078462,95.97899427630804,94.84621788208646,93.7632464981789,100.9221686402183,117.52965533140866,120.31037075688188,113.37035610248329,106.6097906589033,126.74789895810868,126.97301624111572,110.04550203310838,99.75780953911408,92.4007991754317,97.87047930887996,105.477988087825,125.66873808172345,146.30159477267256,173.05373366850446,179.14944860016766,181.80409421164785,168.58439985317665,154.4014693646822
2023-05-16,132.12819750560595,111.66899090781985,85.41079051490587,88.00118269409091,86.97550879432816,129.0233780099255,143.59033550521048,136.90612304871823,121.4692248982382,115.97160672904,147.86792652822996,158.11490704438526,152.1940336422827,154.33981575787615,157.29780850448122,169.3149292492703,179.3335385633308,197.1379079339956,204.96985527060232,208.29123732713745,217.98080095282,221.54516263140297,217.8255527953336,213.40986023353
2023-05-17,202.98352060225173,200.0475700605991,194.7732248018225,208.4217047750941,248.9838037639036,254.22019958060133,261.1078539682498,256.37529726752695,248.49170077562232,237.4899730610668,220.63724817288391,208.8608412713344,204.83757979140705,197.3784220727233,202.0027901902866,201.22340029806784,198.5861938546772,201.9243768680929,206.17391958472928,211.031215840824,207.9051932098348,204.65893632961055,171.08217314389063,162.23454396979724
2023-05-18,159.93065567450438,149.71024988296696,149.55271742214916,155.94661641482952,180.21627794600485,189.08701302121344,219.76585658131097,222.04539436990356,207.39262950640415,192.55739357584,182.64624704910685,182.93174546526896,174.86691116147009,164.17802439674546,169.53489903602485,178.88092700868776,196.16862637112013,200.0090596941562,212.46873300304824,208.6383167574922,194.6064910568536,193.1382317011487,180.4393551750284,179.97501085230724
2023-05-19,184.20962262235795,188.84500751024737,189.55451748965584,193.7829760453625,199.5302882866984,213.23023898454176,238.9971445910678,235.4980326240544,229.73752669202636,218.9135546486784,222.22241163309312,214.9318555183688,204.33116547725496,195.6326493678881,198.2967774572081,189.15321900973225,184.4243656722659,179.2417206155936,177.2534364543161,174.98291105595604,170.39308822784943,160.0395551306113,134.42476858683372,112.99721231943406
2023-05-20,116.32255984844409,117.43490326934388,110.04264284379592,104.03519335661944,90.26259604949102,110.96022505543796,127.30110726911585,119.4311269533615,115.1032239758375,110.558919000128,109.62194555226894,99.22758588163678,91.41553081682017,73.72477477807988,64.21921473288135,69.91244406635494,86.41635727355033,101.3868646437386,119.2984988211411,127.87565538818124,131.17062150226775,125.48110918706227,98.05057605920334,87.8690691068817
2023-05-21,81.66379401511637,86.17145348009052,79.26863891253821,79.2002668549209,77.47669837107784,81.23654822214289,85.36950387700207,86.73271043290187,83.44796328819889,84.27913342577715,112.06965583399572,109.34005090013832,102.76428999623876,93.90972885396847,92.30494812731465,101.05446894769624,112.86866035734177,126.48787956654684,139.4469816300307,138.4074703928538,135.56335032971873,121.16105985123438,107.62463580084112,101.35674587785144
2023-05-22,80.82104352646103,72.04245034999988,67.90829348960112,83.1597272522921,95.59845974054464,119.49145401495376,138.85602792142257,129.538599416827,117.16644865994247,96.611594208458,109.154243183943,105.89850419491648,95.67220599854068,91.4721945244592,86.1386529519172,79.83193041907585,79.15959726024397,86.53057222495039,84.86298300676414,92.56557345872012,88.57338515149799,71.85769696867091,57.53185226330122,48.713590102034736
2023-05-23,49.48457338132389,68.11866692486674,65.40937740098227,52.73276816333394,59.25488113349464,112.02295181621864,156.71134713485324,157.6162520111201,150.08755690331776,147.48172436783642,160.57672933097984,147.83235080423657,151.3819363866677,153.70127130890637,139.36038042475235,157.75384090546726,171.4710414724796,174.4004202114478,175.7780090087454,178.50160493135695,176.87328002562177,180.52865221264705,136.3761577166591,105.29575255536292
2023-05-24,88.76505751152158,82.04457248315977,84.81744011698224,86.1669478233999,114.44701970546224,170.89083826663727,190.39784405395085,181.3679090815752,169.72711755420846,183.963732066127,175.546476889741,163.97114695083542,160.54188038295482,149.0613875667929,137.42377095540957,144.9813353699086,166.32896134306094,174.8568741616643,178.9695832729798,187.496959924171,189.2577934919934,183.1981091487652,145.75812386958705,129.31197673573328
2023-05-25,125.397110641249,129.94673970253405,130.4505996377411,142.98786272750536,151.11629455029484,200.65057193755027,222.1078337727205,218.26410550766025,207.07815224162948,189.9305723522864,168.3568859004635,152.2416934532697,149.3193291364912,149.28326257703787,150.3015093289842,156.2856402972626,165.67451986781745,171.7640536130842,176.17378384056312,186.15247764244972,178.96805105604486,172.37437841560887,151.65065437196407,137.75916936049524
2023-05-26,118.20109850453878,112.07699885556669,106.88372215631588,116.89720924197375,156.5451944413751,197.0507894055296,206.84811120895992,205.8880635726646,201.72262644129287,188.2123812118811,182.929912438148,172.84601214188743,151.79682310168417,134.84165598655846,127.80796025089894,127.46460030222455,138.359521118275,150.90487616850575,166.23511971872642,178.19854076761635,173.99379258273726,169.89155092391613,123.5583884089449,114.08283426875406
2023-05-27,103.12982328837614,93.97527171916732,86.75908208591397,77.92856853586835,73.00560426614884,96.46185974658384,124.21838935580227,132.26723740608642,125.33688971434576,106.00887769325584,100.95558311417096,98.0256295282372,75.92485147709836,58.60588752780582,86.10528878452791,89.73136650186491,85.57059106096935,125.98379742371222,144.82377848109334,160.063969888243,152.72729258859172,152.40551677100527,109.9841800588068,105.74472695940229
2023-05-28,100.7485919508177,106.18373515940397,107.93248970222386,112.5107181347822,112.02513785703806,134.10090914363366,144.9309419462219,147.89192592462143,138.90647381714507,125.85682843148956,113.69231816964184,113.94676796589656,112.18586389011163,100.42096064864155,94.96665474764352,67.81518620689103,68.53319732866666,68.6471794118513,71.92578244688426,72.14457979578377,72.04237204628305,72.78451904231507,57.7952852664576,67.56999909315465
2023-05-29,65.58150570190672,72.90239736003356,60.98511058136819,60.18778818033075,60.4289383714732,62.79447516503844,64.18042344277374,72.7460724145463,79.54567957220812,73.76988984088095,72.53464346068715,64.83095213969631,66.76166340675191,64.3001672240799,65.38161879334096,74.65140215605143,89.58756659385858,107.9192053928568,122.27354265362528,122.6099701638159,115.15165974171326,99.57177771431496,72.54506471292295,67.75442343325938
2023-05-30,68.33338677403906,63.75397798124322,65.15379830155895,55.93388015573015,63.17584338105299,69.91228973566733,111.70940845104336,151.90866646787345,154.6469842347622,150.7668448607116,157.25378285954093,145.94993207759944,132.68055890044664,122.7657801831783,118.27342550186918,127.1557470585624,134.86397091169633,136.51763700188184,134.3363108357648,128.18157076003078,124.4800403988116,114.52196539658932,102.62147163423636,82.08231818841313
2023-05-31,88.84225034258908,92.3365643834203,102.17208626309792,114.68495363506143,129.0040666661341,155.68381747307325,174.41976405302046,170.3159286772734,167.85190527488976,161.94235130221614,154.52878627577277,149.21367180583826,142.543859212238,135.65460717201046,132.07409123859654,138.09269633921258,147.88685380986936,151.87334083505434,149.99733410444054,150.96162530545996,152.38071810427508,141.02147119039688,137.2521583305928,128.99481937807343
2023-06-01,112.51843046481676,113.35291768230782,113.9434006137957,118.2089069702058,135.82994702100316,148.1288982037915,166.2251348559819,168.46362465837672,162.11971371719878,155.3598600905987,159.2254626355025,149.87209143138432,135.22934097002684,121.51577616657764,112.30541064977544,114.70796771353984,125.260367791471,131.12622428834027,125.95293956363447,125.084764936985,116.3437135029876,112.9979710306812,141.98089359433885,127.24284322324267
2023-06-02,118.23941055512353,117.09471849743674,127.96737477458306,129.30029440732622,130.96370374102068,146.268973035437,140.38687747318394,154.62946586075108,158.33613977614823,151.65743136008663,160.27719351768795,159.02826896132694,140.4697747457803,136.73407566812438,129.68452951058455,129.67185299683098,158.57367236630296,167.8242841647351,181.73076242253657,179.3438447366026,172.60534910975065,167.12893325234853,126.72166673779785,107.03330975278055
2023-06-03,110.22928256875052,106.13309702031576,104.11636699165956,110.61989931115492,109.31102296827818,125.59962303371594,143.7971757673821,145.73747391000143,145.5198268441239,135.90112438613508,136.67486030589873,123.3140135398338,117.76808836584163,114.26633134293236,101.9572356511178,108.48882700933552,126.44707068213964,137.71569651788704,139.442997939151,148.58954659628384,143.46301967511224,139.1315804140514,111.7381211009316,96.74334509204554
2023-06-04,91.35785409379596,91.64176878468504,101.74153741476135,102.50099310924372,113.73749617447793,121.73890183670206,155.4724174223541,158.38489519256677,153.42446464958837,147.9290686607806,153.62266797755484,142.19943347324772,129.80758568878352,125.33674240812128,120.68037641963392,128.68080127912074,123.94201288465536,144.880354048051,156.70950095970687,155.33106260406055,150.87981381041416,149.8435047677371,160.10067405094318,159.62172727223873
2023-06-05,151.73028641102164,153.83886135188283,155.72951835146142,155.7312561262469,162.96520286590734,186.9676866871174,194.12499137153364,196.3624181747049,189.4947240443934,192.07276543187933,190.30533471372908,183.0394914627156,174.8458145516753,174.75494230685956,179.53104094070878,179.18957716429853,176.29371644084824,173.5766581485255,171.84087894898022,171.19215800328976,164.5267106962012,159.12541325898405,151.59287489920533,138.65837603886013
2023-06-06,147.59722558477458,150.97295305109662,157.44903292460378,161.83030222800093,168.2375340586047,186.90356200946667,195.906219896836,206.45205411913972,203.82419824322628,192.64343564428887,195.16111882806516,195.70423851076305,188.1844770862733,178.78722525416316,186.72950678554088,184.2992033825709,190.39020664086337,194.3031881966292,194.31143773608872,204.04450622947903,201.6332848541408,196.54455118544013,190.5140370962304,189.83457355653533
2023-06-07,190.90440621285177,191.0803823259404,190.8538251748973,202.57414792609268,200.0339816534772,215.22463983543676,213.6118492810798,223.7202907512957,214.9002696077251,207.454100596582,203.8121099725417,200.65759862636932,190.12181570985828,182.1036429745532,187.53423240988536,189.0180317979819,183.72384728525128,189.48072515219516,180.609982165421,181.09143492086687,183.4954755929559,186.6620809423161,167.65434911812645,150.48792114513532
2023-06-08,154.94674901571355,150.3732633953712,146.4402073713891,151.23011751241347,154.1485689251826,165.5085433138468,172.96241570567108,185.55557698493655,177.44459081203846,173.77471536886023,154.6610469231398,159.59752525869902,154.1816754067035,150.1273493172211,150.00325122746452,145.5611630437376,152.96558990861638,147.00407734742586,139.74228077321126,138.54094626894002,128.31110985215716,113.77978190996332,104.78800981363636,72.42812395032148
2023-06-09,67.08209074793994,56.918435419809775,60.48087082494453,52.56075112374413,69.601149324295,90.44440505868528,116.62122698257066,127.78321064443293,120.53602846640304,115.2355730231548,125.19460722869638,116.95966520555032,102.93238559435706,96.31210386976208,93.44739939567798,87.49077680717076,99.0832132374952,105.54355927228916,106.24755349718336,105.10631578723005,93.36061404548116,79.68784966314364,55.821897157435394,53.03639493184337
2023-06-10,52.662166231094034,55.7279189088713,56.01753457093065,53.19167628065518,49.66830205907704,69.61436073260856,88.15755035709667,87.64600479616256,81.30545893376838,73.36624950779797,68.21135402786659,66.60266923942717,70.34924878047752,57.18046433898648,56.1648578421667,41.15453598438887,47.1182544454772,45.14125521686338,40.61287018214983,50.46825766518014,43.98159509202439,53.75503060571329,55.98103822088838,58.937494505731685
2023-06-11,56.37373145131488,72.25468916112438,85.5907814817336,103.55925641093596,108.059245768159,112.72508415791042,109.26668374834004,107.1591566790739,179.3349590167597,182.140761610852,176.92691715185012,175.2432861371736,173.27231592503503,161.3547022265806,155.4877049658554,153.57080706069922,157.92670758331727,171.6453331854126,186.22551595121843,194.86989073267424,200.8865949424277,215.0688218597431,220.94505536038304,214.84926300958577
2023-06-12,210.30560636933163,211.0684560373452,215.83822432723505,226.96568751632012,237.03904836612892,250.74989011552057,266.2817105287643,262.5785446421234,245.07730728993928,236.6985793121839,225.69111696987048,215.41873856022104,198.45409311434497,197.00201752582467,191.4668840056258,189.3003600255344,187.84893283323572,194.57087279078547,202.5032725760321,214.1279646813919,213.68903723114815,196.29692456518032,188.33491487197145,178.57344115129047
2023-06-13,171.21325564923532,158.9161813231828,164.88327410926323,172.0278514316495,199.85322785275207,212.8596237035577,231.44792868148105,224.02447579969837,209.18916913848105,191.741914265315,192.37339555331255,177.32461199063664,162.5964018569747,145.87081017763,145.67417050804758,141.41066433509727,154.41665622286015,167.60999831049688,162.19765908337817,157.13760001743236,138.11991735882663,133.21470515327687,119.6206495167503,99.58238873416931
2023-06-14,100.4302020493042,115.51204141989837,128.89311541035335,140.52609453139573,154.20147050975203,180.70349216091805,195.93488369561368,191.5581513095489,184.5125960649173,168.91880801212488,172.3151752446424,163.36437986806482,158.90038785537388,156.25812486777392,157.8730471789527,162.6154784841403,173.42777250041357,182.75246239164267,187.2842681471323,193.1513758719981,192.2463938465341,175.13540332558108,173.0878731118831,182.37416261060108
2023-06-15,195.8487575183372,195.8272162722461,206.59615492557916,227.52073866783832,236.98344979599224,233.3360483955734,229.2051676426101,230.3150130706128,224.4146979047834,217.63882285014847,205.61206873141967,200.2626784637903,192.7356256128876,191.4657433121155,190.2121366889438,195.97101401279733,199.60565975909424,207.27658142780132,213.6054683561597,219.49429980719825,223.4511276535777,223.1199731003481,227.0800402968956,221.5099955848664
2023-06-16,229.3986172474278,240.6240385419825,244.5208891896729,242.1738467384115,257.1531433494841,242.72448604589408,251.0078600043512,245.7105904920801,244.0035236511905,228.98222523986863,221.55797924560156,209.15570254636245,205.1653110628562,198.7073534255028,195.4213658297555,202.36140149521395,217.60957794058723,222.4274839689986,233.8554709325609,243.5955557488195,245.49013830530987,246.11141763233687,237.7657094928786,247.96912502959856
2023-06-17,233.4935515375207,245.5430116204876,233.8168184524919,244.0043483525864,244.25540411917248,244.58621712284287,241.75886481538876,235.81195767359375,213.8044923254535,190.61166862775164,183.4593506531212,166.03411299055122,145.63853582463494,146.84111909555605,147.1044000972268,170.61347193279752,199.1692650927541,197.0522988709627,209.37946942070064,218.36363370252965,221.92419332729497,216.01826476575545,203.7558587284154,190.96535093634708
2023-06-18,176.78308493093206,171.6697823402093,169.2218767974791,172.7746426581184,165.1687724630704,178.12330764334962,176.6581748833325,159.23836079935322,147.4869710399972,141.03148544998857,122.3894398830915,119.8405259135688,108.82449394632276,95.1584993670468,105.9449280118242,129.11912564540407,163.8967487539896,190.49438820036272,181.49161960414648,170.0390636666339,174.23738727341745,162.12557365541434,160.1062030022492,157.02720537147903
2023-06-19,152.40573202803688,148.56231246486047,132.69446313294117,126.48414249584208,90.03503951568962,105.42070924721274,141.18110457355968,159.1946458234203,171.15001351977324,180.63176425934063,190.2757189493424,178.56294125101826,166.68374614384604,158.08500430852084,148.63820881096183,150.99455998458737,163.31259284087287,182.65213181582303,202.8609591426429,220.95803890298515,226.32414804657333,218.08475502892824,196.56163366764287,192.79874703320397
2023-06-20,192.84791676910496,204.09604321133597,222.44352755988984,229.46193790899832,224.00734732564965,211.23681814109844,198.90048754099445,215.24554763525168,217.982647506411,208.94138330996336,185.59332200812096,183.7562448216943,162.40876141074975,168.0279424467881,152.0391749315515,156.16337481970544,174.7163891955555,187.48365304626196,185.9829038626671,200.64282174935727,210.43220296016864,207.7707422522876,211.83119489418203,213.9232126906272
2023-06-21,209.6081455792752,218.6254956333075,214.3192864941564,220.7846357723196,202.70413916419187,211.3357703333568,226.25758538378165,229.5826733738736,218.0076716231704,212.6983311979056,209.2531710381538,196.9694082701262,193.55829477342704,184.9478723202651,192.68918829075687,200.71529118827135,209.9503904608341,225.63804906420089,231.89383213070764,243.6249964494588,248.4514535070548,251.3794697284913,243.02429573660768,254.9360071914461
2023-06-22,259.5041019689776,255.2043403822609,258.7228417653433,257.6153384303992,257.1289577753776,258.6000306439337,260.5718532119938,256.5714591893173,247.87582225173088,238.2292970905769,238.8768414623663,239.43166758696825,237.25062314302204,233.65352833775373,215.44561279577195,212.3364008930557,217.67338645192817,212.8933962860232,236.34665242966815,243.54457441476535,242.54758565178835,252.73179893731208,239.6742460825077,226.64677937529368
2023-06-23,223.3603482542993,224.84940732660232,224.9631625105003,223.2005499298008,228.2730392321133,228.49388133532372,212.77588280203665,202.88116674837235,198.1826934199715,193.985016202791,196.5508693941025,168.80820430896168,147.76299222067084,119.17485409453516,104.65448922410349,107.33920984870522,126.31595597578688,139.9003242037816,151.01124816718448,162.35169726361494,153.92162771318465,156.24459920135664,135.1156266830233,101.58235062636336
2023-06-24,77.04780849644929,48.62477763101503,48.61102160709407,48.16600267473046,48.96680007147034,72.39739984325232,73.29592535524692,85.4716254716251,82.21834837480651,77.17063413013304,80.17894382778304,89.29348755808621,100.90215162810335,107.42067140846406,109.30407838774592,122.86192776323648,152.9409084993203,166.74465809565308,187.7238025251455,192.69412888259816,184.6306899095624,171.0064658503152,100.90914233604607,51.93649231636363
2023-06-25,50.16885456540338,50.74025307740521,49.75435309451181,43.72868095782667,44.84983141007552,40.07434052501841,58.79764307046529,53.50857479691229,51.03517098697789,68.36643183128993,80.90380820657192,71.35091073435215,59.85833317363601,63.44619838737079,55.08620596805431,52.64007707275727,62.41463207212772,71.5703469891742,84.29988085612432,81.98804414513054,77.34883293701074,91.11527613984258,54.59146581215846,54.30752281120262
2023-06-26,47.761054162270405,46.08382267976259,45.938528261816245,41.99956291419228,42.07037308614719,42.96393518902264,60.48321529745,72.42826524856956,73.23616184971058,71.47525339249597,71.57004910227866,70.86814482839925,107.56424554327852,103.50110995964684,101.40214803704748,95.2356448257491,110.68527068844358,122.99975504496877,133.17167151128115,152.91222682710247,166.74698046731737,178.81229385544125,149.32001729739682,130.42288632680334
2023-06-27,125.5775990215959,120.73553353802336,131.2510907969208,151.24376978112363,174.42990377479262,193.6285369134032,190.28018300007676,186.48033097277275,177.10116678887857,170.8689484706872,166.79840205596304,132.23340501835426,112.1946005858916,105.69899072749908,102.576701776066,110.46275381791251,126.06095967102576,135.5002830531635,142.8820450304375,155.83918482623724,156.08313117791894,155.55024310315238,131.25981178895478,122.08269848045876
2023-06-28,120.16910816653602,109.70573523044688,131.6597637425399,152.48856498049162,170.9070031894975,188.0930512870401,202.68606248130908,211.45632527566747,210.5231624136427,211.6193392481832,212.94427693380533,202.44325456085824,189.9145708784789,178.01021955419364,177.1992617754263,183.7463582750186,196.7008641972749,197.12503570361403,204.98906032308363,215.09622329021184,223.3261393301073,208.49877314549025,187.18709188334984,173.4578633407779
2023-06-29,185.34156153886056,189.1863183264778,184.4201445825246,180.19182082162672,179.2164263686811,186.67190773267689,204.6033336356376,202.27848225472047,194.5998725701147,188.65381535824932,195.71788869805155,185.31371701687016,186.792047437334,190.88071936223437,192.54672687693613,183.6248620411861,179.99086452495612,192.5683787415249,196.863497878998,198.7600622317004,196.3678062837629,181.70696025722677,132.35722701909253,115.98020644516608
2023-06-30,109.8568393777041,106.52054961410562,111.82468067309924,119.6448675903856,124.24867905969262,155.24147179578955,171.67162617548504,170.34838073932025,162.35167556152066,169.6691305628276,160.48790925654683,130.33511086776824,111.9692394518297,81.67429857167942,47.54803410740016,51.74727402613564,39.50155562602648,51.43647140424966,51.12923804280916,57.94878096659419,64.3183806828663,38.51000363668712,27.925310601820176,1.9073024891119297
2023-07-01,1.8264131996396156,1.894933888427704,1.570024106148607,1.330099834256118,0.0230812720213377,1.0751007677092446,2.135491945577134,2.762951215828421,3.4531467300413485,5.331394955710331,2.54978163022343,2.153458378342988,0.3860570802378613,0.0,0.0198340921848686,0.9168910997750364,2.041794137166345,2.073103237526104,2.8382728304027283,2.170100719954341,2.51025349981082,1.1441645807259069,0.2973931694439862,0.0
2023-07-02,0.0,1.125504065802725,1.5601835177245351,1.5308300361902014,0.6155783506401314,0.3249268496586323,2.809311114928707,5.81985257396273,8.404222092607606,16.949552148440958,15.67943070145716,18.25894736842108,25.354720378830827,23.31825831930821,15.072967196987683,13.946559809020398,17.60385338345861,24.5516335350043,7.916765411800157,8.244987462272922,8.893204548429702,2.526918196508612,1.8524076673387613,1.3499646527355946
2023-07-03,1.3054084977474427,0.7501367720128642,0.2882228118061684,0.6594497775837995,1.2448534895764969,1.839853331122477,13.665174444947896,19.499581544398108,26.001819332672067,24.405080070904585,25.621945808662595,22.496712820741163,27.12272410320545,24.00648095408802,15.077110859778204,17.754916513759383,21.33154202214438,21.489739066531826,18.93114549734775,26.95268487187432,18.04826032397892,13.139669970730022,2.2551616280935414,1.398641797415996
2023-07-04,1.278910993877073,0.5364613366457981,1.0608063961842018,15.04022712840525,32.195201555276086,53.8895664335661,59.949854003111895,69.33986642733515,66.59118675681945,67.54776473526445,74.1108757171351,92.66510486734948,102.99103824120508,147.2209993523795,158.10611471636346,173.68521190867816,191.44264963357847,208.85553198503996,209.3623451220864,213.513573281289,211.6050379495328,203.67399612808907,163.8638949608866,127.48673763949822
2023-07-05,106.53005431075384,67.44372147219016,64.37660107686087,60.80137936923597,61.35658570012944,87.75882880678539,85.75842338191396,101.31245728279578,106.12778373692784,88.884730524006,98.82593163882063,95.674346766481,96.8946766878652,82.77515733883119,89.32234399497248,103.89714526470291,134.37983684983513,137.87762533730708,151.09969881757098,171.85808203853668,178.46743883809623,175.8977205192312,169.77690906622547,142.74159697134212
2023-07-06,128.93190482994083,128.75866117102802,131.10181801764332,129.89888117512157,145.4644935806208,166.8446181252668,188.26505639783537,188.9876260265808,186.19839945384575,170.29330916681508,161.34236256080132,146.1261583710792,146.63989381022614,141.83017292527734,137.6215957611659,115.06513401011271,118.65812419991292,114.7511284788492,112.62305389527562,102.27036108741028,86.93135310972333,41.73682111398437,33.757001168067426,18.10851852645752
2023-07-07,10.030495104585292,26.78275321222568,27.24835386060905,27.89775551750888,33.11586100974838,38.25515585500018,45.25713312904308,35.82001089289706,54.8243451463787,59.12105921161602,66.52719394874029,64.12615110695958,62.59665388844292,56.45625683421861,58.69583023082614,44.88542091876752,54.103764063079005,93.09889213924492,109.18433970846044,111.9784053456145,105.43266719299103,75.94726844170779,30.94901846480689,34.55449719800526
2023-07-08,35.48898919022721,34.96876125117998,34.73608601272118,34.5804703393606,34.868444013290485,35.46726169031604,35.79746081734545,46.15441263435248,52.95539816552455,52.61214672617989,55.2567768259704,58.89090593543524,62.74745291878002,65.92076938266148,69.22741216486084,79.18245214544895,71.46381527971445,66.97264093348282,90.75636054398188,115.14089283804016,119.4033334459538,123.1324889620611,125.7014306257781,155.73936090566156
2023-07-09,147.4055983735353,145.4652274276401,136.7615221915517,123.84568369023484,122.53928142691734,125.99110610420132,125.18948964891456,134.42212911488366,125.7267288647299,139.9453002994779,160.66484370025807,162.40870208605116,148.93778240963348,146.67426838254443,150.5199807206558,150.23632832237675,173.23448129816748,168.98992750298785,170.05286984273832,174.90238881584273,183.45701494069968,171.66017254761496,193.93213974753508,174.07801594294693
2023-07-10,158.41357420791962,158.5992664760671,156.14880692530343,159.40663314812213,177.42489862942057,200.36930786247385,214.62141021773508,221.9718841487376,201.94371026668333,188.91998650638325,186.23841350294043,177.6021919665584,174.8577424768084,173.06907937096898,166.24020105721186,162.04314030471954,155.20015085702363,147.40477877362363,116.42058429224348,114.36691662468988,110.59998114015568,98.88439464118238,78.07819117574067,66.75884419701188
2023-07-11,74.01883357572446,76.85565631893327,74.48354832809741,66.92452239563474,71.68938068863687,94.05717922621376,111.82793719954296,128.4963610992241,140.39121874291357,140.6620547656502,152.13427629643098,151.96006388925656,149.02340738215395,136.8596847026926,117.28675182765102,108.82512031827984,119.93418356011723,135.82188655638083,130.21750328763488,149.71166111634153,170.30329213361205,170.44160324827013,144.3016016649604,110.6731052551742
2023-07-12,92.4179837007333,75.82515997109724,87.10084184630594,104.1091218253733,115.47551059933689,146.60734806989285,162.14735445078665,171.40027014876847,162.68950902332335,144.5087555662696,143.10399140971592,130.96566579794418,120.70925338160274,112.37434502092565,104.88526926159572,110.22295861755065,126.97504210021792,144.4248085625813,165.26645056731726,174.74040701020883,171.0044225840571,157.1040422162373,143.18327753924274,139.7402668561778
2023-07-13,140.36887234497138,134.93647487324168,125.30968015303092,146.82687832321002,170.61875661256624,197.4376198524101,211.18926456854916,220.638697889316,215.35971814410385,203.6729836734621,204.26541856571689,199.30816160518285,183.92684738055303,163.98143620053017,173.32304729078982,187.67732983503288,202.2884811905831,207.35728409447745,217.23521490122872,242.28202744756277,249.58396180494685,245.3229858794394,225.1835095630233,213.5234357345958
2023-07-14,210.6265199444141,214.73981712513847,214.8971249509107,229.23648799647248,225.56938163330685,235.5616489492112,225.43696010008605,209.1653552015257,200.87869468791783,187.2296000733756,183.4921571774419,158.56547076484614,128.01556557497608,96.84819477285367,40.85036019846838,34.964861495045525,27.47002501829796,24.851288356064757,18.41387047451856,19.11097884708421,16.24310224789099,5.400315066821596,0.0,0.0
2023-07-15,0.0,0.0,0.0,0.0,0.0,0.0,0.7086898725121848,7.554543651317748,17.52359234045404,11.643353047055824,13.810720887245836,12.440500916310317,13.09373397290857,12.805960235177434,9.533080625817975,25.68891766219141,27.412986350991535,30.67850110900053,30.627553046057358,23.7002550227642,27.83908948955777,21.6903980438162,22.02629776461221,12.275738503238834
2023-07-16,0.1530856322755541,0.0,0.0,0.0,0.0,0.0,12.244522025383834,19.017858331064083,22.6566987177765,22.54360344645295,21.055155265840305,21.20472215979049,14.641838235856808,10.635573082338496,16.877158936647362,17.158047116568085,19.136093440843634,14.161728858931372,29.83008647084541,30.80775107653829,31.324458882101503,34.11975173420947,31.120523410620876,22.655564778612028
2023-07-17,34.84906878533086,35.55340126213995,38.08210200256445,36.06791094726733,39.51383623338732,58.43217099617714,60.9470274183328,74.78708693970957,103.92533921952652,97.52541535517533,109.00779380122252,82.45527612673719,105.09671866165776,110.23062955303249,110.61122804583088,135.83150497236167,160.70361814470834,183.7724852613816,201.13271241397624,218.3963783003885,222.65029543846276,225.31660927200983,211.3173514050678,217.19267147679477
2023-07-18,220.74895613052263,211.45161925467636,225.8719403262355,238.86828292016665,246.0835717015769,269.1262426868128,271.0938368472999,248.7505980031732,242.27291693300768,236.08359239112656,235.0142909897366,233.36389917938948,231.05857437353396,234.782595053134,218.47721366130773,224.18643698088025,237.12175771086336,241.2063728959435,252.8392670480501,264.92579134458884,273.2613705311424,269.4310527652832,260.38424721757656,261.77143011350165
2023-07-19,246.2150156740171,251.0221338191111,241.6080240027232,245.8419228485089,243.56668966154015,253.79257190945623,251.6488437347363,242.0543712496703,233.27689651862372,224.72493204188712,223.8662303362567,222.1004867428388,219.1382002174256,217.0915243217113,204.0978813629636,199.93593910536413,205.169800044143,213.1066280608612,233.82183144551524,247.2521177362032,250.50569300534917,249.89898796834996,239.64904567436145,229.70720231760987
2023-07-20,234.38084726850536,234.4545288593004,235.74884921360305,234.34927241248525,242.09220936684804,255.13268336457784,269.7905755662699,256.61145111076263,238.9172664828909,227.67317781438487,229.17987119450257,223.297925844816,214.3827776536144,210.78018597822356,207.2150251621773,218.8734129083243,219.32099617785076,223.71292419431543,234.61854296391127,238.26633200934987,245.5226870926336,237.5136679403672,242.4388437043584,236.3085129215435
2023-07-21,223.0085806591404,218.85740502373528,213.87144956325216,210.18669351811013,213.3758058873456,213.9936233085692,221.9209228414053,219.66858017177023,217.28691158185205,207.0966533949353,210.4180955599632,205.4505992006528,197.40512083339095,198.3332856689411,200.068991238868,196.0812778030038,211.9704694234031,226.0736319300604,227.61006956143356,238.57795430702947,252.97751404385173,251.0707130679467,218.17785978060832,178.61210171568334
2023-07-22,156.08876246096264,139.68064981657793,130.09005739135586,127.78717199670535,121.67494827579476,127.14288222205052,111.13003499828508,106.69386191585072,102.44602446114506,86.10640199340209,103.4721084208156,91.1233831470267,90.62970618141811,84.62467268266684,81.86609010223493,87.0693102274482,93.68232033071214,88.18913866192362,78.51475392935693,76.58783349797986,69.793226120529,52.85715038626518,16.723490675977363,3.612460208792672
2023-07-23,2.2863260594049666,1.8260479075907696,1.523838366646879,1.2801961731714162,0.4621462647100172,0.4147898509636212,17.504176836731965,33.1773914817188,28.78552923310466,27.56819904788556,31.719739186718776,29.40804753450253,29.366514417071052,30.704446448101024,44.21119034043612,58.79677833570556,63.75609540670905,67.41244795857659,68.87808204428791,65.9581139935616,64.646942613769,64.66245863082196,61.7949162865097,55.66170277710815
2023-07-24,52.51464570610298,52.45354641794864,50.41644532083497,54.48434890551916,56.313270472486174,65.77819799299446,84.70050240594753,112.40761113160808,143.9200418737379,136.52650892046194,146.96774745708694,137.07751392020094,162.13631821911866,161.20722969099162,157.70288147421428,154.41942294594406,162.1016188347812,179.40599034790813,179.32179448474534,193.4144482309976,201.1195150215294,202.3112270465322,205.7759642254612,213.7052576402856
2023-07-25,217.4472327136338,215.15625553973632,208.24749442966632,206.14172429795988,207.730924981779,223.71021529644565,242.3770995086824,239.32086525007276,235.9920790705659,225.6255714995478,223.1445396319021,226.7332835160126,223.12411305518089,219.83411627132764,216.4348991027598,202.70982102179917,206.3487631079035,222.5724024817556,221.3441684309816,240.95924011642757,243.44010452592843,257.51456238662746,246.27803720526185,226.72804334836323
2023-07-26,216.5888079783763,190.02164180871628,187.29915557668252,198.05902922877007,206.41681003113445,231.05379320318653,239.2450727804195,242.3862821610091,234.9746428452204,228.8238673594927,215.12005698932484,209.29929454152264,206.7211670665825,200.8840942829156,190.27154207912568,193.18002716101117,183.82280957899928,168.94350000097006,167.28473241262114,169.83630132923426,163.64395779176942,150.92651504797635,92.8673076369125,62.68131958322752
2023-07-27,56.97509762723302,47.01293100725217,47.60459676591941,69.8627526598757,72.64495701869518,129.1557669013109,162.68322529235195,169.90621797617527,158.90809655599352,157.54544959027257,160.06458247159387,170.27082248440473,167.77223334417403,169.46541236052363,175.3493105690932,178.759636953261,191.95691762377265,195.5477332998501,202.0583514861989,206.72249821547103,220.8834363762476,213.04653547478665,213.7415275211555,212.7965036449314
2023-07-28,224.5315563935983,226.7337322075612,235.79865075858967,240.02493673387815,253.29767243046277,244.62496079497447,243.23673567886587,241.8674654654669,235.3786729763441,235.94897970407325,230.6769778312413,219.41371656869688,203.71272559075751,188.6731540169403,186.05477491982356,188.2213694290152,166.58536210503524,170.1796003594502,173.53818379889154,174.9430117485958,177.85488160373853,155.60006176648866,81.38578773715857,58.37146515905408
2023-07-29,46.881230184631065,46.88328108726244,47.05330552370582,47.93068319850092,47.448743209903405,48.96244880097653,55.9390993848026,68.72476593095551,70.86407257459845,66.46367851622834,68.27165935000221,74.45173005144731,64.76058056350743,54.97244977098217,50.54236854073216,46.2335021828826,46.37383816933674,35.15330954718752,37.059170934100855,37.93775297793979,40.92642482885975,38.88327714521972,38.93691094928099,32.81235372470471
2023-07-30,31.466050596051808,31.41581443777061,30.681804710779232,29.4780189627105,28.71256400774338,29.09745854975184,31.388392143687646,39.32751695905619,38.97573801630842,44.775545446299645,50.96671939055482,50.75154030124955,52.741655743094576,52.32547403785967,53.70557166240695,54.988134669358125,58.5969229476409,61.77215077256913,63.864097683502,63.84651805837008,61.630693185830175,61.98429509024146,47.25076692268065,52.243594723647554
2023-07-31,40.11588945115833,44.83013747777287,44.66372102004002,39.68619928363672,45.51545024350846,42.73381722483957,42.670259602246624,53.42011154301152,56.23359386521148,59.54888187149561,58.95367743169563,66.12540171712584,72.16006721329299,62.30394333439831,68.78118909141898,56.30620225658059,57.71443593907034,57.3502601327141,57.90479597976839,59.807488471332775,93.88212312017087,76.72451133283346,45.46049127498877,39.01410639529915
2023-08-01,38.22409315607618,38.21492158616449,38.26156570600504,37.91650854879376,38.47431089301416,39.869063086259,52.15762315424819,52.11504885993453,59.09015327007874,69.63970862906204,82.19461139918647,109.61858237186912,148.19338239597283,166.739844527562,186.196885354098,195.44899425067908,221.7551017774554,238.6314671656532,249.06128037349032,250.10363028956863,243.4185608830634,227.0463121413364,168.4101569951383,123.90871205109984
2023-08-02,97.66799579761414,71.08783487264621,85.2202611888708,78.92288091791319,51.80393838181561,49.35393393741797,61.43975074888091,62.38332757173166,81.29949202719888,90.44334543837893,98.47161580940111,75.69169884835149,80.58066956147337,84.28580191901395,89.49526987526595,93.38549859965856,96.7493408886968,119.19716338754588,115.43109916991271,98.50627830345516,81.31405451467944,53.301727152577946,42.95279562671392,42.03303542790072
2023-08-03,42.7347586029428,43.04729500230142,43.35362312691653,43.30037149550067,43.10686884760381,51.19928596858747,59.04426280927668,57.13685116525407,58.83134598431754,71.54674272262196,73.42154494207965,74.15422154096377,74.95377221273608,75.86654078187222,75.71871656045829,75.79149791115175,73.64719505515957,110.81852013116676,137.99600810954746,142.03498688619655,135.29006249348467,124.85751688653536,107.433799127441,94.96562550508652
2023-08-04,98.546151392553,79.71396838919193,48.18830705159438,49.536714470527166,69.51674475741534,116.88752390356213,145.14277220250213,164.96979254313646,173.79699967564167,181.09850062522403,180.86810216620708,184.39661736138825,191.23764712863647,197.6988041673126,203.2737458280249,207.5208138251447,222.64511771355944,232.2640658556072,248.45113277376927,261.5916533417528,268.1126026548217,256.40080479383107,255.9683761339793,255.70520576676785
2023-08-05,228.15886363494369,224.5859500463778,227.8934936958334,226.77921954044405,217.3275324137381,198.26473564527612,180.6066198875669,171.1140223745995,179.18944709215023,187.54385430887683,212.9360262891005,191.82434467066813,152.0330200039931,116.4603579500094,108.21980708012202,126.81862660375616,144.90082340013794,166.65291061689092,168.41677685113623,167.00283757724034,150.8190680131817,112.86688040515124,59.28309348978372,57.72584233420847
2023-08-06,58.53555216170656,59.338052476405736,56.552628342872055,54.15505398861087,56.51540653570612,56.30639378482781,51.907184867261,54.10816508554258,52.98151626462816,50.97330563883549,63.67452903762476,66.78893195555581,57.379945036086944,55.90085572288502,47.56420473427129,52.38899596697134,65.03726814550663,68.06291557438212,69.72953477358007,72.89647690287197,75.84973319103504,79.69842402495449,89.12257181942532,86.04002516692695
2023-08-07,90.52652477755748,86.39412200072428,91.68960457297004,91.88325571713015,92.8996473515818,106.45301432394102,113.90702215271568,165.90963401963216,199.8643445822672,183.22988571436497,185.51852072395548,182.0274682184714,172.1905431824449,167.6979236498555,160.14701177482044,154.48422029832022,169.35337128635658,176.01230884137215,168.83843757383627,175.38884960273538,164.14733688142329,141.8878314441121,71.02873177525998,69.15644562895136
2023-08-08,67.38226414777782,65.41597968206125,61.87605842182293,56.31675917826784,58.43705639833583,72.31779661016903,78.97428100570423,96.5745992126499,157.55295372521033,165.3342886621677,169.06501412666745,157.64901919276878,153.12784866586597,146.61097151819254,159.44213299223435,161.71678391631607,178.08136314941515,181.24357997831203,180.10808972060207,181.39117553941816,166.65330524399215,157.12263775679986,128.03192804493628,95.75372142233763
2023-08-09,80.59054543028773,63.16846378092203,60.9194026497773,90.75181995090364,120.49170206789375,165.4095333586226,195.0856639385128,197.679220774688,200.2257698868199,191.5428729585449,199.81145461086743,201.26150875012655,203.91124911780517,198.12376828128157,212.73418874578775,227.58581708444413,242.3475270856302,255.27789675841825,253.19866558011375,257.32176407674035,257.5573979101608,247.69891953705255,239.72450700068148,227.88640854825505
2023-08-10,219.1529425111324,223.62106155054389,226.6777014059348,240.84832390729156,242.1551539631749,239.65813415956225,250.73531137486228,246.2516495935197,239.0754770405084,231.6337488490753,227.10627799516575,211.26027104581405,199.512016815334,200.32277914704736,202.03188286288133,195.3248423422565,191.2300228520981,198.20470367421188,204.62794696546908,204.22891323507756,183.6269521514652,159.3016230376007,111.10511389153334,79.21708868395578
2023-08-11,65.713003199408,52.08627270563312,43.45898956035529,41.793352004169705,41.20006095150558,59.41585694455745,65.0905390905386,93.17522557323127,102.07296621919429,91.01542246275916,108.65482645461243,86.35070913119101,65.15363741538117,60.91649498860313,63.17131579296969,60.49259831514246,87.71666984787774,105.16124135038277,123.25769786942487,131.3577261136424,135.15088279333406,121.36743534456882,65.27040958102376,45.46606319656048
2023-08-12,31.975800997239844,22.961344359673944,14.377070814665949,14.298361957440846,7.40033204110691,7.636946214224197,13.269226967880432,14.038363300511392,10.481524456080775,15.684811694620638,26.393627465588917,18.51557037706936,12.036344665577582,11.72087544481776,14.641197331780107,9.931221781278095,6.433723839014403,4.887633309766654,10.016193234739692,22.989913737343617,33.09894250173586,24.886608678619467,11.02932580374815,4.54802213194419
2023-08-13,17.418388065231568,32.86478666178205,34.51159439469306,36.417592113553816,37.94405317381214,39.862818529309045,47.65956461311412,53.1886536156611,59.9414554616865,51.76195482724843,58.99760282831748,60.95044412486248,59.2128199216047,55.64591432669966,48.410545851106725,53.54691979160293,54.97430367162588,52.30991393158455,64.09823044778038,102.34675246889616,121.15034892612717,115.81849773861826,99.64622556994888,112.81515593961204
2023-08-14,131.58996416781696,128.84113157936585,141.96971569291327,143.0101142396238,155.33381766202604,159.70014154755702,162.134356444749,163.65920904462317,156.02417282488986,146.18927486693454,167.73278637970887,153.92875344171455,135.88812976947926,136.47729672320284,117.6356120164686,97.72182909467242,114.1846774309769,122.21799558270148,129.3076260072997,136.08181293379633,136.36103155435023,143.3278047445378,122.77858663375784,116.4182931399971
2023-08-15,119.52760100769432,116.69118016511266,106.96945550008512,102.99065736131612,117.2789209992989,152.2335050610105,165.25114952420958,176.68525506029363,180.14047813961076,181.1341225222473,183.24497312496723,180.5486005414338,190.43818022476043,192.0066793023421,197.35185285572413,210.83754034934407,220.73087870361235,227.6560258196181,242.12973561352345,261.8097873312406,263.85250000288585,267.1148063595217,274.8863587217441,266.7000080643217
2023-08-16,267.33333078547014,267.9980162833449,266.6599721542461,269.11761374377903,264.77962162514416,271.75431516412124,271.294701666712,266.493676525666,261.62606017793763,262.0883255717169,236.76288730916767,225.41729076496915,227.2339916213221,234.36963692870265,229.06314676119453,223.61094099292183,229.9459854571547,228.50443107521843,226.93111250034443,241.5958551438076,230.64388867201063,221.93288276471668,195.885482444424,197.34654586490976
2023-08-17,182.2559386039065,172.0027239825285,145.95550831967063,160.35673037028022,176.37002619272388,199.5549307330685,197.83068993957048,187.94487267299527,183.5661814663785,172.13380501953853,176.05410011987223,157.45171884534716,153.66549543690013,156.12790801622725,139.6908819480551,144.17274311065765,148.9032154946413,149.1120326922013,152.91184948966617,152.61728249096743,134.4112125038012,106.84595237895296,69.75859672086656,40.66073392658108
2023-08-18,39.81481516016805,39.92680784815338,39.78966377796012,40.45076750420026,39.90515671678378,53.88533278782992,49.29234521553111,69.83825337113714,74.87514179499574,88.20522934034004,115.89762036169846,105.99796496258834,97.20803545127607,92.2633520425549,93.2429434762104,92.30848007730395,69.63019583905577,44.78704866807097,36.15636634369479,29.18734751571022,15.527455343859051,1.7739024999108457,3.116388279087524,3.577315510559202
2023-08-19,0.7437552624193091,1.6224323080152212,3.0120326768249703,6.960040469362132,7.097236665131463,8.776606690599987,6.920029955259222,5.463168251649108,3.757393841660724,0.947900858534253,0.4963093670267755,0.1883144757051829,0.0,0.020586443185524,1.1605033968530096,0.9376799998064084,1.449594039463143,6.8941948185192325,27.957554664366857,30.493245797958163,31.454961263672857,33.61970630033149,21.14950687591411,31.489922993882853
2023-08-20,37.18060274789703,39.58512548895293,43.49270401365423,50.67747395090077,51.75998676768774,52.06705604903588,57.538987558172586,70.39917910916583,62.7255138593566,69.17012017121223,71.28594428111391,69.93533940782295,72.2839199849412,71.64927403115794,52.992168361629936,65.86961737480046,71.90230610223384,155.95970833233793,181.21773858302217,193.68929186618925,179.61683551986755,155.26530302476985,124.53700853060036,91.8469907118909
2023-08-21,86.08471501024376,75.58454217465534,71.35571169711595,82.95778042045013,103.09829478202612,130.96858740752762,155.63086847874845,152.71137337728376,142.597426190199,130.835524133591,124.24739563804168,120.74456049105046,111.48726284893324,99.08673731236996,90.22455931046412,96.33686580659148,111.14983436883593,106.16791620574458,107.5428815448684,100.3981569354052,93.05421458135751,49.24232271625575,37.56005594440144,39.45764736267875
2023-08-22,36.77611401103375,36.5934424459691,37.26835504048783,37.96128866656063,38.75553158005874,56.890395143569705,49.38667122351293,69.54859695777293,120.9427770777607,143.46993834487128,162.72154723651371,150.31874272435013,148.32058008049432,137.2909925295556,138.874961790791,155.12064900899793,162.6966098955901,174.16388479063352,197.7825884932757,207.73434633543044,211.37362613584887,207.2523527598682,221.1307610254632,219.42886302988117
2023-08-23,220.1210355558004,225.0382909277756,216.7156350018916,227.8306230352677,235.40643765078624,249.96115371561325,272.4287264500604,273.7037959117976,261.6018755632936,267.2616637491936,262.47225323116515,250.006580735622,237.94726786222384,231.1491855755463,233.7419678439507,238.1178343197444,241.10085997000303,245.8340034795057,241.67996511352243,252.35046032797095,241.0751931508018,219.5470485803764,196.6394842248978,196.4631992370411
2023-08-24,201.8021775678183,187.8368685098294,186.0760580313211,176.36432670615034,192.3447230408233,228.2693905772325,257.4221931435296,264.9095803814092,260.05820280485364,251.6083824002148,249.80386733311065,238.6654854823808,243.1764059205823,249.0624596851621,235.88928534830316,229.88711854369345,232.64348139395165,237.57228326154743,250.34164922177325,257.357278633155,251.19898286339952,235.58335110067932,221.3571054856192,198.38584858889695
2023-08-25,193.20191872449453,210.6539299001935,207.4315932461513,214.39267066110125,219.5696529241901,236.9761841689548,257.4136805708345,265.17737089007414,250.3246624323274,245.3958621156744,242.9533345316188,240.2129886873893,235.427177267976,233.22883207321533,230.4977595815197,231.9253514414991,224.3515023437977,243.80194059441092,244.9885744629445,248.0543263279235,242.8431632163085,228.8518750054225,229.78939141961015,201.75974790037512
2023-08-26,202.7825853523916,191.3582644226108,188.6602432428228,188.5225711663249,189.91252332037928,190.35647846074775,194.24554365518895,209.36928893944847,205.3704195846541,193.6041856696121,186.49671477085093,165.4078652712233,169.37732189606712,158.49747191522206,146.35859571770865,171.5317340173133,198.716221153263,191.71708977137672,193.71323579549164,211.42909605832835,213.58689010597143,210.18585013386928,191.29229795360635,173.17381221343106
2023-08-27,146.30621935060066,131.53479381047714,123.9298287650095,109.00965063326474,97.77828517664877,100.20794756308418,121.04283016145496,132.21727751367712,135.77150170227543,131.431055313393,129.24656296237762,141.27490406006166,113.6504777090428,116.45422534311358,122.3595570455546,129.0268813949158,156.0381771782334,182.98390771121652,187.47007824264136,185.35962269770204,186.7940026128498,169.00392910196857,141.08301838361388,103.1244889270615
2023-08-28,102.68910045470936,88.89648878815323,70.98898234256181,77.0247892909796,99.87118199771334,150.89858706871703,199.24775778263052,207.7422449523243,201.95407746789564,194.3287577818172,195.6478640396077,194.800263890538,191.27673856322215,179.16459691153278,173.56840696029653,175.65983812401393,202.94177730698627,216.0930665193548,227.03075633369056,235.13472320781332,234.7938859271597,235.74058943303464,208.49815623308749,178.93020471710693
2023-08-29,170.71016006461855,156.31855452197,147.2190181499977,140.72808029688457,148.78489974047076,172.23417623920218,202.84780827100852,213.53997430036384,214.7462642471969,210.0544457263426,210.02169905787076,196.23383492793292,182.05199385003507,167.17453952537466,163.17143133266725,151.2814769429399,161.56980940159266,169.87541880791014,173.1922039983337,171.52588500170972,169.66384397140496,151.83556370863982,115.83437761517057,106.52231624777008
2023-08-30,83.55657318927364,81.73614349085454,79.4759258447644,70.55937156424226,93.93123699145404,134.79400843753393,165.73389158276834,162.89312087344825,163.74168594039816,160.41395071605393,188.2158047791925,195.58554914000177,193.72323486254183,188.16276227552788,177.40018967603592,187.49573793510396,187.1810841243029,188.64323332562665,200.379304344145,214.4226762099858,214.17025634166424,214.4556681692117,207.7828658184597,203.1675986692925
2023-08-31,207.5500440441332,214.57186791863413,214.4267044908929,220.22656956690892,237.0480161901989,258.74705421468565,269.6498448210372,259.1289855079429,247.27085627738072,242.89961598621585,243.63739204476693,236.10946938835107,231.3300710666852,227.68250560906276,232.4804369208413,232.7442460247216,234.07543060831247,234.29960623533097,236.39232662756777,236.15569816250257,239.7414111756977,236.15979090607635,206.24970707445627,211.6891168579611
2023-09-01,209.09553542350247,207.11408790748797,202.4116042741948,214.5716642600598,223.5341721018946,229.87431858863263,241.8340608840413,245.41732515253744,235.82086647935057,230.94211489480844,224.92203939838828,211.32760625055653,209.28835992900147,216.32380734302504,215.01605931210491,219.8713748136624,223.60259295821243,227.7464463156287,243.07609504920697,244.1324283736715,242.7136557194274,234.19027844809025,225.05142263162307,223.5394775086768
2023-09-02,218.1725108009782,209.25427311187747,204.82052492745467,203.81366741360068,211.74959466746265,217.8966105884922,217.68989155239865,227.6684546645103,230.0149634053714,215.21207486303737,208.30454156496265,192.0182596103542,170.09521513925733,159.59864492742022,167.9669559213762,187.01786614988097,202.87448334188792,212.88879826679556,212.28171976439947,212.054968691696,222.61533111446587,216.83150324643609,149.64666111424677,97.15794072271952
2023-09-03,63.954596654496754,58.19865134481487,57.19853103596623,57.39854058956586,56.03123298695496,58.13830443617418,80.9615887850463,82.47518027838298,88.87425217936276,85.37715395929,89.40565374607154,86.56064924951689,80.81756626332037,66.39503122535764,60.636534047371896,80.20336033630126,114.43968027576526,134.3541847470863,151.6136107537139,180.82681418256112,176.48492290974323,165.21539174812213,134.68836607665594,124.8814480664732
2023-09-04,118.56430976881774,119.03065245788778,118.4050240412987,117.15257822786089,138.09952210986933,170.66915084379616,194.1942536801544,206.10343300166247,201.60632359767976,182.21407467300327,177.42720343759433,166.99044628917918,160.36144313292013,154.2067788992849,155.5465794508651,168.8320527013246,183.9671074989548,202.250456204294,210.1246174006962,216.6615889281258,202.7507133273835,184.5676491296461,176.1770887856427,172.23103058415424
2023-09-05,178.30766746214582,175.69611507743605,177.09594155838536,192.83892141459248,204.5360161668889,213.4186802452838,223.60951837686244,216.4182971976056,208.23475422011677,202.3512334411845,192.28667609365385,179.09547519333816,163.6412531489192,156.89353984809688,157.5295169413517,177.3027660457823,197.748840839614,213.378447360796,218.15494227220583,216.95933539329255,207.90758501385977,199.4139130035928,205.3922706535477,197.84708882808184
2023-09-06,199.58170861048825,200.9325292032036,203.4017625424609,219.55742088983703,235.4155047689171,237.84701086101128,247.4405009958831,243.6775195851784,239.58562379515945,234.2152283494484,226.8432261777997,220.7855848112029,218.33923945484747,216.8284876781601,221.7880861916864,232.54795748137403,242.41093713353888,257.22641129442667,268.6087943696936,267.75799524633084,270.8930212397934,262.8047650815832,234.75977509375568,222.54072791920967
2023-09-07,237.0017781277527,236.0951512107488,237.4393539764063,247.63303917738324,240.3940924783882,247.26909956089384,241.8330396542602,241.6877656981285,234.78256903467712,226.87646750851772,214.16545059530307,208.76452115378268,197.21224595206212,198.7570059084008,202.38023011463173,211.56787544965488,216.9054460637928,230.8829757915352,239.2162589926345,246.82322624777444,243.66432040070129,246.0048462849835,243.23695841454645,249.4608461076423
2023-09-08,259.0586482134855,262.7037981018406,266.899215667686,270.89154837088347,278.395327334517,286.0615164732988,280.96775811410794,278.4793509949793,269.9347433964451,260.9012494571137,257.0128235413701,246.88323457720512,239.74380354142392,237.1149491073761,236.9883531852251,237.94726929677805,248.2057619188254,261.43155482057466,271.44960926448306,269.4549680527288,269.60508881501056,271.77917376305686,262.1453517860851,258.1268265410491
2023-09-09,238.3303600789725,217.01229029559775,207.2710091694684,202.31127579922963,205.02565898552749,204.86627705886903,209.95071851196204,218.36504667733692,219.6686924545872,195.9014287640144,187.56650520301292,167.50135577088005,149.75171505010294,140.18599756191813,143.73935705180594,162.43249017122116,191.0363092305502,213.9067711106113,233.95389435996643,246.028237005138,250.51130650317387,252.18907653032505,227.8891363973354,214.44304338011972
2023-09-10,214.49881295680368,210.6998639457942,210.94442756786597,213.8835235496205,222.6111188673023,229.61104503399247,223.4790949928382,236.1457789025626,232.919652959928,231.619195074739,220.9575622419368,211.4682889032973,204.46385275098245,208.3922172578517,203.89213450770373,202.7598164039978,212.7494353150168,217.8903843083169,232.6002977585059,241.8814957712464,246.75777607675008,222.11377264669903,219.06053362806392,198.03800319993653
2023-09-11,143.8180968894709,100.05712466901798,76.73084651558926,93.83577230798925,115.00000159794462,145.65051772813666,175.98236017101894,186.40725438243285,200.1675598855873,204.3500792979948,218.81800739533568,214.9095413719401,208.63787673614092,207.59030043390152,199.70030082585987,205.58150657123943,223.81911684757176,241.75474578788268,255.15418817787915,254.8910969529948,256.78766668595813,251.36425786971088,232.62800740118865,234.5061987398568
2023-09-12,231.30263646637897,224.86671055744412,217.16708032170965,223.860043520366,230.9219498682537,242.29518334048743,258.9986525809933,257.6467361893324,252.4293300266689,245.9235752556096,252.96534409765405,247.4714455582305,242.1831863016316,227.40923368854675,229.94738685797725,223.4531449000694,218.42058147153455,206.11295371140807,212.6006769756265,213.11284032767028,200.97784981382344,193.7339809586754,146.65858227614484,123.91964391700908
2023-09-13,128.28246074131252,131.37136000913338,120.67708786299706,125.66358744306368,146.5302404775248,181.73811374372397,190.893758994484,199.498549024122,211.59238870832365,209.1427494746688,218.71311106631185,216.84279442195609,209.2189782735948,202.85031398737357,218.7129433628749,222.28522681584013,235.93492731154055,221.7551860854196,209.07457655980187,188.47256780692757,167.99732892315012,125.84848653240144,64.11493741237334,37.367238488061766
2023-09-14,36.37340694593449,35.668856941269006,35.92952827981699,36.2854441518035,37.32739123960891,52.60639595202087,51.64795264224061,91.81068107239888,146.4098921544793,143.45705846323105,165.75877343325536,160.49893324776545,150.06982813283156,153.16320424131905,166.61059322037886,184.6138555828372,197.33067832598263,211.1753187834591,221.7996674682064,231.0981746283691,226.00096653002103,222.91840078360315,186.0718460727555,183.53986772149017
2023-09-15,186.2347234049696,175.29482822203536,166.0001781043078,178.7296904336744,185.40832559028172,211.69609387169243,227.28544042848696,234.5455061911112,234.2486740052041,229.4425922722916,226.60926822551824,221.71409805721896,211.55770555414364,206.8723560338632,214.82493389429732,214.40675477774465,211.80419945981836,207.27880402492863,207.87361148883684,196.56071752467145,179.0948410438942,149.5585984217918,127.81720484599492,114.63614199875217
2023-09-16,112.08570073680087,112.6471254080323,109.35148483265098,104.7948167061962,113.0078238981317,114.40304113978092,117.97664469679312,127.96318983438888,138.38120597452354,139.27170641372967,143.56814200895556,145.86572495061336,143.46848493943602,125.31803941302674,130.21362374645855,142.1358199008521,146.60143752089843,157.7858427722079,157.66091518735607,142.43338108904052,139.3715927174601,117.91477352789325,87.72530934821252,68.72437434566577
2023-09-17,68.85200404800663,52.242182182040274,51.53171024272877,51.055653508368245,49.32882308670892,48.17850684316199,46.388455198257134,49.73419024279308,47.364130329688656,54.24383737701821,68.45032388664734,104.98092395793086,99.05766581151276,104.29094704284608,111.0923625772593,129.53097606237367,150.6638395488315,149.8530325860555,135.06250586829688,114.44766266508844,87.56971845499768,43.35987384642925,91.65712591990024,54.87893661561804
2023-09-18,48.77636527152207,48.33077580879284,52.05469878914451,48.62057107494003,47.67244118929543,62.07348726114607,57.57502901387428,65.95256793463125,78.01717796531685,56.1393628849076,50.330588134671416,36.464004038438446,31.477089325080968,11.96314907872698,4.804640110984841,5.523149043827676,4.97591213427326,4.572054927990745,11.813515565679555,14.201381633321365,10.08009860580867,4.389635138200299,2.320981103257182,1.2636503695615653
2023-09-19,0.752426614053929,0.3623084031323522,0.4812911014468471,0.9911873957278662,1.5192532048627234,1.7249212010120922,5.187703893925026,12.3667269327647,14.942773804764649,14.66518237938958,14.695595460672186,14.667206407494662,14.932881755264312,18.03321133852496,28.63567325783873,34.90179009057396,31.78407914413892,27.189475072153805,27.24106684652721,26.563212187562648,7.845174967527869,5.00088490968716,5.043004520690855,1.8576031135895623
2023-09-20,0.769221427893105,0.3985253133056718,0.2752197696913025,0.7815621159721735,1.3018568826155827,2.499646192322324,2.5764010069359533,13.232523883406936,14.389377112901904,14.109017668941744,13.947421597437078,13.623569575670825,13.747625943155883,13.697978123792325,12.182622606751227,10.951282458064222,5.771960099330763,5.897746671218827,5.970019439844475,10.490322385988213,11.062032739044364,13.066841363905104,9.05221319616887,4.360712911380534
2023-09-21,6.36235354499898,4.2547290941377565,6.511457529982337,4.72759408941416,9.10303219113826,40.57693106548782,51.72578299233948,50.66767893223015,68.0512728788488,76.08449147809797,93.38682920457175,96.73136286031466,86.5309112125591,117.10082783519267,123.1309528084726,139.5542682556214,167.30588370256797,194.99782167229435,199.60725175974787,193.14024823566623,179.19089574618724,153.22934887197368,138.13029474219385,122.88819201371214
2023-09-22,118.2117472467688,115.59787708595714,114.0808880879387,110.76472878492676,135.06233474859226,174.72691319039245,191.4955147157638,200.748279183412,191.70646744699636,172.55652180887668,158.59535624931348,146.52561221773954,132.55782541721857,120.75376603499213,100.574651565754,100.0220910051254,119.19671739859476,129.30624143235394,142.79648569327966,141.18739643816545,127.41090257159335,94.86314387307372,78.48051026286603,47.93419321901265
2023-09-23,46.16066456526834,46.21884710711825,46.43438777951438,47.28748393679427,71.79410598035278,75.96633234255545,114.49382798369103,181.25202868338053,194.53316409113148,194.1145806188737,182.523645320224,178.505793149803,168.71746099870208,169.77666338877083,167.80152344488974,168.3771098155191,195.8075431133399,196.91481368351404,196.8059652646191,176.7623135159197,136.599558529822,83.94212867593563,22.15058878071183,2.2176023851251965
2023-09-24,1.9499383182776877,1.3844149692089067,0.7833507769100718,0.589707588059337,0.997183558512592,1.2406956191192042,1.7314555198018593,2.0888733500816987,6.8098155262520335,17.630405699456805,15.8087531486146,20.761371254897863,11.406742114860048,8.960818133251912,5.659733233840122,3.396992388142833,4.779914987309252,3.331347402088356,3.2580418817145653,2.810526486679545,1.61508102216872,2.332114253969725,1.7377012270629302,0.7657951523059165
2023-09-25,0.2553622698868435,0.0913461538461538,0.5632699859062941,1.0303005404468173,1.932101773319168,4.216111627667646,2.10025986805574,19.497987783668183,20.741630950381573,25.053381603448223,32.948633879781354,29.111867330435093,28.39953459620343,25.18314855644989,26.826432198347497,41.70812589289551,44.22618097007118,86.13938390003334,141.15822814734494,133.04862731869855,126.63646138302472,94.85493744714177,60.496254170591314,59.4498137242716
2023-09-26,48.30588241680141,48.2882558097747,48.13366669707357,47.71326146215435,63.18163311467971,65.83594775296102,86.86021982820658,88.89719872048158,73.1688792827542,57.37679265566144,55.715111789687576,35.217258400858704,28.76912970156373,39.43738998730991,45.57484234676073,63.32170875322517,92.51125366752088,122.02161183548507,150.4337884734235,141.1953258001005,145.81736563464193,131.18689075666094,118.97380559665096,126.08754227070033
2023-09-27,119.8996988940819,135.67177173829486,172.59458070451353,184.52404269582877,220.401111980824,223.8819305994992,225.31955631247573,210.34282776113665,209.09438484731464,186.44089740554836,155.25875174170747,129.33969999424883,93.69048469013448,63.85740234253025,28.53036824819605,26.912250228691214,39.38266542404449,37.72923438417831,42.49032462359439,17.44941821051819,2.268724942708006,3.7896908047003217,1.2367903956439106,0.618074668067156
2023-09-28,0.1010678875925496,0.0,0.0,0.2015126530743623,0.7190451047747893,1.2093052455727868,30.13936329152869,26.49771636505895,37.34574725246521,34.04110455805394,35.483009110327565,34.10176751008426,32.71023613173059,28.77456277207371,29.021184546993187,32.981036758312655,39.887580850315054,40.701356515895725,76.59576889922432,45.84287908097121,29.32056382004582,25.97624877296193,28.919484121028407,30.657553277517223
2023-09-29,32.02241878382626,32.67744672727108,32.30397741192134,30.69397006367885,30.24595971053256,29.994742455546994,32.05797844192405,36.94961277910485,27.743210740368163,23.594603702524346,25.61622428249092,22.83031874180311,22.03458131142757,22.024407580204198,23.990396917510616,25.268720907849872,28.74204229393837,29.39568345323735,30.475548664122016,32.9325884066786,34.187949670951554,54.75005177055253,61.27612388025696,64.99314842149278
2023-09-30,68.14326543573873,71.39202003106632,75.26020346809653,76.95301255127316,76.93520427169966,150.99531857519855,192.45899136213765,222.0425283949003,220.19282592715228,217.4472930932477,202.09623294558463,194.9614977126864,193.37808978136712,188.89969349898925,174.2998965817722,188.09653802263372,191.8631304908008,187.5169772982814,185.07736717487677,155.48225633048276,122.52867557935558,68.93689212096905,33.277755336983034,25.444875497374102
2023-10-01,12.00208688723901,22.989819000697025,28.55301496750848,29.47010006618789,31.652591539431064,34.39469428693597,35.598068659806145,38.1273640911474,45.38053702353477,50.4534214550264,52.29769317054917,66.62031811185179,66.47516039743324,68.07864726700707,67.01682285198112,70.52822997644839,131.5162453281877,166.6192788991642,167.5177162636217,189.36499977344965,194.83035515623868,179.73793994690837,154.1112737258574,148.675704869384
2023-10-02,150.6783995666703,135.54439826051504,130.51009362331544,147.64582415111045,165.2140461096498,195.8960488788269,216.41047529317063,217.4369195688263,216.72500008471584,209.83590393290805,198.7974251165707,200.5093645927973,198.44643516948412,196.70306258425987,202.26075827627776,218.6040072280808,229.3597575183866,241.1551279303224,232.6318984284231,223.43159905515049,203.42643296352475,171.27590112005117,73.90570896561718,10.89160106083128
2023-10-03,6.208316273824755,4.475378212237731,30.48179312865851,34.009101096791525,33.277513678807885,45.263604109042994,46.20402845976557,35.36146464087525,38.482106604626246,30.446699547455417,26.23740815150968,25.998180000482137,15.239272216568184,2.7295334317046374,13.19407391367098,22.751639023129982,26.141991358902278,29.680227118453224,37.25889948813408,35.09417605558033,41.68958105278017,28.33705315597083,28.024819868688898,27.691450809076404
2023-10-04,28.07782361965685,28.662503957031824,29.58294593142678,29.95280731267971,28.43730626005221,28.18939431676926,25.80428558672887,32.45169849742356,41.09150106328367,36.173210636228575,40.79770609318998,36.41190470217454,34.04176609057991,31.45697718550017,27.33806368414292,28.195975402026555,39.01733354932752,59.54079044056325,90.63600724686704,79.4497648433195,65.1220080097787,34.006790048226634,39.632060230787125,40.35608782942107
2023-10-05,40.30366692745117,47.69378089910112,49.225921695151904,47.42893828883977,60.49110115499964,96.3883579844874,191.29851964681276,199.32462128500632,199.27835387369495,190.2359947315476,162.9884833159998,132.98679452617645,116.8020963257018,94.8489778583858,80.05917838751644,79.87424351953608,79.14181762328677,82.76384513822967,76.10508807905556,49.674636819809095,25.085810423887462,1.5898230009751098,1.5965673638529063,1.6282315411709989
2023-10-06,1.6575484002100316,1.6875032332603346,1.546450969227273,1.5247168301754797,1.56668964411461,1.5963563560920295,8.860818408153335,20.813732443374963,25.25429565110857,20.6438961947748,24.83796972262572,16.761465701257887,24.811025245849297,20.93146176188444,38.94139159985834,35.66182420131973,52.81389592530916,56.95948507916768,85.61220292628627,77.8740202214461,45.3963004517993,54.76699749114114,44.60983804536529,13.307784701270158
2023-10-07,20.330040011072263,33.592471968778966,30.898373701306955,31.336887356527683,33.70310212920489,32.605403166362194,35.521093676538364,44.94844377772756,52.63671343006954,48.53014257452244,48.82136436439709,49.31504604594766,46.998459442547,50.84887115134961,42.91875665776451,40.29241288601732,44.13902897260932,55.595574434456005,55.464048167990704,59.43959887657855,64.12607598693953,68.16448238547538,66.07864207548396,65.60161180694921
2023-10-08,85.85840288315586,87.59523278574754,68.10600737448769,76.65644523509876,81.244109190737,74.14385150812024,63.66325548849783,121.26324329803596,142.22427456257026,140.18035247937334,147.93573472031704,145.1102072282296,146.717067917966,138.0439935060252,153.2250072292427,165.7129815126426,190.2282320060529,198.02738298863488,207.8338603246112,189.21225965234703,148.99852975677686,98.87391570413682,83.22066772021277,45.80010705452551
2023-10-09,45.79038585430706,49.21596945921469,48.203648280446046,68.68133643838166,131.46552755526625,186.96497324498017,207.2127919151252,222.39374703254956,238.36250828209265,242.53384036059825,260.29877651143204,252.12219544672317,242.7383931692021,246.42740647568212,247.14009354618028,248.0073273351072,261.70091151971195,283.279420490196,292.1648869605871,277.7477914989627,267.8698977399644,239.4010206964483,183.71878579582796,147.8650250715596
2023-10-10,130.5407820518993,112.0167424687194,101.36096467416884,96.129785787704,106.75135889094284,127.4659713228674,142.28384822187292,149.48789386199226,138.18875959608403,112.4894522356684,80.17897573886513,57.95977370128143,30.081772798807837,26.75945803162315,26.531056935561047,26.579865759254474,26.663135188269603,26.319614026575955,27.087310503612965,25.57371735498732,11.250166256176552,20.690760794077928,11.87374896685986,2.4298615972455786
2023-10-11,1.6900781629243808,2.6510940578662376,0.9819765255365336,3.292549076313014,14.537843431682152,24.61772541960236,25.15424483197902,35.13927081545715,40.59759033941481,46.26944456002392,47.655767885940925,52.7193719813644,67.24444122965595,68.01310899780499,63.34003651009797,52.62886701920692,83.08268943259894,133.90347642440662,134.0085154293127,124.23588659489523,146.63361704312464,139.5485775534314,134.38747445216922,137.10474603876955
2023-10-12,157.51535619075233,162.9357906036573,167.295577753824,182.17946327495625,229.4935800965599,281.700380121522,284.94823380629174,284.71200656784964,274.3985198476853,270.83185776043376,263.39356273769056,255.041675555422,252.655731078638,241.7696859918292,240.3908295349304,248.4576467434406,260.8093015809484,264.48248109698403,252.7570975179363,238.82959973910312,213.90600976577895,187.2023555717913,110.81293241437172,49.52350361171861
2023-10-13,50.65332756812841,45.63580091721684,43.29397143734615,40.2271750515396,38.0982109128426,40.27415910658519,54.1356018678151,55.518217514382,52.5555411573295,51.40101108247779,50.45602200627552,39.16868136798342,29.389590990176387,33.66385111584374,33.501634058767564,36.126125696579926,36.10166451371018,37.47808311521376,27.067080546204416,21.30247591552389,15.686578024740353,7.50387596899225,16.370097720625935,7.841771807207039
2023-10-14,6.717268112598066,4.2918844515541,1.021456981029349,0.4393387894079629,4.464509111124801,2.473513137535479,6.596013975831797,18.115197988335066,24.04678831745316,34.76243602183853,40.94557913916561,42.43716181985692,33.84316089156008,26.314045104380718,23.23245130976167,24.442823031408977,28.62357806834518,49.78997966352387,52.09783758103324,46.31918766165343,36.04629925174935,15.264026684810462,9.265153822567296,15.572792505569678
2023-10-15,25.16337108709964,23.206753931438246,16.142700790376214,15.796220771450711,17.730615322344985,27.661681008750943,44.15665000977821,58.80014036478706,64.06971125373897,60.62818212136126,58.98549246813421,58.15730474357782,72.54381726334248,61.11192745268773,76.66769865841042,69.27651812950059,106.40375674886631,169.3559329128204,188.1407877212868,176.98305203660618,180.2903918875273,191.40608149397903,186.65077663775327,181.98473211787933
2023-10-16,186.25778106490804,187.0732437918021,188.38917785253557,191.7515825180353,240.38214849020255,272.5365390480376,275.72832240647887,286.2222350061531,285.50041607716093,281.6146202340989,277.6905888698653,266.6474764129967,259.9952998966999,256.3353440935828,254.7172202172665,264.3772856549353,271.15583311835,276.45309308139883,273.234353722396,259.5135992892289,246.24951158453652,239.87027324989631,188.67605851719455,171.61798698599247
2023-10-17,157.75069005993177,152.11335718239027,146.63527358003137,148.89485805636778,170.88114397980536,200.04673302590217,206.03382366158343,202.78598399333885,191.7577682308562,192.72662159004315,171.0936349747549,142.7809116826434,121.25413366799144,114.6644865332579,99.0295251981933,104.88170386354618,129.23397443883383,142.9247762283458,122.599812358998,91.7312752125436,59.172809462768925,36.09655981911137,21.310485429964363,12.063291641106789
2023-10-18,6.066936099017167,0.6794140070094693,0.0,1.2559731358981057,4.463668074244346,9.090192860520457,25.376059324103085,23.818424252252548,27.98787374691942,29.066194053763883,42.82505189938254,36.84688622725756,30.723398853692345,21.03195832509377,22.48954249376803,28.890977856191757,36.908005342132135,43.27616652122586,41.07701195999037,29.17546483565024,21.34233099116245,22.568833559407192,16.78505637271176,11.018419129084084
2023-10-19,7.485889377804293,2.7300800681496327,17.306424246106317,24.344725236602187,24.843611506772927,25.54114308040453,29.64425574445531,44.673419807634666,46.71689453529973,46.33318380163925,47.78351449275334,43.04916882556095,59.07191704125008,55.073973792353286,46.60216006646332,85.32821346903305,105.44095206486286,107.54706931753462,111.89674875320598,83.11392040934203,55.98077790167827,51.19135891759754,19.12631057336165,5.758816053340006
2023-10-20,9.89593148154284,21.043837709017875,25.806253962914397,24.84791531210685,24.586966057416884,24.763036923300696,25.34710472310505,33.257541938919914,35.39782230454054,35.07850342180392,35.18616082339837,39.15255253618247,41.974262998278746,35.90281069430938,35.100789072865446,35.532936442312895,32.5856197288352,33.60187366025346,39.53553053986225,43.89912333373353,41.87786297013941,41.87149920131672,,
2023-10-22,,,,,,,,,,,,,,,,,,,,261.773380620768,260.2294077240328,245.0610180535133,221.6234620493397,211.72166408195636
2023-10-23,217.84311643944304,221.74711830945964,213.34543230302265,218.90462555569405,233.36972349533409,256.00156706854426,259.1099475543597,258.2667215201321,255.24370821017723,241.34179143772536,235.26888934141348,226.19885218225937,217.50198744121013,207.18914108850757,194.89286438287823,197.56939621078803,203.6722703092725,203.39425493664956,185.25388615525145,167.89162724337586,133.13159383563743,106.76292727838285,83.06426087452837,88.25455637086344
2023-10-24,94.6663308071384,104.68907079734235,107.12986255633594,110.01104760734344,123.39550696736018,170.32438874308565,199.8390368972873,197.3560277298075,205.5186218333651,209.97758222846383,211.23251135458432,211.38516027844156,217.87150727833716,218.1452147065492,228.3108887351427,241.1666652843828,252.5691781480366,262.786373029371,259.66180362808143,249.97451110751848,232.7608973921529,208.07371176328084,167.66250914560024,170.42467303805157
2023-10-25,181.02171493930135,188.44059937647128,195.6150931318082,191.40068249350415,189.14036062871463,208.0479500146084,227.34625047058955,239.447270043672,247.0029214944568,244.56263049721807,238.9306654709551,232.83191722032663,229.3541924897667,222.5580412808036,226.6959785133481,224.75013673101125,238.48061660088968,250.90440429213092,247.13976605086265,233.85584410013792,215.4279439521586,188.0169126661053,159.41907320040576,150.5806973989833
2023-10-26,146.6941993601797,148.4755438308918,146.09183123688624,153.13240372097093,176.16743776171344,218.6723532184936,230.66575412760983,221.9109899481534,210.6304588389976,188.9361023552796,192.5050096751456,174.61380889086084,163.6395566051633,148.787050864587,160.3238443404332,176.458775044538,198.66338731953,212.39747775871604,209.7089866807165,185.4340339215444,160.68477508555063,130.34948879601023,105.5065837805739,97.95767867924964
2023-10-27,100.61804557809418,98.68907009821488,91.48014903896836,93.03769149401592,109.75669382116465,157.10700573300628,189.17920001127987,197.12641481617212,199.3940511831285,196.57670777449715,184.6497209300325,186.9756253380928,176.82310047876908,164.1728744800496,163.20642350999017,160.25888835345077,178.22025170101458,194.4486004165028,187.66159763274757,169.9580668235358,141.50418133924117,108.60059097759296,71.49711366556943,67.83005785518824
2023-10-28,60.78043347618437,62.10924400718656,53.26460090090367,53.05591840905743,50.69163752069346,51.40384040964111,63.38661642138203,65.28500389846637,75.6166045974056,72.19889028539865,71.51051265313517,70.99534294886256,71.86040744452751,59.04361073066906,73.89411930793199,73.6066580427969,105.0189097998852,108.01452273645428,75.52560980717676,49.64118241802952,28.06035762856041,25.60105805833959,16.323944227536767,10.351142664742
2023-10-29,12.270156499902273,9.921280292970618,20.192598939081165,13.853791922444609,9.4573949181122,18.28243480421269,15.61549732784609,22.31038487185798,28.002409432588745,38.413313930014105,49.21912220720247,46.52085577751031,49.70690023699174,51.46071546827234,52.5609541491193,53.33060364650534,50.48090401945345,49.16786171923983,50.127944630522606,53.42857142857131,43.51664454908804,40.73004224239758,46.56338638475621,42.99069905567062
2023-10-30,42.303377211458645,39.26436972319275,35.847390107411684,32.492407571747975,35.780459366174874,38.36534080313869,58.10046297143447,50.325822082137314,72.16654719423876,116.58860499436014,121.46606961424254,114.85251440244872,127.18410381137213,140.13675839019066,176.24142849926704,204.25775804314068,211.78937913437957,218.52082971335275,213.6346286122176,190.99124759332548,179.51704622025284,148.73864147081915,118.55938172356416,71.08091646022369
2023-10-31,63.11912462899995,72.37073625234379,65.09572000159588,61.83650214439787,57.04219848738932,71.97754385964869,106.70500608313527,160.67105817240454,175.57849348813025,183.35793389169567,204.8086146404487,195.4034224052948,178.34219398009142,170.92718084574886,182.1413462739358,196.78044314231596,207.0599016982508,217.82152957976288,214.8168232276601,198.83591013222477,183.90538107621845,158.921887003131,131.79955492466306,83.74330588267384
2023-11-01,66.2650862135264,49.659344083508415,42.54182596315894,36.70184952644595,26.133945167195375,4.2733502945582895,9.423449647468802,35.26027277343874,40.4676836262662,44.366603173221606,44.202877656247125,43.36859071071034,42.4452294345755,42.17587018303976,43.21104035492687,41.9953208219406,35.33391682190991,40.430653316149424,46.508214263233945,48.45496638501572,51.77025629559229,53.76647549515567,55.524650467018645,36.1011157997304
2023-11-02,32.80749223115956,32.31127073604039,34.6820323990533,35.66415639386527,36.0799109807414,35.304917594255336,39.28764225145439,70.37781132305597,67.13728337825171,64.36522344498859,62.9708178341276,79.87500654157488,80.96410996082523,63.8812881764261,58.71495889837135,76.21877187222536,102.64080009051068,107.54674467879138,92.38193868913604,73.01689331835121,50.76844432783697,49.801874678768215,45.39896414025615,33.667572893071906
2023-11-03,26.066853604086845,34.132074380403026,29.19487553041208,28.331072859257063,28.398108078149995,28.605407312952277,30.584818166780043,31.69240567754445,34.68448370444334,51.596710292630696,41.95462331339935,39.9892302184028,55.56510952757949,50.89796301008423,54.61228705917276,46.51181520736019,54.50838048119072,128.6034976137441,154.89894016280047,142.7472053972183,147.87564433538216,146.02045763077086,131.19926736863042,99.68431202615268
2023-11-04,94.58746825114976,95.91041959107883,122.35419979889502,152.071177088022,149.73342348510602,140.24103537870013,116.14008312987994,114.90773114142765,142.78998768637535,154.54015333278545,159.02622807891566,148.80135244839332,135.25826680819338,110.1768629939381,111.68941759947184,120.58609442989776,152.9843808673444,175.75686505874145,172.8713219469789,160.2170104605317,154.3627948840757,149.8894874066837,132.06773071218785,127.52956869952868
2023-11-05,137.7774089470721,137.2165486387098,137.24716868592688,134.4485136170557,123.44096027219358,99.81623892330028,82.71110721781332,93.86331546357916,112.18163075415822,117.91835423698748,116.6586392005837,98.49601154288746,94.44027321176505,97.35649660730192,107.6002369236217,133.01289484475186,164.54719683675546,193.67714730888449,185.78319018012405,173.35958534001475,171.3099701005614,145.0314987948786,129.77369070719314,105.58596631579036
2023-11-06,92.27295178447878,92.33768956092467,78.40752855458801,65.01333506620958,60.08747265451176,62.46902717731936,82.28652876471816,155.5054627120381,160.89794180897957,149.64151407188496,163.10530368695342,137.33766789240372,119.41391500428868,109.7538460589574,108.10796701957467,123.35699581810756,149.9476614868205,174.70116954317365,169.57325002412443,146.43319474040524,124.50096185259991,85.42568069137751,60.4981348145239,60.36381811422781
2023-11-07,60.87811599738006,58.61627674662012,56.90318177397967,54.34949514284885,50.62937840666413,44.35408481223392,48.26265865063428,69.24308610519022,103.09584200398936,117.68658090436104,131.0557248664529,122.40647963474268,111.37849344350413,123.10138686329444,136.7385025843258,163.85679332371205,193.88009333947008,211.62153284150705,210.55406509385296,205.44920494180724,195.51511496875568,176.23211573997688,143.47679327385327,92.70876705528448
2023-11-08,85.02172254770664,76.27726338662956,80.2218442452794,67.0947640736372,48.94289418078309,55.80976629989961,50.449166462196295,30.47517590917828,38.707464844128125,40.902369744718776,45.37612502854576,48.04444449299509,48.0708627760548,45.40362816212678,46.53825968300601,75.92123778640853,114.42637825197905,133.72486642196918,146.89974870751138,161.69212027832862,154.046022046319,128.0180640919816,116.02700956674737,93.3079901991342
2023-11-09,74.5801527733093,62.22479655400777,57.769744977245686,56.0659943361855,50.14213772426808,60.775825507421565,106.745824536184,152.11381059643037,155.53300396647407,158.4701454570721,185.9209254712654,171.46207899053974,153.1413419791162,148.90502852064222,166.0915415314819,182.9420590985844,196.3933941971476,209.35369084348508,209.38885254850035,190.95840730637147,174.84059526724997,148.0429071878484,137.32178709771085,114.13526258883952
2023-11-10,105.86175324037268,102.6203036007104,100.82488583146328,108.68566001584716,123.40023831140302,158.63711883875428,212.7455378040284,239.9952719327514,243.69929387766,241.2728440370107,241.39731640767224,236.411616383606,221.12531769642223,194.60845811053127,180.1968237310745,165.21251166241612,165.93058069877827,177.12054850124645,178.3370542553591,166.53161169784076,150.69845582765478,137.87746349157177,88.81222364504973,60.85803600852599
2023-11-11,62.82149345941186,62.96594822335902,59.69196918586696,63.02411033936507,62.86381772179832,62.36857547921355,84.44910963857731,112.94970236993768,174.23819219413744,191.29673391289927,199.7171158177264,202.14973455705444,205.26380184293544,217.00219671575607,228.8086800562599,242.9577696670394,266.4909144381608,285.15415237763136,285.6160148298759,278.60372924644304,268.6661955407161,257.8487878398722,245.93465747214367,225.27891243729863
2023-11-12,213.2891748786216,207.7459169037717,197.5927981471749,190.56534309275105,176.44111290244953,168.01868198120857,170.72796085854492,187.03501077075643,204.11677036343767,212.98105273523933,220.5074857245804,223.7468898492822,222.2836308636691,219.671528510885,205.44447135478765,186.27931578914692,190.32691634008708,197.7660001086146,178.5833169532108,157.45301163047498,141.18855318590377,127.72850185141588,110.29435293784476,61.27563427056496
2023-11-13,78.59551265691674,77.77982615740447,67.71207420149665,70.01915943046968,58.4200819368664,38.0859318810564,34.580858342055365,40.80208248153267,69.2441117017375,69.98358078634493,76.86411082607238,52.83944725935069,68.67433537347785,73.92667396828105,88.6058528039802,80.76781978644713,87.41178813257376,107.99809447188284,113.4467473148612,83.94203115199693,66.20354307809207,50.30116677446258,53.216855836498304,44.76810537795392
2023-11-14,48.37739097594913,50.30533666638987,47.56824499168135,41.25739213087795,46.70605308588264,45.56727700789683,75.16801647220281,63.29577131358531,87.20627529536524,129.59223791489308,157.76869763353972,177.14683351336052,207.893705804768,214.93640869809124,203.24554772572952,194.63627932722707,206.4852321735281,219.75686766925472,211.44138102347208,190.61433095247892,167.50444148895906,135.27085844805345,90.60173188127322,49.07450050155515
2023-11-15,42.92977329265272,41.49583073762446,41.1493474839501,39.03743568964353,37.47377151369265,51.39538260490746,58.26655104828573,140.54908020775767,160.79148780409085,160.22350618991393,159.05735122442212,152.98494119236798,147.55918397225855,139.92813947546605,153.66116127936382,178.4955574185725,199.98001025193568,214.84544452904967,224.705579647772,231.58297802631805,246.36478649841808,249.9427689219152,263.5860752119453,269.6779128695425
2023-11-16,280.5999785862621,285.65457716482155,282.4659169070089,284.5471679509735,284.66265753135895,292.9751537362948,309.6541486794288,310.483531949475,308.1890421453895,305.7697959972474,312.1938334789212,309.2044796757362,308.71715010331536,308.03358060650635,306.23093952909915,310.670962514549,316.04076808273135,319.93087581390324,316.24907342614114,310.06445333817663,307.3742227865112,301.2092316754591,292.4348423345798,268.18139157835105
2023-11-17,260.12803608904795,247.1394913534108,245.5809362703642,260.14571207444993,266.7679165792419,269.1670794915537,298.09766785276094,309.225426855561,307.42021671248904,294.8399997673051,291.7377328345263,286.3422257124212,289.27947395467515,287.8891428722459,291.9035242249629,302.940946216434,313.59815720230387,317.6501006297895,309.6550715088016,300.9029386110971,289.22412533189623,260.9933150849618,226.43512418756944,140.66611132109256
2023-11-18,76.33300759671691,45.79087335704859,37.957791384018535,38.20421324986171,29.83286678144918,27.890864471159908,27.54278722494185,29.362842536076712,41.56674642266947,52.107063477633645,54.0439647460807,53.26048634836774,53.166229860364986,54.05420426789113,55.29090963334225,54.88292261390376,53.039026198009935,51.31383490475259,51.40314997977187,54.54965319457091,45.93576579957973,44.22595769865273,37.231492485853394,30.086231000442208
2023-11-19,29.49080175580301,29.171040770655857,26.44936170166008,26.185984228848955,26.657224871569245,26.88406734716318,27.55622453184043,40.85750273329302,51.744385511019466,52.49316510757968,56.999826800762094,70.30487970845735,68.20702706667618,68.79847289838536,68.86780323789456,67.11980989414525,78.55049790683525,101.90559931155836,106.55749103843912,93.23820817697018,98.5300998622444,60.84017922886288,61.67244774742467,54.19615101411095
2023-11-20,56.13265660946355,62.197668770967525,62.31959833454696,65.97786880070471,55.87304657986751,72.46147442034672,69.07239350080229,131.5793056476126,169.8220985068451,185.69303953250048,224.14495975430623,197.9948799460854,186.81643394869852,192.04763891831016,195.4846139201777,205.63579048332048,215.2630646002229,218.25924390234792,213.49227254918176,196.27182402276676,173.27604566879518,137.0917369208737,111.69421392238412,82.26494630718615
2023-11-21,65.30555546564709,50.74760689906968,67.94100063465915,73.12747045606302,84.5620394459775,129.9330691159865,180.23339310534067,221.9939527864114,229.44741872051932,226.5152008878016,237.92931000483992,231.49435349740435,225.20311599156724,234.9953896207448,242.9127763561253,248.12307998881948,251.5327604059792,255.67062326943855,254.13206660461975,246.162619746168,233.6899525860324,218.84640318915987,194.1463280573122,151.5987986808227
2023-11-22,128.84988143864453,110.84344590093455,91.6019067277695,76.43889280888698,65.71238977882355,75.0264453847941,106.45937614349748,134.7850249362931,140.26999188956472,132.7260046246547,125.98769145551094,114.023034150233,107.5198727282115,98.95749132872818,94.83790351992252,102.53191705644028,110.06578769402404,112.69836882713685,112.15650590545133,85.36894566220444,47.48212844848357,26.815689869930964,1.590955165097223,1.2999719635617455
2023-11-23,1.0374974490400697,0.5497772495973134,1.619850635230574,0.0516660217339393,0.5366424737272723,1.0504794847801793,13.22068411653596,20.001082689330115,35.75743205258063,39.11516480075166,39.23775982850358,40.62393097953556,39.96848702462509,32.68892968436425,32.56649612951833,32.22840339635914,38.88664359861583,42.14350364963492,40.888313098410734,46.00452265187239,37.59406570777938,23.537736030805725,15.025551127796124,9.801173092551242
2023-11-24,15.135580711529084,25.80224257023829,32.02783214626895,27.48124155282713,25.604324039279323,25.853406433009543,27.75399931705819,35.51427291367574,60.04039471719599,60.76965638493135,58.99135627454158,57.98530100870562,57.9628985935976,59.68437218393404,61.08058398711445,54.82345801174191,102.0207052284485,158.87218135427904,158.14711272692506,155.22443298654164,142.22247361521806,124.8825639649964,115.4548217069444,88.91509777535296
2023-11-25,83.34557392301984,77.37839295781787,66.71824198754196,64.64147024429342,64.14202989496742,66.96763410489471,81.48792163794332,90.50977132763308,149.86045011423522,164.02671330499004,170.44921818793756,163.48464591975312,164.88602090246422,157.20520485735216,158.8297291492519,183.1719875236157,215.70732518948603,235.7171863258201,242.75456081421544,248.5782195558245,254.04511281026527,251.58423855265212,251.4775000654293,242.19232272197536
2023-11-26,240.3941635113516,233.99040726043904,230.37221608779404,230.50283227100635,226.4750981441132,224.47981377937327,237.97308291409556,260.49516243073987,266.65439395072895,272.1895778837371,281.2772643325104,276.63399962602705,275.8653677816172,274.7688096187413,276.11213199017254,279.67496735418644,284.0978279674434,284.59717277702964,275.7356830256813,267.28617221228154,257.1159847896081,237.30316698879025,234.37503815121116,205.83063794222664
2023-11-27,202.3742555960524,203.45053950230533,191.27084330652136,196.12945925843724,192.12418792642524,200.8746103653073,248.36277242219435,251.378664498068,235.7897093894228,233.5548520474584,230.53509681887292,230.29621457902937,225.9222388334928,209.19294307741757,191.996191647728,172.82068804772186,163.63026462806607,169.39367666779498,167.01664769160436,157.0638529217277,154.3397767069752,133.97444651223714,115.41267292049754,94.92403268162352
2023-11-28,98.56898968903316,97.38905374092629,94.85477505994918,106.18890132663346,127.45606896391386,164.13574496423715,234.9702563710932,267.1640731398699,276.0482006300297,276.84691786413725,269.2343301793607,255.8990877062384,236.58797614723755,228.34441285247263,221.22325012289585,229.28291102485628,229.8668850328086,232.79849822031795,227.2196762145296,220.33503380674395,216.5430859848742,195.60945716757297,158.2527931596501,138.62140546341865
2023-11-29,134.75023966699,126.8775177000131,137.57949574969058,154.78428847784187,179.68445295743163,211.8470809230178,249.6778937388862,274.9326918292672,272.940777542819,269.34471584826576,260.199679601647,254.40109536817823,256.4675237997919,256.3417369629275,259.2935955972,272.8418377290258,284.0709199102381,287.103573796743,285.5034044376623,282.2191407806001,280.6402416201368,285.07257616517995,279.1394933711909,276.7549308649258
2023-11-30,272.5353791761398,261.6979549287863,247.33545254102648,243.1046264304633,246.06832071393848,261.1823689392808,270.29427275367334,280.01114633601816,283.8208159462903,282.0267121683947,279.14144491538855,275.09310924559423,274.92872690783554,272.2265102369057,271.68960598851373,272.87801963935254,272.18358077226026,281.3684598560484,277.0732676600455,272.5028758832848,270.65176008076,281.5598565113471,290.42646434443424,289.3338488952256
2023-12-01,292.14268489255466,290.42915825782217,288.0981895455716,292.4233759029806,293.7218728982462,297.45890732040283,303.01736032326363,312.28744834988913,307.0094002152109,291.61454515110177,291.0712122136442,286.72407585573563,284.02390450662995,280.96162465909083,284.3815733264572,292.94549968797554,302.7005483734334,311.1272365787992,311.48830937866114,308.07993971471524,307.36358958412745,307.8186378501697,314.6981206872655,308.42766636413705
2023-12-02,303.68838348670295,301.138777318791,300.38482909478546,299.07729645653825,296.0068002104424,301.530868239926,306.3394676445051,305.83350917708384,300.06686554127054,289.2861188903309,282.5691692591557,280.4631295647039,278.24321606494595,272.5054566644662,268.2002143470489,274.9230748540414,284.30361306420644,288.86602329873057,284.7360921672301,276.53761255973444,273.7405892459767,266.9856872799965,250.7202384353016,217.54016803852528
2023-12-03,207.08624704059736,207.06789288570025,202.17529835331183,199.12225040725244,197.2676117283638,194.2864253589468,189.0439551273942,202.90317390902305,198.95047274354087,204.50011974370412,196.99631382188048,202.30290315055333,205.8396522709187,213.93728559062976,225.31933967561295,242.1567226732132,255.9846393462803,257.72103602993946,257.52737230934065,249.3230747763945,234.235664316418,213.98416659721792,203.58962171789872,153.23010244722173
2023-12-04,138.3586877697283,118.55729620622904,102.56471511852804,90.23055240252226,80.64477002051086,97.658153280542,128.0367312416368,165.2250507968315,169.47352923376187,169.38488694659492,169.1631100981387,167.88515939552966,166.58803982976548,170.27515061085882,175.35508556205954,186.6709228179445,193.28564095251835,193.16722509031365,187.24162794760997,174.63581233317967,161.955034438826,134.5462003731282,118.15849311611754,84.41027366002565
2023-12-05,84.8110997244462,78.15675479738661,75.81170846716701,72.63472527461043,89.18115420551135,104.7672066731476,177.63985013908646,218.99749616326196,227.7242978869516,228.70451450236092,237.9600303076338,229.9200889584097,225.61295872236423,228.06913332017024,231.43897858847973,241.6409888952538,251.55070880465263,262.5764104918484,257.9661054325799,257.5042588311511,268.29078063889875,279.25086285420963,270.537258790598,270.79056672632623
2023-12-06,268.6345103108628,274.4738544684245,269.0512427143285,266.13077737239314,271.22187161874626,280.275099208739,293.07415482572554,300.4202696682497,303.42211901081447,299.5526721184825,291.21688988184445,285.792458053877,273.96566413586834,262.66906969826834,261.196318768665,265.80715011108845,258.6171034721468,250.30482301552388,235.24782280709496,224.8736763629149,215.39633641650897,192.8646198510981,159.9282563667173,116.5739813282568
2023-12-07,91.97108529133769,84.07517342307861,69.52233869828919,61.48499184662503,55.46014392554314,47.98838370294169,75.24033025420665,112.82827855309702,120.49931819840462,133.01605963065404,139.69464054637584,136.55090517703675,139.8976318185092,137.18215705209576,134.81445439725667,141.6782574451515,147.39960532601202,149.71352759606478,146.124076756767,121.50985059403646,94.73261760868886,72.40892308375302,83.21705366681601,38.34630796907195
2023-12-08,50.16389584373142,44.11570898221706,46.54962432313165,55.14957309201149,62.34267896654852,87.17496784671407,170.1868972220566,204.89618058449295,205.8438592656138,199.367922319919,198.75668568984943,184.707814400463,168.52527891071492,155.6093883497887,145.5474090856821,153.34452568236466,162.26382513836566,162.46905488518613,150.1811929759739,125.83328158219456,94.78588792469203,61.416017101324144,14.243087357106802,14.475729520944157
2023-12-09,29.27212088450207,26.242395703906556,27.83243711979163,28.22226684522079,31.023728768051765,28.146434899106044,27.396462333683555,34.29248797505494,40.40088860039389,37.49257191882685,36.56987499146113,39.90078956496381,40.86089376851808,42.70758359162593,46.04547974635488,47.10648886707304,50.10679360479871,50.59863643100626,43.42374080719743,49.94719921025588,50.45405310877943,51.51460970055756,43.58504655138752,39.82215617391631
2023-12-10,44.93157183033509,45.48680952367792,48.966141467133305,42.79785244832195,39.315986489677,43.78594295209339,53.011071435212656,55.40218613481765,63.85385301192643,72.37582789019298,67.90659011054908,64.6738288942912,69.5619779449704,63.111105211458,64.99785238548282,58.9731147552265,66.96025747795812,110.98136114803306,116.41217592497054,101.30690428623944,88.04804495265353,57.52531005828012,52.3223205715937,41.32049186936592
2023-12-11,41.40735875983244,42.44708621131683,42.23445376157368,49.36971601719617,47.49140300785383,44.753149052842645,52.64838387418989,86.86662024376949,115.97608364906988,184.60331015246103,205.71966541893343,204.52674483507369,199.62231197755403,198.16829867923676,212.9051458764675,238.7461723335888,254.6090480079176,262.3006829603636,258.77601717059,253.9970955715316,239.97845908497032,219.1565807296471,183.1406897467406,139.91418194632564
2023-12-12,130.6247525492036,119.8515237475694,93.13852673669916,78.17261852756018,72.91494401182854,89.44715451432677,125.73667573403144,164.38322134581338,171.0081250259953,173.69549181511888,193.21890309501816,194.1110850211815,199.0163762130761,208.96644647230144,222.83106494830025,231.2028884995346,241.81411851249,242.1734432354485,244.64992878188957,244.54657468360293,224.1794366048529,200.04121388922465,203.64557267297695,166.7965507221302
2023-12-13,147.09991041424414,139.9335291955942,130.14164430279152,123.86338415893562,121.61262938280782,140.34030957308732,176.73886311867372,212.8051438629101,211.5669485832269,213.92334439925637,224.49022198045415,223.42273514288223,215.23579240896245,210.600803532821,205.5918172391996,214.29226519794625,223.49195798130108,228.879465078199,222.89447829997377,209.40057669534528,195.0225096937359,173.0050461452642,170.00853796302982,154.40547252477631
2023-12-14,144.93855852614925,136.16148339798136,117.65677285055652,103.88794965186597,107.17424133373096,149.74791152205017,184.01735466952425,215.26644699874447,216.4897381048055,212.5673805484757,227.92033390330656,223.01659033557067,210.17810610734784,207.39095008876487,203.0372943292153,201.07661731793849,214.10161838328696,226.76583637574132,227.0924264504153,217.62781985580327,214.72778698687569,184.07159970216847,166.8031578843474,102.11084869865329
2023-12-15,85.6585082950557,86.24342925387809,72.65436485871912,77.95935229812072,90.61755612561475,118.93295966130262,172.9166245829416,191.4691588798433,188.73904837029983,174.19274348277332,164.7550883268754,152.609044193473,141.75885592385092,128.88951180973962,124.46398678096014,131.78864276929733,143.96921904322022,147.0020521713065,130.2325247132452,100.91265699679592,65.42349178002742,29.82796764936558,19.21396809302292,1.3035577480026803
2023-12-16,1.4004965478339229,1.114835615902113,0.750916612513785,3.499592730498478,0.2566388195327176,0.5336095097226811,1.0291017136324203,8.373014568958029,15.258239578186036,23.405690508654057,29.771585721664607,29.129695378128076,20.371950726853708,17.531842650576817,13.258735597712429,20.628223428754747,31.93510450633455,38.29040028701762,36.640880196886194,40.14657091233778,35.67766706078248,30.165910736809828,16.1639537541726,9.364882170735347
2023-12-17,19.083240568622266,12.382784713014228,12.88325596057382,6.839491334371766,6.622176475261099,7.263284581698964,25.4401384767635,28.534741416407662,27.03551782787732,29.793760080492092,34.91576815937082,39.75107735561366,37.7713561254384,38.07543564378688,37.70200829789066,35.34762518045198,37.40668635009857,42.68446608095938,43.903922683342735,44.82899963642719,45.66316680778991,48.78205562236817,50.48924066804097,41.758374513319794
2023-12-18,46.99367975160445,45.27191572642475,42.071137915663066,40.57024836572654,34.30138360611887,36.85747265842708,44.03504388103336,70.01894847197211,85.37087994005047,83.75412432021395,89.34709067803217,90.36870695281851,79.51056964992335,87.18170710180661,88.28781426608174,93.4307467270908,104.61588666219878,108.17486006226792,112.21493800619774,96.09627824793697,80.0201603559415,76.86747977044058,64.51074397275544,59.18132657112775
2023-12-19,60.68758780874269,61.501586966954136,60.5941642973293,58.927132074237946,61.47639563361547,58.60154985624757,71.9973278402331,142.6652850394133,137.55799161735666,126.16651606261976,133.61180769646498,133.14619262549368,123.21038235871104,113.62626810741304,103.62057277722376,105.43200930771243,115.14581697310577,124.17942013574046,106.69623295316464,84.36142184069219,51.01642785979584,23.396003504567943,22.78776213763346,23.17343262643511
2023-12-20,24.05180080542388,25.686777238618006,26.85924531818596,28.61347371333409,30.794502384444165,29.4058918630789,31.761487231836625,33.93249367396235,38.094386435100944,41.21772864423527,37.210256150268,39.14479638009044,37.48189787529093,35.589216686183306,31.18002451771073,32.57267875660768,34.86576460221854,36.00546306543896,44.64081125248376,35.3387950280019,23.1135559257047,10.568089387298736,4.508937081902153,0.0955454726990426
2023-12-21,0.0,0.1137912575705102,3.523386388932653,0.0,0.0,3.19352045758028,5.988593776640104,10.515490957330474,11.238713798977852,15.154536751959853,18.48837420173832,18.2791258400452,18.469451471586368,16.69377812234018,13.15825087908554,15.612588862929329,15.331698344573864,14.671891819974114,28.682626939460267,29.79746727703972,18.331775060312065,13.127764240332844,4.603752938573856,7.226682153897413
2023-12-22,9.994041485406486,18.89547988898525,17.09875972203819,11.310879759386628,9.575661816367909,5.575676625230605,4.322511195686242,12.409945263844278,13.813652585630813,13.742231222889668,13.608894140394217,13.30349212348648,11.824147731135865,10.786880099558257,12.582781013518384,23.211437542961686,21.01286438958404,22.808836001617937,25.575191570881216,26.349458925640526,27.761005351738923,29.329525948504063,27.822152760816437,14.291993985522614
2023-12-23,17.873672759288898,6.961280280010228,5.522457427585012,1.0748335772437196,0.6910770670614114,0.3522444487243785,1.6873840445269013,1.8438245359328007,7.622496624204852,10.620048615676264,16.005896134229996,26.836333084168984,20.80679750096215,15.496951072389807,15.248147742354956,16.49738829878361,27.645317994139106,33.78202108989268,20.66422480133298,16.830417684688886,8.702342625699146,3.5058553531288825,1.6006012588857923,0.0
2023-12-24,1.417983116746647,6.528773539375906,1.8711553026700911,0.0220889742031817,1.0982720998415023,0.4206142779388759,0.0,3.775734245794125,5.4974774296335625,10.90475104522995,7.551574904703218,10.837221066831518,11.379570056834742,10.536072382497284,11.368567257678192,11.08816493905914,16.28362741075095,16.063480006510776,20.293861636256292,17.15312687655487,14.756581648948291,12.10053273196718,8.825762216635782,1.790227895021356
2023-12-25,7.418617773438508,9.066963318164309,11.00730240470357,8.736705240181678,5.349238514372042,6.90988456528719,3.521926589691113,10.38856330091721,28.38440259198909,32.92427346272699,38.8720582541261,52.92954294816807,50.25851449539152,49.710268291620025,39.37374995351575,31.403733186184635,24.62066147865315,27.56871472908414,19.311051002405257,10.495472259252976,6.958670248247204,1.670512992067797,0.592280287728157,1.4801275788849368
2023-12-26,1.922841932079925,1.7427866868441648,0.5355979695862808,0.5343229781496142,0.5540125574020269,0.1175893797535227,4.970739180574034,4.308452501644377,14.617173209793698,49.68394993063108,75.46985298879558,74.67574099987243,75.14715040799685,76.08614250375864,88.85574951528451,161.06979697946085,213.95608042199044,219.3200808631384,232.57869541955355,249.8446492228852,241.21406881677376,206.6475229133416,148.8687599078902,89.72189265149493
2023-12-27,54.206754634089,47.10204767880991,25.01834717474649,8.692850655927238,7.777404595442912,7.249362602697316,7.108942348284488,4.75052877388573,0.7573862324323151,1.930616906691976,11.33604222592345,25.429517669409613,29.449966313559106,29.994468161252986,32.64908477181037,29.68322044588261,32.984545149378995,34.53590086089891,23.37946007066886,16.97660470827067,8.872230215186747,9.11968049194942,0.8279933236836624,0.2315202766357293
2023-12-28,0.2480610603174914,0.1962725732183781,0.2755539455854226,0.1030881056770479,0.5730833332351934,1.0560972921488707,3.938508005304795,3.8539832538214776,11.31458570999481,15.3023977322818,17.853650152803024,21.45860337063883,20.370987883969654,17.435545291089007,19.518249032079368,17.12282665402264,30.502776910063623,41.93357552475152,37.95926836161173,30.655927665857345,23.24822113708173,14.297603767992634,5.774154250159408,6.805532866253573
2023-12-29,10.582605483521569,17.659791895563416,13.14999590505698,4.471166166275102,0.3456611363988707,3.0917685903029564,7.96403438246092,13.297464812584897,18.827766598300432,46.97736684826954,47.87546847968756,47.69552844383081,48.60662561082805,48.539636435640645,44.5236025464484,38.225428576283264,40.77651098532602,36.02552222142155,36.707779623986895,45.42692157673689,48.887999187664015,51.42566721538504,53.278174649447145,44.28695263736101
2023-12-30,40.08068655722446,45.416859399739145,44.15588466165492,37.55363984044114,43.31006837741516,45.98262700710698,52.11189258312009,58.01191922259329,63.33800046080487,60.18053707809797,56.79115646258492,52.83352418310013,46.59877849201252,42.650412980691584,30.24096338740493,31.81713821003281,41.6729263402125,46.90275336848275,48.78967329306189,50.73255813953492,51.955444371494266,39.90742389554322,35.3401347002005,36.15459972328512
2023-12-31,37.80586991397157,40.16970152708466,39.86848456580836,30.07314432516748,34.94121148980506,30.1177479725515,31.7613170686008,45.50643019045021,45.694416220470416,58.08360124032628,59.47584699453537,71.42304283160286,69.17630284866263,69.06276235711046,69.87261558357545,68.61527360886599,66.80724867205767,70.15155546423092,78.95086089444264,88.38661745088532,77.22048415489901,58.08259600560496,57.56422473529297,52.80919205424178
