date,0,1,2,3,4,5,6,7,8,9,10,11,12,13,14,15,16,17,18,19,20,21,22,23
2023-01-01,7.45712210948853,20.124864337703066,22.495834613585505,17.603642191341116,18.01362514568919,22.320241821853305,0.20735304197946292,-1.990116866764044,-6.7843153710272155,-6.354380281812734,-4.359361998639862,-4.324747360782531,-4.339978424756168,-2.8477667615533946,-1.1993939730511727,-8.52644006631202,29.257350479288064,8.19329269422218,0.680895520806942,11.483179646753726,17.8754045010062,25.555746617886086,23.894156006626986,-25.57713999930789
2023-01-02,-23.434092540144434,-27.85041730440092,-23.988073751003455,-1.5791065034736533,-1.0002509314571881,-0.38138975736563907,0.08845234336565966,-0.6866600195314305,-7.2983059861705755,-13.688446487113396,-15.215579026077933,-11.104814833776771,-11.349617433011389,-13.531640463030868,-14.057735026691063,-9.280801106621624,-10.81801859061855,-11.077051130615558,-11.70433696901432,-12.118914445639916,-13.627710295055493,-14.816569838092619,-50.87241459728364,-38.11202864664614
2023-01-03,-17.464433067983123,-1.1662316623353917,19.658847124300067,15.512864861411572,10.76337800322986,11.4550828292098,18.940880344211877,15.271115832354688,17.18727398924451,20.04199900769273,8.788878163153584,33.387207275792655,36.9755348489395,35.233960597390144,31.93097351660414,16.712864414421674,-13.966322010566785,-15.54606122886436,-8.76650883486937,-12.208959715168263,2.1742909996846578,2.792154481983445,9.099221790932141,3.100792176144683
2023-01-04,2.409786299274323,2.8452236602927137,2.9685044325496825,2.8947804701984445,2.470819955012466,2.981346798348042,3.1455808109657966,3.6703816733112333,9.311199649656274,13.411424533087931,13.463755263780904,13.137474572938466,12.127711435655549,11.203807042518292,7.738231611412786,14.001432798881751,19.739841979445018,18.15661425464952,28.82096158930328,26.07278241506441,7.451165360953134,0.24062293186786832,1.076708277388029,1.3234412753296283
2023-01-05,1.301079580788894,1.3332784897822023,0.6394959806979088,0.5426940052399019,-0.12680040158444683,-0.09366319841426929,-13.29858008907776,18.346850021743023,16.369667948234607,14.109228077345875,14.469711624492788,14.235047363865078,12.464341853828827,12.443493705014419,10.549473352237797,28.831662434467347,23.09923110361771,17.483478270872496,19.722565570191378,26.133987421538066,40.387698828699115,29.845201481388933,27.558258850454344,27.779713316992463
2023-01-06,29.432886134363763,27.608639157454874,27.67513808859161,27.98148808667681,27.933914009197515,28.29495628926007,43.82602114293349,43.643702988749006,35.34008689061655,20.43234080166482,18.886305363511262,39.57609835200165,31.643406231820812,19.302857014083642,26.549734442639362,34.19395770568932,28.350889659493035,25.40707480655078,17.88088112889949,21.113929590735154,7.522609141736034,12.365011792195936,10.543112631195143,25.76783176645326
2023-01-07,23.298616728911195,25.556893544686233,25.238958702591585,25.426677789039626,25.65528785400681,26.39462776953049,26.93417949613303,15.004174567463313,-2.8556456373760852,-1.091764701172913,0.4209147320337365,1.2349606590760587,-0.11044879384520812,16.326200622318368,16.977304410688262,18.061271369722498,20.23101915422572,27.15708069699531,27.580922516785552,20.367334340255393,23.19751590883786,26.92616461594875,33.36121805924303,35.44963577455684
2023-01-08,36.11153474910051,33.343628708455846,36.132876590463795,31.128986766907975,29.339211989863202,29.345423464831367,43.93126286983849,32.987426442579654,28.330867992654007,25.571840423598296,30.27388755886104,29.688553307124366,31.08127704157638,28.388231154052562,29.53936326989975,23.6795362944234,20.257118239072746,19.857339382168263,34.31441808620088,31.08724888464048,18.794938887298713,2.6901453378774107,14.749672596955605,2.8081746217870744
2023-01-09,2.2750390751430274,1.7905803874596842,3.0429196023733383,3.0531385169062872,3.3300883328017896,3.8128702737890734,14.989113025793891,15.830126231061442,17.474669262197224,32.42346828032904,31.596695551302574,51.3563163132477,26.641967068479318,22.33245245354224,16.1445577961966,16.354325283877152,39.34213608248689,46.44283664017618,20.44540040041474,11.070989682707676,10.213397516200544,13.336142190903374,1.519588064441784,0.622514265155111
2023-01-10,4.854962026221152,4.233584577584516,2.6915623250694267,6.5323018835996365,0.7994199599305531,16.63901576543133,26.314447677902827,38.623868301465365,33.409281483942465,32.22312325902675,9.517458438978622,8.851362358334356,8.470684219890018,17.652709998442063,10.335529396340412,10.391405766002535,-6.240017809495271,-8.044508410574068,-3.781743108187669,22.596544493289997,39.32329066397766,40.27712124839053,42.15636792813635,42.34473166292544
2023-01-11,42.703497849869414,29.762210279705492,32.46679684094906,30.828451465439038,41.92072979689297,43.05766339247723,43.67606227146925,38.65463585945679,34.125269087123804,31.9776060571793,29.645952129495484,22.568920807329782,22.716567037330492,23.126146900674676,31.89226736838522,34.0364602420123,41.9638011156113,48.4722871566959,51.150175667919186,39.17252375905696,19.917232190487816,2.1645184748701496,0.30160715472825217,-0.5044506183362003
2023-01-12,-0.824981895285049,-1.1734555992959201,-1.1273445875865917,-1.169301212877805,-1.9971363152904686,-2.5914266323681048,2.878042319455332,-3.5151679199329777,8.056573044252247,11.699607325148662,26.976327861304995,17.86125903694097,6.320579492518654,5.151667278441003,17.607420536520017,15.388770632716408,5.6892745609512545,14.887318932866911,7.6418987885020115,-12.551504125879262,16.21346575593214,15.552191095200527,13.272555484088727,-0.11323576482900677
2023-01-13,6.230580438113641,16.46615836963673,15.60465914663062,15.067099277759954,15.697249404951851,15.686719993529675,13.792492319943925,13.363127830736964,18.933565933068877,18.415897416340876,17.490611549151176,12.113022615142924,8.55163330910495,7.737543810182821,7.776198381835009,10.238858796182349,26.42353237824102,29.02555414280591,25.92325950515989,-3.5717660861968312,-2.6681498461167905,15.632882368679233,-5.526858311954406,2.9507042940392836
2023-01-14,15.699783265528836,20.57237922300542,20.169874744567878,20.531039167871054,21.692650932847897,21.91878157991394,22.454150070600576,22.31752028386346,21.08983553994141,9.547104535907664,8.786093234564127,7.701660629843353,7.692658878499131,13.521427892157426,16.815100010666377,2.3263880964849974,13.88144991575055,22.260502030302554,22.014240459360323,15.550396221232724,18.99337160153476,23.94833378712516,32.790945714336864,27.11942700611536
2023-01-15,31.68911130818605,34.66259891786812,37.13808307065883,28.73990866248581,27.916326688078055,23.116913956281653,5.194913797171441,4.824769303443862,6.492175345664094,9.4268401307172,17.052527673020798,18.9501472249383,8.895069324593535,11.402245596936943,18.55598371860188,35.6494395998875,28.079504450569985,7.711986637552656,14.363866693445885,17.929344177118963,11.222309935756073,-13.889322205855592,-17.321653055033522,-13.4173684035689
2023-01-16,-10.812575849632594,-9.943905129921376,-9.576493640048312,-7.465168761765142,-5.4820268033093384,-1.0040538494859845,-1.1251940836654057,2.091732215079446,-2.0918745063827657,-3.2095113771868,-0.9504346413772851,2.5391414455126835,5.110970986817733,6.732394510608742,6.654416936269428,5.3838577683923745,2.2317343402920073,-1.0438584894648102,-1.5976842292630806,-0.833797339163624,-0.6995146200638374,-0.29285466742200583,0.9169086896974648,-2.7921992487340788
2023-01-17,-4.605869470670342,-3.6696210010135246,-2.257179479650574,-3.8276833500931673,-2.2730742608034404,-2.3713076746836634,-2.351505143517187,-1.647201745730456,-0.7213897436651848,-0.24856054372443737,0.16356962133610864,0.8164706833815103,1.2234291518528835,-0.26433671459565744,1.527496422350083,2.8810762036971767,-4.64558114411625,-7.810504431609218,-0.007822144118080132,-9.813007837001692,-11.547615784901978,-8.944636587395138,-7.67696933027085,12.391790409024892
2023-01-18,18.930206215620274,14.491505410573694,12.804976580021531,18.186150279072535,18.20029336132434,12.138329341448525,11.267258145203982,6.3890104174816145,-5.586576661654021,5.5921705274217,3.3925898480636363,3.688918617619919,4.410971815133337,3.9177750210890565,4.010587209558139,5.47275650319304,1.513169351674776,0.050483070843682754,-0.1133820924318627,-3.443497224105016,-6.2340048328236435,-5.143208182259258,-12.970747706293793,-9.874328507428658
2023-01-19,-4.833804184398673,0.7209064912955512,2.120682267289027,3.429283890889991,4.496300050654838,6.165144022695358,7.387256593514223,6.864775523304871,8.703844938523758,13.296998261296636,11.246496511846459,9.261388698229126,9.731210925300928,12.525924622826864,17.57895542455816,16.70546009667902,14.08275148941405,14.161261280088581,10.830820691809862,11.64873423351932,10.07582487804396,9.80662783411941,5.4333025255115786,3.25650656424736
2023-01-20,0.8461523024933228,-2.740175656283796,-7.219922165568491,-12.338333052855447,-17.861549075976583,-21.657821760578386,-12.052099700579987,-5.67864537301071,-9.832121904472928,-12.40600231615349,-13.13766499533483,-11.500913436872196,-11.439468769019186,-10.40331623858006,-8.649944045189216,-4.657505060782768,-7.167353224450807,-10.323920340500365,-10.526233302368638,-8.473736455263605,-11.954818023670896,-15.604797544942727,-12.962959084798058,-12.05471944648275
2023-01-21,-10.559564796489383,-3.474016935459133,7.516858087912681,10.614302603302576,16.952772922726325,23.750892824271034,22.86906212582366,21.325139294235328,20.187822084673826,18.919993138295922,16.283966557421337,17.284215539009324,17.97551578280715,19.178192881882666,20.962279031364744,23.473498813749814,22.275235373669915,21.864766254874155,22.154362481203805,25.702406538233106,29.07106804839603,34.34819662750178,37.66767951992864,40.46428263291432
2023-01-22,43.97020267567494,47.058125072111224,50.08420643952181,47.954098252181865,48.41079134489868,52.120456923247076,49.30120768438552,44.686304846986246,38.629963472812676,30.49771445582624,23.491021733039872,19.25968686406631,16.23920478731057,11.783239761831283,5.222074675169296,-1.1268626344901236,-6.903881648182107,-10.490683782314335,-13.955266492725798,-14.757865676796825,-15.944444814049945,-18.067873880663342,-17.642631902078335,-18.82461159698329
2023-01-23,-15.145673908959083,-12.817966925878238,-9.892783247580866,-8.395988924162651,-6.21941021612048,-1.612316457801569,0.3454183794139851,0.37825702594074073,-0.583304855783183,-1.4572659090144384,2.6062525397276772,2.0573242302557446,3.0032492435040297,3.992789145418442,3.1707765391846863,-0.025759301482963792,0.1553288459942621,1.2607989271343172,-0.053058191419665945,-4.502595070953419,-5.252794355461333,-7.158059101270055,-13.733936165282643,-13.178578785840898
2023-01-24,-4.3949795310669515,-3.8026257867518893,-2.460397414265458,-1.6050713053001573,-2.0157351448958423,-1.018944585354376,2.891092997203714,-1.5619933815690388,-2.538543765904251,-2.264871910263423,-3.3797864691768496,-1.766235139393018,-0.5774466180706099,1.7490227645993173,3.213839736808268,5.353688674121685,5.726107263821973,6.5721222732016145,8.478336766095083,10.57517232962843,11.53497127896975,10.5405768896712,8.682157117600042,12.358457334007511
2023-01-25,17.00349911863455,18.774928860105376,19.959050174899033,16.26713171907366,16.5050312872975,16.762323793043777,14.991434110711708,15.367590533250109,15.22323728921208,14.887332585603161,11.595420744418448,8.837048178165617,12.835029196723525,10.03853093044009,9.233020048663889,8.95658379269588,6.910164211315333,5.530391376082804,2.6454157421120215,1.7801806045886792,1.6069230939846477,-0.41262023088754063,-4.120129410158455,-0.13636829043323928
2023-01-26,-6.143849705234004,-13.052603340875166,-15.837056774298958,-19.191821061955963,-17.397022556973,-19.72841258373407,-21.547592531098076,-17.391943880047137,-15.052050104915253,-14.07226485081381,-12.764939210764709,-9.7373725901804,-11.031604904664817,-12.063636201405586,,,-13.901168327105097,-13.283057632524361,-13.031533146778685,-10.878921391216522,-10.017587812312996,-9.105017807590684,-9.981243710098965,-10.382043186190941
2023-01-27,-9.835925116972504,-9.782304632063642,-10.739724803658959,-13.467970038951876,-14.56712275331219,-15.435205440440114,-8.850381445801446,-9.793664467150506,-10.802431413947943,-9.556713194703832,-9.028078616392094,-8.83938341111039,-12.164357550500199,-10.498379026757846,-8.127527984777089,-7.539368630559352,-4.95510046727486,-4.003916120461952,-3.562408980812279,1.5659254285526458,-0.8154568330031395,-4.590316949942775,-7.053987912957382,-12.380796812335774
2023-01-28,-14.569729246887277,-14.514700198345196,-15.168481322650678,-17.10827015663716,-15.183732660392337,-17.0207764380728,-17.52103643809741,-13.770355590688553,-11.553491534533066,-11.9031919368515,-12.48410400709929,-11.299733935597573,-9.125344959711043,-9.041744152259213,-8.247674448498032,-9.027395432426573,-11.68836945916496,-9.832832035748083,-7.354101317725338,-4.573751596390423,0.25211972831175444,3.532093008418002,4.015493779256076,12.888558721128675
2023-01-29,16.171359202584853,20.331263430623153,25.241884168018757,30.04460467515174,24.364803836446,29.943048915650074,35.07118128920038,42.022986749036846,43.62087305907722,55.43826363911746,52.50283257782528,53.15274376796981,39.099712083669026,38.933436187897016,36.06301946181193,39.705931878217505,49.31252656944114,67.10178234892614,70.55014130297184,51.44293643236379,41.10858153681473,25.781639955653027,20.31874321970828,22.374458318688255
2023-01-30,20.848777644766585,21.456377446649903,18.568741991892164,20.415137273646415,23.195851392758954,22.90507326603479,46.58207550278317,70.34713196127876,59.27943824212029,27.009523761354444,21.51265080413836,21.20006536200451,23.596243370165112,23.654243377238046,-3.6886134935846826,-14.858653374343135,-16.966841926504372,-14.151721181668364,-7.866199559410347,0.8084869933355776,17.653429429996947,38.46780859340737,44.08744268528365,48.80217680419406
2023-01-31,28.85848522123009,21.727721863918262,20.710508931014814,19.968564254669495,19.813103358343717,30.218496949300416,56.17968129562527,80.4839483751572,93.72332070286632,77.5482877669853,65.1166160856949,64.45007133048996,41.873480189250714,42.91132389005165,38.95893218233778,45.42998601047877,41.396011855514885,36.75618321990987,36.82238270843686,38.88787450028498,43.56253204729596,51.18192591996945,32.65535580268316,22.282272301793242
2023-02-01,22.179195598021913,20.976422869799144,20.546261138842112,20.44040222512794,20.43238684512643,20.43612115683535,33.43204801086358,51.67660409703728,56.47559071802353,55.65111647685362,51.03913039595687,23.023400780689485,21.30563701445862,20.22423383724462,23.631452331526546,28.506965106843488,34.150778191674696,40.42280785484019,38.64707936314744,25.532901422102924,27.788466880762613,9.75742894987026,-0.2545721885928529,-0.4341846754686145
2023-02-02,-0.4221397754642666,-0.9554168339239411,-1.3456314219072922,-1.267161796205798,-0.4092843761034999,6.154755032417235,20.30309963016886,58.35491696276124,41.31970701124175,4.245144765991768,34.06794822853726,42.08582464781712,49.250452705848026,52.86647764457756,53.59424935615744,52.24570688755545,52.63320792234977,48.009682088680805,45.703554123682636,46.4424878419363,49.39809842614533,31.946222240059683,22.60577093621219,22.745501263002875
2023-02-03,22.034877079607433,21.71602846273772,20.167450823420552,8.342545573693045,16.791856694902116,21.572001751254568,18.773142406296877,18.666693596290372,31.074709051934896,23.305644347503303,22.62062430149488,9.906448003174319,8.305600452826141,11.673109226335143,9.655730504928584,-6.801498582655725,-18.086876727350102,-23.56123277335712,-23.86665681868797,-21.845589612126673,-22.111351908749754,-22.506834387242037,-18.260084872878437,-25.90341545225361
2023-02-04,-14.908404489979432,-12.316467321532642,-9.442691943207947,-9.391684175960947,-11.328588838766663,-13.467417748228016,-9.433518177620073,5.484351927138022,9.77673655316164,13.812088019169579,19.22580473947525,21.26578410651902,27.544274530359374,34.68792179459038,42.568622521897225,46.85665759015623,43.287319845656796,33.183142193085615,34.391984348994356,25.396430767519334,7.036178965247004,2.5830259028421523,-0.6735008626167343,5.506762235967173
2023-02-05,0.38048635525408514,-1.094042788399534,-1.2756394200251435,2.463444392405087,7.0529155758919515,6.411053771257031,5.3952391071434675,-9.872531141479172,9.952252746526298,13.291839331585834,-39.24395780841638,-26.43958805593101,-18.072452254906267,-9.298370049930469,1.7812350630953517,3.7521728251633704,1.7744757336037935,1.1018591091145424,3.722844129636485,5.586200986109816,7.33869938712607,8.080580333745814,4.258638892218158,7.62981943414016
2023-02-06,12.184348141728123,13.274388082732457,12.010758393934822,9.997640361552016,10.347768573198522,7.671235978712986,7.505054684787922,7.406028676767534,3.6955435819227205,-0.5166192130260754,0.08266654430380527,-2.9088776177827924,1.3777280209131106,4.4859182915703,4.41257263412399,0.7745117260653274,0.2311348335333605,0.7253939878564211,-1.8173648764691848,5.739864777612496,9.66984826950167,10.530874767658275,7.911940618313793,9.054127524647527
2023-02-07,7.688084788072473,3.260184571660716,-1.1311887552633664,-4.911528547888935,-12.05142902287173,-15.551435487275114,-19.588184331407945,-20.039068738244822,-16.123306482687326,-15.483819991785793,-15.226956464078853,-10.561718586062,-15.596742557827184,-16.026955988224557,-15.23545909054505,-12.830573191255468,-12.923206383126455,-16.503392896724677,-13.667619789487787,-9.185135205791141,-5.313356108807284,-0.9542622129901019,-2.706016510017264,-0.5215755348902746
2023-02-08,10.918745475323902,17.323162921952218,24.76420128991262,31.707852248682684,38.303745574071485,40.55666911679228,30.469620751902738,16.88425048714234,19.658140722734117,19.095689799874464,39.15959099949529,39.45578801004291,42.50969081261985,44.56091747003536,44.62967944212164,43.782908698663775,41.6816441161202,38.694351371623696,37.4514303163775,37.359881535344584,37.29079305014346,28.06427879191928,25.897658097992604,36.33032095253961
2023-02-09,41.318243408867566,47.0580255211212,55.25378047447613,57.521102181578755,56.19093225825374,61.88126526165159,42.926922818312136,39.76115669774535,38.60284282457158,36.46864050174955,34.39475097708291,34.13218559283655,37.90128043243334,38.48608154903749,39.437741638420476,38.69274914045883,28.514113476719615,16.485003684294384,4.2500113378116,-4.957205719711681,-9.610637847755726,-9.848580928906898,-5.710082413462885,-0.711458051636157
2023-02-10,13.56452498546409,20.516815496068148,26.282718274048477,34.308924664812764,40.67346852059282,45.93096143595112,41.36601634649875,36.90563157729679,33.92653781811924,32.96042778811062,34.3003495194568,34.4710351375125,35.662937648020275,37.774050386823475,40.642042835378064,40.66033886884661,35.962940985162774,32.64923622263339,32.96284773667438,33.992925393963986,35.5048534615555,36.77828676236389,35.12199233318458,33.05849947868599
2023-02-11,19.904784434484966,19.98116369974148,19.93356124901669,18.86936025109945,16.843318583325825,18.97989087578575,19.86533321330326,70.76916880892728,30.556093713461763,-11.059065591263845,-10.295755689535042,-5.566364776676409,-2.3249875980607726,3.5827540443500254,2.4854384061474093,-10.272379682658283,-18.206214164234922,-18.108744230220594,-15.634282352135614,-14.100564410822926,-12.102535907726605,-10.179384436904257,-10.274727670871073,-0.7792739019622275
2023-02-12,1.066380766619119,1.5643900835659963,0.09025835293701334,-1.2306931868170636,-1.691116527871344,-3.649628705858248,-5.706591803733346,-10.11094357276724,-10.051217352645665,-8.453233982280494,-8.748426538178819,-8.980621038160365,-8.035257065492118,-7.784278799834027,-8.497293851436751,-11.46110127285786,-13.133539620828714,-14.411029480233651,-14.131498225936895,-13.00335247139057,-11.794791431101913,-11.499898576472589,-13.43156134570961,-18.044919686760466
2023-02-13,-19.73141751669067,-21.093386743958035,-23.160558068526257,-24.597634596915725,-24.157521964795876,-20.928980862732573,-19.32717110425284,-19.094512203597958,-17.414098387422086,-15.913761173962513,-13.169395556050745,-13.166105158009259,-12.915947276476942,-13.411543374074654,-13.923360640077306,-14.078756948676414,-13.948960094175561,-12.865286229912158,-11.886190622786785,-11.570692951766944,-12.554789831009316,-13.272223482501118,-13.911859013585001,-19.309796677687274
2023-02-14,-19.099750540064917,-17.96691004531212,-18.807770379697104,-18.649858381796633,-22.516963681601084,-19.659694392233945,-13.58161550736105,-11.03717612774767,-10.30338548015365,-10.739193733220134,-8.871778411131118,-9.750335579149663,-9.222339420682175,-7.814283478136531,-4.131693420054205,3.610132334103241,12.522091122734622,11.971222496456477,14.471879843289997,17.812946864443887,21.53229025281638,25.767516549239616,34.44097390270218,40.85029620820042
2023-02-15,32.440547416421964,29.785029187517623,34.475295704596576,39.81505813628739,41.340045642919264,48.9042665852822,41.98720659490972,36.33024358809868,31.918877385998456,25.24230275587047,13.054310637833822,10.471580625399355,9.41053895012655,16.523820401241593,23.101823309295526,18.677152321526194,24.842966132298585,25.205051904342184,24.72476294401247,23.299469120380536,21.351025734480714,18.62034408373316,8.008898123574724,6.015534765829116
2023-02-16,-3.9341352877443825,-20.34957217824038,-23.66161688272578,-38.384586029464245,-38.182100075851196,-34.478176841515506,-25.677967195114263,-22.87590405376821,-20.69746459520357,-18.956079295161317,-12.942461813581673,-12.306085370812895,-12.248266155382879,-13.040128891745354,-13.463235725953979,-12.942960145832359,-12.48835409238211,-11.64223473818302,-10.580737650709949,-11.798370318549104,-8.043489068777447,-1.5399964085746234,7.019926424985378,16.729242302919587
2023-02-17,19.785388669264385,22.387627102896815,22.914533814862928,22.885135695165395,22.831281888945306,22.02123478427317,20.903599234617545,28.195135619396325,37.04036426284021,45.12071757159469,33.68870446045138,34.78108493678196,27.629294855910615,26.134797854697858,24.238761663447477,32.38052920762141,48.05646357692368,46.77737970984549,26.063348707811173,10.50449635691183,15.259532525484644,14.013213271973342,15.767566541661125,-19.777836673060037
2023-02-18,-5.2957197491862615,-25.70490677901553,-21.909764632111,-3.4684776374261332,-2.6896827387847964,-2.4831084036059536,-2.4154091416150862,-2.7425961338410048,-4.058363247210714,-9.15401882485061,-0.10189170648928325,2.9142277685346727,12.126400673678688,-9.833361484713876,-26.004438832488134,-33.97297150525375,-43.36874232552634,-21.729111483907104,-16.626613702222215,-17.80093899935315,-18.905293782546792,-18.96840836436293,4.980805619322297,4.96047988430341
2023-02-19,4.967755289218545,4.890849998611074,4.654386613008214,-5.4720658150202155,-2.3917862377274304,-2.8965593895840698,-20.995595612398844,0.5581749898639998,60.634143253993585,33.76331841518672,4.129982671658013,27.65297058105493,7.981961648072826,10.269950035608048,20.208225856501798,29.984490242178403,22.052319785670207,12.811533998482275,12.555044541469059,31.54044831382341,53.727506675170204,41.62458752423142,22.069009033483674,20.98280229893573
2023-02-20,20.967974381360726,20.567185637266775,18.82988484127226,17.208665997155308,23.790567215187075,23.41863115271395,29.10116165806634,52.60030422622081,57.808295423339786,44.984991590234515,45.58493773001319,52.26213757286229,47.653410892311285,39.846052205138996,40.43021280147832,56.925858746960834,75.14229782627923,35.77082823369366,7.585573300080142,4.440217834903422,1.6207247565507998,-2.2079938682592797,-12.03553172155253,-16.489492578016154
2023-02-21,-18.829156442616267,-20.424752043271198,-19.19833993968237,-19.036219465465905,-23.861583238740508,-38.36687721509975,-33.26773503538104,-23.876738554569812,-19.807615349326653,-16.82737567265886,-11.252909527113957,-5.243117019694921,-1.176585010119311,-1.5948848119208776,-1.6764749928464369,-0.46467084868626785,-1.6651047502470249,-7.559279797581013,-6.749265639887,-7.058552549642513,-4.964474241639124,-3.284057910061563,-7.013182508953605,-9.10417371669061
2023-02-22,-8.436714272973177,-14.787557677533698,-20.016833307431227,-18.49703648750426,-22.47615953444975,-22.87344619752662,-27.05371434345608,-24.959656189526328,-21.21224580902748,-17.787125772140683,-12.50844201332518,-13.388525403557793,-13.432112108637085,-11.708879564998483,-11.396632513877762,-8.318853324899237,-8.034930762936938,-4.926338711823007,-2.650253113062888,-1.3823858541848608,-1.1489748590583702,-2.340495216744131,-6.990227924413233,-9.201047462690312
2023-02-23,-11.882260682479725,-17.43369473867064,-18.708653139023596,-23.8849285391034,-25.445959421739033,-22.124196902603103,-17.588193938240664,-12.183763014026539,-3.0793957639647545,-0.37910180746777655,0.21278750875441688,1.6705946007701584,4.585265055637507,9.045385742290136,10.159535792429324,12.974272242740938,15.247054348366248,15.977060310270645,18.004813579529298,21.889278580447353,24.46588457949204,29.554313522521994,33.90669797811387,33.78887074280712
2023-02-24,39.81402052655581,43.75450434485433,33.073112549911144,31.54876880904959,35.5398582506553,38.774331012393844,12.84361917761612,5.990117584526075,0.7268788844307608,-1.4647081992767426,-5.045731223224891,-2.539710865114273,-1.6024926875611811,-0.8533882698552873,-2.2641057473519197,-2.662690217737037,-7.733629476810677,-7.285486542272878,-6.909749343412187,-5.8516105372089555,-6.453566577386908,-7.926857920650008,-4.995680606422923,-4.563681481402369
2023-02-25,-6.3955752205955605,-7.647476128406311,-8.025940197615327,-14.72156478986723,-10.92922842448705,-5.5698413437996095,-6.582317135957794,-6.67571612011848,-11.910340665054534,-17.825099431096916,-19.715978619932926,-16.77544833972638,-17.54085994946996,-17.942289176770515,-16.924923829368424,-11.910256264631286,-15.357839624570701,-30.327581361584876,-28.07676052172775,-22.596408445865848,-18.76947077808765,-18.308950560149924,-20.253710886833986,-30.348344183124937
2023-02-26,-27.72500753959882,-29.149092782175842,-26.10042552088852,-24.536782917305146,-25.79031258714818,-25.918067111083772,-22.388421548329475,-19.529485492935407,-17.35673358033634,-15.955835073574576,-15.16396691123677,-15.18863366562178,-14.657665908016355,-14.904630819562271,-15.082505805938865,-14.867681554160555,-14.447618164159536,-13.791383301742144,-13.12697125846563,-13.892317209350523,-13.487771341172476,-14.214101580493235,-15.669858871345838,-16.629783329621205
2023-02-27,-16.279463739327696,-16.85350701361685,-17.327022602729613,-17.614816092906324,-18.066044604087324,-17.21562384455933,-14.876636757774719,-13.26937673619372,-12.136054283755271,-11.558351973581892,-11.565913044190722,-11.52318709432825,-11.445404442847376,-11.718252110338199,-11.907948885655031,-11.888668113793244,-11.725995476869741,-11.510025743523983,-11.030795483265507,-10.297650278404546,-10.880531626936005,-11.706729258872258,-12.606682238141843,-17.090667450502792
2023-02-28,-17.415771799292315,-17.908904853057606,-18.42635468005585,-18.325869550108393,-17.579442282110193,-16.620939795435675,-14.757362946011312,-13.924502379744865,-13.373440923812382,-12.871182855832956,-12.548225040773929,-12.466301453478678,-12.341396265311516,-12.605980523078728,-12.766338683715475,-12.730097600807625,-12.637841774086326,-12.210621785990469,-11.77747454019783,-11.340303105544962,-11.99266481357779,-12.565694830237447,-13.63448408462989,-16.024144867665882
2023-03-01,-16.256631168466527,-16.585569323672075,-16.69634604265238,-16.358040571853167,-16.450088859878605,-15.02768874339398,-14.286070993269249,-12.43303768865917,-12.629459860923305,-14.7138948299704,-14.650968688016007,-13.676416096090037,-14.210650463890886,-11.797125684084534,-11.60791284938216,-11.730874753415605,-11.618389971191334,-11.267071201771358,-10.666456972783777,-10.616328009851742,-11.3649756377269,-12.301648861397837,-11.541968139197223,-17.6767152279304
2023-03-02,-19.758347780357894,-24.205324436924712,-18.554444279543276,-17.50883148625107,-17.096983222427212,-16.391764143587835,-14.658181269347523,-13.642121024846233,-12.908496575991592,-12.375742914793307,-12.301356593312335,-12.275548262235134,-12.13058926377559,-12.470480618906805,-12.796038937962152,-12.870510849784011,-12.903088423971099,-12.53820875619192,-12.0892583915753,-11.744473839308,-12.310019922651861,-13.009127658084822,-14.084491605737412,-16.61505052600046
2023-03-03,-16.92994116813864,-17.31510900305483,-17.402518196836354,-17.472006516376297,-17.385805839262417,-16.671168177403842,-15.565663277225667,-14.939374953479955,-13.688515930620156,-13.061194902720445,-12.837250513268629,-12.834588178594998,-12.644546478810213,-13.08450287843732,-13.172855207724865,-13.446642982726587,-13.309304942312735,-12.91350374220599,-12.510611053305922,-11.94630259753103,-12.672811726107,-12.543248434190218,-14.604713436094272,-16.13766347973248
2023-03-04,-15.806470589424976,-17.225330700493913,-19.02129662598935,-20.41108129230247,-20.234106511140084,-20.310287733804643,-17.805909160065937,-16.81155169358655,-16.156296539538147,-15.024815053379513,-14.361444451607156,-14.375619290097035,-14.07768846199366,-14.357437663251204,-14.605617938299474,-14.90406198833378,-14.675323957801623,-14.150765963007643,-13.777095710294589,-13.181852257395576,-13.849066401755294,-14.43291217282706,-15.240338181819368,-18.055241667204285
2023-03-05,-18.496421646289747,-17.390238012196022,-18.983697123293467,-18.539193089188615,-19.273841007600453,-20.687518739557873,-23.718548748992788,-23.937195772056697,-20.74264529369779,-15.690884413528096,-14.814263363378956,-14.382514901436934,-14.048756332473033,-14.318807255075285,-14.34500033635672,-14.259112107179561,-12.580974998776355,-12.353356782177741,-12.388181131289457,-11.808746184026006,-12.101152963263075,-13.095300085767747,-13.944273552704772,-15.77984435458501
2023-03-06,-15.792857209941076,-17.728700356012837,-19.486466752394648,-17.845382393282563,-2.2760996744210615,8.545167041651155,9.815652620464164,7.627707182688198,6.159981697051592,4.219664272263799,-2.0053696625105317,0.030085365298077704,1.0546138169165147,2.547870355704333,4.820758691267713,5.703535295390367,1.6055867943237843,-3.3506306416756786,-5.529901386352435,-5.587353304346294,-1.6667559540560433,-0.5969198164761167,-2.416326120895775,-5.343843012823299
2023-03-07,-3.7371915004057996,-3.4586940121763803,-2.2585908276899715,-1.591322455402974,-2.020891427222125,-4.3703449100501075,-5.546770393281065,-7.290429463035821,-7.555998316585772,-7.754863326763882,-4.807696982893674,-4.68473998566958,-5.3240409080353,-6.482030804430934,-7.354333041482704,-8.214902854237152,-9.868613460023909,-11.336879258549743,-11.282276400753858,-11.674867992764348,-13.829845657508088,-16.14268009916111,-18.535648787120635,-22.173895932482537
2023-03-08,-21.959952060998205,-22.186425450252386,-22.177086732906446,-21.320235993332176,-16.630018095340915,-10.93610325777334,-9.58543137310511,-12.657120922371405,-12.964611293866938,-12.514853794873972,-12.221816212900194,-12.050294585736111,-11.752034461390565,-12.12282829781239,-12.324581721764957,-11.561495997968876,-8.732036830003011,-11.4481790656246,-11.498489580051114,-11.064364610451577,-11.188076632485348,-12.598950902183304,-14.190668952147064,-17.20348720797105
2023-03-09,-17.16833762170984,-17.562922149668537,-17.949452769236075,-18.27267356081643,-18.548773990236782,-18.449508653118812,-15.768572276778002,-12.207442771963855,-12.766847430402436,-12.35461250717529,-12.08857085189888,-11.171828797567287,-11.081548998372199,-10.800082648602341,-3.3103530220508617,-0.7361397369129747,0.12047853501937311,1.311615590940903,2.8543591359435254,1.1744474501108186,0.4674051678698561,-4.6862213100944246,1.9124560417124883,-0.6993721944849085
2023-03-10,-1.9573349754136586,-2.6165096805172254,-3.2694924042457956,-3.7729529073144477,-2.936023793266692,-1.8849722086092413,1.4109658615595606,16.941560315525038,19.886235134256466,-7.9733634328266305,-15.300654069976957,-14.990649776800439,-15.051809371128115,-14.301383110803386,-13.438583290066106,-19.59843376480501,-10.949046796458191,-14.143275415379605,-14.087680153673261,-14.891162034616514,-13.872594577992203,-12.245896664551225,-12.53498417710881,-17.218650221636466
2023-03-11,-17.401739546931083,-17.894591075586817,-17.921634367681293,-18.33985212803583,-19.003365580385406,-19.11889543290451,-18.136817339934595,-16.84049063272397,-15.255767372728542,-14.313155710531447,-13.973424755558682,-13.83843568942666,-13.801053499368777,-14.441161826739886,-14.666056442249953,-14.61384330703197,-13.00119539480653,-12.375740903264642,-13.074318650578135,-30.85100061894113,-23.607484023624835,-24.218309398199366,-24.451196458084937,-1.5114341341330686
2023-03-12,2.9768123729983955,2.1437165352797294,2.6428724756314494,2.6598526103617885,3.6129579923365966,3.2404676427744974,2.736406789929031,2.170449124610844,1.3395741186798986,0.6200467758610486,0.9230324784473325,5.992446402299478,7.810833221032787,6.7000835855173975,7.169522400603228,6.278488536303264,6.070956277568911,5.884892143100473,5.87175091205858,6.184023753801874,3.7689451987036264,-1.3510575637636606,-2.298395976280368,-2.795333203418359
2023-03-13,-2.2665635679289764,-2.4965265594217314,1.0641257189207067,1.0232294532478292,3.8766137713889215,3.7440990818209805,2.290548849650051,19.040623939677793,18.8777132290831,22.40193075617057,21.708671258685918,20.286349322397086,10.970498467717192,7.9137746854356905,6.933613408615123,6.7658380577039665,16.60749320694549,19.835730160450233,19.447516042220663,20.008127219156762,21.262292993342683,8.0317047566934,-1.0518748007535095,0.18086362464217132
2023-03-14,0.025276087626217247,-0.06806380966207115,-0.0409819480140996,1.2868874721157297,2.8507969483827225,2.6803539358857478,19.02865961826562,36.718456237626484,43.26403519873587,11.375392386771964,27.060514674145125,25.084110581988114,22.89346919080984,-3.1089649381459594,-9.67048715519185,-6.21401390562248,-3.6903071448947173,-4.631314645894406,1.299127262951714,1.695813759526942,2.4638426128179844,2.8446323353235528,3.2915721438110097,3.4040764246353206
2023-03-15,5.022086566130042,5.428655566558035,3.6475588285962033,2.2209335209310552,-0.09645030975809732,-4.831166999852854,-6.57212590664443,-11.91367042005976,-16.13841763276372,-15.949096826008656,-15.723170310495021,-15.539418308189596,-15.43675552442403,-15.864919216830941,-16.027829930359502,-13.86446266332564,-11.656423224977146,-11.388176728201387,-12.073905304032536,-31.342222944486565,-30.51895130634358,-32.40652693579261,-21.306007416947665,-0.23032774933458455
2023-03-16,0.1806398186098903,-0.08478115383639562,-0.6700109297270416,-1.1462170207132658,-1.4227472321161088,-1.620943472000846,-12.752705706828515,4.112202794016952,8.434412472924954,18.799924806053077,20.549168861681856,-10.572912110988511,-2.9402879616248896,2.7468543203320053,3.5862755078270965,3.4953071094174817,-4.7293847189248766,-32.299073080377156,-46.4579087089588,-31.477235318062583,-11.429270859135556,-3.119576744199051,-3.0024186007330727,-5.811268724144796
2023-03-17,-5.2013044394764165,-4.093440325184666,-3.7308831848879223,-3.4055746722651676,-4.246245131106676,-19.588780262126505,-0.3629540299230456,17.916606858030804,15.160681903308074,14.256641370954384,-15.678378833275332,-16.80877129698095,-16.693578465378522,-13.890991103891196,-13.041434850739392,-13.381953187061868,-13.329547858632822,-12.910734160854133,-12.544534060546653,-11.445372430636894,-11.857946224676652,-12.72639797738509,-13.790240175634523,-15.16167317558751
2023-03-18,-15.259435523844047,-15.677461090205071,-16.321905903776667,-15.26552194522398,-18.129389077935826,-23.568927577394447,-20.160568118369753,-17.65628464365912,-14.701630124884133,-12.30673488243795,-8.642596489938285,-9.89774985803416,-9.97841334735898,-8.381804290622455,-7.074448449912637,-8.557962521589872,-8.864254229151612,-9.496997250672933,-10.272109102493829,-12.103754837911737,-15.60122607548871,-17.475968255220266,-17.353856137691665,-1.06115561236561
2023-03-19,-0.896122921870429,-0.3839325263956397,0.46006171887611913,0.4622713444612714,-1.0881870747889195,0.5706554858066966,-0.17990680370678547,-8.550986460691803,16.783472293630766,-18.456455746353072,-16.736085206717604,-16.70573032965305,-15.93170139375357,-16.36046019151263,-16.684125045626473,-16.56359242948679,-15.177042634841854,-12.160553781374631,-11.852339824329647,-11.886701374978855,-12.523899597262442,-13.568760468639113,-15.041613425998548,-16.353124087928137
2023-03-20,-16.382488235306084,-16.70176732528546,-16.841590066483576,-16.966048626425362,-17.647588360321834,-16.382490551877964,-14.189591790795049,-12.273376970369242,-9.148347164175675,-8.670106853508656,-8.311128410086326,-8.32379114273553,-9.167038233022481,-11.216446200140297,-9.514235483433907,-14.321703479864226,-12.607561330874773,-11.099183432226766,-8.845091604733284,-8.561833029274283,-4.948735370995024,-18.27934433665888,-45.13079456785904,8.206963954314787
2023-03-21,-1.2474686956313121,-0.8280321111738971,-0.6558666297599629,-1.1050226347462058,-1.266692879247799,2.2942908346477324,3.0248530429397675,2.6517620564816227,24.66783141231153,-13.493637697711193,-42.98575801155478,-34.53669967316424,-32.77123268645706,-23.878089055453195,-13.191584168838943,-15.22659841094115,-17.036696843020025,-7.423749889166132,-15.809821221900364,0.8499898943028796,2.2260577641115873,15.613142448814592,24.568666586326344,27.244170856471214
2023-03-22,26.680671768173504,26.46303564334685,25.958298840285043,27.667908574289036,28.004881916615453,28.565994624711635,27.89977186856987,34.202390967532935,31.9546229311005,30.02036604239641,31.5761616648903,29.21394551897793,22.26563489472493,20.07280169622507,20.288260914042862,19.808794567790127,20.82492857362217,29.14977697418509,31.686232529602556,38.050254872414584,28.80340276052204,18.06185618948178,18.30407581045198,23.520734818114708
2023-03-23,22.681868648084272,22.941401574553545,23.04818893778293,24.21605180877392,24.939317347661852,24.78672184462266,23.716704533581485,5.1211189620248945,4.221739470172857,-0.26544295804760765,0.28416357510986145,0.22061476809781766,-0.3122186451463804,-0.3292401975504404,0.04258466110883319,-0.9920151299786184,1.5227227277497732,4.436058152363358,2.348785783088516,-6.449881230171776,-0.46051194787297334,3.9513147643845983,9.096877306567642,10.332582654110052
2023-03-24,10.072426197983773,10.139940128535002,10.651562536902926,11.368416251891125,15.467176023421345,16.123053577648843,15.839167903517442,2.5003490550321175,-1.67824363255788,4.8384897300870975,-0.9047198941042964,-0.9761701328052084,-1.2589405380992034,-5.470831720554514,-5.975895492285602,-5.294984762786314,-4.483781709824825,-2.656064556754856,-1.0720674511522148,-1.0948200402354473,-1.2705572934122813,-1.6590953527596,-1.00803760449309,0.8930637448375904
2023-03-25,1.0391579009926843,1.2028138716705499,2.6655516646489588,0.4252478471605876,0.19362971425530873,0.5251929384964775,-0.3333028111385765,0.3549194414814991,-1.3724571558190668,-1.0522584872073608,-0.44733426055030634,-2.0837899070196713,0.08590373696296894,0.3035393616378741,-0.7461008608853561,-15.487452216292155,11.319122200547085,28.24596215993182,29.144785000693332,20.80330520774848,20.48289749521976,21.14555586611101,22.88123624085395,-20.648062732784837
2023-03-26,-21.09289149785394,-21.85820377696396,-22.762812522471037,-17.301492006657497,-16.462798799589564,-13.22966946001388,-13.520932849220827,-12.845295665262526,-10.561003624254454,-9.933514630931015,-13.773889432614595,-14.223963664714148,-12.673497951246532,-11.017123092765019,-10.260618421617338,-10.07568177142835,-10.366303603470612,-6.5725811286278315,-5.793249960925209,-6.542830963325315,-7.314046995440918,-7.377862702588743,-7.2039540876934325,-7.760294954467426
2023-03-27,-7.790978886862817,-9.428497318406727,-10.488614076956026,-10.429196061053503,-11.060778979182913,-11.863472100501639,-11.858336386064622,-12.970488219493433,-13.405209428485705,-13.440793100728001,-13.643813567882347,-13.942778044626294,-14.012668887323258,-14.591567265797153,-12.868025507891758,-11.460090387595073,-11.268131433354142,-11.386474734068429,-11.235055179062215,-11.4779802346211,-12.192478980914132,-15.338432552442157,-15.328139684811902,-15.836057989243045
2023-03-28,-16.029473872718683,-17.773783292724232,-16.05086854417742,-15.844962030969882,-15.15602704585686,-12.950710015605523,-11.712188568480911,-11.863376368999837,-11.974448643016757,-7.814913154870908,-7.862738313131928,-5.364734482981049,-8.763708535217205,-7.780459457411638,-12.145443839700718,-17.80906161469956,-23.843800624431054,-21.732267309253274,-19.468217009329948,-20.450487212333456,-14.745622289470163,-20.398356040759722,-24.358727292949936,-19.335228707323395
2023-03-29,-23.734468076676364,-18.381996957702867,-23.2341198179014,-18.37125898805158,-16.060211141903068,-12.326886041511983,-15.721650724439314,-12.774410570208943,-5.237790183788121,-20.064704256897244,-22.414204488691382,-15.96898901842205,-16.976648113699326,-6.719482766312723,10.080190219531005,14.677813847928626,5.0997973449949825,18.969504078217767,16.43231373221292,14.245316504389464,18.360128192012766,-2.5028783447060974,-5.217365118194728,-5.429538043782685
2023-03-30,-3.6349728706761084,-4.056737295742373,-3.636031128302456,-3.523668169201379,-3.987183503440342,-1.4544314966265333,22.18521512237392,-4.331045626882414,-24.822407345238204,-11.177316827821329,-23.277367310469458,-23.94738195326036,-24.28544962813278,-11.667461987440873,-10.034518847598761,-18.64569567744757,-49.30591246968884,-46.48080906866171,-29.81063891271451,-22.09954107138455,-20.73597880079879,-21.961778293403313,-2.5147724030609027,-3.9096926859850853
2023-03-31,-3.3482917288965695,-3.507599030959881,-3.3878349818610047,-2.9799142396473357,-3.6765065225688858,-10.205832859536642,30.07185072381897,25.86501986912714,3.6748614408683125,-0.37991032768636046,-7.1559062204303245,-16.59165704419965,-17.60815468442911,-15.327481050078546,-16.890719260013157,-16.79065501077548,-15.717031536707026,-16.552908503608165,-10.450269056375902,-9.572220962335365,-11.992562642680113,-17.830522850368908,-18.662323112389316,-2.8261905541518075
2023-04-01,-2.793861773879712,-16.897077646625583,-2.5871999487953516,-2.04806268864953,-1.3039561333396321,-18.251686502265855,1.2547933886047815,-45.066545586609536,-32.31326611621634,-14.565602395219372,-15.389949097850405,-15.98657183076267,-16.047001893076896,-16.700839766467794,-16.775088982223465,-13.161048284009752,-12.432531838855994,-12.384011070325641,-12.27884565637919,-12.777240444744336,-13.588119592866036,-15.135430322360605,-16.201164320347857,-17.5891887355409
2023-04-02,-17.179884110235008,-17.705842431679855,-18.442899860222994,-18.51647209061794,-18.279811003361104,-18.02833971710544,-15.868704826860323,-14.705572211872692,-13.624190404386326,-13.037500070665487,-12.649667193337848,-12.45161360332969,-12.044903723805817,-12.178742057185872,-9.996677646986456,-9.935140598075947,-9.863146988088744,-10.05973485066437,-9.937091127655947,-10.120791319023738,-12.533104225811712,-15.2463620940988,-18.954886083777836,-16.68945510772815
2023-04-03,-15.278927460274048,-15.637925699821466,-15.597502447551108,-11.823685005049185,-13.288456043449827,-10.907611549798247,-8.888580394308747,-10.158097038053626,-10.45256960252894,-11.242501119507807,-12.349644676091032,-12.789072815161944,-8.415902256453961,-6.654331022461065,0.9218877676042609,2.5640029770793547,-1.8825248221286017,-2.6472933642870373,-1.937759796842414,-1.9324060794567401,-1.9645632117414777,-2.735752304507969,-5.362773225844592,-6.761189246049412
2023-04-04,-8.099205255599315,-10.65985994455366,-10.731367026543467,-9.65632204727379,-8.313897111593178,-6.530661124547862,-8.210811841981467,-7.943921382050746,-9.506448540381655,-7.87590022157039,-11.208682347313015,-10.41214275297105,-23.931753288837598,-29.39384970300503,-26.475547755501708,-8.522725596447316,4.245296663909016,3.1762618868697245,-5.279796483038552,8.732598432962789,10.949472847723797,13.562106921655214,21.114808790389816,20.07843037331591
2023-04-05,17.919972546443688,19.840974431689517,20.32988967946315,18.804918176245735,18.215766979576955,14.454858108240558,8.876044611357685,3.652152207227658,0.330772349426411,-0.8918776727911109,-1.5453868351931135,-1.2854366931637742,-6.485565267497066,-12.428848025362612,-19.655433515112605,-19.253755402613365,-13.491957365904625,-14.449210745784711,-14.324326758191745,-15.206406873200734,-16.555403688887793,-18.20228307038829,-20.05908344780991,-18.086853529857905
2023-04-06,-15.984003584148326,-15.810903470844607,-13.63743760297237,-15.093188513775743,-14.526294462520326,-13.398261454530001,-12.309478964895504,-10.761794509423737,-10.532468934453107,-12.699110044433041,-12.131326958789629,-5.936949470068839,0.3008790382514803,13.747554616019627,22.743838072625863,21.07552413416323,17.106834582665186,11.025681781862147,2.009525499207996,-4.139374721113342,-6.604021156070701,-10.83564743066296,-13.20541497170774,-16.887881633557583
2023-04-07,-28.84338131561708,-22.25070963358388,-17.43020986852315,-21.173396170907836,-22.027266155173322,-20.630935391208254,-18.787947471644003,-17.24461904909063,-16.721707669712742,-16.064187041750046,-12.782619716233143,-12.573874101857797,-12.59955946350658,-8.205935424471335,-9.531537189627755,-13.422878338874085,-11.03972054341125,-10.678053701923233,-10.822624173957877,-12.415560264789917,-13.466462534530649,-13.232706026885182,-15.033813186340524,-15.266364014502926
2023-04-08,-12.725945186837777,-14.43993309240986,-16.273624043268,-17.731064226568094,-19.47387452823162,-18.179755332840642,-15.14966307192418,-13.849414626069404,-12.161804418338619,-1.2991815370473603,0.6022928851130303,5.5493328005759395,11.457396311191928,12.706508117811978,7.1608884903966725,0.6252102672192166,-0.44263137659280005,-1.2259749457991234,-1.803932235863499,-0.9620882676680651,-1.8867810980248407,-3.4967279389005625,-5.259285105332708,-5.270563745780436
2023-04-09,-5.007825091311531,0.5260936581722149,9.963705703685093,9.928117073516802,9.488365275479026,-1.9380409464412196,-1.9631671245323332,-2.439050215812898,-5.010126039098594,1.3807226837781599,8.997563222682857,23.130659840124252,34.10271744595553,38.98839137792676,25.580206952986977,37.13341792717748,46.196910034732255,59.82129775296661,27.67626897179123,32.80328297028071,51.35935273569234,44.783010646644854,48.83108240458698,31.47514852643735
2023-04-10,24.822596357247463,24.144998607043018,23.95326177153723,24.271912890435168,24.409923292827187,24.41671965243718,20.8403499341636,16.456828396350456,21.144513580630573,22.54969683992437,21.42191885983298,-0.6485433682873776,8.723189182392286,13.02322706407394,16.85314271139955,17.891102706803796,13.413084393261137,12.703706994374809,-0.8452389018028441,3.103757612998905,11.185202285075356,16.51947849590297,25.042135038107933,25.132663463311772
2023-04-11,24.83957878139051,24.846483505155454,25.28522753883439,25.508767311890608,26.177961997087515,7.145827594029807,3.1806673331625746,17.396375266191036,27.53186309910972,14.799934736743225,18.381779577286864,10.877647601309945,15.898196781851652,-6.2373273866679,-12.195679534737678,-14.172418381336001,-15.193164190838118,-5.637584134276523,-15.283725624618597,-0.16642101784441365,14.447265293386657,16.4936623366153,11.156806477244928,7.80736118061915
2023-04-12,27.654977895735122,27.46928325788076,17.664785859254202,7.061557781546387,17.848690679148334,17.21309036375439,15.00516503055092,15.229515980846791,43.535132809371746,33.26312354191966,20.88266705282684,13.732330608119291,10.053781374169311,12.485217492978464,8.039903986893698,17.39562264792704,28.043935696364606,33.076344718984785,37.954718396948294,25.04632648553583,28.04341738519689,15.194976832095684,1.0783960745756573,0.9267752307427344
2023-04-13,1.1407583301632798,1.0983531243976614,0.9626324421587782,0.8146460015687254,0.8424033383193432,1.146166522899442,-1.598231006842795,4.84029288863519,6.928417627877366,-13.941905844787414,-15.332252676188475,-19.633418337210642,-19.32261556822867,-18.39583985751986,-17.116992563949125,-20.228179087566886,-15.718404327978192,-14.633572362059141,-15.119756166668537,-15.324522123255264,-16.48589970478355,-14.312727122306882,-14.279603413613387,-14.756009435900125
2023-04-14,-14.890396702502159,-15.426139987621383,-15.97933993917971,-15.681699545164008,-14.500209675168435,-13.377482141371445,-12.418658345199162,-11.749502683822982,-11.25034719360275,-11.021638054470316,-11.007526612261671,-10.777618201378402,-10.85377418985098,-11.385794404048397,-11.709463949747033,-11.59294211821566,-11.452621213486424,-11.637659635923853,-11.712681868060173,-12.27817414764661,-13.063572761946489,-13.673663586860869,-15.363427666955914,-16.52778427841986
2023-04-15,-16.138666093314754,-16.677360163474646,-16.998059107836156,-17.525970342834967,-17.382165317639362,-16.302773840052453,-14.402648214189725,-13.393700467838698,-12.70147785312136,-12.198610078909638,-12.137053814938838,-10.46836144260243,-9.603638566493942,-9.61869149248028,-9.68363189827383,-5.3994366291665585,-12.50533937534965,-18.454250855057296,-15.792600579015357,-15.20580953640956,-12.332484897700681,-6.064050076430789,-14.716247176310446,-28.290729502823666
2023-04-16,-6.5213672105550415,8.1444640556644,3.8854958862826265,-2.617109243429894,-6.050406513437025,-10.846601398449707,-11.996721535537233,-19.39072323683982,-19.696375905287795,-17.292789924938262,-16.39076505415781,-15.18126312041224,-14.561038625105823,-15.577724510297003,-16.762730970391033,-16.315017892054584,-15.994863586773647,-16.233359139004335,-12.762333800302372,-13.087394524913236,-13.980340262109365,-15.18683256805781,-16.03580511758372,-11.935873946919713
2023-04-17,-5.55625359536981,0.8388028763911848,-0.6986473387196384,-7.167993982674886,-13.024647050543194,-12.054584709416531,-10.670868097257483,-11.082519997633085,-11.590434499966989,-15.348182793058584,-16.211712922024645,-14.277941720032004,-10.069312310904678,-4.994939230830596,-4.941306259644364,-9.16718369694496,-9.482678799265415,-8.12339279971303,-8.525296457421632,-8.816538326589125,-9.27906005994592,-10.209157987482229,-11.465031755855165,-11.382597946721745
2023-04-18,-9.876735103018575,-10.504819173530223,-9.427291980296872,-6.959282482530796,-12.291394240966156,-13.371882153400179,-11.760184455500564,-10.71769564028105,-10.175473471324807,-10.377266935984608,-8.596300702448303,-7.751669062890713,-10.497223073578155,-11.688183497654734,-8.979706889453425,-12.730067554270008,-12.301875487691944,-11.311686560496568,-8.922489456872512,-9.403798706464755,-11.396357777874513,-22.162165152667143,-2.6484548357476996,-2.8146850534506243
2023-04-19,-2.958529664231264,-3.193397333603613,-3.3611034848433405,-3.5132237027615645,-17.969783874553237,0.9594218640421133,-16.375259985983092,-46.546361004202964,-29.13584827907283,-18.261190341056007,-10.620615743855694,-1.1581604049256597,5.197482163944116,8.540029943138869,9.705970071420197,7.9234053132502495,-4.796258370861224,-4.407888793580952,-34.31553080559098,-22.392838738693683,-22.519096350963252,-22.043810732622994,-1.1826807975057037,-1.1489650216574958
2023-04-20,-1.2154760215936875,-1.2283201028039272,-1.289556603013736,-1.2465532678936029,1.6889819956055305,19.188917517176108,-27.704584802446732,-20.242529698169818,-19.971607845432032,-20.488873728918847,-20.474475464254,-15.246285086961933,-12.756568360798283,-19.08016994436042,-20.179913696673587,-21.67923638602221,-14.577093152057799,-11.757958451720242,-12.007026094588383,-13.454485827745557,-13.653535262892646,-22.89410608595699,-19.614840704561388,-16.7970614942122
2023-04-21,-21.496154629393843,-28.658759239327125,-31.28191808079856,-29.05496026399014,-32.16000638844936,-45.71581394701808,-37.5182505358207,-32.290345196412105,-30.455069573044653,-4.835960246609929,-7.472095702592441,-4.1532051658966225,-0.7338281978058063,5.464096504204193,2.5690854945266324,-0.9204261290999511,1.4596802824340784,-2.1095745945189606,-2.896107803013308,-1.355305566792623,-1.8879886766636957,-2.7146769613272,-7.507523439751253,-15.791102320819917
2023-04-22,-13.903050899860574,-9.951928119035102,-0.21733365254138448,-4.589339340035508,-6.378976433872964,-9.324993134003506,1.1041592559818412,-0.1079203505440205,-2.426601764315137,-0.7090316704332054,-0.6437542630706616,2.425657367354404,-1.5501946255969017,-11.953354082665683,-17.30247523525634,-19.363785323902277,-23.251412901977773,-18.984338669253617,-9.565364974060998,-7.793213923232969,-10.441194868555215,-11.782819523006367,-8.201638625531047,-6.747118768628582
2023-04-23,-16.827484275551583,-10.31023016501183,-12.434567934992259,-3.5273035272616795,-1.8609570072025434,0.6811989902191868,6.606453344572543,4.773624068578641,6.223050165017895,6.48715635069189,4.835861868768205,3.0521012943655705,3.6448055954368215,2.8187206486672096,-0.5248013696900387,0.9208053259962696,8.26085377468948,7.154116181589217,10.784111563593854,14.094193165771657,16.567145272821648,22.67442908291997,-0.7212027766790214,-1.035061882989531
2023-04-24,-1.1618345980753944,-1.0848002358518087,-0.1224715631443587,0.2781115381596493,5.3933627336645245,20.29345713199286,40.86283808461398,37.24926130450454,12.912248399090075,-6.764843300321175,-6.601848627265184,-8.26188029879657,-6.231379021582484,-4.827792644522617,-4.5020120498476786,-4.333309744695612,0.2433795888010195,-0.00792410572347535,-0.5430254544388617,-2.457134515401691,-3.5671179959409187,-4.403953834892661,-2.4298433938191693,-0.49288510068555524
2023-04-25,-5.251414139560666,-7.3975707544800855,-8.208635118404942,-2.434678584529678,-8.310561315311901,-9.062957095892898,-8.484959987061615,-7.776624920897802,-8.13898264468736,-9.338737382721831,-7.751486845531986,-7.811658959478336,-8.602053368655305,-10.153945457662445,-11.70938909694371,-12.257169177815399,-12.615259324123997,-13.577775017208097,-14.964572754499983,-17.39241089888384,-18.644787547247915,-20.65850368879586,-22.555054042527274,-23.838651468181922
2023-04-26,-23.442235175262454,-23.73440203046613,-18.628938907308964,-18.666749807349106,-18.342931935336253,-17.165216731279884,-14.446589134649173,-13.514403125627325,-13.097207693033454,-12.926971686399298,-13.107465302527288,-13.117026529084882,-13.216525802795275,-13.748154216190215,-13.915216020180651,-13.60233749974779,-13.384869472895247,-13.649523540207724,-13.829184065804554,-14.305314781875893,-15.099369331638655,-16.415749346735282,-12.465824146492906,-6.447423702833163
2023-04-27,1.7387445189019388,2.5971871793320247,2.6034658962922776,-2.2001267848205828,-8.029228851076311,-13.23687858233248,-12.216922346419352,-11.182918047396754,-10.566911750063241,-11.890711946539767,-9.477460962630374,-6.576684464445748,2.3518486489409725,1.6980101630104372,7.3298709150436,3.9570555381217503,-4.379917724254483,-6.058829661386454,-8.01144482040553,-7.177406702823816,-4.160869919583689,4.9714343804457,9.869860713827919,9.553971214096492
2023-04-28,-0.708334109342843,-10.154514690800696,-5.276225413894821,0.20417087554567104,4.039624199383482,-0.45996903430238945,-3.4415851278695584,-4.1976444560570485,-3.7978609570284902,-7.805294494870736,-10.692537761069701,-6.741856480921456,-1.9154073089345047,0.35715996594254307,1.1803534823328334,1.4169299219820743,-1.5974509019902428,-3.9628966066885027,-8.464769733133778,-12.830967767300336,-12.703847590797437,-7.841134912686584,-13.63338876412692,-19.6140867149131
2023-04-29,-19.776917218746036,-18.632197452297873,-17.673527131822254,-18.01725496446693,-19.035057128594417,-20.293935542757282,-18.265009064068636,-16.68698940225744,-15.53349480703534,-15.03853720984526,-15.015531167556844,-14.851297347650672,-14.944113380305794,-15.513362840955722,-16.036757412728292,-16.09343868220941,-15.7247460222585,-15.901715802474286,-16.121641284172,-16.53667998413755,-16.943206171725762,-18.114979091921725,-20.022203446357423,-21.529354283672603
2023-04-30,-21.326695171563244,-20.965032793746047,-14.14622243760823,-12.415464963035646,-15.01804670925874,-9.486310620482556,-14.121111073988459,-15.526731305766361,-15.019984719720952,-14.533979915947299,-17.441608459260294,-17.229070051270753,-16.76805779263742,-14.099982965846294,-15.061888690785366,-12.12540954898654,-12.05824529436211,-12.32899979461061,-12.665395601446761,-13.092069087148644,-12.87831321315781,-9.033314320929719,-19.139406706567897,-32.09334993159176
2023-05-01,-18.549933205162972,-11.974828944836474,-11.003264972716565,-9.727689543960352,-5.946727008726825,-8.931752314423164,-9.056904446798569,-13.332642140392096,-11.864954102785049,-7.838324537243466,-9.819572229968117,-10.194302709170273,-10.32038911800609,-11.824991908822938,-14.31654176582785,-10.04166033715822,-9.426098911402732,-13.807360490986042,-14.824888302819204,-15.913009634020966,-16.222075921778043,-13.234004639073731,-17.58153018901851,-16.955419132475555
2023-05-02,-14.539993192811721,-10.318430540962368,-10.419389381987571,-12.803185511087463,-17.69685890765794,-18.27158097075204,-15.7589810471448,-14.460339931209319,-13.982420785965587,-13.721807864038027,-13.54290339369905,-13.677518007477346,-13.811671038929006,-14.196700046880352,-13.035887668913517,-13.303321955172407,-14.091001883021278,-14.346239777929725,-14.602246794075569,-15.104126438821027,-15.652121530909255,-11.886648263725249,-6.456298367669774,-0.44500227107889145
2023-05-03,-3.120519552449281,-0.15637720381641884,0.18918942902450908,0.14916665125485906,0.04984852538731843,-2.550710359263263,-7.0062693615245735,-11.436146745977595,-7.271252989623974,-5.335772439642,-6.920974071248224,-7.491780590222703,-1.360539712120925,2.8067344664143263,2.5404127560734935,-0.758000171543614,-1.173970817905996,-3.51897655810086,-0.9430109977681695,-0.04002123009499314,-2.274163586897089,0.14181958629112046,0.38224145912302987,0.31002882988384783
2023-05-04,-0.09028218416914768,0.07658609376634473,0.2549662192390585,-0.3929646856951621,2.8882729467509805,8.464526544997497,12.129579324480744,19.531484426664917,19.996528656162404,14.675263787960255,15.436878672059038,15.55997896258937,16.41085528814059,8.591942283670619,10.442866437263575,17.65414958505657,40.881693095466105,49.9617450540361,51.32175492357165,66.28562800118982,62.58938401890026,33.5561839989608,24.323127165525932,22.47101764285876
2023-05-05,22.35135842500462,21.400569234677093,21.60425166010714,24.153696222042022,45.32523370170502,82.03287709226112,76.14198571724411,43.088904417955746,41.24063846585156,34.86891132834455,8.755844701142735,5.394142230678966,4.651799998070288,-2.663601925745894,-8.971264870496753,-11.459394611789293,-12.897614378290484,-10.86257437431189,-10.45095506187792,-10.826196308761013,-11.79907114414496,-8.343311376083307,-9.185926748286022,-12.44941899803888
2023-05-06,-16.074226667649356,-20.859130693369394,-24.734092836354108,-26.128079333751998,-27.44368670544273,-26.628805741883014,-23.7074442172578,-20.272336273449866,-16.309795227057947,-11.133709299729304,-8.447876985971703,-6.918761128939025,-6.256140885793087,-5.720739153942503,-5.098395092180169,-3.978426676346203,-4.032548957321296,-4.221483542370038,-3.9412903917510675,-4.856928257683478,-5.763231701586307,-6.416442056527018,-9.155988020958688,-10.946736953101876
2023-05-07,-13.080574221268776,-15.094039481207332,-16.477030766259873,-17.81902107130341,-19.25007918658099,-20.069622607411617,-19.626297840130178,-17.0920814129299,-14.845512032040943,-12.472523708636515,-11.968771521645834,-10.126535359498632,-8.975452835113742,-8.467150549939873,-7.488436902643997,-6.473897272122713,-6.879292723820157,-6.882773460452,-6.844766147180366,-4.7014621504403635,-6.101812493594025,-3.4322950531829974,-6.016188175877488,-1.3399241964121842
2023-05-08,3.2163351523891066,13.058442787824518,31.20654827888606,34.09321928847049,39.89617188100471,33.94494272460173,25.30615365802467,15.92646854732375,10.890403931319554,4.89070816531634,-5.8003998100061835,-7.954413799364204,-7.681551476713381,-18.907780944783624,-26.745070537828028,-20.890624230795737,-17.286476458557104,-18.776481628176157,-19.1839235781935,-20.00958720783801,-20.783827428663358,-22.91542297802407,-26.63372418110815,-26.619421947839022
2023-05-09,-23.60606368447651,-22.531546359567457,-19.141415186917996,-23.249403600657587,-22.619378438076183,-18.89843421905249,-15.616044730276002,-14.623847234041762,-14.091836748446866,-13.909356778934296,-14.174903602402964,-13.764311753432281,-13.753128622226825,-14.331474077898775,-14.582553907521117,-14.520464589976996,-14.403617054204119,-14.509423543873197,-14.484029082807695,-15.36853495623447,-15.961235059499813,-17.585918613357705,-19.442092898508918,-20.298064438197116
2023-05-10,-19.936086492026817,-20.684921036035064,-21.198974969101727,-21.910305142290895,-20.7679898365825,-17.7129096317654,-15.402213530121287,-14.484416129192368,-14.028686382317602,-13.948078494477727,-13.817346086092527,-13.771764045589464,-13.85212327779712,-11.982728255053814,-9.384776904108747,-11.797931885574997,-12.62169214333045,-13.178331630583017,-13.93017362623263,-16.465254546561795,-17.950481635286764,-20.692070747538423,-19.28895002716291,-19.987483750784094
2023-05-11,-19.153339616814492,-19.714630304037456,-20.074214734582085,-20.119330445751473,-20.397607784620277,-18.086610570643757,-15.978795972816044,-14.964579457050718,-14.55214847467687,-14.41086359339377,-14.326812800034531,-14.050743412157715,-13.827123351623214,-14.486951113115879,-14.746547134633488,-14.397112122191487,-14.501915162805403,-14.79946428232455,-14.872617730978163,-15.716494343002182,-16.17095278683513,-17.535057550169284,-19.394315191211263,-21.184283799531954
2023-05-12,-21.477971157126518,-19.103961882207756,-15.171977540278107,-20.086538696219833,-20.06032163138127,-18.35769820410505,-15.889035269403308,-15.43863009917655,-15.917101471693144,-15.627814226271454,-17.292031016062253,-24.94570413906888,-22.69603087837305,-16.970599184889082,-16.01042887499341,-26.20380555605395,-23.306305160563355,-24.732427239355985,-22.63564682801794,-16.960467652669138,-17.45249052344903,-18.247154711769497,-19.932196705902385,-21.16915371606271
2023-05-13,-22.256355783246136,-23.046637761640596,-23.70915430508809,-22.95157941127772,-23.525226659478278,-21.999644167636802,-19.433618802296706,-17.781486989071084,-16.490978852503105,-16.000141920735587,-15.762183454575933,-15.618499467971048,-15.756770152092685,-16.229791629628863,-16.666605590812537,-16.438483745009194,-16.038259071332845,-16.060875553501518,-16.566456133307383,-17.184479953242118,-17.78746712534206,-18.744242636736516,-20.109757934830952,-21.797609502848303
2023-05-14,-22.293215047187346,-23.460268830350913,-22.49745310935154,-21.67971806734721,-22.081831704018555,-21.53121172752489,-20.30303331992195,-19.272184871000917,-19.329326838947594,-19.361399721618398,-17.292880644729394,-17.42363467458918,-15.730453352162385,-15.744976104321893,-16.08968633465284,-17.551979805154645,-15.805195823757657,-15.915629177959033,-16.967141932689287,-16.91723274820967,-17.139448381966275,-18.468478871098085,-19.438870929763254,-17.850851528518007
2023-05-15,-16.103259676170993,-10.911106087348216,-4.646173902173999,-10.637384514308891,-19.73313712965286,-16.22812351208428,-11.269388591432815,-16.12503885313913,-13.171800924051482,-10.954792696765239,-16.001098794662823,-10.05713552588793,-10.941895694557402,-6.989345368543923,-7.6123199976942,-6.558603303257598,-12.283844995400003,-9.54806720224903,-9.713882614078187,-11.580361008232217,-13.605187940020755,-13.870768949695758,-12.31071161463575,-7.28569557177471
2023-05-16,-3.0056912089235936,-0.8494026628606832,3.852431470187838,5.006948389141698,4.47434457979692,0.3424255754445653,0.7608746008797311,8.263638519123475,10.09894641989007,7.497120756969821,-5.281248927688921,-8.830524696464266,-8.697279721013757,-9.122238719165296,-8.877960089645939,-10.458175293584304,-11.98221111912764,-16.36481470099494,-21.000199906708758,-23.236662386123925,-19.55111988282485,-21.325900683845646,-23.72315342149838,-25.468294715301823
2023-05-17,-25.17944508168199,-24.356473020149878,-21.04488252916633,-21.40508855986704,-21.039300339294982,-18.027065801981195,-15.471973464792029,-14.016857221320606,-12.190830353032055,-11.96503558174598,-11.54610307416732,-12.726783536353196,-13.212707086312832,-11.704364078055391,-14.556466773309666,-15.335875203628603,-14.667735142153361,-11.037204843879266,-11.384854517001884,-8.76270065710699,-8.30625363470324,-2.3035475589585133,2.6267161583588177,1.4696268153676897
2023-05-18,5.17630190210636,11.348128103922676,12.18564772529868,10.727262817233509,3.528000198562239,-4.440158726497316,-9.80594737668875,-10.316087624508185,-11.767879941780649,-12.60398766772073,-12.809871765115872,-13.365777187752514,-12.91349700966336,-12.21816906576342,-13.901227059662745,-14.637514527301875,-14.85925856116296,-14.799555206797294,-14.630821949752374,-15.890426186572512,-16.409723211604927,-17.82566827373742,-18.938569875105458,-15.602646792847594
2023-05-19,-10.624317039290645,-3.7717413478131903,-2.6247985945204846,-7.5220532863637,-14.788544513274303,-20.978287147261454,-19.949620885649438,-18.781882315343267,-15.33960986801759,-14.477048949727646,-14.158417166651219,-14.11638281081676,-14.236007348357703,-14.524206944379358,-10.246846958435412,-13.300811999725482,-14.711748951814798,-14.92502670086958,-15.209068657673697,-15.850005416607075,-15.892155684143859,-16.938461585608707,-20.458334355187276,-24.73789222387458
2023-05-20,-23.90178598055674,-23.76100552900482,-24.210536114413145,-21.61973576715097,-25.398457390801028,-17.296064012556798,-19.066382079514256,-17.952036817539692,-16.819284322287302,-16.300130916828323,-15.977202614887759,-16.082141799435206,-16.404832748656645,-18.981156362562572,-22.360335925939523,-20.402680700480843,-23.409791030500344,-22.572140417041012,-17.676962858649517,-18.227306457245817,-18.527840404686543,-19.446757256160296,-26.807468389079176,-24.24328315290019
2023-05-21,-24.72644515510619,-3.267512159791849,-2.8400540570558235,-2.830440698430621,-2.7834232729195207,-21.066329875551304,-24.758814139297755,-58.07521060453895,-44.149754924295294,-17.7416255489741,-17.26426548282153,-16.883943818569378,-16.94334987923814,-17.674081460762395,-17.712967312830727,-17.304694533986478,-16.485572789815862,-16.607618812719593,-17.00395066543291,-17.9146530264604,-18.071500626693364,-18.908959552585287,-21.33246398114447,-22.890077667848843
2023-05-22,-24.2049892800175,-29.327353795321955,-29.708294512175982,-17.37601136540981,-21.4633115302003,-19.181964944885493,-16.64774151989124,-15.560285230660128,-14.779268297892685,-15.588102695051674,-14.272130092318719,-14.202712582811728,-11.297240499203284,-6.267817242603343,-1.221643623595213,-4.507774743100086,-8.493283610972057,-13.045638901073985,-15.154983299442861,-17.64798471347666,-16.27103771110012,-17.988217082406237,-24.148307988336548,-24.139967192918128
2023-05-23,-33.20395518805522,-24.712216159068348,-20.60257358064007,-22.396347523481907,-23.764638948349443,-19.073392519693712,-15.89915712890965,-14.874474061727454,-14.74343813165018,-15.210150794210136,-13.32053983734744,-13.306465286192775,-14.40099736180133,-16.03761393170663,-11.211455763126054,-14.431255503576892,-16.36059496016844,-10.046766139105443,-2.9291671043782515,-3.357349500164446,-5.128841041697342,-3.83317832796547,-2.1596358535558977,-3.095345263403985
2023-05-24,7.0598147566267215,9.372641494945114,5.719252153967034,2.8586869700480406,-3.7035846467635736,-11.146439880285754,-10.592145532458886,-10.478378829791723,-9.112524227130677,-12.407121986303281,-10.577445058043338,-6.0828124475739,-7.368336095959279,-8.262977356626351,-4.783761606186005,-6.6924147254511865,-11.388270847095043,-12.310577278013739,-13.182482035137895,-15.476291075227124,-17.166596840131888,-19.075299761449457,-21.6065639142889,-26.304952948288815
2023-05-25,-27.66321734439785,-28.409701410340546,-28.334528642805623,-28.671979382469118,-27.55522201195717,-20.557877050571108,-16.145481476762626,-15.247810828074591,-14.654650779182958,-14.436819189256767,-14.456702536038534,-14.428745892970511,-14.59569680141945,-14.936414057478657,-14.950261726867865,-14.861800510659776,-14.686554615384921,-14.785890536734485,-15.258018729613752,-16.056171082789206,-16.54690389448311,-17.60978265130271,-19.534297613713704,-21.27618975712167
2023-05-26,-22.059836463880828,-23.25499841240574,-23.872662631427076,-23.710204348514353,-22.24715750200511,-19.428857355847583,-16.242595929009866,-15.168071548206711,-14.633703694227933,-14.585176283891343,-14.47734041191572,-14.32506739510265,-14.574977860641383,-15.337037244761149,-15.735687002918226,-15.776117914600164,-15.07471238826301,-12.025193393456135,-12.571888381659932,-13.422011572109682,-13.744986109830847,-14.447373788270596,-15.223834484201433,-15.727907077656397
2023-05-27,-16.25233692791265,-18.2975331685532,-18.84847502496757,-37.903493900444374,-37.91639695445943,-22.846475740199978,-15.835036940088884,-7.640302766606368,-3.398843594079011,5.297252254129887,7.765828826663721,18.19384595382097,24.23804157662896,19.788927711357758,24.679683076258954,16.75739040626614,10.47491110162315,3.551661625842712,-1.1983212129275103,-9.555124113515518,-14.452442533527375,-18.94639016265745,-27.701535653827264,-28.743212016733807
2023-05-28,-31.62486634528392,-39.85791181446109,-28.611139255408148,-23.27091553533691,-28.62325084542921,-29.724583187510405,-25.392513701659766,-23.79938156367143,-23.13378296523095,-22.386153032717615,-22.025363859841036,-21.439818595646457,-21.562812358896394,-17.953821644607217,-18.397171171027324,-26.150848021803014,-15.485116354263141,-20.034946698122425,-27.16447151731124,-26.715761448375815,-7.2236888264707915,-1.980284913424228,-9.07857572042711,-1.923822023926661
2023-05-29,-1.8984922020790123,-2.3955538580738676,-3.5080692285651125,-1.2962036827636538,-15.096475756072017,-20.74389592498636,-20.87702882015998,-31.244777650326938,-26.724905006737686,-28.795187236871712,-41.38613906607395,-46.965101031428176,-43.649347821558194,-36.48312761591433,-31.86705473956731,-30.4900487800422,-19.010153890424277,-17.192704711024945,-17.04708377380942,-18.146157325604833,-18.824305942973353,-20.378681222146,-31.854007277842896,-7.131160236987924
2023-05-30,-6.788824939331178,-1.6125912754235685,-1.2924456189185207,-23.314680442902862,-28.37634737618645,-63.2940047570051,-51.245659355984785,-16.021902418374793,-15.049042262796007,-14.670022713060774,-14.558800277000074,-14.278908338794594,-14.325498312961031,-14.704077150220598,-12.226548787753146,-8.507787131536418,-12.753043481927392,-14.70458984107779,-15.240176155063267,-16.296484584461666,-17.20751463537789,-18.291460184590008,-20.205041933818677,-15.255973889152045
2023-05-31,-12.5022272989914,-5.211014528579,-4.774950226853079,-6.570539777087774,-12.944000256237302,-18.763366808638835,-17.268591329990414,-15.655965656019504,-15.003396763188363,-14.869719860148791,-14.655513915340435,-14.383070689074714,-14.443002195809527,-14.627010665495703,-14.958864594485476,-14.942805262930847,-14.767716071104047,-15.064983627407827,-15.488655251292954,-16.342671090719534,-16.85561626192066,-17.90528540429071,-19.71195464774098,-21.34293161815546
2023-06-01,-21.94394662950988,-22.326316198441504,-22.535032806589356,-22.54414183381698,-21.639911620660115,-20.16674011858376,-17.22969273970017,-15.715830006271602,-14.981256137565822,-14.555663853882493,-14.47947766622795,-14.222376770227072,-14.308783588413547,-14.742828372567729,-15.175612123452638,-15.39959865755614,-15.074123370775226,-15.25845975305512,-15.433169076722535,-16.20762384546063,-16.776246379571617,-17.943928999739356,-19.45193564258622,-18.927204361582568
2023-06-02,-13.305337800816076,-5.67603521545,-6.454453848036877,-13.728103406807435,-15.815961142526305,-18.877463231721975,-17.578181157163726,-15.74570818242239,-14.837066771363737,-14.634873239157969,-14.39350203724453,-14.275198559963712,-14.562765185186322,-15.205702608097567,-15.76968721478653,-15.957582256464491,-15.903603653863456,-16.081857409657744,-16.554901020257205,-17.34593454284115,-17.75012602870771,-18.320733543272326,-20.718487968179062,-23.42575453924526
2023-06-03,-24.222215437185085,-21.7017609127263,-22.85100048761663,-14.808095044521778,-16.440324639870497,-19.849615695991204,-16.06466779759276,-18.323768591207624,-17.569684734992734,-17.0001435679456,-16.712382567383713,-16.88259475151763,-16.910918759798378,-17.54939198951392,-18.468625131527745,-18.426902885233005,-17.59033743216108,-17.50005605351035,-17.834972581419862,-18.62366300846537,-19.126342732133594,-20.06104203294734,-22.407917011679075,-24.719168064031663
2023-06-04,-25.31380605626586,-24.8658756377735,-17.130992051231047,-17.934721455960343,-16.199929347159227,-20.69510315142432,-21.838881649035898,-20.104551360622082,-18.464709935863965,-17.4570616488258,-16.92194827861573,-16.625610641385464,-16.87389591097019,-17.188680525582242,-17.790323127230323,-17.662041129764077,-17.128918205719955,-16.87538251160936,-16.98153899515583,-17.900592391685564,-18.48393858276495,-19.32238115823901,-21.142153765539916,-16.39046684220486
2023-06-05,-13.338064831838523,-6.0809125823576835,-2.5096498838448156,-8.938722070517429,-16.572772490263645,-19.487491677858458,-17.304308987091304,-16.003416754082423,-15.262384847194625,-14.782249349822763,-14.558616120123446,-14.26873795317195,-13.698014718415891,-12.15650149989699,-7.711898731680719,-9.67505297316697,-14.566089486381486,-15.355365540744316,-15.51798021351081,-16.33451443089004,-17.221314865415167,-18.585290034017277,-20.520796391267822,-14.795648032057045
2023-06-06,-6.910966372589712,-0.2256351058299515,0.32021901349546056,-6.1098601724090145,-13.766198637486696,-18.443873573861083,-16.848125840922364,-15.60645483113558,-15.063226581432502,-14.775151934560853,-14.522273846190956,-13.512497899010441,-12.452606434304244,-10.789441386737082,-10.81298260458692,-14.131449914616638,-14.872029904943986,-15.019545575493908,-15.260066347159778,-15.790872843701209,-16.614719453175525,-15.426321542674941,-13.825307221732885,-7.683898746095878
2023-06-07,-0.38031768192959703,0.16828113016842394,0.16973708989812053,0.15071221346300945,-5.987863636157556,-11.678600852932561,-15.949267088435164,-15.56284945591176,-14.921003420981236,-14.75299533837233,-12.53886377084902,-10.401975976009226,-8.207951952591628,-5.304020226548374,-5.473776433077603,-9.294966430893737,-14.180084414769084,-14.833475150596996,-15.294007999308008,-16.09038208346712,-16.801639163515148,-15.585652003321343,-16.048535981538976,-10.647545812208506
2023-06-08,-5.106598316225984,-5.0005220017639544,-1.4497325689691252,-2.4422249590298577,-9.317563233169608,-14.879644496740326,-16.234657834703796,-15.083031968335831,-14.515557315865664,-14.346399256515156,-14.184621766340229,0.07498021816292066,0.19358922239746335,0.08668251647512193,0.05675958189732455,0.08110283879162239,0.04323316979431979,-3.4867016153200154,-7.974294979334218,-8.323731749850992,-7.544665292004936,-6.07775268588469,-9.566173181542922,-4.790366463957298
2023-06-09,-3.132639938530801,-2.756962309710694,-0.1634305818775985,0.19453027360805208,-4.401938059464314,-10.05490162186473,-9.10313419777053,-8.362442642840676,-8.049896740447693,-7.965581055870757,-7.8206456505801185,-7.664784970578381,-7.5318679121212,-7.72718364862348,-7.581612674585259,-7.6784129591004415,-8.549710684291469,-7.814955445187721,-7.53692004739932,-7.62201792006951,-7.64215112005823,-8.12807885545034,-0.6021337907189377,-0.5501971856381829
2023-06-10,-0.5472778994489644,-0.6566015665885843,-0.6992796603147937,-0.6302606903427801,-14.516203499217447,-0.6704167080554555,-0.5226682975266499,0.5578006316103057,0.7107979764736712,-12.509946348295443,-47.287096473835945,-11.245664931471183,-12.96442073602924,-8.307269545725532,-8.367598108599253,2.053374288632888,7.432707424886246,5.07586778379482,7.387870633569349,9.015582912070947,-14.981083262743233,-1.004554275073886,0.9655513277292584,0.9235636715599895
2023-06-11,0.7964820132211159,8.41631945812047,-0.36565619296848695,0.2568920191340567,0.6612413922974696,-38.22486211988847,-4.624685171340417,-7.407534604864878,-9.806876794052982,-11.739361503207533,-12.286056633627396,-11.603036941779408,-10.929751947227231,-11.706085060567773,-11.759714698957595,-11.070870695231946,-9.580280912197054,-6.883716493613207,-10.558504446136396,-12.165712866885855,-12.345769827192328,-10.009098544475194,-10.93307326643935,-11.75701515291604
2023-06-12,-11.76485041775183,-12.250741765751513,-12.506332403938671,-12.65313082150709,-12.391285861881045,-10.686141543794662,-8.99880448293942,-8.48199692113974,-8.053173500312255,-7.740192210563777,-7.562064156037195,-7.4579118260124915,-7.3562950499449755,-7.486038935368612,-7.571619061962082,-7.638792953618093,-7.756950965633109,-7.925660808542801,-8.082411195122205,-8.63422741427462,-8.853733369533586,-9.31776460564194,-16.65393527789385,-14.312954320466474
2023-06-13,-10.169554167972365,-3.171372503368559,-3.3231272029685783,-10.657314512591455,-13.736057871335476,-18.49824092375391,-16.321119938214935,-15.114600741787086,-14.396856996741064,-13.932308089125087,-13.731537687939834,-13.419296512905987,-13.4936122392254,-13.880467085978722,-14.491304767159193,-14.873959849659286,-14.71322709136922,-14.959227673813643,-14.975233394974083,-15.20782855511277,-16.112662126355644,-15.039692904139315,-12.820857957209142,-5.995295824697465
2023-06-14,-0.08104309042782631,0.43487419536856464,0.4071968350638713,0.9016422179128085,-2.417660825292529,-8.328371480351308,-13.120702368834202,-14.970913887503173,-14.441233204808299,-14.020124008991502,-13.672048468536644,-13.42989036549045,-13.600061427706578,-9.509000182466963,-12.628319568123061,-13.352980614625778,-14.020633982411312,-14.584032198491116,-14.721980715286747,-15.338826826463333,-16.14532197409602,-15.848344918310005,-15.473395591561598,-10.699284175242013
2023-06-15,-7.316139520400611,-3.1735957734662747,-0.711338130817694,-0.783038789041484,-5.836684058584098,-11.410496356650384,-14.681351451132684,-14.987925163131223,-14.39401009030604,-14.19746949412621,-9.485535140403243,-8.880874353248686,-9.608322888142993,-10.93571689857697,-10.815571409577785,-13.992130313548557,-14.253450341315727,-14.68021615089188,-14.766214039509464,-15.5604281547364,-16.665821519944245,-17.558692744298668,-19.020864214152738,-20.038188961076855
2023-06-16,-18.474380069360706,-17.6059114336623,-16.38796990523423,-14.54987145312225,-20.386867315283126,-18.847207189417446,-16.947914597869897,-15.478949155903337,-14.880887240120757,-14.412076805193294,-14.158032874022183,-14.069614829259933,-14.292689946297429,-14.684568911915164,-15.080058782398737,-15.190870384212133,-15.341381474523587,-15.648523087618003,-16.098453220993576,-17.330485531291885,-17.84637491313677,-18.49848477549358,-19.954490029586964,-15.091721003488487
2023-06-17,-9.514118879936916,-2.261717694432207,0.11139289150270315,0.23069736265148322,0.1854939174965864,-7.11613365372483,-5.020844030186481,-8.301069127001881,-12.055212931744563,-12.634862699141905,-12.64518997465646,-13.872287673117938,-15.959783096190705,-17.180924905184526,-14.611434636269962,-7.801113184321963,-9.306870536041544,-14.498762329785052,-15.235368243863462,-15.901605047941302,-16.81453296183605,-17.900595775123747,-21.519445150793587,-21.596341665574812
2023-06-18,-14.475785401919666,-19.503223385516492,-13.417583388170527,-8.487120660052142,-6.068306809950599,-4.0200790200076995,-9.58692624493483,-13.204906712326363,-14.285892118520252,-13.455646236132765,-13.521186518651405,-14.773632342301212,-15.807226113981514,-16.033898249822556,-12.77608398395573,-15.888297184586264,-15.167792150753314,-16.52992595569995,-17.802230332687685,-18.570233351543862,-18.925914114637038,-18.80748830948866,-21.414340696852776,-11.19742925729534
2023-06-19,0.012527675603962507,11.68351326378965,15.35513766929816,14.097722147502822,11.325946849936201,9.174397225896342,6.648217374957483,5.73321176388302,3.5781889667403846,5.6654708797119895,0.9438445759933529,3.557313286946851,8.17095315958045,8.707451272541647,10.074571882287785,10.356277673662987,1.817574098142586,-2.0936533050415846,-9.078826224052222,-16.905987596108474,-23.74442741680457,-25.349991847315778,-11.470272695492213,-7.844260963411699
2023-06-20,-4.214820191927203,-7.155756290227714,-0.26007329886022035,0.8536848629385929,-4.062257196016844,-10.598984961859003,-17.09715692953867,-18.99915424470518,-17.84907454597922,-15.49088981277555,-15.29932804759298,-17.3332020618399,-15.689966879983842,-12.62030307907989,-9.05049949934292,-11.933889252011056,-12.725260027533494,-14.005034891892166,-17.302917583813297,-18.9735876181565,-19.8888333377501,-19.7585808026582,-13.358657923150304,-6.761509096360101
2023-06-21,-0.3851439332391067,-0.03260333385424019,-0.04037203393906452,-3.462231038675071,-9.846280644585335,-15.111350435264399,-13.837635697699795,-12.700679955215293,-11.978425083926567,-9.389895501191688,-10.582774121051699,-11.383631926041119,-12.07593208709585,-15.073054091983948,-10.403380844185278,-13.330328500438128,-14.641837462341442,-15.985176613249507,-14.395933796828672,-16.770537789515885,-19.40750469138945,-19.015599605658394,-12.891345890369479,-6.435532397049059
2023-06-22,0.25707300821017043,1.292824007702734,1.8573953576602378,-2.6272727448663034,-9.403526321961522,-15.685051681745392,-16.78913527003357,-15.29190128443571,-14.781822570691276,-15.205311755054709,-17.569484654223885,-17.219370489789156,-17.061758127781445,-16.381067552031283,-17.63869146404997,-17.901033125266707,-15.366461758058676,-14.825832066297494,-15.112048410137987,-15.564151542302568,-14.437310495699109,-13.040626638004397,-17.501960141511233,-15.092627517562391
2023-06-23,-7.62887364400089,-2.0738177871001255,0.14636251586486537,-3.056661589017523,-14.389498868435624,-22.215629597088423,-24.357852653393394,-19.68652905325655,-15.32934917968231,-16.76154229142776,-18.76279317205322,-10.921068797374858,-2.9046631329124466,12.290474506303724,19.388772021118086,19.731131420870582,7.170604956668683,-2.7631033767458746,-7.886414765244666,-9.684861492676902,-5.7444557281421,-2.958720064469105,-7.5587062395920555,-22.751315628925738
2023-06-24,-27.15049578845786,-2.0802129073937365,-0.45764758836414643,-0.5976013021838753,-1.4858526806764942,-21.248656118148048,-2.87417370329527,-28.08951124473299,-24.757754389320212,-22.36010084296241,-33.27255936375066,-18.202799681667486,-15.579166744259467,-13.454720406489841,-13.262111582410498,-14.14658980623554,-25.330976106414028,-38.50940406558118,-24.306470563819204,-24.293352975359397,-18.933348956812807,-18.977000041284782,-7.468845898652759,14.057843416901619
2023-06-25,20.076769042867383,16.9469712970445,22.337983391322794,29.899100866786938,45.05411970709566,42.82393863376895,42.52448241013743,61.371440785118175,66.38814363783958,47.093117226050865,33.06563562398847,15.849338284648908,17.070991471610675,-11.303025223186559,-9.796215683377916,-20.598777050946616,-29.700861432932633,-19.332461063472437,-30.799715063801656,-30.534355596803024,-24.646116470815556,-25.467948367792218,-19.490545015643157,-0.6586010725148412
2023-06-26,-0.3843296480446057,-0.18598301968300035,-0.0386807451122948,-0.014855663968063482,-0.13025356043907266,-17.292265477925923,1.8354089761126815,2.9936695146566876,23.17087984673242,2.4042690959729214,-16.043031704056574,-15.152897021880193,-15.84821126252632,-18.642242885167022,-25.866423656762905,-17.092608218489616,-14.13698780745284,-20.999674147909644,-23.653619618722132,-20.028984272603907,-18.316771701899228,-19.204400048375987,-20.88067989494411,-22.63399921090428
2023-06-27,-23.406255582984272,-23.9478530016969,-24.214103486440138,-24.589012624982217,-22.616005962899948,-20.898061138075548,-18.265483580428793,-16.65251880453397,-15.878751622953672,-18.813472631679247,-16.52926112608455,-27.52264940880231,-33.81836102937291,-25.24163701866989,-5.905266128902625,-16.298488093790226,-13.227120912231783,-13.995526752048875,-11.562739737813757,-15.233317416182217,-17.328252588225638,-19.67576477912948,-22.023509715544833,-20.256324730834763
2023-06-28,-14.051370185167727,-6.514928781399291,-0.34159076793696386,-7.000841656864765,-15.295727924336717,-21.348630841956293,-22.070633077426976,-20.29414768800234,-19.33858235026915,-18.93629145747272,-17.635573982206864,-14.971803105985032,-15.130982863420883,-15.582218018519796,-15.711604162230316,-15.496672627508474,-15.605987386548406,-16.080866336332576,-16.168312630474304,-16.970905696323086,-17.81277775685345,-18.735851178135817,-15.536894215411422,-9.33089613624145
2023-06-29,-2.1441995796959645,0.030707006531088155,1.7734902083310828,-0.34050055746209296,-7.093885128909108,-12.87565485496441,-17.307444059067024,-16.19903023007086,-15.515173950953198,-13.97686975224164,-12.923266954297986,-9.99530702794624,-5.29064864233095,-5.575305460247677,-5.981622090955341,-10.492327261621,-15.5021606829321,-16.166045857805216,-16.436240402528284,-17.187225971428916,-17.987095674561488,-18.673035534789165,-18.88126600686499,-13.358056061216246
2023-06-30,-3.5446869368112033,1.617306865738371,0.11370043627010773,-6.450068709589573,-14.361074444088388,-22.138892686652838,-23.93008543454428,-19.865502170017663,-21.19229532693612,-17.75228410004823,-19.74675034910453,-19.001206271037617,-15.395166886649122,-11.548971876034372,-2.2463411274722915,5.520607885665953,-12.520523224101673,-18.18281668925929,-33.440171246675135,-35.13183307128215,-15.513541320704292,-18.824232008951277,0.3403601583552174,22.163166718243808
2023-07-01,21.61132056912676,21.469771600247945,21.740657830879773,21.80787069042718,22.389420932792014,22.068030863485614,21.42640033830254,20.16475992553865,21.77721335431695,22.403500232306502,21.353617379116262,21.713152804843464,21.037142310925155,20.592038392387085,20.3743614095543,20.766651615753332,21.205248455713072,21.88523688910152,22.5913171762716,24.817006152354754,25.3143664589399,26.480259512707782,11.388357767826786,11.420680335097742
2023-07-02,13.521420772029451,6.150228505951148,6.097791635605217,6.170579619879589,6.356926610430937,6.401910619572084,8.388583583920889,8.07358556692031,5.788973440200078,5.446160047258445,18.620325826545017,12.51431041452594,4.434761178769428,4.441094981316333,6.179907434342015,7.756247252458969,9.058159693797883,8.910584985791957,16.142140785238542,15.865192061786018,12.787431972487584,15.619128762927057,17.486228964911113,12.855968081271179
2023-07-03,17.13668400877418,20.503093181138933,21.254199499470285,22.376872548810173,23.394373808709116,23.158823883595023,8.776066883426125,16.499681903177088,18.34467803272744,14.599479279081155,-1.438109403348733,-3.6504142002593127,-1.226897757618616,0.27076937491575137,11.546869211284637,17.10568491298392,19.582385784870283,13.17518838795733,4.024543572286117,0.484725756126668,3.847484215839234,6.959972934883243,12.340730765320572,24.21947038708076
2023-07-04,25.063959114871217,24.998842046019682,-0.8399793811168799,-2.7624534692283405,-4.988808175277889,1.2458365622728564,14.158526936287792,19.250276849915892,19.7051664112455,6.162428494296364,10.275399790965622,10.166715419431682,-11.56795930523083,-25.125432049644417,-21.929576481402847,-15.756079843696682,-15.86781280802927,-15.996290139270883,-16.27905289771607,-16.97412421980266,-18.210933491759278,-19.654517445728118,-22.02152679112902,-21.480833643520242
2023-07-05,-15.040780458729941,-8.448376111365008,-0.03583302294460111,0.0005964521368895248,-0.5054918798294352,1.119361323888441,-16.206041394960153,-28.25570796093986,-26.680864594469156,-26.870383284015716,-16.023907290795293,-15.875987485195182,-15.474470222866145,-17.091837307728795,-17.286082132898784,-16.595092401381578,-16.05630904973819,-16.41607283170987,-16.793043602392856,-17.69999716637824,-18.39279472404027,-19.463201846948607,-21.618814383718444,-23.280632909097108
2023-07-06,-24.01596586825994,-24.61268497806526,-24.709643567907023,-24.644164095404648,-24.065911374918755,-21.421431208421012,-18.519377587069954,-16.66220612801075,-16.088405792667146,-15.566206386775178,-15.618120476934536,-15.592604245076586,-15.562271830427648,-15.857728708581845,-17.363704535958732,-15.492162570014216,-8.191208504179968,-4.266353259576221,-1.5154785037284455,5.721344641669859,6.62730199088513,-0.8860659880638337,20.75051691452139,19.378384565463712
2023-07-07,28.13166274561813,12.977572864416224,6.84559513651412,13.876895696360354,23.046429945371287,21.0766219473282,18.375901345814164,40.30472060869183,38.47575838597658,35.77711912222176,16.25439434646644,35.714770215969736,36.92690101453002,27.152198118386494,20.79379468708838,3.4269624763157225,-2.938758387907555,-17.80649241556455,-28.543421858686557,-28.24973575914062,-23.225632913511532,-24.22191266326398,-0.8782150755402824,1.6613943534849582
2023-07-08,1.9832856138998594,2.1753886837886256,2.437517067494987,2.599388525560528,2.773335524894641,2.9659288454581656,3.1797928538366307,2.1839856448438226,2.4391090932792565,3.346156982057039,3.763937687161942,2.006587598894285,-2.3410968587843968,-8.837716255925315,1.9481654413391425,20.34718578982104,50.35568752786533,59.40675142047583,30.711389000329532,23.80395455709686,19.579131652542713,10.248406926487775,-21.118255484261283,-23.339908638995666
2023-07-09,-24.5987174821349,-17.789497824300412,-13.334904256652408,-9.856640571268457,-6.73253308917478,-7.150206534403424,-5.458664548796236,-5.5351370419554655,-7.144522991768554,-8.566171793480692,-12.379510304401919,-16.415870107044668,-18.12165596514248,-19.402871630231687,-22.256762822816853,-22.512186579333445,-21.66120550489549,-22.2265410222264,-22.897391440480163,-23.90465722571841,-22.645964115505137,-21.074477169771313,-18.96784099880375,-12.713097484812153
2023-07-10,-4.826603688778164,-0.03159126885157093,0.3553929803688618,-3.7725387397886436,-10.787604200331629,-10.581731564507862,-9.268390428905576,-8.522373525986097,-7.996692556364422,-7.817393182121805,-7.513134449426076,-7.547363441830669,-7.489997182694879,-7.640493688267213,-7.7744102993376885,-7.847932440532304,-7.684998539726223,-7.576504583326027,-12.533646599111023,-15.735599279405477,-16.498366105755082,-17.324534256635204,-18.86851531095911,-15.250630415426869
2023-07-11,-5.639790863935644,0.7523072193052371,-0.7877692744506533,-2.65553568358159,-10.581194140091554,-12.323129712193008,-10.746164577292689,-6.960789614401477,-5.01046571355937,-4.836130402410021,-4.236428381687347,-4.166858929366867,-3.7559665166893694,-3.626022135872887,-6.705753318882984,-5.930145487244161,-7.486353458981625,-7.2330239740481375,-10.337132101315262,-18.23504012585505,-17.871082305102902,-19.6379980804862,-22.970151129125753,-18.140179770485034
2023-07-12,-10.863633052656098,-2.9135450308899635,-0.369745736985692,-3.3231458391628195,-5.1176753672741455,-1.1283742027787014,-0.7033436376269719,-0.2868388905122856,-0.4319281604509797,-0.4444575148776835,0.2308099417660685,-1.5253671527445647,-1.7251693106067734,-3.058943195637781,-3.762764262146746,-5.047375791514909,-6.8580711888392045,-7.2980909057343695,-12.917524493108544,-18.737521818906913,-21.732686468658045,-22.67422115329586,-23.25124754932017,-22.153973589990017
2023-07-13,-16.83302705262173,-10.868934082175372,-6.280742933698434,-9.881966153195634,-16.652635344938773,-20.34267859365403,-18.354099792668677,-16.660630008780544,-15.854450680667838,-15.637899910233699,-15.466139124344693,-15.313353950250075,-15.187301238962078,-15.868212832683895,-15.948535368279266,-15.854648690760854,-15.684376429833208,-16.325550364906775,-16.603507440538294,-17.727279196046084,-18.30079425291865,-19.079268541823552,-19.496534598863946,-20.225009648522303
2023-07-14,-16.570152436190824,-10.730563635931986,-3.507979741361396,-4.443482854665518,-11.224703421997361,-16.741133709986855,-18.052665702737045,-16.572768217284448,-15.823380961561384,-15.583446713631844,-15.285156228253442,-12.974488284588517,-15.897224604913504,-15.52579845649133,-12.247282281921663,1.118871923956604,3.2362775838622753,13.264193262284106,18.618133439624156,23.6584578989676,30.552067112132967,36.030615442226306,20.352031424719822,20.64854499023899
2023-07-15,21.28808382900945,21.762014943118153,23.685927556394073,25.42671263519809,22.910082657776265,23.86484034241185,24.11333130593704,22.938777423557006,22.351925604454166,22.08846941741423,21.41814779418464,21.014771084420666,19.381125669566366,17.589697697661578,3.4630737336407655,10.06852648612253,11.203000202416955,22.68676078187986,25.47492177026852,2.610791590224256,0.30320367304218365,-0.03569834472641631,-0.3113654296090509,7.9928121017690685
2023-07-16,19.970011361617185,14.81188899819343,7.462799744938741,3.098213483154076,3.0573010813257024,3.0194190116454265,3.4791410977840727,3.684305208061428,3.636113431284304,13.283915806388055,17.6352321142695,14.632311513197543,15.668552650006479,12.695134639348225,14.656272594518171,22.169929222781967,21.635626039241888,22.49776049696334,-1.0424461043379303,-1.0567668223208386,-1.074418265181059,-1.1012761264931328,-0.8579942366619875,-2.243664391614793
2023-07-17,-2.6521598398140966,-2.8844759247279512,-2.824450612858847,-3.112650755356789,-20.82956085041006,1.7190313252133578,-4.370935146855757,-16.09957665951194,9.312451081743973,14.484342430505649,16.320095671813945,9.745321571751418,-13.10680545781807,-7.560393829101855,-7.633249908067555,-12.464303305968201,-7.967479199810953,-8.951868720262041,-11.016270140680831,-14.062961462116704,-16.6723414092271,-19.268658835013838,-18.27046441434456,-19.35099844430823
2023-07-18,-19.985434205899992,-20.79476640709194,-21.627418533638036,-24.661853600018475,-27.25669898799282,-25.910971029996745,-22.862900754976067,-20.9496768277738,-19.942542289715618,-19.646868160999247,-18.93901626789193,-15.919704324068078,-15.711208357808573,-16.126216996101164,-16.216175992583203,-15.928554036214251,-16.026277582826282,-16.561762456445507,-15.970415759910537,-15.884062029871984,-16.59003940782219,-17.65574082855335,-19.115063630659677,-19.550839747633688
2023-07-19,-19.476346007471676,-14.979205527536578,-8.127210611756425,-13.108099024030622,-20.28350288827926,-20.237713274263257,-19.816241006647687,-21.255688783337803,-21.762692515539356,-19.966890212620797,-17.812001939212678,-18.99634314908684,-17.369919278066362,-16.11107705303951,-8.431341573091771,-11.898108318283278,-13.054760038637795,-13.409997350819879,-13.299746878216041,-15.51439277872447,-17.075289688215037,-18.902909924228908,-19.331466927559205,-19.213652838412372
2023-07-20,-18.81758503162777,-19.147946876111916,-19.89788429600995,-20.572844323297033,-21.11097579526279,-21.02871594095518,-20.03231510281813,-17.911878360183152,-16.144776617617794,-15.942731484835377,-16.665535684623677,-17.574179986171544,-18.59466716056815,-19.475266321324,-19.772706568968516,-19.847291589370485,-19.865131208287465,-18.790369486980353,-16.803363573180093,-17.623903764697957,-18.51723124440855,-19.90031600131394,-21.504204983312434,-21.676040854593623
2023-07-21,-15.726496466015107,-8.971507416069386,-0.8315235835771091,-1.616992543118414,-8.127813027164905,-14.377623993762938,-17.373741220256306,-16.4225805292472,-15.418587759009597,-14.94130585193443,-15.388637333710506,-16.66373458782965,-18.43269820464667,-16.89149085610171,-11.112987700231912,-11.251746756248565,-16.277073884727827,-17.456159350938634,-17.33209001906505,-18.643684692221512,-19.393130012247752,-20.206071156941988,-22.658122196261843,-24.33509469680297
2023-07-22,-25.37432540914037,-26.876569178026557,-27.747639626484442,-28.219925143186742,-28.116140563496316,-26.627996208629952,-23.893583496491047,-21.447881231766303,-19.574565797879643,-18.03569199361185,-17.50135518163924,-24.855619602201628,-27.992199600940737,-23.999150059699815,-12.571378879510306,-15.822763388162244,-38.36543069732964,-27.113274445873785,-23.043947895868527,-29.873170589073695,-31.736030553778654,-25.590902320787897,9.52771882122671,29.77462302720093
2023-07-23,32.8919613507867,32.12174883087168,31.279747070634016,8.216935766215254,3.417477913287648,3.2838569093274614,3.5499883162021675,3.2415860438765094,2.683062148581339,3.2695670779251955,3.7239810181951363,3.7336389342827374,2.216455246134199,1.9322132059583623,1.3954674758456633,-1.5103835259150955,-0.965572760172094,-0.0962675735081433,1.2022475915308775,1.5032194074283183,1.590028337403119,0.9498668995236557,-1.0197386632648744,-0.8201471045552253
2023-07-24,-7.0440170583066575,-22.962859876009084,-1.0749400684917703,-1.4957331524938482,-12.89081997751105,1.782632161930131,-15.9276450776986,-29.546777874598504,-25.715647216453732,-46.90978718370266,-41.686806685249366,-18.791990762739317,-18.337456077866477,-12.562520443020446,-12.76576074188705,-13.256712583850884,-14.378701405455502,-15.106948836277184,-15.697680364539963,-17.302328721898476,-19.692027610513833,-22.915550952993186,-27.41557342214577,-29.338189273366993
2023-07-25,-27.841095787682264,-26.561980020419497,-24.606762870717546,-23.741078061533898,-22.814089915666273,-20.702714371078002,-18.890017893698285,-17.75919238685151,-17.911350240100916,-18.126867296315794,-19.834554316357753,-19.32424774788109,-17.976249258341596,-15.841629304771487,-16.132589178308137,-16.39820994613396,-16.284228337289647,-16.53427466585063,-17.174996370718645,-18.21174205812696,-18.72313023587239,-20.074309628473543,-22.188280460631148,-23.926464215160962
2023-07-26,-24.086743727078982,-24.299563429511096,-24.144117242805862,-24.434503559432386,-24.159726111515738,-22.09344175142067,-19.232626513677076,-17.228706092431025,-16.291066009230576,-15.924502440959287,-13.527741111820859,-12.84720247472714,-12.898478982971994,-13.220142244997135,-13.45954664372772,-13.395798344665508,-12.86557386950318,-12.699193298298468,-12.87343307663221,-16.35109805212386,-20.18998384265538,-14.464798737153956,-14.088754149458808,-19.163496467360545
2023-07-27,-20.20408808069108,-25.073380324828356,-27.075292371161254,-24.30346599051086,-38.307401528799645,-23.39262225002875,-19.29096425524196,-16.597223112122947,-15.11193603914134,-14.945058611808719,-12.68825117846876,-8.177936897619418,-7.477181675449145,-8.081767854116634,-9.69033841461254,-10.531119776132613,-11.605121815007578,-12.927246675127407,-15.413700222747167,-17.613233785384665,-19.39225306815368,-21.87530328488421,-25.02068631071492,-25.428723495887795
2023-07-28,-23.448204086681272,-19.467621335058112,-14.532081571608728,-21.652683901928782,-26.13831909077203,-21.883721331994565,-19.25984348611533,-17.98285592816987,-17.12069297181469,-16.844655714838808,-16.098022815028827,-15.987556607345255,-13.384728980676186,-9.03016823503296,-7.3289701619768834,-12.84808564125413,-15.344725873792555,-17.59302114001241,-18.869194363597018,-18.404309798633818,-17.86841852335712,-19.335736032376218,-33.85478204714731,-34.8185235784306
2023-07-29,-29.06177021641149,-5.324992520542331,-0.6282061740171159,-1.0136872766180147,-0.916285045251449,-21.866422915255896,-20.012988489404066,-32.58074836949622,-64.88872861728734,-59.633255435700484,-62.32422228653088,-31.089153856286458,-17.02074070424638,-9.241023735987483,-0.575524594261509,-3.0359736646866224,-3.9001112029063947,-3.632838947063533,-2.0356877942743807,-2.0246455063794926,-1.9674572068331386,-1.8642757158020942,-0.5521767778681195,-0.20940634542015601
2023-07-30,0.8523346980292992,5.89828688254579,16.002463018104606,15.594897843369303,4.36737188601386,0.651799509463892,0.3814170508679702,0.2956444283594024,0.3738299382908039,0.04366427963444863,-1.1094988005921778,-1.2971997944697833,-4.79128271527096,-4.503395142478752,-5.3877325057822745,-3.3257258567377264,-2.674657260189157,-3.285493506378238,-5.097887067213925,-5.0817113835427605,-1.3456796167967866,-2.825548819375541,-1.7953446725915683,-1.0364344158648677
2023-07-31,-0.34480532806328057,-0.41679266291873773,-0.30250073927963683,-1.5940822341177565,-2.890821628007423,-17.900036422322664,1.5761312796122056,-9.80064902888396,-1.9070167385690127,1.187412128514353,-11.336465131770296,1.119082661174076,-14.745916797709015,-20.654082582158367,-22.574169588213643,-10.190863545679925,-12.963766439072032,-20.407303025740248,-21.17509475042253,-16.871281777833516,-18.566654769997655,-21.590663206591586,-0.6870116337628147,-3.9452997153624807
2023-08-01,-2.91328638095861,-3.6705560870947522,-2.939658713836309,-2.315503312469204,-2.7579731917562142,-0.2346704131418278,1.6687677055480847,15.330423550649371,36.04989646167258,23.659808714966914,17.855674052399166,-14.974745344884184,-16.932613508841627,-15.502703660749859,-13.876818426066905,-14.044428140133164,-14.268175585199288,-14.685760460181001,-14.909023515687721,-15.576972093516645,-16.065673532470612,-17.361886308798688,-19.309288893239682,-21.252237075772754
2023-08-02,-22.32861765673873,-31.67378329757024,-14.622586149061021,-6.34439511987857,-0.05882792003056636,-0.3311999324339183,-9.753496447537167,-26.507664241239183,-26.02334704949888,-33.20723815820898,-44.20928183594029,-18.683142042486836,-24.263802777691637,-27.272867018493898,-32.28422382751671,-34.32796344011793,-36.872427486037594,-12.30969700206633,-32.01499146752873,-29.957306409022692,-32.188153568077055,-2.601294492837688,-0.060858897199608464,0.2769643757336908
2023-08-03,0.16576109973094333,0.3055324567071551,0.4230338839702341,0.4843729574714857,0.28023310871587626,-0.41119284770303466,-3.5358328041611173,13.2438724384685,20.233479031721387,19.737005359352594,17.869244996503127,-5.223937213747021,-9.065910143668546,-12.61874351873719,-9.441238943186178,-6.631028050450723,-4.625029338614212,-10.751357588930489,-7.449458075264374,-13.223533996550572,-35.934059426322065,-36.92068484949843,-39.11393784478038,-23.592191147135892
2023-08-04,-27.711680745188318,-2.1486814624841912,4.075243232616927,1.229026934846459,-4.361328168081286,-13.617057970487068,-18.305501096160867,-16.15630351057078,-11.705845655675034,-7.234430324435436,-3.1003846480220716,-8.069556265284092,-12.545819702840419,-16.376930495715612,-17.97448626817038,-18.38058944752143,-18.455923484924313,-19.09306668077579,-19.865855778729582,-20.92965379003556,-19.426489527499427,-17.64445722441161,-19.70632928762376,-21.23849061334076
2023-08-05,-21.369279003411293,-22.074658275650194,-22.646142574407037,-22.176414279589977,-21.562160029855704,-20.680939686883136,-19.128912969929047,-17.56926799138472,-16.257179113133674,-15.61458952075634,-15.294797126174217,-14.942795407162919,-15.207773644912066,-16.093648782745078,-13.14834844147812,-11.413918983165686,-14.878688059604798,-15.574036108618117,-16.132606403474085,-16.776470700934908,-16.66297127017043,-17.62158530166569,-1.2797880644466488,-1.2023965918270605
2023-08-06,-1.2605008916970633,-1.2422121260153034,-4.088630939378163,-3.6182642406576093,-3.4410744613791664,-3.491086410632107,0.9818342690601156,7.167634637935606,6.638521870515099,6.880566873356301,6.4850676497929385,-8.859500982428855,-9.306997187930321,5.70000706575798,-7.578932860071525,-11.24774184826039,-1.7309040043211894,-14.861101668367453,-15.642573142293799,-29.40209587052331,-75.58195423184677,-62.11660834056475,-31.481254460590506,-15.544151096999073
2023-08-07,-8.781050377434198,-17.973255412256137,-13.884130562125804,-3.542034339843582,-8.231388417336674,-43.21832844722026,-54.15889432020896,-21.851505197473074,-14.423862957411217,-14.007195245130873,-13.799152465171147,-13.505356541925067,-13.511729716229553,-13.83449238521925,-14.155025845329959,-14.265254773169971,-13.80122267668105,-14.176125930383478,-14.729809642005563,-15.978963303091376,-15.958802658961389,-16.891539119906156,-1.8837409576451876,-1.2376849202982072
2023-08-08,-0.2708210943741989,0.5495855617532186,0.8272468809167535,0.9356738450323334,-12.09969289635766,21.348321153839706,4.24010368894929,-13.464112247931979,-11.09855270036644,-11.607894639157024,-13.79668561889872,-7.9695210185718395,-4.565233877662536,1.291728454381257,3.164387233515214,2.6293622974582433,2.503501830129977,3.250805369761764,2.309222097377699,0.8081075159597333,1.156968921121745,0.9414257650686864,1.5433997477510104,4.152955488941004
2023-08-09,5.448093248900719,6.1183824050146,5.9189817837144005,5.225084972935548,4.045467242295956,1.4690582548363125,-0.39088164251586477,-0.4134957681932576,-0.6752574643475668,-1.659766817232338,-6.162117880323308,-7.896765366768676,-9.602924647887079,-11.806903911901145,-14.521410178162512,-17.153423980868467,-17.260103589659508,-17.864678666339245,-18.382013863039077,-19.496389318183475,-20.00222282823441,-21.672385915402657,-18.65839394939738,-19.705701495887496
2023-08-10,-20.095553583210204,-20.589612304132118,-20.78490926257814,-20.599074234845176,-20.05375688537771,-17.901074013078585,-16.13336543048473,-14.586681908361328,-13.780158827877159,-12.21866544917657,-10.846790031772173,-10.350546836161811,-10.180657938920547,-10.301031892288478,-10.509518562116966,-12.949083715739619,-17.70964614502978,-18.604356355541626,-16.86111337365307,-18.490111694917914,-16.621318681784118,-12.39285126275027,-23.33002201414672,-39.47564423815418
2023-08-11,-23.2277745320498,-16.29582461919142,-1.0280981639963045,-2.2539156418500994,-7.60808657555264,-22.659867710545157,-38.32206360987206,-27.45728046608434,-23.35902620893698,-22.72565283161012,-24.021407922312335,-30.1734947796198,-6.442387095965913,-2.9960272835708253,-7.780857050984579,-10.600942229042744,-12.599672633303086,-5.573628786058961,-17.268159713489652,-7.860347041924314,-8.33284592956602,-7.315559990839802,-5.384209558426335,-3.212715750982454
2023-08-12,1.408055255553407,3.9796289272240344,7.004276594392977,6.921434879445847,11.791946126421198,17.92167210974762,6.604772572915916,8.406118641427067,6.974576347773642,-5.9330615810971565,-1.6917581109786752,-8.397198137510753,3.3641747000375943,-3.009578741287598,-12.83539785454801,-10.464963894864688,-13.059198936625664,-8.10338249661326,-7.150267647486515,-4.468373308838991,-2.076804191627083,-2.6538417239530787,-3.547373640631452,-4.561938556054418
2023-08-13,-4.947906381753068,-7.248711299526825,-3.800172444282939,-4.061873121624515,-1.0895578236449879,-3.0500998784074653,-2.310345824262427,1.9627287412746668,1.8189476152638449,1.7767793210667548,-13.990693730335956,-14.171283871191264,-13.772490148832425,-11.99213728143161,-0.6335041839173385,-0.9223728924447698,-0.8159851967803036,28.103722723748817,21.08851494301784,-18.48283149661242,-24.93670103798499,-20.659774178296374,-22.919858441094448,-23.982090905289198
2023-08-14,-24.262929752552225,-24.55646658225595,-20.313724480910793,-23.56973589790229,-23.10867572803673,-20.913541888406428,-18.708300949971175,-17.030953099174724,-16.219463713311768,-16.207600208700768,-15.503531793236164,-15.351077122048679,-15.370301567748754,-13.872706571695517,-16.799399778488052,-17.52882551949456,-15.552792843975368,-15.509504257747935,-16.32384418432892,-17.321974773701896,-17.698954547439058,-18.12975771184111,-20.342953273463777,-21.539697897233253
2023-08-15,-21.89930224014705,-22.873425537529315,-22.723103926503768,-23.600728425295287,-23.151095519205626,-20.67095313929073,-18.683306855273884,-16.62398698738474,-15.702049476802586,-15.46332656669992,-15.593778210795222,-15.21079923491152,-15.12812294541277,-15.754551011694389,-15.784141060943199,-15.884601925604358,-15.868710508034894,-16.284736371944007,-16.606846161473072,-17.625341169860064,-18.06263416005612,-19.798530327843025,-21.768661233789373,-23.105509351866147
2023-08-16,-23.242623243904063,-23.13028481710512,-22.931876983053996,-23.264558625191285,-22.89558129211872,-20.640601576585766,-18.178857164214605,-16.94017694216791,-16.218235711927036,-16.037575559228912,-15.780987930139759,-15.494362556400716,-15.202324978841972,-15.584677932737804,-15.841990917849841,-16.133630788846858,-15.997918894874687,-16.259831710421224,-16.60906377905161,-17.370172193519977,-17.7000659933843,-19.285571659453836,-21.351795277937867,-22.518344891418053
2023-08-17,-23.18062454260206,-23.332478116336148,-22.61459127812313,-23.247509013967573,-22.437751606115995,-20.13847201519991,-17.69322868096944,-16.711749125626454,-15.84727075652549,-15.355864221586472,-19.49756671141074,-18.326079658868906,-12.894627281940842,-10.037320792663934,-13.37405128866763,-15.959527158828337,-14.982816473841382,-11.474013566773664,-8.289772106270505,-5.088042856723121,-32.98495840540595,-40.86494164803899,-25.10613743938943,-3.757346478577496
2023-08-18,0.2132510667771399,8.878076915551325,13.620682567327634,4.297240258941358,0.9123840292551932,-5.960231321637991,-2.3460907429136313,10.42120406085128,13.598449837823892,16.999686102956275,4.062034293082746,12.956695566720214,14.833488398716085,16.26014323115851,16.216026757776064,18.598927528163287,4.5822773641693,-1.14404951120963,-0.6399436791653841,0.8628557439429301,21.698116870226205,30.370604521199333,32.582074946126845,31.362272083839418
2023-08-19,30.365293304455168,29.620766692052758,29.317147277751364,29.596375264253744,30.263775720336945,29.94267009915867,29.843276473589427,28.93489411915098,27.182434270566606,27.814589661094555,32.918968156594175,32.30870460212545,34.65137890037483,29.97149459374407,26.56094277994619,28.700722668751403,32.10459342445499,26.669838039106224,16.77979666445268,17.811175520615475,18.372382139675672,19.636443812729738,-0.5902966965350913,-0.5094370201790568
2023-08-20,-0.9846969359499269,-1.8482556693249919,-3.2577856328250974,-3.158787453833753,-5.4579643443834485,-27.127185541670578,-15.274244507055585,-9.481860694766496,4.394374266382613,14.179093378025996,36.62122774273948,18.451445760618043,17.91031241661642,-6.242716034722818,-10.881429153003054,-17.15452922081525,-35.004671699799275,-33.55852362016452,-20.932275522798562,-17.501947886104006,-14.866233653704313,-13.140985675919723,-13.111258205800937,-13.960431541485207
2023-08-21,-11.357845243319389,-13.267886394418682,-14.217759835543674,-14.619370880714229,-14.970397134678677,-4.111047717057772,-5.197151693972813,0.299465714114433,0.6189599996433799,8.453852048444901,11.133784195131767,13.4434745221522,13.208361453539709,4.030647375440296,2.0520455627405028,2.0584710204088594,7.3123710117696845,20.666037777308873,24.390919212129248,30.63991035659454,35.47543061528776,33.805294679481264,21.040266532265335,21.95073908756102
2023-08-22,22.627986601218133,22.567746415875682,22.679997965997828,20.704542738719013,17.489078878482566,33.058360175181996,26.54498259783921,-2.3171357294781387,-2.013211162930503,-4.182292763070677,-8.25363209286138,-4.2469016133026685,-5.702484163218827,-8.367968833369531,-8.49446834861115,-9.295191097902205,-10.162593197915527,-12.918394345313004,-18.670477412956075,-21.83481376384725,-31.319277234117294,-28.245511001205784,-20.394328383297818,-20.8068622247782
2023-08-23,-21.086989083535144,-22.062648876532222,-22.941627272729846,-23.059546966999477,-22.224322353185357,-19.65746080669132,-18.985646327064956,-20.639622899877907,-19.708622158049934,-19.341607319867762,-18.780513196973175,-17.991952823063855,-14.552872651657566,-14.81247758681809,-15.043109735918904,-15.72526667733419,-15.973384971531402,-16.43750128696786,-16.896557461612446,-17.070491102140295,-17.596715556635303,-18.622578161921894,-19.641705199667257,-19.54841579772736
2023-08-24,-19.757682585012105,-20.715738643875,-20.971969677143818,-21.42606461898407,-20.62230718123311,-19.24108779777876,-17.28044817525773,-16.75048612923763,-16.188517415379465,-15.780985862400058,-15.285115743860587,-15.515047066900934,-15.558117827046004,-15.662922235005396,-15.800489693340154,-15.987754822638493,-16.085174474152126,-16.484255723552252,-16.84676008423142,-17.383057986382084,-18.253286555780306,-18.87035866443324,-19.943180827619187,-20.263932659542604
2023-08-25,-17.3805786270604,-12.279034713695097,-8.330911196901639,-14.18749148706695,-20.953861563398846,-20.000329634193832,-18.032982905386802,-17.378314567412758,-16.683950528556977,-16.239387679239144,-15.840683272998206,-15.867800851060792,-15.624204721870058,-16.34189225638005,-16.697705154504064,-16.659448185070687,-16.565193432359933,-16.71175928536485,-17.00987891198855,-17.496906742014176,-18.194759671886573,-19.21267737275383,-21.16981738688588,-23.106555121677843
2023-08-26,-24.015640127124755,-24.359752046123674,-25.134763836349975,-25.536260768329697,-25.84385786282573,-25.075419839490422,-23.036697327453368,-20.599514398583892,-19.14913821378775,-18.22731746935594,-17.903711452879605,-18.0414409118396,-18.289668402587154,-18.831795096075524,-19.579426472866032,-19.170513703632707,-18.397354471571617,-18.241090157652167,-18.87085181882273,-19.9547582432875,-20.41115902272614,-22.031119471561396,-23.945885795147944,-24.50207357653511
2023-08-27,-25.332825992523908,-26.582240105055348,-26.989405777252372,-26.891347489340774,-26.501501376478345,-25.63821240671126,-23.861587646280483,-21.925786974036242,-20.21442366362524,-19.20572442620673,-18.441623728380222,-18.185295887278272,-18.388983513257145,-18.600812821015268,-18.77344269782614,-18.86661315888,-18.220405851452085,-18.126475572473282,-18.667357323490876,-16.75121552265466,-16.00046155856262,-18.54928103569634,-28.15063955080481,-20.37598962824542
2023-08-28,-25.748008412566634,-25.807555720494506,-34.547900165709585,-25.47917210999603,-33.65598279558009,-36.092443215721886,-27.306893253139577,-22.199477506232,-17.798648875592647,-17.0478121646332,-17.152464717742077,-16.709516033540382,-16.21729124475283,-15.86294726570489,-17.037056232143584,-18.98279977910005,-20.415189589215686,-19.548260945968053,-20.106735827292,-21.863124898431778,-21.227119333041827,-23.313655440745435,-30.394474883971498,-24.059544909930565
2023-08-29,-19.79000276365474,-12.667531945696055,-10.852948183275203,-16.868168834231113,-16.983145218466888,-16.356423267264574,-19.727643995357084,-25.146750862755255,-31.781444986197528,-27.76695670058544,-20.51784070023149,-18.892654241364966,-11.311977752884076,-7.649243471388985,-6.805865539254455,0.2101606734126733,-1.9414645051990362,-4.809822299721304,-9.154247655965946,-9.044619603067815,-12.164721211116102,-13.249592893340548,-12.549933057461743,-14.065056721534944
2023-08-30,-11.518838771769367,-11.674517966222623,-20.20082655012233,-27.231988602821936,-23.99008424854398,-27.268585564263404,-22.974326568284454,-18.493469666968878,-18.05170553864346,-18.093879903617022,-18.876989575854452,-18.885082851925063,-18.99434036443128,-19.54152754386965,-19.559412180632705,-16.194117006839576,-15.426922473318768,-15.553998798642397,-16.061973790460087,-16.79945490062923,-18.20382130736786,-19.418254519222955,-21.685982627455076,-22.598401509121686
2023-08-31,-20.669242691799695,-15.102285537623686,-14.399510401807959,-16.336292707416447,-21.777696415054038,-20.226448945903826,-18.873820312496946,-17.056937637422635,-16.11623614733236,-15.6539018599276,-15.39121834269605,-15.230980485339899,-15.177747686045421,-15.848845115569418,-15.995680099225893,-16.090821085145848,-16.049136540079843,-16.096577178236572,-16.297420819856484,-16.944839492932232,-18.026280034134402,-19.46767718479029,-21.18059353469195,-22.7785888272752
2023-09-01,-23.169445820950727,-23.09840980942363,-23.3370458762881,-23.121458267930336,-22.97260949193077,-20.80041776314414,-18.21112189133183,-17.134524279288144,-16.381256127141427,-16.09255981427168,-15.756232254171039,-15.301799623936745,-15.483072796991507,-15.833647451054077,-14.880524508533256,-16.124863479490244,-16.14084129189274,-16.066928186540395,-16.43535216177918,-17.200722932527754,-18.704950382702265,-19.507187811257978,-21.458042035226754,-22.389062142923535
2023-09-02,-23.839293127572887,-24.11628178023159,-24.38511781479275,-24.65300234586428,-24.592681794172222,-23.966635560544546,-22.357623872866668,-20.14260700064574,-18.41316073096931,-16.243051005211356,-14.320199625074991,-14.560039632652519,-17.238202151279978,-23.79758865588306,-22.3352203889325,-16.986889522070868,-15.656831014434431,-15.079827920583483,-17.1056968651298,-19.80177591072149,-19.71029542032852,-19.422303318747907,-20.001949029549394,-9.189160259814344
2023-09-03,-7.194670526767624,20.45650371029261,17.734046962855338,25.11172254158904,24.28766852270472,24.174348927930822,10.823305735554243,6.114120996007699,6.420315152760537,6.876480041601184,4.597079944264564,16.520117541095473,17.95643856680732,21.209429031519278,22.098599890179358,17.125647592190177,9.982174003478207,3.0932041693949657,-5.986323147066969,-16.842823751732283,-19.120791573667304,-18.552208025608024,-23.00067822695806,-20.620749853298122
2023-09-04,-18.882969537388945,-7.244200505264757,-6.609797347156899,-3.6858199608424798,-2.8275269641887917,-3.087721341412646,-3.6605483658995013,-4.7414953700760805,-7.727970154347247,-9.346720775531168,-10.946053513442308,-9.76441507801934,-11.291732452532415,-12.975485481085002,-14.77225471710176,-16.17838053122307,-17.529338870866553,-18.41607088679845,-18.88230747987052,-19.465340488824125,-20.507026893625437,-22.3541141493111,-23.6799421605956,-21.99703761030264
2023-09-05,-21.381510452707772,-20.80185445636897,-20.802946382288127,-21.467237686835716,-21.27451105060922,-19.649552317264977,-17.58249607393114,-16.071591705578328,-15.247366930266764,-14.38869201598638,-14.433668026624076,-14.117833920298125,-11.215368622143274,-11.548583350698266,-11.52983960482726,-11.499847430660765,-11.667586202291687,-11.826164323117695,-12.181690916661267,-12.54543697377207,-14.253953048935898,-16.00233347582551,-18.097940694809864,-14.777019006140279
2023-09-06,-10.001389275901687,-11.838815015940384,-10.881925851093513,-14.578831466256759,-20.18073700640369,-24.459927578590282,-20.860242555109608,-21.93718278817687,-18.23837519349908,-12.63779802851721,-12.421340906279738,-10.182991641961138,-10.118934926203991,-11.179765734975916,-9.466673787655992,-11.722318595288328,-13.010413209923598,-14.057836606182974,-14.816465494354816,-16.55585682068721,-19.4317852529378,-22.2895946394452,-25.292643734140796,-25.996376452711132
2023-09-07,-26.795581761329316,-27.14850014287586,-27.03045519754957,-25.87617999148995,-21.376041932008434,-19.360192181538224,-17.52649853496976,-16.252815336597052,-15.445755560334646,-15.082060660876465,-14.596938561607658,-14.435956089002104,-14.280027299652886,-14.539752550857344,-14.553000580020921,-14.087744505650392,-13.32344373205504,-13.869795446372905,-14.134377485846272,-14.88884560809592,-15.828503026648178,-17.881094300119997,-23.217431624053432,-25.978528357217016
2023-09-08,-25.99025720641339,-26.59306484574526,-24.14476278558027,-21.765472881081166,-20.94773765885151,-19.611404465221938,-17.86207718169004,-16.580969448116207,-15.728547264766064,-15.367440401007002,-14.80813231267203,-14.704440714556313,-14.694616496906491,-15.169638529899231,-15.665122217644864,-15.601501248645803,-15.796087873817214,-14.62377284321201,-14.493701355735254,-14.989823254027954,-15.744334599190154,-16.757920147406367,-17.77759521220446,-18.520817161059114
2023-09-09,-18.502388568367905,-19.25434807600962,-21.10189568724161,-24.091590333084525,-29.455659585179404,-30.041268045923175,-27.335153331376688,-20.68471081424113,-16.113557811261273,-12.35914188267921,-14.971812898776705,-15.234846682538773,-14.9198408185689,-16.528630826911098,-17.065170215953913,-15.055183544804265,-11.474829227303985,-14.810096320080447,-16.102966490212026,-17.31941187876106,-20.188337711819514,-22.348854238646794,-25.609043366966347,-27.519018286323387
2023-09-10,-28.170764335101893,-28.271002497587858,-28.64244606115679,-28.903939586008676,-23.569730536748324,-23.421028799145404,-22.515448584668633,-20.180507929912494,-18.400910495229738,-17.653612673888006,-17.147823481301202,-16.61707994960662,-16.36735546907923,-16.782315478397805,-16.808857646423974,-16.698795786402172,-16.124653314091148,-16.19840953726694,-16.144791188205176,-16.96766357263428,-17.75988803678314,-18.945860811628222,-21.321217981087585,-21.484331285418165
2023-09-11,-21.376118218836353,-21.918764767218875,-22.711491804254678,-21.527802992761167,-20.740271755859112,-16.988519263520573,-18.337768160717218,-17.500133951801985,-15.292998041763894,-15.007377975380479,-14.82440480170385,-14.53833073570425,-14.92930926297953,-14.642877235314813,-14.442961706343624,-13.57494934373463,-13.38693434630585,-13.943094695963026,-14.862142633851107,-16.614988528291832,-18.35318619371546,-19.207260260277906,-19.78454152838833,-19.730091180647918
2023-09-12,-19.72264303190866,-19.821032770745774,-20.485068794933454,-20.571516719208887,-19.77055740792281,-18.847089023035693,-18.24666254217547,-19.430553293123836,-18.637722598223917,-16.84118900268453,-15.350728068324997,-15.10831852268575,-15.029688706857172,-15.398632694645784,-15.179130495788769,-14.747846242552129,-14.492316072937513,-14.55622417481328,-14.486657706632457,-15.071484404492622,-15.817787032851072,-17.014877522303863,-20.431951561983283,-22.096322039654268
2023-09-13,-21.37330741276304,-22.074349136080627,-22.701483208615585,-22.475089856502166,-21.009183250067053,-18.753899394992743,-17.150032816401108,-16.233391721143164,-15.660741096801132,-15.42756747114737,-15.487962740466656,-15.434078091667232,-15.426638227589848,-15.755166368422579,-14.849407204623162,-17.964614606285778,-13.88847318676855,-4.4950227757561265,9.34584546881149,20.646496006918454,30.1948996876215,41.78079615201676,54.88322037823613,58.46164876514396
2023-09-14,66.24068785979044,53.807374498579,37.886693237111324,31.451761603880755,49.57156585700003,85.7119430528169,50.340601759978895,17.120502737423948,16.76764476796589,22.154971005762377,11.786890395480157,12.748017567061652,14.709350859064529,16.33221071466994,14.468726028786676,9.618879835589155,-0.44950706668782914,-9.182529281156349,-8.532986360048824,-8.180526240950712,-12.016436126669902,-14.642101058403938,-16.479366109635208,-11.34209471978835
2023-09-15,-9.998464597711148,-13.1596172400792,-14.856842256685098,-18.291381863944054,-21.570631787343785,-21.77411666400272,-21.935691495313705,-20.405720846292922,-19.46072014593247,-18.986581879349927,-18.5224081494857,-18.34862705834658,-17.307460061027598,-15.59077501219744,-16.050581126900852,-16.212097042826798,-15.313538067922423,-15.56424160742398,-15.70047663796609,-16.448169113191682,-18.146587761618775,-19.777059270209946,-21.603408350197356,-23.560007495114547
2023-09-16,-23.976791441807606,-25.887645649703202,-20.301636865810934,-15.956818555610653,-18.620491226103624,-21.40401144397559,-20.948759310486196,-18.062101995959523,-17.548624323568475,-17.81502234166777,-16.26537626532817,-22.189947479115744,-21.514103604397917,-18.214011263398405,-15.264625941222135,-14.124873603023588,-16.56467491226033,-16.33803500915903,-16.269747658085777,-16.950578847953267,-17.93709369980303,-19.89327544721499,-23.115001740201834,-28.656094644091098
2023-09-17,-29.065677526893452,-36.743986838260014,-36.59776348645631,-37.333741147999525,-33.45318431513425,-33.27108586538559,-23.065739039139494,-23.791088308016263,-23.185405215897113,-19.74637293164431,-35.89481155607754,-20.924801424170525,-20.049941545276425,-20.800868820847498,-20.583248812293945,-18.33285537963846,-21.881897752254048,-22.132219013042402,-16.920529233863192,-10.62269908736063,-6.360458962403641,-13.280654928667374,-3.4143281208222334,-5.220332855643264
2023-09-18,-8.155871551162917,-14.847517038078998,-26.99957468771781,-23.765997273716174,-25.76442323005594,-25.49847854144423,-14.772787171606211,-19.0751264673042,-11.655928203983933,-8.08681158422516,-12.986361011327688,-11.909221862087662,-0.328357060107777,15.090542154728087,13.223964614838716,19.047268378315415,18.01317571801064,8.238347713926824,7.6822613170591545,8.20847857410342,18.936346493889417,20.63449104534302,20.935400824884276,20.88727863420478
2023-09-19,20.79243942138174,20.3175095261931,20.505677310393708,21.04256311713162,21.354138723971907,21.500873870209343,15.132459367116509,-0.6417479978287943,-1.4072567805458789,-1.1591548746144653,-1.7134300408947212,-3.7326348564752436,-3.6285931436906296,-3.2559137574627712,-3.4931111939024504,-3.818388132290785,-0.8295484761786938,-0.5091535062196364,-0.5115684607949795,-0.5398692728169614,7.049360812667803,22.821485992221298,23.257758742953,22.871559959062832
2023-09-20,22.592607531008042,22.65681708614556,22.92817511324207,23.2313919135353,23.42833446030966,17.56003405619755,11.327851153727275,15.05476072858141,17.643033683946083,17.31424161824209,21.32466726103717,24.020251085266406,27.654170462288143,29.410027583229926,29.194478060687008,26.497203029955067,10.32240182833155,24.716240863019703,19.369259575319234,19.029374617600745,15.575501053311246,28.397958268452875,24.44023719804643,25.48035076441469
2023-09-21,32.7502560487683,27.92664179628068,16.01729696079592,7.688025877705087,18.383614218933772,42.93460022957707,70.5261107830377,59.95435777011389,57.46969680161246,36.83385900602475,31.33527713943988,31.822449075262554,25.94187007200253,-4.212320307344584,-3.9628132096594015,12.69898232493341,7.201910430747148,-0.040773380986337315,-9.777942920848943,-11.771353831177208,-8.820987726683455,-13.40739426361526,-23.676687772905012,-31.39812155937169
2023-09-22,-35.362466762971266,-37.289846139650166,-34.94320271527742,-32.52104796692936,-24.74605213946822,-15.778194524709448,-14.398991237497938,-13.256635430968828,-12.686926391834106,-13.124907897760778,-14.239262802957171,-12.912497563416366,-12.10540863030522,-10.204883185118447,-7.022421964609052,0.2751702806789069,-1.2905472114173904,-3.903201742474465,-5.548121608047552,-4.963546204012971,-4.569360628881071,-3.6044360290682818,-16.974297749851516,-13.347023936578807
2023-09-23,-10.776517255256039,-2.503244222140303,0.40169572638193785,0.056968746958979466,-14.611104947902476,-49.84982077221821,-21.93251925862083,-21.482987880369308,-21.74498594647332,-21.33656630938077,-21.21097577325645,-21.255477636093616,-21.662720925653417,-22.49775271612748,-19.77350520730019,-18.02784566342234,-17.202279238436603,-17.305612964035788,-16.905390472045752,-18.639575481161188,-4.648413424894926,1.3425182590635814,4.279270634877413,16.64997976618261
2023-09-24,27.17599232007415,25.772305520183536,24.758864867938502,24.359751703786394,24.769839869461116,25.184830116974577,25.806613062732627,25.806768090209086,25.58642612777548,24.925927777478794,24.324931790084293,21.831729010368196,23.75086431687042,24.127532808620902,21.64826649807482,21.53355047389392,21.432093688342462,23.451045854716842,25.360831768058926,24.822589494953434,25.579405927516557,24.950019925453702,24.975430676381652,25.299855900696475
2023-09-25,25.240020863564656,25.27601431895954,25.740160778257074,26.287035837884186,26.785830842095407,31.630103032300198,41.47173221209526,27.63535675445467,23.633647379813596,21.460335892314653,50.16250000943874,50.100977955816205,45.126789011181216,36.58099400263367,39.09798293328327,49.68774084126545,46.672473745677166,27.6655642495886,17.053270187074588,16.60100505950024,37.65954709751111,63.49466023374531,45.93586918694662,37.43973126917044
2023-09-26,39.81447184647767,40.754406474184364,38.977552701179405,38.365917337383124,32.87574159648281,35.64153554134201,33.65277352557112,32.04699670966873,36.35881719805165,35.14570137230929,27.06841665142575,26.845507740013957,27.108248813216882,17.02863623464647,8.393276924446695,3.8945246768134467,3.6032348099770104,3.2128822641070656,-4.778844227554998,-7.816513384729603,-16.866628674141452,-16.553375052471353,-10.1694961478332,-10.849202977758068
2023-09-27,-7.179547035740825,-16.996589958175633,-32.116269592268,-32.82229987934653,-25.477296403794497,-26.70799660058168,-25.905386199666765,-17.373232739152456,-17.93933531753214,-17.445873602023426,-17.456179891775804,-19.39433711026045,-18.4727707637347,-2.231427050845525,19.126290208305832,28.005763765267915,35.427120149217984,41.238919025872384,41.62535525738078,45.06890691201267,36.96454068424829,17.075937017978532,13.439553688508415,19.224487335810338
2023-09-28,28.18876061621845,28.1375091333713,28.196293740299915,28.427124117853992,24.878444888964076,10.754404845966185,29.154018197383024,51.27681963747668,51.39790882255478,46.10904989431662,51.88507469641407,50.4688768015826,50.331979118082835,46.82178022635975,51.37374924001085,49.52639951660699,50.35915583421745,24.15413082460634,43.082497915120754,43.390856026615836,48.194701036398385,35.07624853982349,16.503822171146503,21.16002804269229
2023-09-29,22.389926803934365,24.17716522252556,24.255668767100154,24.30843007582766,23.73811566026469,45.378055753595596,58.83281129599749,53.486496790582486,50.93396856478861,53.19314595299081,59.04715191922398,50.29825951385247,40.02318159680027,30.65880428561489,31.24542204534781,41.51591686772237,64.11070012550415,83.33860092140443,101.8792204306269,90.00009212042302,79.73430302572292,57.681485858496025,39.71227094886748,39.03887575157143
2023-09-30,8.3083310666632,-4.816572739984878,-17.42679002876899,-39.128966416484786,-45.30159230668818,-32.79758101009912,-32.45702197474429,-30.90061705277506,-27.512435060240193,-21.925209950658854,-21.783383195706875,-21.884687762607967,-21.828746355132637,-20.23520890941532,-18.17829744682615,-17.48371435484964,-15.467707156418811,-15.792209267875819,-15.85353752190079,-10.084842097095759,-1.9066935203682078,-0.44260518943754334,-0.4650058457988777,1.5722234727504762
2023-10-01,2.852782321610622,2.7148804281750607,2.241664846102495,1.8799938918425383,-0.9030937224477924,-1.1325420722160473,4.242099991322689,2.8559462228154473,8.349720060151917,5.5329013018748086,1.6051116084316561,1.5709511336556972,1.551139732340033,35.09113893427484,33.187829999470424,25.036798224632108,-22.97566506690427,-24.302867803837785,-20.443952089678106,-20.725577560961,-20.58001928098051,-17.762678769488843,-6.901845916369837,-6.642232725766945
2023-10-02,-6.601129853523474,-3.1143132257600143,2.3163055259106784,1.1097618339046846,1.8999089979458006,0.857845692872587,-1.9271011816988448,-2.1813373111180283,0.0863352134029185,4.57363451050233,8.058139577182828,7.541542361358779,10.17888903134235,9.853238059097947,5.503121802293549,-2.542794050974777,-4.893842792287387,-6.858618458324486,-12.41835416918343,-14.906838420039776,-12.052304118577183,-8.696875482516134,-6.204520402697412,1.4508082565476883
2023-10-03,1.4972472871128062,2.2295980933672084,2.8477839605929987,15.43333505887297,15.115583311977907,24.383037702934097,19.420755107465588,25.1552313170475,33.86858891914762,17.251821087429086,27.59575098466709,25.70831053965261,16.584383806151706,7.197161909669454,2.7034108073632197,5.566749214227542,16.87905380506035,17.305434825096665,14.799455767687022,15.47804994672083,4.755133276692355,2.753617210882201,2.593811958358785,2.706739054769006
2023-10-04,2.59205254069008,2.609415993678791,2.6276370035081698,6.243963127109929,20.651616156927474,21.049114599065167,17.772081903376883,17.45590041062738,20.343514664256347,34.28869490291408,35.33445422263054,19.253542090009574,14.618132962061338,14.824772533635219,8.621405213112553,29.007868567097177,52.7530463691198,32.7815131346387,14.61430764871099,23.521187948374617,22.506888200296956,-2.424018195103372,0.09846325733666816,-7.671268683701548
2023-10-05,-19.35015666537192,-21.26157063326614,-16.947206616036972,-32.75110671368239,-30.704177245649817,-24.433745345435142,-19.779561311938636,-19.823943333185838,-19.17293731382685,-18.880116946681113,-19.540763039704274,-13.731847459913922,-0.8621674976019449,11.21392157492285,3.3783679709724623,1.0801071949892105,20.897891723825154,30.639813700740277,32.12949019647337,36.83125149152818,41.24907369071215,35.0037053552525,21.051808923396223,25.807638042510334
2023-10-06,28.591565494451643,28.661691012090557,28.61299295257278,28.394383447807858,26.12295731809632,6.569201637418523,5.312453616092164,4.0671277993159265,3.737418640578227,3.6967982935810255,15.605600769152524,15.686116194174033,11.268711073344292,3.308297689230926,-0.33324144484576834,1.3664149262574057,14.35450455323533,28.93139151105045,9.993212188247256,10.461679032753125,11.650099099541208,-3.4666989129136496,-4.678908611387122,-4.5460072371137095
2023-10-07,-4.3766577355586485,-4.369966467556303,-4.495821043389512,-4.564416700199246,-4.521265203322233,-4.397266398728664,-3.9457425716808174,-4.450862992158548,-6.2380094871061615,-6.152798109037974,-3.9472965877560426,-4.374652191066161,-5.395704971677354,-5.34181942584064,-3.633675972472375,-2.570691936424822,1.7009826498080898,12.806318705117718,27.927164886656925,26.89904587550768,13.913628295811023,22.030032237215792,-4.789285799936891,-14.503184512311819
2023-10-08,-15.494461544056591,-32.846384379211386,-23.823004844696086,-18.710569581552875,2.3594713880763436,2.7239352164026798,-2.33927873601516,-5.719035133168376,-6.973453904715086,-13.747593118912562,-16.037661154809882,-12.061362377750925,-12.559347735163641,-14.942920731014055,-17.393048293040295,-15.29382690247678,-14.772144875015698,-19.0583759463523,-20.352293848128,-22.427428695668482,-18.936925061451177,-20.97897521614631,-32.303132054865216,-37.41511881146597
2023-10-09,-33.12834608045458,-11.152968246873755,-30.630925829996876,-36.71182958185814,-45.81037575598424,-24.605321510863973,-20.79907675966075,-16.23720454522899,-15.800687916083206,-15.511548291697807,-15.091496826129458,-14.77428062921453,-14.761859500076554,-15.117982558174504,-15.353478308049972,-15.034463217896388,-15.43179945492875,-15.510570590051202,-15.172227185902557,-16.16591745740692,-16.666179604552894,-17.892326293873396,-18.745713526997775,-10.935147599897277
2023-10-10,-0.7014709866486726,7.403942967911604,4.767532162939915,4.515292187376161,18.929178798440518,23.37859062533329,28.330554868164455,25.065396128749143,9.397896057938283,13.989283293998596,16.209147549867623,9.538853830077585,29.21121412275992,45.90443065834658,43.954637503298045,34.84492039464098,27.72392164350301,15.727475242170655,21.38344652880953,45.737418606488475,28.99591704729116,8.026621920628333,5.851465701519384,15.099156312252344
2023-10-11,19.660888835454887,16.369490808109447,21.095780956719146,8.820681234614227,6.5845287781929756,8.95286067124928,21.12831359430135,44.475308908642674,43.693246654025494,43.0425707309387,36.26115989995839,43.063297882441375,49.14532877118748,49.75379123632446,62.69586796400389,62.98462648765184,50.715276712099495,41.62420331815824,20.964865075171417,3.7595897430483944,-13.302937335191103,-18.892320863785187,-20.42610733895509,-21.631005046592747
2023-10-12,-18.713333652421568,-21.407579564887925,-26.590178753695056,-30.686750419414892,-23.013058157629047,-22.09541258021045,-20.481603547107454,-19.40279281463188,-17.171206593123543,-15.244628181115218,-10.915082965667239,-7.809466958509063,-5.704648370769007,-2.150510248373166,-1.9357448350332902,-2.4763498979946803,-2.762665896669887,0.3971221395024713,1.923000731807349,3.6605366211861394,7.240647768788023,10.586442281512603,17.090748200562615,16.312528351061374
2023-10-13,21.86251731631424,16.34887715217294,10.033320592407492,0.10453452729552026,11.91676759129966,0.3230917155938613,7.542101150802949,14.071764005130504,8.414945667119355,15.825104820416996,22.22133724474429,33.25868009210376,27.87950795247434,41.67845564983398,53.30250328880386,46.157765577980605,35.71377830844971,45.87300702784879,35.142006070997006,26.279955492366923,26.487421738967143,27.68046174666741,24.315065753901287,26.06146355941059
2023-10-14,25.75036723303248,25.97563237672339,26.84028399388957,27.048524695457104,27.809656715163857,30.194125966898998,29.451022758349858,22.568692744576087,8.071037959835472,3.919564498523016,4.021473205986304,3.999933333451544,7.15416394537521,12.360749443471114,22.589986161397903,7.000120674785265,5.089635834724945,1.5926859666662523,12.15553961285098,17.96977701430749,4.150811530325463,4.079347330832789,3.6945130910396955,4.21545427756363
2023-10-15,1.8106093501396856,3.293160425300073,3.375275900257993,2.9939100704052777,1.6255305979533858,0.035826509005914886,-0.31183868364360734,-0.12648156937749633,11.160817345396723,0.5129792752930484,4.233840583209968,4.316173233583868,2.2505225313018826,1.544566980478507,4.409194244848521,39.97967210994706,17.159367766130515,5.580073766125253,-21.920697479907574,-21.936706256117873,-21.164986527240274,-25.213130243821695,-26.940007225158013,-24.316996691271896
2023-10-16,-16.883364315456333,-17.401003505018195,-17.142085635474416,-12.173825664676627,-6.191795066490812,0.003098822867173112,0.4595532244615015,0.06963621046236312,0.1278605513173261,-0.41449192460157747,-1.3229513047124328,-0.8604747115263649,-0.5600637431570021,0.05297015253742643,-0.14926530763762003,-1.2901942634840111,-2.9549311559081843,-3.440453215100945,-3.212058491436551,-2.7667319107312665,-1.1889852745641463,0.16305984379761185,0.9571121320810221,1.005420391803483
2023-10-17,1.0931522167059313,0.9261945289247819,0.4973295728335074,-0.2604011005900304,-1.5130263239133512,-3.3917604093965963,-3.6694256046463067,-3.6174961572277198,-1.1831921378257277,-0.17552866924546606,-0.1760803304774754,-0.43128865770992775,-0.8753693971733014,-0.604692116538871,0.013190020421404824,-0.040437505419859576,-0.2037887945439536,-0.13995766818288757,0.5975663015666584,-7.713507365017676,-0.3184104165160875,7.796619034977624,12.828239517972026,19.99403745098578
2023-10-18,24.606848554779113,29.038564565209455,29.14956463227452,29.17418535861995,28.463834996698168,29.962618832476284,18.838023116727648,24.282950598357978,36.82739665975069,32.011517216014134,25.858789321781337,34.460852349628134,38.237656200126594,37.11189160781686,28.215705099030306,19.106786232600516,24.454053051839615,43.23811526749513,45.63910728436835,46.79487904858742,32.312606413509215,23.681091355380598,26.524135833109042,26.9752164936504
2023-10-19,27.182198158705038,34.62330923097975,31.464000792222915,25.07073900375248,25.108387483833045,24.549960915549367,35.92552085106624,36.19631222723888,33.656232126681026,58.832344421933215,64.55000211948783,73.5266371466646,61.621674504150846,57.25384897743923,59.843975132909094,42.219144814379675,27.796981866245645,33.34562269285671,28.57657252863109,42.76687545367085,49.37874000612824,32.88579714913198,27.064447582889937,30.191217116393126
2023-10-20,42.35124769270104,32.093643443525224,26.545968909561612,26.406357783378244,26.04242330594852,42.640453296001525,58.31527224931762,54.76435586577393,60.321544912985,60.676938409814944,60.3417076179695,60.5186950743409,60.080877057314346,54.66933432655636,55.55600130057621,70.97231629195937,86.91938075862927,93.10781840485002,78.73372310551758,59.39804511489639,57.38662596109151,54.43609050819919,,
2023-10-22,,,,,,,,,,,,,,,,,,,,-1.7816242945347085,-1.8538168623831552,-1.6430218624874442,-1.0218599587260258,-2.4281298954273893
2023-10-23,-3.7345763761474586,-5.116627796942282,-5.298512593692351,-5.332101331734179,-3.7530877681550123,-0.31324012692979863,-0.13963060403116856,-0.382934306071121,-0.31488413668961357,-0.28910005698062946,-0.2733849621290574,-0.25037985413089814,-0.0954691334097788,-0.2067494229310114,-0.14715150037170588,-0.231932338919421,-0.1039789276077272,-0.5941093888435773,2.2917417307311894,4.150722328616723,7.362634285644589,10.61709799550465,4.146571238037822,8.782357615607566
2023-10-24,12.490570800573352,10.82655779858365,12.756226554727121,11.594015432519186,9.058688484704561,4.224751192041225,0.934784864885529,-0.764768777419988,-3.718847054048183,-4.644527408905191,-4.771080616484539,-3.4750855679178585,-3.3919399364604885,-3.5277318092344956,-3.598725866790005,-3.6196394567577954,-3.5493007216353476,-2.320253420700112,-0.044171883129479284,-0.30902750482371744,2.064332578129722,3.227833322240542,2.8900187579230874,3.3367687463909306
2023-10-25,4.808612593027647,3.9934107989218433,1.6121001673392072,3.0980361070753872,-2.674773959363563,-1.9570187595975312,-0.43946171287839775,1.5128151961342837,2.8700280371575673,3.9916423212147834,4.971352871897835,12.101587381243775,13.855233205593407,13.810876169956657,13.012174214776081,12.491736013565514,12.881857925312687,12.416390886302992,13.578272831574367,13.964165417912142,14.789801559233439,17.3075054679052,17.443691559947894,16.867978196456875
2023-10-26,17.48974220801793,15.485850140718583,14.59227314133554,8.240083546112686,2.595154372899458,2.228365915720161,2.3561434646461237,0.9283735773638568,-0.05974092869777792,0.0806287540874564,3.327285134748479,6.311567598565375,6.605756226494634,10.152171660257835,12.545860493391729,12.537165594639049,12.478692906523037,11.660912140537135,11.688909885255697,15.995477172338354,22.077235125942167,28.431726652681533,23.25618063906029,26.102244409445262
2023-10-27,27.117247059808278,27.199072542472834,32.890386733243346,35.24785257718672,43.75285243582789,35.35182469350545,28.401991059088544,23.21798150603601,22.198091249806737,22.224862599454497,22.64470534276876,20.069375305098134,14.997248985530547,14.45212674999928,13.524720749375177,15.773851117758284,16.189124467711594,15.047778179231358,19.452092083032966,24.139442372402584,30.30146427082923,35.90245970231837,37.71530471105132,28.447279490911455
2023-10-28,23.478520385619525,11.851411764672207,10.709440089315791,10.983140529023032,12.986249377723027,20.803753498127655,30.737777304581243,43.59234354868772,68.69154887064664,65.48140556263043,64.84186139893505,46.653102904903434,34.52319759393272,42.34170528708324,38.65918344433433,51.71587417771157,40.84228547796043,23.077772623309073,17.729224559493787,17.50278663700444,27.229015350847337,26.33141437531232,29.09150783068453,30.103053262076628
2023-10-29,30.48931829641397,32.57654284438435,35.1163419986011,35.72747904568778,34.627492046727895,28.91429644043928,28.05027224858774,26.58005819010273,32.84750599244623,32.1183388201021,22.039641770185078,26.4693852733352,21.304650583513798,18.808232267527657,20.18775201483242,18.35351390931062,17.844418139135144,22.29485587195221,40.811846381275174,27.403321065757304,27.335761118663775,31.71998978562048,20.635550172141684,12.253124818367382
2023-10-30,4.208105286107134,6.25324765612492,6.222216787311012,6.332552890282244,11.563339679816927,36.69531390087837,40.780315339896035,59.82709288703756,24.07957678320173,17.185773517695708,41.682361406645015,46.06747915654415,42.461585015555755,27.180305273957458,6.849293452338912,4.454517587908441,5.319806137736379,3.9034087952588834,4.0282543943424685,8.694212172066045,12.68209569586017,12.14113421720785,13.19789351940571,6.872631670823296
2023-10-31,7.177636964600637,5.657952831293002,6.024417101453892,8.271049167968542,10.138874321964892,5.947773186260292,12.488739916837119,7.532913484972568,4.7434364454665285,0.4467865213149764,-12.335034678388183,-10.391064828087337,-5.782862807896578,-7.322612734601705,-13.204947779309322,-16.101981137848014,-16.59934346770379,-15.97300913048511,-15.91760076842624,-16.021353994213,-15.408493138147634,-14.189228011751197,-21.42178696391511,-17.117580224962467
2023-11-01,-4.088874507061007,2.3806544497841884,17.854071590308045,20.624759521733885,13.909384887699872,3.4500537753199865,3.304580368736893,14.61701779849026,21.84684234649609,20.524111783239356,9.945492741071781,7.646772636138181,7.5756716825118176,7.2970023859290265,7.161872703241293,7.452880738846105,22.54772463429812,35.97340022081791,34.42074622013789,38.50903382873671,22.89901582938387,5.016224468400061,5.710518533180554,1.1214797300294492
2023-11-02,-2.0452236517904083,-2.3687250047996145,-1.2478488195757649,-1.6385923637893427,1.53550059589125,2.0539671161018944,-11.186026440012242,-7.511740925989955,4.419484277825333,15.781148009302896,12.744302020585735,13.667902507459814,16.121172735605782,-9.729700460735543,-19.908987590864882,-36.87100370846615,-32.5013232530313,-28.772737969815083,-26.162878821365,-9.477432732369735,-1.7431953396752178,-2.5545526331809967,0.06984227079391303,3.880488602348713
2023-11-03,8.79016454864135,0.9587089561570679,0.9902686116591504,1.478916510313418,3.6357387510377954,0.7824189889936193,4.971145804588751,1.1890534303655187,7.381247960890519,6.730050599819265,17.73776572562744,30.697839532094235,15.290563761287437,10.195676969274295,-0.14345694381312057,-0.0355688719566416,-31.4546907899815,-21.981030929885407,-21.77540431410341,-25.7962313992723,-26.017729252545024,-21.800656223254606,-20.171841214128193,-24.415689811655483
2023-11-04,-24.82454718245512,-25.292936505024855,-31.93311548628553,-29.254245638906866,-21.85399091604566,-21.297548408482328,-20.63353860817466,-19.59023847335102,-17.282169237880282,-16.135764575043822,-15.420812170458731,-15.243169121421232,-15.22541990963785,-25.213129000652984,-24.938549051153473,-18.082643525007427,-14.70626216580871,-14.071605840410342,-14.264132646057135,-15.598481591156826,-16.259813386729462,-17.16045617290112,-18.41189442833877,-20.331630870503204
2023-11-05,-20.72611361919087,-21.914507920120855,-22.54573394791177,-23.49451060555657,-23.76548820309789,-22.738296478539155,-22.130928924443666,-20.0864818678602,-19.03928792733808,-19.44014404615858,-26.52902317177943,-18.316345377569277,-12.422834233277001,-12.718307674618387,-24.86100947991426,-24.073986760038025,-25.38191825265139,-18.319046908783434,-14.31427449486631,-15.250650395221982,-15.717948580979908,-17.194715360444548,-18.757120502633,-21.309486326707983
2023-11-06,-21.644811861441283,-21.609113445633326,-26.40431438865876,-32.59187389307455,-27.388179089786384,-23.709791463948406,-26.220415015613824,-15.974724727037028,-14.513633895565988,-13.93346067788002,-13.571974132389613,-13.717670187209194,-14.891163731452082,-14.645693205020606,-14.393425074371535,-14.290640510887357,-13.628471693959483,-12.868242712774304,-12.910306706285894,-13.841909624018626,-17.83015424032699,-18.77777708418037,-1.403814110008561,-1.221763551377606
2023-11-07,-1.2738661440995358,-1.0911872162946423,-0.8304690534804848,-0.6935146412434534,-0.8303650100548055,-18.321917491625122,24.63247071832943,-19.189366739580123,-25.52476925421945,-25.51975755958361,-22.415367281663677,-17.255760570299543,-14.303440688604198,-14.02846467485648,-14.203903153478109,-13.54473212792206,-13.320769389636212,-12.734421220456284,-12.56101342787025,-13.376633682734166,-14.427723299179604,-15.595860896195148,-17.39780932041168,-20.45632966309735
2023-11-08,-21.053845619597,-28.327271003303224,-21.227855940597905,-23.327244128776016,-8.036292752354441,-11.50396032500008,-15.150224077040377,0.30377301156462266,4.885157066696273,28.538997319407407,22.737239108333,21.210455066272615,20.074715491445318,18.671435910343405,18.021501022543816,20.855541841748277,19.376258512713576,14.765606668429967,11.6960804823363,8.497944437541264,7.04078910739932,5.340083764725989,-10.597901477289682,-12.334173220741661
2023-11-09,-10.848601785299223,-6.791174282698691,-7.36823039827884,5.625305356651964,3.6670585383236585,-13.116400139601737,-15.063053823790057,-25.65161909209783,-22.268630103513743,-14.41046721901398,-16.117417053577043,-16.223791448372964,-16.234454326910765,-16.63919603536766,-16.61389710800333,-16.632535800089187,-13.588598827384459,-12.733641739755797,-12.704476690376453,-13.972548178067484,-15.335286245834055,-20.05419796954405,-21.64941619694318,-32.16145965149842
2023-11-10,-26.62801873701693,-25.212134630802282,-30.379991480663264,-29.399485571960312,-28.88808099752734,-20.784346267894023,-17.24392297759516,-15.273558229651087,-14.337669241790053,-13.628879904622409,-13.388678156049338,-13.175814191472057,-12.764548999866037,-13.430303475885353,-16.625902594762266,-15.648874590069994,-13.853517317672157,-13.554932268528859,-13.398151135284081,-8.320191778742469,-8.140911037075341,-11.234807550535152,-1.7611385004545212,-8.841027880492376
2023-11-11,-10.18949139585385,-13.973487879834835,-21.408130910336382,-25.937644837550963,-20.401782449839345,-22.674465908666015,-24.593587834823992,-26.138198329883494,-21.78258924016268,-19.375021350087337,-15.070337908863365,-15.551296894044185,-16.34854647614904,-18.466581232908823,-19.160135615485842,-19.471005028594988,-18.053232743919523,-17.12761374179894,-17.027023606057412,-15.741397797120499,-15.720004734490601,-16.762718099674146,-17.830846141569538,-19.655446778808766
2023-11-12,-19.72794185414486,-20.38119342896013,-20.958307882427818,-21.51533011568725,-22.036414639874778,-22.184043901122806,-21.078455171287743,-19.710430317834835,-17.851060777927927,-16.07788417718797,-15.29046420070864,-14.86646796734729,-14.326333508935761,-14.282578472053217,-15.748758632404872,-11.380983778678285,-5.10599222906265,-1.1752744114052405,4.85752506877256,5.236811186783882,3.0857214749029254,2.631411097517571,-2.9807481531266546,-7.01519111946925
2023-11-13,-21.69514674766026,-15.12410143663412,-5.724350984730094,15.945821810411744,33.21360648253174,19.802944701504067,23.66723495699774,54.02332966441959,37.483686101928356,34.74091697289711,33.02104273450938,21.6117068914499,26.04215594803142,11.882337853142886,-3.2971932678316733,-0.2423472471613337,7.023532373883242,8.776564958050074,8.395549623177715,1.65972462510139,-1.5124064327877704,4.760906392004117,-2.7872943489641386,-2.9437074839005035
2023-11-14,-3.075440917961167,-3.094076164000846,-3.0580315013866297,-2.0987045505920676,-2.3278877902247785,-1.7739570810943945,-4.970991967989491,9.259133929291934,1.7590876205946557,-15.155323359533611,-14.498440023543509,-8.17954001735609,-9.37381856716874,-10.935586973655603,-6.539543901149301,-5.29581761775799,-4.6355268323257235,-4.568179571166752,-4.648439167315189,-5.577115359970833,-6.272088563667694,-7.214637010955499,-21.976199451606973,-3.798297934566307
2023-11-15,-6.6431898419872155,-1.5738727627501135,-0.2074112079810888,-0.00038811762684787254,-0.00041698268481837886,-1.0632095465202838,23.997184287763098,9.75373568643154,0.1694288624788669,0.2243142815568433,2.3759447571198393,3.0796524900704867,4.3374242379648535,3.4541783570238636,3.6255009632881467,2.3543648480890624,-0.14234632786212842,-4.125845230587231,-1.810743832377625,-5.660686181157132,-7.167727650879101,-12.193956514784816,-16.737483485926987,-18.429658585054824
2023-11-16,-18.525161166303974,-19.150135136116717,-19.611578597309915,-19.926531921018466,-17.664454078306335,-11.36479537860248,-4.580893112733975,-8.155957115786748,-12.036321742035113,-13.623301788562344,-13.565839100384835,-13.454915701973277,-13.267002816122954,-13.61491675372855,-13.734463564989255,-9.843953420565299,-12.814144226531312,-12.96744768099353,-12.85164592413588,-13.633396348193969,-10.578394989813205,-14.309112492618851,-14.962232206003534,-18.23102111401022
2023-11-17,-18.058865998258938,-18.590424114263186,-18.91362677764488,-18.275882932757384,-12.904933455507944,-6.4979769040596125,-0.765907751416762,-4.962600946051907,-9.00046968143181,-12.612854662526786,-13.359796683510297,-12.909389737732852,-13.355742030222984,-13.851286704441463,-14.410407438385278,-14.529120446041645,-13.72748520017467,-13.402877245527804,-13.225435957408308,-11.971524518052433,-8.448255391636508,-4.031285803916774,-11.871771614641546,-7.3001695037111745
2023-11-18,-18.23910287839169,9.903044286765315,19.77484614251909,12.177576486451407,2.029980858260142,0.9364643905691103,0.9478535445189245,14.805342772854118,16.31396003358384,16.313948327763278,12.333582325423635,14.545915635109921,16.832917470365672,10.005819392207727,4.404819149078435,6.811798376558016,19.887425381041865,15.931374338047561,-12.549837280688905,-8.018453581995644,1.7242569176907736,4.295686410060611,2.7083809747871186,2.5600006786785094
2023-11-19,2.4231618003196047,2.378088860306452,2.4991013550915397,2.632055412313104,2.5215192163786853,2.3097656896871896,1.7968916811687414,-1.569078185132767,-2.214772838360709,-2.6660913304942824,-8.405426261115714,-2.7151886343551723,12.955232968814585,18.170759060505873,21.406390676330503,13.654230684069418,-36.830559458102286,-22.513046400178197,-16.694393150483393,-30.010355022680244,-25.285368692553533,-20.27803179908095,4.5243750313128075,4.70489361398824
2023-11-20,4.726091116875274,4.812167261164447,4.850632668186002,4.769586120715957,0.7275943757060972,-1.8514639516827032,31.119750594372007,-17.87725659075582,-6.703186906686625,-8.414076143808785,-3.6409203772606986,2.508821740900288,6.342166885459534,11.856955830800274,13.015572708566765,16.300957233387976,13.797029884880999,11.965402414020787,17.61138861803073,17.038967098084385,14.739870138539203,9.787843400539174,6.270555211355003,2.2618049709090116
2023-11-21,-2.55948784173205,-7.6196660217106995,-16.043786674307704,-8.77436414813927,-16.30699623853934,-8.331830053478356,1.8845670395423042,3.3666335694600775,2.4786333541756846,0.5312598792933159,-1.4048390073771202,-0.16322395007790647,-0.1200697930432284,0.3992083966670634,-0.571415144326096,-2.2228926843561965,-1.0120241660106046,-0.34277171452990274,6.318552914660842,10.069097443038999,14.535214195354655,21.94052129385011,30.984310604525092,37.386801322968466
2023-11-22,40.546214975424476,24.68323066157359,17.448955508082207,34.51891894885132,39.588509813044666,27.81737303351136,19.491994426681373,13.005955474799123,12.592312248352812,19.455238022288825,37.22482611898823,38.21783486941493,38.02616999214217,39.33022955948947,40.010067110953486,39.93737196372619,38.58507876265952,38.08136200059535,39.22777007752785,42.94149604719733,47.86899657551663,45.27757276065893,46.79844215235057,28.508252603347323
2023-11-23,29.18335125232836,24.990870436420174,24.12279518347556,23.98735706191433,23.91846489863135,26.764652101510134,47.228109564806545,48.48509027455318,49.552524400705025,47.95001670410626,46.916460531704814,44.11532019651709,50.080525792209684,49.35415686717487,43.03807333563196,50.25261679031425,57.267975787925074,58.75968582420027,66.10925849673458,49.014785077251375,32.37305557049789,19.31259061241147,10.80081986387004,6.806111114148951
2023-11-24,5.998689606702641,6.111344727738263,5.730948704551164,5.353917145523969,5.275517844780069,5.843973222499873,14.248860463830166,6.7621041999190865,10.3147519729377,36.54608607713971,45.299413627452154,42.13808389938396,29.82484777194594,33.23108837584286,30.567555379832072,-7.4290296584591005,-15.030256077581953,-13.872967264142346,-20.209091217862607,-20.207869910748997,-18.04065060003606,-19.58614778140783,-27.654927922172803,-14.079072998718303
2023-11-25,-9.018360348957529,-9.241863905850195,-6.888431743566812,-10.54671763896782,-8.386292845949114,-1.8611596999134008,-10.060215311631723,-23.53958880990274,-40.49165360903271,-28.22483595096699,-22.77453026406269,-21.933441930605426,-21.732766762802072,-22.150619848671766,-20.514187650267303,-17.380909443051763,-16.586390311340296,-13.376046856304185,-13.159326187515518,-13.921624810202843,-14.659596527884617,-15.565489865021505,-16.627240364517604,-17.902352927914194
2023-11-26,-17.898913755951554,-18.364605717337554,-18.88050789883488,-19.557433822887134,-20.571752433063494,-16.223844201614213,-17.902702214996253,-11.874531522497591,-14.536351909935206,-15.333231655680606,-14.713885790731467,-14.250250290734016,-13.728551829123376,-12.86543713668243,-10.814909713997793,-11.642379646286088,-11.787235850135403,-11.548755112056142,-11.202524190339034,-11.96501078970158,-12.335003024957189,-15.021383907501615,-12.806666490754054,-17.16297656858248
2023-11-27,-17.757918273777562,-22.847228758252953,-14.696241747061919,-4.810597362892338,-1.9633025975417695,1.5637881236400801,7.300357157965493,3.014172371824941,3.4282134117314342,0.7260486592651603,-0.787686077245553,-2.9619114878148878,-3.952801233781287,-4.053309189614481,-1.6055373278493903,-1.289429886356828,-2.604705147681699,-4.913420694335571,-8.973876019052682,-14.474841618413905,-17.105971746280744,-18.062856296149903,-21.244315405923913,-25.487758998382716
2023-11-28,-27.059996280717527,-25.863647939467853,-23.068195337615563,-31.116641662074883,-34.63852164717815,-25.0382634514593,-10.838575172719857,-10.385798896764868,-10.866444658627813,-11.55615144196662,-11.454681874669859,-8.68943016263799,-4.771673402370169,-5.589945608046975,-3.127409336194944,-1.7018135807317663,-5.307934368905478,-1.7101077335671278,-1.2704457077863935,-4.347124656130546,-3.2426906348056264,-4.386010803994537,2.0935874139857447,1.9687453166797866
2023-11-29,-5.011571808127371,-11.137647039542742,-11.533282265086058,-8.839223638095717,-6.411474671745026,-2.0674232907773273,1.6362744916609984,1.1087896429619377,-2.1040461572995355,-5.464731577470445,-6.592472191564809,-7.356388729064804,-8.66352868559892,-9.871607560937832,-13.676776856140151,-14.006677742883369,-14.827259930205798,-14.789059558543329,-14.5559350381007,-15.273683324558647,-15.478481523837957,-12.576925951766952,-7.295828457634855,-2.8819671568725767
2023-11-30,0.7010593849761335,1.2472163796156224,2.3342457892102573,2.5555897929773153,4.1414999198771625,5.525437079585998,3.6525804706788563,1.5788694655731206,0.21428862534725113,-0.5936680649228379,-3.9148656870167997,-1.9357823561644523,-2.2808001562601703,-4.098247279286227,-2.916820758141398,-5.183499917053382,-8.607214582151869,-7.137521920490826,-3.6859421048030185,-7.323011505205443,-8.352051477811699,-5.083806020143186,-0.7634867319001728,0.9245821702954231
2023-12-01,0.9887167104844821,0.5797920275902584,0.9462463478108134,1.6498985815069318,2.1470995306297027,1.9615161561169998,0.8301563494503057,-0.09035696874303767,-0.052448086604215405,-0.0717849127609611,-0.030482703886491436,-0.044527540810634036,-0.05820676777057088,-0.21078907984627904,-0.23121038397061966,-0.22815446758306734,-2.1333330970264797,-4.279523203757833,-2.5641047068026523,-4.090984837438782,-2.4265063493363073,-1.005847485472998,-0.4840877132759829,-1.7923438274730756
2023-12-02,-5.171086123058387,-1.1127427494434414,-0.49630837871001177,-0.4643599728191816,-0.457933956469617,0.07295057978745945,1.2165071371902059,-0.37615762719843815,-4.721004938492513,-8.468686398986335,-9.20489453538687,-5.694465214799095,-2.428711905276316,-5.052062058227193,-6.853128240374815,-5.855027248967247,-9.142440437326968,-12.0496366108124,-11.78464625988181,-8.706407902417482,-4.82686452017316,-3.770384228436569,-8.133341173463464,-13.806357045943912
2023-12-03,-16.601950683689438,-17.330639808708156,-17.543752052489822,-17.097853892329937,-11.86062445708339,-7.94294648756852,-3.0041277770361603,-0.8117863743572684,-3.8386888079485857,-7.835535106288887,-11.536320752191187,-13.758154068865679,-12.949113957942302,-12.82012876413745,-12.7916272683768,-11.05914665172105,-12.278937904495223,-12.185433180215938,-12.390671370011745,-13.254785836744645,-13.838860598755957,-12.980041499919878,-9.171560289456409,-11.564375746895195
2023-12-04,-12.65650386782886,-13.172528131605134,-16.018915445900504,-12.395632712166702,4.175077816475877,9.120444709465161,12.475412796438548,11.761097412564425,9.798908334422947,10.00486935629371,14.616446472249208,14.356194495859455,15.837198418979767,16.119190572713165,17.063613915668213,18.16710594055195,18.572725990109006,19.037042204460903,18.7842417898608,17.641374973847206,17.685582211138552,14.499893048487166,15.505538108128391,6.795064400930784
2023-12-05,6.200284360492134,2.952639041666245,0.32640118595823253,-0.16566540726374512,-10.691703643551193,-3.437107078697636,-13.368525900105624,-10.471329775414802,-9.167267735223561,-7.283266764448143,-8.653918958168163,-8.024443070413184,-10.895442503375762,-6.206581012194249,-1.6959704172490149,-2.9792007681057555,-3.684429719358235,-1.685861667382369,-5.89954297714317,-7.130104482725642,-5.719797737933732,-1.975680812477492,-3.2455786516474063,-0.7193395696731386
2023-12-06,-0.19699044793554776,-0.46955299037705345,-0.4298945201802553,-0.20741730426459526,1.5327077561568103,2.973521388998222,1.534884327948248,0.012452646467465911,0.14020422054954906,0.6646377105037118,0.5612881052888383,0.33197068649434414,0.344231739278996,-0.0077172570093466675,0.5689195971414165,2.968834214674132,6.276034891102995,10.98397456253278,18.83008396606124,24.143590519603066,29.404479988580277,35.20373478175094,39.03093184061919,47.530267125641615
2023-12-07,50.34064916056393,48.31374039632155,52.048279225797415,57.92548217097886,61.63472759111773,60.657084866298106,61.63057075613053,48.96660724291934,45.93770231922521,43.86470174306109,41.02615408965471,41.838484263028704,40.99375794801179,40.3738985129913,41.95226882898018,40.18012610699543,38.758129852056385,37.10615981495229,38.45828358508538,40.73512530443253,41.827572288761814,36.72154952853141,21.943028472907457,22.58158531422479
2023-12-08,10.325230333205923,4.8244871247320305,0.2047992177475777,-1.4051257278136973,-0.9504479762584452,-2.322672957147063,6.571358344589669,2.908487734515603,-1.8214154003038345,0.16647290478559285,1.0038615783043667,6.186084777801142,7.441745975068869,7.575844586848916,10.874958533696315,12.316025923656241,12.233077300302625,12.130401072503503,14.004180771307375,17.93186288693667,20.25464580979488,15.799904105543135,12.546261117450197,4.9065157266786805
2023-12-09,5.099434955512834,4.996008513201744,5.061440544513346,5.014057953944626,4.929216815852534,4.306594936570207,3.7651499522766017,0.9607332082733748,3.2441312549963612,11.193252205561983,20.474091269700992,20.168584106956843,18.190310471284917,7.8826971831861385,5.028714921788499,4.569044798923009,7.262814058286658,21.100601703307746,23.597124191639033,30.902667968287034,3.5669378029590675,2.3422959315792937,-3.0058284549091923,-5.134507864479474
2023-12-10,-3.480601396155137,-4.493634147316776,3.595330586268382,-4.944410175431464,-5.058606337789122,4.826201305095388,6.249997767698261,4.153363267019216,10.829041554590802,18.646095207029745,29.75175913301274,22.980656229870092,-2.862963707491872,0.8051750406250306,-5.737006689788032,-3.2220842176064934,-17.4204474732408,-26.811394771249567,-24.431196601221274,-18.43959181679392,-17.59993140242196,-8.380534634363272,2.631285955629103,6.806982219426182
2023-12-11,7.319715533376005,7.424858064376245,7.4929767002973335,7.849438602040038,7.998240118881348,8.455638688402956,15.978729044117557,40.60080544961187,-0.15833483325920383,-3.5333885277437673,-0.509663718349401,-1.8051120120683493,-6.5857721081312945,-10.139150903907478,-13.210621803831174,-12.268226376610272,-15.151984493213547,-15.08865758228427,-14.055565727507826,-12.860625767671621,-13.688624843086842,-15.320168061890627,-18.967799857177965,-24.12078367964071
2023-12-12,-33.61911761074715,-36.61796072334133,-21.0964171153241,24.886205464167332,28.224200006561247,32.55065051033145,8.943411140535389,3.2506275133044937,6.928119049190002,10.331241012100207,14.880691446265587,13.749428224939948,12.110221418638787,8.06769191918275,8.156399531640119,6.216045497515466,3.161835987771724,-1.4668552754516213,-3.8485213822975766,-3.929268006885195,-7.5345770395996965,-11.62252664770594,-8.501471666393883,-11.991491651513087
2023-12-13,-18.701566772783508,-20.70687624291267,-18.935716756068544,-16.881986009054998,-10.628477323920663,-2.3536699791785622,0.19055890017406796,1.5133669484109191,-0.4203070174650634,-0.25386578336798493,-0.24735396931114906,-0.3029929327286709,-0.161469053375356,0.8895702143673532,2.0531885382408745,1.6914210586814988,0.1945687506979823,-3.3702339648220914,-0.07224892986815235,2.7033077761106767,4.4095407469085615,8.28472319298288,13.557051183664356,29.672263206475634
2023-12-14,38.18649606800972,46.08053120383579,54.60766023224002,59.96899017421306,60.06213098121752,47.066070847031995,31.862603950348813,24.16384110650253,21.90438553825041,21.14950043570076,17.29965738729635,17.444190930870008,19.41741560487347,20.07854218277538,19.406702765787912,20.79125697025742,19.533250709505694,15.465781063709727,17.176042020006633,17.549447405345973,19.301447017266383,24.78310404082208,25.26374637188343,36.01213361280945
2023-12-15,38.99668199014461,31.1993305743827,30.107055576794878,30.04974060314119,41.34312732081665,37.098004180870475,27.827637352219256,21.061838049053506,21.972732887250288,22.452317175269883,22.834024872590703,26.043821501668674,28.429908090562435,32.90415078650503,38.79915504986431,43.04241905142709,38.03363904868513,34.611443581174115,38.45225590702705,40.66919553326308,40.353257843327455,37.42801717670503,42.57140651501723,39.972610427594745
2023-12-16,40.82828012667741,45.25548287032919,48.10964306079299,47.49788123191829,42.71266424624517,24.995360299099413,25.565836736337072,23.839457797689654,34.48774208596405,51.79594471125385,51.192235062694834,42.37003039117617,40.147629909234276,30.754461702372836,32.01530681671778,44.38339658898181,56.013661364907,56.761376046176636,54.12695889539031,42.98761416981405,37.4900816520077,34.21616496021283,40.902090541176676,45.22719909050736
2023-12-17,44.25037133581111,45.97706560398346,44.80699983296941,44.78892608158513,29.41315437770231,23.222262932204366,22.907964092637098,23.732237161031176,30.76367409277155,39.30107313551247,35.93369907074388,27.210627553448276,26.428132657525204,24.239044237074367,22.983167952044056,37.935595176057205,51.05559695303626,55.534147372896925,56.661135145843566,48.67467831143507,37.1528831007871,13.412887141084127,-1.0067762029309364,-1.8859657115058255
2023-12-18,-1.8008173204569857,-2.071343269235939,-1.9943187216323253,-2.123260338822199,-2.079479151640804,-6.609864760219743,38.06072042979499,13.107945025800717,9.06473477135225,19.361276531204112,5.261220968957133,-3.7389936445474774,7.37456809398698,20.113197474225856,27.23308474281137,28.08615610672257,27.164071678310847,24.305037082197146,21.80011063462277,21.699036946863203,18.38053926990382,3.155407687417849,-8.008588516161439,11.237499890770131
2023-12-19,9.300040145163578,-1.2527939679741138,5.556458919300539,0.44611604537253413,-1.269161982388539,1.630051619108201,-2.223639578946319,6.566446439225757,23.02489878541448,16.512492483900843,10.660163678288825,8.702711967020178,27.03765494891698,42.69031535220924,44.523820387173544,41.70260661119849,35.92061535039352,32.50283676378942,34.078526642053816,37.55136450028863,43.533980012063296,44.681921457979115,29.16949160951712,29.638213676353097
2023-12-20,33.537155822449506,30.27778669935207,23.831140639574787,17.683833371168365,17.191501688993156,17.18246382750647,19.18939621817644,38.00513281025561,40.65540921769202,36.20724463519626,39.07071016334725,40.22332796378031,37.24365208860207,21.789774643483653,30.172596727128003,42.15367153672059,54.46184222784669,63.835591677019984,42.482533318557806,41.062101199910195,39.68952959443386,44.734802085715856,48.104517598913404,42.52575444322579
2023-12-21,41.73013119337413,36.48304076356134,27.921785142063037,33.055821972116135,43.70050087616732,43.3676434957499,42.93820361057491,41.31390333079992,42.545848493115116,50.383369713757496,55.71657374778431,55.731020654226285,49.45653019514013,34.762231966681966,28.961834038564906,33.728424592766416,46.44786283974807,46.51114088010884,47.91326505284779,40.491409267134124,37.60095210653722,37.16413688362894,31.340369343944346,24.94984583392853
2023-12-22,24.9873277538481,22.57003672698802,24.497058338278904,24.689671712960468,25.63681090749652,26.040351735990228,25.987606879447405,25.10245199145467,23.97640939141432,23.07457056607076,22.87234998953494,36.07096664392405,37.69635711402104,31.93776073472277,34.045950013906676,29.357228530874085,41.0528340514436,42.793853976013324,32.30621158243447,9.574941576086772,7.261219717165112,17.878151307520838,18.94820985055209,19.966095729533617
2023-12-23,19.71665809173739,25.047636840468442,25.084797030971984,26.23721797265371,26.23083940936291,26.4598897509878,26.2160818253152,25.539364347538733,23.97312982735103,23.763503766281694,21.258047634634593,20.033984052138422,19.6327715305339,19.942707473850852,20.270631858970837,20.355518314673404,19.545568883300405,18.80872980060016,19.411006932926835,19.788990067988905,22.462700118108252,24.24670198592317,25.723618987614277,25.95453951013549
2023-12-24,23.8845311992129,23.26769983409028,24.40885812299504,24.682325844264575,24.52803800679119,24.593443378073392,24.769103055442223,23.8792093066824,23.276413652669127,21.50594803312277,21.47726470718236,20.29770621740814,20.65211792365573,20.648283620705037,21.064962339902785,20.86334022816731,18.524617884365785,18.561420514248947,18.305758279704058,18.89925400308374,19.91306733683323,16.92796632676152,6.180497495761774,6.823427146329246
2023-12-25,5.038592659931258,5.947782197191561,5.537286612463845,0.268862135210334,0.502647170697232,9.596428281439792,26.119745974956157,24.432535402600468,20.40335163609754,21.1230191711931,21.906749306926187,15.829423629850652,-2.229539225448299,9.838018695379752,19.28992454398975,18.6562267633675,17.074847544754018,11.662619265225441,9.617106106281568,9.30696574776516,13.49868203610876,18.610776870834624,18.967923588784565,18.754663108288167
2023-12-26,18.993900979747618,19.298475064904096,19.352050252500952,19.353243826715275,19.66075688275344,20.650473299683366,24.41048620157609,24.585497029706175,15.482526577063009,8.622614876614143,-15.388684632140865,-1.0710084568289346,1.4035064730064448,1.7553847663607627,28.259333668660247,10.699998567165181,9.95491172536893,6.321343218242333,-19.8621996859996,-20.734231118914465,-21.141572127282103,-22.36138341511628,-20.084113698527318,-31.546520200372953
2023-12-27,1.1392061956844373,12.991178968013699,30.40544894988939,44.679504237908404,39.72948635831029,38.179814254067566,42.71587207433219,42.4576501087048,43.03251433823502,40.12625951515277,32.43434557926741,17.674363758971648,17.519422831346574,16.982727277900267,17.165283133514126,17.74328861892771,16.998738002210118,20.23462030499546,20.018788294174815,34.64454754907086,27.09367744743942,24.891790678175756,26.86213472976399,26.936540142348175
2023-12-28,34.18485288058123,35.29926496608522,27.201037282387354,27.354580089671625,27.4900950525995,35.440694980627306,27.94750667005419,29.469579419148452,30.113815271008605,26.509861190588953,27.119781223992995,24.67858889648418,24.095725431038943,23.49519128755632,21.664770786146686,25.366448700653113,30.40978349658358,38.243531134491946,40.04727180319543,33.273528611470226,24.285801746526484,21.57260223261534,24.594864620392073,24.80744082905582
2023-12-29,24.409988191463565,23.77027536879835,24.65383724779355,26.01226740352467,26.512856776830596,26.172054232918516,25.602375076054823,21.454046770919952,21.152653827027123,17.031056259781344,11.110729589032758,7.5867038571837,13.169271582495448,10.529523918893162,7.285534341616376,10.08985253163415,19.159689225577146,13.517014658430888,11.571064045769312,16.011410651956453,22.635154358197127,8.267820803376026,2.8074497621493535,9.268755070805618
2023-12-30,8.946743652379304,9.029136044710611,9.13237064058238,3.8165708862496714,3.3035373465284437,3.888970085898947,4.373685565650327,4.754275887237938,2.0322616525478026,1.6153792834974041,2.851076625677649,0.24470024295241188,5.626369438249718,10.040536481019707,8.973614339473137,8.704362507863642,10.213988435198544,20.08030634548571,16.79800337029188,20.668855942824763,10.406217034739818,5.869441919583679,2.103527536719035,4.10818860649843
2023-12-31,0.39312370859047263,-1.9235750979493176,-1.3880791486241932,-1.175151937253716,-0.8287990365792268,-1.0909893739168552,-1.4300307378741337,-2.5975452359868925,-1.6790944137821313,-16.19218797054249,-13.213113462304847,2.5187423239466824,18.210704575577083,18.843374685320327,18.1182577049849,18.59783513200469,9.139152778499366,-37.86576243449015,-31.73413685543582,-28.57255980874463,-17.04036342591378,-1.7766269278825746,-1.3552904558731171,-1.099153970763858
