date,0,1,2,3,4,5,6,7,8,9,10,11,12,13,14,15,16,17,18,19,20,21,22,23
2023-01-01,9.686437911901738,17.815424631815382,22.5782709210271,17.69040717273833,18.1504733288769,-1.331042453499915,-3.865077221364416,-2.306506819196869,-6.945937182777083,-6.460547892803017,-4.261115923768806,-3.969116200184935,-3.8237965522938637,-2.262259209527514,0.36509232023617955,5.027196539273483,28.19228872346909,21.664993617686434,28.275994625368284,24.35974161930875,33.31299213898318,41.30470559197221,46.21692991849474,19.106461344899145
2023-01-02,-1.3325433114282816,0.15260986579177427,1.6447908030997098,0.6090771615772326,0.5914507467826553,0.5549511465933534,-0.5160347588781491,-0.5313986281607868,28.923238079626856,18.316212807332022,-0.5611275225387544,4.995389061998424,4.523214929990331,-1.9380711586083805,2.2017333130797283,3.323891059440342,3.745964035759158,-0.2963082662267027,-1.5518128432528329,-1.3376817040671654,1.2721459537389421,0.5425037887962105,-34.48910983801025,-18.055945089803075
2023-01-03,3.7179278905590536,18.892002802752657,20.142982333645904,15.537087570039162,10.763196596835591,11.454922198487942,18.94077783671822,15.271012888767721,15.637858236258253,19.830482290013023,8.436113982461109,32.955533803558986,36.485835695818736,34.7266165672637,31.635087102547985,31.828464116130768,-9.399675533673047,-8.99897125375044,-1.127394269332882,-0.6892621112248065,4.8127793445679,8.73913111071187,15.519280638696422,19.175019730875466
2023-01-04,17.19214315218718,19.556213678453524,8.22277507657736,2.8358043359577216,2.42504160859567,2.9437511306426103,3.111825568029378,3.6296643391775447,9.361784249975578,13.65446475496934,14.643874855488342,14.296256912035176,13.25106916149003,12.795309757262132,8.7704102575481,14.647709142105782,19.114951921981685,18.6562133744332,29.122770151928563,25.059032239579224,8.554784291130744,0.6841147246567658,1.3047520145660414,1.3985661115986403
2023-01-05,1.2915984531190432,1.3249796360431958,0.6314046159854101,0.5344249594843049,-0.09077621821079163,0.35898044341912794,-14.58147597707817,33.67327268940981,30.432744405235084,27.63928231246362,27.498965300441,25.897018386726188,25.053885378997307,31.657870509658935,18.127554613484833,30.348237229943763,23.94293672433099,18.17815361612402,18.82705101343285,29.011177389158014,41.8223773046911,29.648963376594676,27.56023358655354,27.82728938476227
2023-01-06,29.511723872344874,27.664823073187716,27.793646599428637,27.982590746068404,27.93501428557472,28.297428815580783,43.828247246083556,43.426985710606345,39.793703016367985,38.58630817813004,24.08340456587065,45.95591776564889,38.79229467143854,22.39856197494857,25.438207360121424,46.343392324896605,39.22612279757384,38.96588380840498,30.131420473809285,34.97140688255217,6.579886543214812,21.40280272426492,16.862679645047777,25.763823547691086
2023-01-07,23.342327360250863,25.55920504896514,25.241194450801846,25.428957458108194,25.657640275506033,26.39708853517811,26.42194350198699,16.293167322717977,2.156699415518055,0.2978268773040611,-0.8281820839660483,0.045009277249576485,8.234390843605844,17.56705950594231,15.658329878290715,15.698530683050095,19.207213437224873,26.13475728101957,26.5343502336854,19.424433135373643,23.434123914471925,26.96111825829938,33.52176207188623,35.7360012841396
2023-01-08,36.11751271531739,33.34485324368201,36.13400581895037,31.13011847501386,29.34034383958118,29.34656679896407,43.93250126647759,32.988578900297206,28.333862911066234,25.57513784385697,30.1929962385108,29.37888463531401,30.70414513844179,28.134940759684934,31.700458563186437,31.658961370217785,19.266120806858503,18.900880464434074,33.32375179388177,30.039909216356676,17.978973152519977,12.214909676632502,20.80530627359677,26.028887779817776
2023-01-09,25.922616034163074,24.698866017591794,6.437188381048763,2.983198100198912,3.27129235610791,3.7648211038543877,15.506380462785373,15.244003361470376,16.517847963815207,43.2074137006608,42.359061702660085,62.25739105522417,32.538484807125506,22.344239552753983,16.146172444461484,21.544619210400562,38.929336427551156,54.76145701246465,52.98942038407704,37.984298414102135,27.519349132540583,13.773465258382565,1.5086223989739906,0.6183234247841085
2023-01-10,4.87358054102161,4.30463167141658,2.9942743563092122,6.7638314302877305,0.9567480829685735,16.914264832193204,40.254837932967426,50.560315033976494,44.58883435516935,37.35826381556551,39.30921062345509,29.82574008740287,21.094579957825225,32.272403299965255,24.923314136568408,25.29157487906724,16.280914656607436,23.608687010314092,5.832009659700361,26.632893021120488,44.25625068470124,39.8953511989952,41.957944829172995,42.36755825795
2023-01-11,42.72875193473676,29.787208140112174,32.49532355312265,30.860888357758945,41.95835538395078,43.10348158204256,43.69016345901268,40.331458799994095,40.84249845889369,39.35956174063324,38.01385773999257,38.1589713710387,38.66918254213949,38.96505080289827,44.997293473208785,38.73119413077004,41.05653606717505,47.584973736975634,50.24346399853182,38.2241326083049,25.389934858502727,3.9331503082673294,0.42202488394811866,-0.5072078818489913
2023-01-12,-0.8433039919415108,-1.1378681866078821,-1.141832996371889,-1.1249857323902006,-2.011724049556477,-2.4759716199655344,4.934965464342035,8.09412494809299,20.457629916908722,22.924670111777203,38.11468985572737,28.72259908896693,17.077523458195706,17.04629050135965,19.180420398260246,16.946930404011745,16.221478816690365,25.142804476749966,22.235581703784995,17.706047587173856,17.95986645226806,16.6870000674729,14.380006316861532,1.5450020899422867
2023-01-13,8.010168534257296,18.333801826418224,17.651826980907543,17.112900926308445,17.74514808285983,17.673151130921553,15.846309682256411,15.149960290402248,20.66651069838028,19.58344206155138,18.62365641940483,13.779572948688589,10.211697645918143,9.385134250487319,9.470648944137224,12.008124393662754,32.54224905408438,32.23951262051665,36.74373644861725,16.51237005838358,9.91536903023794,18.018412913297844,-3.749691583991016,12.628419634453707
2023-01-14,20.51041762454236,20.3553941849599,20.102318117021632,20.54151278145239,21.704361596151607,21.93090004049279,22.467118814924127,22.23054314799548,20.96868764540966,17.91569602448572,8.157897715338876,12.95320508179374,12.17170232606545,21.747488667023134,19.382469886925406,20.977156394852827,21.13316457279057,21.330842673258978,21.099871882140107,19.046309334815334,22.81335029565196,23.95792652878471,32.82792852985584,27.160833130617977
2023-01-15,31.74158504152776,34.727264469063755,34.560758351741306,18.736959160694116,13.738237522052092,4.859864832405435,4.873715615654902,4.6741556440394305,6.402340371034665,9.283978248563571,17.347982974906863,21.386920817245958,20.517869282916216,10.371061907523412,17.513986574265374,34.66537622508987,39.628444654146705,28.14940737588634,22.75178994126577,29.676360186629665,28.207310449393702,24.541997589613374,-3.754870202057077,6.2868880767262
2023-01-16,12.535756946462016,13.585050620436846,13.407201211490218,14.886746194635748,15.703144571996674,16.368164693540592,14.367169216358633,8.345662420935412,6.391791803361883,7.452894176818575,4.2271102347338,3.4469837409790784,4.236210277563174,5.139198902122985,6.599328933570405,9.916839661760122,6.240551159277743,6.439525367558701,6.0873667704846355,6.695469839998395,6.7968014934005225,11.152130580039483,13.620916600441518,13.363619681558077
2023-01-17,6.551240872318829,12.226495668824697,14.39629861258328,12.33030132931296,14.433403105236522,9.426246041202887,7.636332325963167,6.99719222742047,8.401888926285181,7.916645498927778,8.638598848333771,8.588877935835256,9.311589236176587,7.842055913196901,9.972059887814794,11.29256746612694,3.737759630531201,0.5493339674742401,8.01774010442773,-3.2588460642793393,-4.053033180388098,3.030432698333499,7.282060847625772,27.115349103016726
2023-01-18,36.976313447823166,28.62202485602961,33.418426604033264,35.14921104222243,34.13143741834644,31.169997962529543,22.756984520602884,13.358147267995122,1.2750785089989165,11.731485858946115,9.854781992341202,9.497667073303347,7.773763711917894,9.718678636284722,6.453847460328944,7.472621352045451,6.931991464105266,6.87668751592588,6.659846339542298,6.184412846028891,1.1405697776829697,2.427368412889024,-1.051886082507849,3.616335355647834
2023-01-19,7.949437411951521,14.025019361843619,15.926549814981229,17.401912845727082,18.464013326212836,15.02237011619124,15.638807539820618,15.216197398436265,17.547419676449294,21.52940833325607,19.198255533073876,13.40274220789388,17.92448331096321,20.452257916443585,25.356511627541778,24.298300892340308,21.90169736857871,21.909565298096396,18.93074214016687,21.210018550743513,17.47642514384995,17.968434114097192,17.434052495275154,17.184620942781507
2023-01-20,15.106532002973381,13.573268026602122,9.671833061231254,3.045846808056922,-2.648245352493319,-11.23785214156105,-8.406049482897032,-4.349812003488978,-6.134236092717799,-4.813984434576014,-5.319211189826973,-4.958299940977724,-5.242373770740386,-5.659275458221913,-4.018097994729402,-3.1972720171177684,-2.9021686009700147,-2.230121837188676,-2.017339437596121,-0.7330798162653878,-4.268218294532119,-7.422100964425084,1.0161763604767486,-0.7387716116406011
2023-01-21,0.8172293139423061,7.863892244342452,23.985072673853608,27.236655254915092,34.55017497603859,38.51937665622734,38.82128084098508,37.59739695759612,30.613612541539794,28.241851002929366,25.194690549284303,26.39079433871919,26.963655378615215,27.636586575166604,30.375440810050833,36.312176950353404,34.7605493273453,30.457543771284634,30.97539215777175,33.63849845906677,36.868573282327986,42.42938375397321,46.504961225122,55.879093779540355
2023-01-22,61.974592876399214,63.08923074353386,67.71465004201123,65.87838716277827,66.68286274567292,70.69295847243757,67.28108894529964,60.699323630189014,53.92120246860594,40.44857118922914,32.887726750603036,33.2922045821376,29.89891688147415,23.597384211768315,16.262191701728113,9.62302704930849,3.7383745722792128,-1.1085251297682817,-3.984720421617709,-5.096877296209897,-6.100975413807504,-8.342918048704519,-6.588056638459221,0.007138901081674476
2023-01-23,3.29402468409657,6.492124277531332,8.734232651547359,11.274258911510401,7.513703725765964,15.326651015691624,6.614897320083287,8.8526797643907,8.126825723798333,7.540556671247884,12.261844877254646,11.812849742407082,12.703876067812217,13.92658764322735,12.633842347635976,9.435969903505935,10.163927253198011,10.474662244841682,9.823896356360535,4.470506716905362,3.9312424640827146,2.3047671804065715,-3.4155526580100286,0.3032110758455815
2023-01-24,8.729128140526853,14.02734141716084,16.683018477100234,16.73508186925409,16.395021197561107,15.046241834543707,8.580888346651989,7.872647883365573,7.320001297118608,6.750316680297374,6.718167713583796,8.186992105005658,8.79273363469781,11.577327389987715,12.835097751949519,14.521943879649598,15.104425973409036,16.39003515834918,17.587846317174012,18.950531271962575,20.130925763641784,19.711877899362094,18.19208178225793,24.843272846294354
2023-01-25,33.34608954927663,31.576071722532646,36.45278278884456,28.851317974522118,33.745510594441555,32.42854206941078,26.193045740836965,25.741710727074604,24.269914324406756,24.400333320382316,20.939068616107193,17.843463482358487,21.140141235281703,19.243360980964496,18.071866139421246,18.29354744009055,15.069562101576167,14.166602755214484,11.274758886184827,10.946796227420492,14.461951384114457,10.166800072676494,7.041946781808605,14.081518474945028
2023-01-26,9.642941302943157,3.1194980229564777,-2.145106492602494,-3.7726530227037642,1.6689373322449228,-4.1091062835666605,-8.256682384068,-8.166754601653338,-6.265416700898697,-5.5244920980201755,-4.425636968883197,-1.2760211705726476,-3.2969169894213906,-3.9911081598756937,,,-5.545058074785118,-5.246607031835907,-4.754848257061553,-3.9639366739094726,-3.0019715935223985,-1.1015622553367166,-1.4062843123559787,-0.6296810647537825
2023-01-27,4.479067361007736,-0.7849334856263397,3.452007293881195,2.7274677099939595,2.4481408202597663,1.5160519312656504,-4.483762113882307,-2.5007682583122914,-1.8888856148682294,-1.1305035456294377,-0.2441556494259487,-0.4693932620500334,-3.3381897716289757,-1.6825148665647873,1.3978631637569947,1.5589951803015651,3.7173674222760837,3.6874509318010382,5.2863286036220245,9.916251521753509,7.3676686352102365,3.856955438039307,2.51978296339459,5.403155935888805
2023-01-28,-0.5786513457536557,-1.441211292449168,-0.810959941930065,-2.6465090075601836,-0.9562758716287192,3.1605550918918652,1.398104070910847,-0.6713788009435575,-0.250820341385122,-1.0371922914368383,-1.7120795770775317,-0.7010476331550421,1.2951925142402274,2.1466891203279204,3.128482754854076,1.9068453144855653,-0.7338553546667299,-0.7509082411438044,2.5008655738041625,5.266220783116125,10.552197246237995,18.030240860795743,15.95248495879676,32.57914948739179
2023-01-29,35.81546766203998,39.12353296625871,47.51604463573817,36.98334448428999,38.689531032109045,43.35543770707092,51.1055498540594,50.393739123115786,45.84706582636631,57.201089434877666,54.1491381058272,54.75581107368437,47.57894771436998,40.65080265607137,37.78187766495832,41.41530882974338,50.84606679140748,68.5516528909096,72.55472864816613,54.10676322461371,47.38077703456112,29.633600472324815,28.722144054583175,27.80462175765005
2023-01-30,28.115417739996282,28.04818783343963,28.11296057780136,39.661470166963596,34.50882272261404,22.73482694607403,49.04082888404204,71.51423850574709,73.68279994618231,43.62952075767663,31.207202705357844,31.492085793492606,34.25103391649429,34.00898043692199,7.410979387277507,-6.819568223150213,-9.504710730384431,-6.7440607119037566,-0.9179181215089898,8.58158249164191,28.621314784238308,52.32937114045825,56.08752616565043,49.27043544399043
2023-01-31,31.605789244084463,24.517151544996253,23.902932162214213,23.00552596783875,21.531685628255097,31.923750308412394,56.22305093043735,79.60697544471307,92.99535844611611,94.65884093933505,87.51838264381674,76.2201664689908,67.31816722043335,53.250079855910016,51.06887617238214,60.34022715416171,51.41255194840029,46.36482272033382,43.200202744949934,48.74426594917554,53.833041957411425,54.36343452388802,34.47709125949664,30.8335440121224
2023-02-01,31.14902677899866,28.92413622593018,22.227138383806185,22.189440349077863,22.187506453357827,22.181173757903636,35.177778270676285,53.15726626247211,57.65719244880649,56.774690787569426,52.14672814806768,24.592308896720432,22.84932377515738,21.80664817370024,25.299791895917103,28.36116973657864,44.97991630119224,53.949201171794236,55.848663024338556,44.447522848432314,31.98765499499499,9.434568270755356,0.37103364062510735,0.2289877625854544
2023-02-02,0.21805475800577057,-0.31656866334763833,-0.8171081919867049,-0.8796509166955175,-0.016017727407508175,6.481828667727456,33.24780850104517,57.46109010796201,55.76982458441993,53.95254399008324,78.92727378163343,77.81932096236153,65.03994664802111,55.785796089074275,60.95607357052642,68.63507105330436,52.74093722551608,49.69908935937757,53.820518359239145,57.57724303288027,53.058582565338334,42.50434556708091,29.74459175210445,30.97375428170395
2023-02-03,28.37974463051145,29.369085894544703,28.293676129130912,20.806688309256447,19.683974084154485,21.428636634787075,20.709874797023865,17.57189151935019,30.05868540893634,22.35739253641465,21.751867984885706,20.63417351256836,24.69391474091959,24.24417612439592,30.694631947178934,41.38753070700662,-6.726745761762032,-16.327767657463568,-13.245392301189895,-11.002034292559387,-14.804784105006007,-9.709449195375413,-3.693494927942055,-9.197093132597033
2023-02-04,1.9149052685161223,4.94280074740243,8.140239861879607,9.215444580158845,7.41061984438339,5.6824809038836435,8.71443220114108,20.76766496160323,23.61136152424197,26.891087696830994,31.71862405543581,33.54758442765194,39.233137095138005,48.223723105784146,55.98069860199887,60.65740591944849,56.80053893448576,41.962958469926505,46.98152732403095,37.87243129052908,20.971327662212687,17.201236417884218,21.215524818609154,6.66059464781145
2023-02-05,1.2471916677668986,-0.2603250246047608,-0.5105841433337233,3.13828857744128,7.912355082347489,7.617798383349559,6.810730411771345,-6.261875655601187,8.631723600249288,21.454317243064892,37.85380125727934,35.29089065471459,7.289489285555561,5.098508844549258,15.992750508798679,17.439886911573723,11.394757580742862,10.189641009417556,11.945035607314963,13.568626146484576,17.7441159052716,23.199189273670925,18.841022002187657,25.311029652278393
2023-02-06,32.521439460072315,30.693449211221292,33.06855443288828,31.36861764293249,31.689627486410814,26.612143603776843,18.203341630528143,10.640040319124182,10.232507865201967,7.493822936067033,7.666749829888005,2.4658192724173205,6.047005636774998,7.801833241695789,10.499170117729278,8.64795152305723,9.328583298374326,9.730180616356279,6.722633486529844,13.59393173724905,18.289223997022333,19.801672090132513,17.565204253677393,25.73471905399711
2023-02-07,19.541864257592664,20.651154509146068,14.40324234942662,13.56934596297043,1.1948028292183608,-2.851854695608921,-8.98295373756747,-8.770259439847308,-5.99547856322755,-4.925321286133993,-5.233139050275497,-5.480030804201135,-5.2269965937937,-5.357578229895694,-4.704462482512639,-1.5891232134083566,-1.8754801877214788,-6.310545011732756,-3.8772735523281767,-0.31451245797057936,3.4364476959271997,9.42558801722626,8.498384563146828,16.071895736891207
2023-02-08,22.642595016901055,28.342989513901813,42.8180180706201,49.042476388002285,54.65530089703759,51.88020070640255,40.75203138334561,29.23548142834335,27.627062768258327,26.006598924685306,46.043499224935715,46.40384415202567,52.82858644800207,55.27435297704638,55.20408868317469,54.01251493280999,48.34401277949317,48.496001706390615,43.97692041969455,47.997395642533604,47.94429380568455,42.09662490898437,40.38628079457064,36.78615814270449
2023-02-09,41.79743547020039,47.525401764232235,55.76426296807544,62.62651160295302,69.78568861833848,90.53597599364147,97.60213417389346,53.54366852820834,45.657919843212625,43.7916419044582,45.137504563868134,41.479788218062,48.3684283556164,49.62381262607292,46.78378786687952,45.89785663021678,36.1218938055589,25.34973742927764,12.200486230628343,2.9626435894057295,-1.5027970076873203,-1.3768798347625761,3.143485731883004,17.451300297086647
2023-02-10,29.900242773255187,37.23076157239561,41.898156838837,52.35534927604242,56.15031724018455,59.437225193104084,54.19206613895565,44.819324602604695,45.1467031108711,39.78166998098445,44.96129582935161,44.80625079886211,45.993122888906356,50.2866160168727,53.24215449179525,53.65020342477321,46.85383723034445,43.25677468759858,43.31402304144815,44.797153080570325,48.653616539414074,50.93131980184778,49.4335387967964,33.62975686298684
2023-02-11,20.574675136743494,20.57364760198503,20.517530445285423,19.252188775500926,17.39555568477575,19.82946770275514,35.6519748940608,73.17029987867414,72.4929008418577,42.785254167021165,26.638253477886735,6.86460491430384,12.213709337416077,13.425955855938383,12.764423600415483,4.360083614545147,-9.566107073608123,-7.997340821855232,-1.7291925452315695,-5.7226440703279025,0.7689524012514539,-0.8096909642373191,-0.16740955687433257,9.666843030221543
2023-02-12,17.26872361212392,17.76304823545007,16.98619623455386,16.605239484706402,15.814699137528947,13.693248064304697,12.186229724778912,3.0227192508440623,8.069808765372898,7.61639047776211,6.381727329808967,1.7703564273456607,1.8337404157633728,2.77741087254833,2.251701304360921,-0.06559545409123757,-2.0805600414508376,-2.8491443490383404,-3.1286386500507035,-2.582722256622816,-1.8443398410675513,-0.09060082106310574,4.356715562345215,3.2383774247149972
2023-02-13,1.028107862729911,-0.061831571308147204,-1.549134644342331,-8.648979295285443,-2.4452115810434236,-6.342494272287723,-5.884387604590984,-6.557299953289146,-5.712406765146113,-5.916962776482109,-2.4222149172099137,-3.2199046868421135,-2.621169624390575,-2.5081949488479722,-2.9032560187229137,-3.2269551135953805,-2.61905840481694,-2.244550201268453,-1.5335520438541153,-2.4974392235610594,-2.0496232536267485,-2.1768976688922805,-3.0379108177145895,-5.061812332164806
2023-02-14,0.5901615584651836,1.0821120205204409,-4.3864124901402874,-3.8755047567155714,-7.609189234035227,-5.128644386724858,-0.5829215521263222,0.6447723354808659,0.061755715562298974,-0.3568617913963692,0.8753803891343068,3.826603697488963,1.209428416168322,2.3325731585714777,6.709104974695009,11.882603631538842,21.748357548370535,21.787309853592404,22.703675506983842,25.7687506958097,33.149493255110485,34.310501538238384,43.41171720837221,59.71973238902875
2023-02-15,50.766789878043284,47.851438067877226,54.236721304080234,67.19628645591301,61.5190745827981,66.16595093675949,55.465898649177674,48.550698981615966,43.09813665326587,36.31886285680176,23.90125293287977,21.520130246144504,19.98575866242443,27.49527127788552,34.431685679611945,29.86427509216425,35.545537689469384,36.08484116748326,31.74625578374298,34.43308659453251,33.35327080039377,31.19774552120637,24.340272419259307,17.28011061274934
2023-02-16,16.336246857823454,3.0996266700824435,13.244616770200452,-17.655095124664612,-19.562063643139282,-14.901451363541725,-8.283700241211221,-8.649042194661348,-10.691172400326053,-9.831480999441737,-3.948753294883801,-3.562600299597108,-3.2127998008664065,0.03377147057955199,-0.3823161456313642,-3.6946965795983715,-2.9863271297664085,1.1175214123209685,-1.9310349353221739,-0.9180845594471805,4.646817115507773,14.62112276563871,9.581386148326445,18.935103505635233
2023-02-17,21.789774907119778,22.458559000471176,22.953850663753038,22.943537663801706,22.942080303850034,22.70012714401671,23.010128791738822,29.709447747028463,38.80604275085166,47.54579798327278,35.5962258611431,37.27990584943397,30.107687054063177,28.735986373496694,27.43443627253597,35.48059811548097,60.32492066391566,59.07141140842185,40.886768886840684,18.039846379670536,27.639338280334584,28.197271797507852,31.975683107781293,-0.7444711904469585
2023-02-18,-0.4866271503596238,-0.5605780532433471,-0.0013188268536694636,-2.7240606620523167,-2.2688453400951545,-2.289516046090668,-1.9611228453360994,-1.9962823929078368,-3.1072804855483227,5.000939992509771,-1.4204837119847866,1.6444446991372672,10.938092247318238,-5.484719676468032,4.148826372870232,2.4221784521915595,20.773956002216238,52.40084635595244,1.3312554694590233,-3.695469560583973,-4.400214974394956,2.0545093406903305,6.143336409715374,6.14692589757982
2023-02-19,6.198230722041458,6.1963401097754485,5.948052929663845,-4.144672135223189,-0.9181382639364273,-0.8889182324159179,0.25796954529829463,18.08102884270609,76.25912202478986,84.54835424671654,76.62971777256162,66.8028175871094,27.442833122170505,28.98886381016915,24.50762525764793,39.40277873157782,36.43114475711824,41.40317387065673,31.457032924918593,49.07700804102247,57.10486014225556,47.58960236837357,29.103333045411514,29.515312394256103
2023-02-20,30.031057277697936,29.821017075364185,29.069862201375507,33.454374680164804,23.655860238100438,23.37250370926096,31.42739949253513,54.81991006036536,58.79255069276194,56.35633494310695,56.82752032455056,51.28378423663147,46.67681374224213,38.85295612800331,39.42238647076448,55.93075587490892,75.25593173318094,76.00182997322123,54.3119842075389,41.23982464255762,13.600581808319362,10.887035679247248,2.405020770241862,-1.2780932986352695
2023-02-21,-2.4459462535176044,-2.1764416427994178,-0.5657429144864778,0.31843745986587635,-7.097382648784389,-18.61086060237045,-20.79634094632476,-13.32031430188232,-9.215021101559614,-6.721314963014748,-1.6766816235041233,3.7102963738935557,7.447992694907612,7.906232777356166,7.486293002356973,9.039295527748607,5.49896840773323,1.8798408408142393,2.039314973374786,0.8113172116482303,3.2159598789483823,5.405922821546284,2.7730372194322683,3.625775065422374
2023-02-22,10.108034262691262,-2.3879246400353793,-0.9828688092520395,0.3784255968320167,-1.7491284562864564,-8.356440414988526,-8.527195700686633,-8.425615382461956,-9.79592166799901,-6.8963042197471225,-1.531923206671138,-3.058873493306976,-2.9476832789029856,-1.109722830229515,-0.4778445921393484,2.44917461512091,3.094054299487425,4.9402729885892995,6.826406162560005,6.714332389107199,7.529697887504227,6.603972560336047,7.589138904470161,11.013031462430604
2023-02-23,5.413271681541076,1.9284229107734205,1.144446273561087,-3.5329231975438375,-3.917112520292406,-3.977253659468488,-1.6223786835604415,-2.1213237085351864,6.092034194158259,8.832707647401975,9.650879517325137,10.188412985457347,13.758408440690772,18.930973659189448,23.050273517905794,25.111399147696687,24.020518408856617,24.51966023273411,26.958835550240536,32.59702885204686,31.893779058209333,37.76592768320424,48.36854975665426,49.212506713173354
2023-02-24,51.375882239886174,44.497556975858686,33.84319494178692,32.18123822101356,36.278903499051246,37.87178425545119,74.13559459188879,39.417268648049344,12.77853122016296,5.976925054081818,2.531817882139677,4.776136138225411,9.473705824275413,6.799037238338769,6.5531981823650085,9.171119072000522,4.516950438956883,4.392131874674618,4.186561362728696,5.286938405225584,5.524914222963389,4.886221200407363,11.53768810560355,11.873455835530677
2023-02-25,9.808326354657183,11.126373735904394,14.324371467405186,9.240929929294566,15.051825092960428,20.72048684518363,13.372990641737786,17.03193082701135,3.1530986362807027,-4.0356725539994756,-6.406444337441286,-1.6574783124069512,-2.3549938349111272,-3.023795224605962,-1.3094275574627687,3.645819992783643,0.5201169414791167,-17.054411036705616,-19.197646611143824,-10.53491641166093,-6.192781417192805,-5.151631329496496,-5.502639123760488,-10.850637776948204
2023-02-26,-8.916306046646099,-11.52235104416711,-6.450933117650422,-4.377433119179059,-5.85055135226861,-5.710018193439566,-0.6876350716094777,2.5661075276583745,0.7700249593808621,0.3471238356274,-3.4708370013221383,-3.1113341624364352,1.3451344587180643,-2.654655523613087,-3.049483588529796,-2.8054223201069135,-3.6143032003147937,-3.478428408781326,-3.0435951544799593,-2.7840336711708744,-2.866694107299253,0.758134682592214,-4.024750289870468,0.841063049978402
2023-02-27,-4.631658406752479,0.7634332661773158,1.0015958554866984,0.895981162217879,0.9979390368040413,0.9926906260440376,-3.307628620093851,-3.2331705360078047,-2.196037090774638,-2.537333596649461,-2.8729804164625534,-2.2855812605059214,-2.5614858955836155,-2.9891668719294273,-3.021341627049594,-2.460776891798247,-2.370314724773806,-2.7512694382046163,-2.660843001850907,-2.227221701349322,-3.1689478431965483,-2.6840852190806004,-3.259809915971175,-3.529352749209636
2023-02-28,-3.2213115717179335,0.5635520833067176,0.4380394289249807,-4.1644493814097245,-3.574395638965399,-3.3623222030631155,-2.5354007051469125,-3.440073831235509,-2.2291467458306897,-2.7865761981955472,-2.446099360408425,-2.2288982127347765,-2.387692996330884,-2.455018411903893,-2.542101238405621,-2.73866217654907,-2.8318413216519787,-2.371040705602155,-2.0925963090145956,-2.0264110011667924,-2.2084140544734794,-3.1751968189037427,-2.8879289530254937,-3.2336208434357445
2023-03-01,-3.7111434259880127,-3.50450712931638,2.081638514000531,-2.7255029318604898,-2.9475853939118224,-1.8705301728433597,-3.0394613654602267,-1.0599804533357826,-2.0010381603154315,-5.214142530290957,-5.01902414348811,-5.5650478924613935,-5.515787946588034,-3.4979618785213233,-2.3814345023779993,-2.8838587640611877,-2.1957123463189134,-2.6049596574654004,-2.0444559280446413,-2.8388860370243663,-3.87945443998251,-3.852815465988556,-2.4367949601144403,-5.114793123030779
2023-03-02,-6.979349311427683,-10.863730661086237,-4.4540876058167385,-3.5846453519949932,-3.4736326590699207,-3.0718537425306636,-2.906564612864173,-2.963982001606041,-2.7587555369918277,-2.638778313149544,-2.25836262410769,-2.5950371471354856,-2.2890273654051327,-3.065137715314023,-3.036212602020953,-3.019337665964315,-3.3120522937124406,-2.3269355785423045,-2.839348728273251,-2.467527644562722,-3.6404763673912726,-3.2646059768668465,-3.2027730699940093,-3.6686662005612902
2023-03-03,-3.883054857670885,-3.992299864235065,1.1556653642195727,-3.386245773455556,-3.5525974626607137,-3.704048230668036,-3.505081522430146,-4.226248896556967,-2.4731428135168585,-2.3865011441087347,-2.395364063682308,-3.0087747827320186,-2.3714534782733665,-3.1325585434677805,-2.451952364654119,-2.764540706490152,-2.529213139665444,-2.3385476629673008,-2.6134592883456094,-2.571858685772412,-3.178415072490111,-2.4061067694702842,-3.388259341757049,-2.8049333021968152
2023-03-04,-3.0798770687744934,1.1694018636120802,-5.171573554130958,-1.990643005751508,-6.482146801313206,-1.6672748375430047,-5.358439784909706,0.7989742815450995,-2.8805422291513594,-2.8115657634060085,1.2070964507405222,0.7539321455749928,-2.8030134724733387,-3.45927117931231,-3.103475909835055,0.32935691295315905,-3.1004996127088873,-3.1522977946629,-3.0536727978028466,-3.4251571794262077,-2.7447425391932256,-3.3590874407254887,-3.7500093758650905,-4.076839134574385
2023-03-05,1.3660546599344343,-2.3884841815663833,-0.5579564442667504,2.675230060062802,3.4001894124610317,1.3736650098668974,-8.605357344681153,-8.117085571439162,-7.4995692093460775,-3.1420654196847693,-3.2536289251082735,-3.2744785631122966,-2.4934406231423054,-2.456981405123628,-2.8850069775920986,-2.5358711284766287,-1.1387861689271972,-1.1755940933267652,-1.1030055724025374,-1.0674043510274487,-1.8879439174664299,-1.609102345004942,-1.2145150048188498,-1.2603277498867556
2023-03-06,-1.193751242149233,-3.4452516154310047,-2.5769564204676385,-8.495996406721872,0.7445675055166703,9.37772573514141,10.881691448369537,13.603945987720806,13.854409346434977,12.61761238022521,5.906693594686715,4.34514163224236,4.344276313124283,3.269820121830122,9.411611642712785,3.708762480816347,3.8401112303459968,-0.36186299928905896,0.9948110443336873,4.511583603530511,5.161884886882518,7.289275478057135,5.766185856762689,5.27610022757608
2023-03-07,7.059186038127081,7.75795677008324,9.099599774484233,15.157598523930233,9.67181089294752,7.2892285993677035,4.599952307041633,2.965326410804778,2.9990277229919116,1.346736327473252,5.208339213608042,5.441541764758853,4.271361133291862,2.9722433445234913,2.8503094736936987,1.8371468421641737,0.25369917361587113,-0.8452750108844498,-0.4075511922335977,-2.0801070258402774,-3.5967000348844067,-5.884938348282844,-7.8225977889727005,-7.684829325500914
2023-03-08,-7.743812513738646,-7.70452620018898,-8.593827551147882,-1.802366741996451,-3.894544215194344,1.608592117940674,-3.4059037324150836,-2.438721872375595,-2.306541181815817,-2.3573257903316005,-2.9133184625568163,-2.518366439924222,-2.1819933810281498,-2.749780828210504,-3.066314992651826,-2.4439976464259416,-2.510847860240318,-2.34163731741603,-2.228483438823446,-2.054516260157442,-2.892947301265167,0.3896044042944027,1.3564781728076127,0.6141308845730578
2023-03-09,-2.400041174695872,0.8638065277000919,0.7754074865740392,0.6857621911549643,1.1856123227508704,1.1118442869919534,-3.2731289478408883,-2.897040450034183,-2.549974654037669,-2.645466607917143,-2.280380777627272,-1.702834447683756,-1.6137661646768038,-3.704077534631068,-1.2889018841813709,4.985837364749955,1.6887603186423235,-1.5072154900017267,3.5432412082256235,8.556789994518539,12.391215618986038,9.93975195351048,11.49962001051643,0.4736979974717457
2023-03-10,-0.9328154655219976,-1.9036931610194685,-2.4039064078632677,-2.7091593716422437,-2.199329393799303,-0.7222564168865304,0.11507074420033803,25.443907446774958,39.94622350724772,22.600458591162948,19.249079486924757,17.030483259389996,-3.629693144489238,-5.962399062533734,-4.796667884854855,-12.225331418585029,-6.044852971518111,-4.22177259891933,-6.799880237859128,-7.589829313261703,-5.8563803515394,-2.597563972032077,-3.183572189446977,-3.9555075476445154
2023-03-11,1.231221476205576,-4.191919028600438,1.6573245921758826,-4.311556583685814,1.112223288379198,-4.508163772918607,1.8918007642743078,1.5980268005485527,-3.3256669631916225,-3.183140452172637,-2.8839005390535135,-2.866784174881758,-2.5346459157596257,-3.699557223735326,-2.8537454173222727,-2.9249298651411664,-3.285214079038127,-3.0960774844305092,-1.2354564565079045,-22.596207283024427,-14.997363253947128,-9.294180521216347,-11.491573658494815,17.143393199952783
2023-03-12,8.046731113021714,21.763952281465706,26.520652000479267,27.280156612627554,28.04788871754747,27.784339732699067,27.67214957987136,15.329986399188961,3.0559422010283086,2.7025044424421054,2.649909291188706,13.79498079116373,18.328568374354177,7.470117112287127,7.4704957545467465,7.875541564867113,5.1777875740528,5.017611249711614,5.00780225629493,5.27267316443524,5.748066089997295,17.9154134212798,19.217172998648003,-2.673250342464108
2023-03-13,-2.251255694763799,-2.486175796109073,1.0766990412215165,1.0375098300326044,3.894306197537343,3.765139143935002,3.349301796950016,19.338216041252288,19.451831753894893,22.682161396960502,22.00576904567403,20.58088712770138,12.043404670229819,9.469835975087989,8.562181938028601,8.439717973041198,18.367624715098415,19.021175805993614,18.652559624989692,19.190944413963912,20.59552694201426,9.999445290600946,0.9888756318023155,2.273718642562102
2023-03-14,2.09694355157238,2.0073975110358937,2.098389457099941,3.4511674639263177,5.088057740766452,7.487214759337583,17.927380825771493,37.92604339757635,59.00231995881626,28.70313302803116,39.03995168789618,36.530573874308516,34.547714663798956,19.339111293777634,2.724477447441487,6.321274035393415,7.180909299777582,5.990222361581317,8.684484443849215,9.155457848187439,10.412629292631976,11.422675944834396,13.058238245904732,20.300261317586944
2023-03-15,16.102480895989743,21.80606234550737,14.931344967423001,14.132110517189716,14.969419185381525,9.894324918500047,5.535977185920899,-0.5273873412392618,-5.8949801618624065,-6.388090240405916,-5.374181348230053,-5.552531720963913,-5.471001347133154,-6.024114554700446,-5.679678906986993,-3.4514322575591905,-2.335076460018854,-2.437795196447098,-3.749613394782159,-23.49764363613326,-22.839849197403424,-20.640492664412974,-7.022815768234565,0.17249444683635318
2023-03-16,0.4708513966505734,0.21875191876286948,-0.3896396039792904,-1.0455166734646753,-1.1220993427941792,-1.1690322835700542,1.656599945873829,16.825074092884797,20.135178390360203,30.185172223420523,23.41998384743534,13.183512448342945,10.277990909648558,16.8098014960541,20.67743368702142,19.005528736047864,19.198060703741817,7.214073091677584,7.667798045228821,-21.72860486438485,-1.9255376742207062,10.76661528526543,-2.4413381947675674,-4.1311669610542125
2023-03-17,-3.9650941056853455,-2.8655495391576125,-2.4667829646232846,-2.6442122792449894,-2.516729791767716,-0.019318938636459393,2.5378025752613667,36.66525830299993,37.229350406050855,28.046736641413077,24.042058985563045,2.2050910889885245,-5.888807992737327,-4.0553704753126,1.2666517758550242,-3.1782200247065475,-3.19090505934588,0.7815075037262886,-2.635859725661277,-3.3604879375961048,-3.921809098492133,0.9185346143165702,0.502528431340096,0.950751456615194
2023-03-18,3.0103969599165907,0.5057227268840165,2.7801047106499226,1.7597225821358222,-0.6289153013746613,-3.3899024381506138,-3.5345174591305693,-2.3092909518974807,-0.2278044507031325,1.3818119893040262,0.14676281898366028,2.6417565909491145,-1.612018519876841,4.689148243938661,6.050479040557178,4.8866530949947276,1.1484902579927336,-0.6454856272912934,2.6749735682628852,1.2818378647791917,-6.489097507317183,-0.08619282533894079,-0.4958881531436816,0.45605945702432393
2023-03-19,0.36799188833808216,0.6339971418466206,1.6397523862662737,1.766269309972941,0.2671300054394692,1.904941752869604,1.1714657157897648,-9.951167510261016,15.622987034470654,43.729635150935195,50.6468367867017,8.420192405083498,-7.662886750739943,-7.829662269729113,-3.033683512861387,-4.01421099060417,-6.782399288778549,-3.481485116935403,-3.050302474667319,-2.9309978188729247,-4.128369020920076,1.1779707446928,-4.196718441469841,1.9141472012552185
2023-03-20,0.042214977233669515,2.907459042786371,2.663577381665675,2.849802005371558,3.0964696328929904,0.7996356028713478,0.8533016353705136,-3.783634897476702,0.6405259305026902,-0.32434261701891387,-0.17225669055034132,-0.6975069698233654,2.4931443964435402,-2.983477647846769,-7.057046590351177,-5.482909153983059,-0.9482863411936364,-3.983008980986284,-0.9871001736384528,-0.7895370334244092,3.566861376414863,-6.520158755380322,-30.693280045157124,8.7131952937673
2023-03-21,-0.647035424523331,-0.2949224760547722,-0.30042926930513403,-1.0733148921272857,-1.1470732981669727,2.440690196556872,1.7911104414957961,1.571192740376425,23.77791693137219,17.41320130566973,6.493041399462001,2.777856307182901,-12.247186573557833,-15.858962774102487,-8.432159686261784,-6.005201428229043,-5.074873935668663,3.7147077169624936,-4.333066364266088,14.384539746963043,15.46674456564601,21.23518474203481,29.82557782865686,26.951460198014146
2023-03-22,26.771452945333138,26.767114995974367,26.370405898724382,27.452255714595836,27.86088802390223,28.24151643986463,27.389746744579682,33.16463839152807,30.91680378596149,28.945313306270986,30.828940603266712,29.22818252112296,22.280447265344158,19.980235571522776,20.05362937335992,19.503326373956874,20.439573952553516,28.104709380409346,30.668863530910222,37.02177139739196,27.706811060605148,17.55565587144643,18.02612520802957,22.908348748459296
2023-03-23,22.56176744452149,22.943303381336154,23.050122501703964,24.21756999468282,24.940611420274514,24.597809311178708,23.10972505462678,13.603220023526099,12.591509551279685,5.786719751993651,-0.674544164715634,-0.5997336379988738,-0.6149223872897238,-0.16205811726266717,0.1276831370908056,0.7077903657592515,2.9041542169278856,6.915629246035884,10.332138402441409,5.802640993414656,0.9964580752179799,13.137347532890146,9.031270355405603,9.912418508206802
2023-03-24,9.898748134100096,9.870896675191442,10.470804461885981,11.38505274796406,15.485641340294869,15.84996143371546,15.238774891281826,11.294832349012545,6.673717636771542,13.04803172162407,0.5256880801023058,2.477070094129296,2.2508189555799305,8.748415641137633,5.020619519803997,8.89025250247865,2.4541155349359514,-3.7623777441705357,-2.147002659641423,-2.1716093742748868,-2.4155956550400504,5.344192717391735,13.330145039855516,15.246018178332104
2023-03-25,11.214699245770671,17.365693161286156,26.380955335044945,24.57950313393097,24.397417313072363,24.990681361345533,24.23821706100158,17.489393883874122,13.29332267079694,10.01860235311258,0.003149596168029234,0.05878837290730843,1.290988454118768,2.0895599608795763,1.5675949280963337,-0.8830311463073528,10.180319547316685,40.93828264651462,55.35301158185078,33.56951581199459,29.254478657348045,31.55976740020668,38.4539576822886,3.752898084146665
2023-03-26,-4.7967202223660195,-4.870010038962789,-1.9465270610069183,-0.21629626911541777,3.489851198405603,2.777757177900284,3.456120435055297,4.048104230069271,3.362115593822466,5.589892411507478,-0.2584115946848158,-1.7176633940294437,-2.1176690283847677,2.1592763301432853,2.1773149964996605,2.199404921030066,1.3646490982023067,5.783751512491108,2.206921871703571,5.808869309531104,5.69890037780533,6.587943387596482,10.773241648901177,10.122995159456948
2023-03-27,9.747743214973767,8.343932104695156,6.920245884237033,7.094257113728702,5.227262194984803,2.853907269284548,-3.3266144454078415,-5.222683692721716,-5.558172773427941,-5.535093801900388,-2.552841053302842,-6.124524659236215,-2.831245018077624,-5.887881729368388,-3.99409308408039,-2.463383093545417,-2.7953305161815365,-3.4856718657255783,-2.9491490647698697,-2.969445798896004,-2.5585361078895517,-3.4168832471195003,1.0238388653014852,4.003189770396887
2023-03-28,2.526212817515514,-1.3544750199073405,2.0560489765955055,1.0766460473010682,0.27732564243798663,1.0254120626626388,-3.6507063364097405,-4.001641632160499,-0.2831007745511158,3.6427605666207796,2.912813706258845,5.69720576073415,4.054994531203917,2.8694749932855785,-1.3813231055485602,-6.6223740183966555,-13.070507801419495,-14.125168608886696,-12.131924575228169,-12.824250161211467,-2.0268227431481876,-3.9622602728455973,-8.037780712446661,3.094044720054427
2023-03-29,-0.49350610514382254,1.0831561911561636,-3.6934105771910595,0.5638528235285207,0.5165759738247289,-3.873675370069975,-5.00292855869921,-4.45207109310914,2.640032502570648,-12.34950721864027,-10.876195625165565,-5.0553464728880755,-7.263083371864042,0.029861924371459736,13.524648763777336,22.05821195141216,17.088068382473935,31.965139743027834,28.775652783662096,32.67824943161105,20.456601866420066,-1.1633161570343944,-3.9356088088036927,-3.3135537118953167
2023-03-30,-1.9849403793286555,-2.4768465934187915,-2.130921482318577,-2.0512990537397684,-2.7241569860946555,-0.8589214471136302,21.142072677087285,10.195061838011654,0.3973958035422953,1.521578906235078,-0.9066109362323118,20.596304751523604,14.130861038395807,1.352351601097837,3.088227699388071,-5.857085669599819,-36.88732709416568,-34.14803664413438,-19.36183416299052,-9.652692575603083,-6.600209991193452,-6.273140684002897,-1.3560532498938542,-1.3563096586709165
2023-03-31,-0.8616152334932892,-1.040150100662295,-0.9188424401886266,-1.0148877547870256,-2.2565974734845042,-1.278320350632164,37.80649978741743,40.42847824106907,17.32554049852486,11.662346838838715,29.847702201516185,12.597765349254928,-4.636625031074431,-2.811511039937102,-4.248003397220089,-4.595938936377223,-7.980737806004271,-3.9516130067324298,2.0747548582192223,2.6705768299473363,0.9306029638294433,5.663351436375166,-0.3945674672327897,-1.4724446919693719
2023-04-01,-1.5920244717082284,-1.766624046971387,-1.6154477768248157,-0.8341407824468092,-0.03499274553598042,-0.015675282743004004,0.12500653068765644,25.93891528900906,23.919363597437282,-1.763181009748422,-2.715955617548218,-5.8170711430989,-3.1042583215844672,-3.445899385315812,-2.817899106827298,0.15838449810291877,0.4645086753956207,-3.5496466389398904,0.9526322636659188,1.4988597355996944,0.45881052745903617,-0.31153176101892655,2.785673548628253,1.7699957923813372
2023-04-02,2.1736349992873727,1.790499029434315,1.0207570424472294,1.3218370041130214,1.6624066124858672,2.08171150644273,1.1516600951751172,0.40871932778725295,-4.346576607067703,-3.9575761167471626,-2.8641952438524356,-2.7745763567649817,-3.1666998633427568,0.7656135076669841,-0.7697682872190512,-0.34235868508466183,-0.672803470703343,-0.7308050601178593,-0.6798198821063579,-1.3522954846231414,-1.3155277656298665,0.1362814494563338,-2.0857042813902638,-1.4148846444068113
2023-04-03,1.3811797946523825,1.2326146850625719,1.5801219232664891,3.0034208817007766,-2.5484145491656136,-0.9977421968483782,3.745916647248407,-1.7888209760920972,-2.6296094559346272,-3.4487694892256116,-4.127076271573799,-5.342951139615025,-3.7673911247118497,-3.6473275128342095,4.090913965010003,9.423598982724059,10.002590213389112,5.220762908782319,6.519818753983884,8.985709641253408,6.940126142190024,11.509604227547214,10.280086527947333,9.934173026104247
2023-04-04,8.62062986649704,5.467988899021009,4.27854868638488,-1.4060269657700815,2.3966541690969905,-0.9956163752395639,0.6915394423042471,-0.13680287932567126,-1.5208368756455002,-3.827783553248537,0.02603593331207321,0.929979749364719,-16.253407826202988,-17.006879376490332,-17.730664172991425,1.405634133183753,16.300838011301863,11.762444785512116,3.1989434035582462,17.072073792226377,20.007004675014088,26.823600078656284,36.41204339445673,35.58385676104007
2023-04-05,33.103129720664924,35.09705181468388,35.5131064808904,33.631828139530626,29.44576161200885,29.07343726261783,17.910351047048238,12.563244652607636,8.618636062122874,6.957838481845016,9.878361242926275,10.201504788784746,5.368576049685629,-0.025162310383961994,-8.208407027795971,-10.387798853982076,-5.896581448391714,-6.059457781213723,-6.091981536479949,-5.839632377907122,-3.0756965991441234,-8.16759423892941,-4.182436657324587,-0.2582739614520051
2023-04-06,1.1722270987280297,1.1120646701559451,0.7705643609083097,0.7791824943639085,0.5393123623293832,-3.700668878317458,0.7557759550222443,2.1338465403773625,1.4265562261240632,-0.6189969911446269,-4.065065211997251,5.343943585034253,11.92486254279541,21.40826756875812,29.706448409582777,32.889252338334074,29.722839846397562,23.565347149359525,15.027943819279415,4.397194142515389,7.316206797743746,3.6503774620570937,3.253133674128634,-0.06670754232766285
2023-04-07,-12.399198825027895,-6.100493634217571,-4.142659803737445,-3.7566100794174133,-11.0216247343144,-2.8116664410199803,-8.859063967031773,-8.05265765111784,-7.57869649133724,-6.668478380093404,1.3467653744716586,0.2714344617107258,1.0003823732466515,-3.6561893120144475,-3.9321746572613847,-3.753344136168579,3.345287708261651,-1.3938215842892987,-0.8811686475768852,-2.2257082856888246,-4.176270996525659,-2.6050636044708426,-3.0126889267094157,4.27560403740199
2023-04-08,-0.27658157211462253,-1.9735979752846333,0.6692793962818371,-1.1277502134954887,-7.939333833647112,0.26129560271644436,1.5225503644396952,-3.174960421247448,-2.047878264616429,8.505622718443675,10.09808215603968,16.430755740516076,16.430294825318725,11.345324244245376,11.230051006031601,16.02360544617474,14.820049204598348,10.008232972111983,8.108395272918784,9.168520263873717,12.30272787144608,13.680436096694933,13.05493793595528,13.745891300341555
2023-04-09,13.483124045682615,13.263016057614294,15.09415107537086,12.81090676490146,13.041635362648066,11.78475851518158,16.660622275194214,15.450385351710736,10.870268608408324,14.074309347881552,18.681029250607864,26.515872831213827,32.67870955626992,38.990115391857515,25.58184907582146,37.15785204330727,61.10268135814967,66.78564862871997,51.0238881973262,51.967055325762075,53.5179520003879,47.86029883240972,47.31337435436846,31.477605263421772
2023-04-10,24.830878720846258,24.15386889881194,24.037562490035324,24.290860433204866,24.41559684778474,24.438691628668085,20.845623807310908,16.40265772204125,21.07967003644038,22.20384814332714,21.813593847092193,7.779398811716167,10.849641827425923,12.97346414045277,16.711328330050392,17.41674511544084,13.08525988568067,13.110266702947794,14.056930331878036,15.313821464567816,13.857560751899598,16.27140092801082,24.274559430659128,24.84312144344171
2023-04-11,24.842467547695595,24.84915653877435,25.28796873589041,25.511459355663018,25.599762934983882,15.44737079723847,16.4238099110471,29.834844527045668,26.534421014346883,13.868336499569985,34.89670614826434,27.693576368829085,31.665429160965147,16.939386551945788,0.8530964391338784,14.771290188969964,-3.376241400012617,5.671541899944458,-3.8350981145583347,11.783373179412074,23.744790113539327,18.356055986713223,13.14080308356252,6.653661664541687
2023-04-12,25.497887844175906,14.525167827238562,6.291873871713278,6.778648937569688,18.26152537300486,19.002784570116233,16.725337393994693,14.727943102685181,42.500656786213625,33.9234267985844,19.864700323295473,15.317088687171086,11.597833252849057,14.093948807725106,9.696991361962013,16.681505065644252,39.66991514703336,44.806454386092085,52.91733865389043,50.54575422005043,40.432272895831424,14.21247416545797,2.9270945785424374,3.180244315206096
2023-04-13,2.4386109871679693,2.44050645596392,2.0731159927378044,1.43181053197452,1.1678378087128465,15.365277658290637,6.134438037658072,19.967468390534208,36.231813752998136,29.282182933355344,23.355137696042497,9.308569378180813,6.284259206671166,2.0118765623096024,11.823098910865959,-7.8681273719248,-4.032857555187718,-6.274362704664782,-6.079143025300169,-6.881576215890078,-7.40272911788108,1.0002815661783018,1.5839392019565537,-4.479891618530644
2023-04-14,-4.454667360561956,1.2288643100588104,1.253245515688036,-4.32959510963056,-3.519326345601712,-4.001509671580209,-3.071805242431026,-3.3689785066403033,-3.5209266916651245,-3.598341951854138,-2.4737123266919525,-3.0799564950416425,-2.7071697571888933,-3.226662721679503,-2.971570437563571,-3.3449903733702797,-3.2284364975955384,-3.8063476141129513,-2.7163436887707064,-2.9304448797946065,-4.28896134844814,-4.228200382998182,-3.9632128794928576,1.3138731698280708
2023-04-15,-4.355457038584234,0.8278402075661404,-5.11947262553241,1.2938211157742217,1.3673988704271949,-4.680020658812424,0.7350291296295666,1.4327349173722723,-3.47633406994089,0.9605408855942699,-3.1133262564365793,-1.4872975904131067,-0.0647963644985623,4.768564463300038,4.441849466862891,4.124470331416688,-3.645738647028594,-8.948678679809916,-5.83337975342377,-1.541970372786409,-2.6298752537201437,4.376552133259395,1.7740343675604606,-15.789652016378227
2023-04-16,11.058462947809659,22.229536398201788,16.736276421856786,10.877162868578523,8.770804184140161,6.4165409078906634,5.117269030710759,-8.79119888432436,-10.554349428841391,-7.590333871071749,-6.67830176058996,-5.621616884573257,-5.348333428838089,-6.245896773570365,-7.106219365547673,-7.026518421208181,-7.055566168834275,-6.942115431582977,-2.843458889566648,-3.019118900677597,-4.685571775773639,-3.8773549208331417,-4.158942235024568,-4.6373333308331155
2023-04-17,-2.5249436267773717,-2.1306185899160255,-3.1909348557110775,-2.812455139068504,-2.435644582518478,3.005627275491065,-2.6022947137971073,-2.0511861090129173,-3.211689262241123,-6.661064012045756,-8.014740581713937,-7.114346229769723,-6.156712773682727,-5.6931344101896855,-5.578558746906765,-1.9080237061384366,-1.5776066502743618,0.44530178350015603,0.07319010369289458,0.11952147098193677,0.4883713605833577,0.07169210352921596,-0.5398496573081388,7.451446919944004
2023-04-18,3.5272912271546204,3.248762988348062,2.6428399589438527,3.5569407788717626,-0.8713083389517635,1.168762086656102,-2.5464142406299572,1.6761898629156349,1.7585596707997126,-1.8866741044012372,3.439019107688182,3.995572540003309,1.663336818785183,1.4317499507075269,0.9365701256127039,0.6745599839012613,-0.30222971454112724,0.9796200191871804,3.202835579431394,3.6498573247386616,2.2335864539717676,-6.630436378148502,-2.0785543883274684,-2.1783362574664835
2023-04-19,-2.1934457124811715,-2.4137407622720275,-2.5515850566588654,-2.8200203588515507,0.20650622774478933,6.621917017953379,-0.056380212502801896,5.868746232428251,7.812653825209495,3.9892924379828543,5.266851831939938,11.48361252476964,5.596438849370983,8.96098028469752,10.16800728418589,8.441248907750413,7.745721462488525,14.43835680127981,21.699569558893273,0.7767635450435648,-10.09447431776772,-0.24342352904939446,-0.3707162333133738,-0.07646809782323061
2023-04-20,0.0004952978292962484,0.0005020189016136101,0.0005244400904302893,0.001210293356479042,0.14074220906675805,36.0267411327594,41.70104397796588,16.60240079155534,-7.950573930875805,-12.868522279346436,-7.770554271593326,-3.776004745943709,-0.8137779617160135,-5.543613074597232,-6.821831251750268,-8.410188398536334,-2.3508750715980824,0.4792976052856659,0.06642328363449224,-0.6502997272055211,2.1424850165054323,-6.432949742118964,-2.90334349024171,8.338539494685904
2023-04-21,-2.0899447893827414,-9.300147704952963,-11.425067612537106,-9.413286306972921,-14.764971215685293,-34.3237953446387,-24.227083653137214,-20.032052769342627,-18.68128424375803,7.231757739092359,5.4025604661908915,8.50814470311714,11.48170724869955,14.941837978282493,16.34765653172626,18.12609410238703,22.076528719765975,6.505445065087088,7.267775067267252,7.35531933206488,11.489465542344277,12.581720689848623,10.798178757336387,7.650993471767521
2023-04-22,6.130702986341049,10.603984581511668,14.224493077907056,9.201485189428183,12.200047496215618,10.169619921189138,19.46945398711935,16.441130452302502,9.115331063893109,14.499441740149535,14.920561357847504,17.71954901198208,13.820328592568643,3.3874251081125095,-0.8547150004846031,-3.046836366507648,-7.433140323736922,-3.2542902672049934,6.76792117795523,8.423942104603583,1.7346840337903302,6.588025543517347,14.006705712176085,21.380909870654477
2023-04-23,5.378659283437116,2.7729760080352577,9.553121357665788,26.280674101048504,27.94288793025308,27.967373133466282,46.16390852187065,41.677254206823434,25.124367602184222,21.931830736272417,20.515503990074194,18.556696737496083,18.758965750257488,18.182761255547405,14.101798575359396,15.467285693975413,19.64460253834686,21.875917195661415,26.03715926188964,29.364019706907726,32.095082757800355,34.0469230666434,1.141182491022228,0.16387824410032437
2023-04-24,0.1922751555611768,0.4188068682907513,0.5183542724019716,0.7013719328763699,15.41932398771516,18.797850236126393,57.62238319927317,63.63788689340045,41.562423645146794,35.689231014409486,6.3530343455089735,4.73653327255164,5.715010160633383,8.210854595588984,8.717405317064916,9.274569263160572,9.60540939966063,9.56777327969121,13.778513347658162,7.877558697346132,11.742846724067533,11.407627872456885,15.817455631620305,17.863916162360766
2023-04-25,13.479242107277315,14.499427211722178,14.73009387350578,14.238510305785397,9.763537388191395,2.952956003178514,5.876699874872514,2.6968371235584527,5.558250227611495,4.407144372511084,6.144804992081077,6.553925385479545,1.311676410537899,0.20682436598599452,3.3650233684342936,2.1487197710268617,-1.8602308870273419,-3.415067299326779,-4.30631642530048,-6.377157186897591,-7.0194277798440226,-8.116110741414502,-2.7273672279161474,-3.5689401441809423
2023-04-26,-9.186582838177515,-8.343074026195097,-3.81793487416428,-4.133693730419395,-4.4680383763008535,-3.569898775332433,-3.0696473218956726,-3.9221928621153097,-3.2581865365237945,-2.8174781950727095,-3.104210078348274,-3.626657079680143,1.0877913938983568,-2.7602158234077763,-2.8486518729857835,-2.6424445601176956,-3.6330164393565383,-3.002995359934289,-2.702379742386597,-3.816174555391342,-4.039292365365185,-3.9743397531450455,-4.082449005941356,0.9124059380775407
2023-04-27,3.6547925429408963,-1.6375661412182865,-1.6077902638498358,-1.4618227461211006,-1.3212344848476505,-1.2092463899831785,-0.9201751746797129,-0.2307813576358626,-0.6409674070761753,-1.7750106883457022,-3.147414114107278,-4.736217547593242,3.3105105481312194,2.560897962698647,6.7717342726751895,6.659372610616316,3.12407910834915,1.619385375230678,0.4992576788302756,1.582332386069396,-1.7301149197154473,4.383858134228859,5.420983414040833,2.943424432858521
2023-04-28,-0.2975171101203813,-8.39259595445644,-2.9244674034615628,-2.9248268018554455,-1.9332726311160684,-8.682759228096415,-7.269495164938519,-5.869519545819287,-3.9216563483940092,0.9390793381103322,-2.8654509896614115,-3.374289664010462,-3.608272598145163,-2.8189711088193974,-3.691688045039683,-3.5683342033752297,-2.7878899602827687,-3.358237114804723,-2.7884969185104183,-3.017721665618012,-4.8125233300501975,1.0208849580109245,-4.65415554662502,-5.152612015519168
2023-04-29,-5.170252770066895,-2.045397057743969,-4.909653970347932,1.6740449219159075,-5.203787964478835,2.105879865521814,1.5152428437898777,1.1394084756494465,-3.335691601154764,0.9325071947945389,-3.1953392046588363,0.7572596678192269,-3.3894517113567986,0.9465670552822871,1.6116260359042371,-3.8739280122896105,-3.4749772199294853,-4.2277724557913245,-3.4349923652205803,-4.387233745664446,-3.785044157597696,1.7143442635091333,0.7880343916474146,3.6163125440616284
2023-04-30,3.224734173975577,0.07155610358321951,3.0322920615353155,1.7860996774817863,1.37378235630824,1.6887376565973113,5.840867492796093,2.401495644073009,4.843806123585864,1.7151588068837214,-0.6874370492051582,-1.3811753983140704,0.04163186699233279,4.579364270301568,1.6905762532483664,5.358881861340706,4.333601965766093,4.5076584926620455,4.645197117663599,3.7451719203135383,4.656946709222211,4.91402251896028,2.6894939069772335,0.3681970858010004
2023-05-01,6.531440778240565,14.869304480090904,13.812911115285956,6.391877494965115,22.46934145835648,6.944287657570754,3.9558821028648765,4.2000309308977535,5.407505646778503,8.361406017037353,6.107064089989649,5.945539887024836,8.522852281530731,4.464717575393507,3.066699296250107,1.158369049471986,-3.4175953711987006,-2.881196785298698,-3.218322330765062,1.1515835738808562,-4.749865326110779,-1.4663444055805996,-9.18500646819217,-4.975313110537144
2023-05-02,-5.8688347540639825,-4.11000934139895,-3.7281534145485296,-3.996371587185081,-5.549767449948547,0.790003427953593,0.49793163056506273,1.4915521978660422,-3.5929645932413337,-3.108845683579119,-3.0476742242483965,-3.8957815724355385,-2.77370146094907,-2.893590499635394,-4.217156553194911,-3.0202832826793724,-3.1691933855308605,1.200674945343394,-3.396443165898944,-2.9123371780586638,-2.7866891518669377,-3.65389629333049,1.0923824259422759,2.0144435774605256
2023-05-03,-5.310647925891146,1.8666562766075003,1.2676114118875432,1.8676977471644136,-4.912663528618282,-3.9530046442154685,1.07800666846245,-3.540913757500249,0.28454506521998724,0.8542810907178477,-3.1896255251668038,-2.2386980609800844,0.16855812507546375,3.802916229646968,2.02277675433308,-1.0074269400692515,-0.2157638452798949,-2.1178475223608473,-4.0489413714743705,-3.8428931457843873,-1.4587075261772497,-4.591094703033846,0.3815290975133365,0.30914361047418026
2023-05-04,-0.09103454008330658,0.0758126021649872,0.25420565345495305,-0.3937330269859416,2.8875733227181968,8.463897681270922,12.27589096953109,18.718969127602463,19.80917534325667,14.679149310301177,15.44381594908922,15.617542679827409,16.435550532697896,8.591695367305682,10.442529653077855,17.653754249905365,40.600364147802495,49.23439066462289,50.13547539134349,65.29573613873804,62.02931003206596,33.55182920949038,24.37584258918902,22.47790469378525
2023-05-05,22.474433492661873,21.569956743467472,21.793542047424772,24.50788304622982,43.992066864207075,80.8196993432754,94.69435223309013,70.00016882303386,55.14727335125609,55.50165038923731,55.225525272193906,52.69272205010597,20.491891121948044,12.665638394195781,6.532363133064138,-0.6827873940740687,-1.6932205354573284,0.8570402085189528,1.4141017700666794,1.7855331431436525,5.341595827259596,5.076039601760613,11.955595499672285,9.222297631889774
2023-05-06,6.249658620211676,1.2357601907896765,-1.841435006258564,-2.374882613171536,-3.4022162720491735,-10.541172086131695,-9.296615870890918,-0.7999387720003881,0.21690826651820316,0.8477141203400151,7.7719466506161154,10.186329095063257,10.217350277722858,11.001279354233134,11.501939571354114,12.766248263471198,8.654292018271065,7.895222657747581,7.892249073920368,13.321660203288559,12.398054043619084,12.88404518783895,15.413874223477194,15.185704550882164
2023-05-07,13.384425959830523,11.701532793682802,11.160125942055544,10.725753549459014,5.740001964054386,8.009729154583425,4.855765937274896,4.389861760208106,5.373680318778696,6.5607971952294974,1.3411246451383079,8.263044598091398,6.690491898242499,9.724141976000254,11.61884521100987,12.203499865846396,6.829527896621926,12.677468057929246,12.454207644147488,15.206125390481219,13.813927015849515,11.382729657566557,14.509473294262449,22.652967810332285
2023-05-08,25.794079486250254,37.507713845590175,31.868118679243004,34.45431260823616,47.89703371488361,47.09162040155181,82.40346798718207,47.3936204670144,27.63645735738524,22.970020473828143,12.199043993643102,9.39606199728864,9.002646591438875,-1.8394298273458531,-8.961466377478658,-3.99052836111386,-1.5683431839635489,-3.2240111160732,-3.1709577183464006,-3.028505480885869,-3.4899139321373696,-1.6663706665902254,-3.4093462578968285,0.0025325914083538237
2023-05-09,-0.08370635578052088,0.8491301276993966,1.756195517490724,2.836889960450506,1.550552999400594,1.1356241194941106,1.551907701927746,-3.593749812781141,-3.055237904924155,-2.7821972730616267,-2.771894450645476,-3.2410906542450846,-3.3192363605755304,-4.073959061719307,-3.7687002940000696,-3.107977168455335,-2.7467309948480363,-3.337101261058592,-3.435275460783714,-3.7161188844346214,-4.088625620925427,1.1100576903825754,1.501329065898915,0.5054419098524079
2023-05-10,1.1575881949126199,0.8855569672651313,0.44880333148438467,1.3978435983563884,0.8342348265271085,-4.535287848707526,-3.4630073845526965,1.11144743656169,1.015383196727413,0.6759832838368993,-3.3983801216239726,-3.098025159010348,-2.963014842963304,-2.777898187138561,-3.1454224364287597,2.189646656093629,2.0703629903805165,-2.1572557861503867,-3.219153012219749,-4.4439849728931335,-6.995773956824195,-2.5712876612659556,-4.428863811819355,0.7784532358310514
2023-05-11,-4.598737886159654,-4.840263098389357,1.0579782024850033,-4.685525208650034,-4.524429323523805,-5.0175732831025925,-4.32589102046461,-3.059216116435266,-3.344156909744413,-3.37610130521594,-3.1291037586445896,-3.9194807872366084,-3.279771142150338,-2.2144938949641357,0.9191824031924511,-3.137172608589964,-2.6553851085951976,-3.4850807973137137,-2.9918384581391138,-3.8969100863774315,-3.0978296703605963,-3.8024440230298637,-4.612603721126504,0.834032670346204
2023-05-12,-6.232031825005379,0.7117201079458084,1.2470022365640716,0.5736254251207242,0.621547226358615,0.7853379034954742,-3.7092852236573606,-4.51347951155131,-2.3362896924104746,-5.028594422655402,-3.3693065024550606,-10.345415819273512,-8.129329213358915,0.36516334361316183,-0.4972642081131369,-10.95216349511648,-8.465113560603513,-8.871702917185274,-6.7965832013576915,0.17971446789943002,-5.2006593537753645,0.7373608004771484,3.7472139411060255,2.8753958276874414
2023-05-13,2.125194446256174,1.1880431874667323,0.8992351678789134,2.260934293647992,1.2071031056777883,2.600925309270096,0.039434878350959934,0.5468725301907966,0.8259115292181889,0.94550823382923,0.44006711626363426,0.8968998071516694,0.45723856205981406,3.3336062972810225,0.11025885888255971,0.4016846205347804,1.167168938710887,1.4356213671810565,1.046487672580156,0.8501034256413504,0.922135057986452,0.905604954091416,1.3117438869785758,0.4899935826823878
2023-05-14,0.804876132527653,3.7573915234351887,0.48375152790137577,3.7170996161223684,7.120417885038137,3.5855463406225,1.4786098072851246,1.4173744001084572,-6.287347930121996,-1.29155041957128,-5.024176163273495,-0.974344985566205,1.0777231298159506,1.4913933284533698,1.378764886069348,-0.4319838882423426,0.9757360293862405,1.1143663752271777,-0.42400117188986997,1.378318250082316,-3.960800332530738,1.0369031608985892,2.049138984271366,3.807570168973484
2023-05-15,2.6312264950717577,1.0142084584326625,-3.4686488076164466,-3.5403391613449884,-7.928239342731544,4.580128898913941,4.816048910438539,-0.6975006039369163,1.7801376346124016,0.5696146426200244,-1.8220693381345967,3.3430661469555787,3.3796358148963037,3.780263573028037,5.9994581831525835,3.413433942133196,2.22834550396972,5.617146001908182,5.975799846693548,4.848348100421333,3.7577727208742147,4.133592141497843,7.667532563537691,12.460222707195271
2023-05-16,20.1493306166428,22.095621515627357,25.977969765150334,28.70248580708116,27.878593759689153,20.037464298999538,17.02976543172869,22.930306955796453,24.629805916936505,21.668036175234292,6.297865915901099,5.21011041071506,5.450892032989628,5.50779257153593,6.521438763660683,0.06602078012653578,-1.2351123924219962,-5.61194423945534,-9.760905970802725,-6.790217971257363,-7.380616485274373,-8.23684201064978,-9.718606834227899,-5.312439719501327
2023-05-17,-4.379352153154031,-3.1019401823672865,0.6662140732038608,1.0260595178322944,-4.501657678077208,-4.741415886670808,-3.1313741659873813,-2.5074583922522606,-0.7763479299134133,-1.2957514079614612,3.4447687211905986,2.1633963422537477,-2.2124876847154553,-0.6224265535653899,-3.4815027873463578,-5.004411793336601,-2.9996767275740694,0.7906305454537801,-0.45423367162015893,3.5378848040804485,8.845940980136447,16.088875530392414,23.082670969936487,22.55199627025806
2023-05-18,21.056554115247536,20.544903541750983,17.478710572308586,15.908627418584473,10.85956969243847,9.435088129509637,2.2775849191152417,1.3612846949092443,3.3093729706626505,2.0384240853910853,2.742731823455159,-2.8159382147121903,-2.1413541780171954,3.20327495598562,2.1220319149500426,-3.3877133791424114,-3.7839374859741213,1.0444461026521878,-3.1680839229899505,-3.9604243700964616,1.0893780075840311,1.1855445212505913,-2.0625243309696657,-2.772402991648704
2023-05-19,-2.052690759810588,-1.8955904503488625,-2.1477081405365652,-1.16755642171168,-1.2123868115675407,-1.8141522468337428,-7.447232183811451,-6.435681843502664,-4.539295845277394,-2.696059681208567,-3.0668073321272686,-3.366912300047403,-3.2401272366849696,0.5500551423686204,-3.5866819786228064,-3.6637246415122604,-3.745313022570059,-2.8662175284823377,1.763902538096147,0.9427250014663002,1.238943115741563,1.7775297293946721,-0.6957864539538434,-1.2001991955596907
2023-05-20,-0.00027548725292092513,1.1630488995465242,0.7463136973842808,0.47258032616458934,-0.037688377048908706,1.1358297164040465,-0.21387629902048388,0.13989061043322693,1.1003510426785112,0.25938893253571393,1.615318116285323,1.985712694299096,1.5129116461190364,-0.041504577972602874,0.0025696786146482964,0.002742205594358893,0.24462330346646866,3.9990665208116383,2.338828359969824,0.311115598774208,-0.5758189405603389,2.4001748607834656,-0.15507647532251667,0.0002554643959911118
2023-05-21,-7.02676271657765e-06,0.0002689888321185663,2.1795280218839252e-05,4.2066259666739825e-05,-4.211447398461132e-05,0.005677935864213168,0.13858574468828522,0.2864980740339149,8.15350055148167,26.194357934426293,4.611069485353795,2.3061617381398776,2.6016832648463577,2.018024203496452,1.5793730230250276,1.8757213597364881,2.159706971514197,0.8022062733151785,-0.507223383113228,1.4104102297444001,1.7063049733946514,3.3248739520063992,1.6455397022843954,-1.10321548385744
2023-05-22,-0.18572639844389016,-0.05562631447634203,-0.05463450996994368,1.2010241089157319,2.6450733628920773,4.003132097489001,1.204149757249013,0.05397376206070703,0.7790840776075498,-0.8451179343507391,0.6706940828238288,0.6481772381670226,3.1780896948336874,1.2509364640068412,3.093359548912133,2.2844344151246645,1.1452187512072385,3.059692221529602,1.0616999837620398,0.7789967222545329,2.9662178177664913,1.901269959989662,-0.03147024352697514,0.0027617321412236606
2023-05-23,0.04114461661124125,1.447074334565869,8.514115881005281,13.683546403837134,7.275603448226555,14.882682267539465,0.8946494362840554,1.2561787362890868,0.4030529268232499,-0.226337445774476,-2.2934114681208086,2.135651001187682,-3.221723276201999,-4.654601835287139,4.42637401809219,1.1778894133551034,-0.6580370168923366,5.946093361428211,8.49674262729522,9.00231600904229,12.542942790515724,9.226548766543118,18.500533351977282,21.940330409181243
2023-05-24,31.938315313642946,34.35485542237785,31.178946893253197,28.606968533379302,18.18731966230588,8.613954429492054,1.9518800718949194,1.353743918346396,6.6247949702692495,-0.3051343869214236,-0.4187806076081131,9.227023424733005,7.537015791032388,2.484283366803851,5.963577831366649,5.102099777419511,-0.6258356017434323,-1.614033178576193,2.0960469889971023,-3.4365948703905076,-4.6438623797756975,-0.422044085786041,-0.822511325392469,-2.363236465035243
2023-05-25,-1.7041968401561434,-1.704866895330241,-1.7441299129043557,-10.142917543661127,-0.7666076883240578,-6.6509515097027645,-4.445331347815824,-3.2170928145967537,-2.7917470168409864,-3.213254716776703,-3.58610928390317,1.6188202978525226,0.7989885699053616,1.1774169659428253,0.7913438954179526,0.930576230440181,1.4601140449578622,1.5404157205293245,1.7320456198215766,-3.9037146475443194,0.7377094472456349,0.9437175153389035,1.0630776028755236,1.180784834571682
2023-05-26,1.6232543717731858,-0.8748978990008851,2.459569715395517,3.2684824385995626,0.29823578434505293,-3.281761192078392,1.5865298796694844,0.8459079183504343,-3.167992505906767,-2.919443984353137,-3.3688248729450834,-3.4613408222930104,0.8238980939773342,0.3173988882086576,0.042114649769331436,0.2895584137894218,1.3228260176371407,4.6820044840603146,4.8988451271332,-0.8538479741801552,4.675757384168605,4.72419019141384,8.214212889779304,9.661508365204384
2023-05-27,9.14760787118577,7.31169947139243,2.9419863221397122,-12.028878564723868,-5.611921495522068,2.522694539618797,7.6851848813391115,11.571541896460303,16.678014371510457,21.61558249121164,26.146551999382112,36.743253505117906,41.7391882598817,42.99677315690154,35.78161706512924,30.716308455126807,29.231120907720566,21.018625227887384,16.227343422144514,9.108833298713563,5.309913899804798,1.3804880799135617,-3.8130945877358755,-5.97656964235108
2023-05-28,-5.477649805385539,-13.035366519797122,-0.8995174014515754,5.2238154449008505,0.4076475251919618,-1.9402140472014082,0.5575092842487095,-2.5768766681108843,-2.0545138799470237,-1.53037212511164,-2.0448423907340754,-2.1708564068320158,-2.0878967041594905,1.6384300224702457,-1.7088935275314014,0.0010900566610843043,-1.831750450224476,-1.8276721477836162,0.37944173578000573,-0.05739734744526004,0.0002874293473951184,-0.00010783222380439383,-0.0007864331553264492,-0.00034081017889775467
2023-05-29,-0.0004364413092190489,-0.00014444192521523291,-0.0007054977234943749,-0.0007578007622015548,-0.0007995560274025593,0.039940635516366285,0.04874834890722468,18.582489248926336,0.022481695696512816,0.029607863083441543,0.03782016784651887,0.046152630431549824,0.06069654848135997,0.08206730196229728,0.13091250352205464,0.2977995525009334,3.1756991541503368,2.0157517525200603,0.017626036047758475,0.11845756345762481,-0.45528108414022483,0.5938662719398025,-0.00013825353582319622,-0.0002503640879751856
2023-05-30,-0.0002181872812485608,-0.0003806341435748095,-0.00030936972113693173,-0.0007667210877073671,-0.23830977115474639,0.29024109921844854,2.1432954568485627,0.4081218010509531,0.6492583901619184,0.3634123213338398,0.6345702077439626,1.0913882191571531,0.4009707682755277,0.5565175634445438,0.2331865191932394,0.7137335657781279,0.9168220212507947,0.7712912559525762,0.29802949290530023,0.8891077295990897,3.8217368855009255,0.16672102123291666,2.4818004989459865,1.0448552490856855
2023-05-31,1.860968584418032,2.026142292318738,-0.4456489433818831,2.913366515606029,0.0563456760484371,1.307942106086017,0.8141016509032113,-0.3636779788760407,0.749901582908592,0.6722292927198055,0.5255135235705382,0.468715243764791,0.5972921121811225,0.9180248051432613,0.9211109297805535,1.0097532868481096,-0.9544722165664155,0.7982626133339465,0.8553224548232095,1.0328826377087523,1.3311961320527246,0.17387333710888697,0.5773441167312114,-0.007279026314336079
2023-06-01,0.26998625932448306,2.941055911013237,0.03371748258707896,3.6671813740804993,4.453813417952318,1.0246740213763985,0.5035315791168102,0.6498418075466361,1.4008792023554975,1.3250975916717778,0.7100119028729921,0.5566668440660294,0.798805257435447,0.6977242511113246,0.9645747288164586,3.224921490722309,2.7525032315128612,0.5773267642088058,0.8333092504916806,3.03535480152469,2.8171803201460364,0.29149281232261615,1.9119510778147344,4.289889158882048
2023-06-02,3.4291982888459103,3.7906720820269015,0.0402885010131655,0.01606981932218332,3.82177920156974,1.0700782846764412,1.0249469109208462,1.2975129303304413,0.988041996045439,0.9099585170624209,0.7436101772341885,-3.5788256959269233,0.9925266732500972,0.892406814117578,0.7228562387798547,0.606563825275515,1.2077721235776266,1.4027658156164762,-3.8549916976067777,1.5160248249545134,1.848140663348829,0.6941688655699352,2.9933363561768545,1.7758405353010431
2023-06-03,1.1025268835161626,1.9993658352871648,2.175999575701553,2.6759280310078566,2.632546465007465,2.298023525350416,3.6717307646509596,0.07370538116362013,0.3839658123597758,0.2178091352884337,0.3417931149928961,0.07410380017589091,0.13126616776706612,0.48993511403594425,0.04945198372600146,1.7758057138267702,0.7710235537164749,1.4837308381536616,4.277493728073182,0.8836258474088083,0.5847123354608641,0.3510962682928209,2.6221554539040284,0.9031589168928775
2023-06-04,0.8295599572027186,-0.023472533858864608,1.3091332369100428,1.0179209597208398,1.3764042811851596,3.2717302390644676,0.1874291148226348,0.4411680634482025,0.5374771180515268,0.6301928128569045,0.9862583437420085,0.9062892171688759,0.2984200728366204,0.06279883776313966,3.308853920707463,-0.28063088754464616,3.32920712971152,0.4728752544656061,1.0939751351243103,0.8104980184896249,1.0607363494440847,0.9249753000773353,1.1699949941988734,0.13822334344328624
2023-06-05,0.4461993749595763,4.9394920406193705,0.4256505602948266,5.092241177418032,1.1188766151240372,-1.1192056202725382,1.3062290082042693,1.5735919648878962,1.4963718686992138,-3.583628479473333,-3.4717051870507305,1.2086303280096047,1.3859474563575134,1.0474828626162491,-3.45370038481974,-3.7070587574853278,1.6654811500237372,1.9306863051870948,-1.3222712442935176,1.8580451952765884,1.6849955628461828,0.9910344015858641,0.39326161743619537,4.582315010604503
2023-06-06,0.5875646225416347,1.3779772341179068,2.0942145540202546,1.6621591785739724,0.7698629048962005,1.1194448118210971,1.3007730935097186,-3.741415213610651,-3.5437935827916647,0.46005149411311663,-3.3820563201086316,-2.9497115361194517,-3.528630733551097,1.467503848981238,-3.686338003165446,-3.6731260621013178,0.607648551032355,1.34141528753878,0.7017540905767703,-4.042275497433991,-3.874183044950371,-4.350326276117158,-0.8384588037043557,0.9361155195931019
2023-06-07,0.8648835923650608,0.826498731162502,0.7823138249261206,-5.7061671785432395,1.0503181678725184,-4.531500091407565,-3.6779848638536805,-4.180518004057063,0.8363110728135439,0.7774576480624944,-0.28166601911974,-3.1481101109240797,1.7234136160319622,1.343031641120433,1.4928107064931453,-3.340772452934317,-3.522178791001778,-3.397653328462468,-3.62473967800031,0.5029890286667751,-0.3632841783659444,-4.037065110487134,0.7276048279763074,0.5901209232159204
2023-06-08,1.0777356349844638,4.622307632076115,4.475669905983125,2.068550205174404,0.5545848165398013,0.7856875262566803,1.0129612742828442,0.7408907621303342,1.537015457723669,-3.4227450786773943,1.1068512306616185,1.2835655417563032,0.7536180849895402,0.8336733585251181,1.3149557674830419,0.76271447812357,0.9093122732775498,1.3102715737235542,0.8300806484777468,1.077267530747406,0.6637286701750043,0.7960030427281453,0.6044634149841528,1.470950551952086
2023-06-09,0.7556814512462466,-0.014398349804572774,-0.011525758574698841,0.007482882926815648,0.7256555589539744,-0.07239228698728084,0.16615469773603309,0.8729480493158235,0.3748338965615403,0.33368204631383946,0.4601128913348731,0.4701119624705825,2.8531861905253493,0.08060642599271262,3.194758475409941,2.643721267886221,0.4771114607443536,1.4017193933193965,2.994059461795203,4.261251313537642,4.016979281144117,3.009720641651782,-0.0006152797954612765,-0.0008218424912627142
2023-06-10,-0.0008292618341840807,-0.0006916823735778621,-0.0006975135719571313,-0.0008347782475297549,8.907183219376662,16.356146095283634,-1.4978746047028721,-0.27877714008157284,0.030121937827630063,0.09478747772172369,0.22677259930109983,28.051997802832005,0.9527762926815626,-1.9127110603680535,-1.4014022221142497,2.197288767752937,7.712158505244318,5.317680623203984,7.530166545077712,9.4232005222877,-0.4574937340781844,5.437947072158039,1.5656535451368327,1.653893954654876
2023-06-11,1.4921994667872767,9.693232697315011,14.415999682818793,-0.8908901307769952,-0.3538381001643671,3.797638796269382,51.83321845368398,69.77225277541578,-0.1501539935157723,-6.768558986346278,-2.4382113552298676,-2.366331280390341,-4.498891241362145,-2.610280539402055,-2.8301003857173157,-1.6733067345754193,-0.5481718248400966,0.9444755153674009,-0.7894666156273047,-1.439145829167785,-1.6648708504393142,-5.087178822819112,0.7672811971338547,0.8631569361940308
2023-06-12,2.34180445750485,1.1791195196071271,1.34612712909896,1.681857269671383,1.6303916700509262,0.6301804357765945,-3.067224225800885,-3.1646366420788468,1.4764157681456709,-2.9307942458560774,-2.6386194915163514,-3.179135053517683,1.624989312773721,-3.147397950855435,-3.321101012377909,-3.421747032510922,0.6579890131002912,-3.2501936456461635,1.2309857848481442,0.8824395193788064,0.8481744621259679,0.9675285240478502,0.8465045173540489,0.5909771413238047
2023-06-13,0.46111547615407744,0.29481124184334817,0.6378772993292614,1.2747992899265341,1.4480349253345253,-4.73748039191662,-3.6738886587046125,-3.8042796773329712,-3.2119742681769026,-3.268168899535425,-3.122865634519229,-3.2460226670870327,-3.611343882349047,0.7316554878005661,0.6569492370525154,0.6667803268198327,-3.5440802508437628,-3.5423892309068776,-2.3335248350834377,1.1834065494975903,1.1914430545044752,0.1801085250444885,-0.5285168718688311,2.74757092068684
2023-06-14,3.189007220896798,3.2577085823187986,4.362541884742001,0.0296146527071528,1.080334630305714,1.1187859832078004,-4.102927635225484,-3.065047174213902,-3.616763431881054,0.9407689951650866,0.3486696499454638,0.9668708638833436,-3.3360185128252624,0.7960207436759106,1.61952049937139,0.9745880473325599,1.483648960028404,1.0718400256761242,0.7559443650754645,-3.4347892399808586,-3.7446970133636626,1.222588692181347,2.556172271431535,1.441310220564759
2023-06-15,-5.7658519618997275,0.8384118385677368,1.3296077243523996,-5.347320171783707,-4.848259278652733,-4.393813263508207,-3.5351769527488557,0.22569030126678058,-3.6368874867927445,-3.2665587410165813,0.8751795225823003,-2.5190089136028746,-3.009213241204293,-2.7981932883120635,1.1466667336295018,0.7907918779075658,-2.774335372166803,-2.986924418930272,0.2077070131400376,0.6812794337232049,1.0271167686484262,0.8126771341281085,-4.462049095122239,0.4974530420670362
2023-06-16,1.7010448054460028,-5.457650395513838,-5.625066300827342,2.1497123599823453,-4.915175662433768,1.0248340608556248,-4.379043009831946,1.4978666397528002,-3.6063123095226217,-2.839258533701212,-3.5356898817120737,-2.887712764126036,-3.0155821933078073,-3.6180281510949612,1.4727460655221876,0.7578821477381439,-3.3533102512983817,-3.214363258539038,-3.2926830481274294,-4.064016723336721,-3.759077206399951,-5.085971899832458,1.856026747865542,-5.2165942680122726
2023-06-17,2.692195724598804,-6.108427791732396,1.9504771968544503,-2.66876524159278,2.0697589653865975,1.0921175652644877,1.6518509815925881,-1.942304515270564,-0.07495422759956227,2.4585535786784476,4.333558316927849,3.018696769768013,1.0975644416444652,0.2514796575990772,1.3348608123413044,1.7760701785103947,-2.805415442353535,2.0914289305971465,-0.7198194977188166,-1.882364854163626,-2.9206806061241366,-4.680631540558238,-0.011789814623000439,-1.3458048469958044
2023-06-18,-0.15315136033561316,-1.8652856605840498,-2.842270055547317,-2.447281384385491,-2.034559727544462,6.618212167651677,5.831584949245155,7.272315255812799,3.9895068057572303,3.9195598613522407,2.4092680976432206,4.55776500699524,0.14017415872083916,2.719433767274637,4.75049256515949,1.3657434947212437,2.0960869071853665,-4.262869433078237,-1.4138806732406408,-0.18303371969500404,0.3691398142655089,0.9908715715321534,-1.3394887805511644,4.417202575657086
2023-06-19,9.873731780211699,12.399292382195,14.564004941184976,13.328756209206759,19.697169542762424,21.786298900971758,22.960842134600995,21.6462421343565,13.651149815604612,11.1563546176844,7.829550435114783,7.337489013468428,9.176522437606877,14.453610593491533,20.204971886486447,21.19978535709305,12.456506837856153,9.367625254496176,1.8035529634784382,-4.731236534789673,-11.12774376847642,-12.897623307833015,-3.056968652684759,-5.931211161351797
2023-06-20,-2.666746151872047,-11.872653208057727,-5.360995200506551,-4.174976425612812,-4.5533019620703215,-5.298766534683068,-6.272899207229074,-7.097271364225577,-2.977002823794919,-6.477670498289456,-2.4488175377836683,-7.098298428847102,-2.8122188964552493,-4.0287355170173385,1.7957308641581449,3.099601827700468,-1.9763514432949592,-2.5848496727347197,-0.5128049263575747,-1.530513522053667,-7.8797197387798406,-0.3266819614582346,0.42630954646651276,-4.894563742104509
2023-06-21,-5.075448164617114,-4.8764556448892336,0.8587407094686625,-4.85869339316659,1.3283265655405216,1.0745468413958292,-1.547073834822129,-1.073737716613124,-0.544327724529694,-0.3435446848151855,-0.13706907561700632,3.504381631681099,-2.884628464844525,-3.071307875868854,-3.963798923904875,-2.8138572548900527,-2.9509593794244324,-4.049573687519597,1.0815109247058103,-4.097803239775885,-4.9389658772696805,-5.102968195897233,2.223499938380712,-3.5734338446811478
2023-06-22,-4.10154804132182,2.2552370729117115,-1.9824604507478512,-4.892850147112966,2.6574626864513107,-3.94388986730479,-3.788978378264801,-2.9687933108752986,-3.090247973306276,-4.231626412539413,-2.0666939439346947,-6.525184829703136,-5.971545190855352,-6.781523925853236,-3.238718942899652,-6.849578271779848,-4.079028238243694,1.5177406433705016,-3.096614167038183,-2.8457982330587015,3.6962315380409336,-1.5161053679758822,-1.4301295623490944,5.1879932098772485
2023-06-23,5.076439566107922,5.193098054265278,4.794937412931603,0.3939603889150476,-3.531906672830388,-11.742198645753234,-10.832541387717157,-6.654477248936672,-4.647802230033022,-3.9596107425892058,-10.185814745316804,0.5241228180482551,13.138386402197256,27.435179734155696,30.123510284656277,27.785523181620164,19.075139577563945,13.442694214312837,9.619622924749478,3.0621155438940946,7.524343741790005,4.999318553130365,6.006929525498208,-3.0321360290826647
2023-06-24,-10.341947854656226,-1.6516298350435505,-0.3411769787337633,-0.591762422261759,-1.4837370314858163,-21.70756480621317,-3.1020254186712606,-11.109084435700126,-3.741748204217757,0.56622217020211,2.7221942594936905,8.625123196271062,4.469199873979733,7.058878518227317,7.518828292658924,-0.7827824776533987,-17.327692745212403,-27.916343398567847,-14.230482200464195,-9.889720213776513,1.669979454537554,1.5766204599626974,7.3387416341941645,33.678261499256756
2023-06-25,20.469640266587533,17.075545094425685,22.34522451773914,29.90094665330301,41.859325897923405,42.8259055444959,38.83038458035235,61.49393767518877,66.2223086757806,52.661016117775716,36.025999101382354,18.18800916178857,14.828249461132643,-8.828103111424198,-3.1056190922567026,-5.729724233769119,-14.85989051056822,-7.143814815524138,-15.92188069477757,-10.342225262185096,-3.150295681439019,-3.132526028755791,-8.771334831436661e-05,7.630323374030468e-06
2023-06-26,-0.0003543298921897531,-0.0003634908851708474,-0.00030364453292008875,-0.00040720060154342264,-0.0003666557620718436,-0.00016378485657497777,0.20403007205272417,1.4895016492287425,21.827074870436263,15.866484906503658,40.082426433358904,45.71667517511791,3.6683017037086074,-2.8140391259802016,-7.39837883687288,0.9366502467717766,1.8825950940916982,-3.9349377102632275,-6.094066430969946,-1.7967746833987235,0.7668051586793183,0.7461994952959969,1.0379342002843543,4.243433767885563
2023-06-27,0.6193342519465972,3.8637974196882965,0.6848877489845506,0.6245628897662243,0.4570622038161787,-4.681843614681355,0.989469308887152,1.1378974331368,0.8882672278851089,-7.021072357972457,-3.4019519579864266,-11.484429514259617,-17.52832684516906,-9.478405499781616,10.837828047917213,2.8050491101667205,3.3099746649710085,2.8908720914851926,0.5580753428456262,-2.436254623802398,1.010170804040797,-1.1652306358762132,-7.216352868618856,-10.722539353485956
2023-06-28,-11.929899472214942,-2.968448648081875,-0.236275311776609,-1.730335049664376,-3.082253712985363,-2.9900100393415983,-2.2887843800689893,-7.2182147752771755,-6.496893360423002,-6.638130135497107,-5.829626900605717,1.3714837018898152,-3.251365459813286,-3.444909907729482,-3.4739777480396015,-0.6367033325993816,-3.2564818198282808,-3.2373609319045613,-3.166209898925331,-4.140645767821326,-4.317607300030147,1.3807725225132401,-0.1985416272594307,1.3232254866677806
2023-06-29,0.878788986119929,1.4217804985605653,1.452784437020938,0.7638235127184885,1.3815108626240828,1.6650656335555993,1.5785110215362295,-2.997465694000226,-3.2796562456571223,1.0624128999883737,-3.04343898709854,-3.0551831501528284,-3.3980984503103855,1.2606594561559064,-2.7279056264180213,-3.306225939474075,1.0852835103139853,-3.2609466628039456,-2.435822872741852,-3.582209120831436,-3.9084930070128223,-3.8246312180634447,3.0157067521112992,5.331487496048922
2023-06-30,7.95224001599685,6.266122616642747,3.3054313742168233,-1.313834805857141,1.8687281679271734,-4.3924578452416085,-4.772613415967214,-1.9268461319722974,-4.2814688177234075,-7.292710240420092,-4.465419655026551,-3.0567483572176712,0.06993112419947067,1.4580876839313106,0.002007451109697911,5.863280252482497,1.73791536675121,-8.223412192686496,0.21049238976840456,-2.962982652318985,0.226036475289078,-0.14777822471207713,6.475225564756169,21.944026702633536
2023-07-01,21.666993925388603,21.545875287979435,21.84211302410283,21.88673175130598,22.391141911549994,22.07170575074727,21.45805586458204,20.020792835279785,21.098329937538793,22.045052664487695,20.75552363090022,21.454568084863674,21.04060384244895,20.593033509744032,20.375888017395834,20.792597413345884,21.246453498060678,21.897953448366216,22.44806312144527,24.10384035035781,24.15261838038237,25.602638179334292,11.092285788946027,11.422045735849398
2023-07-02,13.522945128162409,6.151624718963338,6.099169715722846,6.171974004285634,6.358371748688555,6.406118335054587,8.422074938800582,8.134475813586782,5.89458317846678,5.503655344790612,18.43923802294798,12.597084209757242,4.44128654124464,4.490874375669563,5.919645903341944,6.266757549652903,7.671796029453027,6.596579274536747,14.791117214171372,14.548141855169439,11.432028215047245,13.855049860802287,15.635083440921433,11.507290138027972
2023-07-03,15.832656940023742,19.754238496930764,20.967261538818292,21.71872631538936,22.150900828797003,23.25560368404327,23.276572475382522,20.899312540719787,18.666504028347138,14.146385393124074,19.95192272565057,17.09783146095273,10.524244519844927,11.204339472147979,22.259030573912455,22.28150307038839,20.201271346127573,21.945335653815796,16.23543718908501,5.119179900626282,17.529503332730766,21.0790151052831,24.496209555234433,23.043412559293756
2023-07-04,24.596324552418764,25.488492432790743,26.024071098632763,12.96358869653706,-0.44814465985188434,-0.5561835692681854,12.507337302254342,17.751022939184367,18.37838443780025,33.403325734946634,53.62376933739702,39.267854773624194,28.637677142248435,-6.222402167000951,-5.029496634803735,1.0257044388443717,-3.504345707878258,-3.1496778718159533,0.8741120134197615,1.2538570053472142,-3.8979905955768004,1.3484671828704222,1.218724557858252,2.5127768835539257
2023-07-05,1.3696460359302023,0.0025408626175078552,0.0025039015531120867,0.0024982290289443654,0.002607021979919466,0.11338639591542687,4.9961856303159635,4.1862180690002475,-8.592261597601194,-9.203826162765822,0.041883309847051464,1.9794499047778231,1.970991077685781,0.7071189959731754,1.1903652015529929,2.30752923407843,0.8093097301260457,0.9950114183320977,0.43291291501742535,0.7656376008035295,1.7157466495556548,0.8004734131849887,1.281383473060572,0.7874208019799198
2023-07-06,4.246804728637443,-0.12275367552720695,-0.03126352140643007,4.300969760488357,0.08736316349475715,1.164172175764378,1.1729929091393956,1.1568720935883903,-3.3522108436932854,1.276276761982956,1.1661316324330073,0.8553068710533864,0.9309339692880201,1.2863110235854265,-0.581289502503239,1.3544225561681316,8.4508430226592,13.363159117843807,15.53717431435156,26.077545311939375,25.748281797759233,18.26774831688588,22.275242541850773,20.33940376140721
2023-07-07,22.962644361242113,6.712195094104075,6.5008432918019,13.702568342360177,24.36733341628087,21.18190804500985,32.76309472809713,54.325905450950174,38.08655602098228,37.32320783366254,15.725094060390674,34.91464583964813,36.31145633482861,35.79280410473932,32.24013358533686,41.198099125855535,42.915456398693316,0.17418076780460012,-10.236268588902604,-10.843863606897187,-5.683013573278387,-9.355908999166616,1.5039549372200796,1.6725581720025033
2023-07-08,2.0049759358841186,2.19953432407317,2.466608354589674,2.636758789420938,2.8252472418274266,3.0533019145282267,3.432164870955255,3.909873360347987,4.49361849160011,5.482872781075912,6.129640432995586,3.1169933947173902,0.42141694455327894,8.881900853788125,18.44544815201172,18.676169370157353,52.78546436711831,85.92641207906165,64.42509651073277,43.15434524226207,39.657209766321884,44.13790625054227,34.41321634346576,-0.3994621897147397
2023-07-09,4.141288464943216,12.56828299845111,16.512337724096113,17.116186052843716,17.703313578893045,19.013504742853343,19.115965235069552,17.488502391444683,15.978540585196626,14.047367301978,6.779258208692994,1.517397603219365,-0.3194034377047785,-0.8081355320836394,-3.378420113835631,-3.437512346865475,-8.330267953037975,-3.531071781945741,-8.653439791763674,-3.1418694976577797,-0.9963515519508519,0.6960669858921165,-5.952316890567374,0.9653814148405502
2023-07-10,2.2211924502097418,0.22966758942760634,0.843550441536479,0.9821361935645996,1.6629975045651975,1.3690823847848037,0.8753884854908165,-3.311022762114817,0.6442841148247851,2.0246744436294364,-3.284323367708737,-3.1315918854161,1.8499498977484166,0.3897909357570484,1.3633228432210558,-3.7201276840532387,0.7782300262034312,-2.3079347377236843,0.7738740133053881,0.6836139773452032,0.848863587865381,0.3435890160441204,2.068432649961835,2.8991469741237523
2023-07-11,6.629367527371869,7.097218132810241,1.6620550340477251,2.0418004140992423,0.8035913535464942,0.06296054555491537,-1.973464345284654,1.493646926616833,3.0087891695789892,3.048561893908982,3.7927950044942236,4.515000500819923,4.529262586636918,4.425721589748264,1.1132219643090764,2.1982883458400124,0.8195919059162833,1.1069863895481546,3.2037249152791674,-1.0106170185332815,-4.955339179726963,-6.280633360282877,-2.1616170184528585,-0.10635930352776768
2023-07-12,0.448743749458103,0.34814167338868174,2.052107515004579,3.4979665699166844,5.897155122813473,8.842980129342294,5.2559248477279255,4.30391575735473,3.8795176980592885,7.608438726202337,7.90186009171714,6.025208231171149,6.244748578904861,4.763705632464379,3.9410834346757895,2.9267883590745214,1.1708772939138754,-3.2960459543012917,-3.9436100809660672,-6.050374403244433,-8.217500622999552,-3.455464569760977,-3.0775795124017407,-3.3240654931215943
2023-07-13,-3.491726282011797,-4.453309123486292,1.2691460320381935,0.6531405100286349,0.7000140250503364,-4.985796427730065,1.1211920889065539,-3.4064054525162533,-3.1786770572144007,0.7311798603206796,-2.871462193240774,-3.197235762232964,0.4716913518496142,1.1496027680715315,1.0256254391179596,-3.5121979038322877,-3.945482199151911,-3.250217192075695,-4.005713436239404,-3.674321832375881,-3.5303582147410566,-3.648908591654532,0.825710090661147,1.3307122266423619
2023-07-14,1.4221047523709842,-4.769342502386223,1.7801522115350963,0.37653837414720215,1.5408586408383655,-4.421276552865891,1.5670246227865903,-3.425685459505587,-3.2294409100000223,-3.315925819292829,-3.0634295222614867,3.417438430339786,0.18502900146586398,-2.5775903942907092,1.4536284238585964,1.6281312518645734,5.1945880496668835,16.652819295515236,26.73473756115755,30.643275580709744,36.402141712961935,38.11310447384685,20.35413621997865,20.65075326246884
2023-07-15,21.290514805620354,21.764311019931668,23.688237141214262,25.429049043901134,22.912484533203106,23.867248015413598,24.115815397833746,22.94129947740897,22.984875351027686,22.549408768637193,21.930406199110763,21.436577695535075,19.888938595863873,14.623975256064448,-0.021874649881794994,-9.96069133389326,-10.284953450515019,-1.8476466830425267,2.6599284288629903,9.281243857244053,6.04081256098749,9.931737202864028,7.631363261130748,7.084980285573671
2023-07-16,19.818691691428395,14.813520900825557,7.464432479369066,3.099832172461216,3.0587089414372284,3.0207557925751805,3.560451379989461,3.759649086207336,3.6670085462718447,13.303718008745683,17.648091388537807,14.645004821860152,15.676697814992755,12.701115484304925,14.663680690581206,22.014812666064252,21.273005046401078,22.659704877040884,0.3488774849961409,0.3598233923834613,0.3668493709274685,0.38988756926544,5.891400912971655,12.793701518632371
2023-07-17,2.407313787221767,2.2026833911700834,2.357530842282884,2.3522612633396136,0.9913083910461253,-0.09453011358988306,7.367785989644453,23.23310667462154,31.87950660503587,30.402972939811917,31.954293392214552,34.311831187717445,10.566883641035716,7.493910814199239,11.181467799739636,3.641436432877242,9.054679686361595,7.613726564627399,2.1845981392442297,0.049055642412383804,-0.6187869486606701,-3.4426344460718212,2.748808199708037,-2.9888946237287257
2023-07-18,-3.521558105745015,3.036585482765929,-4.642865405306253,-7.2210763237033575,-3.908137280019673,-9.509984996544745,-8.163636993596526,-3.5116731397861543,-6.751489211330579,-7.444716074850305,-6.226554505360269,-2.767539440596323,-2.9999188507699444,-3.8557571015303154,1.2111995340618762,-3.932195551389043,-3.1836348962774537,-3.773096232081315,-2.6814026606604955,-1.9487957199980315,-2.0507254738619736,-2.073960520900812,-1.923221797059341,-1.9867986302283498
2023-07-19,5.059228734278577,-2.2406559688676566,3.5600221088211015,-3.6468606878984815,-3.6806589485376833,-3.9402693496170684,-5.728721826312096,-7.602541642852003,-9.156229371577439,-7.344818789272466,-5.443811080422876,-6.578782048419441,-7.442235778010314,-7.428213242911767,3.674090344440515,4.515708641488686,-0.2854360198845427,-0.20539335301319284,0.15300022535762992,-1.4099887786415763,-3.0874613736482104,-3.9865833579668504,-3.8004110765469648,2.9098962956913965
2023-07-20,-2.138001647130949,-2.15861240886656,-2.339356981616646,-3.0789481685754367,-5.232991698155132,-4.681783927590487,-5.814023516404632,0.04995645986190311,-3.8041218973475566,-3.3371841794958357,-3.8418183526321172,-5.348428291851917,-6.200100420035199,-6.798175905958402,-6.2267133851349,-7.049009909082031,-6.8767580835037165,-0.7491914323782396,-3.8775736666933653,-3.0490004344351576,-3.6264694133880653,1.4889170657495754,-4.60805848944031,-4.764594727484308
2023-07-21,1.5926508106365702,1.5074560315152894,1.9354706321834385,2.195210465571961,-3.9039266063136893,2.1190484426252283,-3.2030379971664047,-2.73127818126963,-2.7460708710454185,-3.4030865263830776,0.9999643390546851,-4.823664042880694,-6.036208373848837,-6.604380884333494,-3.449707074782026,1.4316020444627213,-3.9163256686964587,-4.255503196560312,-3.768778217676214,-3.624517687354114,-3.908403355384735,-4.611613561755604,-5.579295942852326,0.7694588754471283
2023-07-22,-0.27950067462992934,2.5768676454059403,3.4423812135389653,3.3572420921752837,3.1302289046065965,3.0226186023470376,1.9699681063676593,1.2533688532516436,1.1488646360109414,1.4461820338325566,2.737004623063882,-5.356717291014363,-8.613304915244171,-4.707051837286471,6.561472657675736,3.5673033189752346,-18.265211316068005,-8.042403734007252,-2.4456610708217283,-10.94534119075631,-9.818144690633396,-0.22872657950256325,21.541511085131827,32.87877282547355
2023-07-23,32.93266793437648,32.381052225032704,31.868555276423486,31.772733337187848,31.88399874720641,31.544238092553787,19.06580556805293,3.123133482385697,2.4150183041561704,2.8876719235513946,3.5409153391302652,3.4536811353150796,1.9310616615404115,1.7109737628482193,1.8134479085514528,2.5471720156448967,0.3641641527578656,-0.37842632092963413,0.9148662239913392,1.2005082826414366,-0.2510912101402738,2.2888097293057825,2.4990015578712175,2.75896846446647
2023-07-24,2.717143433754366,2.468012196455703,2.372153896947985,2.1693046575898975,3.142169203078012,-0.09261580818471771,6.618181271475194,8.192137077693985,4.3683112960392805,4.907664904580884,8.711581768623205,30.494875672870535,3.6360677890795046,4.102200125343558,4.060610932452818,1.3026894883111595,0.0008800269702646801,-2.6384668394018718,1.366022411691148,-3.7103216288851684,-5.480803957494999,-1.5877576374493856,-3.6308327203294937,-4.0063206136833
2023-07-25,-2.489138085295764,-1.0567073047152462,0.7128290943304023,2.069005765999947,2.017867278836036,2.2502970958256583,-4.689218256299796,-4.09488583620427,-4.775566726001415,-5.073538127632077,-2.855939321814617,-6.570124537345919,-5.249814705077597,-3.0775283409541316,-3.2458307719264496,1.0322095889042373,1.0848754964920602,-3.2450083553490288,0.7909441902889114,-3.7222953731461246,0.893093759859994,-3.1161858539103378,-4.947271587357562,0.9328191397578394
2023-07-26,-5.371136674039917,1.1872852003613161,1.6484208273034824,0.6417989002410991,0.9848796471866024,-5.091248963194801,-4.035901548681579,-4.254370343232921,-3.5545502398229587,-3.832942415747823,-1.593980739662868,-0.9984313695549929,-0.35296000140397155,-0.7476624148277153,3.593342177430088,-0.7691043932164803,-0.629175382641364,4.9996741575505155,4.427854520804374,-3.2107030803458656,-2.2147258186631973,5.122318084811951,10.618007763305854,7.946184325981463
2023-07-27,10.874022581510609,0.418403127834992,0.3089810762818388,-0.07199102311855654,1.782131428120195,1.115680803841542,1.0531757141630465,-3.215721536849827,1.8104975136546955,1.5960162614534852,3.462270210973344,4.029252003559037,8.567976995391547,8.403431248532257,2.673876817162011,7.213961089045426,0.7596897954453539,4.000791314898379,-2.4812550944559746,1.1641063112473944,-4.563092522034509,-6.83766648678926,-8.818100239233331,-2.954503767899979
2023-07-28,-3.5392798214456604,-3.1405009843783773,-11.545728454570082,-4.218546324104523,-8.696801276214302,2.3374495289148456,-4.925679686723072,-3.0827694874919302,1.332064117244471,1.0078195390481426,-3.1146087213601277,-4.038656353985857,-3.254428423929113,0.8578149983209187,-2.0348480691744726,-3.5014757730230883,2.1217131156975597,-0.04267820287381596,0.1786850779319593,0.8649626455608654,-2.621410001962687,0.7923570777989539,-9.213166343457956,-5.515348718342992
2023-07-29,-0.06428682806919994,-0.06528471459267848,-0.06612777957804639,-0.16182473455237556,-0.06543164500369159,-0.22113757588812177,-0.2932415656018037,-3.458507847127791,-17.639173171151704,-16.91232063638534,-6.37462831744017,-5.074496475462894,1.3446114902100277,7.007018659469786,1.317408566471677,0.14849749655453337,-0.5580430108438463,0.621988986025336,2.842799661574716,2.703809850843747,-0.3431574630527905,-0.14870595586315716,-0.36197030270465547,-0.24294439783919586
2023-07-30,0.308507161073603,0.36294976543379676,0.3499556225442966,0.6070386033073625,0.7682331446823873,0.47646381579485464,0.46276058203142156,0.41797828077717014,1.0418759781519853,0.7179490938754611,-0.48574465391898514,-0.41697627594475506,-2.884895317214479,-2.3251490900277574,-2.892238091170931,-0.5644847932449935,0.081247468542891,-0.17214066223509406,-0.7616196652745657,-3.548768255188243,0.24207831681429326,1.8238429203095592,0.01717809667668746,2.371300206233819
2023-07-31,2.8417945627959185,2.758075093108374,2.7807910360497416,2.9795088552947036,1.7256349219773668,0.21736803558802364,17.785229303654027,4.639659959099603,12.102274894790803,14.96562072550941,2.305614599616,5.974134575445646,-15.903162818971424,-4.2255971520651485,-6.991791942027682,5.556773130276959,9.94601565987908,15.91927425562713,20.41584572794752,33.72644145901849,-0.1235643609468724,-4.507379090183548,-0.18155755477313562,-2.4575300289605195
2023-08-01,-1.7005949245510408,-2.527661832605844,-1.7696686157780945,-1.4865095987917556,-1.596149707147731,-0.0004295905026339142,0.22307416959458948,14.046180381302293,34.86122114074359,37.95745767292698,63.033697663746636,35.6948405773107,-2.954116248590964,-1.1422229789534697,-3.856719102426382,1.6442008067089091,-3.4590595372793587,-3.4143238708201125,-2.976991615919445,-3.622364103118798,-3.949163909757857,-4.751514522828984,1.0519604845994763,2.090116296257918
2023-08-02,0.5963194338313542,-0.07365384765094518,0.4951284173220216,0.19168182656147792,0.0021264455855458664,-0.05084144093996912,-0.9080058083342593,1.1956383664045873,-9.04903782928504,-17.362947901887154,-28.24108730780378,-4.01916138318137,-9.249813445689895,-12.192330833044608,-16.540408261733774,-18.290774163130905,-20.54838077190172,4.063087502162475,-14.995906857400627,-13.138231377514288,-14.449177370025538,0.4027550817780039,0.30257358252553246,0.5913894613748099
2023-08-03,0.4557547163011648,0.6472501017032286,0.7505560627672097,0.8857900890476884,0.701053216842638,0.3566960171309077,12.234142942148729,27.398319938628617,33.47149896228322,18.541281505586426,16.731348451632854,16.901112741717384,17.108377854763134,17.426407468044147,24.925361366939654,37.06483506885529,66.41656192650096,23.67892752745172,8.246876951158612,2.8114615967657812,-19.82310268539267,-19.47113241954176,-17.854030229393842,-1.113972610079415
2023-08-04,-4.705237375048597,19.628848860396573,35.29167113430802,33.98357948994465,19.77156951690985,4.778666784685498,-0.8986594154875434,-5.5949644718000116,-1.5059771381483529,2.775407961400134,11.61231278359395,6.762573837606141,2.4790124782522867,-1.510280424205689,-7.44619743747424,-7.6010845057488154,-7.4650509159205285,-2.7283821712300096,-8.678115545163791,-9.02019556243323,-6.960208841024894,0.9896413827346464,1.788955898354402,-5.88392755142533
2023-08-05,1.1231882227731091,0.9848962061350903,0.9741222456061962,1.6346504245137226,0.43481685903537937,0.8535075545463542,0.6381623720907044,0.955935460511455,0.9858112367412843,1.1867586908144006,-3.75048425004681,1.4038737828877572,0.10746812946126738,0.030004898192899532,3.230944963877178,-0.19116449110325107,1.1319563486701725,1.3897960493610526,1.1256554762699125,1.0056110646079617,0.5462045875414105,3.4430190691682867,-0.0011486276286305497,-0.0011125502800908293
2023-08-06,-0.001323435391796579,-0.23403358305704813,-3.63418823804264,-3.585849704006307,-3.441372622761847,-3.4913939188344116,0.9819260468707753,6.755156930932827,7.131707644702999,6.792439571136626,5.927816174910738,6.15076525282565,6.415424968309928,6.604850628994072,4.538142347405923,4.381507237527792,12.940712176885427,0.024822643877129735,0.07845708348588687,14.333096701940761,18.197181146556673,19.132672480354046,3.4132561041986804,0.00032129461961005745
2023-08-07,0.0005604773925540485,0.0004597585214440869,0.0008050448128358312,0.0009155189926417506,0.0009868116981976982,0.1429154775281063,45.99190099508641,34.22212355162648,-4.179916979367107,-4.054475607050875,1.0456085967484228,-3.7589087955434763,1.2046263659876217,0.7602010832050041,1.2905955801498408,0.3638510453309607,1.1311107422920657,1.2405860874021073,1.0229626332790076,-4.929455120475467,-5.389463340192123,0.2050749284410358,-0.030781773623658637,0.5043844125733443
2023-08-08,1.4007905911499705,2.159850581572613,2.3353647763880616,2.1800585733184334,4.344270108905867,19.778190414999813,55.088270495487734,68.77443766618828,8.937568730588822,2.6846440910493357,-4.389533449671177,5.967976729363812,9.476527878788119,15.994591224799734,17.446945310582265,13.520429768646636,11.847677944172318,13.349040382309965,12.670770552237144,17.12251678596101,17.71737704971116,18.685477809822288,24.136918651721288,26.63593572725877
2023-08-09,27.877325507676872,34.09577403515507,35.75565014502871,29.459713320824704,28.270427672004132,21.061027041065785,11.23705857402473,15.409087077368355,9.604800858089021,13.15357921060405,7.673988674622166,6.36670712655669,0.2649431596242664,3.0716606286836736,0.025192656201539876,-6.681509621806384,-7.248592512892088,-6.783803682474769,-7.124858876881802,-7.826232620545596,-8.58413598111676,-3.2504267779632983,-4.961582892202216,-5.611280817706046
2023-08-10,1.7891772589964603,0.0049041506199216656,-5.059230548242823,-5.7554561693504525,-5.456131348494097,-3.5565437652102503,-4.112169155505086,-1.0407347533858058,-3.13613653797276,-1.6745981669270975,-0.9359390314329232,-0.46012026779337134,3.666246775014258,0.13698367276879253,-0.25877207068694474,-2.098978405671403,-7.312033829250453,-8.000036252801124,-6.116968104312178,-7.326457327246658,-0.9774315085968794,3.6872457022406593,-2.2329122604866996,-18.269642948881405
2023-08-11,-2.8739058888956706,10.8269304921714,-0.05594508314214153,-1.8926050753862924,10.54231207007276,2.1172475170406386,2.041850247852821,3.3200341688616675,-7.04348279345669,-7.100987367225002,-8.19303802280325,-15.364611338226325,9.029748146485503,11.860469970164623,7.627000670300205,5.058828530643183,2.3999102082103008,11.360338918890236,-1.8184905438383083,7.998433846270984,8.113791661807113,11.186307910516504,14.15679279648468,21.138765021931455
2023-08-12,13.976948550432134,18.789748944593732,22.026315559642093,22.045502502656106,26.09365044464762,24.783317939721158,19.971888264379157,20.86127824213434,13.366190782741088,6.992417787072458,11.340483506725423,12.783582605474205,6.679877853908449,6.637867219873105,7.500653069949381,8.456100320115679,8.90657363558812,14.161868134896617,10.929509366446037,4.095157698489043,-3.407181865439849,2.2894574223150634,17.907601211668396,23.216431933396017
2023-08-13,9.930755607266423,-7.39482956831759,-3.8507175937705576,-3.992295883458894,-0.9143455295003164,-1.899077179956521e-05,0.003447868329480741,0.022602054976175623,0.02273592367842525,0.025160486770190005,0.0258147219853484,0.03595684620864148,0.06232462644091186,0.002217415987452398,-1.022807628459077e-05,-0.0371969763674187,-2.4196518930623796,26.76095360342257,46.29734907471854,48.425594602783136,37.485677320484356,48.21480238384048,51.582181308019784,29.454594364455417
2023-08-14,4.294837269490785,4.142497380593568,3.498419361097234,0.39022895557656057,-0.12708241829952271,0.36908099468999467,0.7388066892483494,0.7103888310456057,0.19698193485223214,-0.1886861082921314,-3.9358738739123567,0.4896752660543484,0.2427531160406886,0.014711601267833885,-1.0808261970865232,-0.10609187185580993,0.04091204324512887,0.3138860787376814,1.2050535376507128,0.9355977118379712,0.3881345380567325,-4.574699556028662,4.130590811641596,-0.3618930679131438
2023-08-15,-0.3486527201099108,0.9747138816157275,2.295039337926525,3.19503314948939,3.920414101249733,1.3064249148502824,0.9443506857353725,1.8218861981213195,-3.691892402655782,0.7278895272723673,1.276212364757356,1.1728883228976201,-3.419491389570709,-3.5024447113708845,-3.11657091100804,-3.182088344134854,-3.3768209328799514,-2.80273390015941,-3.103719924368278,-3.8787726932316104,-3.4833372251983405,-3.9582158005998735,-4.65431034331931,2.0096221031921573
2023-08-16,0.9067345961350952,-4.959638491831299,-4.905179841412291,-5.577024734189536,1.799177422581522,-5.000926806683822,-3.317326430508899,1.3433372035502202,1.6010152891227563,-4.18687050908909,0.9990509004377657,0.3247531574862137,-2.6425165157708648,-3.5145037902504157,-3.1023487148045206,-3.44560198099893,-3.1181928408523447,-3.4103285201824463,0.2886501425528536,-4.038409201470785,-3.3953283079019343,-4.138152299155649,-2.3102912230207835,-5.866382354656849
2023-08-17,1.2378929231579434,0.9773955536607559,0.6111769829954312,0.6760129964063424,1.2563049801312047,-4.732576631076398,0.7177153012880524,1.082293439381715,1.1672983571909015,0.777175312798903,-3.8091459065252593,-2.3703421992757967,-1.5073152065506576,-0.852621588899865,-0.5301289171782457,-4.75500496343102,0.121922713030159,4.813606004503811,3.3423843729385965,7.3234059001768514,-16.425221383170523,-23.52936846949717,-3.6553808845222306,18.69170447469142
2023-08-18,15.372006974479007,9.17671906447287,13.87769333903124,20.517254772846982,26.65468948333647,33.62796707212545,55.114098434296615,40.7513288311751,32.125424722022984,35.400116550379835,22.76927828681339,28.518456498469234,32.987655466890615,33.046453496606176,32.05993826992308,33.98013764210451,22.014728823195327,15.021638731473168,20.743502605813916,21.72196597897339,33.4077616608117,28.624433760152442,30.72296336264295,29.969896347958567
2023-08-19,29.622919470994983,29.3901600827951,29.15634936591898,29.20707953610871,29.35973689877318,28.96997607498702,28.550473300824002,27.55825484806642,25.86527332557106,26.86783603637399,32.42397799794669,32.1215949131614,34.652663049921216,29.9520965665204,26.118311832469125,27.764376186388844,40.907901940895556,39.14253605079389,19.975515326272923,19.21211860072251,19.81823227865611,21.182181536031976,17.646650473131512,7.86235668278653
2023-08-20,4.526620776925277,4.030430104485362,3.031784348316414,-0.9970166370307467,-0.8793083519551814,-1.8494676196412456,4.672727316567354,8.116321974075959,20.519383503251014,12.509989431224625,43.96687806924936,36.138682202767924,28.98650640097719,15.102649321731604,15.49707123029934,21.59253584582153,56.30040170194667,3.408996394382342,-7.2162842288205695,-3.316814187380089,4.985790321769343,7.355492842983011,8.537323625762383,11.116458932158423
2023-08-21,13.73815845282337,12.083490665119939,11.394793359796296,10.828981780223472,7.414257598677324,16.530046335466977,14.004699508384704,13.131897305588524,17.633524476714967,25.02927509854888,27.276252884507116,29.178360700162045,28.11564492575947,19.098409451010994,17.013282711710104,17.03894107064663,22.359520453943006,36.10193250322686,40.22597689317557,48.54822303669367,52.03998992945807,54.967750839682715,24.445450604820337,22.189186662987538
2023-08-22,22.72753412106084,22.65755529056893,22.80527997953844,20.876000456783878,20.669318977278742,33.035692397729306,75.97244779949767,79.06210466278091,30.387918397490438,6.673357354957773,7.19518650837378,6.945537052307429,5.266862549444937,7.4883868916095935,3.0998109474100772,1.953513010313145,1.4838329504960655,3.037280956953566,-6.0262718432280735,-8.407580634389177,-12.983832732871974,-8.4292088849393,-5.405344350620709,-0.04303713027269396
2023-08-23,-0.36641189506210026,-6.02130899397838,0.14344383306240616,-6.577329388561623,-4.16973590573636,0.8840784150455363,-4.825802030403793,-7.564093524324676,-7.500660715895208,-6.1669469973494415,-6.919792535053887,-2.1277263320032205,-2.9283253214983347,-2.6434168310083237,-3.23251280579845,-3.4620293550501913,0.9224553255353669,-2.8745569323290567,-3.837100189329391,-3.1071403662252237,-4.0726157753090035,0.3566056436539782,0.3540223217539733,1.3318661582549964
2023-08-24,-4.156063322308398,1.0696105865831953,-4.879563906414404,-0.4202890270250066,1.1463286282413776,-4.215402782642087,-3.948228387603592,-3.7278626986782797,-3.5453936312998167,-3.236651725062842,-3.8282688411073593,-2.70726994129987,-3.1251971433155177,-2.9714804008997078,-3.4392442763875124,-3.5565551578238512,-2.945891220118085,-4.5610119820519515,-3.3427288853903576,-3.581852032824088,-3.4623397917422096,1.0087194942546773,-5.3359764320696,-2.4064834414517406
2023-08-25,1.1902767795411933,-5.042601763029552,1.8981198355831168,-3.6009483118015453,-5.022426893861621,0.9535729030958464,1.626932144827947,-3.805386859322823,0.6630361483805132,-2.8286033259539067,-3.2495855581597652,-3.201151011815341,-2.6938913393097437,-3.4285415982237737,-3.4364408401084745,-3.0728580258484044,0.7748174602496078,-3.239677815130136,-3.779885792139879,-3.903897054764741,-3.85721703137321,0.9063218285624259,-4.676844769229206,1.0962584705739857
2023-08-26,0.9848019609729874,1.1820531462278439,1.1483439110776033,1.0724189786411102,0.40830299415108584,0.5389860260940793,1.3591991072653684,1.0958012733943292,-4.759458361511207,-4.1520410575824656,-3.003996961384132,0.8839815484560916,0.8730704773015248,0.9647242066450872,2.007140605375497,0.9344265611981939,-3.2120350333032377,1.8254930324145562,1.4119724533854594,0.6668951290189398,-4.71124698466528,-5.4305223073447735,0.6549373955118938,0.6267208172630205
2023-08-27,0.8184947031619174,0.7088381848968481,-1.0416061921793016,2.141124604862952,2.0937275609166335,2.3842940600897435,3.2072695850709607,3.4563305218215987,2.166600539509801,1.0500551373385179,3.01289096320437,0.625593238815668,2.5922101185160358,-0.12256702342297388,0.3452429857442212,0.09735746924727096,1.0479207176709622,-4.296873025118913,-4.370759151988068,3.6704539232402738,-0.8696065415071246,3.206667258598344,-4.5917899401544275,7.63126957020657
2023-08-28,1.504788804345921,0.41668173532866604,-8.489902194020878,2.163592904407537,-5.20964907504694,-11.034748031216253,-11.451814973500802,-7.030875964645162,-3.393221947016343,-2.975756871590818,2.274494746397096,2.02284464975844,-2.5474463436032693,-2.415406864575573,-3.6612967196329578,-0.33667849802847627,-2.0646549295124714,-1.1149793215661532,-6.023120033423368,-8.20646957124319,-6.346431625308014,-7.406766358793874,-14.042186723630493,-0.480353717344542
2023-08-29,4.96654898922651,11.97820149579917,10.094826376829246,7.431027761183827,6.398201516098538,5.787061211657715,-0.36076011878708414,-10.986746646103484,-18.20247891134727,-14.85222017448504,-7.916128656907063,-6.440269775764477,1.1815051012069375,9.196573005050368,4.83883037113165,16.668010244669404,14.465636468694669,7.313419136543075,3.2525427681764256,8.578591412852575,0.9716315916434155,4.132850340468707,8.708509617423331,8.216094949515565
2023-08-30,13.75300101893508,9.660303199073198,-2.771123318515734,-7.414045842791076,0.9756082190194775,-6.873562222153097,-9.69290917054471,-1.5402665356429281,-5.81322509237981,-2.197040114794248,-7.4351968910593484,-7.970956775236203,-2.7653277991820744,-6.931436698570877,-2.647298362575441,-3.462081528302349,-2.8241495138736354,0.7977240211471042,-3.413675351640677,-4.100038410102769,-3.842956271987049,-4.497516738281178,-5.334919592737975,1.0818416882225392
2023-08-31,1.5703077213246388,1.1626074541797493,0.48608680979910446,1.7101511228203208,1.2823646021943773,-4.1990976676948435,-4.8421451202223125,-3.183902887782864,-3.401936798362641,-2.930871754137854,-3.4472797134856137,-2.8627739952885634,-2.95728289477816,0.2278454201991167,-3.763703965862703,-3.3879450706604928,-3.24805451953128,-2.9022135363174755,-3.683570583181165,-3.198542917467165,-3.8506072388333052,-4.937644726057442,1.315541508763971,-3.889258913437203
2023-09-01,1.1734533251647576,1.1444592290778814,1.6025972384964007,-5.812630989856814,1.4735598799690308,2.1715440240082557,-3.705571093111132,-3.155200779874008,-3.6742121684929714,-3.017567332308829,-2.884256666923193,-3.5025139911091685,-3.0466855585661676,-3.0193648463265674,-2.920592324765522,-3.7799697512999444,-3.296940692179959,0.45628491928385984,-2.9573047407366744,0.5092175198846292,-4.514956020112777,-3.974476203675067,2.100581367590763,1.5368581076315024
2023-09-02,-5.5995491535218775,1.5534048697066396,2.0215736206170902,0.8366964963390728,1.026873375998406,-6.146233906889307,1.3787784203856006,1.4809592888141196,-4.040188583633295,2.8655718176856624,3.6179453877112735,0.9200410227812768,1.304611504911577,-4.8667416689306435,-8.411119792339832,-3.0269024430726006,-1.7564185235047205,-0.9620433471825152,-2.9947783473095626,-0.4721441613612001,-5.2451149189093655,-3.8728764697143845,3.991048733861021,18.274040092306464
2023-09-03,26.103093530297357,22.64172856124572,19.309678358320397,26.7334456791911,28.19444560790538,47.190771521752055,39.612043462908076,51.524865511203714,54.436566158924805,50.977710658383,41.51787964969206,35.48148089490307,36.40040590458831,45.864911365821996,48.449520553409485,38.55684634654338,27.376084141322423,21.210017786659165,12.367771930708756,-3.080615722555109,-0.20677644068760515,2.591830077612684,2.754043283760126,3.593956772905429
2023-09-04,8.488905782812779,20.25831382330952,21.367972161475763,24.61470147446329,20.556868163616514,17.716311325187206,14.688403655781599,7.458323723817017,4.580939626848675,7.168825849040047,5.129307862122971,5.932555400435291,3.809011044044155,2.702389961117575,1.003314464686838,-4.266020265867439,-1.878021190084496,-6.020323762639293,-2.414471327266199,-6.662768334834084,-2.620387264775246,-2.8556376131280956,-2.864174452880775,-0.17662446010592703
2023-09-05,0.8245188754317212,0.726610656534973,0.6691747649535955,-3.059944440343287,-4.760190905864505,1.610305888388183,-3.4927219050870804,-3.9169317639486394,-3.2971181922387416,-2.9979227641175044,-2.8666078014266816,-2.8978491749830937,-0.2525402340034475,-0.15579626777181943,3.5226059241254575,-0.054545110138036534,-0.1795455936571102,-0.7334162001164088,-0.49948050466286986,-0.9760521772027744,-1.6223650867124206,-2.5143239328351115,-1.7121144513637887,-0.2934359691570876
2023-09-06,-1.6214183085426441,-2.6502113176468924,-2.2385261548970448,-10.451285849884641,-12.067069366257101,-10.032991056446775,-7.640465021277805,-8.366543582813904,-5.9232747371492,-1.1136110807154864,-0.9595538340639962,0.2991433011679874,1.344968931473204,0.9730527043553536,1.156716155689196,-0.6750342929576334,-0.8899218261761632,-2.253711091726217,-2.6221563379695567,-4.172608135101939,-5.664806849245338,-7.656502835548537,-8.991536397475187,-2.792684956003683
2023-09-07,-9.527978186131577,-3.345901967872294,-3.5524252479189613,-8.656504124416188,1.1971263205796845,-4.000149458326149,-4.217010876789487,-3.5851876591617895,-4.43911461125748,-3.0834263671840176,-3.407823395915244,-2.7218061012391956,0.8386016981563671,-3.605287390835315,1.210987442652737,1.1444742549203966,-1.622305602305488,-1.2508366584635837,-1.9502814375482558,-2.5430864475303565,-1.996800177030849,-3.729112947292066,-8.1297173264567,-9.2478339505613
2023-09-08,-10.333782684890252,-10.471376387985543,-7.7433917992927945,-5.439775809105697,-5.634548918368807,-4.844483196224985,1.415843393532441,-2.8136239118305753,-3.0054801344628004,-3.3232389823728,-3.597315534184787,-3.4591086750485545,-2.655625433407522,-4.070169250454427,-2.736904241171402,-3.2937472350760117,-3.409518362881414,-1.8662212152322581,-1.347745053507822,-2.4045338476111056,-2.365437570225538,-2.5669670315317603,-2.5233647548041063,-3.2030238788431404
2023-09-09,-1.5001417167108002,5.048834822981803,3.5578553830787882,-0.03189694753666572,-4.7937743901538,-5.850013481530709,-5.494863924581125,-0.0251611836577581,-2.477733788789834,4.758867196227897,3.366592320390481,-2.7562079635988823,2.561822668307343,0.7649397707357082,1.0633454002522456,-1.815498282658325,5.87697226978662,2.7324624771571564,-2.6273504744907825,-3.7066889850873963,-3.0197649833294804,-7.824681894216866,-4.140838644518539,-3.863160218484211
2023-09-10,-4.109864306174558,-4.770893305123565,-4.313604014345174,-5.736083255279851,1.8198117456109628,-5.735784139104879,1.807591077204421,-4.049665941601404,1.1194701980072068,-3.7203258575661096,-3.313710924082585,0.6404789228855918,1.0379898560597098,-3.6693163714977572,-3.7475956809868762,-3.0654877530410545,-3.0257852553245073,-3.749478634049069,-2.976468541254235,-3.118490772716001,-2.9816083319502695,-4.875246444543535,-4.902616710635414,-5.347624941400682
2023-09-11,0.9843993188294462,2.8223135945591054,1.6896600134263338,2.9979561027377883,3.2417307067714205,1.7409972344923688,-1.5095885931844464,-0.506099026359351,-3.3727904535062123,0.2144762547372352,-3.324019194450898,-2.93839157452382,0.9568388358238451,-3.2601222260194334,-2.7946669006924196,-1.8900751824715485,-2.4461022923405267,-2.265884709805391,-2.7662122694043205,-4.2353754297568,-5.381913934591324,-5.202825709702012,0.5343230364420606,-3.933214219371962
2023-09-12,-3.861885088739541,-3.7458852128685294,2.935693048283383,0.9242633100340356,1.0912337505171763,0.4652125113965724,-5.414508782690888,-6.232786973806498,-6.885875032627155,-4.5719615867666334,-3.4442939448146603,-3.403808071186944,-2.7891238964759566,0.6004429017506538,-3.5668693334628188,-3.8074173310759534,-3.6743584537504717,0.3943070375708544,-2.673419940966454,-3.5395077958370393,0.8248093834782821,-4.122109260386594,1.1937142299804862,0.9367981786636363
2023-09-13,0.5153628590448704,0.04402575034464462,1.1217479498105263,4.2150333542683995,1.0992102021969572,-4.541582642533513,2.0234004748848236,1.0908311757921751,-3.0274647916015454,-3.073482238705907,-3.6198098980222824,-2.87125758162,1.0031748033806025,0.9733255663574596,-2.4156840476700836,-5.660700869385636,-1.9002812705496694,6.676585825836781,20.876008288405416,33.1289143285982,42.65507303714213,59.757549712424975,76.43562456238905,71.40059804826313
2023-09-14,66.31592006989395,53.84125693217708,37.918319585402045,31.51081255662116,49.70104768739565,84.7117417892199,110.86948766095101,86.8767244733961,33.52134207752013,36.73031276997236,27.7976625634588,24.178991742331107,31.058644064427654,28.000591512226663,26.380394502698152,21.25555765990319,11.465936387049368,2.7504694954072306,2.616497524540904,4.467199191589941,6.478974042245454,0.36159922740242223,5.914764831011297,11.883139763105277
2023-09-15,13.072255603152598,9.592954817806685,8.597750715489553,2.4136079183566608,1.1384022971064098,-6.526898797543112,-7.51488713744547,-7.736991546571119,-6.716307736823666,-2.121483804717286,-1.8406981007039462,-6.3469122131698725,-5.363601893327285,-3.205286499377479,-3.169524106081866,-3.8594536584102457,-2.9405433263106318,-0.40433400386052654,-3.4319956013241324,0.7705111588367117,1.5628847549815248,3.344451160434261,4.015224889845115,2.8333319422532526
2023-09-16,2.61786920773595,0.9714682783860269,6.835299054525677,10.967637800221837,8.144842928047936,4.628142642989829,3.8913686342934994,4.900164847464481,1.0609557245924748,-0.04444173030989873,1.7427522216591456,-4.168379572075679,-3.899828404151151,0.7096936309606576,0.8795141889747811,0.579971722743835,0.8231039000347664,-3.939304198891705,-3.939756939057389,0.6776532836395859,0.8593839634442872,0.43425491339131383,1.9391150015046463,-0.051052767836068824
2023-09-17,-0.06070877133036845,-0.08238736177073491,0.0021089098926978522,0.0022106686268870135,0.002180829490839642,0.002157869130719803,0.002032581071667039,0.002259657195679665,0.002196393142824604,0.0023077455014330894,17.216903388296558,-1.1578140469671752,-1.4178197117493454,-0.8694403631436245,-0.6546848234358151,-0.6674323601956758,-4.931955649046955,-5.1313472765316135,0.5272606974287726,7.022059205609835,13.99020798104435,17.531440029136405,20.304401605526422,26.375417343915053
2023-09-18,16.62202418389299,14.060125767161423,8.594689217295041,0.9384990231082142,1.8296738724916821,-0.6535943629242666,19.91842362660423,12.367664450443456,5.95936317207034,8.251688306435867,3.2402025283665807,2.51354243501342,5.410099126839235,21.35883228742761,23.16269455760725,20.669527893501403,19.750928015424087,22.075141947390584,20.960407639758163,20.219443408471104,17.77947084784342,19.144754002172988,19.3245560525619,19.634072776472127
2023-09-19,20.051795906762884,19.966565460336252,20.036191860018885,20.063588113962737,19.84749690152762,19.837264793728558,21.192629371304253,21.15809910538691,21.167363958378594,21.490014727198027,21.071963442038417,19.023429390548785,19.5654476982818,16.41856868970154,5.24377471813413,-0.5689523514506689,0.3315622357254,0.67718806803504,0.6779001807851088,0.7129352328619376,19.361756821686644,21.132849687357293,21.548102820482907,22.047315678520846
2023-09-20,22.40699285635747,22.593553628176853,22.65400793189691,22.451020941702584,22.13845566696954,21.77753034096446,21.634068211269334,18.65847738460816,19.919156140365985,20.501861385716097,20.559307635314596,23.183534479874968,26.832636733434597,28.591274139709974,28.315992265108132,25.72237850091775,23.277294540368707,39.022950738226676,39.503600585598576,34.4894528387621,27.504742377168334,27.367569292931755,31.359936413112678,33.26583278010451
2023-09-21,33.56963966892847,34.54011823470115,34.510192320395895,36.25452019092856,44.20417545614357,59.02174521369762,69.04295919696926,77.1144969713053,91.38125612391602,53.71855007223881,46.71597393653421,47.12241519528702,48.17518790081995,16.528325380238712,12.24665850298517,28.987747184144553,22.754677157607432,16.53447873502776,2.506743066566486,0.7283132687002762,4.217272672416357,6.849508341935916,-2.645782930333013,-5.634913459708983
2023-09-22,-8.435153405548178,-9.57328191445184,-7.21323675174682,-4.512843950569007,2.282085305500999,5.030627760573736,4.90240242303372,4.875072401773309,-0.14952541744435166,3.6786661994883048,2.3628947357163668,3.6497290028005125,4.0621398016695025,6.150413273151514,9.702694073190088,16.918115725462698,15.46524661826328,15.277479005275893,10.961281855170085,7.9565097968026635,13.968708160529118,18.75150868137314,6.389267501210497,21.452882153114082
2023-09-23,21.21384110783091,1.2508017723898774,1.1382619383129793,0.860192037535171,-0.058995897597483804,19.439317147621708,36.11948342457947,-1.6070161830314476,-8.478877693633848,-7.804491676756072,-2.343919555120493,-2.8356500022651403,-0.992851150859849,-2.9973655172215388,-0.5209744761934019,0.7579507902815124,0.650246196193649,-3.802609606713787,-3.757269100429056,-0.43037398764531076,13.742347520255919,21.39595611592921,15.341729439303101,28.58250821368282
2023-09-24,25.227512672476763,24.389179986005573,23.976705559728828,23.77119221884143,23.77384587732372,23.945382573921716,24.07658011176544,24.01179902502273,23.891946788377002,23.34768782704386,22.785666967425385,20.804690529739222,23.18467092915348,23.502640249943624,20.550625520768918,20.051975829942364,19.935088309959824,21.914578378506654,23.834987602044876,23.233804723462065,23.965344073295167,23.438523256258247,23.857068703131066,24.535097425798735
2023-09-25,24.985776056618715,25.18571773397887,25.177917559131085,25.257727254450348,25.30459956207056,30.185365463267814,48.842926998902904,39.43275693951095,35.401868455916556,31.209301257888363,53.91808218175821,52.963558372583705,48.495058525548494,40.23189130462703,53.89024884113986,48.33976285156935,62.76648397284506,50.8315629425325,28.085061450526837,32.56288890563815,49.19399483656308,80.31982811112093,83.61929825753579,62.881963855903244
2023-09-26,66.42634901608015,67.68730982966659,66.10235685135746,62.186265175072734,57.69980721043555,73.48841369170175,51.17080331347729,47.999357301435424,53.505847013328975,51.57214813907418,41.303108966676625,43.49038737231583,39.80854752863175,34.615177110599646,30.463166149542516,20.668583200549662,18.28227869389029,17.937872423412315,6.216962693448011,8.397408517350726,0.07248416721620288,1.7845836541625886,10.576952686303102,10.280691414716003
2023-09-27,18.4038224416106,6.714666218598921,-15.165163347163542,-9.656920536372382,-8.849580352289593,-6.109570206150721,-13.121385644685319,-4.513324356073213,-2.4945046500381522,-5.8211681600892575,-1.7131042845234106,-3.3823242253537984,-0.4648793537755438,14.867377165874544,36.83985851266688,49.55366135187605,51.00087534040691,57.36564196761033,59.20650797902033,51.58216058695446,40.20227654463145,29.255226226121806,27.1337133333823,27.640510239210535
2023-09-28,28.158774359972327,28.225520876366485,28.318024544444807,28.41388269155834,28.37795722744083,31.995309588471542,30.296352572042103,53.615882053249436,52.711843671559414,48.78152261761959,63.80052835547567,63.97327143905194,63.83086837926425,60.69271239307484,63.88974067367404,56.63584405821156,58.177183102828884,60.28097738189152,65.31939429801425,89.7523326134602,84.24593244097754,38.785511821809685,20.87145540306955,25.788682007937737
2023-09-29,27.248284256514097,29.229437838025724,29.175219250825705,29.148431122871532,28.402134877191287,49.878305584560195,62.90503503058888,56.84278267998466,51.940376780481664,56.71875485686498,60.45778105799755,53.91399390765818,43.524367503835464,34.131389828337824,33.2009516911435,43.16586734301569,76.46362909418671,96.01587824027027,114.47629503710033,103.60170815040794,97.91300458071555,55.89109035348761,37.771521487251874,37.06862333403686
2023-09-30,31.695304528387112,44.38360154144871,37.380503308038826,29.622399930005685,44.40865771697,3.9369386137438767,-15.483514655343015,-15.2867928719036,-7.672658748400778,-7.971772753278799,-2.740087683635636,-2.42941503247539,-2.922772107873243,-6.6788405441540135,1.513700051368204,-3.8184745887629106,-2.333632265077341,-2.9663947987733934,-3.0869417045263674,7.311639552900374,16.194991539394536,19.994106537067196,1.7499908856085895,7.992782171195248
2023-10-01,21.037762655180984,9.898586293400705,4.5016242128420245,4.32472762290341,3.221617564940466,1.1902415867028608,5.406934933807591,4.096800634476786,14.191672030732768,17.285416882429445,15.267700950609722,0.025591605375069548,0.028984490096178206,33.55601029286859,31.788931953733524,48.182348179874,40.91341568478438,23.173994658590914,32.72417953122229,5.677388778322836,0.17520008274550491,3.014730266241884,15.739125702016281,16.83068218178923
2023-10-02,16.514702367329306,24.093377384788056,25.70002649298661,24.88116219236386,24.213464512092372,20.753897768609193,12.404549316837716,15.109295386081811,12.213795946638385,16.322396834918834,20.058516901771327,23.26940990415838,22.129868797246473,22.27810623297944,17.2973064981814,9.83747126784661,10.746802654280799,5.04439075969492,-0.18311641861401995,-2.47091029752076,1.3746669367892252,11.043598084239505,17.032653435439485,32.04442800819085
2023-10-03,32.1430206059907,34.18967838241552,8.825482183012753,18.339463736257663,17.977566020309567,27.868628987473564,23.662555414192468,29.224757964915575,37.70139476300806,20.550327367509077,31.24373235811623,28.16099205065602,25.51928203558873,28.20067202396399,13.14791776878706,7.168658397274509,18.614237359358835,19.190381494683983,18.21386324918619,19.374881537692275,7.074783217400459,4.945995508839822,4.8884767244016025,4.956944924622153
2023-10-04,4.89241478008562,4.969256153229097,5.088732899281421,8.745046102117733,22.990425625747754,24.20572185406659,21.521792150667242,18.71878933017353,21.54497012506097,37.80073235622241,36.51236868917861,22.792310108615112,18.074570925020396,18.43218747159212,22.706216130002193,41.139430978516096,59.94436602439086,50.63866718847243,33.7086513341948,40.70792825659164,38.51181795179359,23.907623925034237,0.35349594822721997,-0.14516348752329833
2023-10-05,-0.42594069853213057,-0.36754940127092084,-0.39004705086868796,0.6036954212630476,33.099505255847944,67.4693425625132,-0.8481773279786751,-6.979813172978311,-6.376320790555553,-7.468341344024452,-7.823266461599928,0.10123666503034201,14.583206718830553,26.49519572845496,20.2910374631214,16.650226081795537,37.23974309151629,44.77635347681701,47.94695577865292,53.00550785525161,49.72065609845457,39.117412105074685,26.832858476999718,26.89686460006464
2023-10-06,27.018658787000017,27.076599248826867,27.228479515451237,27.214510483422266,26.888031257246528,28.48710350685354,26.902921319429247,16.16599787361481,13.29691997845675,19.300201488869536,27.028573602311607,34.112853381167795,22.26405317711902,19.98718473936273,3.2969832967615034,15.584913096959902,21.042211556417335,53.744575351790516,34.08342973919983,28.794274569309422,34.74546627025881,-0.2809831830055529,3.965004643620162,14.91595966094788
2023-10-07,7.799063195900931,-1.7802097807107273,-1.8828298805033405,-1.9016139279421793,-1.8349577514591822,-1.7869641229357747,-1.3764180537066935,-1.940941703454648,-3.6794582686773367,-3.063047643381914,0.3191507399814526,-0.09700938031939899,-1.5483807177128455,-1.5128101430057015,0.3790065008495134,0.6845663970533025,15.576425436306401,26.693601435594523,42.02792651490373,63.82012769804897,42.2532582539814,38.90861598740288,13.709878260633616,3.5396221268466093
2023-10-08,-3.1020825071036455,-1.2659976781590103,13.495819806071964,13.78100811640256,34.262271782344456,46.760676955737424,84.05190914517186,36.772861344840535,12.745457888166271,5.158985369164867,1.9332447683983673,7.241394670304885,5.207485564795292,3.1931849890167143,0.5112394659990969,2.649235556482836,2.4362502281374816,-1.7101106166772695,-6.414980723752365,-8.923923551622522,-0.13602073597081699,0.2286080670088637,-7.303015154787289,-1.3291982904422497
2023-10-09,1.8923334773687657,-0.05604740332428548,0.002491221676116595,0.16118295246035075,-0.9237796386393313,-3.961732458936666,-2.906334187963296,-3.4578025005364452,-3.0954766273689245,-3.039485091405936,-3.276474206315754,-2.8313405842649217,-2.7067707879673435,-3.6645496099222896,-3.1269974518796744,-3.0256304003390824,-3.1348697806024575,-3.5372952719212094,-4.217469616448852,-3.1013040526725604,-4.078688405367586,-3.557906775169613,-2.9748684452571013,10.643778539642028
2023-10-10,19.788527061674245,31.165308885274925,28.79231703787572,28.39775535125436,42.354357917620206,41.384945825282415,45.18811190404875,37.04518215765469,20.850024554927188,29.49221862938488,33.32253890227251,25.913910393233813,49.012920188866104,48.948709907355024,43.62206895162681,46.80853557668455,51.14393367569329,57.741105762330285,59.59657099390668,49.29767439350104,44.89937366310258,13.51356156649003,18.314151801380582,28.0204107379755
2023-10-11,28.81780559623724,27.8624378705906,29.378438603680408,26.954745636312154,15.753466557933148,10.737928841259283,22.96696217371742,47.70755644665266,46.288101526391515,46.444674803692756,48.249173948523,55.03535214174665,47.751473900568456,48.34788220934155,61.35612344691955,76.39647382995184,85.74253812285734,56.47648013817968,53.77032680224275,54.8507432828135,10.175467785138864,1.8181308394310918,4.236339653637202,3.6140873809917764
2023-10-12,3.223627533820064,1.4771501389747925,-2.840759735754773,-5.539248926993793,-5.330721364174138,-6.356422674640328,-7.035297978485971,-6.802427338714665,-5.569251333419913,-3.7946122742185366,0.7533082977292338,3.234759319074044,5.584972699281565,9.901403274711441,14.526169420072847,10.36169254697927,9.204057950214349,12.187639384437091,14.368840556387966,15.851876060656053,20.700722469332362,24.620988663224267,41.18765890174029,40.10418465379128
2023-10-13,27.340242375798745,21.102566947582048,12.89854853695229,20.163271284662237,18.71129626192829,20.237790455769314,24.412913540557284,29.528273541010265,37.66796925216964,41.370807140682935,39.17573304968356,41.54903524722631,39.53434010825178,46.43580456012957,54.69122251317013,51.91980705443546,45.42914126464057,50.085916881627874,44.50296713691305,24.702555825630913,24.465420012203783,25.910468493704283,23.268381721171657,25.65009397014493
2023-10-14,25.753857307835826,25.979390921048974,26.81634655888373,27.01190249571698,27.305601071817748,29.099494039018463,28.045495448213906,27.12909820528827,23.672939449861932,13.958732493722465,9.130983963433692,7.58971288919178,16.23293794940828,22.469828677272723,26.417144691808062,26.329190194349884,22.079339605830274,2.8633907483485075,13.422023183956178,19.29371252847362,15.755297803285217,22.612875478174253,29.97713934197323,19.02437357204115
2023-10-15,9.82360079982245,12.35098019996433,18.23406047956726,18.50879722058317,19.490324288687507,10.850978745392052,2.449845300666439,4.017335570224908,10.313196861340245,13.77489486551164,17.21456137637199,17.154972238312602,0.7495799000539023,15.32101828877483,2.887555811980178,45.57303688071933,39.122500829968445,30.487359379856883,27.303095366553293,31.477014640891667,19.793646272122487,-2.756953462467436,-5.035184133687835,-2.085278027750462
2023-10-16,5.7548575624460625,5.746341127461193,4.5424906199489214,4.0947349329933616,-3.5155765642239203,-2.7239981781627876,-2.7098422276239376,-3.2301208279408797,-2.7227198875946783,-3.1236494472504432,-3.7137739151424967,-3.4013666518338823,-3.072619428797225,-2.4246398907505124,-2.6740085158335205,-4.132166873743984,-5.238889690741644,-5.7454418640309655,-6.051911405349472,-5.770205996116999,-4.982506331836277,-3.8536291303669827,2.116522437993865,1.5762146654787728
2023-10-17,1.5741503518298714,1.8739399611684178,1.1487927766485768,0.6322156012273581,-2.2165359829297984,-4.120687651001077,-3.075887405754429,-5.980223438621778,0.40428578164627993,-3.08597854857274,1.0605032785332185,0.3373448405882584,-0.4416054331214241,-0.03524499253289548,0.11911458278800069,0.4149776538720573,-2.916044060932464,0.920244285934217,1.6076170807624806,-7.1114731335654255,0.6367214031176829,7.797721134732967,12.868525734098807,20.013178987432674
2023-10-18,24.621450667517358,29.05518237201557,29.166794755799955,29.192486260114556,28.48240531020207,29.977380247647336,18.851462670412534,24.297733672712305,36.845084764297,32.03058112586157,25.85818902998536,34.48321032515913,38.26244747821576,37.14188177289146,28.250083296944947,19.147139653706322,24.453728064136143,43.237948826051095,45.694253751632715,46.87385643559346,32.29260985078976,23.712917271945177,26.58831222542783,27.065187053403964
2023-10-19,27.31896650205293,34.91972451685493,30.923185052490723,24.758074999782757,24.95693794165526,24.521354450716217,35.9264535081511,36.18649804123147,33.67047714115351,58.84967125896455,64.61543667378034,73.66110393336612,62.692380449807835,57.831526202674155,59.950836617055565,41.64507549690249,28.52024257014567,34.128698650262365,29.095803701899385,42.66425120785185,49.314217166393966,32.888682611696964,27.27259798877712,30.387458419832633
2023-10-20,42.65556388803461,32.025319246731044,26.232522554579575,26.25433724215867,25.940963990324196,42.64542469130763,58.320588464834444,54.7666733792764,60.323356356552196,60.67865548611436,60.34349495446871,60.52052896116993,60.08285554770494,54.66893963017026,55.55556105661791,70.97445477358715,86.92156207931976,93.11003694509314,78.73638559072462,59.401218112814306,57.39596480394021,54.4490534697496,,
2023-10-22,,,,,,,,,,,,,,,,,,,,0.129413623097264,-6.022184624521344,-5.58892824454594,-0.4973370935038588,-1.31761888449023
2023-10-23,-3.432279470251842,-3.991904785380825,-4.7142330977306415,-10.870844970287266,-8.50560322236737,-3.5378991429008124,-3.298598804504877,-3.0426383796391576,-3.5315374657757275,-2.8161806701602643,-3.054639089319096,-3.6434528161561843,-2.5327212302902353,1.0295115817688725,-3.286899265673526,-2.5756373940724018,-2.553024389219189,-2.6183775112039314,-0.3940229447345587,1.125995519554266,7.906928624093155,14.004818381063387,4.554875867442135,9.231309604195516
2023-10-24,13.924848955841242,12.862097420516733,11.69862647214832,13.877138093117338,8.882978183751362,5.343245542808205,-3.2037454054252805,0.5733472057893323,-6.76089188981021,-7.078021017235756,-7.717310852002214,-6.336012610880658,-5.781215875082552,-6.344739143162911,-2.45619341829331,-6.162202953463776,-6.436737652709155,-5.185004167954219,-2.480777414301656,-3.6619337662878024,-0.9729683263456366,4.480976553662515,3.619445579196878,4.002131509688525
2023-10-25,5.530372920967864,4.696536232866322,2.470257231889036,4.335619472285117,-7.579879198366143,-6.157352869713833,0.6416944043424451,-0.9975125628466799,-0.40922505354205896,1.118789882676964,3.1637732158027063,11.483025497771422,11.505815219961306,11.288429859341619,9.619002963701064,9.495166418906138,9.619510512954008,9.631212066644792,10.647851073562322,11.192525409476076,11.640038693174745,18.258620832462384,18.386127395389195,17.525596829880215
2023-10-26,17.593596945663194,18.97400564102412,14.865664943285452,8.901435862648128,3.32584846808993,3.4393794267052726,-0.295549421969298,-2.01425861342571,-2.686136418993158,-2.392741834039697,0.13491877787703288,3.2668096354882437,3.9580136997583395,10.987095637102414,10.245009668628825,10.02768667915052,9.645808077052408,9.608278637257087,9.355809470050076,13.181450066365471,18.344303756637146,29.17600556789708,25.43930129093458,27.879500699104725
2023-10-27,28.500082383880738,29.079263265214394,33.947594850078076,36.95016347921228,43.11631152130147,33.56012679058216,24.220921819838992,20.54986635841709,19.36466777083652,19.582390468825736,23.325826856032307,17.486745903581976,11.720715086999093,11.350482985229434,15.07248267803078,16.959041956718238,13.337652526951672,12.42833204785623,16.371793027597107,20.989102564240596,30.63951487401968,36.33742360322992,37.715535081346786,28.44745177302667
2023-10-28,23.478601809536897,11.8514624629169,10.70930942208473,10.983019111178287,12.986090380111811,20.80362893820071,30.738023367192355,58.253774830524506,68.70202755935458,65.49653536201444,64.86067534682122,46.67789191869217,34.454129337599284,42.34340204551994,38.72995816623957,51.88304579076414,42.05880224862872,32.580569595952866,26.16178146950807,22.24467404780598,27.213746949366147,26.3415312319203,29.102718772375855,30.114894824467527
2023-10-29,30.50272241216325,32.58971341230439,35.131088575211365,35.7436183013344,34.64455927315115,28.930324052363986,28.068172504612694,26.596394693016972,32.833399117765936,32.09411366383592,22.02848000163899,26.47751791185886,21.245044993647767,18.788270972410004,20.171265356751846,18.350959037383845,17.842953382226256,22.294270330510322,40.81199446777856,27.404050766841713,27.45466750135712,22.77384011362281,11.050179006483347,11.116029882331517
2023-10-30,3.9520369243242612,6.112003331460443,6.1192200072542136,6.257526448967134,11.50723406716407,41.84408281164552,39.397316999587616,67.88131405238258,44.47395951145069,34.663623506699224,56.089042289013776,60.33911556719204,53.01784998415107,49.68539803126646,21.17826253401506,12.929504661778367,12.430840725398497,13.473011951178137,13.641121592113166,19.300435171543512,21.567418301369088,25.743527425757947,30.650909238802555,35.36212515785677
2023-10-31,35.765665750750166,32.60963992585539,37.023021313518996,33.83024746067554,32.23192593906938,32.921078674514746,45.84686722096747,21.632431338451283,19.926598928244715,15.19114879924092,-1.3309087672699889,0.26599117562736296,5.0003670394135895,7.593609914837657,-2.0070281307628477,-5.258828938737906,-5.821726283821107,-5.3754677685259935,-5.2385847150465565,-0.8766116547462559,-0.09191745396216788,2.9733296373646,0.15640691626549597,10.54091468825932
2023-11-01,11.760595691356173,24.849771570250667,18.67935338321159,20.1375278717857,20.609560351960848,29.736381985749254,26.218380506240635,20.231078439427698,23.514381148085498,22.290333474084818,11.715188814396704,9.371160991837648,9.286267106615362,8.997256586855265,8.904163296157186,9.199424889885904,22.147494220094174,35.89721312380646,34.43496580822535,38.588109528313396,23.758665326671263,8.509397534671685,8.19277337605876,3.3211461164349814
2023-11-02,0.11146493587791184,-0.20553526685105084,0.9393594641882785,0.5578382675238487,3.791349977274649,4.381533383858887,3.7597809119506067,-8.900799639831433,3.1233139066347917,29.82412310230194,42.81324698245716,29.81668503570934,29.893875139873217,4.658763604580855,1.4031189440608927,-12.085494749496704,-19.132302765999142,-15.763165283163787,-11.709204425613635,5.369049780650016,10.97991751105534,0.9998881631295617,5.574021302148367,12.285100941053024
2023-11-03,14.456280250279676,0.6078629371161384,0.8300870164235796,1.3780721201862463,3.4628174490059678,3.6279673330968514,7.0501138528265095,13.934633278673672,19.204357847716302,5.4172002590058455,17.76365596415505,30.732210219488316,14.0416220130899,8.945280115009567,0.26973432129152286,23.2836699243555,40.176273658198845,4.942887331863773,-11.938233112623692,-11.272797893603979,-9.854891790196234,-4.827358241596215,-2.3952281705094833,-3.2888563751687627
2023-11-04,-3.964277526046061,-3.5815292939138743,-11.674224884023303,-11.461022692056076,3.490863981504731,0.5006167261024075,2.0485380737179355,2.2930646208245093,0.6691309763407958,0.861323896293186,0.6687521572405615,0.7792046235156533,0.5255292125931987,-7.328072381471898,-9.515258578644534,-2.672015381818099,0.548448040289486,0.37238322449985617,-3.0459180905836263,-4.128793824690149,0.8160320984256089,0.8814219617509309,0.019955585242144025,2.830662108522631
2023-11-05,3.2007276363983976,1.7942278361961996,2.901098864542547,2.801368855192095,1.6753873940153596,2.170683698897605,0.9879945808275892,1.411413257319964,1.5744065432094203,0.176387867624058,-10.065900913239673,-0.7223687394505021,4.582081068799198,4.957405258236335,-8.57772357740511,-12.963522496200653,-10.236114178250403,-7.416154688307074,-3.414222260306758,0.7520170471536858,-4.019282758395121,0.7070622568696479,0.7641476861861918,1.977805887892302
2023-11-06,1.4250422084841432,1.0299866346762059,-0.05964588511335478,-0.07557072598622483,0.002292764229061106,0.0022968364239375205,7.691726519283861,0.46785023192472863,0.7510706261164728,0.474045670183898,-3.1251795848019412,0.3387797376080357,-0.6415840570351037,-0.4193013077899934,0.5322133091314498,0.44387072037947917,0.13403315430642238,0.5054026906688591,-2.9602481638453355,0.17235672659521128,-2.7934437928575875,-1.1059518136351159,-0.21690075003851206,0.0005331371118302286
2023-11-07,0.0005660012968604633,0.0005707092151112647,0.0005720462153320227,0.0005521358808948662,0.0004900886176315566,0.00011299179494983491,39.2420955174956,38.79366460161954,22.259804480526782,5.5990630799367835,-8.182409500019858,-3.322448706604945,-0.18732323003412432,0.23487099292978542,0.7497777858596066,-2.9886125873801177,-2.543171707029586,-2.865786034574768,-2.8310123862185037,-2.565194993265692,-2.9758759844312124,-3.8221807174983837,3.305201761991725,0.7544828949355633
2023-11-08,0.04493930806691537,-0.03793239194925491,0.06538924048400929,0.16419975124489383,4.2004219186951985,2.281753784734562,-0.25399883540786306,18.438660773926994,22.13290045662417,42.141963864031915,41.84772141417422,39.853209669583315,40.14818267545795,35.85535402833881,42.96422278880541,35.040987157812836,33.05048388629503,28.72826102195006,25.053203442655416,18.628794461934348,17.55258293959946,21.78593725904298,7.609324830214177,8.12504261503426
2023-11-09,17.731225340294486,16.712739072452408,14.27763989940292,6.756871024163331,4.496698686439643,12.475805501927631,32.162241273952716,-3.763179566767832,-7.50050881411849,-4.926898131910832,-5.664295397544322,-6.233001645045505,-2.884948325171763,-2.644484784354887,-5.979570072270775,-2.386550942629981,0.2365145401963673,-2.4602336267566045,-3.6626171730540023,-3.3424592993722797,-4.841534059383946,-4.077322292085,-4.286759777019853,-10.915892679511188
2023-11-10,-5.286819270313842,-3.765895822282957,-8.649507499275018,-6.801845114037647,-5.262531257532217,0.08262299188905331,-3.905433112386959,-2.807300896135672,-3.341153670528371,-2.668321681080158,-2.690098931794722,-2.3386258144264502,-2.466433579072657,-2.7520322062691775,-5.7645736054505505,-5.370696589140323,-4.094954963913864,0.32464748045518377,-3.8021349035955154,6.2916727317404195,6.355821714799504,5.2793391874559745,17.470232066028856,14.492341780278998
2023-11-11,17.088396265349083,13.817069281911898,8.627919714729437,4.254925891134768,0.6172104702354133,0.31515049399765616,3.7460559978947714,20.541361253781588,-4.638571000618526,-7.776604858685772,0.2433765608391809,-0.1861777228035919,-4.774694017917398,-6.588770468840664,-6.638941953731091,-6.06756980076625,-6.686818371938841,-5.924583236982244,-6.030847237666819,-4.847831556424524,-3.0636979770513904,-3.1327141076876615,-3.600005172843595,-4.719104802887358
2023-11-12,1.5596192171450127,0.8219479314519731,0.521180974474305,0.8640460208546585,4.365358788348573,0.8621497468840289,1.3394132985225724,0.2811453569607636,-3.918227880336559,1.6607158948181393,1.355376711792161,-2.835170265258199,0.3843811945663447,-3.1289131269659833,-4.019144096178962,3.727831661174548,5.400656355542623,8.953220920877243,15.281428669214762,16.09822097894363,18.84647692340542,19.624134139547735,15.44047062795056,19.714018273279642
2023-11-13,4.511748951450798,0.43501621496520215,2.791728804993568,18.053434254574256,23.359308505684616,19.804409371262615,23.666726219367014,54.28232159188253,38.14611574987086,39.82574455051757,38.29270199147915,25.838650614407143,25.663416375358096,16.268768469120914,5.521630071588504,13.066242733163847,21.781288933533517,21.59571669257707,21.280695301351813,16.734743560494266,13.48616518344852,6.160739241900522,-2.063051484609332,-2.667865190167973
2023-11-14,-2.748396688369951,-2.7174311236741175,-2.7414627945258516,-1.935933646256018,-2.0353937056208338,-1.5020414070493047,-5.763002708513724,15.787634084390767,11.709069236444336,1.7629885870003648,22.54912625513549,28.268001725124236,-4.924351735891577,-7.422215495853919,-2.761989679399278,-1.1922963731477694,-0.8867373712370181,-0.536628042042878,-0.9758931090759688,2.2604077794179602,-2.227950159286479,1.4986913944755145,-12.365885918787924,-1.0081987621808324
2023-11-15,0.17212324203718765,-1.5043013489792258,-0.20751085519485457,-0.0005732215411597963,-0.0006196642202382918,0.12120199352006011,25.759248311479816,-6.717889095605244,-2.776975898610118,-5.993640271079016,-6.433043501586809,-5.898061317611251,-3.9482537469191925,0.19054135845752285,0.09615847585590132,-3.089510847458911,-3.3074752344218155,-2.985362355812555,-2.872225588871231,-2.6843274703045665,-4.146041567491977,-2.8594604014603817,-3.867225410193271,-3.7579812081830823
2023-11-16,-4.567789398814057,-4.615546020067995,0.13429913433964202,-3.791246482384338,-3.9743830918365575,-3.5331306471969697,-3.1465219759249408,-2.817206759891235,-3.245787681773095,-2.210097468837205,-3.2088791995585098,-3.263229298155011,-3.1975402129270947,-2.826285469541915,-2.8764379651814806,-2.3816213108613056,-1.9325406080448033,-1.997115058222505,-2.2499695001077384,-2.9108926537211346,-2.117725870188565,-3.478085705128308,-2.9172841775541087,-4.086687190034866
2023-11-17,-4.2510717793563515,-4.113132261478114,-4.638069306147486,-4.6265084685905435,-3.956332639840241,0.9706042478844097,-3.423348159810814,-3.9648061641613026,-2.5383630882146235,-3.0531835503263665,-3.0566762109465913,-2.136395057615516,-2.5281790543648412,-3.2017397875150664,-3.1252348745726977,-2.505810270915731,-2.8318269289959517,-1.9466813838367898,-2.7446868481650313,-2.8396345917525423,-3.79445153313452,-2.9829748074989766,-10.79121290745087,4.903760416613096
2023-11-18,2.504559546254555,21.409241040892603,22.01536204282135,14.231818197508879,4.160452699948298,3.005088529739602,2.999057340436064,15.886598148760811,17.179090218116414,21.245801405734724,25.052016539188365,26.64316736218145,28.87795322499317,22.551868766624985,17.05268101626646,19.80888038984,32.02557665820487,40.143426320550596,34.857712312677705,13.923811473372822,9.82945389515114,5.570956103138492,2.2993928790804645,2.2253631111076864
2023-11-19,2.245754132237195,2.2732440400328855,2.4094490846931116,2.567537760185896,2.470376574707217,2.2640450795732576,1.753329725311918,-1.5680680402046008,-1.901262705487774,-1.7888934873530076,5.842528770435074,-4.176716639061965,11.555160138181748,16.767925345499535,20.024428112113725,12.395113385642347,-1.7451091255132951,10.378099909347725,19.078125208000998,11.52504474025099,-9.359100887732012,5.392074382535938,5.826621123245317,5.679141224207818
2023-11-20,5.808255959340144,6.192360010170233,6.298938882598698,6.4872523216860145,1.9849945382466103,-3.751088292836471,43.48331439583099,34.535305664649,27.916981656992277,18.457272796558925,-4.985484597479427,4.13152304935204,6.4024343367294705,9.757794952238072,11.034375572517604,13.767216029315819,12.821162045001557,15.433840722773681,17.475918771932726,16.614509054688824,18.303084151468113,14.076671458006416,16.7485827211553,9.987023283567794
2023-11-21,5.474504024583439,7.776212011643011,-8.09804318055199,-1.3802762677641027,-14.42620869357691,-12.533241137373466,-4.027710440767294,-6.2233186913063605,-5.96373285732281,-5.389304082951128,-6.2444838105967335,-2.976356701498304,-2.919631434001275,-2.2677738170425528,-4.56144236969601,-6.559148433842239,-4.321488818214561,-1.4640231252017486,2.9837081065486473,7.302047236949647,12.150506056482243,19.863194943461878,29.24659543188966,46.09449625313138
2023-11-22,55.63424948251043,43.72617666119446,32.17292024844862,43.95221836780844,53.339171026362294,45.4975980304861,32.162136296733934,22.033396889098412,22.746750205808183,29.538029919973695,47.488551248425466,49.47479155628798,51.018162699131395,52.26709486904805,53.236700646547206,53.069677609621834,51.47207196124373,51.03370761834182,51.71240454436784,56.287303762520835,69.44363426805361,55.330779636517505,54.73018187388132,41.07148992700906
2023-11-23,44.38713184145977,46.44504650462621,46.82298769471268,46.99076500633426,46.54596903663965,49.091326755867236,57.79786371677869,56.092814051683405,52.74207288364125,49.01809767631045,47.96113408615361,45.42608441362941,50.26233552550795,50.304389813884434,44.58079193189657,51.22142887711617,56.03277921503186,57.565896857659894,64.89837631242621,47.76474110173933,40.60076513285786,38.51145880071702,31.8985364493369,27.85041220259031
2023-11-24,21.736516421790736,15.750342895946265,5.579391876200901,5.259499765969444,5.099251892946437,5.5984469845044345,14.385659357428718,19.234001247436197,9.001248622704175,35.33251339879264,52.60765829823492,45.41766819100158,43.0719260340537,38.219256946644585,36.940841141826425,48.611656671943784,28.64821018859608,-4.051956808053035,-6.45757949107653,-9.678232038608257,-3.1215779553428717,-2.3112973238990975,-11.211400389526688,5.3491780622364615
2023-11-25,10.241783816865876,12.905587775657338,17.674974844968276,16.37212259389986,10.229511926554608,16.607891891755003,12.405598996213484,21.359566584639424,-24.990578092829224,-17.470716495731182,-12.221455813908221,-7.193219260662431,-11.362645626512489,-8.187928749967682,-5.1153508035095,-7.278196083990508,-6.598020685495072,-2.5056745761024217,-2.801498780010064,-3.4306181967422162,-3.0997467821752593,-3.45445061135203,-3.116344094512897,-3.6994254448899255
2023-11-26,-3.8902753634527016,0.6081431424481707,1.0082015952974643,1.0236378255821137,0.3196366481628843,1.640979777182281,-5.506965319107707,-4.105824149253692,-3.931748230257085,-3.3249990550556277,-3.181868634918885,-3.0201151917106586,-2.611387739359486,-1.8162765099376088,-0.8304089470725557,-1.4087704028347616,-0.9556774613439529,-1.3631101821811171,-0.48427959740905635,-0.89657162467023,-0.992128297921397,0.9027531335510162,-1.8928052953788495,2.7144170210750644
2023-11-27,2.3915650073853385,-7.9101573605276485,2.68865675590348,6.441185081400874,10.093056867069151,14.09208784323198,7.042107337715237,7.8359419442462865,11.43214548914085,10.8833902057155,9.747216030225047,6.848821292738194,4.9737108850979155,6.23200983040843,7.630942221960197,8.232709939236514,10.290166926729029,4.160822760160983,3.137045567866835,-4.293516504917136,-6.95821021552743,-2.9099441303827973,-6.235143958475149,-8.12810674286655
2023-11-28,-7.045383145452803,-7.159603392763543,-2.4783157518800607,-9.656545029903214,-14.445739389526167,-4.990888647775478,-2.2215323733624075,-0.69723299226564,0.10918292579168565,-1.1168389913304395,-1.5686335696086644,-3.0392978368170986,-0.3941778004610228,-4.718793736314552,-3.3284114460889214,-2.379598493806668,-3.015138853438998,1.1039760254983264,2.0295633113890403,1.9945126202688925,1.0562955558665976,3.8197956747231387,6.584975356498319,6.296125791165366
2023-11-29,4.2683577867261135,4.9986103516900755,4.305828443649602,1.3770277257406178,2.5913622236718368,5.300872266483708,1.5911601843425558,3.2928156941381985,4.33796612786233,3.103555829357788,3.278615341073248,1.8638961751601073,0.812588642974049,0.5087059475023352,-3.4645345516644,-5.396358408782817,-4.86816968953201,-3.8777407343901587,-4.668684845408677,-5.634994971546064,-4.81057432397489,-6.46081245318743,-2.637881548862083,-3.1364197622989423
2023-11-30,-2.795894598891209,-2.741031468802646,-3.1132182281594396,-3.27331390820882,0.39135899683375897,-3.8892154539566945,-2.2787113584680583,-2.8778755215572573,-1.9204975237327062,-1.502888084075039,-1.2439129585457636,-1.1759464682040175,-1.164447867049148,-1.2542974766958537,-1.9404672170361437,-2.1880622423261116,-1.8351829617933504,-0.8006784816419668,-1.9018296414458291,-1.69368250238756,-2.6916404094469044,-2.5169032979992494,-3.803988057143499,-2.669634899726134
2023-12-01,-2.7614752788281294,-2.780753366734473,-2.8631306808639465,-3.596433895979885,-3.3062737209854163,-2.8130495966419744,-3.0113056891938186,-1.9810828948492372,-1.5696070345798603,-1.8936870706548916,-1.7345080913106017,-1.7858361267936402,-2.3697814459532083,-2.5781922068027257,-2.7397710229095082,-2.384983119580511,-1.8579344800313606,-0.34507352658346235,-0.8774017509069836,-2.100019864261526,-2.527318810062468,-1.8188181612610492,-3.079891343661302,-3.576055046464944
2023-12-02,-3.739744635860518,-3.4318451364831617,-2.7963071521642178,-4.020369133777876,-3.15624061574772,-4.001465462160525,-3.9467207042770838,-3.345940474296185,-2.8279504152616823,-2.6654979625286614,-1.9639025692580958,-1.9360443655820632,-3.0078327918662353,-2.52405797581946,-2.732069420609207,-3.4202970401929633,-2.3086842077290157,-2.617825393061935,-3.1173191928424444,-2.4373252727835393,-2.7900228853377484,-3.052824239906897,-3.989387747132156,-3.561116288045554
2023-12-03,-3.9357997409044856,-3.6676014197320796,-3.747064524476457,1.1190258998792615,0.4065623223689272,-4.389018854239595,1.6019493615564215,-4.005008913865765,-4.40185375700716,-4.247476455260198,-3.629449816076317,-4.676938913520445,-3.454614783742187,-2.5609338541447926,-2.399398279350862,-2.7181847089757696,-2.3670456310839256,-2.479838093785105,-3.36948893534705,-2.921335168859059,-2.837755669537188,-3.175648652496193,0.7788729436525443,4.643037367060202
2023-12-04,4.849496070621939,7.131914650800098,-0.9481555212754813,-3.490294579843919,7.575983732482442,11.597621668737645,9.988697714763248,4.9422234722228495,5.7364947570479785,7.283721214378062,12.186606792714628,11.900314946719533,13.382046636331609,14.155575937073138,14.677270439267375,15.524866103018951,16.361748007803243,17.087685151572742,19.150628097449868,16.003474849564157,16.391963452459095,17.766886965758175,21.533068331624975,15.726250862593488
2023-12-05,10.985857061663609,10.51850413259379,8.479828341788163,5.729831879471718,-1.0650138161870473,2.396634855052639,-16.356929315515487,-14.686577373359853,-11.566260854124977,-9.146137009547772,-9.135614636666872,-8.614311978614097,-9.563425762120147,-3.9503654251438434,-2.4509008942713137,-2.2446494924965066,-3.150880447956496,-2.3311539994927557,-2.0698077456764565,-1.9791546276551344,-3.3450208779664763,-2.322256163217844,-2.883081967614771,-3.080051724853604
2023-12-06,0.482491930847857,-3.3041620417562285,-3.3937701370451236,-3.6112234869431177,-3.929417892118181,-2.920775111703051,-3.0922317693911054,-1.393416929482612,-1.2468782955550637,-0.31711501556037547,-0.699228165064028,-1.2792146910327915,-1.5708893822879304,-1.889312572391134,-1.7405594138552942,0.9026540428253611,2.6039976542856493,5.3913536578439505,12.665715422111163,19.50402503061494,22.601596722801958,25.415110709769294,32.28419832400121,41.61422406113205
2023-12-07,47.65720245614003,48.49888683741983,54.14927448811453,52.22384047981229,52.856290010226836,43.859880122661195,44.67774481241007,36.63488655083847,37.981743344712626,33.28247819576799,31.387859689876535,34.85241212069815,30.98738495978489,33.376290518277784,31.400918677493053,30.284047468075983,30.852434713527884,34.30964935275733,33.20148967611166,40.78049760363322,42.53476518470376,42.60731130575542,27.817853960922704,28.07323355822202
2023-12-08,21.963827111575206,23.788631783392702,20.816810560013664,20.663381112611496,14.213649486974518,20.21361068222805,8.735826761074264,0.8149598768512192,-0.017182488625536507,0.8933365013056402,-0.8084586126185798,3.0356032361675602,3.237353004148588,4.767878117386317,10.13220026202842,7.002966893508557,8.92409344124627,9.730381182187301,14.860367328275998,20.45515155918639,23.968416797066183,22.25905543636054,24.219253711177515,18.788314142070135
2023-12-09,5.050328068522166,4.962395084635116,5.079673587338551,5.044918705053778,4.970911625858637,4.3631899986453,3.845854354739579,1.1308387361843089,4.599777934893716,13.498056256443583,21.430460606469097,20.633756463380223,18.270729121714375,9.625351843386255,6.820958682863527,6.337018003971167,18.19023843433436,31.568097322394088,37.23538458389855,31.498296015311475,5.533820220903955,4.392260959496554,-0.964212606040384,-3.0949216779751936
2023-12-10,-2.4303300013932727,-3.5993204694950762,4.427481416849474,-4.56098697036802,-5.058839751141257,4.826050317756085,6.45898692471323,20.482004906895902,25.209933438160633,17.249114495700965,39.775632361297966,48.15163111619107,50.68554802924581,42.06720474584707,13.325399621093396,14.612968492689909,26.32355177305766,-7.355235605839255,-11.099901095822617,-2.362184707051483,-1.3205015941527023,14.519636780776956,6.991257351531743,7.0121926729562105
2023-12-11,7.4910010304231704,7.6150303125199414,7.577234353206208,7.9605595004723,8.004470862600598,8.51190201243682,16.042165125335785,39.72190425497742,39.31877226831837,-6.209808882746728,-2.7191240160651375,-4.253794525026336,-5.754630620952838,-5.391176397754521,-5.50491363520257,-5.8553025816881075,-5.561882096039909,-4.619459084732,-4.168150356650756,-2.770404491269602,-3.1682391702682366,-3.2310496589116156,-1.2245063123484954,-3.4847437832462163
2023-12-12,-17.012567204325492,-24.811439669214238,-12.593505549140218,25.913191825357302,23.75871280286232,24.885250898097226,-2.0575105832572547,-7.523411213575031,0.8683961608835489,2.367072073951306,6.890650247506528,6.304987263434839,4.963238492883107,2.4069408153701204,2.2739465424985497,1.558778670490483,1.5239972803604758,-0.42441119444302444,-3.1540521912127986,-4.498219299131733,-3.918707287987388,-3.3302368606148036,-4.469519285657242,2.0331003121372078
2023-12-13,2.823459619029933,-1.7999298287444958,-2.8615596956662017,-6.974798032202983,-6.723419246448287,-4.970192935418424,-7.647650162289352,-6.2922428487147215,-5.60139192959079,-3.201206890889864,-3.0294290395312657,-3.0994548625189395,-2.4614305781107646,-2.573751607192605,-2.394013981591769,-2.041049107346282,-2.895168403276614,-4.842316551381202,-1.7007611355889196,1.7811241780005673,5.8121673233692945,13.484251146766098,18.67571310641779,31.06281731554438
2023-12-14,38.840314231280644,46.11908603326668,53.75173801331654,57.06512647924282,53.488189021254,30.56544204193935,23.632851791488918,14.353970704627017,13.24405210305531,13.870761850706657,9.035323198288353,9.005136715802365,10.737863567397852,11.52055113831338,10.662563732412764,11.386924548693742,11.038579148465232,8.513261868747577,11.799042669262889,11.226616315226579,15.693305584259605,21.1670465903577,20.667781113073886,39.543690363620726
2023-12-15,44.35567126792077,33.78389717682319,30.02214593784484,32.5029722851514,41.38086688847122,36.60882545925202,21.68904971278252,18.267164495235903,19.892271581152187,20.210264757132677,24.065531605003542,23.711711749270336,25.407473800996655,28.702874098771332,36.40206312593352,39.49152207231978,37.93795019232442,38.632436315505544,43.24017748988115,48.773367134515965,54.57789198212906,55.6512153623991,48.64586969649046,49.00334381114316
2023-12-16,49.993074936187334,47.053443599874214,47.50406384727872,47.551508794298805,47.67552654637514,47.78916465460226,48.02558373777468,38.950097413062494,44.689649448101065,55.80428028077766,52.187296857853624,50.285964186841966,49.8477306111278,47.01790345860165,48.451506445948354,50.15429822286566,57.109063666552586,57.81210930353916,55.20611573984193,43.56037509798253,41.94654446267465,44.56835287175068,52.08280942138204,50.309905245109974
2023-12-17,44.04364970815856,45.822070704430544,44.94488008078896,45.16053700957436,44.91153510751806,44.42184138416204,26.0411824175995,23.6407539671959,30.696814783923287,39.2474840965248,35.892074849756064,27.23944842674213,26.446132741565805,24.289514346544827,23.039718455169748,38.49089412269422,51.95308146392193,56.41745939374621,57.56215379729219,49.614084775161864,38.13795001432728,15.245496857719836,0.9472002797347301,1.8351474250250845
2023-12-18,0.5894329629055477,0.3183657078501909,0.34846870571197996,0.23328168014764117,0.19712070354248112,0.06460034338593346,36.729499777442996,30.37350232251795,22.604385922276975,34.71844607118365,31.810259879209113,37.26240658093276,47.667431525250066,37.81573415385317,39.94152380454787,40.883077848994716,39.29436717704239,36.91039181085034,34.71144439716613,35.298532568508875,32.402910652209584,20.118285254052225,14.130894969576232,12.464502512351295
2023-12-19,10.591280567101379,0.10388763492235853,6.9112140965442705,17.792910655983775,20.261701033086098,50.92982422641687,67.7632163766878,25.817258420816188,33.61597841730227,30.50528759513722,24.197837983866123,16.511174034080454,31.273772085173263,48.72704847942262,48.97445906568767,49.35882476728659,48.64629796602709,41.79843611915322,43.696030246071274,51.034001742199976,58.958795343948395,48.31082305277015,32.968204512589836,32.141716934367665
2023-12-20,36.59026431645276,33.39016111260044,26.936632208706033,19.032541304691033,19.065925133402793,19.154816459968373,21.112181241453754,39.464105462992286,41.62206780148908,37.09257519505511,39.95673354282567,41.09389625007093,38.11543571506176,30.916742663286882,43.16756860771896,53.9435403727181,65.59772364360549,74.68636963559952,53.09073329158085,45.92565192211022,49.434973402962086,52.4112347558996,47.59885954076842,42.43227808106193
2023-12-21,41.732272014869096,36.4850806198588,27.923860117334726,33.0579258374172,43.70257174095816,43.36970637045365,42.94033862417909,41.032469842367746,41.80188278586968,49.273791755675504,54.56594970325966,54.69755484778342,56.37208536279864,42.09758944512127,38.36161557685439,48.60882738276325,63.53411151779207,63.37893482969667,53.95823255046044,44.043882008654776,41.41646460542147,37.11124721324565,31.342403671326615,24.95186702445136
2023-12-22,24.98921432108267,23.17420396178703,24.59254164790852,24.72064841464796,25.6448379879002,26.042591560021428,25.989976093429878,24.86196650587813,23.20462059176421,21.899793640062274,21.599813060033615,35.17311471473368,36.949482552497166,31.555783953096476,33.73462382315939,29.064644660352702,39.891168801380324,41.75144208214982,40.69697278283164,29.12865191685981,28.823810525366646,20.381190617131054,20.72093523199114,21.17232259667371
2023-12-23,21.067998277526936,25.406466292967934,25.224678128827996,26.248628321725118,26.23511761489251,26.462087385132943,26.26449972223566,25.59915710949427,24.203930233580003,23.95249912001302,18.07155259195699,6.721106675076662,11.436807365250704,15.98133247452038,20.09657432200677,14.965109825094913,3.4172980462078257,4.328191215829001,10.801751565213298,15.415239289862324,22.693859391084217,24.403120012846088,25.79791941465276,25.955711319506516
2023-12-24,23.938943053470858,23.269031238308383,24.41009948379819,24.683522932731666,24.52924701970311,24.594652498395217,24.770429197503816,24.006323639077262,23.544864909323515,21.990672974267618,21.793043709014725,20.741206108161432,21.112358863594544,21.077116907868668,21.53390921491313,21.322726896848962,18.990082510185612,18.83158165329458,18.878764410263255,19.610844797920336,20.565698621975365,17.504357632620618,7.680961837427292,7.193558533601884
2023-12-25,6.409353266429124,7.6712863004107525,7.757151219961788,1.0872208013839906,0.5097133198829571,9.600030223501435,26.122004528925565,24.435942455474652,20.40098175970623,20.55451178800888,17.649686757188718,-0.005323041259856609,-4.373553420217135,-4.1400182352792,8.31016682357857,17.037352064629122,15.071938118422946,12.91757643904879,9.729702709941698,9.334048110777625,13.509188344191228,18.613467780519457,18.96955679828644,18.75663632456182
2023-12-26,18.995956082890903,19.30029744777495,19.353460183817436,19.35463775267081,19.66217972074488,20.651820937575913,23.442508917088176,22.15488340346912,14.472883861148862,11.324762199630037,-16.277786271254257,-2.4462675885500573,-0.07172604286735407,7.946366335789193,63.18545257835237,31.35833936694442,23.054243143347776,26.015411726477453,17.583752759163332,-3.676331773922243,-7.565449625737273,-3.1853447044641996,-0.8172429216680541,-8.939743864015938
2023-12-27,8.4211967012494,21.501154216146617,35.038954813453856,44.690781899416365,39.73917427952064,38.189027857755896,42.72593431593334,42.46760956154088,42.95874752583186,40.179156570586755,33.23687817282146,21.209424072066682,19.686963238051884,19.19401560656254,16.40248480158416,16.97551715989089,16.033982038830914,25.58386767143928,27.082408517704128,34.383521441581465,27.50810618996573,25.758755522867038,26.92124262091016,26.95807002749247
2023-12-28,34.19858599595821,35.31063480465016,27.22848615957602,27.35949660237248,27.49380763180523,35.443750775213346,27.953351625008615,29.473969440107542,30.1214554763987,26.518047843371416,27.12706908978198,24.68522100406236,24.099935293861286,23.497967633457087,21.51777346132942,24.724222641299882,19.531271057390533,20.641145156828983,27.054045103151587,28.279468356368856,24.28809190830835,21.574729262970543,24.596590407825392,23.936560388929067
2023-12-29,24.41211365796326,23.77283603573315,24.656063858001023,26.01388981087593,26.51419799964253,26.17354633280239,22.419331633104623,21.455925470874128,20.671750048182457,10.812585711540898,8.211147398147155,9.007584042718584,13.891315787527503,11.247904649108044,9.334459769131222,9.280698584570239,32.75403382479549,31.00755037973014,31.42068519786254,32.03276138752277,22.053685384766034,9.16380573625269,4.251651357273666,11.01633713249435
2023-12-30,10.929491661721649,11.003563697819047,11.371963794920042,5.785744521590374,3.118904315763217,3.4129234292218555,3.3680630205312383,3.1993658960584384,0.5406707276457325,0.25120040545090205,2.673609840602218,1.980355029752232,6.195041086658009,11.163697459515525,10.641056250827514,10.31547001262745,11.939910669242273,21.369776154515904,18.10346384299445,21.99825548722361,12.541478743463642,7.8361029231556785,4.176156759287238,6.210636693851647
2023-12-31,2.480777135336311,0.17232790809109133,0.7434090619502101,2.186614796314121,2.12293420707514,1.49765985438966,1.0220833149583903,-0.6791317667011114,0.4230262427040117,-0.5054877118989864,0.0014918557721941283,1.059010228094877,16.818561396097337,17.46222691409676,16.743309512278955,17.321879402333934,17.013774174551713,22.722801528773772,24.166270200710997,0.8180213897300916,0.6179894416808054,2.2295021551593877,3.531367394248882,3.5391493393040605
