{
"type": "FeatureCollection",
"name": "neso_regions",
"crs": { "type": "name", "properties": { "name": "urn:ogc:def:crs:OGC:1.3:CRS84" } },
"features": [
{ "type": "Feature", "properties": { "GSPGroup": "_P", "regionid": 1, "shortname": "North Scotland" }, "geometry": { "type": "MultiPolygon", "coordinates": [ [ [ [ -5.328688479237919, 55.824469399593511 ], [ -5.314295859240755, 55.766338319532679 ], [ -5.39113597931633, 55.745338849517864 ], [ -5.429016769358375, 55.717728869492817 ], [ -5.472738339418918, 55.642089539418919 ], [ -5.453087219419493, 55.575031659348468 ], [ -5.481613059445968, 55.57310475934888 ], [ -5.506330359492531, 55.486092079261681 ], [ -5.537791629527, 55.464997699242609 ], [ -5.511391759530399, 55.366993229140043 ], [ -5.564773059594689, 55.310371849086266 ], [ -5.534897989575495, 55.282488009055342 ], [ -5.581480589621138, 55.270220299046443 ], [ -5.616423849644201, 55.301042589080765 ], [ -5.761081359781047, 55.283593839074136 ], [ -5.81341000982211, 55.308857309104127 ], [ -5.803784329790178, 55.393422429190402 ], [ -5.728372929709566, 55.434724509226918 ], [ -5.724941219667808, 55.577265439373349 ], [ -5.673055699595376, 55.668879559463406 ], [ -5.715953329632424, 55.678542369476943 ], [ -5.75582534968456, 55.621285839421262 ], [ -5.78313691969508, 55.677023769480989 ], [ -5.728280869626595, 55.743624129545054 ], [ -5.678762749584041, 55.731171889528014 ], [ -5.720868239629096, 55.708201459507912 ], [ -5.718535909631188, 55.692180639491198 ], [ -5.68267296959926, 55.687573749483441 ], [ -5.610404589519439, 55.736842639528021 ], [ -5.627578029524213, 55.77836692957225 ], [ -5.676012409562132, 55.804375539603221 ], [ -5.665532639538389, 55.857736919657285 ], [ -5.71843651957498, 55.905981319711657 ], [ -5.749832189604375, 55.905489249713909 ], [ -5.72209724957174, 55.931687559738506 ], [ -5.75490349959871, 55.945854159756003 ], [ -5.717833999561032, 55.957774209765056 ], [ -5.646607099471483, 56.047713439851464 ], [ -5.668199969484738, 56.074556019881101 ], [ -5.618161029439544, 56.06889142987071 ], [ -5.604237749422882, 56.083309269884303 ], [ -5.650687069457013, 56.119141559925474 ], [ -5.700952599510956, 56.09178895990182 ], [ -5.828320529663206, 55.962458019779604 ], [ -5.866627659718348, 55.887220209705148 ], [ -5.958070839828883, 55.790866239613266 ], [ -6.040048249910524, 55.77348457960214 ], [ -6.009660559908013, 55.671593439494124 ], [ -6.037212349939244, 55.650855639474926 ], [ -6.140164490046811, 55.609608869440528 ], [ -6.188202930090956, 55.614507789449448 ], [ -6.262644920171517, 55.575009919414384 ], [ -6.300611650207517, 55.575194289417567 ], [ -6.345365870247202, 55.586728299433069 ], [ -6.347100630242509, 55.612080059459579 ], [ -6.269664180155143, 55.666402049509841 ], [ -6.299966570174747, 55.703495089550835 ], [ -6.346343840216296, 55.714583349566105 ], [ -6.342345170206841, 55.737372869589485 ], [ -6.365509030228877, 55.737969129591967 ], [ -6.47759932035351, 55.668454139528535 ], [ -6.52302241039662, 55.670927699534701 ], [ -6.539552830406398, 55.696302079562486 ], [ -6.464407030314993, 55.774457389637938 ], [ -6.494212220339588, 55.791667649658294 ], [ -6.466173680307569, 55.812218859677465 ], [ -6.460153170291756, 55.853767829720269 ], [ -6.399156070231043, 55.861588079723418 ], [ -6.335550420159146, 55.905801739764215 ], [ -6.316581430148021, 55.876594869732223 ], [ -6.283910780115765, 55.880392599733462 ], [ -6.163891449984818, 55.946392099791943 ], [ -6.119553939944302, 55.939311299780819 ], [ -6.111507579942359, 55.9162587197562 ], [ -6.082522839916882, 55.907953039745124 ], [ -6.012845879839424, 55.95359479978648 ], [ -6.008208659826096, 55.989412949823191 ], [ -5.960868709769506, 56.036586229867929 ], [ -5.75814915955444, 56.131922309948443 ], [ -5.735486429510202, 56.223502520040924 ], [ -5.774129599544657, 56.231337220052559 ], [ -5.813254479587169, 56.208778930032864 ], [ -5.822025099592073, 56.222466490047815 ], [ -5.773922659539759, 56.250326640072174 ], [ -5.719120999488847, 56.247434980064121 ], [ -5.66277985943099, 56.267177010079244 ], [ -5.676953149431587, 56.318267930133274 ], [ -5.567696589321834, 56.347442760153008 ], [ -5.575680509323029, 56.37261511017968 ], [ -5.61970574936705, 56.361613720172549 ], [ -5.626053309370779, 56.370615010182426 ], [ -5.453400039187864, 56.456337800253984 ], [ -5.470824799199415, 56.475285000275157 ], [ -5.5487898992737, 56.470012040277354 ], [ -5.633060879360427, 56.439361410253944 ], [ -5.702046489445455, 56.357790600176422 ], [ -5.833678519582924, 56.30463044013382 ], [ -5.891316929634924, 56.315841410150753 ], [ -5.873692409613715, 56.334236940168147 ], [ -5.893686099630536, 56.343311990179394 ], [ -5.930458419671793, 56.317483840156065 ], [ -6.043375769786643, 56.288461510136337 ], [ -6.222251049961186, 56.278001130141625 ], [ -6.345988260088707, 56.245129630118434 ], [ -6.365698540101892, 56.270902170147004 ], [ -6.423109170153198, 56.291014210173032 ], [ -6.467266890198196, 56.282863190168428 ], [ -6.446677370167266, 56.330288780216037 ], [ -6.472298970187772, 56.350474400239378 ], [ -6.423956380141814, 56.344547180228915 ], [ -6.374101490090249, 56.357221670237642 ], [ -6.263986219987497, 56.338396500208169 ], [ -6.227687609949725, 56.349586720216557 ], [ -6.211389459925158, 56.38743589025438 ], [ -6.164572329874442, 56.410786450274358 ], [ -6.196175789895219, 56.453241020321343 ], [ -6.261828109961857, 56.440617870314256 ], [ -6.316711730009222, 56.467320580347049 ], [ -6.296916299978252, 56.518854050398822 ], [ -6.322182480001201, 56.526539130409169 ], [ -6.481047730173134, 56.45397991034806 ], [ -6.477624120167388, 56.46467870035891 ], [ -6.305694469975829, 56.567787910450519 ], [ -6.32862724998896, 56.609553580496076 ], [ -6.239200249900471, 56.614282830492606 ], [ -6.233522029889926, 56.63662985051527 ], [ -6.131179109785087, 56.659662490529442 ], [ -6.044852989707668, 56.632176300492702 ], [ -6.01898402968017, 56.64309537050152 ], [ -6.000274729655664, 56.671252150528865 ], [ -6.064194629713569, 56.68849824055286 ], [ -6.188869269836124, 56.682448710558589 ], [ -6.226340969868541, 56.701101820581506 ], [ -6.233402299869557, 56.727677240609736 ], [ -6.1898559898202, 56.758392790637416 ], [ -5.989189649621595, 56.774056870634091 ], [ -5.967202589597223, 56.787805900646134 ], [ -5.900251769538813, 56.760520720611318 ], [ -5.887205249512534, 56.820772230672233 ], [ -5.802274429422571, 56.857043880701077 ], [ -5.864972659478574, 56.876164450727096 ], [ -5.90270304951893, 56.858636330712834 ], [ -5.942978889547625, 56.904395400764066 ], [ -5.871322059469109, 56.9456643007994 ], [ -5.82514159940929, 57.01400365086505 ], [ -5.727143899313378, 57.020823590861895 ], [ -5.662497629260124, 56.98219694081552 ], [ -5.685385559271062, 57.030774260867787 ], [ -5.749931389334604, 57.023872060867411 ], [ -5.804151619378615, 57.060936820911138 ], [ -5.72725832929135, 57.12025511096401 ], [ -5.667147479230091, 57.135767110973582 ], [ -5.753898029306682, 57.167357621015171 ], [ -5.895807659469093, 57.052874140912323 ], [ -6.023152369601508, 57.013645700884922 ], [ -6.045813889614774, 57.054581190929447 ], [ -6.011599439567602, 57.118494070991829 ], [ -5.928157049475678, 57.167475991033619 ], [ -5.996948539543403, 57.164728381037939 ], [ -6.017175519556015, 57.198525191074836 ], [ -6.095927689650251, 57.118164051000157 ], [ -6.11954657966963, 57.136168091021126 ], [ -6.118786019658983, 57.183225611069581 ], [ -6.155545669694447, 57.186754251076998 ], [ -6.199404499749143, 57.131990411024944 ], [ -6.25114330980192, 57.123984181021932 ], [ -6.268573109814421, 57.146806141047271 ], [ -6.331268689873964, 57.159618041066857 ], [ -6.292735039828488, 57.194739651099241 ], [ -6.347820359886024, 57.181052651090639 ], [ -6.4058065899371, 57.214093481130682 ], [ -6.532588980037543, 57.348684831282668 ], [ -6.572935540082288, 57.327749651265087 ], [ -6.627805600134542, 57.344125061287556 ], [ -6.67662828018652, 57.330896021278768 ], [ -6.743523480243951, 57.386105201342609 ], [ -6.750658910245702, 57.415395531373669 ], [ -6.795287480290617, 57.418600891381416 ], [ -6.790641830278787, 57.456689461420396 ], [ -6.751050820237286, 57.462556111422494 ], [ -6.756181790235836, 57.498590521460294 ], [ -6.73386136021035, 57.513214541473147 ], [ -6.708547870184144, 57.515341821472767 ], [ -6.688683460167521, 57.495936991450698 ], [ -6.6572050501338, 57.505043461456914 ], [ -6.637073490093557, 57.611527341564653 ], [ -6.507812869965378, 57.595304041534469 ], [ -6.511251149972978, 57.57338511151228 ], [ -6.539635469998539, 57.590267641532606 ], [ -6.561972060023233, 57.579271831523627 ], [ -6.559781750025792, 57.553769061497128 ], [ -6.452412719925349, 57.511417001442318 ], [ -6.377501019837021, 57.579109971504124 ], [ -6.402708349861449, 57.583958521511754 ], [ -6.439977749879787, 57.686231571620709 ], [ -6.379868259822971, 57.665722531593261 ], [ -6.361973379796773, 57.709256521636 ], [ -6.32871772976401, 57.705449571628506 ], [ -6.295502189725685, 57.731679341651784 ], [ -6.285191219722258, 57.694968471613095 ], [ -6.218453239659831, 57.671714581582052 ], [ -6.129634849587482, 57.588248721486956 ], [ -6.123379089602053, 57.48335769137875 ], [ -6.167203429660288, 57.409625361307711 ], [ -6.090740399585298, 57.406249791296133 ], [ -5.989754919450146, 57.582237121465624 ], [ -5.962074469422137, 57.585782691466193 ], [ -5.946993549411232, 57.566100221444437 ], [ -5.976645919457937, 57.47945583135899 ], [ -6.023855609514213, 57.431335851314749 ], [ -5.98543990949686, 57.33223749120895 ], [ -5.888787519405125, 57.318697651184777 ], [ -5.877124999396262, 57.306803421171367 ], [ -5.914543969438276, 57.280732481148554 ], [ -5.853133419377297, 57.286000631147452 ], [ -5.81485093934526, 57.261741381118476 ], [ -5.749990899276353, 57.289785651140271 ], [ -5.661447949174406, 57.365845921208482 ], [ -5.832776949348448, 57.328589461188926 ], [ -5.865723589375495, 57.352566691217049 ], [ -5.819542859312812, 57.436878741298365 ], [ -5.859435189351344, 57.438853431304722 ], [ -5.880461349365005, 57.472282351341207 ], [ -5.849197419312902, 57.577391681445206 ], [ -5.813345809275389, 57.589254281453321 ], [ -5.755864829224019, 57.565912741423119 ], [ -5.709561019177488, 57.57289284142508 ], [ -5.750270689209496, 57.610201491467642 ], [ -5.802887349260252, 57.613399901476797 ], [ -5.826959979278866, 57.637916481504462 ], [ -5.796350659236981, 57.69714936156133 ], [ -5.737993239174807, 57.722410391580453 ], [ -5.830816919264235, 57.73010262159876 ], [ -5.822976929231629, 57.857063071726856 ], [ -5.665294159071957, 57.882554501734468 ], [ -5.620409009019168, 57.92817555177534 ], [ -5.553834838956395, 57.917552411756787 ], [ -5.511104878924974, 57.866980691700704 ], [ -5.4838992088919, 57.900535671731369 ], [ -5.404408708813244, 57.909629781731084 ], [ -5.414527948818809, 57.930567841753387 ], [ -5.380344528784394, 57.937733841756518 ], [ -5.361157248755776, 57.988378651805171 ], [ -5.394835718787339, 57.993078301813938 ], [ -5.441615598840093, 57.955152831781398 ], [ -5.518338898915599, 57.949445961784754 ], [ -5.533266908927832, 57.960988701798179 ], [ -5.516110468905429, 57.990185601825551 ], [ -5.470730578859503, 57.999676041829687 ], [ -5.481362388863566, 58.031639161863133 ], [ -5.443496628812348, 58.106104731933328 ], [ -5.361639798738358, 58.078932851896155 ], [ -5.310375418687246, 58.087371451898349 ], [ -5.357725878724935, 58.128402841945238 ], [ -5.321876338681341, 58.174660611987129 ], [ -5.41048882875473, 58.23994591206332 ], [ -5.376422198716476, 58.267341472086457 ], [ -5.348545448691726, 58.255242872070909 ], [ -5.266582168609254, 58.272179722077581 ], [ -5.171311828519193, 58.263671262057144 ], [ -5.167844388513092, 58.278074332071043 ], [ -5.217489968559369, 58.285655292084847 ], [ -5.185026788518118, 58.338240722133015 ], [ -5.216110088539832, 58.381926062180369 ], [ -5.159815868481566, 58.403468452194538 ], [ -5.145836658461767, 58.437415552226362 ], [ -5.095904048411088, 58.451908152234274 ], [ -5.146791148455755, 58.474721922263399 ], [ -5.125987468422565, 58.546295972331393 ], [ -5.056132208355465, 58.546076032322048 ], [ -4.99262304827724, 58.641052312407076 ], [ -4.967002048255895, 58.623641972386579 ], [ -4.866183978160192, 58.621478662371018 ], [ -4.815316008116958, 58.594384022337636 ], [ -4.766541428068352, 58.60757139234402 ], [ -4.731056928041285, 58.573473202305834 ], [ -4.654934527968972, 58.577421722299412 ], [ -4.62869627794765, 58.560291812279111 ], [ -4.585971457903363, 58.582877862295405 ], [ -4.542345697862426, 58.584079512290636 ], [ -4.398686657734977, 58.554134182241761 ], [ -4.332439537671662, 58.565640472243828 ], [ -4.251621147604436, 58.530871752198749 ], [ -4.152590717506335, 58.569748302222848 ], [ -4.074358457435383, 58.569597582211749 ], [ -4.023792167382362, 58.605905302239854 ], [ -3.996337047364281, 58.57287284220395 ], [ -3.91448734729165, 58.568526992188147 ], [ -3.785624937175774, 58.573074122174191 ], [ -3.657064057051568, 58.623512082204336 ], [ -3.538700156946996, 58.626634702190131 ], [ -3.526187346941205, 58.602142692164769 ], [ -3.459802446880499, 58.615712502168108 ], [ -3.37172492680756, 58.599743432139832 ], [ -3.357623996792409, 58.613695782151154 ], [ -3.421931236842798, 58.638504132184401 ], [ -3.40573518682276, 58.666977462209331 ], [ -3.366886106787629, 58.674068402210381 ], [ -3.30681648674111, 58.648950752177406 ], [ -3.231305816675075, 58.654651282171649 ], [ -3.149666546601871, 58.671013452175067 ], [ -3.114749776565884, 58.700377422197825 ], [ -3.082981666549657, 58.650560382145557 ], [ -3.017621486496386, 58.641636832127247 ], [ -3.061357616550885, 58.561456622057278 ], [ -3.124478466614441, 58.515464832022609 ], [ -3.113044256612387, 58.481297591988174 ], [ -3.040723446552555, 58.4761858319726 ], [ -3.101296906627953, 58.368893341878504 ], [ -3.214599006739157, 58.301832291830259 ], [ -3.383003006891893, 58.262321311816038 ], [ -3.509008677022813, 58.164473831738697 ], [ -3.796214907298261, 58.054576871670655 ], [ -3.842621437350694, 58.003990541627232 ], [ -3.978926127480163, 57.964834981606842 ], [ -4.005102587528219, 57.857357491504203 ], [ -4.071160247585678, 57.862701321518067 ], [ -4.122256477635826, 57.842911241505085 ], [ -4.048344267575143, 57.820716581473569 ], [ -3.963953827493603, 57.849571281491158 ], [ -3.86764952741385, 57.827951101457217 ], [ -3.784388737330733, 57.870876421488546 ], [ -3.772491327324858, 57.851875571468284 ], [ -3.969128467535708, 57.69141978133532 ], [ -4.026937447587801, 57.686965431338301 ], [ -3.986475627555053, 57.674568591320835 ], [ -4.093610047666432, 57.605378681265698 ], [ -4.084270837666466, 57.571055881230386 ], [ -4.161821447737267, 57.562773641231828 ], [ -4.225753257809425, 57.499800981176918 ], [ -4.169396467760588, 57.494394881164574 ], [ -4.152852347739741, 57.519672341187729 ], [ -4.049816027638329, 57.561523721216602 ], [ -4.08154449766049, 57.585744931244655 ], [ -4.016299477597803, 57.606528061257116 ], [ -3.931753047527413, 57.590381731230359 ], [ -3.853534757457376, 57.597078401227101 ], [ -3.710834267317858, 57.66007441127109 ], [ -3.537200617166798, 57.667081651255387 ], [ -3.504482127135523, 57.680359061264198 ], [ -3.499442137124211, 57.708335961291041 ], [ -3.344680376987737, 57.728606251290444 ], [ -3.276962566930767, 57.728329381281135 ], [ -3.181040016859239, 57.694124561234823 ], [ -3.030781286741237, 57.669103361190267 ], [ -2.857841816588784, 57.710449481207164 ], [ -2.538436946342064, 57.674058241128137 ], [ -2.391664596226783, 57.672954411106808 ], [ -2.298704646147049, 57.699126251119111 ], [ -2.189529416068829, 57.676842991082438 ], [ -2.119572896007417, 57.704426401099084 ], [ -1.999632585916837, 57.701837481079721 ], [ -1.984237545910579, 57.68284346105937 ], [ -1.926690765867571, 57.681540561049992 ], [ -1.815844355804296, 57.613718550969601 ], [ -1.760489115806386, 57.468075350822801 ], [ -1.966552946003269, 57.321108110709993 ], [ -2.02419471606534, 57.258329570657317 ], [ -2.070614846128894, 57.1638707505724 ], [ -2.04313691612045, 57.124432370530776 ], [ -2.194249746282707, 56.96683663039785 ], [ -2.209023946321446, 56.878772400314389 ], [ -2.3136728264265, 56.796194080247147 ], [ -2.414467816515916, 56.755618250219946 ], [ -2.43385330655285, 56.685673880154177 ], [ -2.497338026612552, 56.650423870127362 ], [ -2.472433596602889, 56.621018310095714 ], [ -2.533100646667557, 56.563866780047078 ], [ -2.705875336823016, 56.49392897999865 ], [ -2.726697986849381, 56.461917459969648 ], [ -2.798592786900872, 56.4758665399915 ], [ -2.985750287057248, 56.44651217998382 ], [ -3.049220107105775, 56.45241612999677 ], [ -3.224701317273673, 56.364011319928814 ], [ -3.276631587317913, 56.356299019926887 ], [ -3.256066507306342, 56.340125609908625 ], [ -3.300743087350398, 56.31431788988791 ], [ -3.292190007351397, 56.288916879861802 ], [ -3.335649367386357, 56.289399089866961 ], [ -3.381668177430398, 56.267644099850322 ], [ -3.350309337408708, 56.255680519835089 ], [ -3.367496487427588, 56.239731679821098 ], [ -3.28261538736069, 56.234566889806928 ], [ -3.260002177354712, 56.195884839766194 ], [ -3.308744757397247, 56.185198289760777 ], [ -3.305977577400671, 56.167293089742749 ], [ -3.371678677454538, 56.164424819746827 ], [ -3.369301117458548, 56.14558201972789 ], [ -3.52543335758557, 56.14488515974346 ], [ -3.566228257614477, 56.159326739762101 ], [ -3.580943787632738, 56.139308029743709 ], [ -3.635926317680086, 56.132275089742365 ], [ -3.647863967681489, 56.159675699770936 ], [ -3.592130597631094, 56.174361119779768 ], [ -3.574751117610635, 56.194441919797988 ], [ -3.619296457643885, 56.205502829813653 ], [ -3.667681127688787, 56.189269439802509 ], [ -3.736820127746144, 56.189054069809472 ], [ -3.780878797774295, 56.217227059842195 ], [ -3.83233356782505, 56.191413299821726 ], [ -3.881248277864446, 56.196717239832097 ], [ -3.947934937927453, 56.173578289815751 ], [ -3.949067747936934, 56.145073899787278 ], [ -3.981947407965347, 56.142753369788302 ], [ -3.986162047975268, 56.121477339767388 ], [ -4.037641998016049, 56.130613869781769 ], [ -4.103799188081692, 56.098590009756222 ], [ -4.132519678122001, 56.04516450970538 ], [ -4.09869349810008, 56.022468739679212 ], [ -4.126067198127151, 56.009598199668964 ], [ -4.152367998149956, 56.008036359669966 ], [ -4.163640648152897, 56.030333439693528 ], [ -4.196530268187293, 56.008919669675187 ], [ -4.281147328253241, 56.030641319705403 ], [ -4.375169698336373, 56.023097729706969 ], [ -4.400259388366353, 55.994676699680696 ], [ -4.512672878454332, 56.027483689724754 ], [ -4.601538468534034, 56.020224769725971 ], [ -4.639615018562956, 56.035890359745515 ], [ -4.673440118596193, 56.023566669736233 ], [ -4.698838358604103, 56.074695799790604 ], [ -4.818332388692204, 56.1386650498672 ], [ -4.890289598778651, 56.058176649792138 ], [ -4.869175648784199, 55.970852659701201 ], [ -4.95301889889917, 55.827439269562845 ], [ -4.890124168851405, 55.799101519528271 ], [ -4.87824716884758, 55.77573583950344 ], [ -4.930082858914505, 55.702309229433332 ], [ -5.038223589005654, 55.719394179460352 ], [ -5.101762069047697, 55.771606539519269 ], [ -5.165387149103966, 55.774635729528015 ], [ -5.1736052291035, 55.802909769557672 ], [ -5.140979099062567, 55.844582759597337 ], [ -5.2051740391267, 55.821927809579918 ], [ -5.296321489203803, 55.841703979608305 ], [ -5.328688479237919, 55.824469399593511 ] ] ], [ [ [ -5.253072359278605, 55.434983099188528 ], [ -5.322816429333183, 55.462871449222789 ], [ -5.363204269357496, 55.505545479269799 ], [ -5.35680361933459, 55.566619279331761 ], [ -5.405721809365103, 55.616176039386652 ], [ -5.37518691932047, 55.677429929446859 ], [ -5.270443599212398, 55.72523688948673 ], [ -5.152751349119283, 55.679511409429722 ], [ -5.121100769110071, 55.612147269358189 ], [ -5.144799079139026, 55.584787009332331 ], [ -5.102088439104054, 55.573895859317552 ], [ -5.052251499076173, 55.517034479255365 ], [ -5.084235909110431, 55.496677239237336 ], [ -5.074365169113651, 55.455440879194505 ], [ -5.112706609157549, 55.421343309162999 ], [ -5.151661999187726, 55.436537619181721 ], [ -5.253072359278605, 55.434983099188528 ] ] ], [ [ [ -6.229063040035802, 55.992881389845799 ], [ -6.284720990089063, 55.993574229851262 ], [ -6.28679535008045, 56.037698829897352 ], [ -6.251883450035124, 56.086626779945256 ], [ -6.146705999922168, 56.136322809987725 ], [ -6.12741436990804, 56.118284579967295 ], [ -6.229063040035802, 55.992881389845799 ] ] ], [ [ [ -6.669834670332871, 56.57725429049372 ], [ -6.702107470374861, 56.531173140448473 ], [ -6.808346970490798, 56.48427326040882 ], [ -6.869505540552093, 56.483579890413445 ], [ -6.889909370581545, 56.441052460370656 ], [ -6.988088090678166, 56.449979060388493 ], [ -7.006441750685424, 56.503752120446514 ], [ -6.957081230630036, 56.53105761047086 ], [ -6.874988990549261, 56.523014170455234 ], [ -6.77613166044441, 56.551034800475826 ], [ -6.537852400180013, 56.678877570587694 ], [ -6.428342590064196, 56.713607910613611 ], [ -6.518684240177774, 56.601438410505224 ], [ -6.628829100296192, 56.558378820470324 ], [ -6.669834670332871, 56.57725429049372 ] ] ], [ [ [ -6.634705800046658, 57.858170501817796 ], [ -6.705095060120961, 57.845866121812655 ], [ -6.778730500204007, 57.803727941777133 ], [ -6.89129964032626, 57.768122011752226 ], [ -7.01206532046519, 57.687678421681547 ], [ -7.048971880503013, 57.690348291688046 ], [ -7.035616690495233, 57.655281881650438 ], [ -7.126373420606487, 57.557394761558079 ], [ -7.180422610690828, 57.397462221397156 ], [ -7.20714649072185, 57.378994801380493 ], [ -7.211224820735073, 57.328697951328479 ], [ -7.185970670714671, 57.296729091292761 ], [ -7.252902530795966, 57.230709381230149 ], [ -7.247602120804822, 57.152117121147512 ], [ -7.204261350766483, 57.117285471107088 ], [ -7.221557810790443, 57.084377941074273 ], [ -7.270269710843175, 57.071279121065018 ], [ -7.348882150943609, 56.968186700964061 ], [ -7.399357650994469, 56.975756720976506 ], [ -7.43938791104193, 56.943528230946164 ], [ -7.434643571043006, 56.911190100911789 ], [ -7.490987651100881, 56.914380810920051 ], [ -7.492145031108441, 56.879947110883954 ], [ -7.540276151160054, 56.871245060878955 ], [ -7.543628381168182, 56.84608534085276 ], [ -7.603375441233296, 56.830020940840932 ], [ -7.602672461241892, 56.779457010787581 ], [ -7.662632931304386, 56.779136170792299 ], [ -7.66969184130416, 56.820616700836652 ], [ -7.590710091212202, 56.873112900885261 ], [ -7.570378681182803, 56.918121040930899 ], [ -7.587605651197324, 56.937044190952292 ], [ -7.519219341115798, 56.993416251005641 ], [ -7.53426963112752, 57.015311271029951 ], [ -7.463609891051521, 57.028494321037556 ], [ -7.454257311033963, 57.071594641081944 ], [ -7.39788031097607, 57.067575681072711 ], [ -7.377916280952418, 57.083582281087686 ], [ -7.421968050989959, 57.129145821139403 ], [ -7.441615030992324, 57.230657181247523 ], [ -7.467222051017108, 57.241851641261555 ], [ -7.435222980981759, 57.25266049126995 ], [ -7.445061720985702, 57.288734811308593 ], [ -7.408038230944475, 57.303127461320202 ], [ -7.439579100963086, 57.385769161409463 ], [ -7.408787040928537, 57.399062621420448 ], [ -7.419504100928135, 57.466748701492065 ], [ -7.381100910879655, 57.514838301538482 ], [ -7.513108301006935, 57.583953311622963 ], [ -7.601689441097365, 57.603785891651974 ], [ -7.510271500995803, 57.633336481674057 ], [ -7.494694500974411, 57.663492171703943 ], [ -7.330129080796398, 57.691669511717237 ], [ -7.292029010748045, 57.741975641765627 ], [ -7.231800580689709, 57.713203661729899 ], [ -7.201901710654044, 57.739323251753945 ], [ -7.152539470602093, 57.741520431751276 ], [ -7.153958140613006, 57.685940621693966 ], [ -7.106491660564084, 57.682877271686046 ], [ -7.06563391051611, 57.714867641715031 ], [ -7.105242780552183, 57.744986041750117 ], [ -7.08556770052297, 57.796487761801288 ], [ -7.179339080615239, 57.830501831845858 ], [ -7.107091720537174, 57.845708611854207 ], [ -7.065155240496468, 57.827599071831287 ], [ -7.027999470455456, 57.841396001841709 ], [ -7.027676110448365, 57.88162321188306 ], [ -7.079338290503776, 57.872306921878781 ], [ -7.095108540516684, 57.893737921902456 ], [ -6.997158170406344, 57.943064751943034 ], [ -7.083580550493227, 57.963115451972605 ], [ -7.17744528058145, 58.026072642046927 ], [ -7.123160090500249, 58.178872752197762 ], [ -7.0760790604486, 58.192743182206982 ], [ -7.038320280400669, 58.245846022257105 ], [ -6.977831390340232, 58.226978862231377 ], [ -6.926762810277238, 58.287938112287897 ], [ -6.838074310184085, 58.291804152282182 ], [ -6.672579470002325, 58.354033072326885 ], [ -6.555906269879095, 58.370976982330838 ], [ -6.527896509845607, 58.399789372356743 ], [ -6.300715279598064, 58.490329992421429 ], [ -6.292979259586552, 58.512665622442938 ], [ -6.262309859554017, 58.520367702447004 ], [ -6.177849239476461, 58.469352242385895 ], [ -6.163522139470283, 58.419182772333905 ], [ -6.206798889522641, 58.368522162288087 ], [ -6.158051939477738, 58.342180702255902 ], [ -6.273490839603888, 58.288187832214938 ], [ -6.279383679613503, 58.266840582194085 ], [ -6.319665109655085, 58.2630608021949 ], [ -6.33792756967894, 58.23203233216563 ], [ -6.28909244963257, 58.213004852140799 ], [ -6.15744179948979, 58.268260622181394 ], [ -6.13098464946458, 58.259727992169708 ], [ -6.150256869490978, 58.21967171213155 ], [ -6.225947059574483, 58.179108062099303 ], [ -6.32242147967119, 58.185224022116522 ], [ -6.362675109714938, 58.168759352104388 ], [ -6.361204469739939, 58.01697334195012 ], [ -6.440396769827639, 57.975839371917004 ], [ -6.467897899862867, 57.934919591878298 ], [ -6.660197940065737, 57.89826285186161 ], [ -6.634705800046658, 57.858170501817796 ] ] ], [ [ [ -7.611830461123674, 57.508832051553924 ], [ -7.69510247121137, 57.512159411565094 ], [ -7.739001461252704, 57.544876011603314 ], [ -7.574781851079718, 57.537757361580653 ], [ -7.611830461123674, 57.508832051553924 ] ] ], [ [ [ -7.265868230709872, 57.806852721830126 ], [ -7.194311450639904, 57.776380711791475 ], [ -7.220392070670558, 57.756269131773308 ], [ -7.270819280721453, 57.768117511790578 ], [ -7.265868230709872, 57.806852721830126 ] ] ], [ [ [ -8.57237965211862, 57.790144141933759 ], [ -8.64821039219604, 57.836273291988483 ], [ -8.563166842103076, 57.829856221974531 ], [ -8.541253412083078, 57.799514011940879 ], [ -8.50167219204074, 57.790933171928529 ], [ -8.57237965211862, 57.790144141933759 ] ] ], [ [ [ -8.5180932920487, 57.864784212007137 ], [ -8.504127772030898, 57.882743582024695 ], [ -8.488496932013632, 57.883215962023812 ], [ -8.477876012004941, 57.861293252000017 ], [ -8.5180932920487, 57.864784212007137 ] ] ], [ [ [ -6.412564099812539, 57.902016481838622 ], [ -6.337693489734873, 57.912357941840973 ], [ -6.317765919717067, 57.899527551825678 ], [ -6.353298379757084, 57.876870671806472 ], [ -6.412564099812539, 57.902016481838622 ] ] ], [ [ [ -2.902982256393738, 58.671081182137939 ], [ -2.922503766409902, 58.671838262141613 ], [ -2.938582816418744, 58.693081232164218 ], [ -2.913908036397664, 58.694953592162243 ], [ -2.902982256393738, 58.671081182137939 ] ] ], [ [ [ -3.066046826516329, 58.738956422227162 ], [ -3.053975446505829, 58.740250312226571 ], [ -3.073847536523594, 58.735891782225437 ], [ -3.066046826516329, 58.738956422227162 ] ] ], [ [ [ -2.905522776291797, 59.174408802612348 ], [ -2.93872135633569, 59.09366792254216 ], [ -2.859884506275398, 59.062769942500765 ], [ -2.812052256229526, 59.091451062519972 ], [ -2.791214716213796, 59.082934312508698 ], [ -2.798658576231157, 59.027839552458353 ], [ -2.829937676259968, 59.014838752451084 ], [ -2.888654526308609, 59.017988132463309 ], [ -2.902364486324606, 58.995995862444829 ], [ -2.880295856307207, 58.990298102435986 ], [ -2.908501926335408, 58.968353702419812 ], [ -2.796823726236147, 58.9959075424281 ], [ -2.784103576232024, 58.964403902396555 ], [ -2.8290993462711, 58.9571256823968 ], [ -2.818274376263952, 58.947922672386447 ], [ -2.704313526163164, 58.976677592395468 ], [ -2.702672536172385, 58.926032542347684 ], [ -2.657820646140701, 58.900635512316782 ], [ -2.687969486168144, 58.888558092310205 ], [ -2.741757146206483, 58.91793216234624 ], [ -2.787548936247154, 58.905550522341784 ], [ -2.871705076336356, 58.815775292270246 ], [ -2.916283056377953, 58.795781392258206 ], [ -2.910721736386625, 58.733567182198371 ], [ -2.960360666429971, 58.725697602198494 ], [ -3.028998986469492, 58.812100842290917 ], [ -3.173280096600288, 58.773584072276329 ], [ -3.292318636702634, 58.772810802293542 ], [ -3.378947366764794, 58.835324612366122 ], [ -3.389137586767785, 58.864378462395294 ], [ -3.443468956812295, 58.878559462417009 ], [ -3.419517696783617, 58.9176841824506 ], [ -3.340096066707359, 58.953725772472708 ], [ -3.374913506728938, 58.998055862520019 ], [ -3.348156466678211, 59.140949312650726 ], [ -3.222954646566189, 59.158463682647671 ], [ -3.140434166496382, 59.151541662628212 ], [ -3.078094396432817, 59.204434842667844 ], [ -3.029182386395065, 59.183247972640309 ], [ -2.970153196342959, 59.192960012639986 ], [ -2.905522776291797, 59.174408802612348 ] ] ], [ [ [ -2.56188699603368, 59.034711482426985 ], [ -2.575352296046282, 59.027243342422203 ], [ -2.576583826044989, 59.038373822432789 ], [ -2.56188699603368, 59.034711482426985 ] ] ], [ [ [ -2.810781616197205, 59.250852802668305 ], [ -2.75092901614626, 59.254868992662303 ], [ -2.67426903608665, 59.232684092629285 ], [ -2.607082386022924, 59.273824372656428 ], [ -2.621566496027729, 59.311054982693186 ], [ -2.584949645999683, 59.299321602676358 ], [ -2.524060365948152, 59.306190462672667 ], [ -2.539805465967772, 59.27195101264364 ], [ -2.421421295861862, 59.317504082666105 ], [ -2.364774335823198, 59.279641062621884 ], [ -2.470409365910116, 59.275513402635532 ], [ -2.510488415949748, 59.241051372610286 ], [ -2.504752785949109, 59.220529152590366 ], [ -2.553690685986527, 59.234633822611428 ], [ -2.58802632601824, 59.217337102601043 ], [ -2.623951236044396, 59.235332812623561 ], [ -2.663346126083132, 59.204356952601223 ], [ -2.630657006063072, 59.168888222563019 ], [ -2.573445936018015, 59.158091652543725 ], [ -2.59349244604169, 59.122541352513913 ], [ -2.531687705990381, 59.125023642506221 ], [ -2.539431286007555, 59.072059022458205 ], [ -2.609074096065362, 59.069289542466834 ], [ -2.638249766082585, 59.102986502502922 ], [ -2.644973916094032, 59.073994902477004 ], [ -2.692654716133554, 59.073796462484431 ], [ -2.697624306122226, 59.150682172556905 ], [ -2.83611009624458, 59.117149292547815 ], [ -2.811067446216438, 59.153224152577501 ], [ -2.870611286254985, 59.212321742642111 ], [ -2.914526236289516, 59.225679562661604 ], [ -2.887362886261836, 59.25030479268014 ], [ -2.948888866307806, 59.282794772720258 ], [ -2.983736446345166, 59.241864472687745 ], [ -3.078093796408377, 59.335303802789824 ], [ -3.004679356345626, 59.334773082777531 ], [ -2.982931446322909, 59.357356682795 ], [ -2.910855236260549, 59.363063642788568 ], [ -2.875310626225582, 59.389354372807098 ], [ -2.85665076621722, 59.349302842767003 ], [ -2.892786716256743, 59.301380452728459 ], [ -2.810781616197205, 59.250852802668305 ] ] ], [ [ [ -2.449290775877796, 59.352805672703212 ], [ -2.439834795863239, 59.388364682734242 ], [ -2.372098945806764, 59.394587672728655 ], [ -2.365027355803578, 59.381215982715247 ], [ -2.40286556583577, 59.374079682714999 ], [ -2.393900555832355, 59.353894372694967 ], [ -2.449290775877796, 59.352805672703212 ] ] ], [ [ [ -1.600876235166883, 59.55533116274178 ], [ -1.603782435175659, 59.521831772712211 ], [ -1.656934005219058, 59.508120082709191 ], [ -1.647897055203167, 59.553957722748834 ], [ -1.600876235166883, 59.55533116274178 ] ] ], [ [ [ -2.066851195426583, 60.164447473366252 ], [ -2.031887065402337, 60.139528183338001 ], [ -2.06233290543212, 60.105256673313434 ], [ -2.127597655480453, 60.132728033349409 ], [ -2.066851195426583, 60.164447473366252 ] ] ], [ [ [ -0.79228869436133, 60.810118293670818 ], [ -0.780288844361508, 60.741820483611974 ], [ -0.858311704422884, 60.704785373596955 ], [ -0.826887644401257, 60.696121683583421 ], [ -0.827612264406725, 60.65965168355325 ], [ -0.866192534436017, 60.650005293552894 ], [ -0.811632024401994, 60.610429673508989 ], [ -0.765898524367911, 60.618558173506656 ], [ -0.765275254371486, 60.590060463482722 ], [ -0.801969884401536, 60.564501913468646 ], [ -0.868541834446583, 60.586304483500122 ], [ -0.854288754439025, 60.566731263480889 ], [ -0.89051499446654, 60.558184663480901 ], [ -0.939249304496775, 60.595655173521969 ], [ -0.97663260452392, 60.597333773530771 ], [ -1.029576394570643, 60.542021113494734 ], [ -1.020273604571997, 60.485121603444881 ], [ -1.065280044605147, 60.485353613453874 ], [ -1.12919942465609, 60.460865233445595 ], [ -1.090342774629818, 60.443553963423327 ], [ -1.034540124586861, 60.45543831342254 ], [ -1.105357884647875, 60.397098803386797 ], [ -0.988206084565004, 60.374742943345034 ], [ -0.904456464500978, 60.394031373345108 ], [ -0.849777594469695, 60.340592663289065 ], [ -0.911809144517599, 60.321522993284887 ], [ -0.924111094521975, 60.350596163312048 ], [ -0.988435174572898, 60.324948323302642 ], [ -1.070181324633773, 60.319571483313858 ], [ -1.055261874628961, 60.280335993277397 ], [ -1.082204074654144, 60.246896403253928 ], [ -1.145601694703276, 60.232872033253997 ], [ -1.179521254733939, 60.198988533231251 ], [ -1.09878973467249, 60.209082773224573 ], [ -1.000710474609748, 60.152976803157571 ], [ -1.000624694613004, 60.133244323140545 ], [ -1.058566494657733, 60.119514743139703 ], [ -1.072518154671423, 60.09916905312474 ], [ -1.161393864734084, 60.116531563156578 ], [ -1.208291394771975, 60.098342493149673 ], [ -1.163341584749132, 60.036558083087549 ], [ -1.220059824793792, 60.021742083085272 ], [ -1.150647934746917, 59.995298203049259 ], [ -1.205215174792109, 59.96813415303572 ], [ -1.257878534828512, 59.984113063059475 ], [ -1.261975994854376, 59.856201982948107 ], [ -1.318526694898456, 59.846079162949586 ], [ -1.400239404948086, 59.912017583022603 ], [ -1.359518864903193, 59.993077903086174 ], [ -1.386542064914451, 60.046631993138014 ], [ -1.360334804888108, 60.085556363167029 ], [ -1.383621744895795, 60.145691313223665 ], [ -1.47436607496505, 60.144248133239394 ], [ -1.697157305123262, 60.231649043356875 ], [ -1.712058165125278, 60.295030113414619 ], [ -1.76171421515789, 60.337680943460782 ], [ -1.730949995131914, 60.350130743465783 ], [ -1.667228135082556, 60.346955243451077 ], [ -1.643040385068441, 60.315140623419069 ], [ -1.598729095034444, 60.312525683408502 ], [ -1.519902664971964, 60.323418383403023 ], [ -1.479244504935222, 60.36031804342705 ], [ -1.454710864909516, 60.407210053462585 ], [ -1.475218904921058, 60.43601220349111 ], [ -1.569683584989041, 60.46998189353819 ], [ -1.642943835045797, 60.471130173553128 ], [ -1.623539665025428, 60.508968433581742 ], [ -1.579013914989509, 60.518552713581414 ], [ -1.609336195008627, 60.551051873614867 ], [ -1.487535814912067, 60.568040653605877 ], [ -1.439290904867475, 60.62414409364402 ], [ -1.36345729481085, 60.614170163620855 ], [ -1.316634204768354, 60.666224443655523 ], [ -1.292934534752171, 60.652723293639532 ], [ -1.2956228547611, 60.60125259359674 ], [ -1.222503394707322, 60.591338723574083 ], [ -1.145130324638306, 60.67343081362786 ], [ -1.126694354616044, 60.738595063678602 ], [ -0.979213614506316, 60.742304903652318 ], [ -0.965341054489636, 60.792887863691469 ], [ -0.906705914439452, 60.850524713727239 ], [ -0.766825674339597, 60.836682413687512 ], [ -0.753044314332273, 60.816056743667751 ], [ -0.79228869436133, 60.810118293670818 ] ] ], [ [ [ -0.817038914438011, 60.392467163326693 ], [ -0.819215634439574, 60.392486473327139 ], [ -0.817204044438059, 60.3929176133271 ], [ -0.817038914438011, 60.392467163326693 ] ] ], [ [ [ -0.803273684428305, 60.391196533322919 ], [ -0.8531225944612, 60.410937583349401 ], [ -0.869144994467629, 60.444988463381328 ], [ -0.838168914448497, 60.423415963357023 ], [ -0.764325584393477, 60.435992423353134 ], [ -0.720000734363252, 60.426438273336345 ], [ -0.803273684428305, 60.391196533322919 ] ] ], [ [ [ -0.887309644424987, 60.852895073725286 ], [ -0.890394094427082, 60.85417755372697 ], [ -0.887228484424641, 60.855228883727186 ], [ -0.887309644424987, 60.852895073725286 ] ] ], [ [ [ -0.873388404413973, 60.859881553728229 ], [ -0.876493884416089, 60.861092693729837 ], [ -0.869956074411315, 60.86115471372856 ], [ -0.873388404413973, 60.859881553728229 ] ] ] ] } },
{ "type": "Feature", "properties": { "GSPGroup": "_N", "regionid": 2, "shortname": "South Scotland" }, "geometry": { "type": "MultiPolygon", "coordinates": [ [ [ [ -4.60395778891887, 54.770950628466579 ], [ -4.841945409092083, 54.859809048573268 ], [ -4.948263279198554, 54.811258858532298 ], [ -4.895951909187663, 54.704068498420824 ], [ -4.859165599163151, 54.682686688396757 ], [ -4.869536189184378, 54.644043578358776 ], [ -4.844112379165461, 54.635718528348654 ], [ -4.920118799229389, 54.638006078356277 ], [ -4.971855389265531, 54.66333168838532 ], [ -4.982093349266908, 54.686654168409454 ], [ -4.962049759244856, 54.702013578423468 ], [ -5.009946349264129, 54.771468978496728 ], [ -5.146768389358169, 54.850567098586446 ], [ -5.194750299375633, 54.930779248671129 ], [ -5.169200849329421, 55.009516858748988 ], [ -5.100050979264824, 55.022856068757264 ], [ -5.050234709238264, 54.967481088697447 ], [ -5.054369609253979, 54.92799313865784 ], [ -5.001132039211293, 54.916680618642452 ], [ -5.06764890923537, 55.026660808758628 ], [ -5.003620789144963, 55.140488078868913 ], [ -4.872739959005138, 55.225925518944941 ], [ -4.843022108961666, 55.284158859001451 ], [ -4.851525018956688, 55.325075249043572 ], [ -4.779825698882863, 55.363341349076343 ], [ -4.772993308864712, 55.40384381911678 ], [ -4.736686558825626, 55.42903824913919 ], [ -4.654368628749438, 55.445620739148914 ], [ -4.627555498710818, 55.496732589198274 ], [ -4.69440421875399, 55.545461809253368 ], [ -4.66399284872437, 55.556333059261725 ], [ -4.688745678734211, 55.595276019303292 ], [ -4.846200368858545, 55.640163909362748 ], [ -4.873000308870139, 55.681382859406995 ], [ -4.930082858914505, 55.702309229433332 ], [ -4.87824716884758, 55.77573583950344 ], [ -4.890124168851405, 55.799101519528271 ], [ -4.95301889889917, 55.827439269562845 ], [ -4.869175648784199, 55.970852659701201 ], [ -4.890289598778651, 56.058176649792138 ], [ -4.822044148695802, 56.137611379866485 ], [ -4.702069508606242, 56.077231669793505 ], [ -4.673440118596193, 56.023566669736233 ], [ -4.639615018562956, 56.035890359745515 ], [ -4.601538468534034, 56.020224769725971 ], [ -4.512672878454332, 56.027483689724754 ], [ -4.400259388366353, 55.994676699680696 ], [ -4.375169698336373, 56.023097729706969 ], [ -4.281147328253241, 56.030641319705403 ], [ -4.196530268187293, 56.008919669675187 ], [ -4.163640648152897, 56.030333439693528 ], [ -4.13409673813479, 56.006853249666989 ], [ -4.09869349810008, 56.022468739679212 ], [ -4.132519678122001, 56.04516450970538 ], [ -4.103799188081692, 56.098590009756222 ], [ -4.037641998016049, 56.130613869781769 ], [ -3.986162047975268, 56.121477339767388 ], [ -3.981947407965347, 56.142753369788302 ], [ -3.949067747936934, 56.145073899787278 ], [ -3.947934937927453, 56.173578289815751 ], [ -3.881248277864446, 56.196717239832097 ], [ -3.83233356782505, 56.191413299821726 ], [ -3.780878797774295, 56.217227059842195 ], [ -3.736820127746144, 56.189054069809472 ], [ -3.667681127688787, 56.189269439802509 ], [ -3.619296457643885, 56.205502829813653 ], [ -3.574751117610635, 56.194441919797988 ], [ -3.592130597631094, 56.174361119779768 ], [ -3.647863967681489, 56.159675699770936 ], [ -3.635926317680086, 56.132275089742365 ], [ -3.580943787632738, 56.139308029743709 ], [ -3.566228257614477, 56.159326739762101 ], [ -3.52543335758557, 56.14488515974346 ], [ -3.369301117458548, 56.14558201972789 ], [ -3.371678677454538, 56.164424819746827 ], [ -3.305977577400671, 56.167293089742749 ], [ -3.308744757397247, 56.185198289760777 ], [ -3.260002177354712, 56.195884839766194 ], [ -3.28261538736069, 56.234566889806928 ], [ -3.367496487427588, 56.239731679821098 ], [ -3.350309337408708, 56.255680519835089 ], [ -3.381668177430398, 56.267644099850322 ], [ -3.335649367386357, 56.289399089866961 ], [ -3.292190007351397, 56.288916879861802 ], [ -3.300743087350398, 56.31431788988791 ], [ -3.256066507306342, 56.340125609908625 ], [ -3.276631587317913, 56.356299019926887 ], [ -2.923343007004962, 56.45605503998619 ], [ -2.807535626916112, 56.449864579967013 ], [ -2.821089286951286, 56.372842169892884 ], [ -2.794993986938424, 56.349691109867251 ], [ -2.655885366839829, 56.322517159825104 ], [ -2.582556106800574, 56.271487149767061 ], [ -2.678738126890785, 56.220849219728102 ], [ -2.806876477002624, 56.180781429702783 ], [ -2.871126837051537, 56.183549469712418 ], [ -2.910084807074679, 56.205649129738354 ], [ -2.966025087119609, 56.202036299740826 ], [ -3.139158667284691, 56.113442319671904 ], [ -3.168213227324672, 56.060965939623102 ], [ -3.275501407412776, 56.052579349625958 ], [ -3.272493877428843, 55.995249239568878 ], [ -3.175769687352188, 55.994669579558398 ], [ -3.088522677296794, 55.953869329509189 ], [ -3.016518097239262, 55.957411689505292 ], [ -2.909496847147043, 55.984490779520875 ], [ -2.893866017125097, 56.014029619548289 ], [ -2.865824377102156, 56.01778620954903 ], [ -2.871177867099092, 56.039417249570839 ], [ -2.817392297046907, 56.071429879596593 ], [ -2.715799146966086, 56.079829259594057 ], [ -2.666305586933559, 56.064245619573541 ], [ -2.635609946903707, 56.083560659589146 ], [ -2.552781976866682, 56.008196099506769 ], [ -2.44025905678802, 55.99203835947916 ], [ -2.325757056722547, 55.936753459413403 ], [ -2.131328986586553, 55.920568229377324 ], [ -2.115914356586976, 55.88833092934459 ], [ -2.067635656557004, 55.875212149326885 ], [ -1.948946086523615, 55.735589769180265 ], [ -1.874552346485149, 55.698554139137201 ], [ -1.775169096418882, 55.690967879119896 ], [ -1.772163076428726, 55.65933277908934 ], [ -1.806156046450999, 55.662651589095937 ], [ -1.87501063651043, 55.631905409073404 ], [ -1.981006306590268, 55.616969309069638 ], [ -2.035740316623689, 55.630969149088486 ], [ -2.069392536661717, 55.592791249055104 ], [ -2.139957086716302, 55.580950519050639 ], [ -2.196564766747331, 55.606647849080957 ], [ -2.243482896799727, 55.555919919036612 ], [ -2.205739586799754, 55.482745898962463 ], [ -2.16527491677566, 55.469940298946277 ], [ -2.193840776805708, 55.444029358924062 ], [ -2.332388696917799, 55.409909738904247 ], [ -2.337344576937385, 55.366891348863255 ], [ -2.381616816975311, 55.350847578851848 ], [ -2.478819997044084, 55.355716698865528 ], [ -2.519921997086105, 55.323200358837845 ], [ -2.559024537116702, 55.317869748836245 ], [ -2.642415917199105, 55.260614958788352 ], [ -2.611451417181203, 55.247367138772766 ], [ -2.631477157204671, 55.223695008751612 ], [ -2.665516827230653, 55.22122257875224 ], [ -2.70428220727696, 55.17328888870923 ], [ -2.825301157379026, 55.139946418687437 ], [ -2.940418907494435, 55.059997138619629 ], [ -3.049594577578182, 55.055959448624918 ], [ -3.029416857573801, 55.026116818594183 ], [ -3.085331487635634, 54.972508218546672 ], [ -3.267815247778619, 54.961744568551154 ], [ -3.43086385789758, 54.981504668583817 ], [ -3.509622867966411, 54.960640358569741 ], [ -3.568707588005277, 54.981904518595428 ], [ -3.579881348030144, 54.936097618551308 ], [ -3.557028858023042, 54.905384488519324 ], [ -3.619777608092174, 54.849060768468988 ], [ -3.64870038810597, 54.874482098496244 ], [ -3.705355978149157, 54.878928528505085 ], [ -3.833182038273753, 54.812848488449987 ], [ -3.980057728408172, 54.764319418413336 ], [ -4.086970908495931, 54.760082878417236 ], [ -4.158589698549037, 54.775011798437404 ], [ -4.404722558713931, 54.88827564856873 ], [ -4.426113268737344, 54.871202558553342 ], [ -4.404659608732768, 54.830905358511529 ], [ -4.334019938684804, 54.799155068474555 ], [ -4.352292708705573, 54.782124758459013 ], [ -4.342967128723362, 54.705955668382607 ], [ -4.393998808776455, 54.67307591835371 ], [ -4.521188708869857, 54.709305858398992 ], [ -4.57745948890835, 54.735158368428891 ], [ -4.60395778891887, 54.770950628466579 ] ] ], [ [ [ -3.126133177302913, 56.025480989583684 ], [ -3.128228947304457, 56.025821229584253 ], [ -3.126963997303251, 56.026461779584764 ], [ -3.126133177302913, 56.025480989583684 ] ] ], [ [ [ -3.134004127305464, 56.03673035959563 ], [ -3.128773087304185, 56.027972729586423 ], [ -3.137952027309296, 56.03453749959386 ], [ -3.134004127305464, 56.03673035959563 ] ] ], [ [ [ -2.557829066811332, 56.182835239677765 ], [ -2.561802976811138, 56.19240367968753 ], [ -2.544316346801781, 56.180811169674293 ], [ -2.557829066811332, 56.182835239677765 ] ] ] ] } },
{ "type": "Feature", "properties": { "GSPGroup": "_G", "regionid": 3, "shortname": "North West England" }, "geometry": { "type": "Polygon", "coordinates": [ [ [ -2.265841497730391, 53.317902926935425 ], [ -2.309006787727989, 53.386650026999682 ], [ -2.32147720774733, 53.361515166977455 ], [ -2.368278977776733, 53.364647416982471 ], [ -2.450865597810144, 53.413155967030512 ], [ -2.488701827844206, 53.393027197013957 ], [ -2.502416117843321, 53.416069037035662 ], [ -2.542633447869155, 53.418745227040006 ], [ -2.539139747852339, 53.452060417070349 ], [ -2.626584857918787, 53.435120077059068 ], [ -2.697745947956398, 53.460433037085785 ], [ -2.72935772796353, 53.494490657118739 ], [ -2.720427217950525, 53.510617717133151 ], [ -2.768515477982423, 53.513499167138249 ], [ -2.782110687984349, 53.531136787155241 ], [ -2.820706198026821, 53.493898357122767 ], [ -2.888675818061603, 53.523570787153638 ], [ -2.873997168042961, 53.543579477171448 ], [ -2.897155928045906, 53.575235767202017 ], [ -2.931788868069602, 53.576678727205142 ], [ -2.94161394808418, 53.558261107188521 ], [ -2.978974318101212, 53.580582507211247 ], [ -3.031240008135984, 53.585929947218943 ], [ -2.939628448041495, 53.657694137281027 ], [ -2.961664468038617, 53.702451077324042 ], [ -2.93294813800734, 53.729024657347317 ], [ -3.022581608067956, 53.736582777359367 ], [ -3.061768698085791, 53.761622017385072 ], [ -3.057287488018159, 53.921109677535092 ], [ -2.927904427911712, 53.954577347558896 ], [ -2.888943727886482, 53.948225907550565 ], [ -2.878495607863735, 53.985953697585508 ], [ -2.930836697881797, 54.033991727634074 ], [ -2.88364044783037, 54.077763547672518 ], [ -2.82628098778346, 54.092465477682801 ], [ -2.814246677764178, 54.119019507707122 ], [ -2.867783277786281, 54.15940139774883 ], [ -2.870955577774549, 54.194510537782342 ], [ -2.902522967800491, 54.186437647776778 ], [ -2.925336897832104, 54.148330557742085 ], [ -2.969238377866575, 54.141395957738347 ], [ -3.003234087887293, 54.151292717749932 ], [ -3.041194517897777, 54.194789577793834 ], [ -3.097777407969583, 54.117296707723668 ], [ -3.155960908026354, 54.081258647693076 ], [ -3.144643138026003, 54.061077607673141 ], [ -3.179911718048214, 54.070354787684217 ], [ -3.195371188049059, 54.097209817710763 ], [ -3.229813708076853, 54.091060177707071 ], [ -3.268099538075254, 54.168172527783227 ], [ -3.224361998038549, 54.179176187790915 ], [ -3.208667518004312, 54.237599897845833 ], [ -3.24490244803986, 54.215190777826756 ], [ -3.249019898053424, 54.187987357800957 ], [ -3.329675328112949, 54.18943976780762 ], [ -3.425779258150371, 54.280895517901939 ], [ -3.432004768133693, 54.337652797957126 ], [ -3.646527788233856, 54.512137718141403 ], [ -3.592113138171478, 54.567572858191504 ], [ -3.582033798133371, 54.651171178272342 ], [ -3.51501759805649, 54.720043248334569 ], [ -3.445054727987904, 54.760029598368256 ], [ -3.445687877972856, 54.803078518410331 ], [ -3.379104007890056, 54.890177548490222 ], [ -3.340528207855342, 54.903961768500587 ], [ -3.298720037828666, 54.888816798482452 ], [ -3.270000227803591, 54.897265278488391 ], [ -3.319520457832634, 54.922112358516635 ], [ -3.287200117799559, 54.944947148536315 ], [ -3.218349837741814, 54.958736678544156 ], [ -3.135158107687367, 54.93422513851349 ], [ -3.075126147638386, 54.94390923851801 ], [ -3.105434027657588, 54.954074898530386 ], [ -3.041571887592671, 54.999583848569387 ], [ -3.025149687566729, 55.036667078604111 ], [ -3.049594577578182, 55.055959448624918 ], [ -2.940418907494435, 55.059997138619629 ], [ -2.825301157379026, 55.139946418687437 ], [ -2.791398067353561, 55.140584578685107 ], [ -2.690576167261133, 55.188733528722963 ], [ -2.651356017253017, 55.132786638665394 ], [ -2.598910827217686, 55.124572998652908 ], [ -2.552928957200111, 55.082232788608103 ], [ -2.485599787150983, 55.083247898603275 ], [ -2.502406297170749, 55.063131928585371 ], [ -2.482092137164742, 55.040389518561732 ], [ -2.56738894723442, 55.019263578548667 ], [ -2.561295957240429, 54.99180955852173 ], [ -2.597081837270657, 54.98053296851387 ], [ -2.546289717253813, 54.928329868459436 ], [ -2.604119347316342, 54.874134298412123 ], [ -2.567845717309627, 54.823574828360663 ], [ -2.533907637291892, 54.806438988341512 ], [ -2.497085577263984, 54.810459728342401 ], [ -2.4015497771784, 54.855571958377858 ], [ -2.307466087134801, 54.797527068314849 ], [ -2.352864727210499, 54.686860458213118 ], [ -2.296550017181799, 54.660135618183361 ], [ -2.319269307207614, 54.635215358161453 ], [ -2.292764857202179, 54.6027977381287 ], [ -2.157178537145924, 54.51137697803221 ], [ -2.157035557161815, 54.472440227995527 ], [ -2.201914017200757, 54.452249467979769 ], [ -2.23171147721782, 54.460425257989627 ], [ -2.282059497257034, 54.449196287982708 ], [ -2.30303573728253, 54.422183477958725 ], [ -2.289405597288281, 54.385211797922921 ], [ -2.3526349273442, 54.355109947899031 ], [ -2.318009927330778, 54.329647447872624 ], [ -2.314168147359208, 54.254380587801649 ], [ -2.254746347323551, 54.242501967786481 ], [ -2.289252227362859, 54.204578727753287 ], [ -2.103475147287512, 54.086343027630939 ], [ -2.156191397344073, 54.036171717587706 ], [ -2.142794717347047, 54.008310487561026 ], [ -2.194375327381839, 54.007486257563464 ], [ -2.184391887398765, 53.95230370751171 ], [ -2.240444687443813, 53.934603977498689 ], [ -2.219685337447217, 53.89426512746013 ], [ -2.233675597462189, 53.88115677744883 ], [ -2.096980157367217, 53.891057217449905 ], [ -2.044013447349957, 53.850790427409741 ], [ -2.0456928073606, 53.828956737389802 ], [ -2.124212437425003, 53.799397977367121 ], [ -2.170528627498491, 53.700923557279317 ], [ -2.119063267476954, 53.67312787725109 ], [ -2.050790167427829, 53.683680227257064 ], [ -2.025102627439674, 53.619518497197198 ], [ -1.941569967411872, 53.561902097140589 ], [ -1.778860997338404, 53.497454377074291 ], [ -1.812934777372876, 53.468692387050112 ], [ -1.859022557406176, 53.459104087043713 ], [ -1.864046787424104, 53.426770937014894 ], [ -1.906263867457761, 53.411247297002937 ], [ -1.85833130743839, 53.387751286979601 ], [ -1.879276547457963, 53.373704946967955 ], [ -1.848226447452303, 53.343738576939721 ], [ -1.818002577432002, 53.346913966941202 ], [ -1.809662137442792, 53.312355246909952 ], [ -1.768781077417514, 53.312279906908074 ], [ -1.768858577423843, 53.298761106896031 ], [ -1.824573667458316, 53.29882070689856 ], [ -1.790189747456729, 53.256374036859256 ], [ -1.978134617584956, 53.232423586845947 ], [ -1.997093617617087, 53.188532236807575 ], [ -2.048137317648035, 53.191244216812144 ], [ -2.07015669767096, 53.171652046795579 ], [ -2.11404745770001, 53.169047136795058 ], [ -2.170011537726087, 53.190200956816305 ], [ -2.208656227756673, 53.177452916806516 ], [ -2.224567637756826, 53.199712736827152 ], [ -2.305096887795777, 53.229006216856931 ], [ -2.297352137770224, 53.27476081689786 ], [ -2.270800457750126, 53.281037426902344 ], [ -2.310200397767241, 53.300197276921416 ], [ -2.265841497730391, 53.317902926935425 ] ] ] } },
{ "type": "Feature", "properties": { "GSPGroup": "_F", "regionid": 4, "shortname": "North East England" }, "geometry": { "type": "Polygon", "coordinates": [ [ [ -1.972344177170029, 54.157888787688847 ], [ -2.045781997208424, 54.18187944771595 ], [ -2.10003555722344, 54.231968407766203 ], [ -2.171783967273179, 54.228454367767753 ], [ -2.197797957282844, 54.247377637787203 ], [ -2.314168147359208, 54.254380587801649 ], [ -2.318009927330778, 54.329647447872624 ], [ -2.3526349273442, 54.355109947899031 ], [ -2.289405597288281, 54.385211797922921 ], [ -2.30303573728253, 54.422183477958725 ], [ -2.282059497257034, 54.449196287982708 ], [ -2.23171147721782, 54.460425257989627 ], [ -2.201914017200757, 54.452249467979769 ], [ -2.157035557161815, 54.472440227995527 ], [ -2.157178537145924, 54.51137697803221 ], [ -2.292764857202179, 54.6027977381287 ], [ -2.319269307207614, 54.635215358161453 ], [ -2.296550017181799, 54.660135618183361 ], [ -2.352864727210499, 54.686860458213118 ], [ -2.307466087134801, 54.797527068314849 ], [ -2.4015497771784, 54.855571958377858 ], [ -2.497085577263984, 54.810459728342401 ], [ -2.533907637291892, 54.806438988341512 ], [ -2.567845717309627, 54.823574828360663 ], [ -2.604119347316342, 54.874134298412123 ], [ -2.546289717253813, 54.928329868459436 ], [ -2.597081837270657, 54.98053296851387 ], [ -2.561295957240429, 54.99180955852173 ], [ -2.56738894723442, 55.019263578548667 ], [ -2.482092137164742, 55.040389518561732 ], [ -2.502406297170749, 55.063131928585371 ], [ -2.485599787150983, 55.083247898603275 ], [ -2.552928957200111, 55.082232788608103 ], [ -2.598910827217686, 55.124572998652908 ], [ -2.651356017253017, 55.132786638665394 ], [ -2.690576167261133, 55.188733528722963 ], [ -2.611451417181203, 55.247367138772766 ], [ -2.642415917199105, 55.260614958788352 ], [ -2.559024537116702, 55.317869748836245 ], [ -2.519921997086105, 55.323200358837845 ], [ -2.478819997044084, 55.355716698865528 ], [ -2.381616816975311, 55.350847578851848 ], [ -2.337344576937385, 55.366891348863255 ], [ -2.332388696917799, 55.409909738904247 ], [ -2.193840776805708, 55.444029358924062 ], [ -2.16527491677566, 55.469940298946277 ], [ -2.205739586799754, 55.482745898962463 ], [ -2.243482896799727, 55.555919919036612 ], [ -2.196564766747331, 55.606647849080957 ], [ -2.139957086716302, 55.580950519050639 ], [ -2.069392536661717, 55.592791249055104 ], [ -2.035740316623689, 55.630969149088486 ], [ -1.981006306590268, 55.616969309069638 ], [ -1.87501063651043, 55.631905409073404 ], [ -1.790081516439556, 55.663470379095102 ], [ -1.761851226438065, 55.615876269046801 ], [ -1.672126756375095, 55.619627869041459 ], [ -1.631651006337921, 55.64469495906129 ], [ -1.59914754631577, 55.644850079058152 ], [ -1.658279126375625, 55.593564769015273 ], [ -1.611976856359363, 55.554127178973154 ], [ -1.628321086376128, 55.539386458960735 ], [ -1.568314216376891, 55.4335740188545 ], [ -1.600178456417817, 55.383824088810357 ], [ -1.591589866421495, 55.359878398786861 ], [ -1.530455086389981, 55.336414558758918 ], [ -1.561674566433774, 55.278582688707168 ], [ -1.494263886421845, 55.197121868624109 ], [ -1.515282496451231, 55.158696688589806 ], [ -1.401168546441562, 55.000544338431297 ], [ -1.349588896422454, 54.966631798395213 ], [ -1.352087376455682, 54.891112918324922 ], [ -1.295759156469737, 54.773331858210739 ], [ -1.170175866422441, 54.700326648133149 ], [ -1.189770616443241, 54.680421408116317 ], [ -1.156988506440545, 54.639865358076356 ], [ -1.135012246421698, 54.651963328085799 ], [ -1.104725136412996, 54.62921671806253 ], [ -0.989328226357625, 54.595236878022497 ], [ -0.771347036242482, 54.561920307975612 ], [ -0.738532326236474, 54.532632437946532 ], [ -0.708910546216718, 54.538057607949249 ], [ -0.659585316203376, 54.504454967915137 ], [ -0.565081866158646, 54.483610017889383 ], [ -0.51550535614663, 54.448615127854254 ], [ -0.517566456160722, 54.420742577829358 ], [ -0.450582056140057, 54.384281417791875 ], [ -0.400534866152667, 54.298311567711572 ], [ -0.376255246143011, 54.290409937702897 ], [ -0.383240036155796, 54.271558497686563 ], [ -0.258683326113588, 54.217741047630504 ], [ -0.284701136134464, 54.203552597619634 ], [ -0.318616656146632, 54.216558707633382 ], [ -0.411803426197247, 54.217419537640247 ], [ -0.557697556289195, 54.194581837629464 ], [ -0.555157806302887, 54.162598627600751 ], [ -0.594840156341354, 54.128343637572748 ], [ -0.583051086350312, 54.095512237542771 ], [ -0.603424546362011, 54.094922997543499 ], [ -0.613445426378841, 54.071314607523099 ], [ -0.659544676408491, 54.063504917519005 ], [ -0.659490616420951, 54.037168957495567 ], [ -0.776678046479568, 54.053994917517791 ], [ -0.823522516522043, 54.02082787749103 ], [ -0.876992016543609, 54.040644647512046 ], [ -0.891770956570413, 54.00168425747804 ], [ -0.873528596566311, 53.987943087464664 ], [ -0.926848046598867, 53.984385917464699 ], [ -0.93299051660881, 53.970778907452889 ], [ -0.921722466624736, 53.922951737409463 ], [ -0.945549196651258, 53.895929237386703 ], [ -0.924866586645979, 53.881742087372864 ], [ -0.992725126687614, 53.876919267372479 ], [ -1.038772456732343, 53.838916577341145 ], [ -1.062920326739845, 53.853061587355178 ], [ -1.11931667677286, 53.853450737358742 ], [ -1.105070226754092, 53.875641797377803 ], [ -1.195993926786678, 53.921862987424653 ], [ -1.221564836774584, 53.981474257479903 ], [ -1.241678386788227, 53.978157507478144 ], [ -1.251785966787202, 53.993730337492835 ], [ -1.353965986861602, 53.966765777474613 ], [ -1.407970916886343, 53.985198807494633 ], [ -1.548296886987678, 53.95328896747413 ], [ -1.653175207046147, 53.969778087495513 ], [ -1.656758997038451, 53.992173597516214 ], [ -1.690446377053737, 54.0058615675308 ], [ -1.822775037142117, 53.997425947531234 ], [ -1.873471417158116, 54.035786037569636 ], [ -1.840618727121655, 54.070582817599615 ], [ -1.905123567141086, 54.122561757651766 ], [ -1.94750144716766, 54.125328637657056 ], [ -1.972344177170029, 54.157888787688847 ] ] ] } },
{ "type": "Feature", "properties": { "GSPGroup": "_M", "regionid": 5, "shortname": "Yorkshire" }, "geometry": { "type": "Polygon", "coordinates": [ [ [ -1.414900397199312, 53.320400696899668 ], [ -1.467110837243621, 53.292567416877375 ], [ -1.453754937239638, 53.284206806869413 ], [ -1.503545657268802, 53.285384526872576 ], [ -1.529398597272259, 53.310849376896243 ], [ -1.592838087313739, 53.304066146893028 ], [ -1.632849287330169, 53.320807116909634 ], [ -1.590635957292737, 53.345917106930052 ], [ -1.663573877327497, 53.366665806951794 ], [ -1.663157457319216, 53.383894956967133 ], [ -1.685504357355405, 53.335626976925148 ], [ -1.760640537400476, 53.338155616930784 ], [ -1.801150087434634, 53.318571526915122 ], [ -1.818002577432002, 53.346913966941202 ], [ -1.848226447452303, 53.343738576939721 ], [ -1.879276547457963, 53.373704946967955 ], [ -1.85833130743839, 53.387751286979601 ], [ -1.906263867457761, 53.411247297002937 ], [ -1.864046787424104, 53.426770937014894 ], [ -1.859022557406176, 53.459104087043713 ], [ -1.812934777372876, 53.468692387050112 ], [ -1.778860997338404, 53.497454377074291 ], [ -1.941569967411872, 53.561902097140589 ], [ -2.025102627439674, 53.619518497197198 ], [ -2.050790167427829, 53.683680227257064 ], [ -2.119063267476954, 53.67312787725109 ], [ -2.170528627498491, 53.700923557279317 ], [ -2.124212437425003, 53.799397977367121 ], [ -2.0456928073606, 53.828956737389802 ], [ -2.042451347349885, 53.848618107407646 ], [ -2.096980157367217, 53.891057217449905 ], [ -2.233675597462189, 53.88115677744883 ], [ -2.219685337447217, 53.89426512746013 ], [ -2.240444687443813, 53.934603977498689 ], [ -2.184391887398765, 53.95230370751171 ], [ -2.194375327381839, 54.007486257563464 ], [ -2.142794717347047, 54.008310487561026 ], [ -2.156191397344073, 54.036171717587706 ], [ -2.103025887288322, 54.083739047628491 ], [ -2.120139447288951, 54.109043957653085 ], [ -2.192658407327122, 54.133719027680726 ], [ -2.289252227362859, 54.204578727753287 ], [ -2.254901717329037, 54.229587137774409 ], [ -2.259527157324913, 54.24705295779107 ], [ -2.197797957282844, 54.247377637787203 ], [ -2.140465727253402, 54.225295507762709 ], [ -2.10003555722344, 54.231968407766203 ], [ -2.045781997208424, 54.18187944771595 ], [ -1.963467527166606, 54.152224487683021 ], [ -1.94750144716766, 54.125328637657056 ], [ -1.905123567141086, 54.122561757651766 ], [ -1.840618727121655, 54.070582817599615 ], [ -1.873471417158116, 54.035786037569636 ], [ -1.822775037142117, 53.997425947531234 ], [ -1.690446377053737, 54.0058615675308 ], [ -1.656758997038451, 53.992173597516214 ], [ -1.653175207046147, 53.969778087495513 ], [ -1.548296886987678, 53.95328896747413 ], [ -1.407970916886343, 53.985198807494633 ], [ -1.353965986861602, 53.966765777474613 ], [ -1.251785966787202, 53.993730337492835 ], [ -1.241678386788227, 53.978157507478144 ], [ -1.221564836774584, 53.981474257479903 ], [ -1.195993926786678, 53.921862987424653 ], [ -1.105070226754092, 53.875641797377803 ], [ -1.11931667677286, 53.853450737358742 ], [ -1.062920326739845, 53.853061587355178 ], [ -1.041661456734065, 53.838849757341251 ], [ -0.992725126687614, 53.876919267372479 ], [ -0.924866586645979, 53.881742087372864 ], [ -0.945549196651258, 53.895929237386703 ], [ -0.921722466624736, 53.922951737409463 ], [ -0.93299051660881, 53.970778907452889 ], [ -0.926848046598867, 53.984385917464699 ], [ -0.873528596566311, 53.987943087464664 ], [ -0.891770956570413, 54.00168425747804 ], [ -0.876992016543609, 54.040644647512046 ], [ -0.823522516522043, 54.02082787749103 ], [ -0.776678046479568, 54.053994917517791 ], [ -0.659490616420951, 54.037168957495567 ], [ -0.659544676408491, 54.063504917519005 ], [ -0.60969711637581, 54.07326674752462 ], [ -0.603424546362011, 54.094922997543499 ], [ -0.583051086350312, 54.095512237542771 ], [ -0.594840156341354, 54.128343637572748 ], [ -0.555157806302887, 54.162598627600751 ], [ -0.557697556289195, 54.194581837629464 ], [ -0.449015536218836, 54.215243507640771 ], [ -0.318616656146632, 54.216558707633382 ], [ -0.233502056123357, 54.169355147586053 ], [ -0.075456596060765, 54.125960757537847 ], [ -0.076557106069831, 54.108640507522722 ], [ -0.163054016122045, 54.094844377515955 ], [ -0.195239816150266, 54.071949177497821 ], [ -0.196546456190832, 53.990549797426482 ], [ -0.12108280620787, 53.876363437322475 ], [ 0.120692283809823, 53.669730597131569 ], [ 0.150418303785409, 53.594179417065725 ], [ 0.105184153750562, 53.569695687046988 ], [ 0.137252983786509, 53.608747447078755 ], [ 0.038429023755935, 53.644266737113817 ], [ -0.053153236299838, 53.625102187101852 ], [ -0.103267686322324, 53.630846107109249 ], [ -0.282112806361284, 53.737296747210273 ], [ -0.506997636495427, 53.708861037197259 ], [ -0.514371016506597, 53.694286647184917 ], [ -0.285082866372738, 53.717464657193204 ], [ -0.206363426366624, 53.647850467128961 ], [ -0.090345696338237, 53.586741937070741 ], [ -0.054449456320923, 53.585129557067638 ], [ 0.027249883688894, 53.524833837012373 ], [ 0.088521513716855, 53.520464147005896 ], [ 0.091101623707551, 53.500120596988502 ], [ 0.113331353723368, 53.509614046995573 ], [ 0.160209263737687, 53.493326526979679 ], [ 0.251167403718264, 53.373646476875038 ], [ 0.130521233619063, 53.294988506813851 ], [ 0.153528673624163, 53.283807926803568 ], [ 0.126499693593834, 53.251021986777175 ], [ 0.028359763561712, 53.279973536805144 ], [ -0.038348386476995, 53.268484896798036 ], [ -0.08756879647718, 53.314711196838957 ], [ -0.146774286517263, 53.294490446824199 ], [ -0.210791076547525, 53.298298436829967 ], [ -0.213695316536232, 53.322987556851039 ], [ -0.244944296543346, 53.340010026866786 ], [ -0.345483496603774, 53.322863946856309 ], [ -0.359804756601877, 53.341067226872433 ], [ -0.469242066655792, 53.347539536882557 ], [ -0.631867456750536, 53.331432206875554 ], [ -0.644142046773923, 53.298038026847316 ], [ -0.697069976801869, 53.299303506850592 ], [ -0.681088936811351, 53.263202816818833 ], [ -0.734630906839295, 53.265297056822831 ], [ -0.735128726850275, 53.243941306804444 ], [ -0.777010286871575, 53.246938246808725 ], [ -0.778168496853758, 53.283864686840616 ], [ -0.747066506826605, 53.3042125168569 ], [ -0.758944216808304, 53.353993886900454 ], [ -0.79096081682119, 53.363487226910088 ], [ -0.777848306797031, 53.397681586939186 ], [ -0.818348986804927, 53.427065496966556 ], [ -0.804105146782388, 53.456804366991811 ], [ -0.916222656843367, 53.460287367000035 ], [ -0.9279850568324, 53.496430817032262 ], [ -1.019213426890399, 53.483741437025429 ], [ -0.983167586877505, 53.467963607009892 ], [ -0.995807696899798, 53.4368522469832 ], [ -1.04000283693818, 53.409632296961377 ], [ -1.050000846966592, 53.362918706920915 ], [ -1.032911216963791, 53.348727936907792 ], [ -1.05868837698541, 53.334447676896438 ], [ -1.103631587015075, 53.326193056891178 ], [ -1.149019767035216, 53.338362076903792 ], [ -1.200592497081424, 53.30437831687626 ], [ -1.243832107107832, 53.301594596875688 ], [ -1.291369047131831, 53.309301856884495 ], [ -1.30596971712865, 53.333745836906623 ], [ -1.411091797186866, 53.341805816918374 ], [ -1.414900397199312, 53.320400696899668 ] ] ] } },
{ "type": "Feature", "properties": { "GSPGroup": "_D", "regionid": 6, "shortname": "North Wales and Merseyside" }, "geometry": { "type": "Polygon", "coordinates": [ [ [ -3.677895509105401, 52.368420676130647 ], [ -3.916779529292628, 52.328083606100364 ], [ -3.946206949326312, 52.298142676074249 ], [ -3.986827599343871, 52.326254686100427 ], [ -4.018889189369625, 52.32010379609568 ], [ -4.075908389434803, 52.262619316045431 ], [ -4.174726759491336, 52.300228446081533 ], [ -4.059104289329849, 52.48770557624804 ], [ -4.062558929312297, 52.536880476292843 ], [ -4.137179669337621, 52.610295816362097 ], [ -4.064253469242177, 52.712990886453952 ], [ -4.158659049274623, 52.80784716654464 ], [ -4.127274639234592, 52.849415996581989 ], [ -4.151607629232024, 52.902101436631789 ], [ -4.221057829280026, 52.913365376644848 ], [ -4.313631839353572, 52.905090936640569 ], [ -4.326738969370146, 52.888157666625247 ], [ -4.388246229416001, 52.891083316630237 ], [ -4.455809799477162, 52.866906836610141 ], [ -4.492054639517674, 52.834055406580752 ], [ -4.494547339526378, 52.816409926564361 ], [ -4.454288549499299, 52.806478816553707 ], [ -4.469076089516012, 52.792569936541284 ], [ -4.534892229573837, 52.773723496525982 ], [ -4.551894479576172, 52.801783716552734 ], [ -4.606381549611269, 52.820242926571915 ], [ -4.69546846969593, 52.779592746536991 ], [ -4.757349139743266, 52.782141526541501 ], [ -4.810404779799166, 52.743948286507546 ], [ -4.732792389695639, 52.857712496611533 ], [ -4.573270719535496, 52.952112506694363 ], [ -4.520043709495866, 52.947612846688124 ], [ -4.34857540932221, 53.055595606782887 ], [ -4.375732009313088, 53.134329146858171 ], [ -4.422172839349778, 53.132472086858385 ], [ -4.468054049368278, 53.178052866903471 ], [ -4.514113259401208, 53.186241026913208 ], [ -4.533736789399064, 53.23323455695872 ], [ -4.605431409454809, 53.235210646963729 ], [ -4.634203159463163, 53.274304627002302 ], [ -4.688467919503911, 53.280721007010861 ], [ -4.708380839509325, 53.30938148703919 ], [ -4.683264459482387, 53.328329647056215 ], [ -4.580190199395847, 53.340982017063595 ], [ -4.565910299372414, 53.373957317094494 ], [ -4.619286509398711, 53.418017997139259 ], [ -4.610436549387257, 53.430107037150457 ], [ -4.569752579359879, 53.416465187135408 ], [ -4.49945236930301, 53.419679917135134 ], [ -4.434458219244327, 53.439771127151268 ], [ -4.284155979134116, 53.419818217124991 ], [ -4.257438469132919, 53.367924727074318 ], [ -4.219948689106396, 53.361365817066314 ], [ -4.203219079115581, 53.303332637010485 ], [ -4.120429799043633, 53.325261717027473 ], [ -4.016416688963966, 53.326140057023501 ], [ -4.093063789048678, 53.257929566962609 ], [ -4.079472949046818, 53.236022096941348 ], [ -3.850916658848232, 53.30275157699387 ], [ -3.886069728861702, 53.335673787026465 ], [ -3.874114458848094, 53.347449907036989 ], [ -3.813234348809611, 53.329178807016973 ], [ -3.77232217877713, 53.334050577019653 ], [ -3.71407411874621, 53.302850686987703 ], [ -3.614715928674969, 53.297591616978238 ], [ -3.319435928433605, 53.363060617025603 ], [ -3.105065968327942, 53.250475316911576 ], [ -3.119784298330355, 53.269366516929644 ], [ -3.098057318309268, 53.283180136941397 ], [ -3.128016228313766, 53.322847396979384 ], [ -3.235347938363637, 53.38651895704345 ], [ -3.02963562818995, 53.453156797095396 ], [ -3.111973268203841, 53.56062480719951 ], [ -3.020539948089554, 53.680266067306498 ], [ -2.961664468038617, 53.702451077324042 ], [ -2.939628448041495, 53.657694137281027 ], [ -3.031240008135984, 53.585929947218943 ], [ -2.978974318101212, 53.580582507211247 ], [ -2.94161394808418, 53.558261107188521 ], [ -2.931788868069602, 53.576678727205142 ], [ -2.897155928045906, 53.575235767202017 ], [ -2.873997168042961, 53.543579477171448 ], [ -2.888675818061603, 53.523570787153638 ], [ -2.820706198026821, 53.493898357122767 ], [ -2.782110687984349, 53.531136787155241 ], [ -2.768515477982423, 53.513499167138249 ], [ -2.720427217950525, 53.510617717133151 ], [ -2.72935772796353, 53.494490657118739 ], [ -2.697745947956398, 53.460433037085785 ], [ -2.626584857918787, 53.435120077059068 ], [ -2.539139747852339, 53.452060417070349 ], [ -2.542633447869155, 53.418745227040006 ], [ -2.502416117843321, 53.416069037035662 ], [ -2.488701827844206, 53.393027197013957 ], [ -2.448087237808372, 53.41297291703021 ], [ -2.388171047787156, 53.370786526988965 ], [ -2.325721807750465, 53.36072618697694 ], [ -2.291662417716998, 53.385787576998069 ], [ -2.265841497730391, 53.317902926935425 ], [ -2.310200397767241, 53.300197276921416 ], [ -2.270800457750126, 53.281037426902344 ], [ -2.297352137770224, 53.27476081689786 ], [ -2.305096887795777, 53.229006216856931 ], [ -2.219529577755356, 53.195792656823421 ], [ -2.217356067766016, 53.169189876799457 ], [ -2.250686087789058, 53.16570717679771 ], [ -2.186516467761328, 53.136012286768498 ], [ -2.247821677821496, 53.090203366730037 ], [ -2.318211307870856, 53.081399946724929 ], [ -2.347531067901174, 53.056358976703685 ], [ -2.397798707937823, 53.047471846697675 ], [ -2.370459677934956, 53.014584956667221 ], [ -2.381021937949248, 52.998155006652951 ], [ -2.438251437992196, 52.985387546643693 ], [ -2.434707827997117, 52.969411276629295 ], [ -2.4813369880323, 52.958797966621532 ], [ -2.523093328054714, 52.969708356632836 ], [ -2.52948830806903, 52.94721191661295 ], [ -2.573789428091299, 52.962467066628207 ], [ -2.568460928123018, 52.884083126557968 ], [ -2.638164928173572, 52.8736550465511 ], [ -2.618923768182172, 52.826341816508254 ], [ -2.571274978149192, 52.830189596510046 ], [ -2.549061338144478, 52.808564606490094 ], [ -2.603931538182085, 52.804731026488504 ], [ -2.592262438187098, 52.776774196463272 ], [ -2.722974568278645, 52.76440575645654 ], [ -2.773516838298556, 52.794877796485373 ], [ -2.815530928330288, 52.78656222647934 ], [ -2.811663158337996, 52.763458756458569 ], [ -2.85334419836319, 52.769472216465303 ], [ -2.895707238401892, 52.746314966445986 ], [ -2.976565828457569, 52.743725486446301 ], [ -3.004945878467674, 52.764509906465847 ], [ -3.021846558484614, 52.752088006455253 ], [ -2.965176238454929, 52.732242866435648 ], [ -2.961228418459297, 52.716314056421275 ], [ -3.020382668495459, 52.725126056431044 ], [ -3.051225898550626, 52.647343346362469 ], [ -3.083396858575151, 52.641255306358012 ], [ -3.059860288563806, 52.630729186347899 ], [ -3.089513818597641, 52.599615016321053 ], [ -3.139479148637685, 52.585845616310209 ], [ -3.111487738638223, 52.541438896269931 ], [ -3.15760388868239, 52.512308586245297 ], [ -3.145140218684332, 52.488738146224065 ], [ -3.230732548758248, 52.453160306194732 ], [ -3.261516428774839, 52.463281416204545 ], [ -3.346233658844973, 52.43592523618242 ], [ -3.403177708883525, 52.437677376185441 ], [ -3.436831748921683, 52.403469626155854 ], [ -3.476695348954583, 52.391388486146106 ], [ -3.514228678971921, 52.411769266165216 ], [ -3.59359106904475, 52.371519316131312 ], [ -3.5860094590452, 52.358099616119169 ], [ -3.635350679074744, 52.369982966130991 ], [ -3.656906279096035, 52.355677936118731 ], [ -3.677895509105401, 52.368420676130647 ] ] ] } },
{ "type": "Feature", "properties": { "GSPGroup": "_K", "regionid": 7, "shortname": "South Wales" }, "geometry": { "type": "MultiPolygon", "coordinates": [ [ [ [ -3.154232389166178, 51.446587445330152 ], [ -3.162861939191353, 51.404873415295711 ], [ -3.193524759217361, 51.391308785284529 ], [ -3.400747789357566, 51.377962125273484 ], [ -3.560472579453779, 51.397188415289598 ], [ -3.654085459481824, 51.472998815353286 ], [ -3.723786669526985, 51.476966905356896 ], [ -3.786336619531526, 51.562032795429175 ], [ -3.820797769551187, 51.570836825436892 ], [ -3.817354669541762, 51.586820475450459 ], [ -3.861196869559635, 51.614628945474514 ], [ -3.976747669645949, 51.600100745462932 ], [ -3.991250559664012, 51.581768665447349 ], [ -3.969203459657435, 51.561748365430091 ], [ -4.062690329726179, 51.553234035423444 ], [ -4.132761289770408, 51.564466585433557 ], [ -4.150221309794512, 51.536962935410102 ], [ -4.192879379821925, 51.543053015415602 ], [ -4.210157319838713, 51.532326085406503 ], [ -4.336586999916459, 51.560547355431666 ], [ -4.297766739878845, 51.583996915451614 ], [ -4.319786659882825, 51.611755275475765 ], [ -4.248770559815234, 51.651712315509705 ], [ -4.182299629776918, 51.630789355490997 ], [ -4.118445439721774, 51.654225115510656 ], [ -4.155554719749418, 51.650875675508097 ], [ -4.20717074977401, 51.679078145533026 ], [ -4.279698669831626, 51.665136585521623 ], [ -4.324284829860849, 51.67156662552766 ], [ -4.388184889885772, 51.721985035572253 ], [ -4.370788469867874, 51.734751475583202 ], [ -4.379414629861619, 51.764745995609552 ], [ -4.402405359883507, 51.752176305598823 ], [ -4.431733729902565, 51.757552955603899 ], [ -4.412929389895523, 51.741612475589704 ], [ -4.448733339927334, 51.727581765577845 ], [ -4.553615560000461, 51.735840135586322 ], [ -4.675788720096178, 51.721576435575251 ], [ -4.705181340143815, 51.657738495519538 ], [ -4.670029300124802, 51.640822825504372 ], [ -4.68239129014009, 51.625629395491195 ], [ -4.851263850258667, 51.64163857550696 ], [ -4.922614100331421, 51.592927435464908 ], [ -5.013660220394693, 51.605529515476917 ], [ -5.067838690430644, 51.617988825488446 ], [ -5.069660830416379, 51.657798765523616 ], [ -5.180626060493899, 51.675500965540586 ], [ -5.199243790496687, 51.705092005567096 ], [ -5.231565370519223, 51.710948265572718 ], [ -5.293838130575348, 51.689559535554444 ], [ -5.245426550526236, 51.720415445581352 ], [ -5.319722850578582, 51.733372155593891 ], [ -5.305423780561083, 51.750256765608796 ], [ -5.215571190496082, 51.739137855597647 ], [ -5.180551690454218, 51.777976225631825 ], [ -5.119290560408247, 51.775459095628726 ], [ -5.135483000390162, 51.854336235699513 ], [ -5.203847580443091, 51.853633445699977 ], [ -5.231370220459167, 51.867228615712619 ], [ -5.341203890553929, 51.842232845691875 ], [ -5.383837650576601, 51.87034457571788 ], [ -5.415373400609704, 51.847885105698133 ], [ -5.403287120581004, 51.899218295744305 ], [ -5.384286290563443, 51.906350785750455 ], [ -5.379770370568242, 51.884141895730288 ], [ -5.348579290545198, 51.880609645726572 ], [ -5.314254660507458, 51.909674585752271 ], [ -5.200013780402271, 51.952792005789263 ], [ -5.094251690312524, 51.973639855806212 ], [ -5.100188230301779, 52.013598815842428 ], [ -5.078144480276538, 52.035043475861428 ], [ -4.988437440209888, 52.028807395854081 ], [ -4.967287160202804, 52.005265265832428 ], [ -4.927776930168268, 52.016407635841723 ], [ -4.913113940148564, 52.038264465861168 ], [ -4.850024970104903, 52.02701496584983 ], [ -4.844567160091202, 52.051401335871695 ], [ -4.795703990049613, 52.062829785881064 ], [ -4.732276779978198, 52.122201105933371 ], [ -4.569263669845169, 52.14812006595335 ], [ -4.519965849811557, 52.14003262594504 ], [ -4.380139029675932, 52.218591556012726 ], [ -4.325578759635668, 52.21837579601133 ], [ -4.2376975495556, 52.256068516043257 ], [ -4.174726759491336, 52.300228446081533 ], [ -4.075908389434803, 52.262619316045431 ], [ -4.018889189369625, 52.32010379609568 ], [ -3.986827599343871, 52.326254686100427 ], [ -3.946206949326312, 52.298142676074249 ], [ -3.916779529292628, 52.328083606100364 ], [ -3.724360489139173, 52.36630300612989 ], [ -3.5860094590452, 52.358099616119169 ], [ -3.59359106904475, 52.371519316131312 ], [ -3.514228678971921, 52.411769266165216 ], [ -3.476695348954583, 52.391388486146106 ], [ -3.436831748921683, 52.403469626155854 ], [ -3.403177708883525, 52.437677376185441 ], [ -3.317139298824269, 52.437507546183085 ], [ -3.255026898806048, 52.38225605613259 ], [ -3.103877188720252, 52.345440926096579 ], [ -3.111243388743331, 52.304952436061235 ], [ -3.026719128706643, 52.261433946021398 ], [ -3.10221973878339, 52.20259291597165 ], [ -3.083172068793921, 52.151428965926826 ], [ -3.136027748835132, 52.137884865916057 ], [ -3.104925758824043, 52.116812175897216 ], [ -3.113084638845655, 52.081144355866535 ], [ -3.06624852882155, 52.066240245852882 ], [ -3.099251638863195, 52.022649305815868 ], [ -3.067844648860513, 51.983481725781765 ], [ -3.007788238847425, 51.926945645732644 ], [ -2.976878798827048, 51.927676275732857 ], [ -2.971770318834337, 51.90488132571344 ], [ -2.87810261876053, 51.933845935736933 ], [ -2.845006908744873, 51.922046705726487 ], [ -2.861873468759461, 51.913931545719805 ], [ -2.842046768745013, 51.917721945722811 ], [ -2.768530948715782, 51.880629645690597 ], [ -2.779148308729067, 51.866750815679012 ], [ -2.756635848724725, 51.845918625661241 ], [ -2.658675678669427, 51.833062715649561 ], [ -2.680647578713551, 51.769569905596612 ], [ -2.662700098710036, 51.753652635583194 ], [ -2.687694748737157, 51.729544845563275 ], [ -2.669464328738983, 51.70224827554047 ], [ -2.63226818871528, 51.703706255541455 ], [ -2.586682908708188, 51.660531265505526 ], [ -2.616877238728977, 51.655869355501792 ], [ -2.64733061877458, 51.600488865456207 ], [ -2.676048828791129, 51.602793565458207 ], [ -2.707620348822074, 51.579102765438741 ], [ -2.902065528967109, 51.529228085398046 ], [ -2.984357419013688, 51.540351435407445 ], [ -3.112168699120433, 51.486579345363189 ], [ -3.154232389166178, 51.446587445330152 ] ] ], [ [ [ -3.116411819173354, 51.380343135275524 ], [ -3.120461679178205, 51.375538665271598 ], [ -3.12241918917771, 51.379206725274607 ], [ -3.116411819173354, 51.380343135275524 ] ] ] ] } },
{ "type": "Feature", "properties": { "GSPGroup": "_E", "regionid": 8, "shortname": "West Midlands" }, "geometry": { "type": "Polygon", "coordinates": [ [ [ -2.652756368778706, 51.598855645454876 ], [ -2.616877238728977, 51.655869355501792 ], [ -2.586682908708188, 51.660531265505526 ], [ -2.63226818871528, 51.703706255541455 ], [ -2.669464328738983, 51.70224827554047 ], [ -2.687760918737121, 51.729703655563398 ], [ -2.662700098710036, 51.753652635583194 ], [ -2.678578758696324, 51.802818995624378 ], [ -2.650311298667492, 51.826218915643729 ], [ -2.697294408687945, 51.844834335659776 ], [ -2.756635848724725, 51.845918625661241 ], [ -2.779148308729067, 51.866750815679012 ], [ -2.768530948715782, 51.880629645690597 ], [ -2.842046768745013, 51.917721945722811 ], [ -2.861873468759461, 51.913931545719805 ], [ -2.845006908744873, 51.922046705726487 ], [ -2.87810261876053, 51.933845935736933 ], [ -2.968271368832295, 51.904409095712971 ], [ -2.976878798827048, 51.927676275732857 ], [ -3.007926308847471, 51.927037915732733 ], [ -3.099251638863195, 52.022649305815868 ], [ -3.06624852882155, 52.066240245852882 ], [ -3.113084638845655, 52.081144355866535 ], [ -3.104925758824043, 52.116812175897216 ], [ -3.136027748835132, 52.137884865916057 ], [ -3.083172068793921, 52.151428965926826 ], [ -3.10221973878339, 52.20259291597165 ], [ -3.026719128706643, 52.261433946021398 ], [ -3.111243388743331, 52.304952436061235 ], [ -3.103877188720252, 52.345440926096579 ], [ -3.253638858805355, 52.381681566132045 ], [ -3.334932708834936, 52.441090246186725 ], [ -3.266908588778751, 52.462777346204227 ], [ -3.230732548758248, 52.453160306194732 ], [ -3.145140218684332, 52.488738146224065 ], [ -3.15760388868239, 52.512308586245297 ], [ -3.111487738638223, 52.541438896269931 ], [ -3.139479148637685, 52.585845616310209 ], [ -3.089513818597641, 52.599615016321053 ], [ -3.059860288563806, 52.630729186347899 ], [ -3.083396858575151, 52.641255306358012 ], [ -3.051225898550626, 52.647343346362469 ], [ -3.020382668495459, 52.725126056431044 ], [ -2.961228418459297, 52.716314056421275 ], [ -2.965176238454929, 52.732242866435648 ], [ -3.021846558484614, 52.752088006455253 ], [ -3.004945878467674, 52.764509906465847 ], [ -2.976565828457569, 52.743725486446301 ], [ -2.895707238401892, 52.746314966445986 ], [ -2.85334419836319, 52.769472216465303 ], [ -2.811663158337996, 52.763458756458569 ], [ -2.815530928330288, 52.78656222647934 ], [ -2.773516838298556, 52.794877796485373 ], [ -2.722974568278645, 52.76440575645654 ], [ -2.592262438187098, 52.776774196463272 ], [ -2.603931538182085, 52.804731026488504 ], [ -2.549061338144478, 52.808564606490094 ], [ -2.571274978149192, 52.830189596510046 ], [ -2.618923768182172, 52.826341816508254 ], [ -2.638164928173572, 52.8736550465511 ], [ -2.568460928123018, 52.884083126557968 ], [ -2.573789428091299, 52.962467066628207 ], [ -2.52948830806903, 52.94721191661295 ], [ -2.523093328054714, 52.969708356632836 ], [ -2.4813369880323, 52.958797966621532 ], [ -2.381021937949248, 52.998155006652951 ], [ -2.370459677934956, 53.014584956667221 ], [ -2.397798707937823, 53.047471846697675 ], [ -2.347531067901174, 53.056358976703685 ], [ -2.318211307870856, 53.081399946724929 ], [ -2.247821677821496, 53.090203366730037 ], [ -2.186516467761328, 53.136012286768498 ], [ -2.24694239778922, 53.160020956792451 ], [ -2.245004127782134, 53.172909946803955 ], [ -2.217356067766016, 53.169189876799457 ], [ -2.170011537726087, 53.190200956816305 ], [ -2.11404745770001, 53.169047136795058 ], [ -2.07015669767096, 53.171652046795579 ], [ -2.048137317648035, 53.191244216812144 ], [ -1.997093617617087, 53.188532236807575 ], [ -1.962461077577967, 53.226202836839732 ], [ -1.820810207516738, 53.168223986782287 ], [ -1.822071447532104, 53.137044176754721 ], [ -1.781930047527818, 53.093766616714895 ], [ -1.785189947545556, 53.060384746685607 ], [ -1.811427547565353, 53.052407286679596 ], [ -1.758813877540634, 53.036835486663939 ], [ -1.794692897570187, 53.020544316650927 ], [ -1.796249947579783, 53.002279266634943 ], [ -1.868047377631828, 52.985012026622364 ], [ -1.864502887651256, 52.939316086582132 ], [ -1.901297657677237, 52.932040406577052 ], [ -1.952098547730174, 52.886066126538473 ], [ -1.849380807683243, 52.852604216505775 ], [ -1.823478487678366, 52.829947926485204 ], [ -1.823457917695469, 52.79422002645412 ], [ -1.778968377668092, 52.795444946453806 ], [ -1.779317937686725, 52.757205866420684 ], [ -1.717523847661372, 52.733386166398262 ], [ -1.729766357679851, 52.710312056378726 ], [ -1.690705007660052, 52.703408726371649 ], [ -1.696582567679954, 52.669725576342834 ], [ -1.782920347746563, 52.638090736317999 ], [ -1.787459217775687, 52.583822486271522 ], [ -1.765376377773152, 52.562221716252438 ], [ -1.688808177731088, 52.556073096245306 ], [ -1.69594590774487, 52.536574156228873 ], [ -1.629950057701644, 52.546100396235396 ], [ -1.603538707698079, 52.522356366214581 ], [ -1.674890537792882, 52.414744196124978 ], [ -1.631674077792353, 52.36575223608282 ], [ -1.684130657823856, 52.363285596081731 ], [ -1.682730127838795, 52.331727536055141 ], [ -1.722373597858851, 52.337537006060771 ], [ -1.745456197883794, 52.314371186041676 ], [ -1.844372257939229, 52.319201876047551 ], [ -1.806418417932524, 52.287816056020397 ], [ -1.833111947955774, 52.272430476007919 ], [ -1.691324217904416, 52.210695415953872 ], [ -1.659903627884622, 52.214265845956355 ], [ -1.63655716788764, 52.181921145929095 ], [ -1.599673577868246, 52.17887710592607 ], [ -1.60325116788032, 52.159084515909697 ], [ -1.521203147836268, 52.154886425905111 ], [ -1.494424697834314, 52.129476165883837 ], [ -1.475584157813313, 52.149962185900492 ], [ -1.439544417797549, 52.14168815589322 ], [ -1.331376837724209, 52.168382655913845 ], [ -1.251909947715557, 52.101981225858573 ], [ -1.321247907760914, 52.087014295847034 ], [ -1.297491457752688, 52.078058665839492 ], [ -1.312891067774914, 52.051453045817937 ], [ -1.277095137779751, 52.005293925780116 ], [ -1.409857947868759, 51.972598145754532 ], [ -1.437979647876145, 51.987971355767279 ], [ -1.495278637913765, 51.976190895758116 ], [ -1.522929757918447, 51.996724965775122 ], [ -1.610408707987624, 51.956956585743313 ], [ -1.645520248025052, 51.922350715715304 ], [ -1.730184678079164, 51.909724005705584 ], [ -1.76823228811213, 51.887356495687527 ], [ -1.810569738132119, 51.895383865694413 ], [ -1.850710898170933, 51.864116045669064 ], [ -1.882284678173694, 51.894389805694104 ], [ -1.927232138198584, 51.896424575696116 ], [ -1.925039868184904, 51.921061225716379 ], [ -1.937443238197622, 51.910067885707441 ], [ -1.994096388228072, 51.915019155711981 ], [ -2.018656388260668, 51.878572035682119 ], [ -2.001537218257391, 51.865220955670992 ], [ -2.0334520782813, 51.8546473556625 ], [ -2.026565868307363, 51.794797335613332 ], [ -1.998436978305621, 51.76593532558956 ], [ -2.055819978355094, 51.733792835563555 ], [ -2.053347828362579, 51.716111995549142 ], [ -1.999880818333922, 51.711672215545349 ], [ -1.988105578348762, 51.669119685510786 ], [ -2.057197868386943, 51.672321165513502 ], [ -2.080636258410024, 51.653516485498294 ], [ -2.17299167845772, 51.665650265508361 ], [ -2.186788498480641, 51.636094465484319 ], [ -2.251624048519182, 51.635237655483728 ], [ -2.222382968508554, 51.622075545472946 ], [ -2.245154928542335, 51.581388545439907 ], [ -2.275382918563572, 51.574499405434324 ], [ -2.252487198573957, 51.526993915395863 ], [ -2.304038668615667, 51.50421413537736 ], [ -2.28519950862796, 51.457757345339921 ], [ -2.310137178660078, 51.422982305311876 ], [ -2.34328985867122, 51.439533455325105 ], [ -2.46925529875762, 51.415908835305693 ], [ -2.522724328781532, 51.43212795531867 ], [ -2.526811048778093, 51.444029095328318 ], [ -2.479375768741876, 51.459741395341098 ], [ -2.489173798740317, 51.474718885353255 ], [ -2.416567188694924, 51.478831445356683 ], [ -2.419444758689557, 51.493053905368193 ], [ -2.45603266870398, 51.507994815380322 ], [ -2.496919878732049, 51.500817235374448 ], [ -2.488124328712427, 51.529830565398065 ], [ -2.52421827873205, 51.534142125401608 ], [ -2.513288748712331, 51.560792015423345 ], [ -2.5596286387251, 51.592018685449027 ], [ -2.614547788763102, 51.58279069544156 ], [ -2.652756368778706, 51.598855645454876 ] ] ] } },
{ "type": "Feature", "properties": { "GSPGroup": "_B", "regionid": 9, "shortname": "East Midlands" }, "geometry": { "type": "Polygon", "coordinates": [ [ [ -1.332559227725081, 52.167945755913514 ], [ -1.439544417797549, 52.14168815589322 ], [ -1.475584157813313, 52.149962185900492 ], [ -1.494424697834314, 52.129476165883837 ], [ -1.521203147836268, 52.154886425905111 ], [ -1.60325116788032, 52.159084515909697 ], [ -1.599673577868246, 52.17887710592607 ], [ -1.63655716788764, 52.181921145929095 ], [ -1.659903627884622, 52.214265845956355 ], [ -1.691324217904416, 52.210695415953872 ], [ -1.833111947955774, 52.272430476007919 ], [ -1.806418417932524, 52.287816056020397 ], [ -1.844372257939229, 52.319201876047551 ], [ -1.745456197883794, 52.314371186041676 ], [ -1.722373597858851, 52.337537006060771 ], [ -1.682730127838795, 52.331727536055141 ], [ -1.684130657823856, 52.363285596081731 ], [ -1.631674077792353, 52.36575223608282 ], [ -1.674890537792882, 52.414744196124978 ], [ -1.603538707698079, 52.522356366214581 ], [ -1.629950057701644, 52.546100396235396 ], [ -1.69594590774487, 52.536574156228873 ], [ -1.688808177731088, 52.556073096245306 ], [ -1.765376377773152, 52.562221716252438 ], [ -1.797720567775053, 52.597636216283618 ], [ -1.779968577743781, 52.640199296319707 ], [ -1.696582567679954, 52.669725576342834 ], [ -1.690705007660052, 52.703408726371649 ], [ -1.729766357679851, 52.710312056378726 ], [ -1.717523847661372, 52.733386166398262 ], [ -1.779317937686725, 52.757205866420684 ], [ -1.778968377668092, 52.795444946453806 ], [ -1.823457917695469, 52.79422002645412 ], [ -1.823478487678366, 52.829947926485204 ], [ -1.849380807683243, 52.852604216505775 ], [ -1.952098547730174, 52.886066126538473 ], [ -1.901297657677237, 52.932040406577052 ], [ -1.864502887651256, 52.939316086582132 ], [ -1.868047377631828, 52.985012026622364 ], [ -1.796249947579783, 53.002279266634943 ], [ -1.794692897570187, 53.020544316650927 ], [ -1.758813877540634, 53.036835486663939 ], [ -1.811427547565353, 53.052407286679596 ], [ -1.785189947545556, 53.060384746685607 ], [ -1.781930047527818, 53.093766616714895 ], [ -1.822071447532104, 53.137044176754721 ], [ -1.820810207516738, 53.168223986782287 ], [ -1.962461077577967, 53.226202836839732 ], [ -1.987342547599369, 53.21368516682962 ], [ -1.990244997596887, 53.223054596838104 ], [ -1.893959707523255, 53.251832456859674 ], [ -1.790189747456729, 53.256374036859256 ], [ -1.824573667458316, 53.29882070689856 ], [ -1.768858577423843, 53.298761106896031 ], [ -1.768781077417514, 53.312279906908074 ], [ -1.809662137442792, 53.312355246909952 ], [ -1.760640537400476, 53.338155616930784 ], [ -1.685504357355405, 53.335626976925148 ], [ -1.663157457319216, 53.383894956967133 ], [ -1.663573877327497, 53.366665806951794 ], [ -1.590635957292737, 53.345917106930052 ], [ -1.628219067329378, 53.31648271690559 ], [ -1.611114257316469, 53.321837816909593 ], [ -1.592838087313739, 53.304066146893028 ], [ -1.524469227269721, 53.309947696895222 ], [ -1.503545657268802, 53.285384526872576 ], [ -1.453754937239638, 53.284206806869413 ], [ -1.467110837243621, 53.292567416877375 ], [ -1.413806047199558, 53.318518606897946 ], [ -1.411091797186866, 53.341805816918374 ], [ -1.298998587125147, 53.332528456905244 ], [ -1.291369047131831, 53.309301856884495 ], [ -1.254130147113654, 53.301942076876429 ], [ -1.200592497081424, 53.30437831687626 ], [ -1.136579147027037, 53.340468426905097 ], [ -1.084171437003893, 53.326324486890449 ], [ -1.032911216963791, 53.348727936907792 ], [ -1.050000846966592, 53.362918706920915 ], [ -1.04000283693818, 53.409632296961377 ], [ -0.995807696899798, 53.4368522469832 ], [ -0.983167586877505, 53.467963607009892 ], [ -1.019213426890399, 53.483741437025429 ], [ -0.976852376859901, 53.496858907034955 ], [ -0.9279850568324, 53.496430817032262 ], [ -0.916222656843367, 53.460287367000035 ], [ -0.804105146782388, 53.456804366991811 ], [ -0.818348986804927, 53.427065496966556 ], [ -0.7883850167943, 53.414967026954663 ], [ -0.775196356805372, 53.377888706921894 ], [ -0.79096081682119, 53.363487226910088 ], [ -0.758944216808304, 53.353993886900454 ], [ -0.749729636818374, 53.323630036873794 ], [ -0.750344126833403, 53.294181116848378 ], [ -0.778168496853758, 53.283864686840616 ], [ -0.770963756868636, 53.246215796807839 ], [ -0.735128726850275, 53.243941306804444 ], [ -0.734630906839295, 53.265297056822831 ], [ -0.681088936811351, 53.263202816818833 ], [ -0.697069976801869, 53.299303506850592 ], [ -0.644142046773923, 53.298038026847316 ], [ -0.631867456750536, 53.331432206875554 ], [ -0.469242066655792, 53.347539536882557 ], [ -0.359804756601877, 53.341067226872433 ], [ -0.345483496603774, 53.322863946856309 ], [ -0.244944296543346, 53.340010026866786 ], [ -0.213695316536232, 53.322987556851039 ], [ -0.210791076547525, 53.298298436829967 ], [ -0.146774286517263, 53.294490446824199 ], [ -0.08756879647718, 53.314711196838957 ], [ -0.038348386476995, 53.268484896798036 ], [ 0.028359763561712, 53.279973536805144 ], [ 0.126499693593834, 53.251021986777175 ], [ 0.153528673624163, 53.283807926803568 ], [ 0.130521233619063, 53.294988506813851 ], [ 0.251167403718264, 53.373646476875038 ], [ 0.363633643674537, 53.194099696721331 ], [ 0.347225633613581, 53.095594036640627 ], [ 0.161012613479466, 53.007136036573527 ], [ 0.050850283374492, 52.908932226495828 ], [ 0.18028310341775, 52.877189806466362 ], [ 0.222287223408086, 52.824363176422281 ], [ 0.269577923425821, 52.81749157641557 ], [ 0.245138483396496, 52.784454756389358 ], [ 0.272201633402286, 52.77277341637928 ], [ 0.184830823342071, 52.735629396351158 ], [ 0.065571543283496, 52.729146586348485 ], [ 0.044201283265458, 52.714411566336992 ], [ 0.050226273250676, 52.682352876310837 ], [ -0.014990996793358, 52.657630946292123 ], [ -0.024475096812941, 52.630026746269941 ], [ -0.032096266797294, 52.665128616298567 ], [ -0.063487686806682, 52.675076136307304 ], [ -0.113333516834386, 52.667711986302358 ], [ -0.190026656899533, 52.615452276261351 ], [ -0.247500296927628, 52.614841156262017 ], [ -0.284028326937128, 52.630170956275272 ], [ -0.277527016922719, 52.651004796292199 ], [ -0.308326636944834, 52.637943206282152 ], [ -0.358928396964435, 52.647856906291373 ], [ -0.354770856994297, 52.588459506242614 ], [ -0.375731657016562, 52.566285176224909 ], [ -0.413448187027193, 52.581217866237871 ], [ -0.419495887042136, 52.558971666219783 ], [ -0.40181780703931, 52.547949836210428 ], [ -0.413468897057215, 52.525386106192222 ], [ -0.349604287034984, 52.508405696177242 ], [ -0.341246357053394, 52.46693680614343 ], [ -0.432234707141581, 52.386433496079661 ], [ -0.499537307185395, 52.366799206064719 ], [ -0.467401017193669, 52.322325926028356 ], [ -0.520042967222635, 52.316765016024526 ], [ -0.46041222720975, 52.286495325999411 ], [ -0.478163327224153, 52.276018125991193 ], [ -0.449166037218565, 52.26028332597825 ], [ -0.487355627266987, 52.205793585934977 ], [ -0.514460027282316, 52.202009135932215 ], [ -0.540426127285189, 52.220142825947008 ], [ -0.616795707335878, 52.196451265928722 ], [ -0.629954407352025, 52.178760285914635 ], [ -0.642327187376506, 52.14501548588769 ], [ -0.583158017369278, 52.10459609585493 ], [ -0.652055397425957, 52.063077095822301 ], [ -0.655708737483742, 51.960809225741158 ], [ -0.70706574751366, 51.952458505734711 ], [ -0.720242647507295, 51.976053175753442 ], [ -0.747880517525314, 51.968243875747362 ], [ -0.729551777527332, 51.947848895731127 ], [ -0.754973317544159, 51.940189585725136 ], [ -0.732732067542386, 51.923217515711634 ], [ -0.801365187594343, 51.890670575686045 ], [ -0.866522137625854, 51.892872455687929 ], [ -0.889548837644729, 51.879534145677418 ], [ -0.896627117641876, 51.891390385686833 ], [ -0.9761914176769, 51.901591505695158 ], [ -1.056955027732406, 51.875731305674783 ], [ -1.093485207741602, 51.893943705689423 ], [ -1.054532647692445, 51.947955415732494 ], [ -1.078735647707473, 51.943412095728988 ], [ -1.095218417708793, 51.957072945740002 ], [ -1.059633077662867, 52.008351825781055 ], [ -1.115056517687639, 52.016441345787953 ], [ -1.196186237751127, 51.977562965757095 ], [ -1.230583797760269, 51.994945935771405 ], [ -1.283303897796596, 51.979568135759315 ], [ -1.278311057775049, 52.015503395788393 ], [ -1.312891067774914, 52.051453045817937 ], [ -1.297491457752688, 52.078058665839492 ], [ -1.321247907760914, 52.087014295847034 ], [ -1.251751397715739, 52.101466405858147 ], [ -1.332559227725081, 52.167945755913514 ] ] ] } },
{ "type": "Feature", "properties": { "GSPGroup": "_A", "regionid": 10, "shortname": "East England" }, "geometry": { "type": "Polygon", "coordinates": [ [ [ -0.347538907563198, 51.559643525432108 ], [ -0.436677867610802, 51.54768132542209 ], [ -0.45071884758191, 51.609799175469149 ], [ -0.491501837589027, 51.6307290654848 ], [ -0.496675277608052, 51.601405615462355 ], [ -0.519654027618981, 51.601080145461893 ], [ -0.53094869759075, 51.660463765507288 ], [ -0.56362393760164, 51.668561305513322 ], [ -0.622245907651775, 51.628934445482443 ], [ -0.731124157678163, 51.675611885517817 ], [ -0.742444897673335, 51.694246685532214 ], [ -0.773190637688205, 51.694555155532328 ], [ -0.803508117723999, 51.656764265502837 ], [ -0.833215947738462, 51.657051285502909 ], [ -0.877265797746988, 51.681164865521495 ], [ -0.910169557766055, 51.676307935517563 ], [ -0.950582387755055, 51.733481205562192 ], [ -0.982414347782085, 51.713407505546371 ], [ -1.027213807800899, 51.720633275551961 ], [ -1.031418527790658, 51.743458935569919 ], [ -1.122004947813747, 51.787049415604365 ], [ -1.109961637791257, 51.817282295628367 ], [ -1.140711147797923, 51.834694415642261 ], [ -1.121645677782271, 51.845367535650752 ], [ -1.072601617762905, 51.834036555641632 ], [ -1.069243067739344, 51.874658105673952 ], [ -0.9761914176769, 51.901591505695158 ], [ -0.896627117641876, 51.891390385686833 ], [ -0.889548837644729, 51.879534145677418 ], [ -0.866522137625854, 51.892872455687929 ], [ -0.801365187594343, 51.890670575686045 ], [ -0.732732067542386, 51.923217515711634 ], [ -0.754973317544159, 51.940189585725136 ], [ -0.729551777527332, 51.947848895731127 ], [ -0.747880517525314, 51.968243875747362 ], [ -0.720242647507295, 51.976053175753442 ], [ -0.70706574751366, 51.952458505734711 ], [ -0.655708737483742, 51.960809225741158 ], [ -0.652055397425957, 52.063077095822301 ], [ -0.583158017369278, 52.10459609585493 ], [ -0.642327187376506, 52.14501548588769 ], [ -0.629954407352025, 52.178760285914635 ], [ -0.616795707335878, 52.196451265928722 ], [ -0.540426127285189, 52.220142825947008 ], [ -0.514460027282316, 52.202009135932215 ], [ -0.487355627266987, 52.205793585934977 ], [ -0.449166037218565, 52.26028332597825 ], [ -0.478163327224153, 52.276018125991193 ], [ -0.46041222720975, 52.286495325999411 ], [ -0.520042967222635, 52.316765016024526 ], [ -0.467401017193669, 52.322325926028356 ], [ -0.499537307185395, 52.366799206064719 ], [ -0.432234707141581, 52.386433496079661 ], [ -0.341246357053394, 52.46693680614343 ], [ -0.349604287034984, 52.508405696177242 ], [ -0.413468897057215, 52.525386106192222 ], [ -0.40181780703931, 52.547949836210428 ], [ -0.419495887042136, 52.558971666219783 ], [ -0.413448187027193, 52.581217866237871 ], [ -0.375731657016562, 52.566285176224909 ], [ -0.354770856994297, 52.588459506242614 ], [ -0.358928396964435, 52.647856906291373 ], [ -0.308326636944834, 52.637943206282152 ], [ -0.277527016922719, 52.651004796292199 ], [ -0.284028326937128, 52.630170956275272 ], [ -0.247500296927628, 52.614841156262017 ], [ -0.190026656899533, 52.615452276261351 ], [ -0.113333516834386, 52.667711986302358 ], [ -0.063487686806682, 52.675076136307304 ], [ -0.032096266797294, 52.665128616298567 ], [ -0.024475096812941, 52.630026746269941 ], [ -0.008947096803718, 52.633576966272514 ], [ -0.014990996793358, 52.657630946292123 ], [ 0.050226273250676, 52.682352876310837 ], [ 0.044201283265458, 52.714411566336992 ], [ 0.065571543283496, 52.729146586348485 ], [ 0.184830823342071, 52.735629396351158 ], [ 0.272201633402286, 52.77277341637928 ], [ 0.245138483396496, 52.784454756389358 ], [ 0.269577923425821, 52.81749157641557 ], [ 0.353530003459621, 52.810324036407813 ], [ 0.436453173519297, 52.851448566439103 ], [ 0.481796633592819, 52.947780806515951 ], [ 0.527404043629409, 52.977564446538906 ], [ 0.6182893836695, 52.978523676537215 ], [ 0.669272833699717, 52.993372816547868 ], [ 0.803981993749423, 52.980484376533937 ], [ 0.981618153825141, 52.985498666533438 ], [ 1.30190100392279, 52.938431376488737 ], [ 1.439433843942625, 52.885620146444694 ], [ 1.662902163946897, 52.760991756344957 ], [ 1.711441503937312, 52.718019936311578 ], [ 1.751728233898963, 52.633021456246823 ], [ 1.742561403852841, 52.562567016193874 ], [ 1.768214463810831, 52.480773676132593 ], [ 1.731206573742082, 52.388878156064386 ], [ 1.640790993644489, 52.278671105982852 ], [ 1.590071093509115, 52.087921295842897 ], [ 1.480093703448158, 52.047797185812733 ], [ 1.323224793321161, 51.928158025724102 ], [ 1.299789113327946, 51.951876955741085 ], [ 1.290326253326812, 51.955255005743446 ], [ 1.279579693321734, 51.953000275741687 ], [ 1.303349143318187, 51.934219465728269 ], [ 1.264724533288537, 51.907722285708573 ], [ 1.297400083272764, 51.864541675677692 ], [ 1.218558733207972, 51.803671985632583 ], [ 1.117250623151044, 51.768469985605648 ], [ 1.043318223122482, 51.764374125601563 ], [ 0.993454773116395, 51.783372955614645 ], [ 0.881076653055824, 51.751259525589667 ], [ 0.931688643074171, 51.751030415590229 ], [ 0.957273423071671, 51.73193324557672 ], [ 0.94217988301283, 51.645465625513964 ], [ 0.974312493009122, 51.620996665496968 ], [ 0.918512712963336, 51.579285195465957 ], [ 0.786702272876881, 51.516711535418423 ], [ 0.728449532860555, 51.52504106542321 ], [ 0.720346192847926, 51.509406555411807 ], [ 0.705898212853491, 51.52718992542431 ], [ 0.667333242842231, 51.532368045427276 ], [ 0.616115642808956, 51.509600135409833 ], [ 0.458374922741855, 51.499146785399219 ], [ 0.438563532709545, 51.458641315369441 ], [ 0.390181052682983, 51.446151045359436 ], [ 0.34837306266742, 51.447788125359779 ], [ 0.311867542666134, 51.469841865375152 ], [ 0.269960962642306, 51.458258955365935 ], [ 0.132806792621659, 51.517952425407344 ], [ 0.133961032660884, 51.583381225455774 ], [ 0.114009542665558, 51.60549916547199 ], [ 0.129251692681133, 51.62103233548374 ], [ 0.068055382688029, 51.676948275524886 ], [ 0.018439142635069, 51.622784335483722 ], [ -0.032032377395894, 51.607017495471304 ], [ -0.060058057426377, 51.57559760544747 ], [ -0.104759027452235, 51.564590865438674 ], [ -0.11986802745251, 51.575460105446638 ], [ -0.177051577480298, 51.570926815442533 ], [ -0.205787997502069, 51.555313715430465 ], [ -0.244251097509204, 51.57258930544301 ], [ -0.302751677558901, 51.531911745411712 ], [ -0.347538907563198, 51.559643525432108 ] ] ] } },
{ "type": "Feature", "properties": { "GSPGroup": "_L", "regionid": 11, "shortname": "South West England" }, "geometry": { "type": "MultiPolygon", "coordinates": [ [ [ [ -6.37444122207306, 49.921257574057947 ], [ -6.398531682080513, 49.949764614080053 ], [ -6.331559682017866, 49.982004104106935 ], [ -6.285530431982834, 49.983065604108674 ], [ -6.237052041958961, 49.950303484083705 ], [ -6.329934832055676, 49.878812334025405 ], [ -6.452935662149894, 49.874170874019164 ], [ -6.386402112091266, 49.896805574038389 ], [ -6.37444122207306, 49.921257574057947 ] ] ], [ [ [ -4.443777760526044, 50.331086844419438 ], [ -4.679697290694349, 50.312068824399816 ], [ -4.6946393106929, 50.338738864420485 ], [ -4.751419060737563, 50.325768974409193 ], [ -4.745829590746251, 50.297000284386719 ], [ -4.774181110770998, 50.284919454376677 ], [ -4.761550390776518, 50.252345834351409 ], [ -4.79414850081458, 50.216343164322645 ], [ -4.858811280853103, 50.230080564331985 ], [ -4.901292940899209, 50.191290664300794 ], [ -4.947590670927447, 50.200114474306694 ], [ -4.977120930969923, 50.148929234266127 ], [ -5.005219410995029, 50.135846724255323 ], [ -5.045625130996949, 50.197171314302366 ], [ -5.034645121012383, 50.143062684260315 ], [ -5.065211231035478, 50.13883644425632 ], [ -5.093852231073722, 50.095961234222337 ], [ -5.054248921060761, 50.06185891419679 ], [ -5.06134562107736, 50.034607044175587 ], [ -5.098746631117598, 50.001184364148926 ], [ -5.158663081159231, 50.001188804147453 ], [ -5.197979931206096, 49.955364974111198 ], [ -5.250631811234561, 49.97498181412498 ], [ -5.312508981236163, 50.074882144201048 ], [ -5.387604091279995, 50.097667844217227 ], [ -5.430031551312105, 50.093194694212848 ], [ -5.508246461356202, 50.122345214234166 ], [ -5.532959631380444, 50.106527724221202 ], [ -5.522491131383359, 50.080960034201325 ], [ -5.54515231140881, 50.058502704183198 ], [ -5.67266583151696, 50.01856258414918 ], [ -5.699703831524245, 50.049109644172596 ], [ -5.751390591554791, 50.066715944185411 ], [ -5.697722131508413, 50.084930524200864 ], [ -5.727707621515027, 50.122979684230394 ], [ -5.674724381457898, 50.169102514268033 ], [ -5.630399991423859, 50.173441434272277 ], [ -5.550170071346708, 50.220172944310917 ], [ -5.474709531291039, 50.222782994314315 ], [ -5.436641731273211, 50.199321984296397 ], [ -5.409823631247048, 50.216117944310206 ], [ -5.405262551231351, 50.246374704334336 ], [ -5.353789661194913, 50.245129424334294 ], [ -5.252367601104683, 50.287954924370126 ], [ -5.236579471073306, 50.336361694408957 ], [ -5.161358451013167, 50.352049994422757 ], [ -5.151337390983139, 50.406879914466778 ], [ -5.055468600902182, 50.437470224492792 ], [ -5.030425030844207, 50.533183124570229 ], [ -5.04460958084861, 50.546790344581062 ], [ -5.003503740808001, 50.57383126460352 ], [ -4.944048750766449, 50.572252424602972 ], [ -4.936938960767417, 50.558035864591538 ], [ -4.940375970757324, 50.587700814615523 ], [ -4.920733880738283, 50.599838864625596 ], [ -4.795489260647507, 50.605650104631856 ], [ -4.768708620600153, 50.672491144686369 ], [ -4.663781070507786, 50.716368224723183 ], [ -4.65620589049166, 50.74155760474379 ], [ -4.564439630407853, 50.787362834782051 ], [ -4.573489580363817, 50.904270264877901 ], [ -4.532655370283506, 51.024660644977878 ], [ -4.421623980208514, 51.018061474972853 ], [ -4.370645580183194, 50.994652984953731 ], [ -4.307387330136763, 51.000694154959042 ], [ -4.216359810043728, 51.069731875016537 ], [ -4.228756840033613, 51.11228019505181 ], [ -4.268447740047503, 51.143398695077629 ], [ -4.223413250012362, 51.152412665085201 ], [ -4.237254580005989, 51.188999225115744 ], [ -4.204933989977068, 51.203913785128265 ], [ -3.926143239771528, 51.236560205155811 ], [ -3.812388859694704, 51.236682535156078 ], [ -3.784315189669459, 51.250876905167885 ], [ -3.615959069570373, 51.222625585144876 ], [ -3.534809399510896, 51.235957375156083 ], [ -3.397604589444506, 51.186925515116407 ], [ -3.274110209366205, 51.185044995115469 ], [ -3.13046919926107, 51.214745415140293 ], [ -3.065172809223924, 51.206745655134178 ], [ -3.02172555917737, 51.247093015167074 ], [ -3.015899739140866, 51.315481965222659 ], [ -3.039883449149416, 51.329055945233655 ], [ -2.995953739121083, 51.330680815235091 ], [ -3.006687779113688, 51.360137795259121 ], [ -2.96832879908287, 51.374273245270764 ], [ -2.983976689084556, 51.391216465284614 ], [ -2.913193759034864, 51.402496905293923 ], [ -2.809087348930249, 51.485221195361724 ], [ -2.737040928879491, 51.498081925372233 ], [ -2.636824218772261, 51.591992695449179 ], [ -2.614547788763102, 51.58279069544156 ], [ -2.5596286387251, 51.592018685449027 ], [ -2.513288748712331, 51.560792015423345 ], [ -2.52421827873205, 51.534142125401608 ], [ -2.488124328712427, 51.529830565398065 ], [ -2.496919878732049, 51.500817235374448 ], [ -2.45603266870398, 51.507994815380322 ], [ -2.419444758689557, 51.493053905368193 ], [ -2.416567188694924, 51.478831445356683 ], [ -2.489173798740317, 51.474718885353255 ], [ -2.479375768741876, 51.459741395341098 ], [ -2.526880988778157, 51.443982935328279 ], [ -2.508181508776514, 51.424670185312678 ], [ -2.443258058741399, 51.417419945306982 ], [ -2.34328985867122, 51.439533455325105 ], [ -2.282659218644661, 51.421688045310937 ], [ -2.294042568679052, 51.366774015266913 ], [ -2.358903908739281, 51.322517795231192 ], [ -2.341780758735974, 51.309260985220739 ], [ -2.416520388790974, 51.2869765552025 ], [ -2.369092088789547, 51.234885635161433 ], [ -2.423959748829523, 51.219183695148551 ], [ -2.409299138825419, 51.210348085141668 ], [ -2.511660898927785, 51.12638668507433 ], [ -2.492017618923211, 51.112624845063699 ], [ -2.579240518986513, 51.088780225043955 ], [ -2.598099188992824, 51.098406615051339 ], [ -2.598012489006895, 51.070281275029181 ], [ -2.57962801899679, 51.068801235028211 ], [ -2.603469899026931, 51.036844385002823 ], [ -2.653932569058044, 51.034310905000204 ], [ -2.694510159097353, 51.003926354975853 ], [ -2.71634936910756, 51.009504514979945 ], [ -2.698624019105648, 50.992236694966586 ], [ -2.716938819121978, 50.981365134957848 ], [ -2.668637009103341, 50.961418734942882 ], [ -2.665661479117386, 50.930019794918415 ], [ -2.642128059104187, 50.928715204917744 ], [ -2.609434409104157, 50.890880664888861 ], [ -2.62412952911864, 50.879259024879609 ], [ -2.660611649136056, 50.887104764885102 ], [ -2.743957759202838, 50.852089424856594 ], [ -2.744426429208805, 50.840770794847785 ], [ -2.687345259181322, 50.828597424839337 ], [ -2.700402679197841, 50.811087264825609 ], [ -2.647366199182418, 50.780329324802892 ], [ -2.64204662919679, 50.746012594776673 ], [ -2.660039359203188, 50.754000124782422 ], [ -2.678156049215261, 50.751021084779815 ], [ -2.691141639253896, 50.689927034732825 ], [ -2.907406729361864, 50.728557494758128 ], [ -3.008084789438734, 50.695369044730626 ], [ -3.070474459475257, 50.697688844731253 ], [ -3.092535179496985, 50.680764184717759 ], [ -3.25158760960026, 50.668376124705176 ], [ -3.294089289646395, 50.627434194672645 ], [ -3.352626489694274, 50.603349234652867 ], [ -3.412808629729256, 50.60831493465556 ], [ -3.501776979831954, 50.510389294578047 ], [ -3.503598719845317, 50.485008574558492 ], [ -3.47346446983848, 50.460329984540209 ], [ -3.547229969894584, 50.439243454522384 ], [ -3.542553989905945, 50.409605264499824 ], [ -3.474566649869724, 50.397254774492012 ], [ -3.512674689919755, 50.342710884449623 ], [ -3.629156650015421, 50.294416404410057 ], [ -3.649567840054369, 50.239960674368355 ], [ -3.636877420057434, 50.217265694351603 ], [ -3.71851270011794, 50.19718600433427 ], [ -3.7671668501393, 50.216227774347267 ], [ -3.784318410155571, 50.204739344338137 ], [ -3.815175430172432, 50.210136094341372 ], [ -3.873172390196117, 50.237616204360684 ], [ -3.864883700181001, 50.258434044376685 ], [ -3.952898440217486, 50.300459384406608 ], [ -4.043776200281381, 50.289126934395789 ], [ -4.113649620320726, 50.30218251440418 ], [ -4.150391060332187, 50.329421594424382 ], [ -4.222010390389299, 50.307414384405796 ], [ -4.236144750387027, 50.332799984425137 ], [ -4.303619080421389, 50.355534324441386 ], [ -4.406530190488533, 50.359016064442002 ], [ -4.437954240512402, 50.352834314436549 ], [ -4.443777760526044, 50.331086844419438 ] ] ], [ [ [ -4.680891390312709, 51.20504857512914 ], [ -4.64301603030459, 51.159605855090703 ], [ -4.670167560326663, 51.153352195085411 ], [ -4.680891390312709, 51.20504857512914 ] ] ] ] } },
{ "type": "Feature", "properties": { "GSPGroup": "_H", "regionid": 12, "shortname": "South England" }, "geometry": { "type": "Polygon", "coordinates": [ [ [ -2.384426549109047, 50.631382514695531 ], [ -2.439105729147208, 50.617062094683426 ], [ -2.404944929144362, 50.585813994660896 ], [ -2.405829199163848, 50.549554284633835 ], [ -2.456912529213677, 50.508907524602222 ], [ -2.455545639188077, 50.556418914637625 ], [ -2.478124529190605, 50.575929084651648 ], [ -2.698939069261871, 50.683173904727489 ], [ -2.674324599235159, 50.707517044746581 ], [ -2.678156049215261, 50.751021084779815 ], [ -2.64204662919679, 50.746012594776673 ], [ -2.647366199182418, 50.780329324802892 ], [ -2.700402679197841, 50.811087264825609 ], [ -2.687345259181322, 50.828597424839337 ], [ -2.744426429208805, 50.840770794847785 ], [ -2.743957759202838, 50.852089424856594 ], [ -2.660611649136056, 50.887104764885102 ], [ -2.62412952911864, 50.879259024879609 ], [ -2.609434409104157, 50.890880664888861 ], [ -2.642128059104187, 50.928715204917744 ], [ -2.665661479117386, 50.930019794918415 ], [ -2.668637009103341, 50.961418734942882 ], [ -2.716938819121978, 50.981365134957848 ], [ -2.698624019105648, 50.992236694966586 ], [ -2.716375569107605, 51.009443214979896 ], [ -2.694510159097353, 51.003926354975853 ], [ -2.653932569058044, 51.034310905000204 ], [ -2.603469899026931, 51.036844385002823 ], [ -2.57962801899679, 51.068801235028211 ], [ -2.598012489006895, 51.070281275029181 ], [ -2.598099188992824, 51.098406615051339 ], [ -2.579240518986513, 51.088780225043955 ], [ -2.500386778930829, 51.107251695059382 ], [ -2.510949708926823, 51.127465305075191 ], [ -2.409299138825419, 51.210348085141668 ], [ -2.423959748829523, 51.219183695148551 ], [ -2.369189688789682, 51.234730715161319 ], [ -2.416520388790974, 51.2869765552025 ], [ -2.341780758735974, 51.309260985220739 ], [ -2.358903908739281, 51.322517795231192 ], [ -2.290288738673907, 51.372620935271591 ], [ -2.278540878645189, 51.415882165306314 ], [ -2.304038668615667, 51.50421413537736 ], [ -2.252487198573957, 51.526993915395863 ], [ -2.275783958564396, 51.573324575433368 ], [ -2.245154928542335, 51.581388545439907 ], [ -2.222382968508554, 51.622075545472946 ], [ -2.251624048519182, 51.635237655483728 ], [ -2.186788498480641, 51.636094465484319 ], [ -2.17299167845772, 51.665650265508361 ], [ -2.080636258410024, 51.653516485498294 ], [ -2.057197868386943, 51.672321165513502 ], [ -1.988105578348762, 51.669119685510786 ], [ -1.999880818333922, 51.711672215545349 ], [ -2.053347828362579, 51.716111995549142 ], [ -2.055819978355094, 51.733792835563555 ], [ -1.998436978305621, 51.76593532558956 ], [ -2.026565868307363, 51.794797335613332 ], [ -2.0334520782813, 51.8546473556625 ], [ -2.001537218257391, 51.865220955670992 ], [ -2.018656388260668, 51.878572035682119 ], [ -1.994096388228072, 51.915019155711981 ], [ -1.937443238197622, 51.910067885707441 ], [ -1.925039868184904, 51.921061225716379 ], [ -1.927232138198584, 51.896424575696116 ], [ -1.882284678173694, 51.894389805694104 ], [ -1.850710898170933, 51.864116045669064 ], [ -1.810569738132119, 51.895383865694413 ], [ -1.76823228811213, 51.887356495687527 ], [ -1.730184678079164, 51.909724005705584 ], [ -1.645520248025052, 51.922350715715304 ], [ -1.610408707987624, 51.956956585743313 ], [ -1.522929757918447, 51.996724965775122 ], [ -1.495278637913765, 51.976190895758116 ], [ -1.437979647876145, 51.987971355767279 ], [ -1.409857947868759, 51.972598145754532 ], [ -1.358366527838443, 51.977017105757746 ], [ -1.359941997833688, 51.987755655766499 ], [ -1.296428157792145, 52.001502845777189 ], [ -1.282650697796359, 51.979348665759119 ], [ -1.230583797760269, 51.994945935771405 ], [ -1.197322097751845, 51.977347275756934 ], [ -1.119867897690625, 52.015592265787291 ], [ -1.06069325766327, 52.00863472578127 ], [ -1.095218417708793, 51.957072945740002 ], [ -1.078735647707473, 51.943412095728988 ], [ -1.054532647692445, 51.947955415732494 ], [ -1.093485207741602, 51.893943705689423 ], [ -1.058107127727736, 51.885540015682608 ], [ -1.059802887751377, 51.843173785648858 ], [ -1.140711147797923, 51.834694415642261 ], [ -1.109961637791257, 51.817282295628367 ], [ -1.122004947813747, 51.787049415604365 ], [ -1.031418527790658, 51.743458935569919 ], [ -1.027213807800899, 51.720633275551961 ], [ -0.982414347782085, 51.713407505546371 ], [ -0.950582387755055, 51.733481205562192 ], [ -0.910169557766055, 51.676307935517563 ], [ -0.877265797746988, 51.681164865521495 ], [ -0.833215947738462, 51.657051285502909 ], [ -0.803508117723999, 51.656764265502837 ], [ -0.773190637688205, 51.694555155532328 ], [ -0.742444897673335, 51.694246685532214 ], [ -0.731124157678163, 51.675611885517817 ], [ -0.622245907651775, 51.628934445482443 ], [ -0.557801077599486, 51.667487365512514 ], [ -0.521799057589793, 51.654517475502793 ], [ -0.539218547607288, 51.638045315490039 ], [ -0.519654027618981, 51.601080145461893 ], [ -0.496675277608052, 51.601405615462355 ], [ -0.496405077590732, 51.631765515485561 ], [ -0.45071884758191, 51.609799175469149 ], [ -0.436677867610802, 51.54768132542209 ], [ -0.395257447594743, 51.542538835418632 ], [ -0.347538907563198, 51.559643525432108 ], [ -0.307443037560329, 51.533096655412535 ], [ -0.246792907533109, 51.533185275413338 ], [ -0.255310637571845, 51.472856625368038 ], [ -0.291220597579783, 51.486784255377962 ], [ -0.317995797608123, 51.458506405356417 ], [ -0.374191997634411, 51.456798555354354 ], [ -0.382007697666149, 51.407895685317634 ], [ -0.420612037692965, 51.391670255304916 ], [ -0.489281957703746, 51.427451595330723 ], [ -0.511682267730523, 51.398691315308795 ], [ -0.539705827741156, 51.40269973531138 ], [ -0.592472587780248, 51.377102685291398 ], [ -0.547920267776536, 51.347516055269914 ], [ -0.639828687826674, 51.33440579525864 ], [ -0.699754277875813, 51.297424975229951 ], [ -0.666321087876952, 51.267963735208511 ], [ -0.631136337855023, 51.277678285216361 ], [ -0.658655567879947, 51.256471545200085 ], [ -0.574882297883053, 51.183841735147887 ], [ -0.592984017943963, 51.092793695080637 ], [ -0.53894769792518, 51.083054675074813 ], [ -0.535228387917216, 51.093865235082795 ], [ -0.393726027845593, 51.108591765096939 ], [ -0.40198261785763, 51.094277075086353 ], [ -0.365568567846437, 51.08612070508137 ], [ -0.366162517871116, 51.044669555051435 ], [ -0.408000807915049, 51.00114710501893 ], [ -0.425957007919916, 51.006236805022098 ], [ -0.443020527938106, 50.988067655008557 ], [ -0.506199647960881, 50.996827945013138 ], [ -0.533591258000865, 50.949378014978194 ], [ -0.56701021801957, 50.94286998497256 ], [ -0.534823908022362, 50.913679564952531 ], [ -0.555213238049725, 50.882491204929593 ], [ -0.474134008007241, 50.893943774940269 ], [ -0.509702098061232, 50.828921284892886 ], [ -0.576520198091363, 50.827740804889878 ], [ -0.537773298092172, 50.797394044869613 ], [ -0.72203421819159, 50.767766304842517 ], [ -0.788562618250771, 50.71799008480496 ], [ -0.901377498273381, 50.76824456483714 ], [ -1.022117048322501, 50.781215884842794 ], [ -1.142948758386711, 50.769728254830902 ], [ -1.294071818426527, 50.829794324870484 ], [ -1.328226748465051, 50.791181094841278 ], [ -1.310474118465568, 50.774615464829665 ], [ -1.198382338431226, 50.73841693480658 ], [ -1.154085158406569, 50.744206784812107 ], [ -1.103348588393163, 50.725090824799864 ], [ -1.061676478395804, 50.685929474773062 ], [ -1.152980308461354, 50.64712830474231 ], [ -1.175738548501196, 50.596410704705342 ], [ -1.295617708573539, 50.57051464468276 ], [ -1.486914438616091, 50.662321564742783 ], [ -1.587380048668378, 50.659407694737695 ], [ -1.553472378638114, 50.68300258475589 ], [ -1.564042328633232, 50.701491064769115 ], [ -1.682464708677411, 50.731458484787872 ], [ -1.721074508698597, 50.729314794785275 ], [ -1.74833817872446, 50.707925024768777 ], [ -1.828894228762314, 50.715849364772502 ], [ -1.907688718812482, 50.700122894758806 ], [ -1.936287018838894, 50.679348004742664 ], [ -1.942991718857553, 50.651375394721789 ], [ -1.917189658849727, 50.640537614714496 ], [ -1.946322198876219, 50.62009770469863 ], [ -1.945817138891143, 50.592017014677978 ], [ -2.049336358957009, 50.572076614660361 ], [ -2.196299309012359, 50.617325964689812 ], [ -2.384426549109047, 50.631382514695531 ] ] ] } },
{ "type": "Feature", "properties": { "GSPGroup": "_C", "regionid": 13, "shortname": "London" }, "geometry": { "type": "Polygon", "coordinates": [ [ [ -0.095384527531181, 51.422765325333337 ], [ -0.119730537544023, 51.418772035329965 ], [ -0.140839837571423, 51.3876407653066 ], [ -0.260967617628586, 51.379595115298557 ], [ -0.289620477628576, 51.401393195314284 ], [ -0.289429377614011, 51.426325475332817 ], [ -0.253084137587456, 51.444272375346742 ], [ -0.290647097602529, 51.447055325348238 ], [ -0.281302857580337, 51.478170055371677 ], [ -0.257366477573367, 51.471808055367248 ], [ -0.244188657557869, 51.48843699537985 ], [ -0.24344741753531, 51.526805885408592 ], [ -0.28939237755057, 51.535947285414892 ], [ -0.244251097509204, 51.57258930544301 ], [ -0.205787997502069, 51.555313715430465 ], [ -0.177051577480298, 51.570926815442533 ], [ -0.11986802745251, 51.575460105446638 ], [ -0.104759027452235, 51.564590865438674 ], [ -0.060058057426377, 51.57559760544747 ], [ -0.032032377395894, 51.607017495471304 ], [ 0.018439142635069, 51.622784335483722 ], [ 0.068055382688029, 51.676948275524886 ], [ 0.129251692681133, 51.62103233548374 ], [ 0.114009542665558, 51.60549916547199 ], [ 0.133961032660884, 51.583381225455774 ], [ 0.132806792621659, 51.517952425407344 ], [ 0.244919972640701, 51.47250205537587 ], [ 0.236637092622911, 51.448429085358114 ], [ 0.255392192624302, 51.438085275350922 ], [ 0.187423672593551, 51.432905915345842 ], [ 0.159839082567494, 51.408239395327335 ], [ 0.15366536258112, 51.435297855346988 ], [ 0.122809602566576, 51.432281425344215 ], [ 0.120010042554296, 51.413620035330482 ], [ 0.081893372538085, 51.412969475329305 ], [ 0.038782052492875, 51.367203085294982 ], [ 0.016804062500446, 51.395475965315256 ], [ -0.026867597526122, 51.381749175304357 ], [ -0.095384527531181, 51.422765325333337 ] ] ] } },
{ "type": "Feature", "properties": { "GSPGroup": "_J", "regionid": 14, "shortname": "South East England" }, "geometry": { "type": "Polygon", "coordinates": [ [ [ 0.244330882187383, 50.731418294853299 ], [ -0.231556467945001, 50.824293674898982 ], [ -0.537773298092172, 50.797394044869613 ], [ -0.572993478095986, 50.817235874882527 ], [ -0.574636648089801, 50.828976894890815 ], [ -0.501578738054354, 50.834537434897108 ], [ -0.474206968009629, 50.88995361493739 ], [ -0.481631118007418, 50.899213624943762 ], [ -0.491785788020106, 50.885261454933527 ], [ -0.499433038015094, 50.899464114943406 ], [ -0.555605028049752, 50.882741454929764 ], [ -0.534823908022362, 50.913679564952531 ], [ -0.563015608014299, 50.948829654976933 ], [ -0.533591258000865, 50.949378014978194 ], [ -0.506199647960881, 50.996827945013138 ], [ -0.443020527938106, 50.988067655008557 ], [ -0.425957007919916, 51.006236805022098 ], [ -0.408000807915049, 51.00114710501893 ], [ -0.366162517871116, 51.044669555051435 ], [ -0.365568567846437, 51.08612070508137 ], [ -0.40198261785763, 51.094277075086353 ], [ -0.393726027845593, 51.108591765096939 ], [ -0.535228387917216, 51.093865235082795 ], [ -0.53894769792518, 51.083054675074813 ], [ -0.592984017943963, 51.092793695080637 ], [ -0.574882297883053, 51.183841735147887 ], [ -0.658655567879947, 51.256471545200085 ], [ -0.631136337855023, 51.277678285216361 ], [ -0.666321087876952, 51.267963735208511 ], [ -0.699754277875813, 51.297424975229951 ], [ -0.639828687826674, 51.33440579525864 ], [ -0.547920267776536, 51.347516055269914 ], [ -0.592472587780248, 51.377102685291398 ], [ -0.539705827741156, 51.40269973531138 ], [ -0.511682267730523, 51.398691315308795 ], [ -0.489281957703746, 51.427451595330723 ], [ -0.420612037692965, 51.391670255304916 ], [ -0.382007697666149, 51.407895685317634 ], [ -0.387935607656895, 51.428572925333 ], [ -0.367254647639977, 51.441708025343139 ], [ -0.386661507644979, 51.448249345347762 ], [ -0.317226157607612, 51.458794665356635 ], [ -0.28805015757834, 51.486827955378033 ], [ -0.290647097602529, 51.447055325348238 ], [ -0.253084137587456, 51.444272375346742 ], [ -0.289429377614011, 51.426325475332817 ], [ -0.289620477628576, 51.401393195314284 ], [ -0.260967617628586, 51.379595115298557 ], [ -0.140839837571423, 51.3876407653066 ], [ -0.119730537544023, 51.418772035329965 ], [ -0.094636177530833, 51.422810215333364 ], [ -0.026867597526122, 51.381749175304357 ], [ 0.016804062500446, 51.395475965315256 ], [ 0.038782052492875, 51.367203085294982 ], [ 0.081893372538085, 51.412969475329305 ], [ 0.120010042554296, 51.413620035330482 ], [ 0.122809602566576, 51.432281425344215 ], [ 0.15366536258112, 51.435297855346988 ], [ 0.159839082567494, 51.408239395327335 ], [ 0.187423672593551, 51.432905915345842 ], [ 0.252825202622309, 51.436495215349737 ], [ 0.241968632638371, 51.470615315374417 ], [ 0.277452032644811, 51.457401005365433 ], [ 0.31321589266658, 51.469682275375064 ], [ 0.34837306266742, 51.447788125359779 ], [ 0.395226302685051, 51.446284835359627 ], [ 0.446925432712086, 51.457444685368742 ], [ 0.473366072741861, 51.489514135392497 ], [ 0.54451961277033, 51.491079575395034 ], [ 0.689837742817508, 51.478405655388919 ], [ 0.765143502825192, 51.445896175367338 ], [ 0.903578762859698, 51.421460685353345 ], [ 0.972989792839505, 51.350731485305495 ], [ 1.115244602910021, 51.385733735333929 ], [ 1.272085832959229, 51.382069575335933 ], [ 1.4222221930168, 51.397696455351223 ], [ 1.447479383018659, 51.388479165345686 ], [ 1.429198042969345, 51.321067375299016 ], [ 1.370132952949448, 51.318579545295371 ], [ 1.41479944290193, 51.224187455232823 ], [ 1.397988792850918, 51.153875955184901 ], [ 1.333395462800984, 51.107617855151375 ], [ 1.220142802756584, 51.093557265137463 ], [ 1.197113382735374, 51.072087065122155 ], [ 1.076048202687955, 51.058886245108511 ], [ 1.009564542645714, 51.027138015084482 ], [ 0.970869972597436, 50.971977005045815 ], [ 0.979647142559797, 50.909138645004134 ], [ 0.781607252506441, 50.929635195009595 ], [ 0.663133132425105, 50.866543914962165 ], [ 0.367763542284598, 50.812978454913761 ], [ 0.244330882187383, 50.731418294853299 ] ] ] } }
]
}
